ts,role,cores
1790900953.181,other_total,0.139
1790900953.181,avail_mb,57335
1790900953.181,pswpin,907510
1790900954.192,other_total,0.059
1790900954.192,avail_mb,57337
1790900954.192,pswpin,907510
1790900955.201,other_total,0.109
1790900955.201,avail_mb,57337
1790900955.201,pswpin,907510
1790900956.212,other_total,0.129
1790900956.212,avail_mb,57313
1790900956.212,pswpin,907510
1790900957.222,other_total,0.040
1790900957.222,avail_mb,57316
1790900957.222,pswpin,907510
1790900958.232,other_total,0.030
1790900958.232,avail_mb,57317
1790900958.232,pswpin,907510
1790900959.243,other_total,0.040
1790900959.243,avail_mb,57318
1790900959.243,pswpin,907510
1790900960.253,other_total,0.059
1790900960.253,avail_mb,57294
1790900960.253,pswpin,907510
1790900961.264,other_total,0.089
1790900961.264,avail_mb,57306
1790900961.264,pswpin,907510
1790900962.274,other_total,0.040
1790900962.274,avail_mb,57308
1790900962.274,pswpin,907510
1790900963.282,other_total,2.975
1790900963.282,avail_mb,56905
1790900963.282,pswpin,907510
1790900964.293,other_total,0.148
1790900964.293,store_0,0.109
1790900964.293,avail_mb,56871
1790900964.293,pswpin,907510
1790900965.303,other_total,3.861
1790900965.303,store_0,0.000
1790900965.303,avail_mb,56251
1790900965.303,pswpin,907510
1790900966.312,api,3.707
1790900966.312,other_total,0.089
1790900966.312,store_0,0.000
1790900966.312,avail_mb,56056
1790900966.312,pswpin,907510
1790900967.321,api,1.982
1790900967.321,other_total,0.069
1790900967.321,store_0,0.000
1790900967.321,avail_mb,55798
1790900967.321,pswpin,907510
1790900968.329,api,1.259
1790900968.329,other_total,0.069
1790900968.329,store_0,0.000
1790900968.329,avail_mb,55687
1790900968.329,pswpin,907510
1790900969.354,api,0.888
1790900969.354,other_total,1.102
1790900969.354,store_0,0.000
1790900969.354,avail_mb,55267
1790900969.354,pswpin,907510
1790900970.363,api,0.000
1790900970.363,other_total,4.848
1790900970.363,store_0,0.000
1790900970.363,avail_mb,54757
1790900970.363,pswpin,907510
1790900971.372,api,0.000
1790900971.372,other_total,5.719
1790900971.372,store_0,0.000
1790900971.372,avail_mb,54569
1790900971.372,pswpin,907510
1790900972.381,api,0.000
1790900972.381,other_total,2.032
1790900972.381,store_0,0.000
1790900972.381,avail_mb,54384
1790900972.381,pswpin,907510
1790900973.390,api,0.000
1790900973.390,other_total,2.369
1790900973.390,store_0,0.000
1790900973.390,avail_mb,53882
1790900973.390,pswpin,907510
1790900974.401,api,0.000
1790900974.401,enginecore,1.276
1790900974.401,other_total,1.909
1790900974.401,store_0,0.000
1790900974.401,avail_mb,53650
1790900974.401,pswpin,907510
1790900975.410,api,0.000
1790900975.410,enginecore,2.031
1790900975.410,other_total,0.089
1790900975.410,store_0,0.000
1790900975.410,avail_mb,53459
1790900975.410,pswpin,907510
1790900976.419,api,0.000
1790900976.419,enginecore,1.874
1790900976.419,other_total,0.159
1790900976.419,store_0,0.000
1790900976.419,avail_mb,53171
1790900976.419,pswpin,907510
1790900977.428,api,0.000
1790900977.428,enginecore,1.011
1790900977.428,other_total,1.011
1790900977.428,store_0,0.000
1790900977.428,avail_mb,53124
1790900977.428,pswpin,907510
1790900978.437,api,0.000
1790900978.437,enginecore,1.150
1790900978.437,other_total,0.040
1790900978.437,store_0,0.000
1790900978.437,avail_mb,53136
1790900978.437,pswpin,907510
1790900979.446,api,0.000
1790900979.446,enginecore,2.309
1790900979.446,other_total,0.040
1790900979.446,store_0,0.000
1790900979.446,avail_mb,51993
1790900979.446,pswpin,907510
1790900980.455,api,0.119
1790900980.455,enginecore,1.050
1790900980.455,other_total,0.050
1790900980.455,store_0,0.000
1790900980.455,avail_mb,51397
1790900980.455,pswpin,907510
1790900981.464,api,0.278
1790900981.464,enginecore,0.069
1790900981.464,other_total,0.971
1790900981.464,store_0,0.000
1790900981.464,avail_mb,51355
1790900981.464,pswpin,907510
1790900982.475,api,0.000
1790900982.475,enginecore,0.010
1790900982.475,other_total,0.139
1790900982.475,store_0,0.000
1790900982.475,avail_mb,51347
1790900982.475,pswpin,907510
1790900983.483,api,0.000
1790900983.483,enginecore,1.557
1790900983.483,other_total,0.030
1790900983.483,store_0,0.000
1790900983.483,avail_mb,50180
1790900983.483,pswpin,907510
1790900984.492,api,0.000
1790900984.492,enginecore,0.734
1790900984.492,other_total,0.040
1790900984.492,store_0,0.000
1790900984.492,avail_mb,49929
1790900984.492,pswpin,907510
1790900985.503,api,0.049
1790900985.503,enginecore,0.267
1790900985.503,other_total,0.020
1790900985.503,store_0,0.000
1790900985.503,avail_mb,49929
1790900985.503,pswpin,907510
1790900986.514,api,0.425
1790900986.514,enginecore,0.040
1790900986.514,other_total,0.049
1790900986.514,store_0,0.000
1790900986.514,avail_mb,49873
1790900986.514,pswpin,907510
1790900987.522,api,0.010
1790900987.522,enginecore,1.011
1790900987.522,other_total,0.010
1790900987.522,store_0,0.159
1790900987.522,avail_mb,49209
1790900987.522,pswpin,907510
1790900988.531,api,0.000
1790900988.531,enginecore,0.991
1790900988.531,other_total,0.050
1790900988.531,store_0,0.139
1790900988.531,avail_mb,48563
1790900988.531,pswpin,907510
1790900989.539,api,0.000
1790900989.539,enginecore,1.973
1790900989.539,other_total,0.119
1790900989.539,store_0,0.188
1790900989.539,avail_mb,49048
1790900989.539,pswpin,907510
1790900990.550,api,0.000
1790900990.550,enginecore,0.010
1790900990.550,other_total,0.148
1790900990.550,store_0,0.000
1790900990.550,avail_mb,51203
1790900990.550,pswpin,907510
1790900991.559,api,0.000
1790900991.559,enginecore,0.010
1790900991.559,other_total,2.687
1790900991.559,store_0,0.000
1790900991.559,avail_mb,50913
1790900991.559,pswpin,907510
1790900992.569,api,0.010
1790900992.569,enginecore,0.010
1790900992.569,other_total,0.040
1790900992.569,store_0,0.000
1790900992.569,store_1,0.000
1790900992.569,avail_mb,50914
1790900992.569,pswpin,907510
1790900993.614,api,0.000
1790900993.614,enginecore,0.010
1790900993.614,other_total,3.810
1790900993.614,store_0,0.000
1790900993.614,store_1,0.000
1790900993.614,avail_mb,50216
1790900993.614,pswpin,907510
1790900994.626,api,3.745
1790900994.626,enginecore,0.000
1790900994.626,other_total,0.079
1790900994.626,store_0,0.000
1790900994.626,store_1,0.000
1790900994.626,avail_mb,50013
1790900994.626,pswpin,907510
1790900995.635,api,1.991
1790900995.635,enginecore,0.000
1790900995.635,other_total,0.059
1790900995.635,store_0,0.000
1790900995.635,store_1,0.000
1790900995.635,avail_mb,49820
1790900995.635,pswpin,907510
1790900996.644,api,1.249
1790900996.644,enginecore,0.010
1790900996.644,other_total,0.030
1790900996.644,store_0,0.000
1790900996.644,store_1,0.000
1790900996.644,avail_mb,49726
1790900996.644,pswpin,907510
1790900997.653,api,0.535
1790900997.653,enginecore,0.000
1790900997.653,other_total,4.698
1790900997.653,store_0,0.000
1790900997.653,store_1,0.000
1790900997.653,avail_mb,49048
1790900997.653,pswpin,907510
1790900998.663,api,0.000
1790900998.663,enginecore,0.010
1790900998.663,other_total,2.129
1790900998.663,store_0,0.000
1790900998.663,store_1,0.000
1790900998.663,avail_mb,48770
1790900998.663,pswpin,907510
1790900999.673,api,0.000
1790900999.673,enginecore,0.000
1790900999.673,other_total,5.585
1790900999.673,store_0,0.000
1790900999.673,store_1,0.000
1790900999.673,avail_mb,48561
1790900999.673,pswpin,907510
1790901000.682,api,0.000
1790901000.682,enginecore,0.010
1790901000.682,other_total,2.012
1790901000.682,store_0,0.000
1790901000.682,store_1,0.000
1790901000.682,avail_mb,48364
1790901000.682,pswpin,907510
1790901001.691,api,0.000
1790901001.691,enginecore,2.022
1790901001.691,other_total,0.783
1790901001.691,store_0,0.000
1790901001.691,store_1,0.000
1790901001.691,avail_mb,47634
1790901001.691,pswpin,907510
1790901002.701,api,0.000
1790901002.701,enginecore,0.980
1790901002.701,other_total,1.405
1790901002.701,store_0,0.000
1790901002.701,store_1,0.000
1790901002.701,avail_mb,47622
1790901002.701,pswpin,907510
1790901003.711,api,0.000
1790901003.711,enginecore,1.991
1790901003.711,other_total,0.040
1790901003.711,store_0,0.000
1790901003.711,store_1,0.000
1790901003.711,avail_mb,47361
1790901003.711,pswpin,907510
1790901004.720,api,0.000
1790901004.720,enginecore,1.576
1790901004.720,other_total,0.436
1790901004.720,store_0,0.000
1790901004.720,store_1,0.000
1790901004.720,avail_mb,47101
1790901004.720,pswpin,907510
1790901005.729,api,0.000
1790901005.729,enginecore,0.991
1790901005.729,other_total,0.694
1790901005.729,store_0,0.000
1790901005.729,store_1,0.000
1790901005.729,avail_mb,47055
1790901005.729,pswpin,907510
1790901006.738,api,0.000
1790901006.738,enginecore,1.021
1790901006.738,other_total,0.010
1790901006.738,store_0,0.000
1790901006.738,store_1,0.000
1790901006.738,avail_mb,47079
1790901006.738,pswpin,907510
1790901007.748,api,0.000
1790901007.748,enginecore,2.238
1790901007.748,other_total,0.050
1790901007.748,store_0,0.000
1790901007.748,store_1,0.000
1790901007.748,avail_mb,45985
1790901007.748,pswpin,907510
1790901008.757,api,0.050
1790901008.757,enginecore,1.298
1790901008.757,other_total,0.020
1790901008.757,store_0,0.000
1790901008.757,store_1,0.000
1790901008.757,avail_mb,45379
1790901008.757,pswpin,907510
1790901009.766,api,0.357
1790901009.766,enginecore,0.109
1790901009.766,other_total,0.912
1790901009.766,store_0,0.000
1790901009.766,store_1,0.000
1790901009.766,avail_mb,45322
1790901009.766,pswpin,907510
1790901010.775,api,0.000
1790901010.775,enginecore,1.367
1790901010.775,other_total,0.218
1790901010.775,store_0,0.000
1790901010.775,store_1,0.000
1790901010.775,avail_mb,44225
1790901010.775,pswpin,907510
1790901011.784,api,0.000
1790901011.784,enginecore,0.773
1790901011.784,other_total,0.000
1790901011.784,store_0,0.000
1790901011.784,store_1,0.000
1790901011.784,avail_mb,43969
1790901011.784,pswpin,907510
1790901012.795,api,0.049
1790901012.795,enginecore,0.356
1790901012.795,other_total,0.030
1790901012.795,store_0,0.000
1790901012.795,store_1,0.000
1790901012.795,avail_mb,43952
1790901012.795,pswpin,907510
1790901013.806,api,0.386
1790901013.806,enginecore,0.020
1790901013.806,other_total,0.049
1790901013.806,store_0,0.000
1790901013.806,store_1,0.000
1790901013.806,avail_mb,43897
1790901013.806,pswpin,907510
1790901014.817,api,0.049
1790901014.817,enginecore,0.119
1790901014.817,other_total,0.010
1790901014.817,store_0,0.000
1790901014.817,store_1,0.000
1790901014.817,avail_mb,43851
1790901014.817,pswpin,907510
1790901015.826,api,0.010
1790901015.826,enginecore,0.971
1790901015.826,other_total,0.010
1790901015.826,store_0,0.000
1790901015.826,store_1,0.139
1790901015.826,avail_mb,43180
1790901015.826,pswpin,907510
1790901016.835,api,0.010
1790901016.835,enginecore,0.942
1790901016.835,other_total,0.050
1790901016.835,store_0,0.000
1790901016.835,store_1,0.139
1790901016.835,avail_mb,42524
1790901016.835,pswpin,907510
1790901017.848,api,0.010
1790901017.848,enginecore,1.776
1790901017.848,other_total,0.010
1790901017.848,store_0,0.000
1790901017.848,store_1,0.187
1790901017.848,avail_mb,41891
1790901017.848,pswpin,907510
1790901018.859,api,0.010
1790901018.859,enginecore,0.257
1790901018.859,other_total,0.129
1790901018.859,store_0,0.000
1790901018.859,store_1,0.000
1790901018.859,avail_mb,45199
1790901018.859,pswpin,907510
1790901019.870,api,0.010
1790901019.870,enginecore,0.000
1790901019.870,other_total,2.433
1790901019.870,store_0,0.000
1790901019.870,store_1,0.000
1790901019.870,avail_mb,45109
1790901019.870,pswpin,907510
1790901020.881,api,0.000
1790901020.881,client,0.000
1790901020.881,enginecore,0.020
1790901020.881,other_total,0.059
1790901020.881,store_0,0.000
1790901020.881,store_1,0.000
1790901020.881,avail_mb,45106
1790901020.881,pswpin,907510
1790901021.892,api,0.010
1790901021.892,client,0.000
1790901021.892,enginecore,0.040
1790901021.892,other_total,0.040
1790901021.892,store_0,0.000
1790901021.892,store_1,0.000
1790901021.892,avail_mb,45106
1790901021.892,pswpin,907510
1790901022.903,api,0.010
1790901022.903,client,0.000
1790901022.903,enginecore,0.168
1790901022.903,other_total,0.119
1790901022.903,store_0,0.000
1790901022.903,store_1,0.000
1790901022.903,avail_mb,45094
1790901022.903,pswpin,907510
1790901023.914,api,0.000
1790901023.914,client,0.000
1790901023.914,enginecore,1.167
1790901023.914,other_total,0.059
1790901023.914,store_0,0.000
1790901023.914,store_1,0.030
1790901023.914,avail_mb,45148
1790901023.914,pswpin,907510
1790901024.924,api,0.010
1790901024.924,client,0.000
1790901024.924,enginecore,0.168
1790901024.924,other_total,0.059
1790901024.924,store_0,0.000
1790901024.924,store_1,0.000
1790901024.924,avail_mb,45147
1790901024.924,pswpin,907510
1790901025.935,api,0.000
1790901025.935,client,0.000
1790901025.935,enginecore,0.040
1790901025.935,other_total,0.040
1790901025.935,store_0,0.000
1790901025.935,store_1,0.000
1790901025.935,avail_mb,45145
1790901025.935,pswpin,907510
1790901026.946,api,0.000
1790901026.946,enginecore,1.226
1790901026.946,other_total,0.079
1790901026.946,store_0,0.040
1790901026.946,store_1,0.000
1790901026.946,avail_mb,45202
1790901026.946,pswpin,907510
1790901027.957,api,0.010
1790901027.957,enginecore,0.030
1790901027.957,other_total,0.030
1790901027.957,store_0,0.000
1790901027.957,store_1,0.000
1790901027.957,avail_mb,45206
1790901027.957,pswpin,907510
1790901028.968,api,0.010
1790901028.968,enginecore,0.020
1790901028.968,other_total,0.059
1790901028.968,store_0,0.000
1790901028.968,store_1,0.000
1790901028.968,avail_mb,45207
1790901028.968,pswpin,907510
1790901029.979,api,0.000
1790901029.979,enginecore,0.030
1790901029.979,other_total,2.315
1790901029.979,store_0,0.000
1790901029.979,store_1,0.000
1790901029.979,avail_mb,45122
1790901029.979,pswpin,907510
1790901030.990,api,0.010
1790901030.990,client,0.000
1790901030.990,enginecore,0.030
1790901030.990,other_total,0.040
1790901030.990,store_0,0.000
1790901030.990,store_1,0.000
1790901030.990,avail_mb,45121
1790901030.990,pswpin,907510
1790901032.001,api,0.010
1790901032.001,client,0.000
1790901032.001,enginecore,0.020
1790901032.001,other_total,0.069
1790901032.001,store_0,0.000
1790901032.001,store_1,0.000
1790901032.001,avail_mb,45121
1790901032.001,pswpin,907510
1790901033.010,api,0.040
1790901033.010,client,0.000
1790901033.010,enginecore,1.853
1790901033.010,other_total,0.040
1790901033.010,store_0,0.000
1790901033.010,store_1,0.000
1790901033.010,avail_mb,45123
1790901033.010,pswpin,907510
1790901034.019,api,0.059
1790901034.019,client,0.020
1790901034.019,enginecore,2.101
1790901034.019,other_total,0.000
1790901034.019,store_0,0.000
1790901034.019,store_1,0.000
1790901034.019,avail_mb,45122
1790901034.019,pswpin,907510
1790901035.028,api,0.040
1790901035.028,client,0.020
1790901035.028,enginecore,1.981
1790901035.028,other_total,0.040
1790901035.028,store_0,0.000
1790901035.028,store_1,0.000
1790901035.028,avail_mb,45120
1790901035.028,pswpin,907510
1790901036.037,api,0.030
1790901036.037,client,0.000
1790901036.037,enginecore,1.853
1790901036.037,other_total,0.040
1790901036.037,store_0,0.000
1790901036.037,store_1,0.000
1790901036.037,avail_mb,45125
1790901036.037,pswpin,907510
1790901037.046,api,0.040
1790901037.046,client,0.010
1790901037.046,enginecore,1.675
1790901037.046,other_total,0.010
1790901037.046,store_0,0.000
1790901037.046,store_1,0.000
1790901037.046,avail_mb,45132
1790901037.046,pswpin,907510
1790901038.055,api,0.050
1790901038.055,client,0.020
1790901038.055,enginecore,2.756
1790901038.055,other_total,0.040
1790901038.055,store_0,0.000
1790901038.055,store_1,0.000
1790901038.055,avail_mb,45138
1790901038.055,pswpin,907510
1790901039.064,api,0.059
1790901039.064,client,0.010
1790901039.064,enginecore,2.340
1790901039.064,other_total,0.000
1790901039.064,store_0,0.000
1790901039.064,store_1,0.000
1790901039.064,avail_mb,45145
1790901039.064,pswpin,907510
1790901040.073,api,0.059
1790901040.073,client,0.020
1790901040.073,enginecore,2.646
1790901040.073,other_total,0.000
1790901040.073,store_0,0.000
1790901040.073,store_1,0.000
1790901040.073,avail_mb,45151
1790901040.073,pswpin,907510
1790901041.081,api,0.050
1790901041.081,client,0.000
1790901041.081,enginecore,2.359
1790901041.081,other_total,0.030
1790901041.081,store_0,0.000
1790901041.081,store_1,0.000
1790901041.081,avail_mb,45158
1790901041.081,pswpin,907510
1790901042.090,api,0.059
1790901042.090,client,0.030
1790901042.090,enginecore,3.043
1790901042.090,other_total,0.020
1790901042.090,store_0,0.000
1790901042.090,store_1,0.000
1790901042.090,avail_mb,45163
1790901042.090,pswpin,907510
1790901043.099,api,0.040
1790901043.099,client,0.010
1790901043.099,enginecore,2.339
1790901043.099,other_total,0.030
1790901043.099,store_0,0.000
1790901043.099,store_1,0.000
1790901043.099,avail_mb,45165
1790901043.099,pswpin,907510
1790901044.108,api,0.030
1790901044.108,client,0.010
1790901044.108,enginecore,1.883
1790901044.108,other_total,0.040
1790901044.108,store_0,0.000
1790901044.108,store_1,0.000
1790901044.108,avail_mb,45165
1790901044.108,pswpin,907510
1790901045.117,api,0.050
1790901045.117,client,0.010
1790901045.117,enginecore,1.596
1790901045.117,other_total,0.000
1790901045.117,store_0,0.000
1790901045.117,store_1,0.000
1790901045.117,avail_mb,45170
1790901045.117,pswpin,907510
1790901046.126,api,0.040
1790901046.126,client,0.010
1790901046.126,enginecore,1.596
1790901046.126,other_total,0.000
1790901046.126,store_0,0.000
1790901046.126,store_1,0.000
1790901046.126,avail_mb,45171
1790901046.126,pswpin,907510
1790901047.134,api,0.040
1790901047.134,client,0.010
1790901047.134,enginecore,2.766
1790901047.134,other_total,0.020
1790901047.134,store_0,0.000
1790901047.134,store_1,0.000
1790901047.134,avail_mb,45172
1790901047.134,pswpin,907510
1790901048.143,api,0.050
1790901048.143,client,0.010
1790901048.143,enginecore,2.736
1790901048.143,other_total,0.000
1790901048.143,store_0,0.000
1790901048.143,store_1,0.000
1790901048.143,avail_mb,45172
1790901048.143,pswpin,907510
1790901049.152,api,0.040
1790901049.152,client,0.030
1790901049.152,enginecore,2.369
1790901049.152,other_total,0.000
1790901049.152,store_0,0.000
1790901049.152,store_1,0.000
1790901049.152,avail_mb,45173
1790901049.152,pswpin,907510
1790901050.161,api,0.069
1790901050.161,client,0.000
1790901050.161,enginecore,2.588
1790901050.161,other_total,0.020
1790901050.161,store_0,0.000
1790901050.161,store_1,0.000
1790901050.161,avail_mb,45173
1790901050.161,pswpin,907510
1790901051.170,api,0.040
1790901051.170,client,0.030
1790901051.170,enginecore,2.558
1790901051.170,other_total,0.000
1790901051.170,store_0,0.000
1790901051.170,store_1,0.000
1790901051.170,avail_mb,45174
1790901051.170,pswpin,907510
1790901052.178,api,0.059
1790901052.178,client,0.020
1790901052.178,enginecore,3.261
1790901052.178,other_total,0.020
1790901052.178,store_0,0.000
1790901052.178,store_1,0.000
1790901052.178,avail_mb,45173
1790901052.178,pswpin,907510
1790901053.188,api,0.059
1790901053.188,client,0.010
1790901053.188,enginecore,2.576
1790901053.188,other_total,0.000
1790901053.188,store_0,0.000
1790901053.188,store_1,0.000
1790901053.188,avail_mb,45173
1790901053.188,pswpin,907510
1790901054.197,api,0.050
1790901054.197,client,0.010
1790901054.197,enginecore,2.061
1790901054.197,other_total,0.010
1790901054.197,store_0,0.000
1790901054.197,store_1,0.000
1790901054.197,avail_mb,45173
1790901054.197,pswpin,907510
1790901055.207,api,0.040
1790901055.207,client,0.010
1790901055.207,enginecore,2.367
1790901055.207,other_total,0.010
1790901055.207,store_0,0.000
1790901055.207,store_1,0.000
1790901055.207,avail_mb,45173
1790901055.207,pswpin,907510
1790901056.216,api,0.040
1790901056.216,client,0.010
1790901056.216,enginecore,0.922
1790901056.216,other_total,0.020
1790901056.216,store_0,0.000
1790901056.216,store_1,0.000
1790901056.216,avail_mb,45175
1790901056.216,pswpin,907510
1790901057.225,api,0.030
1790901057.225,client,0.020
1790901057.225,enginecore,1.497
1790901057.225,other_total,0.020
1790901057.225,store_0,0.000
1790901057.225,store_1,0.000
1790901057.225,avail_mb,45175
1790901057.225,pswpin,907510
1790901058.234,api,0.040
1790901058.234,client,0.000
1790901058.234,enginecore,2.448
1790901058.234,other_total,0.030
1790901058.234,store_0,0.000
1790901058.234,store_1,0.000
1790901058.234,avail_mb,45175
1790901058.234,pswpin,907510
1790901059.242,api,0.050
1790901059.242,client,0.010
1790901059.242,enginecore,2.607
1790901059.242,other_total,0.020
1790901059.242,store_0,0.000
1790901059.242,store_1,0.000
1790901059.242,avail_mb,45176
1790901059.242,pswpin,907510
1790901060.251,api,0.050
1790901060.251,client,0.020
1790901060.251,enginecore,2.508
1790901060.251,other_total,0.020
1790901060.251,store_0,0.000
1790901060.251,store_1,0.000
1790901060.251,avail_mb,45175
1790901060.251,pswpin,907510
1790901061.262,api,0.049
1790901061.262,client,0.010
1790901061.262,enginecore,2.592
1790901061.262,other_total,0.049
1790901061.262,store_0,0.000
1790901061.262,store_1,0.000
1790901061.262,avail_mb,45175
1790901061.262,pswpin,907510
1790901062.271,api,0.030
1790901062.271,client,0.020
1790901062.271,enginecore,2.378
1790901062.271,other_total,0.010
1790901062.271,store_0,0.000
1790901062.271,store_1,0.000
1790901062.271,avail_mb,45176
1790901062.271,pswpin,907510
1790901063.280,api,0.040
1790901063.280,client,0.010
1790901063.280,enginecore,1.923
1790901063.280,other_total,0.040
1790901063.280,store_0,0.000
1790901063.280,store_1,0.000
1790901063.280,avail_mb,45176
1790901063.280,pswpin,907510
1790901064.289,api,0.059
1790901064.289,client,0.000
1790901064.289,enginecore,2.537
1790901064.289,other_total,0.020
1790901064.289,store_0,0.000
1790901064.289,store_1,0.000
1790901064.289,avail_mb,45176
1790901064.289,pswpin,907510
1790901065.298,api,0.059
1790901065.298,client,0.020
1790901065.298,enginecore,2.596
1790901065.298,other_total,0.000
1790901065.298,store_0,0.000
1790901065.298,store_1,0.000
1790901065.298,avail_mb,45177
1790901065.298,pswpin,907510
1790901066.308,api,0.059
1790901066.308,client,0.010
1790901066.308,enginecore,2.634
1790901066.308,other_total,0.010
1790901066.308,store_0,0.000
1790901066.308,store_1,0.000
1790901066.308,avail_mb,45176
1790901066.308,pswpin,907510
1790901067.317,api,0.059
1790901067.317,client,0.020
1790901067.317,enginecore,2.359
1790901067.317,other_total,0.020
1790901067.317,store_0,0.000
1790901067.317,store_1,0.000
1790901067.317,avail_mb,45175
1790901067.317,pswpin,907510
1790901068.326,api,0.050
1790901068.326,client,0.010
1790901068.326,enginecore,2.517
1790901068.326,other_total,0.079
1790901068.326,store_0,0.000
1790901068.326,store_1,0.000
1790901068.326,avail_mb,45181
1790901068.326,pswpin,907510
1790901069.335,api,0.040
1790901069.335,client,0.000
1790901069.335,enginecore,2.081
1790901069.335,other_total,0.030
1790901069.335,store_0,0.000
1790901069.335,store_1,0.000
1790901069.335,avail_mb,45180
1790901069.335,pswpin,907510
1790901070.344,api,0.040
1790901070.344,client,0.010
1790901070.344,enginecore,1.922
1790901070.344,other_total,0.040
1790901070.344,store_0,0.000
1790901070.344,store_1,0.000
1790901070.344,avail_mb,45177
1790901070.344,pswpin,907510
1790901071.352,api,0.059
1790901071.352,client,0.010
1790901071.352,enginecore,2.548
1790901071.352,other_total,0.069
1790901071.352,store_0,0.000
1790901071.352,store_1,0.000
1790901071.352,avail_mb,45179
1790901071.352,pswpin,907510
1790901072.361,api,0.040
1790901072.361,client,0.010
1790901072.361,enginecore,2.211
1790901072.361,other_total,0.020
1790901072.361,store_0,0.000
1790901072.361,store_1,0.000
1790901072.361,avail_mb,45178
1790901072.361,pswpin,907510
1790901073.370,api,0.050
1790901073.370,client,0.010
1790901073.370,enginecore,2.696
1790901073.370,other_total,0.010
1790901073.370,store_0,0.000
1790901073.370,store_1,0.000
1790901073.370,avail_mb,45177
1790901073.370,pswpin,907510
1790901074.379,api,0.050
1790901074.379,client,0.030
1790901074.379,enginecore,2.061
1790901074.379,other_total,0.000
1790901074.379,store_0,0.000
1790901074.379,store_1,0.000
1790901074.379,avail_mb,45176
1790901074.379,pswpin,907510
1790901075.389,api,0.050
1790901075.389,client,0.010
1790901075.389,enginecore,2.299
1790901075.389,other_total,0.000
1790901075.389,store_0,0.000
1790901075.389,store_1,0.000
1790901075.389,avail_mb,45176
1790901075.389,pswpin,907510
1790901076.397,api,0.059
1790901076.397,client,0.010
1790901076.397,enginecore,2.746
1790901076.397,other_total,0.040
1790901076.397,store_0,0.000
1790901076.397,store_1,0.000
1790901076.397,avail_mb,45176
1790901076.397,pswpin,907510
1790901077.406,api,0.079
1790901077.406,client,0.020
1790901077.406,enginecore,3.083
1790901077.406,other_total,0.000
1790901077.406,store_0,0.000
1790901077.406,store_1,0.000
1790901077.406,avail_mb,45177
1790901077.406,pswpin,907510
1790901078.416,api,0.059
1790901078.416,client,0.020
1790901078.416,enginecore,2.605
1790901078.416,other_total,0.000
1790901078.416,store_0,0.000
1790901078.416,store_1,0.000
1790901078.416,avail_mb,45177
1790901078.416,pswpin,907510
1790901079.426,api,0.030
1790901079.426,client,0.010
1790901079.426,enginecore,2.486
1790901079.426,other_total,0.040
1790901079.426,store_0,0.000
1790901079.426,store_1,0.000
1790901079.426,avail_mb,45177
1790901079.426,pswpin,907510
1790901080.434,api,0.050
1790901080.434,client,0.020
1790901080.434,enginecore,2.577
1790901080.434,other_total,0.040
1790901080.434,store_0,0.000
1790901080.434,store_1,0.000
1790901080.434,avail_mb,45173
1790901080.434,pswpin,907510
1790901081.445,api,0.059
1790901081.445,client,0.010
1790901081.445,enginecore,2.495
1790901081.445,other_total,0.000
1790901081.445,store_0,0.000
1790901081.445,store_1,0.000
1790901081.445,avail_mb,45173
1790901081.445,pswpin,907510
1790901082.454,api,0.030
1790901082.454,client,0.010
1790901082.454,enginecore,2.547
1790901082.454,other_total,0.000
1790901082.454,store_0,0.000
1790901082.454,store_1,0.000
1790901082.454,avail_mb,45172
1790901082.454,pswpin,907510
1790901083.462,api,0.059
1790901083.462,client,0.010
1790901083.462,enginecore,2.161
1790901083.462,other_total,0.010
1790901083.462,store_0,0.000
1790901083.462,store_1,0.000
1790901083.462,avail_mb,45172
1790901083.462,pswpin,907510
1790901084.471,api,0.050
1790901084.471,client,0.010
1790901084.471,enginecore,2.715
1790901084.471,other_total,0.000
1790901084.471,store_0,0.000
1790901084.471,store_1,0.000
1790901084.471,avail_mb,45172
1790901084.471,pswpin,907510
1790901085.481,api,0.040
1790901085.481,client,0.030
1790901085.481,enginecore,2.705
1790901085.481,other_total,0.000
1790901085.481,store_0,0.000
1790901085.481,store_1,0.000
1790901085.481,avail_mb,45172
1790901085.481,pswpin,907510
1790901086.490,api,0.050
1790901086.490,client,0.020
1790901086.490,enginecore,2.616
1790901086.490,other_total,0.050
1790901086.490,store_0,0.000
1790901086.490,store_1,0.000
1790901086.490,avail_mb,45174
1790901086.490,pswpin,907510
1790901087.499,api,0.040
1790901087.499,client,0.000
1790901087.499,enginecore,2.170
1790901087.499,other_total,0.109
1790901087.499,store_0,0.000
1790901087.499,store_1,0.000
1790901087.499,avail_mb,45176
1790901087.499,pswpin,907510
1790901088.508,api,0.050
1790901088.508,client,0.020
1790901088.508,enginecore,2.418
1790901088.508,other_total,0.010
1790901088.508,store_0,0.000
1790901088.508,store_1,0.000
1790901088.508,avail_mb,45175
1790901088.508,pswpin,907510
1790901089.517,api,0.059
1790901089.517,client,0.000
1790901089.517,enginecore,2.438
1790901089.517,other_total,0.030
1790901089.517,store_0,0.000
1790901089.517,store_1,0.000
1790901089.517,avail_mb,45176
1790901089.517,pswpin,907510
1790901090.526,api,0.030
1790901090.526,client,0.030
1790901090.526,enginecore,2.616
1790901090.526,other_total,0.000
1790901090.526,store_0,0.000
1790901090.526,store_1,0.000
1790901090.526,avail_mb,45176
1790901090.526,pswpin,907510
1790901091.535,api,0.030
1790901091.535,client,0.010
1790901091.535,enginecore,2.538
1790901091.535,other_total,0.030
1790901091.535,store_0,0.000
1790901091.535,store_1,0.000
1790901091.535,avail_mb,45176
1790901091.535,pswpin,907510
1790901092.544,api,0.050
1790901092.544,client,0.020
1790901092.544,enginecore,2.607
1790901092.544,other_total,0.040
1790901092.544,store_0,0.000
1790901092.544,store_1,0.000
1790901092.544,avail_mb,45176
1790901092.544,pswpin,907510
1790901093.553,api,0.050
1790901093.553,client,0.000
1790901093.553,enginecore,2.329
1790901093.553,other_total,0.010
1790901093.553,store_0,0.000
1790901093.553,store_1,0.000
1790901093.553,avail_mb,45176
1790901093.553,pswpin,907510
1790901094.562,api,0.020
1790901094.562,client,0.020
1790901094.562,enginecore,2.239
1790901094.562,other_total,0.040
1790901094.562,store_0,0.000
1790901094.562,store_1,0.000
1790901094.562,avail_mb,45176
1790901094.562,pswpin,907510
1790901095.572,api,0.030
1790901095.572,client,0.000
1790901095.572,enginecore,1.803
1790901095.572,other_total,0.050
1790901095.572,store_0,0.000
1790901095.572,store_1,0.000
1790901095.572,avail_mb,45175
1790901095.572,pswpin,907510
1790901096.580,api,0.059
1790901096.580,client,0.010
1790901096.580,enginecore,1.893
1790901096.580,other_total,0.000
1790901096.580,store_0,0.000
1790901096.580,store_1,0.000
1790901096.580,avail_mb,45173
1790901096.580,pswpin,907510
1790901097.590,api,0.040
1790901097.590,client,0.010
1790901097.590,enginecore,2.396
1790901097.590,other_total,0.010
1790901097.590,store_0,0.000
1790901097.590,store_1,0.000
1790901097.590,avail_mb,45173
1790901097.590,pswpin,907510
1790901098.600,api,0.050
1790901098.600,client,0.020
1790901098.600,enginecore,2.566
1790901098.600,other_total,0.059
1790901098.600,store_0,0.000
1790901098.600,store_1,0.000
1790901098.600,avail_mb,45171
1790901098.600,pswpin,907510
1790901099.609,api,0.050
1790901099.609,client,0.020
1790901099.609,enginecore,2.725
1790901099.609,other_total,0.030
1790901099.609,store_0,0.000
1790901099.609,store_1,0.000
1790901099.609,avail_mb,45171
1790901099.609,pswpin,907510
1790901100.618,api,0.079
1790901100.618,client,0.030
1790901100.618,enginecore,2.696
1790901100.618,other_total,0.030
1790901100.618,store_0,0.000
1790901100.618,store_1,0.000
1790901100.618,avail_mb,45175
1790901100.618,pswpin,907510
1790901101.627,api,0.040
1790901101.627,client,0.020
1790901101.627,enginecore,2.329
1790901101.627,other_total,0.030
1790901101.627,store_0,0.000
1790901101.627,store_1,0.000
1790901101.627,avail_mb,45177
1790901101.627,pswpin,907510
1790901102.636,api,0.040
1790901102.636,client,0.020
1790901102.636,enginecore,2.536
1790901102.636,other_total,0.000
1790901102.636,store_0,0.000
1790901102.636,store_1,0.000
1790901102.636,avail_mb,45176
1790901102.636,pswpin,907510
1790901103.645,api,0.040
1790901103.645,client,0.010
1790901103.645,enginecore,1.953
1790901103.645,other_total,0.020
1790901103.645,store_0,0.000
1790901103.645,store_1,0.000
1790901103.645,avail_mb,45178
1790901103.645,pswpin,907510
1790901104.656,api,0.000
1790901104.656,client,0.000
1790901104.656,enginecore,0.020
1790901104.656,other_total,0.010
1790901104.656,store_0,0.000
1790901104.656,store_1,0.000
1790901104.656,avail_mb,45174
1790901104.656,pswpin,907510
1790901105.667,api,0.000
1790901105.667,client,0.000
1790901105.667,enginecore,0.030
1790901105.667,other_total,0.040
1790901105.667,store_0,0.000
1790901105.667,store_1,0.000
1790901105.667,avail_mb,45174
1790901105.667,pswpin,907510
1790901106.676,api,0.020
1790901106.676,client,0.010
1790901106.676,enginecore,1.100
1790901106.676,other_total,0.030
1790901106.676,store_0,0.000
1790901106.676,store_1,0.000
1790901106.676,avail_mb,45176
1790901106.676,pswpin,907510
1790901107.684,api,0.059
1790901107.684,client,0.020
1790901107.684,enginecore,2.766
1790901107.684,other_total,0.000
1790901107.684,store_0,0.000
1790901107.684,store_1,0.000
1790901107.684,avail_mb,45176
1790901107.684,pswpin,907510
1790901108.693,api,0.059
1790901108.693,client,0.030
1790901108.693,enginecore,2.775
1790901108.693,other_total,0.000
1790901108.693,store_0,0.000
1790901108.693,store_1,0.000
1790901108.693,avail_mb,45175
1790901108.693,pswpin,907510
1790901109.703,api,0.079
1790901109.703,client,0.020
1790901109.703,enginecore,2.705
1790901109.703,other_total,0.000
1790901109.703,store_0,0.000
1790901109.703,store_1,0.000
1790901109.703,avail_mb,45174
1790901109.703,pswpin,907510
1790901110.711,api,0.059
1790901110.711,client,0.020
1790901110.711,enginecore,2.904
1790901110.711,other_total,0.020
1790901110.711,store_0,0.000
1790901110.711,store_1,0.000
1790901110.711,avail_mb,45181
1790901110.711,pswpin,907510
1790901111.720,api,0.069
1790901111.720,client,0.030
1790901111.720,enginecore,2.528
1790901111.720,other_total,0.000
1790901111.720,store_0,0.000
1790901111.720,store_1,0.000
1790901111.720,avail_mb,45179
1790901111.720,pswpin,907510
1790901112.729,api,0.059
1790901112.729,client,0.020
1790901112.729,enginecore,2.489
1790901112.729,other_total,0.000
1790901112.729,store_0,0.000
1790901112.729,store_1,0.000
1790901112.729,avail_mb,45179
1790901112.729,pswpin,907510
1790901113.738,api,0.050
1790901113.738,client,0.020
1790901113.738,enginecore,2.538
1790901113.738,other_total,0.020
1790901113.738,store_0,0.000
1790901113.738,store_1,0.000
1790901113.738,avail_mb,45180
1790901113.738,pswpin,907510
1790901114.746,api,0.069
1790901114.746,client,0.020
1790901114.746,enginecore,2.885
1790901114.746,other_total,0.000
1790901114.746,store_0,0.000
1790901114.746,store_1,0.000
1790901114.746,avail_mb,45180
1790901114.746,pswpin,907510
1790901115.755,api,0.059
1790901115.755,client,0.020
1790901115.755,enginecore,2.537
1790901115.755,other_total,0.000
1790901115.755,store_0,0.000
1790901115.755,store_1,0.000
1790901115.755,avail_mb,45179
1790901115.755,pswpin,907510
1790901116.764,api,0.050
1790901116.764,client,0.010
1790901116.764,enginecore,2.349
1790901116.764,other_total,0.030
1790901116.764,store_0,0.000
1790901116.764,store_1,0.000
1790901116.764,avail_mb,45178
1790901116.764,pswpin,907510
1790901117.773,api,0.050
1790901117.773,client,0.020
1790901117.773,enginecore,2.111
1790901117.773,other_total,0.000
1790901117.773,store_0,0.000
1790901117.773,store_1,0.000
1790901117.773,avail_mb,45178
1790901117.773,pswpin,907510
1790901118.782,api,0.050
1790901118.782,client,0.020
1790901118.782,enginecore,1.943
1790901118.782,other_total,0.010
1790901118.782,store_0,0.000
1790901118.782,store_1,0.000
1790901118.782,avail_mb,45178
1790901118.782,pswpin,907510
1790901119.792,api,0.059
1790901119.792,client,0.010
1790901119.792,enginecore,2.356
1790901119.792,other_total,0.079
1790901119.792,store_0,0.000
1790901119.792,store_1,0.000
1790901119.792,avail_mb,45179
1790901119.792,pswpin,907510
1790901120.802,api,0.050
1790901120.802,client,0.010
1790901120.802,enginecore,2.338
1790901120.802,other_total,0.040
1790901120.802,store_0,0.000
1790901120.802,store_1,0.000
1790901120.802,avail_mb,45177
1790901120.802,pswpin,907510
1790901121.811,api,0.050
1790901121.811,client,0.010
1790901121.811,enginecore,2.547
1790901121.811,other_total,0.030
1790901121.811,store_0,0.000
1790901121.811,store_1,0.000
1790901121.811,avail_mb,45175
1790901121.811,pswpin,907510
1790901122.820,api,0.069
1790901122.820,client,0.010
1790901122.820,enginecore,2.389
1790901122.820,other_total,0.059
1790901122.820,store_0,0.000
1790901122.820,store_1,0.000
1790901122.820,avail_mb,45185
1790901122.820,pswpin,907510
1790901123.829,api,0.040
1790901123.829,client,0.030
1790901123.829,enginecore,2.140
1790901123.829,other_total,0.030
1790901123.829,store_0,0.000
1790901123.829,store_1,0.000
1790901123.829,avail_mb,45186
1790901123.829,pswpin,907510
1790901124.837,api,0.050
1790901124.837,client,0.020
1790901124.837,enginecore,2.637
1790901124.837,other_total,0.030
1790901124.837,store_0,0.000
1790901124.837,store_1,0.000
1790901124.837,avail_mb,45185
1790901124.837,pswpin,907510
1790901125.847,api,0.069
1790901125.847,client,0.030
1790901125.847,enginecore,2.458
1790901125.847,other_total,0.030
1790901125.847,store_0,0.000
1790901125.847,store_1,0.000
1790901125.847,avail_mb,45184
1790901125.847,pswpin,907510
1790901126.856,api,0.059
1790901126.856,client,0.020
1790901126.856,enginecore,2.893
1790901126.856,other_total,0.040
1790901126.856,store_0,0.000
1790901126.856,store_1,0.000
1790901126.856,avail_mb,45186
1790901126.856,pswpin,907510
1790901127.865,api,0.059
1790901127.865,client,0.020
1790901127.865,enginecore,2.664
1790901127.865,other_total,0.030
1790901127.865,store_0,0.000
1790901127.865,store_1,0.000
1790901127.865,avail_mb,45185
1790901127.865,pswpin,907510
1790901128.874,api,0.059
1790901128.874,client,0.020
1790901128.874,enginecore,2.349
1790901128.874,other_total,0.050
1790901128.874,store_0,0.000
1790901128.874,store_1,0.000
1790901128.874,avail_mb,45185
1790901128.874,pswpin,907510
1790901129.883,api,0.040
1790901129.883,client,0.010
1790901129.883,enginecore,2.349
1790901129.883,other_total,0.020
1790901129.883,store_0,0.000
1790901129.883,store_1,0.000
1790901129.883,avail_mb,45191
1790901129.883,pswpin,907510
1790901130.891,api,0.040
1790901130.891,client,0.010
1790901130.891,enginecore,2.202
1790901130.891,other_total,0.040
1790901130.891,store_0,0.000
1790901130.891,store_1,0.000
1790901130.891,avail_mb,45189
1790901130.891,pswpin,907510
1790901131.900,api,0.040
1790901131.900,client,0.020
1790901131.900,enginecore,2.498
1790901131.900,other_total,0.030
1790901131.900,store_0,0.000
1790901131.900,store_1,0.000
1790901131.900,avail_mb,45187
1790901131.900,pswpin,907510
1790901132.909,api,0.059
1790901132.909,client,0.020
1790901132.909,enginecore,2.695
1790901132.909,other_total,0.000
1790901132.909,store_0,0.000
1790901132.909,store_1,0.000
1790901132.909,avail_mb,45187
1790901132.909,pswpin,907510
1790901133.918,api,0.059
1790901133.918,client,0.030
1790901133.918,enginecore,2.032
1790901133.918,other_total,0.000
1790901133.918,store_0,0.000
1790901133.918,store_1,0.000
1790901133.918,avail_mb,45187
1790901133.918,pswpin,907510
1790901134.927,api,0.030
1790901134.927,client,0.010
1790901134.927,enginecore,1.081
1790901134.927,other_total,0.040
1790901134.927,store_0,0.000
1790901134.927,store_1,0.000
1790901134.927,avail_mb,45184
1790901134.927,pswpin,907510
1790901135.936,api,0.020
1790901135.936,client,0.010
1790901135.936,enginecore,1.001
1790901135.936,other_total,0.020
1790901135.936,store_0,0.000
1790901135.936,store_1,0.000
1790901135.936,avail_mb,45186
1790901135.936,pswpin,907510
1790901136.946,api,0.050
1790901136.946,client,0.010
1790901136.946,enginecore,2.456
1790901136.946,other_total,0.000
1790901136.946,store_0,0.000
1790901136.946,store_1,0.000
1790901136.946,avail_mb,45185
1790901136.946,pswpin,907510
1790901137.954,api,0.040
1790901137.954,client,0.010
1790901137.954,enginecore,2.260
1790901137.954,other_total,0.030
1790901137.954,store_0,0.000
1790901137.954,store_1,0.000
1790901137.954,avail_mb,45185
1790901137.954,pswpin,907510
1790901138.963,api,0.050
1790901138.963,client,0.030
1790901138.963,enginecore,2.379
1790901138.963,other_total,0.010
1790901138.963,store_0,0.000
1790901138.963,store_1,0.000
1790901138.963,avail_mb,45187
1790901138.963,pswpin,907510
1790901139.974,api,0.059
1790901139.974,client,0.020
1790901139.974,enginecore,2.474
1790901139.974,other_total,0.010
1790901139.974,store_0,0.000
1790901139.974,store_1,0.000
1790901139.974,avail_mb,45186
1790901139.974,pswpin,907510
1790901140.982,api,0.050
1790901140.982,client,0.010
1790901140.982,enginecore,2.409
1790901140.982,other_total,0.010
1790901140.982,store_0,0.000
1790901140.982,store_1,0.000
1790901140.982,avail_mb,45191
1790901140.982,pswpin,907510
1790901141.991,api,0.050
1790901141.991,client,0.030
1790901141.991,enginecore,2.637
1790901141.991,other_total,0.000
1790901141.991,store_0,0.000
1790901141.991,store_1,0.000
1790901141.991,avail_mb,45190
1790901141.991,pswpin,907510
1790901143.000,api,0.059
1790901143.000,client,0.040
1790901143.000,enginecore,2.844
1790901143.000,other_total,0.000
1790901143.000,store_0,0.000
1790901143.000,store_1,0.000
1790901143.000,avail_mb,45190
1790901143.000,pswpin,907510
1790901144.010,api,0.050
1790901144.010,client,0.010
1790901144.010,enginecore,2.238
1790901144.010,other_total,0.020
1790901144.010,store_0,0.000
1790901144.010,store_1,0.000
1790901144.010,avail_mb,45189
1790901144.010,pswpin,907510
1790901145.021,api,0.030
1790901145.021,client,0.020
1790901145.021,enginecore,2.019
1790901145.021,other_total,0.010
1790901145.021,store_0,0.000
1790901145.021,store_1,0.000
1790901145.021,avail_mb,45190
1790901145.021,pswpin,907510
1790901146.029,api,0.059
1790901146.029,client,0.000
1790901146.029,enginecore,2.072
1790901146.029,other_total,0.000
1790901146.029,store_0,0.000
1790901146.029,store_1,0.000
1790901146.029,avail_mb,45192
1790901146.029,pswpin,907510
1790901147.038,api,0.059
1790901147.038,client,0.040
1790901147.038,enginecore,2.914
1790901147.038,other_total,0.168
1790901147.038,store_0,0.000
1790901147.038,store_1,0.000
1790901147.038,avail_mb,45194
1790901147.038,pswpin,907510
1790901148.047,api,0.059
1790901148.047,client,0.020
1790901148.047,enginecore,2.845
1790901148.047,other_total,0.020
1790901148.047,store_0,0.000
1790901148.047,store_1,0.000
1790901148.047,avail_mb,45193
1790901148.047,pswpin,907510
1790901149.056,api,0.069
1790901149.056,client,0.020
1790901149.056,enginecore,2.368
1790901149.056,other_total,0.040
1790901149.056,store_0,0.000
1790901149.056,store_1,0.000
1790901149.056,avail_mb,45193
1790901149.056,pswpin,907510
1790901150.066,api,0.069
1790901150.066,client,0.020
1790901150.066,enginecore,2.646
1790901150.066,other_total,0.040
1790901150.066,store_0,0.000
1790901150.066,store_1,0.000
1790901150.066,avail_mb,45191
1790901150.066,pswpin,907510
1790901151.074,api,0.059
1790901151.074,client,0.030
1790901151.074,enginecore,2.806
1790901151.074,other_total,0.050
1790901151.074,store_0,0.000
1790901151.074,store_1,0.000
1790901151.074,avail_mb,45189
1790901151.074,pswpin,907510
1790901152.083,api,0.050
1790901152.083,client,0.010
1790901152.083,enginecore,2.279
1790901152.083,other_total,0.050
1790901152.083,store_0,0.000
1790901152.083,store_1,0.000
1790901152.083,avail_mb,45191
1790901152.083,pswpin,907510
1790901153.092,api,0.040
1790901153.092,client,0.000
1790901153.092,enginecore,1.358
1790901153.092,other_total,0.040
1790901153.092,store_0,0.000
1790901153.092,store_1,0.000
1790901153.092,avail_mb,45189
1790901153.092,pswpin,907510
1790901154.102,api,0.059
1790901154.102,client,0.030
1790901154.102,enginecore,2.685
1790901154.102,other_total,0.000
1790901154.102,store_0,0.000
1790901154.102,store_1,0.000
1790901154.102,avail_mb,45191
1790901154.102,pswpin,907510
1790901155.111,api,0.040
1790901155.111,client,0.010
1790901155.111,enginecore,2.339
1790901155.111,other_total,0.030
1790901155.111,store_0,0.000
1790901155.111,store_1,0.000
1790901155.111,avail_mb,45190
1790901155.111,pswpin,907510
1790901156.120,api,0.050
1790901156.120,client,0.020
1790901156.120,enginecore,2.517
1790901156.120,other_total,0.000
1790901156.120,store_0,0.000
1790901156.120,store_1,0.000
1790901156.120,avail_mb,45189
1790901156.120,pswpin,907510
1790901157.128,api,0.040
1790901157.128,client,0.020
1790901157.128,enginecore,2.112
1790901157.128,other_total,0.000
1790901157.128,store_0,0.000
1790901157.128,store_1,0.000
1790901157.128,avail_mb,45187
1790901157.128,pswpin,907510
1790901158.137,api,0.069
1790901158.137,client,0.020
1790901158.137,enginecore,2.528
1790901158.137,other_total,0.010
1790901158.137,store_0,0.000
1790901158.137,store_1,0.000
1790901158.137,avail_mb,45186
1790901158.137,pswpin,907510
1790901159.146,api,0.050
1790901159.146,client,0.010
1790901159.146,enginecore,2.330
1790901159.146,other_total,0.030
1790901159.146,store_0,0.000
1790901159.146,store_1,0.000
1790901159.146,avail_mb,45186
1790901159.146,pswpin,907510
1790901160.155,api,0.040
1790901160.155,client,0.020
1790901160.155,enginecore,1.764
1790901160.155,other_total,0.010
1790901160.155,store_0,0.000
1790901160.155,store_1,0.000
1790901160.155,avail_mb,45185
1790901160.155,pswpin,907510
1790901161.163,api,0.040
1790901161.163,client,0.020
1790901161.163,enginecore,1.765
1790901161.163,other_total,0.050
1790901161.163,store_0,0.000
1790901161.163,store_1,0.000
1790901161.163,avail_mb,45181
1790901161.163,pswpin,907510
1790901162.172,api,0.050
1790901162.172,client,0.010
1790901162.172,enginecore,1.932
1790901162.172,other_total,0.030
1790901162.172,store_0,0.000
1790901162.172,store_1,0.000
1790901162.172,avail_mb,45184
1790901162.172,pswpin,907510
1790901163.181,api,0.050
1790901163.181,client,0.020
1790901163.181,enginecore,2.369
1790901163.181,other_total,0.000
1790901163.181,store_0,0.000
1790901163.181,store_1,0.000
1790901163.181,avail_mb,45183
1790901163.181,pswpin,907510
1790901164.190,api,0.050
1790901164.190,client,0.020
1790901164.190,enginecore,2.557
1790901164.190,other_total,0.020
1790901164.190,store_0,0.000
1790901164.190,store_1,0.000
1790901164.190,avail_mb,45182
1790901164.190,pswpin,907510
1790901165.199,api,0.050
1790901165.199,client,0.020
1790901165.199,enginecore,2.617
1790901165.199,other_total,0.000
1790901165.199,store_0,0.000
1790901165.199,store_1,0.000
1790901165.199,avail_mb,45181
1790901165.199,pswpin,907510
1790901166.208,api,0.050
1790901166.208,client,0.020
1790901166.208,enginecore,2.488
1790901166.208,other_total,0.030
1790901166.208,store_0,0.000
1790901166.208,store_1,0.000
1790901166.208,avail_mb,45180
1790901166.208,pswpin,907510
1790901167.217,api,0.059
1790901167.217,client,0.020
1790901167.217,enginecore,2.527
1790901167.217,other_total,0.010
1790901167.217,store_0,0.000
1790901167.217,store_1,0.000
1790901167.217,avail_mb,45178
1790901167.217,pswpin,907510
1790901168.226,api,0.050
1790901168.226,client,0.020
1790901168.226,enginecore,2.418
1790901168.226,other_total,0.000
1790901168.226,store_0,0.000
1790901168.226,store_1,0.000
1790901168.226,avail_mb,45179
1790901168.226,pswpin,907510
1790901169.235,api,0.050
1790901169.235,client,0.010
1790901169.235,enginecore,2.280
1790901169.235,other_total,0.000
1790901169.235,store_0,0.000
1790901169.235,store_1,0.000
1790901169.235,avail_mb,45179
1790901169.235,pswpin,907510
1790901170.244,api,0.059
1790901170.244,client,0.030
1790901170.244,enginecore,2.637
1790901170.244,other_total,0.000
1790901170.244,store_0,0.000
1790901170.244,store_1,0.000
1790901170.244,avail_mb,45175
1790901170.244,pswpin,907510
1790901171.252,api,0.050
1790901171.252,client,0.030
1790901171.252,enginecore,2.795
1790901171.252,other_total,0.030
1790901171.252,store_0,0.000
1790901171.252,store_1,0.000
1790901171.252,avail_mb,45181
1790901171.252,pswpin,907510
1790901172.261,api,0.050
1790901172.261,client,0.020
1790901172.261,enginecore,2.538
1790901172.261,other_total,0.000
1790901172.261,store_0,0.000
1790901172.261,store_1,0.000
1790901172.261,avail_mb,45182
1790901172.261,pswpin,907510
1790901173.271,api,0.050
1790901173.271,client,0.010
1790901173.271,enginecore,2.278
1790901173.271,other_total,0.010
1790901173.271,store_0,0.000
1790901173.271,store_1,0.000
1790901173.271,avail_mb,45222
1790901173.271,pswpin,907510
1790901174.279,api,0.050
1790901174.279,client,0.010
1790901174.279,enginecore,1.447
1790901174.279,other_total,0.010
1790901174.279,store_0,0.000
1790901174.279,store_1,0.000
1790901174.279,avail_mb,45221
1790901174.279,pswpin,907510
1790901175.288,api,0.020
1790901175.288,client,0.020
1790901175.288,enginecore,0.892
1790901175.288,other_total,0.010
1790901175.288,store_0,0.000
1790901175.288,store_1,0.000
1790901175.288,avail_mb,45222
1790901175.288,pswpin,907510
1790901176.297,api,0.050
1790901176.297,client,0.020
1790901176.297,enginecore,1.427
1790901176.297,other_total,0.010
1790901176.297,store_0,0.000
1790901176.297,store_1,0.000
1790901176.297,avail_mb,45221
1790901176.297,pswpin,907510
1790901177.306,api,0.010
1790901177.306,client,0.000
1790901177.306,enginecore,0.496
1790901177.306,other_total,0.020
1790901177.306,store_0,0.000
1790901177.306,store_1,0.000
1790901177.306,avail_mb,45221
1790901177.306,pswpin,907510
1790901178.317,api,0.010
1790901178.317,client,0.000
1790901178.317,enginecore,0.020
1790901178.317,other_total,0.030
1790901178.317,store_0,0.000
1790901178.317,store_1,0.000
1790901178.317,avail_mb,45222
1790901178.317,pswpin,907510
1790901179.326,api,0.030
1790901179.326,client,0.010
1790901179.326,enginecore,0.972
1790901179.326,other_total,0.050
1790901179.326,store_0,0.000
1790901179.326,store_1,0.000
1790901179.326,avail_mb,45224
1790901179.326,pswpin,907510
1790901180.334,api,0.040
1790901180.334,client,0.010
1790901180.334,enginecore,1.457
1790901180.334,other_total,0.010
1790901180.334,store_0,0.000
1790901180.334,store_1,0.000
1790901180.334,avail_mb,45222
1790901180.334,pswpin,907510
1790901181.344,api,0.050
1790901181.344,client,0.020
1790901181.344,enginecore,1.377
1790901181.344,other_total,0.040
1790901181.344,store_0,0.000
1790901181.344,store_1,0.000
1790901181.344,avail_mb,45224
1790901181.344,pswpin,907510
1790901182.353,api,0.040
1790901182.353,client,0.010
1790901182.353,enginecore,1.229
1790901182.353,other_total,0.040
1790901182.353,store_0,0.000
1790901182.353,store_1,0.000
1790901182.353,avail_mb,45220
1790901182.353,pswpin,907510
1790901183.364,api,0.000
1790901183.364,client,0.010
1790901183.364,enginecore,0.119
1790901183.364,other_total,0.020
1790901183.364,store_0,0.000
1790901183.364,store_1,0.000
1790901183.364,avail_mb,45222
1790901183.364,pswpin,907510
1790901184.373,api,0.020
1790901184.373,client,0.010
1790901184.373,enginecore,0.862
1790901184.373,other_total,0.030
1790901184.373,store_0,0.000
1790901184.373,store_1,0.000
1790901184.373,avail_mb,45220
1790901184.373,pswpin,907510
1790901185.382,api,0.020
1790901185.382,enginecore,0.644
1790901185.382,other_total,0.089
1790901185.382,store_0,0.000
1790901185.382,store_1,0.000
1790901185.382,avail_mb,45264
1790901185.382,pswpin,907510
1790901186.393,api,0.010
1790901186.393,enginecore,0.040
1790901186.393,other_total,0.020
1790901186.393,store_0,0.000
1790901186.393,store_1,0.000
1790901186.393,avail_mb,45261
1790901186.393,pswpin,907510
1790901187.403,api,0.000
1790901187.403,enginecore,0.020
1790901187.403,other_total,0.020
1790901187.403,store_0,0.000
1790901187.403,store_1,0.000
1790901187.403,avail_mb,45264
1790901187.403,pswpin,907510
1790901188.415,api,0.010
1790901188.415,enginecore,0.030
1790901188.415,other_total,0.049
1790901188.415,store_0,0.000
1790901188.415,store_1,0.000
1790901188.415,avail_mb,45264
1790901188.415,pswpin,907510
1790901189.425,api,0.010
1790901189.425,enginecore,0.030
1790901189.425,other_total,2.424
1790901189.425,store_0,0.000
1790901189.425,store_1,0.000
1790901189.425,avail_mb,45137
1790901189.425,pswpin,907510
1790901190.436,api,0.000
1790901190.436,client,0.000
1790901190.436,enginecore,0.000
1790901190.436,other_total,0.069
1790901190.436,store_0,0.000
1790901190.436,store_1,0.000
1790901190.436,avail_mb,45140
1790901190.436,pswpin,907510
1790901191.446,api,0.000
1790901191.446,client,0.000
1790901191.446,enginecore,0.010
1790901191.446,other_total,0.049
1790901191.446,store_0,0.000
1790901191.446,store_1,0.000
1790901191.446,avail_mb,45138
1790901191.446,pswpin,907510
1790901192.457,api,0.010
1790901192.457,client,0.000
1790901192.457,enginecore,0.158
1790901192.457,other_total,0.109
1790901192.457,store_0,0.000
1790901192.457,store_1,0.000
1790901192.457,avail_mb,45131
1790901192.457,pswpin,907510
1790901193.468,api,0.000
1790901193.468,client,0.000
1790901193.468,enginecore,0.010
1790901193.468,other_total,0.040
1790901193.468,store_0,0.000
1790901193.468,store_1,0.000
1790901193.468,avail_mb,45138
1790901193.468,pswpin,907510
1790901194.479,api,0.000
1790901194.479,client,0.000
1790901194.479,enginecore,0.158
1790901194.479,other_total,0.030
1790901194.479,store_0,0.000
1790901194.479,store_1,0.000
1790901194.479,avail_mb,45138
1790901194.479,pswpin,907510
1790901195.489,api,0.010
1790901195.489,client,0.000
1790901195.489,enginecore,0.168
1790901195.489,other_total,0.010
1790901195.489,store_0,0.000
1790901195.489,store_1,0.000
1790901195.489,avail_mb,45138
1790901195.489,pswpin,907510
1790901196.500,api,0.010
1790901196.500,client,0.010
1790901196.500,enginecore,0.208
1790901196.500,other_total,0.010
1790901196.500,store_0,0.000
1790901196.500,store_1,0.000
1790901196.500,avail_mb,45136
1790901196.500,pswpin,907510
1790901197.511,api,0.000
1790901197.511,client,0.000
1790901197.511,enginecore,0.020
1790901197.511,other_total,0.148
1790901197.511,store_0,0.000
1790901197.511,store_1,0.000
1790901197.511,avail_mb,45123
1790901197.511,pswpin,907510
1790901198.522,api,0.010
1790901198.522,client,0.010
1790901198.522,enginecore,2.453
1790901198.522,other_total,0.000
1790901198.522,store_0,0.000
1790901198.522,store_1,0.049
1790901198.522,avail_mb,45141
1790901198.522,pswpin,907510
1790901199.536,api,0.010
1790901199.536,client,0.000
1790901199.536,enginecore,3.382
1790901199.536,other_total,0.069
1790901199.536,store_0,0.030
1790901199.536,store_1,0.059
1790901199.536,avail_mb,45149
1790901199.536,pswpin,907510
1790901200.546,api,0.030
1790901200.546,client,0.000
1790901200.546,enginecore,2.428
1790901200.546,other_total,0.030
1790901200.546,store_0,0.030
1790901200.546,store_1,0.030
1790901200.546,avail_mb,45158
1790901200.546,pswpin,907510
1790901201.562,api,0.000
1790901201.562,client,0.000
1790901201.562,enginecore,0.531
1790901201.562,other_total,0.069
1790901201.562,store_0,0.000
1790901201.562,store_1,0.030
1790901201.562,avail_mb,45158
1790901201.562,pswpin,907510
1790901202.574,api,0.010
1790901202.574,client,0.000
1790901202.574,enginecore,1.898
1790901202.574,other_total,0.049
1790901202.574,store_0,0.000
1790901202.574,store_1,0.030
1790901202.574,avail_mb,45208
1790901202.574,pswpin,907510
1790901203.585,api,0.010
1790901203.585,client,0.000
1790901203.585,enginecore,2.285
1790901203.585,other_total,0.059
1790901203.585,store_0,0.049
1790901203.585,store_1,0.000
1790901203.585,avail_mb,45209
1790901203.585,pswpin,907510
1790901204.596,api,0.000
1790901204.596,client,0.000
1790901204.596,enginecore,0.049
1790901204.596,other_total,0.040
1790901204.596,store_0,0.000
1790901204.596,store_1,0.000
1790901204.596,avail_mb,45206
1790901204.596,pswpin,907510
1790901205.607,api,0.000
1790901205.607,client,0.000
1790901205.607,enginecore,1.236
1790901205.607,other_total,0.040
1790901205.607,store_0,0.030
1790901205.607,store_1,0.000
1790901205.607,avail_mb,45208
1790901205.607,pswpin,907510
1790901206.618,api,0.000
1790901206.618,client,0.000
1790901206.618,enginecore,0.020
1790901206.618,other_total,0.049
1790901206.618,store_0,0.000
1790901206.618,store_1,0.000
1790901206.618,avail_mb,45205
1790901206.618,pswpin,907510
1790901207.629,api,0.010
1790901207.629,client,0.000
1790901207.629,enginecore,0.030
1790901207.629,other_total,0.040
1790901207.629,store_0,0.000
1790901207.629,store_1,0.000
1790901207.629,avail_mb,45205
1790901207.629,pswpin,907510
1790901208.640,api,0.000
1790901208.640,client,0.000
1790901208.640,enginecore,0.030
1790901208.640,other_total,0.049
1790901208.640,store_0,0.000
1790901208.640,store_1,0.000
1790901208.640,avail_mb,45205
1790901208.640,pswpin,907510
1790901209.655,api,0.010
1790901209.655,client,0.000
1790901209.655,enginecore,0.779
1790901209.655,other_total,0.089
1790901209.655,store_0,0.030
1790901209.655,store_1,0.000
1790901209.655,avail_mb,45206
1790901209.655,pswpin,907510
1790901210.665,api,0.000
1790901210.665,client,0.000
1790901210.665,enginecore,0.475
1790901210.665,other_total,0.030
1790901210.665,store_0,0.000
1790901210.665,store_1,0.000
1790901210.665,avail_mb,45207
1790901210.665,pswpin,907510
1790901211.676,api,0.010
1790901211.676,enginecore,1.227
1790901211.676,other_total,0.119
1790901211.676,store_0,0.030
1790901211.676,store_1,0.000
1790901211.676,avail_mb,45260
1790901211.676,pswpin,907510
1790901212.687,api,0.000
1790901212.687,enginecore,0.030
1790901212.687,other_total,0.049
1790901212.687,store_0,0.000
1790901212.687,store_1,0.000
1790901212.687,avail_mb,45256
1790901212.687,pswpin,907510
1790901213.698,api,0.000
1790901213.698,enginecore,0.030
1790901213.698,other_total,0.040
1790901213.698,store_0,0.000
1790901213.698,store_1,0.000
1790901213.698,avail_mb,45255
1790901213.698,pswpin,907510
1790901214.709,api,0.000
1790901214.709,enginecore,0.020
1790901214.709,other_total,0.069
1790901214.709,store_0,0.000
1790901214.709,store_1,0.000
1790901214.709,avail_mb,45254
1790901214.709,pswpin,907510
1790901215.720,api,0.000
1790901215.720,enginecore,0.020
1790901215.720,other_total,0.049
1790901215.720,store_0,0.000
1790901215.720,store_1,0.000
1790901215.720,avail_mb,45243
1790901215.720,pswpin,907510
1790901216.731,api,0.010
1790901216.731,enginecore,0.020
1790901216.731,other_total,0.079
1790901216.731,store_0,0.000
1790901216.731,store_1,0.000
1790901216.731,avail_mb,45243
1790901216.731,pswpin,907510
1790901217.743,api,0.010
1790901217.743,enginecore,0.049
1790901217.743,other_total,0.020
1790901217.743,store_0,0.000
1790901217.743,store_1,0.000
1790901217.743,avail_mb,45255
1790901217.743,pswpin,907510
1790901218.755,api,0.000
1790901218.755,enginecore,0.020
1790901218.755,other_total,0.040
1790901218.755,store_0,0.000
1790901218.755,store_1,0.000
1790901218.755,avail_mb,45252
1790901218.755,pswpin,907510
1790901219.766,api,0.000
1790901219.766,enginecore,0.020
1790901219.766,other_total,2.334
1790901219.766,store_0,0.000
1790901219.766,store_1,0.000
1790901219.766,avail_mb,45151
1790901219.766,pswpin,907510
1790901220.777,api,0.010
1790901220.777,client,0.000
1790901220.777,enginecore,0.020
1790901220.777,other_total,0.079
1790901220.777,store_0,0.000
1790901220.777,store_1,0.000
1790901220.777,avail_mb,45148
1790901220.777,pswpin,907510
1790901221.789,api,0.000
1790901221.789,client,0.000
1790901221.789,enginecore,0.030
1790901221.789,other_total,0.040
1790901221.789,store_0,0.000
1790901221.789,store_1,0.000
1790901221.789,avail_mb,45148
1790901221.789,pswpin,907510
1790901222.800,api,0.020
1790901222.800,client,0.010
1790901222.800,enginecore,4.368
1790901222.800,other_total,0.049
1790901222.800,store_0,0.049
1790901222.800,store_1,0.020
1790901222.800,avail_mb,45172
1790901222.800,pswpin,907510
1790901223.810,api,0.050
1790901223.810,client,0.020
1790901223.810,enginecore,3.021
1790901223.810,other_total,0.000
1790901223.810,store_0,0.000
1790901223.810,store_1,0.000
1790901223.810,avail_mb,45171
1790901223.810,pswpin,907510
1790901224.819,api,0.040
1790901224.819,client,0.010
1790901224.819,enginecore,3.717
1790901224.819,other_total,0.020
1790901224.819,store_0,0.050
1790901224.819,store_1,0.000
1790901224.819,avail_mb,45178
1790901224.819,pswpin,907510
1790901225.828,api,0.030
1790901225.828,client,0.000
1790901225.828,enginecore,4.737
1790901225.828,other_total,0.040
1790901225.828,store_0,0.000
1790901225.828,store_1,0.000
1790901225.828,avail_mb,45178
1790901225.828,pswpin,907510
1790901226.836,api,0.040
1790901226.836,client,0.010
1790901226.836,enginecore,1.675
1790901226.836,other_total,0.000
1790901226.836,store_0,0.000
1790901226.836,store_1,0.000
1790901226.836,avail_mb,45176
1790901226.836,pswpin,907510
1790901227.845,api,0.050
1790901227.845,client,0.010
1790901227.845,enginecore,6.661
1790901227.845,other_total,0.000
1790901227.845,store_0,0.069
1790901227.845,store_1,0.050
1790901227.845,avail_mb,45191
1790901227.845,pswpin,907510
1790901228.856,api,0.049
1790901228.856,client,0.010
1790901228.856,enginecore,4.965
1790901228.856,other_total,0.000
1790901228.856,store_0,0.059
1790901228.856,store_1,0.030
1790901228.856,avail_mb,45189
1790901228.856,pswpin,907510
1790901229.866,api,0.050
1790901229.866,client,0.010
1790901229.866,enginecore,4.588
1790901229.866,other_total,0.020
1790901229.866,store_0,0.000
1790901229.866,store_1,0.000
1790901229.866,avail_mb,45190
1790901229.866,pswpin,907510
1790901230.875,api,0.050
1790901230.875,client,0.020
1790901230.875,enginecore,4.825
1790901230.875,other_total,0.000
1790901230.875,store_0,0.000
1790901230.875,store_1,0.030
1790901230.875,avail_mb,45181
1790901230.875,pswpin,907510
1790901231.884,api,0.040
1790901231.884,client,0.020
1790901231.884,enginecore,6.373
1790901231.884,other_total,0.000
1790901231.884,store_0,0.020
1790901231.884,store_1,0.030
1790901231.884,avail_mb,45180
1790901231.884,pswpin,907510
1790901232.895,api,0.049
1790901232.895,client,0.020
1790901232.895,enginecore,2.304
1790901232.895,other_total,0.040
1790901232.895,store_0,0.020
1790901232.895,store_1,0.000
1790901232.895,avail_mb,45178
1790901232.895,pswpin,907510
1790901233.904,api,0.040
1790901233.904,client,0.010
1790901233.904,enginecore,6.017
1790901233.904,other_total,0.000
1790901233.904,store_0,0.010
1790901233.904,store_1,0.000
1790901233.904,avail_mb,45177
1790901233.904,pswpin,907510
1790901234.913,api,0.050
1790901234.913,client,0.020
1790901234.913,enginecore,5.750
1790901234.913,other_total,0.000
1790901234.913,store_0,0.020
1790901234.913,store_1,0.030
1790901234.913,avail_mb,45177
1790901234.913,pswpin,907510
1790901235.922,api,0.030
1790901235.922,client,0.000
1790901235.922,enginecore,3.252
1790901235.922,other_total,0.030
1790901235.922,store_0,0.020
1790901235.922,store_1,0.000
1790901235.922,avail_mb,45181
1790901235.922,pswpin,907510
1790901236.933,api,0.069
1790901236.933,client,0.030
1790901236.933,enginecore,6.434
1790901236.933,other_total,0.000
1790901236.933,store_0,0.030
1790901236.933,store_1,0.049
1790901236.933,avail_mb,45177
1790901236.933,pswpin,907510
1790901237.942,api,0.040
1790901237.942,client,0.000
1790901237.942,enginecore,4.687
1790901237.942,other_total,0.030
1790901237.942,store_0,0.000
1790901237.942,store_1,0.030
1790901237.942,avail_mb,45178
1790901237.942,pswpin,907510
1790901238.952,api,0.040
1790901238.952,client,0.020
1790901238.952,enginecore,4.142
1790901238.952,other_total,0.000
1790901238.952,store_0,0.020
1790901238.952,store_1,0.000
1790901238.952,avail_mb,45180
1790901238.952,pswpin,907510
1790901239.961,api,0.050
1790901239.961,client,0.000
1790901239.961,enginecore,4.658
1790901239.961,other_total,0.069
1790901239.961,store_0,0.000
1790901239.961,store_1,0.020
1790901239.961,avail_mb,45179
1790901239.961,pswpin,907510
1790901240.970,api,0.040
1790901240.970,client,0.020
1790901240.970,enginecore,5.927
1790901240.970,other_total,0.040
1790901240.970,store_0,0.020
1790901240.970,store_1,0.050
1790901240.970,avail_mb,45179
1790901240.970,pswpin,907510
1790901241.979,api,0.050
1790901241.979,client,0.000
1790901241.979,enginecore,4.697
1790901241.979,other_total,0.079
1790901241.979,store_0,0.000
1790901241.979,store_1,0.040
1790901241.979,avail_mb,45173
1790901241.979,pswpin,907510
1790901242.988,api,0.059
1790901242.988,client,0.030
1790901242.988,enginecore,3.539
1790901242.988,other_total,0.000
1790901242.988,store_0,0.000
1790901242.988,store_1,0.000
1790901242.988,avail_mb,45167
1790901242.988,pswpin,907510
1790901243.996,api,0.040
1790901243.996,client,0.010
1790901243.996,enginecore,5.987
1790901243.996,other_total,0.030
1790901243.996,store_0,0.030
1790901243.996,store_1,0.020
1790901243.996,avail_mb,45173
1790901243.996,pswpin,907510
1790901245.005,api,0.030
1790901245.005,client,0.010
1790901245.005,enginecore,6.254
1790901245.005,other_total,0.059
1790901245.005,store_0,0.020
1790901245.005,store_1,0.050
1790901245.005,avail_mb,45170
1790901245.005,pswpin,907510
1790901246.016,api,0.040
1790901246.016,client,0.020
1790901246.016,enginecore,3.314
1790901246.016,other_total,0.059
1790901246.016,store_0,0.000
1790901246.016,store_1,0.030
1790901246.016,avail_mb,45165
1790901246.016,pswpin,907510
1790901247.025,api,0.050
1790901247.025,client,0.000
1790901247.025,enginecore,5.808
1790901247.025,other_total,0.020
1790901247.025,store_0,0.000
1790901247.025,store_1,0.040
1790901247.025,avail_mb,45170
1790901247.025,pswpin,907510
1790901248.035,api,0.059
1790901248.035,client,0.020
1790901248.035,enginecore,5.952
1790901248.035,other_total,0.030
1790901248.035,store_0,0.030
1790901248.035,store_1,0.000
1790901248.035,avail_mb,45171
1790901248.035,pswpin,907510
1790901249.043,api,0.040
1790901249.043,client,0.010
1790901249.043,enginecore,6.008
1790901249.043,other_total,0.069
1790901249.043,store_0,0.020
1790901249.043,store_1,0.050
1790901249.043,avail_mb,45169
1790901249.043,pswpin,907510
1790901250.052,api,0.059
1790901250.052,client,0.010
1790901250.052,enginecore,2.161
1790901250.052,other_total,0.010
1790901250.052,store_0,0.000
1790901250.052,store_1,0.000
1790901250.052,avail_mb,45169
1790901250.052,pswpin,907510
1790901251.061,api,0.030
1790901251.061,client,0.000
1790901251.061,enginecore,6.532
1790901251.061,other_total,0.059
1790901251.061,store_0,0.059
1790901251.061,store_1,0.030
1790901251.061,avail_mb,45163
1790901251.061,pswpin,907510
1790901252.070,api,0.059
1790901252.070,client,0.030
1790901252.070,enginecore,7.314
1790901252.070,other_total,0.000
1790901252.070,store_0,0.040
1790901252.070,store_1,0.020
1790901252.070,avail_mb,45159
1790901252.070,pswpin,907510
1790901253.086,api,0.039
1790901253.086,client,0.000
1790901253.086,enginecore,4.539
1790901253.086,other_total,0.049
1790901253.086,store_0,0.030
1790901253.086,store_1,0.000
1790901253.086,avail_mb,45158
1790901253.086,pswpin,907510
1790901254.097,api,0.049
1790901254.097,client,0.020
1790901254.097,enginecore,3.914
1790901254.097,other_total,0.010
1790901254.097,store_0,0.010
1790901254.097,store_1,0.010
1790901254.097,avail_mb,45156
1790901254.097,pswpin,907510
1790901255.106,api,0.050
1790901255.106,client,0.010
1790901255.106,enginecore,5.412
1790901255.106,other_total,0.010
1790901255.106,store_0,0.050
1790901255.106,store_1,0.000
1790901255.106,avail_mb,45157
1790901255.106,pswpin,907510
1790901256.115,api,0.040
1790901256.115,client,0.010
1790901256.115,enginecore,5.946
1790901256.115,other_total,0.000
1790901256.115,store_0,0.030
1790901256.115,store_1,0.000
1790901256.115,avail_mb,45154
1790901256.115,pswpin,907510
1790901257.124,api,0.050
1790901257.124,client,0.020
1790901257.124,enginecore,4.450
1790901257.124,other_total,0.000
1790901257.124,store_0,0.000
1790901257.124,store_1,0.030
1790901257.124,avail_mb,45152
1790901257.124,pswpin,907510
1790901258.133,api,0.050
1790901258.133,client,0.000
1790901258.133,enginecore,7.007
1790901258.133,other_total,0.000
1790901258.133,store_0,0.030
1790901258.133,store_1,0.030
1790901258.133,avail_mb,45155
1790901258.133,pswpin,907510
1790901259.142,api,0.040
1790901259.142,client,0.010
1790901259.142,enginecore,2.597
1790901259.142,other_total,0.000
1790901259.142,store_0,0.000
1790901259.142,store_1,0.000
1790901259.142,avail_mb,45152
1790901259.142,pswpin,907510
1790901260.151,api,0.030
1790901260.151,client,0.010
1790901260.151,enginecore,6.055
1790901260.151,other_total,0.030
1790901260.151,store_0,0.010
1790901260.151,store_1,0.050
1790901260.151,avail_mb,45154
1790901260.151,pswpin,907510
1790901261.163,api,0.040
1790901261.163,client,0.020
1790901261.163,enginecore,4.883
1790901261.163,other_total,0.030
1790901261.163,store_0,0.020
1790901261.163,store_1,0.020
1790901261.163,avail_mb,45150
1790901261.163,pswpin,907510
1790901262.174,api,0.030
1790901262.174,client,0.010
1790901262.174,enginecore,3.440
1790901262.174,other_total,0.000
1790901262.174,store_0,0.000
1790901262.174,store_1,0.000
1790901262.174,avail_mb,45148
1790901262.174,pswpin,907510
1790901263.184,api,0.059
1790901263.184,client,0.010
1790901263.184,enginecore,4.547
1790901263.184,other_total,0.000
1790901263.184,store_0,0.030
1790901263.184,store_1,0.000
1790901263.184,avail_mb,45146
1790901263.184,pswpin,907510
1790901264.192,api,0.040
1790901264.192,client,0.010
1790901264.192,enginecore,7.256
1790901264.192,other_total,0.010
1790901264.192,store_0,0.010
1790901264.192,store_1,0.050
1790901264.192,avail_mb,45142
1790901264.192,pswpin,907510
1790901265.204,api,0.040
1790901265.204,client,0.010
1790901265.204,enginecore,5.407
1790901265.204,other_total,0.020
1790901265.204,store_0,0.030
1790901265.204,store_1,0.030
1790901265.204,avail_mb,45144
1790901265.204,pswpin,907510
1790901266.216,api,0.059
1790901266.216,client,0.020
1790901266.216,enginecore,4.942
1790901266.216,other_total,0.000
1790901266.216,store_0,0.000
1790901266.216,store_1,0.040
1790901266.216,avail_mb,45147
1790901266.216,pswpin,907510
1790901267.225,api,0.069
1790901267.225,client,0.020
1790901267.225,enginecore,5.105
1790901267.225,other_total,0.000
1790901267.225,store_0,0.040
1790901267.225,store_1,0.000
1790901267.225,avail_mb,45143
1790901267.225,pswpin,907510
1790901268.234,api,0.040
1790901268.234,client,0.010
1790901268.234,enginecore,5.818
1790901268.234,other_total,0.059
1790901268.234,store_0,0.030
1790901268.234,store_1,0.000
1790901268.234,avail_mb,45147
1790901268.234,pswpin,907510
1790901269.243,api,0.069
1790901269.243,client,0.010
1790901269.243,enginecore,4.297
1790901269.243,other_total,0.020
1790901269.243,store_0,0.020
1790901269.243,store_1,0.030
1790901269.243,avail_mb,45143
1790901269.243,pswpin,907510
1790901270.253,api,0.050
1790901270.253,client,0.010
1790901270.253,enginecore,6.926
1790901270.253,other_total,0.050
1790901270.253,store_0,0.030
1790901270.253,store_1,0.020
1790901270.253,avail_mb,45141
1790901270.253,pswpin,907510
1790901271.262,api,0.059
1790901271.262,client,0.010
1790901271.262,enginecore,3.429
1790901271.262,other_total,0.040
1790901271.262,store_0,0.020
1790901271.262,store_1,0.000
1790901271.262,avail_mb,45132
1790901271.262,pswpin,907510
1790901272.271,api,0.030
1790901272.271,client,0.000
1790901272.271,enginecore,5.190
1790901272.271,other_total,0.089
1790901272.271,store_0,0.059
1790901272.271,store_1,0.000
1790901272.271,avail_mb,45132
1790901272.271,pswpin,907510
1790901273.280,api,0.050
1790901273.280,client,0.020
1790901273.280,enginecore,3.805
1790901273.280,other_total,0.020
1790901273.280,store_0,0.000
1790901273.280,store_1,0.030
1790901273.280,avail_mb,45126
1790901273.280,pswpin,907510
1790901274.290,api,0.059
1790901274.290,client,0.010
1790901274.290,enginecore,6.352
1790901274.290,other_total,0.030
1790901274.290,store_0,0.020
1790901274.290,store_1,0.000
1790901274.290,avail_mb,45117
1790901274.290,pswpin,907510
1790901275.299,api,0.040
1790901275.299,client,0.010
1790901275.299,enginecore,3.538
1790901275.299,other_total,0.079
1790901275.299,store_0,0.020
1790901275.299,store_1,0.000
1790901275.299,avail_mb,45114
1790901275.299,pswpin,907510
1790901276.310,api,0.069
1790901276.310,client,0.020
1790901276.310,enginecore,4.448
1790901276.310,other_total,0.020
1790901276.310,store_0,0.030
1790901276.310,store_1,0.000
1790901276.310,avail_mb,45108
1790901276.310,pswpin,907510
1790901277.319,api,0.050
1790901277.319,client,0.010
1790901277.319,enginecore,3.459
1790901277.319,other_total,0.020
1790901277.319,store_0,0.000
1790901277.319,store_1,0.000
1790901277.319,avail_mb,45106
1790901277.319,pswpin,907510
1790901278.328,api,0.020
1790901278.328,client,0.010
1790901278.328,enginecore,7.077
1790901278.328,other_total,0.069
1790901278.328,store_0,0.040
1790901278.328,store_1,0.040
1790901278.328,avail_mb,45115
1790901278.328,pswpin,907510
1790901279.340,api,0.049
1790901279.340,client,0.010
1790901279.340,enginecore,6.058
1790901279.340,other_total,0.059
1790901279.340,store_0,0.020
1790901279.340,store_1,0.040
1790901279.340,avail_mb,45114
1790901279.340,pswpin,907510
1790901280.349,api,0.040
1790901280.349,client,0.010
1790901280.349,enginecore,2.763
1790901280.349,other_total,0.010
1790901280.349,store_0,0.000
1790901280.349,store_1,0.000
1790901280.349,avail_mb,45111
1790901280.349,pswpin,907510
1790901281.358,api,0.069
1790901281.358,client,0.020
1790901281.358,enginecore,5.322
1790901281.358,other_total,0.000
1790901281.358,store_0,0.059
1790901281.358,store_1,0.000
1790901281.358,avail_mb,45116
1790901281.358,pswpin,907510
1790901282.367,api,0.040
1790901282.367,client,0.000
1790901282.367,enginecore,7.227
1790901282.367,other_total,0.059
1790901282.367,store_0,0.030
1790901282.367,store_1,0.030
1790901282.367,avail_mb,45119
1790901282.367,pswpin,907510
1790901283.380,api,0.049
1790901283.380,client,0.020
1790901283.380,enginecore,2.724
1790901283.380,other_total,0.020
1790901283.380,store_0,0.020
1790901283.380,store_1,0.010
1790901283.380,avail_mb,45121
1790901283.380,pswpin,907510
1790901284.389,api,0.040
1790901284.389,client,0.020
1790901284.389,enginecore,5.322
1790901284.389,other_total,0.000
1790901284.389,store_0,0.010
1790901284.389,store_1,0.020
1790901284.389,avail_mb,45119
1790901284.389,pswpin,907510
1790901285.398,api,0.040
1790901285.398,client,0.000
1790901285.398,enginecore,6.996
1790901285.398,other_total,0.000
1790901285.398,store_0,0.000
1790901285.398,store_1,0.040
1790901285.398,avail_mb,45115
1790901285.398,pswpin,907510
1790901286.407,api,0.040
1790901286.407,client,0.020
1790901286.407,enginecore,5.759
1790901286.407,other_total,0.000
1790901286.407,store_0,0.000
1790901286.407,store_1,0.010
1790901286.407,avail_mb,45108
1790901286.407,pswpin,907510
1790901287.416,api,0.040
1790901287.416,client,0.000
1790901287.416,enginecore,2.141
1790901287.416,other_total,0.000
1790901287.416,store_0,0.000
1790901287.416,store_1,0.000
1790901287.416,avail_mb,45101
1790901287.416,pswpin,907510
1790901288.425,api,0.050
1790901288.425,client,0.020
1790901288.425,enginecore,6.779
1790901288.425,other_total,0.010
1790901288.425,store_0,0.030
1790901288.425,store_1,0.050
1790901288.425,avail_mb,45099
1790901288.425,pswpin,907510
1790901289.434,api,0.059
1790901289.434,client,0.000
1790901289.434,enginecore,6.879
1790901289.434,other_total,0.000
1790901289.434,store_0,0.010
1790901289.434,store_1,0.000
1790901289.434,avail_mb,45097
1790901289.434,pswpin,907510
1790901290.445,api,0.049
1790901290.445,client,0.020
1790901290.445,enginecore,4.607
1790901290.445,other_total,0.000
1790901290.445,store_0,0.000
1790901290.445,store_1,0.020
1790901290.445,avail_mb,45088
1790901290.445,pswpin,907510
1790901291.457,api,0.059
1790901291.457,client,0.000
1790901291.457,enginecore,4.636
1790901291.457,other_total,0.000
1790901291.457,store_0,0.020
1790901291.457,store_1,0.000
1790901291.457,avail_mb,45085
1790901291.457,pswpin,907510
1790901292.466,api,0.040
1790901292.466,client,0.020
1790901292.466,enginecore,6.156
1790901292.466,other_total,0.000
1790901292.466,store_0,0.030
1790901292.466,store_1,0.030
1790901292.466,avail_mb,45089
1790901292.466,pswpin,907510
1790901293.475,api,0.040
1790901293.475,client,0.000
1790901293.475,enginecore,5.966
1790901293.475,other_total,0.010
1790901293.475,store_0,0.030
1790901293.475,store_1,0.010
1790901293.475,avail_mb,45091
1790901293.475,pswpin,907510
1790901294.485,api,0.050
1790901294.485,client,0.010
1790901294.485,enginecore,6.261
1790901294.485,other_total,0.020
1790901294.485,store_0,0.020
1790901294.485,store_1,0.020
1790901294.485,avail_mb,45088
1790901294.485,pswpin,907510
1790901295.493,api,0.030
1790901295.493,client,0.010
1790901295.493,enginecore,2.201
1790901295.493,other_total,0.000
1790901295.493,store_0,0.000
1790901295.493,store_1,0.000
1790901295.493,avail_mb,45088
1790901295.493,pswpin,907510
1790901296.502,api,0.030
1790901296.502,client,0.020
1790901296.502,enginecore,6.889
1790901296.502,other_total,0.010
1790901296.502,store_0,0.020
1790901296.502,store_1,0.010
1790901296.502,avail_mb,45087
1790901296.502,pswpin,907511
1790901297.511,api,0.069
1790901297.511,client,0.020
1790901297.511,enginecore,5.858
1790901297.511,other_total,0.030
1790901297.511,store_0,0.030
1790901297.511,store_1,0.059
1790901297.511,avail_mb,45095
1790901297.511,pswpin,907511
1790901298.523,api,0.040
1790901298.523,client,0.010
1790901298.523,enginecore,4.991
1790901298.523,other_total,0.040
1790901298.523,store_0,0.049
1790901298.523,store_1,0.020
1790901298.523,avail_mb,45089
1790901298.523,pswpin,907511
1790901299.532,api,0.040
1790901299.532,client,0.020
1790901299.532,enginecore,4.153
1790901299.532,other_total,0.020
1790901299.532,store_0,0.000
1790901299.532,store_1,0.000
1790901299.532,avail_mb,45088
1790901299.532,pswpin,907511
1790901300.540,api,0.059
1790901300.540,client,0.020
1790901300.540,enginecore,5.095
1790901300.540,other_total,0.030
1790901300.540,store_0,0.000
1790901300.540,store_1,0.050
1790901300.540,avail_mb,45083
1790901300.540,pswpin,907511
1790901301.550,api,0.030
1790901301.550,client,0.010
1790901301.550,enginecore,7.294
1790901301.550,other_total,0.010
1790901301.550,store_0,0.040
1790901301.550,store_1,0.010
1790901301.550,avail_mb,45076
1790901301.550,pswpin,907511
1790901302.559,api,0.040
1790901302.559,client,0.020
1790901302.559,enginecore,4.777
1790901302.559,other_total,0.020
1790901302.559,store_0,0.020
1790901302.559,store_1,0.000
1790901302.559,avail_mb,45073
1790901302.559,pswpin,907511
1790901303.568,api,0.040
1790901303.568,client,0.010
1790901303.568,enginecore,4.569
1790901303.568,other_total,0.020
1790901303.568,store_0,0.000
1790901303.568,store_1,0.050
1790901303.568,avail_mb,45078
1790901303.568,pswpin,907511
1790901304.576,api,0.050
1790901304.576,client,0.010
1790901304.576,enginecore,5.789
1790901304.576,other_total,0.000
1790901304.576,store_0,0.030
1790901304.576,store_1,0.030
1790901304.576,avail_mb,45074
1790901304.576,pswpin,907511
1790901305.588,api,0.040
1790901305.588,client,0.010
1790901305.588,enginecore,6.236
1790901305.588,other_total,0.020
1790901305.588,store_0,0.000
1790901305.588,store_1,0.049
1790901305.588,avail_mb,45076
1790901305.588,pswpin,907511
1790901306.597,api,0.050
1790901306.597,client,0.020
1790901306.597,enginecore,4.966
1790901306.597,other_total,0.059
1790901306.597,store_0,0.010
1790901306.597,store_1,0.000
1790901306.597,avail_mb,45072
1790901306.597,pswpin,907511
1790901307.606,api,0.040
1790901307.606,client,0.010
1790901307.606,enginecore,3.380
1790901307.606,other_total,0.020
1790901307.606,store_0,0.000
1790901307.606,store_1,0.000
1790901307.606,avail_mb,45067
1790901307.606,pswpin,907511
1790901308.615,api,0.040
1790901308.615,client,0.010
1790901308.615,enginecore,6.671
1790901308.615,other_total,0.050
1790901308.615,store_0,0.030
1790901308.615,store_1,0.050
1790901308.615,avail_mb,45066
1790901308.615,pswpin,907511
1790901309.626,api,0.069
1790901309.626,client,0.010
1790901309.626,enginecore,6.573
1790901309.626,other_total,0.089
1790901309.626,store_0,0.049
1790901309.626,store_1,0.030
1790901309.626,avail_mb,45072
1790901309.626,pswpin,907511
1790901310.635,api,0.040
1790901310.635,client,0.020
1790901310.635,enginecore,3.796
1790901310.635,other_total,0.030
1790901310.635,store_0,0.020
1790901310.635,store_1,0.000
1790901310.635,avail_mb,45067
1790901310.635,pswpin,907511
1790901311.646,api,0.040
1790901311.646,client,0.010
1790901311.646,enginecore,4.541
1790901311.646,other_total,0.049
1790901311.646,store_0,0.000
1790901311.646,store_1,0.049
1790901311.646,avail_mb,45065
1790901311.646,pswpin,907511
1790901312.656,api,0.050
1790901312.656,client,0.020
1790901312.656,enginecore,5.971
1790901312.656,other_total,0.050
1790901312.656,store_0,0.050
1790901312.656,store_1,0.000
1790901312.656,avail_mb,45063
1790901312.656,pswpin,907511
1790901313.665,api,0.040
1790901313.665,client,0.000
1790901313.665,enginecore,4.708
1790901313.665,other_total,0.059
1790901313.665,store_0,0.030
1790901313.665,store_1,0.030
1790901313.665,avail_mb,45061
1790901313.665,pswpin,907511
1790901314.674,api,0.059
1790901314.674,client,0.030
1790901314.674,enginecore,4.737
1790901314.674,other_total,0.010
1790901314.674,store_0,0.030
1790901314.674,store_1,0.000
1790901314.674,avail_mb,45061
1790901314.674,pswpin,907511
1790901315.683,api,0.050
1790901315.683,client,0.020
1790901315.683,enginecore,4.451
1790901315.683,other_total,0.020
1790901315.683,store_0,0.000
1790901315.683,store_1,0.050
1790901315.683,avail_mb,45055
1790901315.683,pswpin,907511
1790901316.692,api,0.050
1790901316.692,client,0.010
1790901316.692,enginecore,6.956
1790901316.692,other_total,0.030
1790901316.692,store_0,0.059
1790901316.692,store_1,0.020
1790901316.692,avail_mb,45049
1790901316.692,pswpin,907511
1790901317.705,api,0.049
1790901317.705,client,0.010
1790901317.705,enginecore,5.546
1790901317.705,other_total,0.020
1790901317.705,store_0,0.000
1790901317.705,store_1,0.030
1790901317.705,avail_mb,45044
1790901317.705,pswpin,907511
1790901318.715,api,0.069
1790901318.715,client,0.020
1790901318.715,enginecore,3.605
1790901318.715,other_total,0.000
1790901318.715,store_0,0.020
1790901318.715,store_1,0.000
1790901318.715,avail_mb,45043
1790901318.715,pswpin,907511
1790901319.724,api,0.040
1790901319.724,client,0.020
1790901319.724,enginecore,4.429
1790901319.724,other_total,0.000
1790901319.724,store_0,0.000
1790901319.724,store_1,0.000
1790901319.724,avail_mb,45040
1790901319.724,pswpin,907511
1790901320.733,api,0.040
1790901320.733,client,0.020
1790901320.733,enginecore,6.173
1790901320.733,other_total,0.020
1790901320.733,store_0,0.000
1790901320.733,store_1,0.030
1790901320.733,avail_mb,45034
1790901320.733,pswpin,907511
1790901321.745,api,0.049
1790901321.745,client,0.000
1790901321.745,enginecore,5.763
1790901321.745,other_total,0.040
1790901321.745,store_0,0.030
1790901321.745,store_1,0.000
1790901321.745,avail_mb,45028
1790901321.745,pswpin,907511
1790901322.754,api,0.050
1790901322.754,client,0.020
1790901322.754,enginecore,6.154
1790901322.754,other_total,0.000
1790901322.754,store_0,0.030
1790901322.754,store_1,0.030
1790901322.754,avail_mb,45034
1790901322.754,pswpin,907511
1790901323.764,api,0.030
1790901323.764,client,0.000
1790901323.764,enginecore,4.349
1790901323.764,other_total,0.000
1790901323.764,store_0,0.000
1790901323.764,store_1,0.040
1790901323.764,avail_mb,45039
1790901323.764,pswpin,907511
1790901324.773,api,0.050
1790901324.773,client,0.010
1790901324.773,enginecore,6.896
1790901324.773,other_total,0.030
1790901324.773,store_0,0.020
1790901324.773,store_1,0.030
1790901324.773,avail_mb,45034
1790901324.773,pswpin,907511
1790901325.786,api,0.030
1790901325.786,client,0.010
1790901325.786,enginecore,4.787
1790901325.786,other_total,0.010
1790901325.786,store_0,0.010
1790901325.786,store_1,0.020
1790901325.786,avail_mb,45036
1790901325.786,pswpin,907511
1790901326.798,api,0.059
1790901326.798,client,0.020
1790901326.798,enginecore,6.317
1790901326.798,other_total,0.099
1790901326.798,store_0,0.059
1790901326.798,store_1,0.030
1790901326.798,avail_mb,45049
1790901326.798,pswpin,907511
1790901327.806,api,0.059
1790901327.806,client,0.030
1790901327.806,enginecore,3.490
1790901327.806,other_total,0.000
1790901327.806,store_0,0.000
1790901327.806,store_1,0.000
1790901327.806,avail_mb,45048
1790901327.806,pswpin,907511
1790901328.815,api,0.020
1790901328.815,client,0.000
1790901328.815,enginecore,6.631
1790901328.815,other_total,0.059
1790901328.815,store_0,0.020
1790901328.815,store_1,0.020
1790901328.815,avail_mb,45058
1790901328.815,pswpin,907511
1790901329.827,api,0.049
1790901329.827,client,0.020
1790901329.827,enginecore,5.922
1790901329.827,other_total,0.010
1790901329.827,store_0,0.040
1790901329.827,store_1,0.030
1790901329.827,avail_mb,45053
1790901329.827,pswpin,907511
1790901330.838,api,0.069
1790901330.838,client,0.010
1790901330.838,enginecore,3.935
1790901330.838,other_total,0.010
1790901330.838,store_0,0.010
1790901330.838,store_1,0.030
1790901330.838,avail_mb,45042
1790901330.838,pswpin,907511
1790901331.848,api,0.040
1790901331.848,client,0.010
1790901331.848,enginecore,6.569
1790901331.848,other_total,0.059
1790901331.848,store_0,0.030
1790901331.848,store_1,0.000
1790901331.848,avail_mb,45039
1790901331.848,pswpin,907511
1790901332.857,api,0.050
1790901332.857,client,0.010
1790901332.857,enginecore,7.056
1790901332.857,other_total,0.069
1790901332.857,store_0,0.020
1790901332.857,store_1,0.030
1790901332.857,avail_mb,45044
1790901332.857,pswpin,907511
1790901333.868,api,0.040
1790901333.868,client,0.030
1790901333.868,enginecore,5.102
1790901333.868,other_total,0.049
1790901333.868,store_0,0.040
1790901333.868,store_1,0.000
1790901333.868,avail_mb,45042
1790901333.868,pswpin,907511
1790901334.877,api,0.050
1790901334.877,client,0.010
1790901334.877,enginecore,3.974
1790901334.877,other_total,0.000
1790901334.877,store_0,0.000
1790901334.877,store_1,0.030
1790901334.877,avail_mb,45041
1790901334.877,pswpin,907511
1790901335.886,api,0.030
1790901335.886,client,0.000
1790901335.886,enginecore,6.701
1790901335.886,other_total,0.069
1790901335.886,store_0,0.040
1790901335.886,store_1,0.020
1790901335.886,avail_mb,45039
1790901335.886,pswpin,907511
1790901336.895,api,0.079
1790901336.895,client,0.020
1790901336.895,enginecore,6.027
1790901336.895,other_total,0.000
1790901336.895,store_0,0.000
1790901336.895,store_1,0.020
1790901336.895,avail_mb,45030
1790901336.895,pswpin,907511
1790901337.904,api,0.040
1790901337.904,client,0.010
1790901337.904,enginecore,3.598
1790901337.904,other_total,0.040
1790901337.904,store_0,0.030
1790901337.904,store_1,0.000
1790901337.904,avail_mb,45031
1790901337.904,pswpin,907511
1790901338.913,api,0.040
1790901338.913,client,0.010
1790901338.913,enginecore,3.668
1790901338.913,other_total,0.040
1790901338.913,store_0,0.000
1790901338.913,store_1,0.000
1790901338.913,avail_mb,45027
1790901338.913,pswpin,907511
1790901339.921,api,0.050
1790901339.921,client,0.010
1790901339.921,enginecore,6.741
1790901339.921,other_total,0.089
1790901339.921,store_0,0.020
1790901339.921,store_1,0.030
1790901339.921,avail_mb,45027
1790901339.921,pswpin,907511
1790901340.930,api,0.040
1790901340.930,client,0.020
1790901340.930,enginecore,4.619
1790901340.930,other_total,0.040
1790901340.930,store_0,0.000
1790901340.930,store_1,0.000
1790901340.930,avail_mb,45017
1790901340.930,pswpin,907511
1790901341.940,api,0.069
1790901341.940,client,0.020
1790901341.940,enginecore,4.437
1790901341.940,other_total,0.040
1790901341.940,store_0,0.059
1790901341.940,store_1,0.000
1790901341.940,avail_mb,45017
1790901341.940,pswpin,907511
1790901342.949,api,0.040
1790901342.949,client,0.020
1790901342.949,enginecore,4.467
1790901342.949,other_total,0.010
1790901342.949,store_0,0.000
1790901342.949,store_1,0.050
1790901342.949,avail_mb,45016
1790901342.949,pswpin,907511
1790901343.958,api,0.040
1790901343.958,client,0.010
1790901343.958,enginecore,5.839
1790901343.958,other_total,0.040
1790901343.958,store_0,0.050
1790901343.958,store_1,0.000
1790901343.958,avail_mb,45016
1790901343.958,pswpin,907511
1790901344.967,api,0.040
1790901344.967,client,0.020
1790901344.967,enginecore,6.521
1790901344.967,other_total,0.010
1790901344.967,store_0,0.040
1790901344.967,store_1,0.040
1790901344.967,avail_mb,45019
1790901344.967,pswpin,907511
1790901345.979,api,0.040
1790901345.979,client,0.010
1790901345.979,enginecore,2.639
1790901345.979,other_total,0.069
1790901345.979,store_0,0.000
1790901345.979,store_1,0.000
1790901345.979,avail_mb,45011
1790901345.979,pswpin,907511
1790901346.988,api,0.040
1790901346.988,client,0.010
1790901346.988,enginecore,6.679
1790901346.988,other_total,0.000
1790901346.988,store_0,0.040
1790901346.988,store_1,0.030
1790901346.988,avail_mb,45017
1790901346.988,pswpin,907511
1790901347.997,api,0.059
1790901347.997,client,0.020
1790901347.997,enginecore,5.300
1790901347.997,other_total,0.020
1790901347.997,store_0,0.020
1790901347.997,store_1,0.000
1790901347.997,avail_mb,45010
1790901347.997,pswpin,907511
1790901349.006,api,0.059
1790901349.006,client,0.000
1790901349.006,enginecore,6.897
1790901349.006,other_total,0.010
1790901349.006,store_0,0.000
1790901349.006,store_1,0.030
1790901349.006,avail_mb,45006
1790901349.006,pswpin,907511
1790901350.015,api,0.040
1790901350.015,client,0.030
1790901350.015,enginecore,2.210
1790901350.015,other_total,0.000
1790901350.015,store_0,0.000
1790901350.015,store_1,0.000
1790901350.015,avail_mb,45002
1790901350.015,pswpin,907511
1790901351.025,api,0.040
1790901351.025,client,0.010
1790901351.025,enginecore,7.281
1790901351.025,other_total,0.000
1790901351.025,store_0,0.059
1790901351.025,store_1,0.050
1790901351.025,avail_mb,44991
1790901351.025,pswpin,907511
1790901352.034,api,0.050
1790901352.034,client,0.010
1790901352.034,enginecore,7.005
1790901352.034,other_total,0.000
1790901352.034,store_0,0.030
1790901352.034,store_1,0.010
1790901352.034,avail_mb,44991
1790901352.034,pswpin,907511
1790901353.043,api,0.050
1790901353.043,client,0.010
1790901353.043,enginecore,2.161
1790901353.043,other_total,0.010
1790901353.043,store_0,0.000
1790901353.043,store_1,0.000
1790901353.043,avail_mb,44992
1790901353.043,pswpin,907511
1790901354.052,api,0.040
1790901354.052,client,0.010
1790901354.052,enginecore,5.303
1790901354.052,other_total,0.000
1790901354.052,store_0,0.000
1790901354.052,store_1,0.000
1790901354.052,avail_mb,44991
1790901354.052,pswpin,907511
1790901355.061,api,0.050
1790901355.061,client,0.020
1790901355.061,enginecore,6.234
1790901355.061,other_total,0.000
1790901355.061,store_0,0.030
1790901355.061,store_1,0.059
1790901355.061,avail_mb,45000
1790901355.061,pswpin,907511
1790901356.081,api,0.049
1790901356.081,client,0.010
1790901356.081,enginecore,6.932
1790901356.081,other_total,0.039
1790901356.081,store_0,0.059
1790901356.081,store_1,0.069
1790901356.081,avail_mb,45003
1790901356.081,pswpin,907511
1790901357.093,api,0.069
1790901357.093,client,0.020
1790901357.093,enginecore,2.342
1790901357.093,other_total,0.000
1790901357.093,store_0,0.000
1790901357.093,store_1,0.000
1790901357.093,avail_mb,44997
1790901357.093,pswpin,907511
1790901358.102,api,0.040
1790901358.102,client,0.010
1790901358.102,enginecore,6.017
1790901358.102,other_total,0.030
1790901358.102,store_0,0.059
1790901358.102,store_1,0.030
1790901358.102,avail_mb,44996
1790901358.102,pswpin,907511
1790901359.111,api,0.059
1790901359.111,client,0.010
1790901359.111,enginecore,6.185
1790901359.111,other_total,0.050
1790901359.111,store_0,0.000
1790901359.111,store_1,0.020
1790901359.111,avail_mb,44995
1790901359.111,pswpin,907511
1790901360.119,api,0.050
1790901360.119,client,0.020
1790901360.119,enginecore,2.537
1790901360.119,other_total,0.059
1790901360.119,store_0,0.000
1790901360.119,store_1,0.000
1790901360.119,avail_mb,44992
1790901360.119,pswpin,907511
1790901361.128,api,0.050
1790901361.128,client,0.000
1790901361.128,enginecore,4.688
1790901361.128,other_total,0.030
1790901361.128,store_0,0.020
1790901361.128,store_1,0.000
1790901361.128,avail_mb,44983
1790901361.128,pswpin,907511
1790901362.137,api,0.059
1790901362.137,client,0.020
1790901362.137,enginecore,6.214
1790901362.137,other_total,0.010
1790901362.137,store_0,0.020
1790901362.137,store_1,0.040
1790901362.137,avail_mb,44977
1790901362.137,pswpin,907511
1790901363.146,api,0.040
1790901363.146,client,0.020
1790901363.146,enginecore,6.700
1790901363.146,other_total,0.040
1790901363.146,store_0,0.040
1790901363.146,store_1,0.010
1790901363.146,avail_mb,44982
1790901363.146,pswpin,907511
1790901364.157,api,0.049
1790901364.157,client,0.020
1790901364.157,enginecore,4.460
1790901364.157,other_total,0.030
1790901364.157,store_0,0.000
1790901364.157,store_1,0.020
1790901364.157,avail_mb,44977
1790901364.157,pswpin,907511
1790901365.166,api,0.050
1790901365.166,client,0.020
1790901365.166,enginecore,3.875
1790901365.166,other_total,0.059
1790901365.166,store_0,0.030
1790901365.166,store_1,0.000
1790901365.166,avail_mb,44975
1790901365.166,pswpin,907511
1790901366.176,api,0.059
1790901366.176,client,0.020
1790901366.176,enginecore,6.639
1790901366.176,other_total,0.010
1790901366.176,store_0,0.030
1790901366.176,store_1,0.020
1790901366.176,avail_mb,44974
1790901366.176,pswpin,907511
1790901367.187,api,0.040
1790901367.187,client,0.020
1790901367.187,enginecore,5.578
1790901367.187,other_total,0.069
1790901367.187,store_0,0.049
1790901367.187,store_1,0.000
1790901367.187,avail_mb,44971
1790901367.187,pswpin,907511
1790901368.196,api,0.050
1790901368.196,client,0.010
1790901368.196,enginecore,4.360
1790901368.196,other_total,0.010
1790901368.196,store_0,0.000
1790901368.196,store_1,0.020
1790901368.196,avail_mb,44969
1790901368.196,pswpin,907511
1790901369.205,api,0.040
1790901369.205,client,0.010
1790901369.205,enginecore,4.559
1790901369.205,other_total,0.050
1790901369.205,store_0,0.050
1790901369.205,store_1,0.000
1790901369.205,avail_mb,44972
1790901369.205,pswpin,907511
1790901370.214,api,0.059
1790901370.214,client,0.010
1790901370.214,enginecore,6.998
1790901370.214,other_total,0.069
1790901370.214,store_0,0.010
1790901370.214,store_1,0.030
1790901370.214,avail_mb,44965
1790901370.214,pswpin,907511
1790901371.226,api,0.059
1790901371.226,client,0.020
1790901371.226,enginecore,4.666
1790901371.226,other_total,0.030
1790901371.226,store_0,0.020
1790901371.226,store_1,0.030
1790901371.226,avail_mb,44959
1790901371.226,pswpin,907511
1790901372.234,api,0.030
1790901372.234,client,0.010
1790901372.234,enginecore,6.017
1790901372.234,other_total,0.050
1790901372.234,store_0,0.030
1790901372.234,store_1,0.030
1790901372.234,avail_mb,44956
1790901372.234,pswpin,907511
1790901373.243,api,0.040
1790901373.243,client,0.010
1790901373.243,enginecore,4.807
1790901373.243,other_total,0.010
1790901373.243,store_0,0.050
1790901373.243,store_1,0.000
1790901373.243,avail_mb,44957
1790901373.243,pswpin,907511
1790901374.252,api,0.050
1790901374.252,client,0.020
1790901374.252,enginecore,5.015
1790901374.252,other_total,0.010
1790901374.252,store_0,0.050
1790901374.252,store_1,0.000
1790901374.252,avail_mb,44959
1790901374.252,pswpin,907511
1790901375.261,api,0.040
1790901375.261,client,0.000
1790901375.261,enginecore,4.699
1790901375.261,other_total,0.030
1790901375.261,store_0,0.000
1790901375.261,store_1,0.059
1790901375.261,avail_mb,44959
1790901375.261,pswpin,907511
1790901376.270,api,0.040
1790901376.270,client,0.020
1790901376.270,enginecore,6.074
1790901376.270,other_total,0.000
1790901376.270,store_0,0.030
1790901376.270,store_1,0.020
1790901376.270,avail_mb,44958
1790901376.270,pswpin,907511
1790901377.279,api,0.059
1790901377.279,client,0.000
1790901377.279,enginecore,4.143
1790901377.279,other_total,0.010
1790901377.279,store_0,0.030
1790901377.279,store_1,0.000
1790901377.279,avail_mb,44956
1790901377.279,pswpin,907511
1790901378.293,api,0.059
1790901378.293,client,0.030
1790901378.293,enginecore,4.530
1790901378.293,other_total,0.010
1790901378.293,store_0,0.020
1790901378.293,store_1,0.000
1790901378.293,avail_mb,44960
1790901378.293,pswpin,907511
1790901379.302,api,0.030
1790901379.302,client,0.000
1790901379.302,enginecore,3.735
1790901379.302,other_total,0.050
1790901379.302,store_0,0.000
1790901379.302,store_1,0.020
1790901379.302,avail_mb,44959
1790901379.302,pswpin,907511
1790901380.311,api,0.050
1790901380.311,client,0.020
1790901380.311,enginecore,6.302
1790901380.311,other_total,0.000
1790901380.311,store_0,0.030
1790901380.311,store_1,0.030
1790901380.311,avail_mb,44952
1790901380.311,pswpin,907511
1790901381.320,api,0.040
1790901381.320,client,0.010
1790901381.320,enginecore,7.028
1790901381.320,other_total,0.040
1790901381.320,store_0,0.020
1790901381.320,store_1,0.059
1790901381.320,avail_mb,44957
1790901381.320,pswpin,907511
1790901382.330,api,0.049
1790901382.330,client,0.020
1790901382.330,enginecore,2.207
1790901382.330,other_total,0.010
1790901382.330,store_0,0.030
1790901382.330,store_1,0.000
1790901382.330,avail_mb,44955
1790901382.330,pswpin,907511
1790901383.340,api,0.050
1790901383.340,client,0.030
1790901383.340,enginecore,6.223
1790901383.340,other_total,0.000
1790901383.340,store_0,0.030
1790901383.340,store_1,0.000
1790901383.340,avail_mb,44954
1790901383.340,pswpin,907511
1790901384.349,api,0.040
1790901384.349,client,0.010
1790901384.349,enginecore,5.420
1790901384.349,other_total,0.040
1790901384.349,store_0,0.030
1790901384.349,store_1,0.020
1790901384.349,avail_mb,44955
1790901384.349,pswpin,907511
1790901385.358,api,0.040
1790901385.358,client,0.020
1790901385.358,enginecore,6.004
1790901385.358,other_total,0.030
1790901385.358,store_0,0.020
1790901385.358,store_1,0.050
1790901385.358,avail_mb,44956
1790901385.358,pswpin,907511
1790901386.368,api,0.040
1790901386.368,client,0.010
1790901386.368,enginecore,3.209
1790901386.368,other_total,0.000
1790901386.368,store_0,0.000
1790901386.368,store_1,0.000
1790901386.368,avail_mb,44954
1790901386.368,pswpin,907511
1790901387.377,api,0.030
1790901387.377,client,0.010
1790901387.377,enginecore,3.083
1790901387.377,other_total,0.040
1790901387.377,store_0,0.000
1790901387.377,store_1,0.030
1790901387.377,avail_mb,45001
1790901387.377,pswpin,907511
1790901388.385,api,0.030
1790901388.385,client,0.010
1790901388.385,enginecore,2.330
1790901388.385,other_total,0.020
1790901388.385,store_0,0.000
1790901388.385,store_1,0.020
1790901388.385,avail_mb,45001
1790901388.385,pswpin,907511
1790901389.394,api,0.040
1790901389.394,client,0.000
1790901389.394,enginecore,3.043
1790901389.394,other_total,0.030
1790901389.394,store_0,0.000
1790901389.394,store_1,0.010
1790901389.394,avail_mb,45003
1790901389.394,pswpin,907511
1790901390.403,api,0.030
1790901390.403,client,0.010
1790901390.403,enginecore,2.983
1790901390.403,other_total,0.079
1790901390.403,store_0,0.000
1790901390.403,store_1,0.020
1790901390.403,avail_mb,45001
1790901390.403,pswpin,907511
1790901391.412,api,0.040
1790901391.412,client,0.010
1790901391.412,enginecore,1.487
1790901391.412,other_total,0.040
1790901391.412,store_0,0.000
1790901391.412,store_1,0.000
1790901391.412,avail_mb,45000
1790901391.412,pswpin,907511
1790901392.421,api,0.030
1790901392.421,client,0.010
1790901392.421,enginecore,2.984
1790901392.421,other_total,0.000
1790901392.421,store_0,0.000
1790901392.421,store_1,0.050
1790901392.421,avail_mb,45002
1790901392.421,pswpin,907511
1790901393.429,api,0.020
1790901393.429,client,0.010
1790901393.429,enginecore,2.280
1790901393.429,other_total,0.079
1790901393.429,store_0,0.000
1790901393.429,store_1,0.020
1790901393.429,avail_mb,45001
1790901393.429,pswpin,907511
1790901394.438,api,0.040
1790901394.438,client,0.010
1790901394.438,enginecore,2.944
1790901394.438,other_total,0.000
1790901394.438,store_0,0.000
1790901394.438,store_1,0.010
1790901394.438,avail_mb,45000
1790901394.438,pswpin,907511
1790901395.447,api,0.020
1790901395.447,client,0.010
1790901395.447,enginecore,2.983
1790901395.447,other_total,0.030
1790901395.447,store_0,0.000
1790901395.447,store_1,0.050
1790901395.447,avail_mb,45001
1790901395.447,pswpin,907511
1790901396.456,api,0.040
1790901396.456,client,0.010
1790901396.456,enginecore,3.073
1790901396.456,other_total,0.050
1790901396.456,store_0,0.000
1790901396.456,store_1,0.030
1790901396.456,avail_mb,45007
1790901396.456,pswpin,907511
1790901397.464,api,0.010
1790901397.464,enginecore,0.317
1790901397.464,other_total,0.050
1790901397.464,store_0,0.000
1790901397.464,store_1,0.000
1790901397.464,avail_mb,45043
1790901397.464,pswpin,907511
1790901398.475,api,0.000
1790901398.475,enginecore,0.000
1790901398.475,other_total,0.040
1790901398.475,store_0,0.000
1790901398.475,store_1,0.000
1790901398.475,avail_mb,45042
1790901398.475,pswpin,907511
1790901399.485,api,0.020
1790901399.485,enginecore,0.020
1790901399.485,other_total,2.347
1790901399.485,store_0,0.000
1790901399.485,store_1,0.000
1790901399.485,avail_mb,44940
1790901399.485,pswpin,907511
1790901400.495,api,0.000
1790901400.495,client,0.000
1790901400.495,enginecore,0.000
1790901400.495,other_total,0.257
1790901400.495,store_0,0.000
1790901400.495,store_1,0.000
1790901400.495,avail_mb,44911
1790901400.495,pswpin,907511
1790901401.506,api,0.000
1790901401.506,client,0.000
1790901401.506,enginecore,0.020
1790901401.506,other_total,0.020
1790901401.506,store_0,0.000
1790901401.506,store_1,0.000
1790901401.506,avail_mb,44887
1790901401.506,pswpin,907511
1790901402.517,api,0.000
1790901402.517,client,0.000
1790901402.517,enginecore,0.000
1790901402.517,other_total,0.079
1790901402.517,store_0,0.000
1790901402.517,store_1,0.000
1790901402.517,avail_mb,44899
1790901402.517,pswpin,907511
1790901403.528,api,0.000
1790901403.528,client,0.000
1790901403.528,enginecore,1.217
1790901403.528,other_total,0.158
1790901403.528,store_0,0.000
1790901403.528,store_1,0.030
1790901403.528,avail_mb,44906
1790901403.528,pswpin,907511
1790901404.538,api,0.010
1790901404.538,client,0.000
1790901404.538,enginecore,0.079
1790901404.538,other_total,0.049
1790901404.538,store_0,0.000
1790901404.538,store_1,0.000
1790901404.538,avail_mb,44944
1790901404.538,pswpin,907511
1790901405.549,api,0.000
1790901405.549,client,0.010
1790901405.549,enginecore,1.237
1790901405.549,other_total,0.030
1790901405.549,store_0,0.030
1790901405.549,store_1,0.000
1790901405.549,avail_mb,44957
1790901405.549,pswpin,907511
1790901406.560,api,0.010
1790901406.560,client,0.000
1790901406.560,enginecore,1.187
1790901406.560,other_total,0.030
1790901406.560,store_0,0.020
1790901406.560,store_1,0.000
1790901406.560,avail_mb,44967
1790901406.560,pswpin,907511
1790901407.571,api,0.000
1790901407.571,enginecore,0.059
1790901407.571,other_total,0.059
1790901407.571,store_0,0.000
1790901407.571,store_1,0.000
1790901407.571,avail_mb,45001
1790901407.571,pswpin,907511
1790901408.581,api,0.000
1790901408.581,enginecore,0.000
1790901408.581,other_total,0.059
1790901408.581,store_0,0.000
1790901408.581,store_1,0.000
1790901408.581,avail_mb,45001
1790901408.581,pswpin,907511
1790901409.592,api,0.010
1790901409.592,enginecore,0.020
1790901409.592,other_total,2.394
1790901409.592,store_0,0.000
1790901409.592,store_1,0.000
1790901409.592,avail_mb,44876
1790901409.592,pswpin,907511
1790901410.603,api,0.010
1790901410.603,client,0.000
1790901410.603,enginecore,0.020
1790901410.603,other_total,0.040
1790901410.603,store_0,0.000
1790901410.603,store_1,0.000
1790901410.603,avail_mb,44869
1790901410.603,pswpin,907511
1790901411.613,api,0.000
1790901411.613,client,0.000
1790901411.613,enginecore,0.040
1790901411.613,other_total,0.099
1790901411.613,store_0,0.000
1790901411.613,store_1,0.000
1790901411.613,avail_mb,44869
1790901411.613,pswpin,907511
1790901412.624,api,0.000
1790901412.624,client,0.000
1790901412.624,enginecore,0.020
1790901412.624,other_total,0.030
1790901412.624,store_0,0.000
1790901412.624,store_1,0.000
1790901412.624,avail_mb,44868
1790901412.624,pswpin,907511
1790901413.635,api,0.069
1790901413.635,client,0.020
1790901413.635,enginecore,1.890
1790901413.635,other_total,0.000
1790901413.635,store_0,0.000
1790901413.635,store_1,0.000
1790901413.635,avail_mb,44866
1790901413.635,pswpin,907511
1790901414.644,api,0.040
1790901414.644,client,0.020
1790901414.644,enginecore,1.714
1790901414.644,other_total,0.010
1790901414.644,store_0,0.000
1790901414.644,store_1,0.000
1790901414.644,avail_mb,44869
1790901414.644,pswpin,907511
1790901415.653,api,0.050
1790901415.653,client,0.010
1790901415.653,enginecore,1.774
1790901415.653,other_total,0.000
1790901415.653,store_0,0.000
1790901415.653,store_1,0.000
1790901415.653,avail_mb,44877
1790901415.653,pswpin,907511
1790901416.662,api,0.040
1790901416.662,client,0.010
1790901416.662,enginecore,1.477
1790901416.662,other_total,0.000
1790901416.662,store_0,0.000
1790901416.662,store_1,0.000
1790901416.662,avail_mb,44881
1790901416.662,pswpin,907511
1790901417.671,api,0.030
1790901417.671,client,0.000
1790901417.671,enginecore,1.547
1790901417.671,other_total,0.069
1790901417.671,store_0,0.000
1790901417.671,store_1,0.000
1790901417.671,avail_mb,44883
1790901417.671,pswpin,907511
1790901418.680,api,0.059
1790901418.680,client,0.030
1790901418.680,enginecore,2.190
1790901418.680,other_total,0.030
1790901418.680,store_0,0.000
1790901418.680,store_1,0.000
1790901418.680,avail_mb,44886
1790901418.680,pswpin,907511
1790901419.689,api,0.059
1790901419.689,client,0.000
1790901419.689,enginecore,2.190
1790901419.689,other_total,0.000
1790901419.689,store_0,0.000
1790901419.689,store_1,0.000
1790901419.689,avail_mb,44889
1790901419.689,pswpin,907511
1790901420.698,api,0.050
1790901420.698,client,0.020
1790901420.698,enginecore,2.210
1790901420.698,other_total,0.000
1790901420.698,store_0,0.000
1790901420.698,store_1,0.000
1790901420.698,avail_mb,44889
1790901420.698,pswpin,907511
1790901421.708,api,0.050
1790901421.708,client,0.010
1790901421.708,enginecore,2.180
1790901421.708,other_total,0.000
1790901421.708,store_0,0.000
1790901421.708,store_1,0.000
1790901421.708,avail_mb,44893
1790901421.708,pswpin,907511
1790901422.716,api,0.059
1790901422.716,client,0.010
1790901422.716,enginecore,2.221
1790901422.716,other_total,0.030
1790901422.716,store_0,0.000
1790901422.716,store_1,0.000
1790901422.716,avail_mb,44891
1790901422.716,pswpin,907511
1790901423.725,api,0.050
1790901423.725,client,0.010
1790901423.725,enginecore,2.141
1790901423.725,other_total,0.069
1790901423.725,store_0,0.000
1790901423.725,store_1,0.000
1790901423.725,avail_mb,44893
1790901423.725,pswpin,907511
1790901424.734,api,0.050
1790901424.734,client,0.010
1790901424.734,enginecore,1.566
1790901424.734,other_total,0.000
1790901424.734,store_0,0.000
1790901424.734,store_1,0.000
1790901424.734,avail_mb,44895
1790901424.734,pswpin,907511
1790901425.742,api,0.050
1790901425.742,client,0.010
1790901425.742,enginecore,1.150
1790901425.742,other_total,0.020
1790901425.742,store_0,0.000
1790901425.742,store_1,0.000
1790901425.742,avail_mb,44894
1790901425.742,pswpin,907511
1790901426.751,api,0.040
1790901426.751,client,0.020
1790901426.751,enginecore,1.556
1790901426.751,other_total,0.099
1790901426.751,store_0,0.000
1790901426.751,store_1,0.000
1790901426.751,avail_mb,44892
1790901426.751,pswpin,907511
1790901427.761,api,0.040
1790901427.761,client,0.000
1790901427.761,enginecore,2.210
1790901427.761,other_total,0.059
1790901427.761,store_0,0.000
1790901427.761,store_1,0.000
1790901427.761,avail_mb,44908
1790901427.761,pswpin,907511
1790901428.770,api,0.059
1790901428.770,client,0.030
1790901428.770,enginecore,2.190
1790901428.770,other_total,0.030
1790901428.770,store_0,0.000
1790901428.770,store_1,0.000
1790901428.770,avail_mb,44908
1790901428.770,pswpin,907511
1790901429.779,api,0.050
1790901429.779,client,0.010
1790901429.779,enginecore,2.200
1790901429.779,other_total,0.069
1790901429.779,store_0,0.000
1790901429.779,store_1,0.000
1790901429.779,avail_mb,44906
1790901429.779,pswpin,907511
1790901430.788,api,0.050
1790901430.788,client,0.010
1790901430.788,enginecore,2.210
1790901430.788,other_total,0.030
1790901430.788,store_0,0.000
1790901430.788,store_1,0.000
1790901430.788,avail_mb,44905
1790901430.788,pswpin,907514
1790901431.796,api,0.050
1790901431.796,client,0.010
1790901431.796,enginecore,2.211
1790901431.796,other_total,0.020
1790901431.796,store_0,0.000
1790901431.796,store_1,0.000
1790901431.796,avail_mb,44906
1790901431.796,pswpin,907514
1790901432.805,api,0.079
1790901432.805,client,0.030
1790901432.805,enginecore,2.191
1790901432.805,other_total,0.030
1790901432.805,store_0,0.000
1790901432.805,store_1,0.000
1790901432.805,avail_mb,44901
1790901432.805,pswpin,907514
1790901433.814,api,0.079
1790901433.814,client,0.010
1790901433.814,enginecore,2.161
1790901433.814,other_total,0.030
1790901433.814,store_0,0.000
1790901433.814,store_1,0.000
1790901433.814,avail_mb,44901
1790901433.814,pswpin,907514
1790901434.823,api,0.030
1790901434.823,client,0.010
1790901434.823,enginecore,1.943
1790901434.823,other_total,0.040
1790901434.823,store_0,0.000
1790901434.823,store_1,0.000
1790901434.823,avail_mb,44900
1790901434.823,pswpin,907514
1790901435.832,api,0.050
1790901435.832,client,0.010
1790901435.832,enginecore,1.784
1790901435.832,other_total,0.020
1790901435.832,store_0,0.000
1790901435.832,store_1,0.000
1790901435.832,avail_mb,44900
1790901435.832,pswpin,907514
1790901436.841,api,0.020
1790901436.841,client,0.010
1790901436.841,enginecore,0.724
1790901436.841,other_total,0.050
1790901436.841,store_0,0.000
1790901436.841,store_1,0.000
1790901436.841,avail_mb,44900
1790901436.841,pswpin,907514
1790901437.850,api,0.059
1790901437.850,client,0.010
1790901437.850,enginecore,1.586
1790901437.850,other_total,0.000
1790901437.850,store_0,0.000
1790901437.850,store_1,0.000
1790901437.850,avail_mb,44899
1790901437.850,pswpin,907514
1790901438.858,api,0.040
1790901438.858,client,0.020
1790901438.858,enginecore,2.161
1790901438.858,other_total,0.040
1790901438.858,store_0,0.000
1790901438.858,store_1,0.000
1790901438.858,avail_mb,44900
1790901438.858,pswpin,907514
1790901439.867,api,0.050
1790901439.867,client,0.010
1790901439.867,enginecore,2.171
1790901439.867,other_total,0.020
1790901439.867,store_0,0.000
1790901439.867,store_1,0.000
1790901439.867,avail_mb,44903
1790901439.867,pswpin,907514
1790901440.876,api,0.059
1790901440.876,client,0.010
1790901440.876,enginecore,2.200
1790901440.876,other_total,0.020
1790901440.876,store_0,0.000
1790901440.876,store_1,0.000
1790901440.876,avail_mb,44908
1790901440.876,pswpin,907514
1790901441.885,api,0.050
1790901441.885,client,0.020
1790901441.885,enginecore,2.191
1790901441.885,other_total,0.020
1790901441.885,store_0,0.000
1790901441.885,store_1,0.000
1790901441.885,avail_mb,44907
1790901441.885,pswpin,907514
1790901442.894,api,0.040
1790901442.894,client,0.020
1790901442.894,enginecore,2.191
1790901442.894,other_total,0.010
1790901442.894,store_0,0.000
1790901442.894,store_1,0.000
1790901442.894,avail_mb,44908
1790901442.894,pswpin,907514
1790901443.903,api,0.059
1790901443.903,client,0.020
1790901443.903,enginecore,1.436
1790901443.903,other_total,0.000
1790901443.903,store_0,0.000
1790901443.903,store_1,0.000
1790901443.903,avail_mb,44906
1790901443.903,pswpin,907514
1790901444.912,api,0.040
1790901444.912,client,0.010
1790901444.912,enginecore,2.221
1790901444.912,other_total,0.030
1790901444.912,store_0,0.000
1790901444.912,store_1,0.000
1790901444.912,avail_mb,44902
1790901444.912,pswpin,907514
1790901445.921,api,0.069
1790901445.921,client,0.000
1790901445.921,enginecore,2.190
1790901445.921,other_total,0.020
1790901445.921,store_0,0.000
1790901445.921,store_1,0.000
1790901445.921,avail_mb,44901
1790901445.921,pswpin,907514
1790901446.930,api,0.059
1790901446.930,client,0.020
1790901446.930,enginecore,2.220
1790901446.930,other_total,0.000
1790901446.930,store_0,0.000
1790901446.930,store_1,0.000
1790901446.930,avail_mb,44901
1790901446.930,pswpin,907514
1790901447.939,api,0.059
1790901447.939,client,0.020
1790901447.939,enginecore,2.171
1790901447.939,other_total,0.020
1790901447.939,store_0,0.000
1790901447.939,store_1,0.000
1790901447.939,avail_mb,44902
1790901447.939,pswpin,907514
1790901448.949,api,0.050
1790901448.949,client,0.010
1790901448.949,enginecore,2.200
1790901448.949,other_total,0.000
1790901448.949,store_0,0.000
1790901448.949,store_1,0.000
1790901448.949,avail_mb,44902
1790901448.949,pswpin,907514
1790901449.957,api,0.040
1790901449.957,client,0.010
1790901449.957,enginecore,1.784
1790901449.957,other_total,0.000
1790901449.957,store_0,0.000
1790901449.957,store_1,0.000
1790901449.957,avail_mb,44902
1790901449.957,pswpin,907514
1790901450.967,api,0.050
1790901450.967,client,0.010
1790901450.967,enginecore,1.962
1790901450.967,other_total,0.000
1790901450.967,store_0,0.000
1790901450.967,store_1,0.000
1790901450.967,avail_mb,44903
1790901450.967,pswpin,907514
1790901451.976,api,0.040
1790901451.976,client,0.010
1790901451.976,enginecore,2.179
1790901451.976,other_total,0.010
1790901451.976,store_0,0.000
1790901451.976,store_1,0.000
1790901451.976,avail_mb,44903
1790901451.976,pswpin,907514
1790901452.985,api,0.040
1790901452.985,client,0.010
1790901452.985,enginecore,2.071
1790901452.985,other_total,0.000
1790901452.985,store_0,0.000
1790901452.985,store_1,0.000
1790901452.985,avail_mb,44902
1790901452.985,pswpin,907514
1790901453.994,api,0.040
1790901453.994,client,0.020
1790901453.994,enginecore,2.211
1790901453.994,other_total,0.020
1790901453.994,store_0,0.000
1790901453.994,store_1,0.000
1790901453.994,avail_mb,44901
1790901453.994,pswpin,907514
1790901455.003,api,0.040
1790901455.003,client,0.020
1790901455.003,enginecore,1.666
1790901455.003,other_total,0.020
1790901455.003,store_0,0.000
1790901455.003,store_1,0.000
1790901455.003,avail_mb,44901
1790901455.003,pswpin,907514
1790901456.012,api,0.059
1790901456.012,client,0.010
1790901456.012,enginecore,2.011
1790901456.012,other_total,0.010
1790901456.012,store_0,0.000
1790901456.012,store_1,0.000
1790901456.012,avail_mb,44900
1790901456.012,pswpin,907514
1790901457.021,api,0.059
1790901457.021,client,0.030
1790901457.021,enginecore,2.199
1790901457.021,other_total,0.010
1790901457.021,store_0,0.000
1790901457.021,store_1,0.000
1790901457.021,avail_mb,44900
1790901457.021,pswpin,907515
1790901458.031,api,0.059
1790901458.031,client,0.020
1790901458.031,enginecore,2.219
1790901458.031,other_total,0.050
1790901458.031,store_0,0.000
1790901458.031,store_1,0.000
1790901458.031,avail_mb,44900
1790901458.031,pswpin,907515
1790901459.039,api,0.059
1790901459.039,client,0.030
1790901459.039,enginecore,2.221
1790901459.039,other_total,0.030
1790901459.039,store_0,0.000
1790901459.039,store_1,0.000
1790901459.039,avail_mb,44900
1790901459.039,pswpin,907515
1790901460.048,api,0.069
1790901460.048,client,0.030
1790901460.048,enginecore,2.181
1790901460.048,other_total,0.020
1790901460.048,store_0,0.000
1790901460.048,store_1,0.000
1790901460.048,avail_mb,44899
1790901460.048,pswpin,907515
1790901461.057,api,0.050
1790901461.057,client,0.020
1790901461.057,enginecore,2.201
1790901461.057,other_total,0.030
1790901461.057,store_0,0.000
1790901461.057,store_1,0.000
1790901461.057,avail_mb,44899
1790901461.057,pswpin,907515
1790901462.065,api,0.059
1790901462.065,client,0.020
1790901462.065,enginecore,2.220
1790901462.065,other_total,0.000
1790901462.065,store_0,0.000
1790901462.065,store_1,0.000
1790901462.065,avail_mb,44899
1790901462.065,pswpin,907515
1790901463.075,api,0.059
1790901463.075,client,0.010
1790901463.075,enginecore,2.189
1790901463.075,other_total,0.059
1790901463.075,store_0,0.000
1790901463.075,store_1,0.000
1790901463.075,avail_mb,44900
1790901463.075,pswpin,907515
1790901464.084,api,0.050
1790901464.084,client,0.020
1790901464.084,enginecore,1.953
1790901464.084,other_total,0.050
1790901464.084,store_0,0.000
1790901464.084,store_1,0.000
1790901464.084,avail_mb,44900
1790901464.084,pswpin,907515
1790901465.093,api,0.059
1790901465.093,client,0.030
1790901465.093,enginecore,2.211
1790901465.093,other_total,0.010
1790901465.093,store_0,0.000
1790901465.093,store_1,0.000
1790901465.093,avail_mb,44900
1790901465.093,pswpin,907515
1790901466.102,api,0.069
1790901466.102,client,0.020
1790901466.102,enginecore,2.209
1790901466.102,other_total,0.040
1790901466.102,store_0,0.000
1790901466.102,store_1,0.000
1790901466.102,avail_mb,44896
1790901466.102,pswpin,907515
1790901467.111,api,0.069
1790901467.111,client,0.020
1790901467.111,enginecore,2.201
1790901467.111,other_total,0.010
1790901467.111,store_0,0.000
1790901467.111,store_1,0.000
1790901467.111,avail_mb,44894
1790901467.111,pswpin,907515
1790901468.120,api,0.040
1790901468.120,client,0.010
1790901468.120,enginecore,2.072
1790901468.120,other_total,0.030
1790901468.120,store_0,0.000
1790901468.120,store_1,0.000
1790901468.120,avail_mb,44892
1790901468.120,pswpin,907515
1790901469.129,api,0.050
1790901469.129,client,0.020
1790901469.129,enginecore,2.190
1790901469.129,other_total,0.000
1790901469.129,store_0,0.000
1790901469.129,store_1,0.000
1790901469.129,avail_mb,44892
1790901469.129,pswpin,907515
1790901470.138,api,0.050
1790901470.138,client,0.030
1790901470.138,enginecore,2.161
1790901470.138,other_total,0.010
1790901470.138,store_0,0.000
1790901470.138,store_1,0.000
1790901470.138,avail_mb,44893
1790901470.138,pswpin,907515
1790901471.146,api,0.069
1790901471.146,client,0.020
1790901471.146,enginecore,2.212
1790901471.146,other_total,0.010
1790901471.146,store_0,0.000
1790901471.146,store_1,0.000
1790901471.146,avail_mb,44891
1790901471.146,pswpin,907515
1790901472.154,api,0.040
1790901472.154,client,0.020
1790901472.154,enginecore,2.191
1790901472.154,other_total,0.000
1790901472.154,store_0,0.000
1790901472.154,store_1,0.000
1790901472.154,avail_mb,44892
1790901472.154,pswpin,907515
1790901473.163,api,0.030
1790901473.163,client,0.010
1790901473.163,enginecore,2.201
1790901473.163,other_total,0.030
1790901473.163,store_0,0.000
1790901473.163,store_1,0.000
1790901473.163,avail_mb,44891
1790901473.163,pswpin,907515
1790901474.172,api,0.050
1790901474.172,client,0.020
1790901474.172,enginecore,2.111
1790901474.172,other_total,0.000
1790901474.172,store_0,0.000
1790901474.172,store_1,0.000
1790901474.172,avail_mb,44890
1790901474.172,pswpin,907515
1790901475.181,api,0.050
1790901475.181,client,0.020
1790901475.181,enginecore,2.061
1790901475.181,other_total,0.010
1790901475.181,store_0,0.000
1790901475.181,store_1,0.000
1790901475.181,avail_mb,44890
1790901475.181,pswpin,907515
1790901476.190,api,0.050
1790901476.190,client,0.010
1790901476.190,enginecore,1.526
1790901476.190,other_total,0.000
1790901476.190,store_0,0.000
1790901476.190,store_1,0.000
1790901476.190,avail_mb,44890
1790901476.190,pswpin,907515
1790901477.199,api,0.050
1790901477.199,client,0.020
1790901477.199,enginecore,1.834
1790901477.199,other_total,0.000
1790901477.199,store_0,0.000
1790901477.199,store_1,0.000
1790901477.199,avail_mb,44889
1790901477.199,pswpin,907515
1790901478.208,api,0.040
1790901478.208,client,0.010
1790901478.208,enginecore,2.081
1790901478.208,other_total,0.040
1790901478.208,store_0,0.000
1790901478.208,store_1,0.000
1790901478.208,avail_mb,44887
1790901478.208,pswpin,907515
1790901479.217,api,0.059
1790901479.217,client,0.020
1790901479.217,enginecore,2.190
1790901479.217,other_total,0.000
1790901479.217,store_0,0.000
1790901479.217,store_1,0.000
1790901479.217,avail_mb,44887
1790901479.217,pswpin,907515
1790901480.226,api,0.089
1790901480.226,client,0.030
1790901480.226,enginecore,2.220
1790901480.226,other_total,0.000
1790901480.226,store_0,0.000
1790901480.226,store_1,0.000
1790901480.226,avail_mb,44887
1790901480.226,pswpin,907515
1790901481.235,api,0.059
1790901481.235,client,0.020
1790901481.235,enginecore,2.220
1790901481.235,other_total,0.010
1790901481.235,store_0,0.000
1790901481.235,store_1,0.000
1790901481.235,avail_mb,44884
1790901481.235,pswpin,907515
1790901482.244,api,0.059
1790901482.244,client,0.020
1790901482.244,enginecore,2.190
1790901482.244,other_total,0.030
1790901482.244,store_0,0.000
1790901482.244,store_1,0.000
1790901482.244,avail_mb,44881
1790901482.244,pswpin,907515
1790901483.253,api,0.050
1790901483.253,client,0.010
1790901483.253,enginecore,2.200
1790901483.253,other_total,0.010
1790901483.253,store_0,0.000
1790901483.253,store_1,0.000
1790901483.253,avail_mb,44880
1790901483.253,pswpin,907515
1790901484.262,api,0.040
1790901484.262,client,0.010
1790901484.262,enginecore,1.477
1790901484.262,other_total,0.020
1790901484.262,store_0,0.000
1790901484.262,store_1,0.000
1790901484.262,avail_mb,44881
1790901484.262,pswpin,907515
1790901485.273,api,0.000
1790901485.273,client,0.000
1790901485.273,enginecore,0.020
1790901485.273,other_total,0.040
1790901485.273,store_0,0.000
1790901485.273,store_1,0.000
1790901485.273,avail_mb,44880
1790901485.273,pswpin,907515
1790901486.284,api,0.000
1790901486.284,client,0.000
1790901486.284,enginecore,0.030
1790901486.284,other_total,0.020
1790901486.284,store_0,0.000
1790901486.284,store_1,0.000
1790901486.284,avail_mb,44879
1790901486.284,pswpin,907515
1790901487.293,api,0.040
1790901487.293,client,0.010
1790901487.293,enginecore,1.239
1790901487.293,other_total,0.020
1790901487.293,store_0,0.000
1790901487.293,store_1,0.000
1790901487.293,avail_mb,44880
1790901487.293,pswpin,907515
1790901488.302,api,0.050
1790901488.302,client,0.030
1790901488.302,enginecore,2.229
1790901488.302,other_total,0.069
1790901488.302,store_0,0.000
1790901488.302,store_1,0.000
1790901488.302,avail_mb,44883
1790901488.302,pswpin,907515
1790901489.311,api,0.059
1790901489.311,client,0.020
1790901489.311,enginecore,2.211
1790901489.311,other_total,0.010
1790901489.311,store_0,0.000
1790901489.311,store_1,0.000
1790901489.311,avail_mb,44883
1790901489.311,pswpin,907515
1790901490.320,api,0.040
1790901490.320,client,0.020
1790901490.320,enginecore,2.210
1790901490.320,other_total,0.050
1790901490.320,store_0,0.000
1790901490.320,store_1,0.000
1790901490.320,avail_mb,44886
1790901490.320,pswpin,907515
1790901491.329,api,0.059
1790901491.329,client,0.030
1790901491.329,enginecore,2.210
1790901491.329,other_total,0.059
1790901491.329,store_0,0.000
1790901491.329,store_1,0.000
1790901491.329,avail_mb,44884
1790901491.329,pswpin,907515
1790901492.338,api,0.069
1790901492.338,client,0.020
1790901492.338,enginecore,2.200
1790901492.338,other_total,0.000
1790901492.338,store_0,0.000
1790901492.338,store_1,0.000
1790901492.338,avail_mb,44883
1790901492.338,pswpin,907515
1790901493.347,api,0.030
1790901493.347,client,0.020
1790901493.347,enginecore,2.210
1790901493.347,other_total,0.030
1790901493.347,store_0,0.000
1790901493.347,store_1,0.000
1790901493.347,avail_mb,44884
1790901493.347,pswpin,907515
1790901494.356,api,0.050
1790901494.356,client,0.030
1790901494.356,enginecore,2.190
1790901494.356,other_total,0.010
1790901494.356,store_0,0.000
1790901494.356,store_1,0.000
1790901494.356,avail_mb,44884
1790901494.356,pswpin,907515
1790901495.365,api,0.059
1790901495.365,client,0.020
1790901495.365,enginecore,2.200
1790901495.365,other_total,0.030
1790901495.365,store_0,0.000
1790901495.365,store_1,0.000
1790901495.365,avail_mb,44884
1790901495.365,pswpin,907515
1790901496.375,api,0.079
1790901496.375,client,0.010
1790901496.375,enginecore,2.219
1790901496.375,other_total,0.050
1790901496.375,store_0,0.000
1790901496.375,store_1,0.000
1790901496.375,avail_mb,44885
1790901496.375,pswpin,907515
1790901497.384,api,0.040
1790901497.384,client,0.020
1790901497.384,enginecore,2.190
1790901497.384,other_total,0.030
1790901497.384,store_0,0.000
1790901497.384,store_1,0.000
1790901497.384,avail_mb,44884
1790901497.384,pswpin,907515
1790901498.392,api,0.050
1790901498.392,client,0.020
1790901498.392,enginecore,1.725
1790901498.392,other_total,0.020
1790901498.392,store_0,0.000
1790901498.392,store_1,0.000
1790901498.392,avail_mb,44885
1790901498.392,pswpin,907515
1790901499.401,api,0.040
1790901499.401,client,0.020
1790901499.401,enginecore,1.576
1790901499.401,other_total,0.040
1790901499.401,store_0,0.000
1790901499.401,store_1,0.000
1790901499.401,avail_mb,44883
1790901499.401,pswpin,907515
1790901500.410,api,0.059
1790901500.410,client,0.030
1790901500.410,enginecore,2.171
1790901500.410,other_total,0.030
1790901500.410,store_0,0.000
1790901500.410,store_1,0.000
1790901500.410,avail_mb,44881
1790901500.410,pswpin,907515
1790901501.420,api,0.059
1790901501.420,client,0.010
1790901501.420,enginecore,2.189
1790901501.420,other_total,0.000
1790901501.420,store_0,0.000
1790901501.420,store_1,0.000
1790901501.420,avail_mb,44882
1790901501.420,pswpin,907515
1790901502.429,api,0.040
1790901502.429,client,0.010
1790901502.429,enginecore,2.208
1790901502.429,other_total,0.040
1790901502.429,store_0,0.000
1790901502.429,store_1,0.000
1790901502.429,avail_mb,44878
1790901502.429,pswpin,907515
1790901503.438,api,0.040
1790901503.438,client,0.020
1790901503.438,enginecore,2.181
1790901503.438,other_total,0.030
1790901503.438,store_0,0.000
1790901503.438,store_1,0.000
1790901503.438,avail_mb,44877
1790901503.438,pswpin,907515
1790901504.446,api,0.050
1790901504.446,client,0.010
1790901504.446,enginecore,1.885
1790901504.446,other_total,0.000
1790901504.446,store_0,0.000
1790901504.446,store_1,0.000
1790901504.446,avail_mb,44877
1790901504.446,pswpin,907515
1790901505.455,api,0.059
1790901505.455,client,0.020
1790901505.455,enginecore,2.211
1790901505.455,other_total,0.000
1790901505.455,store_0,0.000
1790901505.455,store_1,0.000
1790901505.455,avail_mb,44876
1790901505.455,pswpin,907515
1790901506.464,api,0.050
1790901506.464,client,0.020
1790901506.464,enginecore,2.199
1790901506.464,other_total,0.010
1790901506.464,store_0,0.000
1790901506.464,store_1,0.000
1790901506.464,avail_mb,44877
1790901506.464,pswpin,907515
1790901507.473,api,0.069
1790901507.473,client,0.020
1790901507.473,enginecore,2.200
1790901507.473,other_total,0.089
1790901507.473,store_0,0.000
1790901507.473,store_1,0.000
1790901507.473,avail_mb,44882
1790901507.473,pswpin,907515
1790901508.482,api,0.059
1790901508.482,client,0.020
1790901508.482,enginecore,2.210
1790901508.482,other_total,0.020
1790901508.482,store_0,0.000
1790901508.482,store_1,0.000
1790901508.482,avail_mb,44880
1790901508.482,pswpin,907515
1790901509.491,api,0.050
1790901509.491,client,0.020
1790901509.491,enginecore,2.191
1790901509.491,other_total,0.000
1790901509.491,store_0,0.000
1790901509.491,store_1,0.000
1790901509.491,avail_mb,44879
1790901509.491,pswpin,907515
1790901510.501,api,0.040
1790901510.501,client,0.020
1790901510.501,enginecore,2.189
1790901510.501,other_total,0.010
1790901510.501,store_0,0.000
1790901510.501,store_1,0.000
1790901510.501,avail_mb,44881
1790901510.501,pswpin,907515
1790901511.509,api,0.059
1790901511.509,client,0.010
1790901511.509,enginecore,1.834
1790901511.509,other_total,0.000
1790901511.509,store_0,0.000
1790901511.509,store_1,0.000
1790901511.509,avail_mb,44880
1790901511.509,pswpin,907515
1790901512.518,api,0.050
1790901512.518,client,0.020
1790901512.518,enginecore,2.161
1790901512.518,other_total,0.000
1790901512.518,store_0,0.000
1790901512.518,store_1,0.000
1790901512.518,avail_mb,44883
1790901512.518,pswpin,907515
1790901513.527,api,0.059
1790901513.527,client,0.020
1790901513.527,enginecore,2.231
1790901513.527,other_total,0.000
1790901513.527,store_0,0.000
1790901513.527,store_1,0.000
1790901513.527,avail_mb,44883
1790901513.527,pswpin,907515
1790901514.536,api,0.040
1790901514.536,client,0.020
1790901514.536,enginecore,1.724
1790901514.536,other_total,0.040
1790901514.536,store_0,0.000
1790901514.536,store_1,0.000
1790901514.536,avail_mb,44884
1790901514.536,pswpin,907515
1790901515.545,api,0.030
1790901515.545,client,0.010
1790901515.545,enginecore,0.843
1790901515.545,other_total,0.059
1790901515.545,store_0,0.000
1790901515.545,store_1,0.000
1790901515.545,avail_mb,44882
1790901515.545,pswpin,907515
1790901516.553,api,0.040
1790901516.553,client,0.010
1790901516.553,enginecore,1.041
1790901516.553,other_total,0.000
1790901516.553,store_0,0.000
1790901516.553,store_1,0.000
1790901516.553,avail_mb,44881
1790901516.553,pswpin,907515
1790901517.562,api,0.040
1790901517.562,client,0.010
1790901517.562,enginecore,2.190
1790901517.562,other_total,0.079
1790901517.562,store_0,0.000
1790901517.562,store_1,0.000
1790901517.562,avail_mb,44879
1790901517.562,pswpin,907515
1790901518.571,api,0.040
1790901518.571,client,0.010
1790901518.571,enginecore,2.082
1790901518.571,other_total,0.030
1790901518.571,store_0,0.000
1790901518.571,store_1,0.000
1790901518.571,avail_mb,44878
1790901518.571,pswpin,907515
1790901519.580,api,0.059
1790901519.580,client,0.030
1790901519.580,enginecore,1.902
1790901519.580,other_total,0.000
1790901519.580,store_0,0.000
1790901519.580,store_1,0.000
1790901519.580,avail_mb,44878
1790901519.580,pswpin,907515
1790901520.589,api,0.050
1790901520.589,client,0.020
1790901520.589,enginecore,2.200
1790901520.589,other_total,0.079
1790901520.589,store_0,0.000
1790901520.589,store_1,0.000
1790901520.589,avail_mb,44873
1790901520.589,pswpin,907515
1790901521.599,api,0.069
1790901521.599,client,0.020
1790901521.599,enginecore,2.210
1790901521.599,other_total,0.000
1790901521.599,store_0,0.000
1790901521.599,store_1,0.000
1790901521.599,avail_mb,44874
1790901521.599,pswpin,907515
1790901522.608,api,0.069
1790901522.608,client,0.020
1790901522.608,enginecore,2.190
1790901522.608,other_total,0.030
1790901522.608,store_0,0.000
1790901522.608,store_1,0.000
1790901522.608,avail_mb,44874
1790901522.608,pswpin,907516
1790901523.617,api,0.059
1790901523.617,client,0.020
1790901523.617,enginecore,2.219
1790901523.617,other_total,0.059
1790901523.617,store_0,0.000
1790901523.617,store_1,0.000
1790901523.617,avail_mb,44874
1790901523.617,pswpin,907516
1790901524.626,api,0.050
1790901524.626,client,0.020
1790901524.626,enginecore,1.883
1790901524.626,other_total,0.030
1790901524.626,store_0,0.000
1790901524.626,store_1,0.000
1790901524.626,avail_mb,44874
1790901524.626,pswpin,907516
1790901525.635,api,0.050
1790901525.635,client,0.020
1790901525.635,enginecore,2.041
1790901525.635,other_total,0.020
1790901525.635,store_0,0.000
1790901525.635,store_1,0.000
1790901525.635,avail_mb,44874
1790901525.635,pswpin,907516
1790901526.644,api,0.050
1790901526.644,client,0.010
1790901526.644,enginecore,1.774
1790901526.644,other_total,0.069
1790901526.644,store_0,0.000
1790901526.644,store_1,0.000
1790901526.644,avail_mb,44875
1790901526.644,pswpin,907516
1790901527.653,api,0.069
1790901527.653,client,0.020
1790901527.653,enginecore,2.220
1790901527.653,other_total,0.010
1790901527.653,store_0,0.000
1790901527.653,store_1,0.000
1790901527.653,avail_mb,44878
1790901527.653,pswpin,907516
1790901528.662,api,0.069
1790901528.662,client,0.020
1790901528.662,enginecore,2.219
1790901528.662,other_total,0.020
1790901528.662,store_0,0.000
1790901528.662,store_1,0.000
1790901528.662,avail_mb,44878
1790901528.662,pswpin,907516
1790901529.672,api,0.059
1790901529.672,client,0.040
1790901529.672,enginecore,2.208
1790901529.672,other_total,0.000
1790901529.672,store_0,0.000
1790901529.672,store_1,0.000
1790901529.672,avail_mb,44879
1790901529.672,pswpin,907516
1790901530.681,api,0.059
1790901530.681,client,0.000
1790901530.681,enginecore,2.200
1790901530.681,other_total,0.030
1790901530.681,store_0,0.000
1790901530.681,store_1,0.000
1790901530.681,avail_mb,44876
1790901530.681,pswpin,907516
1790901531.690,api,0.050
1790901531.690,client,0.040
1790901531.690,enginecore,2.190
1790901531.690,other_total,0.020
1790901531.690,store_0,0.000
1790901531.690,store_1,0.000
1790901531.690,avail_mb,44876
1790901531.690,pswpin,907516
1790901532.699,api,0.050
1790901532.699,client,0.010
1790901532.699,enginecore,2.072
1790901532.699,other_total,0.030
1790901532.699,store_0,0.000
1790901532.699,store_1,0.000
1790901532.699,avail_mb,44876
1790901532.699,pswpin,907516
1790901533.708,api,0.030
1790901533.708,client,0.020
1790901533.708,enginecore,1.378
1790901533.708,other_total,0.030
1790901533.708,store_0,0.000
1790901533.708,store_1,0.000
1790901533.708,avail_mb,44876
1790901533.708,pswpin,907516
1790901534.717,api,0.040
1790901534.717,client,0.020
1790901534.717,enginecore,2.210
1790901534.717,other_total,0.000
1790901534.717,store_0,0.000
1790901534.717,store_1,0.000
1790901534.717,avail_mb,44875
1790901534.717,pswpin,907516
1790901535.725,api,0.040
1790901535.725,client,0.020
1790901535.725,enginecore,2.221
1790901535.725,other_total,0.000
1790901535.725,store_0,0.000
1790901535.725,store_1,0.000
1790901535.725,avail_mb,44874
1790901535.725,pswpin,907516
1790901536.734,api,0.050
1790901536.734,client,0.010
1790901536.734,enginecore,1.953
1790901536.734,other_total,0.040
1790901536.734,store_0,0.000
1790901536.734,store_1,0.000
1790901536.734,avail_mb,44874
1790901536.734,pswpin,907516
1790901537.743,api,0.040
1790901537.743,client,0.030
1790901537.743,enginecore,2.062
1790901537.743,other_total,0.030
1790901537.743,store_0,0.000
1790901537.743,store_1,0.000
1790901537.743,avail_mb,44889
1790901537.743,pswpin,907516
1790901538.752,api,0.059
1790901538.752,client,0.010
1790901538.752,enginecore,2.189
1790901538.752,other_total,0.030
1790901538.752,store_0,0.000
1790901538.752,store_1,0.000
1790901538.752,avail_mb,44889
1790901538.752,pswpin,907516
1790901539.761,api,0.059
1790901539.761,client,0.020
1790901539.761,enginecore,2.200
1790901539.761,other_total,0.000
1790901539.761,store_0,0.000
1790901539.761,store_1,0.000
1790901539.761,avail_mb,44889
1790901539.761,pswpin,907516
1790901540.770,api,0.040
1790901540.770,client,0.010
1790901540.770,enginecore,1.576
1790901540.770,other_total,0.030
1790901540.770,store_0,0.000
1790901540.770,store_1,0.000
1790901540.770,avail_mb,44890
1790901540.770,pswpin,907520
1790901541.779,api,0.050
1790901541.779,client,0.010
1790901541.779,enginecore,1.249
1790901541.779,other_total,0.000
1790901541.779,store_0,0.000
1790901541.779,store_1,0.000
1790901541.779,avail_mb,44891
1790901541.779,pswpin,907520
1790901542.788,api,0.040
1790901542.788,client,0.020
1790901542.788,enginecore,1.764
1790901542.788,other_total,0.010
1790901542.788,store_0,0.000
1790901542.788,store_1,0.000
1790901542.788,avail_mb,44889
1790901542.788,pswpin,907521
1790901543.797,api,0.040
1790901543.797,client,0.020
1790901543.797,enginecore,2.190
1790901543.797,other_total,0.000
1790901543.797,store_0,0.000
1790901543.797,store_1,0.000
1790901543.797,avail_mb,44889
1790901543.797,pswpin,907521
1790901544.806,api,0.059
1790901544.806,client,0.020
1790901544.806,enginecore,2.201
1790901544.806,other_total,0.000
1790901544.806,store_0,0.000
1790901544.806,store_1,0.000
1790901544.806,avail_mb,44893
1790901544.806,pswpin,907521
1790901545.815,api,0.050
1790901545.815,client,0.020
1790901545.815,enginecore,2.190
1790901545.815,other_total,0.020
1790901545.815,store_0,0.000
1790901545.815,store_1,0.000
1790901545.815,avail_mb,44893
1790901545.815,pswpin,907521
1790901546.824,api,0.050
1790901546.824,client,0.010
1790901546.824,enginecore,2.201
1790901546.824,other_total,0.030
1790901546.824,store_0,0.000
1790901546.824,store_1,0.000
1790901546.824,avail_mb,44889
1790901546.824,pswpin,907521
1790901547.833,api,0.040
1790901547.833,client,0.020
1790901547.833,enginecore,2.190
1790901547.833,other_total,0.079
1790901547.833,store_0,0.000
1790901547.833,store_1,0.000
1790901547.833,avail_mb,44890
1790901547.833,pswpin,907521
1790901548.842,api,0.069
1790901548.842,client,0.020
1790901548.842,enginecore,2.200
1790901548.842,other_total,0.000
1790901548.842,store_0,0.000
1790901548.842,store_1,0.000
1790901548.842,avail_mb,44889
1790901548.842,pswpin,907521
1790901549.851,api,0.069
1790901549.851,client,0.020
1790901549.851,enginecore,1.913
1790901549.851,other_total,0.020
1790901549.851,store_0,0.000
1790901549.851,store_1,0.000
1790901549.851,avail_mb,44892
1790901549.851,pswpin,907521
1790901550.860,api,0.079
1790901550.860,client,0.020
1790901550.860,enginecore,2.191
1790901550.860,other_total,0.040
1790901550.860,store_0,0.000
1790901550.860,store_1,0.000
1790901550.860,avail_mb,44889
1790901550.860,pswpin,907521
1790901551.870,api,0.040
1790901551.870,client,0.020
1790901551.870,enginecore,2.080
1790901551.870,other_total,0.059
1790901551.870,store_0,0.000
1790901551.870,store_1,0.000
1790901551.870,avail_mb,44890
1790901551.870,pswpin,907521
1790901552.878,api,0.069
1790901552.878,client,0.040
1790901552.878,enginecore,2.201
1790901552.878,other_total,0.050
1790901552.878,store_0,0.000
1790901552.878,store_1,0.000
1790901552.878,avail_mb,44890
1790901552.878,pswpin,907521
1790901553.887,api,0.050
1790901553.887,client,0.010
1790901553.887,enginecore,1.893
1790901553.887,other_total,0.099
1790901553.887,store_0,0.000
1790901553.887,store_1,0.000
1790901553.887,avail_mb,44932
1790901553.887,pswpin,907521
1790901554.896,api,0.050
1790901554.896,client,0.010
1790901554.896,enginecore,1.160
1790901554.896,other_total,0.010
1790901554.896,store_0,0.000
1790901554.896,store_1,0.000
1790901554.896,avail_mb,44932
1790901554.896,pswpin,907521
1790901555.905,api,0.030
1790901555.905,client,0.010
1790901555.905,enginecore,0.843
1790901555.905,other_total,0.020
1790901555.905,store_0,0.000
1790901555.905,store_1,0.000
1790901555.905,avail_mb,44932
1790901555.905,pswpin,907521
1790901556.914,api,0.040
1790901556.914,client,0.010
1790901556.914,enginecore,1.139
1790901556.914,other_total,0.030
1790901556.914,store_0,0.000
1790901556.914,store_1,0.000
1790901556.914,avail_mb,44936
1790901556.914,pswpin,907521
1790901557.923,api,0.010
1790901557.923,client,0.000
1790901557.923,enginecore,0.218
1790901557.923,other_total,0.010
1790901557.923,store_0,0.000
1790901557.923,store_1,0.000
1790901557.923,avail_mb,44934
1790901557.923,pswpin,907521
1790901558.934,api,0.000
1790901558.934,client,0.000
1790901558.934,enginecore,0.030
1790901558.934,other_total,0.030
1790901558.934,store_0,0.000
1790901558.934,store_1,0.000
1790901558.934,avail_mb,44933
1790901558.934,pswpin,907521
1790901559.945,api,0.040
1790901559.945,client,0.000
1790901559.945,enginecore,1.068
1790901559.945,other_total,0.059
1790901559.945,store_0,0.000
1790901559.945,store_1,0.000
1790901559.945,avail_mb,44933
1790901559.945,pswpin,907521
1790901560.954,api,0.059
1790901560.954,client,0.020
1790901560.954,enginecore,1.150
1790901560.954,other_total,0.010
1790901560.954,store_0,0.000
1790901560.954,store_1,0.000
1790901560.954,avail_mb,44932
1790901560.954,pswpin,907521
1790901561.963,api,0.040
1790901561.963,client,0.020
1790901561.963,enginecore,1.150
1790901561.963,other_total,0.010
1790901561.963,store_0,0.000
1790901561.963,store_1,0.000
1790901561.963,avail_mb,44932
1790901561.963,pswpin,907521
1790901562.972,api,0.030
1790901562.972,client,0.010
1790901562.972,enginecore,0.962
1790901562.972,other_total,0.040
1790901562.972,store_0,0.000
1790901562.972,store_1,0.000
1790901562.972,avail_mb,44933
1790901562.972,pswpin,907521
1790901563.983,api,0.000
1790901563.983,client,0.000
1790901563.983,enginecore,0.020
1790901563.983,other_total,0.049
1790901563.983,store_0,0.000
1790901563.983,store_1,0.000
1790901563.983,avail_mb,44934
1790901563.983,pswpin,907521
1790901564.991,api,0.030
1790901564.991,client,0.010
1790901564.991,enginecore,0.942
1790901564.991,other_total,0.000
1790901564.991,store_0,0.000
1790901564.991,store_1,0.000
1790901564.991,avail_mb,44934
1790901564.991,pswpin,907521
1790901566.000,api,0.010
1790901566.000,enginecore,0.387
1790901566.000,other_total,0.059
1790901566.000,store_0,0.000
1790901566.000,store_1,0.000
1790901566.000,avail_mb,44983
1790901566.000,pswpin,907521
1790901567.011,api,0.010
1790901567.011,enginecore,0.020
1790901567.011,other_total,0.089
1790901567.011,store_0,0.000
1790901567.011,store_1,0.000
1790901567.011,avail_mb,44983
1790901567.011,pswpin,907521
1790901568.022,api,0.000
1790901568.022,enginecore,0.030
1790901568.022,other_total,0.010
1790901568.022,store_0,0.000
1790901568.022,store_1,0.000
1790901568.022,avail_mb,44984
1790901568.022,pswpin,907521
1790901569.032,api,0.000
1790901569.032,enginecore,0.030
1790901569.032,other_total,0.069
1790901569.032,store_0,0.000
1790901569.032,store_1,0.000
1790901569.032,avail_mb,44985
1790901569.032,pswpin,907521
1790901570.043,api,0.030
1790901570.043,enginecore,0.020
1790901570.043,other_total,2.523
1790901570.043,store_0,0.000
1790901570.043,store_1,0.000
1790901570.043,avail_mb,44846
1790901570.043,pswpin,907521
1790901571.054,api,0.000
1790901571.054,client,0.000
1790901571.054,enginecore,0.040
1790901571.054,other_total,0.079
1790901571.054,store_0,0.000
1790901571.054,store_1,0.000
1790901571.054,avail_mb,44846
1790901571.054,pswpin,907521
1790901572.065,api,0.000
1790901572.065,client,0.000
1790901572.065,enginecore,0.020
1790901572.065,other_total,0.109
1790901572.065,store_0,0.000
1790901572.065,store_1,0.000
1790901572.065,avail_mb,44848
1790901572.065,pswpin,907521
1790901573.076,api,0.010
1790901573.076,client,0.000
1790901573.076,enginecore,0.079
1790901573.076,other_total,0.208
1790901573.076,store_0,0.000
1790901573.076,store_1,0.000
1790901573.076,avail_mb,44846
1790901573.076,pswpin,907521
1790901574.087,api,0.000
1790901574.087,client,0.010
1790901574.087,enginecore,0.079
1790901574.087,other_total,0.049
1790901574.087,store_0,0.000
1790901574.087,store_1,0.000
1790901574.087,avail_mb,44832
1790901574.087,pswpin,907521
1790901575.100,api,0.010
1790901575.100,client,0.000
1790901575.100,enginecore,0.069
1790901575.100,other_total,0.069
1790901575.100,store_0,0.000
1790901575.100,store_1,0.000
1790901575.100,avail_mb,44830
1790901575.100,pswpin,907521
1790901576.111,api,0.010
1790901576.111,client,0.000
1790901576.111,enginecore,0.069
1790901576.111,other_total,0.020
1790901576.111,store_0,0.000
1790901576.111,store_1,0.000
1790901576.111,avail_mb,44830
1790901576.111,pswpin,907521
1790901577.122,api,0.000
1790901577.122,client,0.010
1790901577.122,enginecore,0.079
1790901577.122,other_total,0.020
1790901577.122,store_0,0.000
1790901577.122,store_1,0.000
1790901577.122,avail_mb,44828
1790901577.122,pswpin,907521
1790901578.133,api,0.000
1790901578.133,client,0.000
1790901578.133,enginecore,0.020
1790901578.133,other_total,0.049
1790901578.133,store_0,0.000
1790901578.133,store_1,0.000
1790901578.133,avail_mb,44826
1790901578.133,pswpin,907521
1790901579.143,api,0.010
1790901579.143,client,0.000
1790901579.143,enginecore,3.454
1790901579.143,other_total,0.049
1790901579.143,store_0,0.000
1790901579.143,store_1,0.069
1790901579.143,avail_mb,44855
1790901579.143,pswpin,907521
1790901580.152,api,0.020
1790901580.152,client,0.000
1790901580.152,enginecore,2.260
1790901580.152,other_total,0.010
1790901580.152,store_0,0.030
1790901580.152,store_1,0.030
1790901580.152,avail_mb,44865
1790901580.152,pswpin,907521
1790901581.163,api,0.010
1790901581.163,client,0.000
1790901581.163,enginecore,2.176
1790901581.163,other_total,0.089
1790901581.163,store_0,0.000
1790901581.163,store_1,0.020
1790901581.163,avail_mb,44860
1790901581.163,pswpin,907521
1790901582.174,api,0.010
1790901582.174,client,0.010
1790901582.174,enginecore,1.266
1790901582.174,other_total,0.010
1790901582.174,store_0,0.000
1790901582.174,store_1,0.030
1790901582.174,avail_mb,44860
1790901582.174,pswpin,907521
1790901583.185,api,0.000
1790901583.185,client,0.000
1790901583.185,enginecore,1.217
1790901583.185,other_total,0.040
1790901583.185,store_0,0.000
1790901583.185,store_1,0.030
1790901583.185,avail_mb,44901
1790901583.185,pswpin,907521
1790901584.196,api,0.010
1790901584.196,client,0.000
1790901584.196,enginecore,2.364
1790901584.196,other_total,0.059
1790901584.196,store_0,0.040
1790901584.196,store_1,0.000
1790901584.196,avail_mb,44907
1790901584.196,pswpin,907521
1790901585.207,api,0.000
1790901585.207,client,0.000
1790901585.207,enginecore,0.020
1790901585.207,other_total,0.069
1790901585.207,store_0,0.000
1790901585.207,store_1,0.000
1790901585.207,avail_mb,44903
1790901585.207,pswpin,907521
1790901586.218,api,0.000
1790901586.218,client,0.000
1790901586.218,enginecore,1.157
1790901586.218,other_total,0.049
1790901586.218,store_0,0.020
1790901586.218,store_1,0.000
1790901586.218,avail_mb,44904
1790901586.218,pswpin,907521
1790901587.229,api,0.020
1790901587.229,client,0.000
1790901587.229,enginecore,0.020
1790901587.229,other_total,0.020
1790901587.229,store_0,0.000
1790901587.229,store_1,0.000
1790901587.229,avail_mb,44901
1790901587.229,pswpin,907521
1790901588.240,api,0.000
1790901588.240,client,0.000
1790901588.240,enginecore,0.040
1790901588.240,other_total,0.010
1790901588.240,store_0,0.000
1790901588.240,store_1,0.000
1790901588.240,avail_mb,44901
1790901588.240,pswpin,907521
1790901589.250,api,0.000
1790901589.250,client,0.000
1790901589.250,enginecore,0.020
1790901589.250,other_total,0.069
1790901589.250,store_0,0.000
1790901589.250,store_1,0.000
1790901589.250,avail_mb,44901
1790901589.250,pswpin,907521
1790901590.261,api,0.010
1790901590.261,client,0.000
1790901590.261,enginecore,1.158
1790901590.261,other_total,0.079
1790901590.261,store_0,0.030
1790901590.261,store_1,0.000
1790901590.261,avail_mb,44903
1790901590.261,pswpin,907521
1790901591.272,api,0.000
1790901591.272,client,0.000
1790901591.272,enginecore,0.020
1790901591.272,other_total,0.049
1790901591.272,store_0,0.000
1790901591.272,store_1,0.000
1790901591.272,avail_mb,44901
1790901591.272,pswpin,907521
1790901592.282,api,0.000
1790901592.282,enginecore,1.256
1790901592.282,other_total,0.040
1790901592.282,store_0,0.030
1790901592.282,store_1,0.000
1790901592.282,avail_mb,44951
1790901592.282,pswpin,907521
1790901593.293,api,0.010
1790901593.293,enginecore,0.020
1790901593.293,other_total,0.040
1790901593.293,store_0,0.000
1790901593.293,store_1,0.000
1790901593.293,avail_mb,44952
1790901593.293,pswpin,907521
1790901594.304,api,0.010
1790901594.304,enginecore,0.030
1790901594.304,other_total,0.049
1790901594.304,store_0,0.000
1790901594.304,store_1,0.000
1790901594.304,avail_mb,44952
1790901594.304,pswpin,907521
1790901595.315,api,0.000
1790901595.315,enginecore,0.040
1790901595.315,other_total,0.000
1790901595.315,store_0,0.000
1790901595.315,store_1,0.000
1790901595.315,avail_mb,44952
1790901595.315,pswpin,907521
1790901596.326,api,0.000
1790901596.326,enginecore,0.020
1790901596.326,other_total,0.049
1790901596.326,store_0,0.000
1790901596.326,store_1,0.000
1790901596.326,avail_mb,44950
1790901596.326,pswpin,907521
1790901597.336,api,0.000
1790901597.336,enginecore,0.030
1790901597.336,other_total,0.010
1790901597.336,store_0,0.000
1790901597.336,store_1,0.000
1790901597.336,avail_mb,44950
1790901597.336,pswpin,907521
1790901598.347,api,0.000
1790901598.347,enginecore,0.030
1790901598.347,other_total,0.030
1790901598.347,store_0,0.000
1790901598.347,store_1,0.000
1790901598.347,avail_mb,44950
1790901598.347,pswpin,907521
1790901599.358,api,0.000
1790901599.358,enginecore,0.030
1790901599.358,other_total,0.049
1790901599.358,store_0,0.000
1790901599.358,store_1,0.000
1790901599.358,avail_mb,44952
1790901599.358,pswpin,907521
1790901600.369,api,0.020
1790901600.369,enginecore,0.010
1790901600.369,other_total,2.364
1790901600.369,store_0,0.000
1790901600.369,store_1,0.000
1790901600.369,avail_mb,44852
1790901600.369,pswpin,907521
1790901601.380,api,0.000
1790901601.380,client,0.000
1790901601.380,enginecore,0.030
1790901601.380,other_total,0.030
1790901601.380,store_0,0.000
1790901601.380,store_1,0.000
1790901601.380,avail_mb,44853
1790901601.380,pswpin,907521
1790901602.391,api,0.000
1790901602.391,client,0.000
1790901602.391,enginecore,0.020
1790901602.391,other_total,0.079
1790901602.391,store_0,0.000
1790901602.391,store_1,0.000
1790901602.391,avail_mb,44852
1790901602.391,pswpin,907521
1790901603.400,api,0.020
1790901603.400,client,0.020
1790901603.400,enginecore,5.531
1790901603.400,other_total,0.000
1790901603.400,store_0,0.059
1790901603.400,store_1,0.050
1790901603.400,avail_mb,44888
1790901603.400,pswpin,907521
1790901604.411,api,0.049
1790901604.411,client,0.000
1790901604.411,enginecore,3.301
1790901604.411,other_total,0.020
1790901604.411,store_0,0.020
1790901604.411,store_1,0.000
1790901604.411,avail_mb,44886
1790901604.411,pswpin,907521
1790901605.425,api,0.039
1790901605.425,client,0.010
1790901605.425,enginecore,1.500
1790901605.425,other_total,0.059
1790901605.425,store_0,0.020
1790901605.425,store_1,0.000
1790901605.425,avail_mb,44880
1790901605.425,pswpin,907521
1790901606.435,api,0.040
1790901606.435,client,0.020
1790901606.435,enginecore,3.328
1790901606.435,other_total,0.000
1790901606.435,store_0,0.010
1790901606.435,store_1,0.000
1790901606.435,avail_mb,44879
1790901606.435,pswpin,907521
1790901607.444,api,0.030
1790901607.444,client,0.000
1790901607.444,enginecore,2.320
1790901607.444,other_total,0.109
1790901607.444,store_0,0.020
1790901607.444,store_1,0.000
1790901607.444,avail_mb,44896
1790901607.444,pswpin,907521
1790901608.452,api,0.050
1790901608.452,client,0.020
1790901608.452,enginecore,5.611
1790901608.452,other_total,0.040
1790901608.452,store_0,0.020
1790901608.452,store_1,0.040
1790901608.452,avail_mb,44901
1790901608.452,pswpin,907521
1790901609.464,api,0.049
1790901609.464,client,0.010
1790901609.464,enginecore,6.177
1790901609.464,other_total,0.069
1790901609.464,store_0,0.030
1790901609.464,store_1,0.020
1790901609.464,avail_mb,44906
1790901609.464,pswpin,907521
1790901610.473,api,0.050
1790901610.473,client,0.010
1790901610.473,enginecore,2.457
1790901610.473,other_total,0.030
1790901610.473,store_0,0.000
1790901610.473,store_1,0.000
1790901610.473,avail_mb,44903
1790901610.473,pswpin,907521
1790901611.484,api,0.040
1790901611.484,client,0.020
1790901611.484,enginecore,3.077
1790901611.484,other_total,0.079
1790901611.484,store_0,0.000
1790901611.484,store_1,0.030
1790901611.484,avail_mb,44899
1790901611.484,pswpin,907521
1790901612.493,api,0.050
1790901612.493,client,0.010
1790901612.493,enginecore,6.004
1790901612.493,other_total,0.040
1790901612.493,store_0,0.020
1790901612.493,store_1,0.030
1790901612.493,avail_mb,44901
1790901612.493,pswpin,907521
1790901613.502,api,0.040
1790901613.502,client,0.010
1790901613.502,enginecore,4.995
1790901613.502,other_total,0.040
1790901613.502,store_0,0.030
1790901613.502,store_1,0.000
1790901613.502,avail_mb,44904
1790901613.502,pswpin,907521
1790901614.511,api,0.040
1790901614.511,client,0.010
1790901614.511,enginecore,3.866
1790901614.511,other_total,0.030
1790901614.511,store_0,0.000
1790901614.511,store_1,0.020
1790901614.511,avail_mb,44900
1790901614.511,pswpin,907521
1790901615.520,api,0.040
1790901615.520,client,0.010
1790901615.520,enginecore,4.719
1790901615.520,other_total,0.010
1790901615.520,store_0,0.020
1790901615.520,store_1,0.000
1790901615.520,avail_mb,44901
1790901615.520,pswpin,907521
1790901616.529,api,0.050
1790901616.529,client,0.020
1790901616.529,enginecore,5.956
1790901616.529,other_total,0.020
1790901616.529,store_0,0.030
1790901616.529,store_1,0.030
1790901616.529,avail_mb,44904
1790901616.529,pswpin,907521
1790901617.538,api,0.059
1790901617.538,client,0.010
1790901617.538,enginecore,5.966
1790901617.538,other_total,0.050
1790901617.538,store_0,0.000
1790901617.538,store_1,0.030
1790901617.538,avail_mb,44903
1790901617.538,pswpin,907521
1790901618.547,api,0.040
1790901618.547,client,0.010
1790901618.547,enginecore,4.688
1790901618.547,other_total,0.010
1790901618.547,store_0,0.000
1790901618.547,store_1,0.020
1790901618.547,avail_mb,44907
1790901618.547,pswpin,907521
1790901619.556,api,0.040
1790901619.556,client,0.020
1790901619.556,enginecore,3.459
1790901619.556,other_total,0.030
1790901619.556,store_0,0.030
1790901619.556,store_1,0.000
1790901619.556,avail_mb,44907
1790901619.556,pswpin,907521
1790901620.565,api,0.059
1790901620.565,client,0.000
1790901620.565,enginecore,4.629
1790901620.565,other_total,0.099
1790901620.565,store_0,0.000
1790901620.565,store_1,0.000
1790901620.565,avail_mb,44901
1790901620.565,pswpin,907521
1790901621.574,api,0.040
1790901621.574,client,0.020
1790901621.574,enginecore,6.361
1790901621.574,other_total,0.000
1790901621.574,store_0,0.020
1790901621.574,store_1,0.059
1790901621.574,avail_mb,44899
1790901621.574,pswpin,907521
1790901622.583,api,0.059
1790901622.583,client,0.020
1790901622.583,enginecore,3.726
1790901622.583,other_total,0.000
1790901622.583,store_0,0.000
1790901622.583,store_1,0.000
1790901622.583,avail_mb,44897
1790901622.583,pswpin,907521
1790901623.592,api,0.059
1790901623.592,client,0.010
1790901623.592,enginecore,3.885
1790901623.592,other_total,0.020
1790901623.592,store_0,0.030
1790901623.592,store_1,0.000
1790901623.592,avail_mb,44901
1790901623.592,pswpin,907521
1790901624.601,api,0.040
1790901624.601,client,0.010
1790901624.601,enginecore,6.145
1790901624.601,other_total,0.000
1790901624.601,store_0,0.030
1790901624.601,store_1,0.020
1790901624.601,avail_mb,44910
1790901624.601,pswpin,907521
1790901625.612,api,0.059
1790901625.612,client,0.020
1790901625.612,enginecore,4.985
1790901625.612,other_total,0.010
1790901625.612,store_0,0.049
1790901625.612,store_1,0.030
1790901625.612,avail_mb,44916
1790901625.612,pswpin,907521
1790901626.621,api,0.020
1790901626.621,client,0.000
1790901626.621,enginecore,5.739
1790901626.621,other_total,0.030
1790901626.621,store_0,0.000
1790901626.621,store_1,0.020
1790901626.621,avail_mb,44912
1790901626.621,pswpin,907521
1790901627.630,api,0.059
1790901627.630,client,0.020
1790901627.630,enginecore,4.531
1790901627.630,other_total,0.000
1790901627.630,store_0,0.010
1790901627.630,store_1,0.000
1790901627.630,avail_mb,44911
1790901627.630,pswpin,907521
1790901628.638,api,0.040
1790901628.638,client,0.000
1790901628.638,enginecore,6.631
1790901628.638,other_total,0.030
1790901628.638,store_0,0.030
1790901628.638,store_1,0.030
1790901628.638,avail_mb,44913
1790901628.638,pswpin,907521
1790901629.647,api,0.059
1790901629.647,client,0.020
1790901629.647,enginecore,2.607
1790901629.647,other_total,0.010
1790901629.647,store_0,0.000
1790901629.647,store_1,0.000
1790901629.647,avail_mb,44913
1790901629.647,pswpin,907521
1790901630.656,api,0.059
1790901630.656,client,0.010
1790901630.656,enginecore,6.383
1790901630.656,other_total,0.000
1790901630.656,store_0,0.020
1790901630.656,store_1,0.000
1790901630.656,avail_mb,44908
1790901630.656,pswpin,907521
1790901631.665,api,0.079
1790901631.665,client,0.010
1790901631.665,enginecore,3.231
1790901631.665,other_total,0.000
1790901631.665,store_0,0.000
1790901631.665,store_1,0.000
1790901631.665,avail_mb,44905
1790901631.665,pswpin,907521
1790901632.674,api,0.050
1790901632.674,client,0.010
1790901632.674,enginecore,4.668
1790901632.674,other_total,0.040
1790901632.674,store_0,0.000
1790901632.674,store_1,0.000
1790901632.674,avail_mb,44904
1790901632.674,pswpin,907521
1790901633.683,api,0.050
1790901633.683,client,0.020
1790901633.683,enginecore,3.796
1790901633.683,other_total,0.010
1790901633.683,store_0,0.000
1790901633.683,store_1,0.000
1790901633.683,avail_mb,44902
1790901633.683,pswpin,907521
1790901634.692,api,0.030
1790901634.692,client,0.010
1790901634.692,enginecore,7.078
1790901634.692,other_total,0.000
1790901634.692,store_0,0.000
1790901634.692,store_1,0.040
1790901634.692,avail_mb,44901
1790901634.692,pswpin,907521
1790901635.701,api,0.050
1790901635.701,client,0.020
1790901635.701,enginecore,3.339
1790901635.701,other_total,0.020
1790901635.701,store_0,0.030
1790901635.701,store_1,0.000
1790901635.701,avail_mb,44898
1790901635.701,pswpin,907521
1790901636.710,api,0.050
1790901636.710,client,0.010
1790901636.710,enginecore,5.569
1790901636.710,other_total,0.050
1790901636.710,store_0,0.020
1790901636.710,store_1,0.000
1790901636.710,avail_mb,44892
1790901636.710,pswpin,907521
1790901637.719,api,0.040
1790901637.719,client,0.010
1790901637.719,enginecore,5.312
1790901637.719,other_total,0.069
1790901637.719,store_0,0.000
1790901637.719,store_1,0.010
1790901637.719,avail_mb,44891
1790901637.719,pswpin,907521
1790901638.731,api,0.049
1790901638.731,client,0.020
1790901638.731,enginecore,3.954
1790901638.731,other_total,0.079
1790901638.731,store_0,0.000
1790901638.731,store_1,0.020
1790901638.731,avail_mb,44891
1790901638.731,pswpin,907521
1790901639.740,api,0.069
1790901639.740,client,0.000
1790901639.740,enginecore,2.775
1790901639.740,other_total,0.000
1790901639.740,store_0,0.000
1790901639.740,store_1,0.000
1790901639.740,avail_mb,44890
1790901639.740,pswpin,907521
1790901640.748,api,0.030
1790901640.748,client,0.020
1790901640.748,enginecore,4.897
1790901640.748,other_total,0.000
1790901640.748,store_0,0.000
1790901640.748,store_1,0.040
1790901640.748,avail_mb,44887
1790901640.748,pswpin,907521
1790901641.760,api,0.040
1790901641.760,client,0.020
1790901641.760,enginecore,4.273
1790901641.760,other_total,0.040
1790901641.760,store_0,0.000
1790901641.760,store_1,0.040
1790901641.760,avail_mb,44892
1790901641.760,pswpin,907521
1790901642.769,api,0.030
1790901642.769,client,0.010
1790901642.769,enginecore,3.340
1790901642.769,other_total,0.000
1790901642.769,store_0,0.000
1790901642.769,store_1,0.000
1790901642.769,avail_mb,44889
1790901642.769,pswpin,907521
1790901643.777,api,0.030
1790901643.777,client,0.030
1790901643.777,enginecore,5.115
1790901643.777,other_total,0.059
1790901643.777,store_0,0.010
1790901643.777,store_1,0.020
1790901643.777,avail_mb,44888
1790901643.777,pswpin,907521
1790901644.787,api,0.059
1790901644.787,client,0.000
1790901644.787,enginecore,3.775
1790901644.787,other_total,0.050
1790901644.787,store_0,0.000
1790901644.787,store_1,0.020
1790901644.787,avail_mb,44888
1790901644.787,pswpin,907521
1790901645.796,api,0.040
1790901645.796,client,0.020
1790901645.796,enginecore,3.360
1790901645.796,other_total,0.010
1790901645.796,store_0,0.030
1790901645.796,store_1,0.000
1790901645.796,avail_mb,44886
1790901645.796,pswpin,907521
1790901646.805,api,0.050
1790901646.805,client,0.010
1790901646.805,enginecore,5.698
1790901646.805,other_total,0.030
1790901646.805,store_0,0.000
1790901646.805,store_1,0.059
1790901646.805,avail_mb,44895
1790901646.805,pswpin,907521
1790901647.814,api,0.069
1790901647.814,client,0.020
1790901647.814,enginecore,5.975
1790901647.814,other_total,0.030
1790901647.814,store_0,0.000
1790901647.814,store_1,0.030
1790901647.814,avail_mb,44889
1790901647.814,pswpin,907521
1790901648.823,api,0.050
1790901648.823,client,0.010
1790901648.823,enginecore,2.786
1790901648.823,other_total,0.000
1790901648.823,store_0,0.000
1790901648.823,store_1,0.000
1790901648.823,avail_mb,44885
1790901648.823,pswpin,907521
1790901649.832,api,0.040
1790901649.832,client,0.020
1790901649.832,enginecore,5.132
1790901649.832,other_total,0.040
1790901649.832,store_0,0.020
1790901649.832,store_1,0.020
1790901649.832,avail_mb,44889
1790901649.832,pswpin,907521
1790901650.844,api,0.040
1790901650.844,client,0.010
1790901650.844,enginecore,5.665
1790901650.844,other_total,0.059
1790901650.844,store_0,0.020
1790901650.844,store_1,0.030
1790901650.844,avail_mb,44889
1790901650.844,pswpin,907521
1790901651.853,api,0.059
1790901651.853,client,0.010
1790901651.853,enginecore,4.053
1790901651.853,other_total,0.010
1790901651.853,store_0,0.000
1790901651.853,store_1,0.000
1790901651.853,avail_mb,44881
1790901651.853,pswpin,907521
1790901652.862,api,0.069
1790901652.862,client,0.030
1790901652.862,enginecore,2.963
1790901652.862,other_total,0.010
1790901652.862,store_0,0.000
1790901652.862,store_1,0.000
1790901652.862,avail_mb,44880
1790901652.862,pswpin,907521
1790901653.871,api,0.050
1790901653.871,client,0.010
1790901653.871,enginecore,5.729
1790901653.871,other_total,0.050
1790901653.871,store_0,0.030
1790901653.871,store_1,0.020
1790901653.871,avail_mb,44882
1790901653.871,pswpin,907521
1790901654.882,api,0.040
1790901654.882,client,0.020
1790901654.882,enginecore,4.301
1790901654.882,other_total,0.010
1790901654.882,store_0,0.030
1790901654.882,store_1,0.010
1790901654.882,avail_mb,44887
1790901654.882,pswpin,907521
1790901655.892,api,0.040
1790901655.892,client,0.000
1790901655.892,enginecore,4.426
1790901655.892,other_total,0.000
1790901655.892,store_0,0.000
1790901655.892,store_1,0.030
1790901655.892,avail_mb,44886
1790901655.892,pswpin,907521
1790901656.901,api,0.069
1790901656.901,client,0.030
1790901656.901,enginecore,4.698
1790901656.901,other_total,0.000
1790901656.901,store_0,0.010
1790901656.901,store_1,0.000
1790901656.901,avail_mb,44877
1790901656.901,pswpin,907521
1790901657.910,api,0.040
1790901657.910,client,0.010
1790901657.910,enginecore,6.532
1790901657.910,other_total,0.030
1790901657.910,store_0,0.020
1790901657.910,store_1,0.000
1790901657.910,avail_mb,44877
1790901657.910,pswpin,907521
1790901658.919,api,0.040
1790901658.919,client,0.020
1790901658.919,enginecore,3.488
1790901658.919,other_total,0.000
1790901658.919,store_0,0.000
1790901658.919,store_1,0.000
1790901658.919,avail_mb,44874
1790901658.919,pswpin,907521
1790901659.929,api,0.040
1790901659.929,client,0.020
1790901659.929,enginecore,2.585
1790901659.929,other_total,0.059
1790901659.929,store_0,0.000
1790901659.929,store_1,0.020
1790901659.929,avail_mb,44869
1790901659.929,pswpin,907521
1790901660.938,api,0.040
1790901660.938,client,0.010
1790901660.938,enginecore,5.502
1790901660.938,other_total,0.000
1790901660.938,store_0,0.000
1790901660.938,store_1,0.000
1790901660.938,avail_mb,44864
1790901660.938,pswpin,907521
1790901661.946,api,0.040
1790901661.946,client,0.020
1790901661.946,enginecore,5.610
1790901661.946,other_total,0.010
1790901661.946,store_0,0.020
1790901661.946,store_1,0.000
1790901661.946,avail_mb,44862
1790901661.946,pswpin,907521
1790901662.956,api,0.059
1790901662.956,client,0.010
1790901662.956,enginecore,3.864
1790901662.956,other_total,0.030
1790901662.956,store_0,0.000
1790901662.956,store_1,0.000
1790901662.956,avail_mb,44858
1790901662.956,pswpin,907521
1790901663.967,api,0.049
1790901663.967,client,0.010
1790901663.967,enginecore,5.289
1790901663.967,other_total,0.040
1790901663.967,store_0,0.020
1790901663.967,store_1,0.020
1790901663.967,avail_mb,44860
1790901663.967,pswpin,907521
1790901664.976,api,0.040
1790901664.976,client,0.010
1790901664.976,enginecore,6.355
1790901664.976,other_total,0.020
1790901664.976,store_0,0.050
1790901664.976,store_1,0.030
1790901664.976,avail_mb,44862
1790901664.976,pswpin,907521
1790901665.985,api,0.040
1790901665.985,client,0.010
1790901665.985,enginecore,7.104
1790901665.985,other_total,0.040
1790901665.985,store_0,0.030
1790901665.985,store_1,0.020
1790901665.985,avail_mb,44857
1790901665.985,pswpin,907521
1790901666.995,api,0.050
1790901666.995,client,0.010
1790901666.995,enginecore,3.795
1790901666.995,other_total,0.010
1790901666.995,store_0,0.000
1790901666.995,store_1,0.000
1790901666.995,avail_mb,44859
1790901666.995,pswpin,907521
1790901668.008,api,0.069
1790901668.008,client,0.010
1790901668.008,enginecore,3.563
1790901668.008,other_total,0.010
1790901668.008,store_0,0.020
1790901668.008,store_1,0.000
1790901668.008,avail_mb,44855
1790901668.008,pswpin,907521
1790901669.018,api,0.059
1790901669.018,client,0.030
1790901669.018,enginecore,3.704
1790901669.018,other_total,0.040
1790901669.018,store_0,0.000
1790901669.018,store_1,0.000
1790901669.018,avail_mb,44855
1790901669.018,pswpin,907521
1790901670.027,api,0.050
1790901670.027,client,0.020
1790901670.027,enginecore,5.699
1790901670.027,other_total,0.059
1790901670.027,store_0,0.030
1790901670.027,store_1,0.030
1790901670.027,avail_mb,44855
1790901670.027,pswpin,907521
1790901671.035,api,0.050
1790901671.035,client,0.010
1790901671.035,enginecore,3.846
1790901671.035,other_total,0.050
1790901671.035,store_0,0.020
1790901671.035,store_1,0.000
1790901671.035,avail_mb,44849
1790901671.035,pswpin,907521
1790901672.044,api,0.069
1790901672.044,client,0.030
1790901672.044,enginecore,4.420
1790901672.044,other_total,0.059
1790901672.044,store_0,0.030
1790901672.044,store_1,0.000
1790901672.044,avail_mb,44848
1790901672.044,pswpin,907521
1790901673.054,api,0.059
1790901673.054,client,0.010
1790901673.054,enginecore,5.926
1790901673.054,other_total,0.040
1790901673.054,store_0,0.010
1790901673.054,store_1,0.020
1790901673.054,avail_mb,44847
1790901673.054,pswpin,907521
1790901674.064,api,0.030
1790901674.064,client,0.010
1790901674.064,enginecore,4.344
1790901674.064,other_total,0.020
1790901674.064,store_0,0.000
1790901674.064,store_1,0.040
1790901674.064,avail_mb,44846
1790901674.064,pswpin,907521
1790901675.074,api,0.040
1790901675.074,client,0.020
1790901675.074,enginecore,5.537
1790901675.074,other_total,0.020
1790901675.074,store_0,0.000
1790901675.074,store_1,0.000
1790901675.074,avail_mb,44843
1790901675.074,pswpin,907521
1790901676.083,api,0.030
1790901676.083,client,0.000
1790901676.083,enginecore,1.675
1790901676.083,other_total,0.059
1790901676.083,store_0,0.000
1790901676.083,store_1,0.000
1790901676.083,avail_mb,44843
1790901676.083,pswpin,907521
1790901677.092,api,0.020
1790901677.092,client,0.010
1790901677.092,enginecore,1.289
1790901677.092,other_total,0.000
1790901677.092,store_0,0.000
1790901677.092,store_1,0.030
1790901677.092,avail_mb,44844
1790901677.092,pswpin,907521
1790901678.101,api,0.050
1790901678.101,client,0.020
1790901678.101,enginecore,5.392
1790901678.101,other_total,0.010
1790901678.101,store_0,0.059
1790901678.101,store_1,0.020
1790901678.101,avail_mb,44839
1790901678.101,pswpin,907521
1790901679.109,api,0.059
1790901679.109,client,0.020
1790901679.109,enginecore,3.836
1790901679.109,other_total,0.020
1790901679.109,store_0,0.020
1790901679.109,store_1,0.000
1790901679.109,avail_mb,44835
1790901679.109,pswpin,907521
1790901680.121,api,0.049
1790901680.121,client,0.020
1790901680.121,enginecore,5.506
1790901680.121,other_total,0.020
1790901680.121,store_0,0.030
1790901680.121,store_1,0.049
1790901680.121,avail_mb,44828
1790901680.121,pswpin,907521
1790901681.130,api,0.050
1790901681.130,client,0.020
1790901681.130,enginecore,3.944
1790901681.130,other_total,0.040
1790901681.130,store_0,0.000
1790901681.130,store_1,0.000
1790901681.130,avail_mb,44823
1790901681.130,pswpin,907521
1790901682.142,api,0.040
1790901682.142,client,0.020
1790901682.142,enginecore,5.853
1790901682.142,other_total,0.079
1790901682.142,store_0,0.049
1790901682.142,store_1,0.020
1790901682.142,avail_mb,44823
1790901682.142,pswpin,907521
1790901683.152,api,0.049
1790901683.152,client,0.000
1790901683.152,enginecore,4.463
1790901683.152,other_total,0.000
1790901683.152,store_0,0.000
1790901683.152,store_1,0.000
1790901683.152,avail_mb,44820
1790901683.152,pswpin,907521
1790901684.161,api,0.050
1790901684.161,client,0.020
1790901684.161,enginecore,3.479
1790901684.161,other_total,0.010
1790901684.161,store_0,0.000
1790901684.161,store_1,0.030
1790901684.161,avail_mb,44816
1790901684.161,pswpin,907521
1790901685.170,api,0.050
1790901685.170,client,0.000
1790901685.170,enginecore,5.422
1790901685.170,other_total,0.030
1790901685.170,store_0,0.000
1790901685.170,store_1,0.020
1790901685.170,avail_mb,44817
1790901685.170,pswpin,907521
1790901686.179,api,0.040
1790901686.179,client,0.020
1790901686.179,enginecore,3.737
1790901686.179,other_total,0.010
1790901686.179,store_0,0.030
1790901686.179,store_1,0.000
1790901686.179,avail_mb,44815
1790901686.179,pswpin,907521
1790901687.188,api,0.040
1790901687.188,client,0.020
1790901687.188,enginecore,6.698
1790901687.188,other_total,0.050
1790901687.188,store_0,0.020
1790901687.188,store_1,0.050
1790901687.188,avail_mb,44811
1790901687.188,pswpin,907521
1790901688.200,api,0.059
1790901688.200,client,0.010
1790901688.200,enginecore,4.834
1790901688.200,other_total,0.000
1790901688.200,store_0,0.030
1790901688.200,store_1,0.030
1790901688.200,avail_mb,44809
1790901688.200,pswpin,907521
1790901689.209,api,0.050
1790901689.209,client,0.030
1790901689.209,enginecore,4.480
1790901689.209,other_total,0.000
1790901689.209,store_0,0.000
1790901689.209,store_1,0.020
1790901689.209,avail_mb,44808
1790901689.209,pswpin,907521
1790901690.218,api,0.069
1790901690.218,client,0.020
1790901690.218,enginecore,3.944
1790901690.218,other_total,0.030
1790901690.218,store_0,0.000
1790901690.218,store_1,0.000
1790901690.218,avail_mb,44805
1790901690.218,pswpin,907521
1790901691.227,api,0.040
1790901691.227,client,0.010
1790901691.227,enginecore,6.322
1790901691.227,other_total,0.000
1790901691.227,store_0,0.030
1790901691.227,store_1,0.030
1790901691.227,avail_mb,44800
1790901691.227,pswpin,907521
1790901692.239,api,0.030
1790901692.239,client,0.020
1790901692.239,enginecore,4.092
1790901692.239,other_total,0.040
1790901692.239,store_0,0.000
1790901692.239,store_1,0.020
1790901692.239,avail_mb,44798
1790901692.239,pswpin,907521
1790901693.248,api,0.059
1790901693.248,client,0.020
1790901693.248,enginecore,5.036
1790901693.248,other_total,0.000
1790901693.248,store_0,0.020
1790901693.248,store_1,0.010
1790901693.248,avail_mb,44803
1790901693.248,pswpin,907521
1790901694.257,api,0.050
1790901694.257,client,0.010
1790901694.257,enginecore,3.360
1790901694.257,other_total,0.000
1790901694.257,store_0,0.030
1790901694.257,store_1,0.000
1790901694.257,avail_mb,44803
1790901694.257,pswpin,907521
1790901695.266,api,0.040
1790901695.266,client,0.010
1790901695.266,enginecore,2.170
1790901695.266,other_total,0.198
1790901695.266,store_0,0.000
1790901695.266,store_1,0.000
1790901695.266,avail_mb,44765
1790901695.266,pswpin,907521
1790901696.275,api,0.040
1790901696.275,client,0.020
1790901696.275,enginecore,4.350
1790901696.275,other_total,0.248
1790901696.275,store_0,0.040
1790901696.275,store_1,0.000
1790901696.275,avail_mb,44741
1790901696.275,pswpin,907521
1790901697.284,api,0.030
1790901697.284,client,0.010
1790901697.284,enginecore,4.322
1790901697.284,other_total,0.059
1790901697.284,store_0,0.000
1790901697.284,store_1,0.000
1790901697.284,avail_mb,44738
1790901697.284,pswpin,907521
1790901698.296,api,0.069
1790901698.296,client,0.020
1790901698.296,enginecore,3.668
1790901698.296,other_total,0.000
1790901698.296,store_0,0.020
1790901698.296,store_1,0.030
1790901698.296,avail_mb,44751
1790901698.296,pswpin,907521
1790901699.305,api,0.050
1790901699.305,client,0.020
1790901699.305,enginecore,3.628
1790901699.305,other_total,0.020
1790901699.305,store_0,0.000
1790901699.305,store_1,0.000
1790901699.305,avail_mb,44749
1790901699.305,pswpin,907521
1790901700.313,api,0.050
1790901700.313,client,0.010
1790901700.313,enginecore,6.274
1790901700.313,other_total,0.030
1790901700.313,store_0,0.030
1790901700.313,store_1,0.020
1790901700.313,avail_mb,44750
1790901700.313,pswpin,907521
1790901701.323,api,0.059
1790901701.323,client,0.020
1790901701.323,enginecore,3.526
1790901701.323,other_total,0.010
1790901701.323,store_0,0.000
1790901701.323,store_1,0.010
1790901701.323,avail_mb,44747
1790901701.323,pswpin,907521
1790901702.333,api,0.059
1790901702.333,client,0.010
1790901702.333,enginecore,4.632
1790901702.333,other_total,0.010
1790901702.333,store_0,0.010
1790901702.333,store_1,0.030
1790901702.333,avail_mb,44744
1790901702.333,pswpin,907521
1790901703.342,api,0.040
1790901703.342,client,0.020
1790901703.342,enginecore,5.015
1790901703.342,other_total,0.050
1790901703.342,store_0,0.040
1790901703.342,store_1,0.000
1790901703.342,avail_mb,44744
1790901703.342,pswpin,907521
1790901704.352,api,0.050
1790901704.352,client,0.010
1790901704.352,enginecore,6.134
1790901704.352,other_total,0.010
1790901704.352,store_0,0.000
1790901704.352,store_1,0.020
1790901704.352,avail_mb,44747
1790901704.352,pswpin,907521
1790901705.360,api,0.050
1790901705.360,client,0.030
1790901705.360,enginecore,4.470
1790901705.360,other_total,0.020
1790901705.360,store_0,0.000
1790901705.360,store_1,0.000
1790901705.360,avail_mb,44746
1790901705.360,pswpin,907521
1790901706.369,api,0.050
1790901706.369,client,0.020
1790901706.369,enginecore,3.429
1790901706.369,other_total,0.040
1790901706.369,store_0,0.000
1790901706.369,store_1,0.030
1790901706.369,avail_mb,44747
1790901706.369,pswpin,907521
1790901707.379,api,0.059
1790901707.379,client,0.000
1790901707.379,enginecore,5.050
1790901707.379,other_total,0.040
1790901707.379,store_0,0.000
1790901707.379,store_1,0.000
1790901707.379,avail_mb,44742
1790901707.379,pswpin,907521
1790901708.388,api,0.050
1790901708.388,client,0.020
1790901708.388,enginecore,4.471
1790901708.388,other_total,0.040
1790901708.388,store_0,0.030
1790901708.388,store_1,0.030
1790901708.388,avail_mb,44742
1790901708.388,pswpin,907521
1790901709.397,api,0.040
1790901709.397,client,0.010
1790901709.397,enginecore,5.610
1790901709.397,other_total,0.050
1790901709.397,store_0,0.020
1790901709.397,store_1,0.030
1790901709.397,avail_mb,44742
1790901709.397,pswpin,907521
1790901710.406,api,0.059
1790901710.406,client,0.020
1790901710.406,enginecore,2.210
1790901710.406,other_total,0.010
1790901710.406,store_0,0.000
1790901710.406,store_1,0.000
1790901710.406,avail_mb,44739
1790901710.406,pswpin,907521
1790901711.415,api,0.050
1790901711.415,client,0.000
1790901711.415,enginecore,4.302
1790901711.415,other_total,0.050
1790901711.415,store_0,0.000
1790901711.415,store_1,0.000
1790901711.415,avail_mb,44736
1790901711.415,pswpin,907521
1790901712.424,api,0.040
1790901712.424,client,0.010
1790901712.424,enginecore,4.399
1790901712.424,other_total,0.020
1790901712.424,store_0,0.010
1790901712.424,store_1,0.000
1790901712.424,avail_mb,44736
1790901712.424,pswpin,907521
1790901713.436,api,0.069
1790901713.436,client,0.030
1790901713.436,enginecore,2.816
1790901713.436,other_total,0.000
1790901713.436,store_0,0.000
1790901713.436,store_1,0.000
1790901713.436,avail_mb,44732
1790901713.436,pswpin,907521
1790901714.445,api,0.040
1790901714.445,client,0.020
1790901714.445,enginecore,5.173
1790901714.445,other_total,0.040
1790901714.445,store_0,0.000
1790901714.445,store_1,0.040
1790901714.445,avail_mb,44738
1790901714.445,pswpin,907521
1790901715.454,api,0.030
1790901715.454,client,0.000
1790901715.454,enginecore,3.816
1790901715.454,other_total,0.069
1790901715.454,store_0,0.020
1790901715.454,store_1,0.000
1790901715.454,avail_mb,44739
1790901715.454,pswpin,907521
1790901716.463,api,0.050
1790901716.463,client,0.020
1790901716.463,enginecore,3.894
1790901716.463,other_total,0.000
1790901716.463,store_0,0.000
1790901716.463,store_1,0.000
1790901716.463,avail_mb,44738
1790901716.463,pswpin,907521
1790901717.472,api,0.059
1790901717.472,client,0.010
1790901717.472,enginecore,6.035
1790901717.472,other_total,0.099
1790901717.472,store_0,0.010
1790901717.472,store_1,0.010
1790901717.472,avail_mb,44745
1790901717.472,pswpin,907521
1790901718.481,api,0.040
1790901718.481,client,0.030
1790901718.481,enginecore,3.440
1790901718.481,other_total,0.000
1790901718.481,store_0,0.000
1790901718.481,store_1,0.020
1790901718.481,avail_mb,44746
1790901718.481,pswpin,907521
1790901719.490,api,0.040
1790901719.490,client,0.010
1790901719.490,enginecore,3.518
1790901719.490,other_total,0.000
1790901719.490,store_0,0.020
1790901719.490,store_1,0.000
1790901719.490,avail_mb,44744
1790901719.490,pswpin,907521
1790901720.499,api,0.079
1790901720.499,client,0.020
1790901720.499,enginecore,4.142
1790901720.499,other_total,0.000
1790901720.499,store_0,0.000
1790901720.499,store_1,0.010
1790901720.499,avail_mb,44738
1790901720.499,pswpin,907521
1790901721.508,api,0.059
1790901721.508,client,0.020
1790901721.508,enginecore,5.442
1790901721.508,other_total,0.010
1790901721.508,store_0,0.000
1790901721.508,store_1,0.030
1790901721.508,avail_mb,44736
1790901721.508,pswpin,907521
1790901722.519,api,0.030
1790901722.519,client,0.020
1790901722.519,enginecore,2.986
1790901722.519,other_total,0.000
1790901722.519,store_0,0.000
1790901722.519,store_1,0.000
1790901722.519,avail_mb,44732
1790901722.519,pswpin,907521
1790901723.528,api,0.050
1790901723.528,client,0.020
1790901723.528,enginecore,4.510
1790901723.528,other_total,0.000
1790901723.528,store_0,0.010
1790901723.528,store_1,0.000
1790901723.528,avail_mb,44728
1790901723.528,pswpin,907521
1790901724.537,api,0.079
1790901724.537,client,0.010
1790901724.537,enginecore,6.254
1790901724.537,other_total,0.010
1790901724.537,store_0,0.000
1790901724.537,store_1,0.020
1790901724.537,avail_mb,44730
1790901724.537,pswpin,907521
1790901725.547,api,0.030
1790901725.547,client,0.020
1790901725.547,enginecore,5.380
1790901725.547,other_total,0.050
1790901725.547,store_0,0.030
1790901725.547,store_1,0.000
1790901725.547,avail_mb,44725
1790901725.547,pswpin,907521
1790901726.556,api,0.069
1790901726.556,client,0.020
1790901726.556,enginecore,2.200
1790901726.556,other_total,0.010
1790901726.556,store_0,0.000
1790901726.556,store_1,0.000
1790901726.556,avail_mb,44722
1790901726.556,pswpin,907521
1790901727.565,api,0.050
1790901727.565,client,0.010
1790901727.565,enginecore,5.856
1790901727.565,other_total,0.040
1790901727.565,store_0,0.030
1790901727.565,store_1,0.030
1790901727.565,avail_mb,44731
1790901727.565,pswpin,907521
1790901728.574,api,0.050
1790901728.574,client,0.020
1790901728.574,enginecore,6.899
1790901728.574,other_total,0.030
1790901728.574,store_0,0.000
1790901728.574,store_1,0.020
1790901728.574,avail_mb,44724
1790901728.574,pswpin,907521
1790901729.583,api,0.050
1790901729.583,client,0.020
1790901729.583,enginecore,3.408
1790901729.583,other_total,0.000
1790901729.583,store_0,0.010
1790901729.583,store_1,0.020
1790901729.583,avail_mb,44734
1790901729.583,pswpin,907521
1790901730.592,api,0.040
1790901730.592,client,0.020
1790901730.592,enginecore,3.231
1790901730.592,other_total,0.030
1790901730.592,store_0,0.000
1790901730.592,store_1,0.000
1790901730.592,avail_mb,44729
1790901730.592,pswpin,907521
1790901731.602,api,0.050
1790901731.602,client,0.010
1790901731.602,enginecore,6.190
1790901731.602,other_total,0.040
1790901731.602,store_0,0.030
1790901731.602,store_1,0.059
1790901731.602,avail_mb,44726
1790901731.602,pswpin,907521
1790901732.611,api,0.050
1790901732.611,client,0.010
1790901732.611,enginecore,7.018
1790901732.611,other_total,0.010
1790901732.611,store_0,0.030
1790901732.611,store_1,0.000
1790901732.611,avail_mb,44728
1790901732.611,pswpin,907521
1790901733.620,api,0.050
1790901733.620,client,0.010
1790901733.620,enginecore,2.190
1790901733.620,other_total,0.050
1790901733.620,store_0,0.000
1790901733.620,store_1,0.000
1790901733.620,avail_mb,44726
1790901733.620,pswpin,907521
1790901734.629,api,0.040
1790901734.629,client,0.020
1790901734.629,enginecore,6.283
1790901734.629,other_total,0.030
1790901734.629,store_0,0.020
1790901734.629,store_1,0.030
1790901734.629,avail_mb,44724
1790901734.629,pswpin,907521
1790901735.638,api,0.040
1790901735.638,client,0.010
1790901735.638,enginecore,5.303
1790901735.638,other_total,0.059
1790901735.638,store_0,0.020
1790901735.638,store_1,0.000
1790901735.638,avail_mb,44729
1790901735.638,pswpin,907521
1790901736.647,api,0.069
1790901736.647,client,0.020
1790901736.647,enginecore,3.935
1790901736.647,other_total,0.050
1790901736.647,store_0,0.000
1790901736.647,store_1,0.020
1790901736.647,avail_mb,44727
1790901736.647,pswpin,907521
1790901737.656,api,0.059
1790901737.656,client,0.010
1790901737.656,enginecore,3.370
1790901737.656,other_total,0.030
1790901737.656,store_0,0.030
1790901737.656,store_1,0.000
1790901737.656,avail_mb,44719
1790901737.656,pswpin,907521
1790901738.665,api,0.069
1790901738.665,client,0.020
1790901738.665,enginecore,3.449
1790901738.665,other_total,0.010
1790901738.665,store_0,0.000
1790901738.665,store_1,0.000
1790901738.665,avail_mb,44719
1790901738.665,pswpin,907521
1790901739.674,api,0.059
1790901739.674,client,0.020
1790901739.674,enginecore,3.161
1790901739.674,other_total,0.050
1790901739.674,store_0,0.000
1790901739.674,store_1,0.020
1790901739.674,avail_mb,44723
1790901739.674,pswpin,907521
1790901740.683,api,0.040
1790901740.683,client,0.020
1790901740.683,enginecore,3.457
1790901740.683,other_total,0.059
1790901740.683,store_0,0.000
1790901740.683,store_1,0.000
1790901740.683,avail_mb,44711
1790901740.683,pswpin,907521
1790901741.693,api,0.059
1790901741.693,client,0.010
1790901741.693,enginecore,5.999
1790901741.693,other_total,0.030
1790901741.693,store_0,0.030
1790901741.693,store_1,0.030
1790901741.693,avail_mb,44713
1790901741.693,pswpin,907521
1790901742.702,api,0.059
1790901742.702,client,0.020
1790901742.702,enginecore,4.669
1790901742.702,other_total,0.040
1790901742.702,store_0,0.000
1790901742.702,store_1,0.020
1790901742.702,avail_mb,44709
1790901742.702,pswpin,907521
1790901743.716,api,0.049
1790901743.716,client,0.020
1790901743.716,enginecore,3.030
1790901743.716,other_total,0.039
1790901743.716,store_0,0.000
1790901743.716,store_1,0.000
1790901743.716,avail_mb,44704
1790901743.716,pswpin,907521
1790901744.725,api,0.050
1790901744.725,client,0.010
1790901744.725,enginecore,5.449
1790901744.725,other_total,0.000
1790901744.725,store_0,0.030
1790901744.725,store_1,0.040
1790901744.725,avail_mb,44708
1790901744.725,pswpin,907521
1790901745.734,api,0.020
1790901745.734,client,0.010
1790901745.734,enginecore,3.113
1790901745.734,other_total,0.059
1790901745.734,store_0,0.000
1790901745.734,store_1,0.030
1790901745.734,avail_mb,44757
1790901745.734,pswpin,907521
1790901746.742,api,0.040
1790901746.742,client,0.010
1790901746.742,enginecore,2.102
1790901746.742,other_total,0.020
1790901746.742,store_0,0.000
1790901746.742,store_1,0.000
1790901746.742,avail_mb,44750
1790901746.742,pswpin,907521
1790901747.751,api,0.020
1790901747.751,client,0.010
1790901747.751,enginecore,2.399
1790901747.751,other_total,0.059
1790901747.751,store_0,0.000
1790901747.751,store_1,0.020
1790901747.751,avail_mb,44754
1790901747.751,pswpin,907521
1790901748.760,api,0.030
1790901748.760,client,0.010
1790901748.760,enginecore,2.309
1790901748.760,other_total,0.000
1790901748.760,store_0,0.000
1790901748.760,store_1,0.010
1790901748.760,avail_mb,44752
1790901748.760,pswpin,907521
1790901749.768,api,0.030
1790901749.768,client,0.010
1790901749.768,enginecore,2.955
1790901749.768,other_total,0.040
1790901749.768,store_0,0.000
1790901749.768,store_1,0.000
1790901749.768,avail_mb,44750
1790901749.768,pswpin,907521
1790901750.777,api,0.030
1790901750.777,client,0.020
1790901750.777,enginecore,2.974
1790901750.777,other_total,0.010
1790901750.777,store_0,0.000
1790901750.777,store_1,0.000
1790901750.777,avail_mb,44745
1790901750.777,pswpin,907522
1790901751.786,api,0.030
1790901751.786,client,0.020
1790901751.786,enginecore,2.409
1790901751.786,other_total,0.020
1790901751.786,store_0,0.000
1790901751.786,store_1,0.020
1790901751.786,avail_mb,44747
1790901751.786,pswpin,907522
1790901752.795,api,0.040
1790901752.795,client,0.000
1790901752.795,enginecore,2.974
1790901752.795,other_total,0.020
1790901752.795,store_0,0.000
1790901752.795,store_1,0.020
1790901752.795,avail_mb,44746
1790901752.795,pswpin,907522
1790901753.804,api,0.030
1790901753.804,client,0.010
1790901753.804,enginecore,3.062
1790901753.804,other_total,0.000
1790901753.804,store_0,0.000
1790901753.804,store_1,0.030
1790901753.804,avail_mb,44749
1790901753.804,pswpin,907522
1790901754.813,api,0.030
1790901754.813,client,0.010
1790901754.813,enginecore,2.924
1790901754.813,other_total,0.020
1790901754.813,store_0,0.000
1790901754.813,store_1,0.050
1790901754.813,avail_mb,44747
1790901754.813,pswpin,907522
1790901755.822,api,0.020
1790901755.822,client,0.010
1790901755.822,enginecore,2.953
1790901755.822,other_total,0.030
1790901755.822,store_0,0.000
1790901755.822,store_1,0.020
1790901755.822,avail_mb,44744
1790901755.822,pswpin,907522
1790901756.831,api,0.030
1790901756.831,client,0.010
1790901756.831,enginecore,2.050
1790901756.831,other_total,0.020
1790901756.831,store_0,0.000
1790901756.831,store_1,0.000
1790901756.831,avail_mb,44744
1790901756.831,pswpin,907522
1790901757.840,api,0.050
1790901757.840,client,0.010
1790901757.840,enginecore,2.052
1790901757.840,other_total,0.000
1790901757.840,store_0,0.000
1790901757.840,store_1,0.000
1790901757.840,avail_mb,44743
1790901757.840,pswpin,907522
1790901758.849,api,0.010
1790901758.849,enginecore,0.347
1790901758.849,other_total,0.040
1790901758.849,store_0,0.000
1790901758.849,store_1,0.000
1790901758.849,avail_mb,44785
1790901758.849,pswpin,907522
