ts,role,cores
1790921042.432,other_total,0.099
1790921042.432,avail_mb,57980
1790921042.432,pswpin,1545672
1790921043.442,other_total,0.109
1790921043.442,avail_mb,57982
1790921043.442,pswpin,1545672
1790921044.451,other_total,0.109
1790921044.451,avail_mb,57983
1790921044.451,pswpin,1545674
1790921045.461,other_total,0.079
1790921045.461,avail_mb,57984
1790921045.461,pswpin,1545674
1790921046.472,other_total,0.307
1790921046.472,avail_mb,57947
1790921046.472,pswpin,1545674
1790921047.482,other_total,0.119
1790921047.482,avail_mb,57948
1790921047.482,pswpin,1545674
1790921048.492,other_total,0.059
1790921048.492,avail_mb,57950
1790921048.492,pswpin,1545695
1790921049.502,other_total,0.059
1790921049.502,avail_mb,57935
1790921049.502,pswpin,1545695
1790921050.513,other_total,0.109
1790921050.513,avail_mb,57956
1790921050.513,pswpin,1545695
1790921051.523,other_total,0.089
1790921051.523,avail_mb,57960
1790921051.523,pswpin,1545699
1790921052.531,other_total,2.915
1790921052.531,avail_mb,57566
1790921052.531,pswpin,1545703
1790921053.542,other_total,0.228
1790921053.542,store_0,0.099
1790921053.542,avail_mb,57472
1790921053.542,pswpin,1545705
1790921054.550,other_total,3.896
1790921054.550,store_0,0.000
1790921054.550,avail_mb,56886
1790921054.550,pswpin,1545705
1790921055.559,api,3.688
1790921055.559,other_total,0.109
1790921055.559,store_0,0.000
1790921055.559,avail_mb,56761
1790921055.559,pswpin,1545705
1790921056.568,api,1.983
1790921056.568,other_total,0.050
1790921056.568,store_0,0.000
1790921056.568,avail_mb,56524
1790921056.568,pswpin,1545705
1790921057.577,api,1.447
1790921057.577,other_total,0.040
1790921057.577,store_0,0.000
1790921057.577,avail_mb,56394
1790921057.577,pswpin,1545707
1790921058.586,api,0.763
1790921058.586,other_total,3.568
1790921058.586,store_0,0.000
1790921058.586,avail_mb,55712
1790921058.586,pswpin,1545709
1790921059.594,api,0.000
1790921059.594,other_total,1.963
1790921059.594,store_0,0.000
1790921059.594,avail_mb,55440
1790921059.594,pswpin,1545711
1790921060.603,api,0.000
1790921060.603,other_total,4.172
1790921060.603,store_0,0.000
1790921060.603,avail_mb,55251
1790921060.603,pswpin,1545715
1790921061.612,api,0.000
1790921061.612,other_total,2.021
1790921061.612,store_0,0.000
1790921061.612,avail_mb,55060
1790921061.612,pswpin,1545715
1790921062.621,api,0.000
1790921062.621,enginecore,2.270
1790921062.621,other_total,0.595
1790921062.621,store_0,0.000
1790921062.621,avail_mb,54336
1790921062.621,pswpin,1545715
1790921063.631,api,0.000
1790921063.631,enginecore,1.436
1790921063.631,other_total,1.654
1790921063.631,store_0,0.000
1790921063.631,avail_mb,54342
1790921063.631,pswpin,1545715
1790921064.640,api,0.000
1790921064.640,enginecore,2.002
1790921064.640,other_total,0.040
1790921064.640,store_0,0.000
1790921064.640,avail_mb,53879
1790921064.640,pswpin,1545715
1790921065.649,api,0.000
1790921065.649,enginecore,1.636
1790921065.649,other_total,0.486
1790921065.649,store_0,0.000
1790921065.649,avail_mb,53839
1790921065.649,pswpin,1545715
1790921066.666,api,0.000
1790921066.666,enginecore,1.827
1790921066.666,other_total,0.786
1790921066.666,store_0,0.000
1790921066.666,avail_mb,52754
1790921066.666,pswpin,1545715
1790921067.676,api,0.040
1790921067.676,enginecore,1.457
1790921067.676,other_total,0.069
1790921067.676,store_0,0.000
1790921067.676,avail_mb,52674
1790921067.676,pswpin,1545725
1790921068.684,api,0.357
1790921068.684,enginecore,0.991
1790921068.684,other_total,0.020
1790921068.684,store_0,0.000
1790921068.684,avail_mb,52400
1790921068.684,pswpin,1545725
1790921069.693,api,0.000
1790921069.693,enginecore,0.853
1790921069.693,other_total,0.178
1790921069.693,store_0,0.000
1790921069.693,avail_mb,52049
1790921069.693,pswpin,1545725
1790921070.701,api,0.000
1790921070.701,enginecore,0.030
1790921070.701,other_total,0.952
1790921070.701,store_0,0.000
1790921070.701,avail_mb,52039
1790921070.701,pswpin,1545725
1790921071.710,api,0.000
1790921071.710,enginecore,1.575
1790921071.710,other_total,0.040
1790921071.710,store_0,0.000
1790921071.710,avail_mb,50829
1790921071.710,pswpin,1545725
1790921072.721,api,0.000
1790921072.721,enginecore,0.584
1790921072.721,other_total,0.030
1790921072.721,store_0,0.000
1790921072.721,avail_mb,50758
1790921072.721,pswpin,1545725
1790921073.731,api,0.426
1790921073.731,enginecore,0.000
1790921073.731,other_total,0.059
1790921073.731,store_0,0.000
1790921073.731,avail_mb,50716
1790921073.731,pswpin,1545726
1790921074.742,api,0.000
1790921074.742,enginecore,0.020
1790921074.742,other_total,0.030
1790921074.742,store_0,0.000
1790921074.742,avail_mb,50716
1790921074.742,pswpin,1545726
1790921075.752,api,0.040
1790921075.752,enginecore,0.020
1790921075.752,other_total,0.109
1790921075.752,store_0,0.000
1790921075.752,avail_mb,50707
1790921075.752,pswpin,1545726
1790921076.761,api,0.010
1790921076.761,enginecore,0.922
1790921076.761,other_total,0.069
1790921076.761,store_0,0.099
1790921076.761,avail_mb,50175
1790921076.761,pswpin,1545726
1790921077.770,api,0.010
1790921077.770,enginecore,0.952
1790921077.770,other_total,0.050
1790921077.770,store_0,0.149
1790921077.770,avail_mb,49541
1790921077.770,pswpin,1545726
1790921078.779,api,0.010
1790921078.779,enginecore,0.952
1790921078.779,other_total,0.050
1790921078.779,store_0,0.159
1790921078.779,avail_mb,48887
1790921078.779,pswpin,1545726
1790921079.789,api,0.000
1790921079.789,enginecore,0.990
1790921079.789,other_total,0.287
1790921079.789,store_0,0.158
1790921079.789,avail_mb,48115
1790921079.789,pswpin,1545728
1790921080.798,api,0.010
1790921080.798,enginecore,1.051
1790921080.798,other_total,0.912
1790921080.798,store_0,0.169
1790921080.798,avail_mb,50686
1790921080.798,pswpin,1545728
1790921081.807,api,0.000
1790921081.807,enginecore,0.020
1790921081.807,other_total,0.238
1790921081.807,store_0,0.000
1790921081.807,avail_mb,50553
1790921081.807,pswpin,1545728
1790921082.816,api,0.000
1790921082.816,enginecore,0.000
1790921082.816,other_total,0.050
1790921082.816,store_0,0.000
1790921082.816,store_1,2.506
1790921082.816,avail_mb,50412
1790921082.816,pswpin,1545729
1790921083.828,api,0.000
1790921083.828,enginecore,0.020
1790921083.828,other_total,0.485
1790921083.828,store_0,0.000
1790921083.828,store_1,0.000
1790921083.828,avail_mb,50205
1790921083.828,pswpin,1545729
1790921084.837,api,3.804
1790921084.837,enginecore,0.000
1790921084.837,other_total,0.149
1790921084.837,store_0,0.000
1790921084.837,store_1,0.000
1790921084.837,avail_mb,49801
1790921084.837,pswpin,1545729
1790921085.846,api,3.936
1790921085.846,enginecore,0.010
1790921085.846,other_total,0.119
1790921085.846,store_0,0.000
1790921085.846,store_1,0.000
1790921085.846,avail_mb,49617
1790921085.846,pswpin,1545729
1790921086.856,api,1.991
1790921086.856,enginecore,0.000
1790921086.856,other_total,0.069
1790921086.856,store_0,0.000
1790921086.856,store_1,0.000
1790921086.856,avail_mb,49431
1790921086.856,pswpin,1545729
1790921087.864,api,1.160
1790921087.864,enginecore,0.010
1790921087.864,other_total,0.030
1790921087.864,store_0,0.000
1790921087.864,store_1,0.000
1790921087.864,avail_mb,49353
1790921087.864,pswpin,1545729
1790921088.873,api,0.347
1790921088.873,enginecore,0.000
1790921088.873,other_total,4.461
1790921088.873,store_0,0.000
1790921088.873,store_1,0.000
1790921088.873,avail_mb,48572
1790921088.873,pswpin,1545733
1790921089.887,api,0.000
1790921089.887,enginecore,0.000
1790921089.887,other_total,4.765
1790921089.887,store_0,0.000
1790921089.887,store_1,0.000
1790921089.887,avail_mb,48310
1790921089.887,pswpin,1545734
1790921090.896,api,0.000
1790921090.896,enginecore,0.010
1790921090.896,other_total,2.012
1790921090.896,store_0,0.000
1790921090.896,store_1,0.000
1790921090.896,avail_mb,48113
1790921090.896,pswpin,1545734
1790921091.905,api,0.000
1790921091.905,enginecore,0.000
1790921091.905,other_total,1.972
1790921091.905,store_0,0.000
1790921091.905,store_1,0.000
1790921091.905,avail_mb,47887
1790921091.905,pswpin,1545734
1790921092.916,api,0.000
1790921092.916,enginecore,1.622
1790921092.916,other_total,1.908
1790921092.916,store_0,0.000
1790921092.916,store_1,0.000
1790921092.916,avail_mb,47319
1790921092.916,pswpin,1545740
1790921093.925,api,0.000
1790921093.925,enginecore,2.032
1790921093.925,other_total,0.614
1790921093.925,store_0,0.000
1790921093.925,store_1,0.000
1790921093.925,avail_mb,47300
1790921093.925,pswpin,1545740
1790921094.934,api,0.000
1790921094.934,enginecore,2.022
1790921094.934,other_total,0.099
1790921094.934,store_0,0.000
1790921094.934,store_1,0.000
1790921094.934,avail_mb,46924
1790921094.934,pswpin,1545741
1790921095.943,api,0.010
1790921095.943,enginecore,1.170
1790921095.943,other_total,0.872
1790921095.943,store_0,0.000
1790921095.943,store_1,0.000
1790921095.943,avail_mb,46886
1790921095.943,pswpin,1545741
1790921096.952,api,0.000
1790921096.952,enginecore,1.021
1790921096.952,other_total,0.218
1790921096.952,store_0,0.000
1790921096.952,store_1,0.000
1790921096.952,avail_mb,46864
1790921096.952,pswpin,1545741
1790921097.960,api,0.000
1790921097.960,enginecore,1.001
1790921097.960,other_total,0.059
1790921097.960,store_0,0.000
1790921097.960,store_1,0.000
1790921097.960,avail_mb,46869
1790921097.960,pswpin,1545741
1790921098.969,api,0.000
1790921098.969,enginecore,0.991
1790921098.969,other_total,0.030
1790921098.969,store_0,0.000
1790921098.969,store_1,0.000
1790921098.969,avail_mb,46296
1790921098.969,pswpin,1545741
1790921099.978,api,0.000
1790921099.978,enginecore,0.466
1790921099.978,other_total,0.625
1790921099.978,store_0,0.000
1790921099.978,store_1,0.000
1790921099.978,avail_mb,46266
1790921099.978,pswpin,1545741
1790921100.986,api,0.000
1790921100.986,enginecore,0.030
1790921100.986,other_total,0.516
1790921100.986,store_0,0.000
1790921100.986,store_1,0.000
1790921100.986,avail_mb,46263
1790921100.986,pswpin,1545741
1790921101.997,api,0.000
1790921101.997,enginecore,0.030
1790921101.997,other_total,0.099
1790921101.997,store_0,0.000
1790921101.997,store_1,0.000
1790921101.997,avail_mb,46273
1790921101.997,pswpin,1545741
1790921103.008,api,0.000
1790921103.008,enginecore,0.030
1790921103.008,other_total,0.040
1790921103.008,store_0,0.000
1790921103.008,store_1,0.000
1790921103.008,avail_mb,46277
1790921103.008,pswpin,1545741
1790921104.019,api,0.010
1790921104.019,enginecore,0.079
1790921104.019,other_total,0.000
1790921104.019,store_0,0.000
1790921104.019,store_1,0.000
1790921104.019,avail_mb,46281
1790921104.019,pswpin,1545741
1790921105.029,api,0.000
1790921105.029,enginecore,0.030
1790921105.029,other_total,0.069
1790921105.029,store_0,0.000
1790921105.029,store_1,0.000
1790921105.029,avail_mb,46289
1790921105.029,pswpin,1545741
1790921106.040,api,0.000
1790921106.040,enginecore,0.040
1790921106.040,other_total,0.099
1790921106.040,store_0,0.000
1790921106.040,store_1,0.000
1790921106.040,avail_mb,46297
1790921106.040,pswpin,1545741
1790921107.051,api,0.000
1790921107.051,enginecore,1.207
1790921107.051,other_total,0.030
1790921107.051,store_0,0.000
1790921107.051,store_1,0.000
1790921107.051,avail_mb,45217
1790921107.051,pswpin,1545741
1790921108.062,api,0.198
1790921108.062,enginecore,0.178
1790921108.062,other_total,0.069
1790921108.062,store_0,0.000
1790921108.062,store_1,0.000
1790921108.062,avail_mb,45154
1790921108.062,pswpin,1545743
1790921109.073,api,0.247
1790921109.073,enginecore,0.020
1790921109.073,other_total,0.059
1790921109.073,store_0,0.000
1790921109.073,store_1,0.000
1790921109.073,avail_mb,45154
1790921109.073,pswpin,1545743
1790921110.083,api,0.000
1790921110.083,enginecore,0.059
1790921110.083,other_total,0.059
1790921110.083,store_0,0.000
1790921110.083,store_1,0.000
1790921110.083,avail_mb,45156
1790921110.083,pswpin,1545743
1790921111.095,api,0.000
1790921111.095,enginecore,1.137
1790921111.095,other_total,0.020
1790921111.095,store_0,0.000
1790921111.095,store_1,0.000
1790921111.095,avail_mb,44128
1790921111.095,pswpin,1545743
1790921112.106,api,0.000
1790921112.106,enginecore,0.821
1790921112.106,other_total,0.089
1790921112.106,store_0,0.000
1790921112.106,store_1,0.000
1790921112.106,avail_mb,43881
1790921112.106,pswpin,1545743
1790921113.117,api,0.059
1790921113.117,enginecore,0.376
1790921113.117,other_total,0.049
1790921113.117,store_0,0.000
1790921113.117,store_1,0.000
1790921113.117,avail_mb,43858
1790921113.117,pswpin,1545743
1790921114.128,api,0.435
1790921114.128,enginecore,0.316
1790921114.128,other_total,0.049
1790921114.128,store_0,0.000
1790921114.128,store_1,0.000
1790921114.128,avail_mb,43747
1790921114.128,pswpin,1545743
1790921115.137,api,0.010
1790921115.137,enginecore,1.041
1790921115.137,other_total,0.040
1790921115.137,store_0,0.000
1790921115.137,store_1,0.188
1790921115.137,avail_mb,42882
1790921115.137,pswpin,1545743
1790921116.147,api,0.000
1790921116.147,enginecore,1.000
1790921116.147,other_total,0.050
1790921116.147,store_0,0.000
1790921116.147,store_1,0.139
1790921116.147,avail_mb,42216
1790921116.147,pswpin,1545743
1790921117.156,api,0.010
1790921117.156,enginecore,0.962
1790921117.156,other_total,0.000
1790921117.156,store_0,0.000
1790921117.156,store_1,0.149
1790921117.156,avail_mb,41562
1790921117.156,pswpin,1545743
1790921118.165,api,0.000
1790921118.165,enginecore,0.942
1790921118.165,other_total,0.079
1790921118.165,store_0,0.000
1790921118.165,store_1,0.139
1790921118.165,avail_mb,40918
1790921118.165,pswpin,1545743
1790921119.173,api,0.010
1790921119.173,enginecore,1.070
1790921119.173,other_total,0.406
1790921119.173,store_0,0.000
1790921119.173,store_1,0.089
1790921119.173,avail_mb,43900
1790921119.173,pswpin,1545743
1790921120.182,api,0.000
1790921120.182,enginecore,0.020
1790921120.182,other_total,2.578
1790921120.182,store_0,0.000
1790921120.182,store_1,0.000
1790921120.182,avail_mb,43626
1790921120.182,pswpin,1545743
1790921121.193,api,0.000
1790921121.193,enginecore,0.030
1790921121.193,other_total,0.059
1790921121.193,store_0,0.000
1790921121.193,store_1,0.000
1790921121.193,store_2,0.119
1790921121.193,avail_mb,43620
1790921121.193,pswpin,1545743
1790921122.202,api,0.000
1790921122.202,enginecore,0.020
1790921122.202,other_total,3.171
1790921122.202,store_0,0.000
1790921122.202,store_1,0.000
1790921122.202,store_2,0.000
1790921122.202,avail_mb,43129
1790921122.202,pswpin,1545743
1790921123.213,api,2.135
1790921123.213,enginecore,0.010
1790921123.213,other_total,0.030
1790921123.213,store_0,0.000
1790921123.213,store_1,0.000
1790921123.213,store_2,0.000
1790921123.213,avail_mb,42885
1790921123.213,pswpin,1545743
1790921124.222,api,3.608
1790921124.222,enginecore,0.000
1790921124.222,other_total,0.079
1790921124.222,store_0,0.000
1790921124.222,store_1,0.000
1790921124.222,store_2,0.000
1790921124.222,avail_mb,42710
1790921124.222,pswpin,1545743
1790921125.231,api,1.655
1790921125.231,enginecore,0.020
1790921125.231,other_total,0.000
1790921125.231,store_0,0.000
1790921125.231,store_1,0.000
1790921125.231,store_2,0.000
1790921125.231,avail_mb,42510
1790921125.231,pswpin,1545743
1790921126.252,api,0.882
1790921126.252,enginecore,0.000
1790921126.252,other_total,3.126
1790921126.252,store_0,0.000
1790921126.252,store_1,0.000
1790921126.252,store_2,0.000
1790921126.252,avail_mb,41874
1790921126.252,pswpin,1545743
1790921127.262,api,0.000
1790921127.262,enginecore,0.030
1790921127.262,other_total,1.971
1790921127.262,store_0,0.000
1790921127.262,store_1,0.000
1790921127.262,store_2,0.000
1790921127.262,avail_mb,41564
1790921127.262,pswpin,1545762
1790921128.271,api,0.000
1790921128.271,enginecore,0.000
1790921128.271,other_total,4.023
1790921128.271,store_0,0.000
1790921128.271,store_1,0.000
1790921128.271,store_2,0.000
1790921128.271,avail_mb,41374
1790921128.271,pswpin,1545798
1790921129.280,api,0.010
1790921129.280,enginecore,0.000
1790921129.280,other_total,2.022
1790921129.280,store_0,0.000
1790921129.280,store_1,0.000
1790921129.280,store_2,0.000
1790921129.280,avail_mb,41175
1790921129.280,pswpin,1545798
1790921130.292,api,0.000
1790921130.292,enginecore,0.020
1790921130.292,other_total,2.965
1790921130.292,store_0,0.000
1790921130.292,store_1,0.000
1790921130.292,store_2,0.000
1790921130.292,avail_mb,40476
1790921130.292,pswpin,1545798
1790921131.301,api,0.000
1790921131.301,enginecore,1.427
1790921131.301,other_total,1.556
1790921131.301,store_0,0.000
1790921131.301,store_1,0.000
1790921131.301,store_2,0.000
1790921131.301,avail_mb,40454
1790921131.301,pswpin,1545798
1790921132.310,api,0.000
1790921132.310,enginecore,2.011
1790921132.310,other_total,0.069
1790921132.310,store_0,0.000
1790921132.310,store_1,0.000
1790921132.310,store_2,0.000
1790921132.310,avail_mb,39999
1790921132.310,pswpin,1545798
1790921133.319,api,0.000
1790921133.319,enginecore,1.566
1790921133.319,other_total,0.476
1790921133.319,store_0,0.000
1790921133.319,store_1,0.000
1790921133.319,store_2,0.000
1790921133.319,avail_mb,39951
1790921133.319,pswpin,1545798
1790921134.328,api,0.000
1790921134.328,enginecore,1.011
1790921134.328,other_total,0.634
1790921134.328,store_0,0.000
1790921134.328,store_1,0.000
1790921134.328,store_2,0.000
1790921134.328,avail_mb,39914
1790921134.328,pswpin,1545798
1790921135.337,api,0.000
1790921135.337,enginecore,1.021
1790921135.337,other_total,0.000
1790921135.337,store_0,0.000
1790921135.337,store_1,0.000
1790921135.337,store_2,0.000
1790921135.337,avail_mb,39916
1790921135.337,pswpin,1545798
1790921136.346,api,0.000
1790921136.346,enginecore,1.001
1790921136.346,other_total,0.050
1790921136.346,store_0,0.000
1790921136.346,store_1,0.000
1790921136.346,store_2,0.000
1790921136.346,avail_mb,39666
1790921136.346,pswpin,1545798
1790921137.355,api,0.000
1790921137.355,enginecore,0.833
1790921137.355,other_total,0.198
1790921137.355,store_0,0.000
1790921137.355,store_1,0.000
1790921137.355,store_2,0.000
1790921137.355,avail_mb,39333
1790921137.355,pswpin,1545798
1790921138.364,api,0.000
1790921138.364,enginecore,0.030
1790921138.364,other_total,0.883
1790921138.364,store_0,0.000
1790921138.364,store_1,0.000
1790921138.364,store_2,0.000
1790921138.364,avail_mb,39317
1790921138.364,pswpin,1545798
1790921139.374,api,0.000
1790921139.374,enginecore,0.020
1790921139.374,other_total,0.040
1790921139.374,store_0,0.000
1790921139.374,store_1,0.000
1790921139.374,store_2,0.000
1790921139.374,avail_mb,39317
1790921139.374,pswpin,1545798
1790921140.384,api,0.000
1790921140.384,enginecore,0.010
1790921140.384,other_total,0.050
1790921140.384,store_0,0.000
1790921140.384,store_1,0.000
1790921140.384,store_2,0.000
1790921140.384,avail_mb,39323
1790921140.384,pswpin,1545798
1790921141.394,api,0.000
1790921141.394,enginecore,0.030
1790921141.394,other_total,0.000
1790921141.394,store_0,0.000
1790921141.394,store_1,0.000
1790921141.394,store_2,0.000
1790921141.394,avail_mb,39328
1790921141.394,pswpin,1545802
1790921142.404,api,0.000
1790921142.404,enginecore,0.020
1790921142.404,other_total,0.050
1790921142.404,store_0,0.000
1790921142.404,store_1,0.000
1790921142.404,store_2,0.000
1790921142.404,avail_mb,39332
1790921142.404,pswpin,1545802
1790921143.415,api,0.000
1790921143.415,enginecore,1.098
1790921143.415,other_total,0.030
1790921143.415,store_0,0.000
1790921143.415,store_1,0.000
1790921143.415,store_2,0.000
1790921143.415,avail_mb,38238
1790921143.415,pswpin,1545802
1790921144.426,api,0.158
1790921144.426,enginecore,0.247
1790921144.426,other_total,0.030
1790921144.426,store_0,0.000
1790921144.426,store_1,0.000
1790921144.426,store_2,0.000
1790921144.426,avail_mb,38194
1790921144.426,pswpin,1545802
1790921145.437,api,0.287
1790921145.437,enginecore,0.020
1790921145.437,other_total,0.020
1790921145.437,store_0,0.000
1790921145.437,store_1,0.000
1790921145.437,store_2,0.000
1790921145.437,avail_mb,38198
1790921145.437,pswpin,1545802
1790921146.447,api,0.000
1790921146.447,enginecore,0.010
1790921146.447,other_total,0.030
1790921146.447,store_0,0.000
1790921146.447,store_1,0.000
1790921146.447,store_2,0.000
1790921146.447,avail_mb,38199
1790921146.447,pswpin,1545802
1790921147.457,api,0.010
1790921147.457,enginecore,0.020
1790921147.457,other_total,0.000
1790921147.457,store_0,0.000
1790921147.457,store_1,0.000
1790921147.457,store_2,0.000
1790921147.457,avail_mb,38203
1790921147.457,pswpin,1545802
1790921148.468,api,0.000
1790921148.468,enginecore,0.208
1790921148.468,other_total,0.040
1790921148.468,store_0,0.000
1790921148.468,store_1,0.000
1790921148.468,store_2,0.000
1790921148.468,avail_mb,38207
1790921148.468,pswpin,1545802
1790921149.480,api,0.000
1790921149.480,enginecore,1.591
1790921149.480,other_total,0.049
1790921149.480,store_0,0.000
1790921149.480,store_1,0.000
1790921149.480,store_2,0.000
1790921149.480,avail_mb,36973
1790921149.480,pswpin,1545802
1790921150.491,api,0.049
1790921150.491,enginecore,0.554
1790921150.491,other_total,0.030
1790921150.491,store_0,0.000
1790921150.491,store_1,0.000
1790921150.491,store_2,0.000
1790921150.491,avail_mb,36870
1790921150.491,pswpin,1545802
1790921151.502,api,0.396
1790921151.502,enginecore,0.020
1790921151.502,other_total,0.030
1790921151.502,store_0,0.000
1790921151.502,store_1,0.000
1790921151.502,store_2,0.000
1790921151.502,avail_mb,36831
1790921151.502,pswpin,1545802
1790921152.511,api,0.040
1790921152.511,enginecore,0.753
1790921152.511,other_total,0.069
1790921152.511,store_0,0.000
1790921152.511,store_1,0.000
1790921152.511,store_2,0.099
1790921152.511,avail_mb,36329
1790921152.511,pswpin,1545802
1790921153.520,api,0.010
1790921153.520,enginecore,1.021
1790921153.520,other_total,0.000
1790921153.520,store_0,0.000
1790921153.520,store_1,0.000
1790921153.520,store_2,0.129
1790921153.520,avail_mb,35755
1790921153.520,pswpin,1545802
1790921154.529,api,0.000
1790921154.529,enginecore,0.961
1790921154.529,other_total,0.059
1790921154.529,store_0,0.000
1790921154.529,store_1,0.000
1790921154.529,store_2,0.149
1790921154.529,avail_mb,35107
1790921154.529,pswpin,1545802
1790921155.538,api,0.010
1790921155.538,enginecore,0.942
1790921155.538,other_total,0.030
1790921155.538,store_0,0.000
1790921155.538,store_1,0.000
1790921155.538,store_2,0.129
1790921155.538,avail_mb,34440
1790921155.538,pswpin,1545802
1790921156.547,api,0.000
1790921156.547,enginecore,1.110
1790921156.547,other_total,0.932
1790921156.547,store_0,0.000
1790921156.547,store_1,0.000
1790921156.547,store_2,0.178
1790921156.547,avail_mb,37049
1790921156.547,pswpin,1545802
1790921157.558,api,0.010
1790921157.558,enginecore,0.010
1790921157.558,other_total,0.129
1790921157.558,store_0,0.000
1790921157.558,store_1,0.000
1790921157.558,store_2,0.000
1790921157.558,avail_mb,37031
1790921157.558,pswpin,1545802
1790921158.567,api,0.000
1790921158.567,enginecore,0.020
1790921158.567,other_total,0.059
1790921158.567,store_0,0.000
1790921158.567,store_1,0.000
1790921158.567,store_2,0.000
1790921158.567,store_3,2.597
1790921158.567,avail_mb,36724
1790921158.567,pswpin,1545802
1790921159.578,api,0.000
1790921159.578,enginecore,0.040
1790921159.578,other_total,0.119
1790921159.578,store_0,0.000
1790921159.578,store_1,0.000
1790921159.578,store_2,0.000
1790921159.578,store_3,0.000
1790921159.578,avail_mb,36678
1790921159.578,pswpin,1545802
1790921160.587,api,3.895
1790921160.587,enginecore,0.010
1790921160.587,other_total,0.050
1790921160.587,store_0,0.000
1790921160.587,store_1,0.000
1790921160.587,store_2,0.000
1790921160.587,store_3,0.000
1790921160.587,avail_mb,36010
1790921160.587,pswpin,1545802
1790921161.596,api,3.835
1790921161.596,enginecore,0.010
1790921161.596,other_total,0.050
1790921161.596,store_0,0.000
1790921161.596,store_1,0.000
1790921161.596,store_2,0.000
1790921161.596,store_3,0.000
1790921161.596,avail_mb,35799
1790921161.596,pswpin,1545802
1790921162.605,api,1.992
1790921162.605,enginecore,0.020
1790921162.605,other_total,0.030
1790921162.605,store_0,0.000
1790921162.605,store_1,0.000
1790921162.605,store_2,0.000
1790921162.605,store_3,0.000
1790921162.605,avail_mb,35602
1790921162.605,pswpin,1545802
1790921163.614,api,1.249
1790921163.614,enginecore,0.000
1790921163.614,other_total,0.050
1790921163.614,store_0,0.000
1790921163.614,store_1,0.000
1790921163.614,store_2,0.000
1790921163.614,store_3,0.000
1790921163.614,avail_mb,35500
1790921163.614,pswpin,1545802
1790921164.623,api,0.347
1790921164.623,enginecore,0.020
1790921164.623,other_total,3.438
1790921164.623,store_0,0.000
1790921164.623,store_1,0.000
1790921164.623,store_2,0.000
1790921164.623,store_3,0.000
1790921164.623,avail_mb,34726
1790921164.623,pswpin,1545802
1790921165.633,api,0.000
1790921165.633,enginecore,0.020
1790921165.633,other_total,3.785
1790921165.633,store_0,0.000
1790921165.633,store_1,0.000
1790921165.633,store_2,0.000
1790921165.633,store_3,0.000
1790921165.633,avail_mb,34539
1790921165.633,pswpin,1545802
1790921166.642,api,0.000
1790921166.642,enginecore,0.000
1790921166.642,other_total,2.060
1790921166.642,store_0,0.000
1790921166.642,store_1,0.000
1790921166.642,store_2,0.000
1790921166.642,store_3,0.000
1790921166.642,avail_mb,34318
1790921166.642,pswpin,1545802
1790921167.652,api,0.000
1790921167.652,enginecore,0.020
1790921167.652,other_total,1.882
1790921167.652,store_0,0.000
1790921167.652,store_1,0.000
1790921167.652,store_2,0.000
1790921167.652,store_3,0.000
1790921167.652,avail_mb,34010
1790921167.652,pswpin,1545802
1790921168.664,api,0.010
1790921168.664,enginecore,1.710
1790921168.664,other_total,1.561
1790921168.664,store_0,0.000
1790921168.664,store_1,0.000
1790921168.664,store_2,0.000
1790921168.664,store_3,0.000
1790921168.664,avail_mb,33491
1790921168.664,pswpin,1545802
1790921169.674,api,0.010
1790921169.674,enginecore,2.040
1790921169.674,other_total,0.634
1790921169.674,store_0,0.000
1790921169.674,store_1,0.000
1790921169.674,store_2,0.000
1790921169.674,store_3,0.000
1790921169.674,avail_mb,33502
1790921169.674,pswpin,1545802
1790921170.683,api,0.000
1790921170.683,enginecore,2.032
1790921170.683,other_total,0.030
1790921170.683,store_0,0.000
1790921170.683,store_1,0.000
1790921170.683,store_2,0.000
1790921170.683,store_3,0.000
1790921170.683,avail_mb,33049
1790921170.683,pswpin,1545802
1790921171.692,api,0.000
1790921171.692,enginecore,1.060
1790921171.692,other_total,1.011
1790921171.692,store_0,0.000
1790921171.692,store_1,0.000
1790921171.692,store_2,0.000
1790921171.692,store_3,0.000
1790921171.692,avail_mb,33000
1790921171.692,pswpin,1545802
1790921172.701,api,0.000
1790921172.701,enginecore,2.259
1790921172.701,other_total,0.168
1790921172.701,store_0,0.000
1790921172.701,store_1,0.000
1790921172.701,store_2,0.000
1790921172.701,store_3,0.000
1790921172.701,avail_mb,31835
1790921172.701,pswpin,1545802
1790921173.710,api,0.238
1790921173.710,enginecore,1.030
1790921173.710,other_total,0.020
1790921173.710,store_0,0.000
1790921173.710,store_1,0.000
1790921173.710,store_2,0.000
1790921173.710,store_3,0.000
1790921173.710,avail_mb,31785
1790921173.710,pswpin,1545802
1790921174.720,api,0.168
1790921174.720,enginecore,1.001
1790921174.720,other_total,0.030
1790921174.720,store_0,0.000
1790921174.720,store_1,0.000
1790921174.720,store_2,0.000
1790921174.720,store_3,0.000
1790921174.720,avail_mb,31215
1790921174.720,pswpin,1545802
1790921175.729,api,0.000
1790921175.729,enginecore,0.357
1790921175.729,other_total,0.704
1790921175.729,store_0,0.000
1790921175.729,store_1,0.000
1790921175.729,store_2,0.000
1790921175.729,store_3,0.000
1790921175.729,avail_mb,31215
1790921175.729,pswpin,1545802
1790921176.738,api,0.000
1790921176.738,enginecore,1.169
1790921176.738,other_total,0.406
1790921176.738,store_0,0.000
1790921176.738,store_1,0.000
1790921176.738,store_2,0.000
1790921176.738,store_3,0.000
1790921176.738,avail_mb,30195
1790921176.738,pswpin,1545802
1790921177.748,api,0.000
1790921177.748,enginecore,0.822
1790921177.748,other_total,0.020
1790921177.748,store_0,0.000
1790921177.748,store_1,0.000
1790921177.748,store_2,0.000
1790921177.748,store_3,0.000
1790921177.748,avail_mb,29941
1790921177.748,pswpin,1545802
1790921178.759,api,0.069
1790921178.759,enginecore,0.218
1790921178.759,other_total,0.040
1790921178.759,store_0,0.000
1790921178.759,store_1,0.000
1790921178.759,store_2,0.000
1790921178.759,store_3,0.000
1790921178.759,avail_mb,29931
1790921178.759,pswpin,1545802
1790921179.768,api,0.416
1790921179.768,enginecore,0.159
1790921179.768,other_total,0.050
1790921179.768,store_0,0.000
1790921179.768,store_1,0.000
1790921179.768,store_2,0.000
1790921179.768,store_3,0.000
1790921179.768,avail_mb,29844
1790921179.768,pswpin,1545802
1790921180.777,api,0.010
1790921180.777,enginecore,1.031
1790921180.777,other_total,0.000
1790921180.777,store_0,0.000
1790921180.777,store_1,0.000
1790921180.777,store_2,0.000
1790921180.777,store_3,0.129
1790921180.777,avail_mb,29157
1790921180.777,pswpin,1545802
1790921181.786,api,0.000
1790921181.786,enginecore,0.951
1790921181.786,other_total,0.050
1790921181.786,store_0,0.000
1790921181.786,store_1,0.000
1790921181.786,store_2,0.000
1790921181.786,store_3,0.149
1790921181.786,avail_mb,28509
1790921181.786,pswpin,1545802
1790921182.795,api,0.010
1790921182.795,enginecore,0.971
1790921182.795,other_total,0.040
1790921182.795,store_0,0.000
1790921182.795,store_1,0.000
1790921182.795,store_2,0.000
1790921182.795,store_3,0.139
1790921182.795,avail_mb,27862
1790921182.795,pswpin,1545802
1790921183.804,api,0.000
1790921183.804,enginecore,1.021
1790921183.804,other_total,0.030
1790921183.804,store_0,0.000
1790921183.804,store_1,0.000
1790921183.804,store_2,0.000
1790921183.804,store_3,0.149
1790921183.804,avail_mb,27223
1790921183.804,pswpin,1545802
1790921184.813,api,0.000
1790921184.813,enginecore,1.110
1790921184.813,other_total,0.634
1790921184.813,store_0,0.000
1790921184.813,store_1,0.000
1790921184.813,store_2,0.000
1790921184.813,store_3,0.139
1790921184.813,avail_mb,30041
1790921184.813,pswpin,1545802
1790921185.824,api,0.010
1790921185.824,enginecore,0.030
1790921185.824,other_total,2.721
1790921185.824,store_0,0.000
1790921185.824,store_1,0.000
1790921185.824,store_2,0.000
1790921185.824,store_3,0.000
1790921185.824,avail_mb,29840
1790921185.824,pswpin,1545802
1790921186.834,api,0.000
1790921186.834,client,0.000
1790921186.834,enginecore,0.030
1790921186.834,other_total,0.010
1790921186.834,store_0,0.000
1790921186.834,store_1,0.000
1790921186.834,store_2,0.000
1790921186.834,store_3,0.000
1790921186.834,avail_mb,29847
1790921186.834,pswpin,1545802
1790921187.844,api,0.000
1790921187.844,client,0.000
1790921187.844,enginecore,0.030
1790921187.844,other_total,0.040
1790921187.844,store_0,0.000
1790921187.844,store_1,0.000
1790921187.844,store_2,0.000
1790921187.844,store_3,0.000
1790921187.844,avail_mb,29855
1790921187.844,pswpin,1545807
1790921188.855,api,0.020
1790921188.855,client,0.010
1790921188.855,enginecore,0.148
1790921188.855,other_total,0.010
1790921188.855,store_0,0.000
1790921188.855,store_1,0.000
1790921188.855,store_2,0.000
1790921188.855,store_3,0.000
1790921188.855,avail_mb,29864
1790921188.855,pswpin,1545807
1790921189.866,api,0.020
1790921189.866,client,0.000
1790921189.866,enginecore,0.326
1790921189.866,other_total,0.020
1790921189.866,store_0,0.000
1790921189.866,store_1,0.000
1790921189.866,store_2,0.000
1790921189.866,store_3,0.000
1790921189.866,avail_mb,29879
1790921189.866,pswpin,1545807
1790921190.876,api,0.010
1790921190.876,client,0.010
1790921190.876,enginecore,3.494
1790921190.876,other_total,0.049
1790921190.876,store_0,0.000
1790921190.876,store_1,0.030
1790921190.876,store_2,0.040
1790921190.876,store_3,0.020
1790921190.876,avail_mb,29888
1790921190.876,pswpin,1545807
1790921191.885,api,0.010
1790921191.885,client,0.010
1790921191.885,enginecore,2.488
1790921191.885,other_total,0.000
1790921191.885,store_0,0.000
1790921191.885,store_1,0.000
1790921191.885,store_2,0.059
1790921191.885,store_3,0.000
1790921191.885,avail_mb,29894
1790921191.885,pswpin,1545807
1790921192.894,api,0.020
1790921192.894,client,0.000
1790921192.894,enginecore,2.240
1790921192.894,other_total,0.069
1790921192.894,store_0,0.020
1790921192.894,store_1,0.000
1790921192.894,store_2,0.030
1790921192.894,store_3,0.000
1790921192.894,avail_mb,29902
1790921192.894,pswpin,1545807
1790921193.905,api,0.010
1790921193.905,client,0.000
1790921193.905,enginecore,1.147
1790921193.905,other_total,0.059
1790921193.905,store_0,0.000
1790921193.905,store_1,0.000
1790921193.905,store_2,0.020
1790921193.905,store_3,0.000
1790921193.905,avail_mb,29913
1790921193.905,pswpin,1545809
1790921194.916,api,0.010
1790921194.916,client,0.010
1790921194.916,enginecore,3.305
1790921194.916,other_total,0.040
1790921194.916,store_0,0.000
1790921194.916,store_1,0.049
1790921194.916,store_2,0.030
1790921194.916,store_3,0.000
1790921194.916,avail_mb,29942
1790921194.916,pswpin,1545809
1790921195.925,api,0.020
1790921195.925,client,0.000
1790921195.925,enginecore,5.898
1790921195.925,other_total,0.010
1790921195.925,store_0,0.030
1790921195.925,store_1,0.059
1790921195.925,store_2,0.030
1790921195.925,store_3,0.030
1790921195.925,avail_mb,29962
1790921195.925,pswpin,1545809
1790921196.934,api,0.010
1790921196.934,client,0.000
1790921196.934,enginecore,3.291
1790921196.934,other_total,0.050
1790921196.934,store_0,0.030
1790921196.934,store_1,0.030
1790921196.934,store_2,0.000
1790921196.934,store_3,0.030
1790921196.934,avail_mb,29961
1790921196.934,pswpin,1545809
1790921197.943,api,0.010
1790921197.943,client,0.000
1790921197.943,enginecore,2.309
1790921197.943,other_total,0.040
1790921197.943,store_0,0.000
1790921197.943,store_1,0.020
1790921197.943,store_2,0.000
1790921197.943,store_3,0.030
1790921197.943,avail_mb,29966
1790921197.943,pswpin,1545809
1790921198.954,api,0.010
1790921198.954,client,0.000
1790921198.954,enginecore,2.463
1790921198.954,other_total,0.020
1790921198.954,store_0,0.000
1790921198.954,store_1,0.030
1790921198.954,store_2,0.030
1790921198.954,store_3,0.000
1790921198.954,avail_mb,29968
1790921198.954,pswpin,1545817
1790921199.963,api,0.020
1790921199.963,client,0.000
1790921199.963,enginecore,2.476
1790921199.963,other_total,0.020
1790921199.963,store_0,0.050
1790921199.963,store_1,0.000
1790921199.963,store_2,0.000
1790921199.963,store_3,0.000
1790921199.963,avail_mb,29967
1790921199.963,pswpin,1545817
1790921200.973,api,0.010
1790921200.973,client,0.020
1790921200.973,enginecore,2.289
1790921200.973,other_total,0.000
1790921200.973,store_0,0.000
1790921200.973,store_1,0.030
1790921200.973,store_2,0.030
1790921200.973,store_3,0.000
1790921200.973,avail_mb,29983
1790921200.973,pswpin,1545817
1790921201.982,api,0.020
1790921201.982,client,0.000
1790921201.982,enginecore,2.298
1790921201.982,other_total,0.040
1790921201.982,store_0,0.030
1790921201.982,store_1,0.000
1790921201.982,store_2,0.000
1790921201.982,store_3,0.020
1790921201.982,avail_mb,29980
1790921201.982,pswpin,1545817
1790921202.991,api,0.020
1790921202.991,client,0.000
1790921202.991,enginecore,4.489
1790921202.991,other_total,0.089
1790921202.991,store_0,0.000
1790921202.991,store_1,0.040
1790921202.991,store_2,0.020
1790921202.991,store_3,0.030
1790921202.991,avail_mb,29981
1790921202.991,pswpin,1545817
1790921204.003,api,0.010
1790921204.003,client,0.000
1790921204.003,enginecore,1.176
1790921204.003,other_total,0.049
1790921204.003,store_0,0.000
1790921204.003,store_1,0.000
1790921204.003,store_2,0.030
1790921204.003,store_3,0.030
1790921204.003,avail_mb,29978
1790921204.003,pswpin,1545817
1790921205.016,api,0.010
1790921205.016,client,0.010
1790921205.016,enginecore,3.961
1790921205.016,other_total,0.079
1790921205.016,store_0,0.000
1790921205.016,store_1,0.030
1790921205.016,store_2,0.000
1790921205.016,store_3,0.059
1790921205.016,avail_mb,29980
1790921205.016,pswpin,1545817
1790921206.026,api,0.030
1790921206.026,client,0.000
1790921206.026,enginecore,3.910
1790921206.026,other_total,0.030
1790921206.026,store_0,0.030
1790921206.026,store_1,0.030
1790921206.026,store_2,0.000
1790921206.026,store_3,0.020
1790921206.026,avail_mb,30016
1790921206.026,pswpin,1545819
1790921207.038,api,0.000
1790921207.038,client,0.000
1790921207.038,enginecore,0.049
1790921207.038,other_total,0.049
1790921207.038,store_0,0.000
1790921207.038,store_1,0.000
1790921207.038,store_2,0.000
1790921207.038,store_3,0.000
1790921207.038,avail_mb,30016
1790921207.038,pswpin,1545819
1790921208.049,api,0.020
1790921208.049,client,0.000
1790921208.049,enginecore,2.383
1790921208.049,other_total,0.010
1790921208.049,store_0,0.020
1790921208.049,store_1,0.000
1790921208.049,store_2,0.000
1790921208.049,store_3,0.030
1790921208.049,avail_mb,30019
1790921208.049,pswpin,1545819
1790921209.061,api,0.000
1790921209.061,client,0.000
1790921209.061,enginecore,1.216
1790921209.061,other_total,0.089
1790921209.061,store_0,0.000
1790921209.061,store_1,0.000
1790921209.061,store_2,0.030
1790921209.061,store_3,0.000
1790921209.061,avail_mb,30007
1790921209.061,pswpin,1545819
1790921210.071,api,0.010
1790921210.071,client,0.000
1790921210.071,enginecore,2.318
1790921210.071,other_total,0.059
1790921210.071,store_0,0.040
1790921210.071,store_1,0.000
1790921210.071,store_2,0.000
1790921210.071,store_3,0.030
1790921210.071,avail_mb,30012
1790921210.071,pswpin,1545819
1790921211.082,api,0.010
1790921211.082,client,0.000
1790921211.082,enginecore,1.266
1790921211.082,other_total,0.010
1790921211.082,store_0,0.000
1790921211.082,store_1,0.000
1790921211.082,store_2,0.000
1790921211.082,store_3,0.030
1790921211.082,avail_mb,30057
1790921211.082,pswpin,1545819
1790921212.093,api,0.010
1790921212.093,client,0.000
1790921212.093,enginecore,1.226
1790921212.093,other_total,0.148
1790921212.093,store_0,0.000
1790921212.093,store_1,0.000
1790921212.093,store_2,0.030
1790921212.093,store_3,0.000
1790921212.093,avail_mb,30089
1790921212.093,pswpin,1545819
1790921213.104,api,0.000
1790921213.104,client,0.000
1790921213.104,enginecore,0.059
1790921213.104,other_total,0.030
1790921213.104,store_0,0.000
1790921213.104,store_1,0.000
1790921213.104,store_2,0.000
1790921213.104,store_3,0.000
1790921213.104,avail_mb,30089
1790921213.104,pswpin,1545819
1790921214.115,api,0.010
1790921214.115,client,0.000
1790921214.115,enginecore,0.059
1790921214.115,other_total,0.049
1790921214.115,store_0,0.000
1790921214.115,store_1,0.000
1790921214.115,store_2,0.000
1790921214.115,store_3,0.000
1790921214.115,avail_mb,30089
1790921214.115,pswpin,1545819
1790921215.130,api,0.010
1790921215.130,client,0.010
1790921215.130,enginecore,0.897
1790921215.130,other_total,0.089
1790921215.130,store_0,0.020
1790921215.130,store_1,0.000
1790921215.130,store_2,0.000
1790921215.130,store_3,0.000
1790921215.130,avail_mb,30107
1790921215.130,pswpin,1545819
1790921216.141,api,0.030
1790921216.141,client,0.000
1790921216.141,enginecore,0.346
1790921216.141,other_total,0.030
1790921216.141,store_0,0.000
1790921216.141,store_1,0.000
1790921216.141,store_2,0.000
1790921216.141,store_3,0.000
1790921216.141,avail_mb,30106
1790921216.141,pswpin,1545819
1790921217.152,api,0.000
1790921217.152,client,0.000
1790921217.152,enginecore,0.089
1790921217.152,other_total,0.049
1790921217.152,store_0,0.000
1790921217.152,store_1,0.000
1790921217.152,store_2,0.000
1790921217.152,store_3,0.000
1790921217.152,avail_mb,30105
1790921217.152,pswpin,1545819
1790921218.163,api,0.010
1790921218.163,client,0.000
1790921218.163,enginecore,1.187
1790921218.163,other_total,0.020
1790921218.163,store_0,0.030
1790921218.163,store_1,0.000
1790921218.163,store_2,0.000
1790921218.163,store_3,0.000
1790921218.163,avail_mb,30102
1790921218.163,pswpin,1545819
1790921219.174,api,0.000
1790921219.174,client,0.000
1790921219.174,enginecore,1.187
1790921219.174,other_total,0.049
1790921219.174,store_0,0.030
1790921219.174,store_1,0.000
1790921219.174,store_2,0.000
1790921219.174,store_3,0.000
1790921219.174,avail_mb,30108
1790921219.174,pswpin,1545819
1790921220.185,api,0.010
1790921220.185,client,0.000
1790921220.185,enginecore,0.059
1790921220.185,other_total,0.040
1790921220.185,store_0,0.000
1790921220.185,store_1,0.000
1790921220.185,store_2,0.000
1790921220.185,store_3,0.000
1790921220.185,avail_mb,30107
1790921220.185,pswpin,1545819
1790921221.196,api,0.000
1790921221.196,client,0.000
1790921221.196,enginecore,0.059
1790921221.196,other_total,0.040
1790921221.196,store_0,0.000
1790921221.196,store_1,0.000
1790921221.196,store_2,0.000
1790921221.196,store_3,0.000
1790921221.196,avail_mb,30106
1790921221.196,pswpin,1545819
1790921222.207,api,0.010
1790921222.207,client,0.000
1790921222.207,enginecore,0.059
1790921222.207,other_total,0.000
1790921222.207,store_0,0.000
1790921222.207,store_1,0.000
1790921222.207,store_2,0.000
1790921222.207,store_3,0.000
1790921222.207,avail_mb,30105
1790921222.207,pswpin,1545819
1790921223.221,api,0.000
1790921223.221,client,0.000
1790921223.221,enginecore,1.253
1790921223.221,other_total,0.059
1790921223.221,store_0,0.030
1790921223.221,store_1,0.000
1790921223.221,store_2,0.000
1790921223.221,store_3,0.000
1790921223.221,avail_mb,30107
1790921223.221,pswpin,1545819
1790921224.231,api,0.020
1790921224.231,enginecore,0.079
1790921224.231,other_total,0.079
1790921224.231,store_0,0.000
1790921224.231,store_1,0.000
1790921224.231,store_2,0.000
1790921224.231,store_3,0.000
1790921224.231,avail_mb,30149
1790921224.231,pswpin,1545822
1790921225.242,api,0.010
1790921225.242,enginecore,0.079
1790921225.242,other_total,0.020
1790921225.242,store_0,0.000
1790921225.242,store_1,0.000
1790921225.242,store_2,0.000
1790921225.242,store_3,0.000
1790921225.242,avail_mb,30149
1790921225.242,pswpin,1545822
1790921226.254,api,0.010
1790921226.254,enginecore,0.020
1790921226.254,other_total,3.006
1790921226.254,store_0,0.000
1790921226.254,store_1,0.000
1790921226.254,store_2,0.000
1790921226.254,store_3,0.000
1790921226.254,avail_mb,29890
1790921226.254,pswpin,1545831
1790921227.265,api,0.000
1790921227.265,client,0.000
1790921227.265,enginecore,0.049
1790921227.265,other_total,0.109
1790921227.265,store_0,0.000
1790921227.265,store_1,0.000
1790921227.265,store_2,0.000
1790921227.265,store_3,0.000
1790921227.265,avail_mb,29889
1790921227.265,pswpin,1545831
1790921228.276,api,0.000
1790921228.276,client,0.000
1790921228.276,enginecore,0.040
1790921228.276,other_total,0.059
1790921228.276,store_0,0.000
1790921228.276,store_1,0.000
1790921228.276,store_2,0.000
1790921228.276,store_3,0.000
1790921228.276,avail_mb,29850
1790921228.276,pswpin,1545831
1790921229.287,api,0.049
1790921229.287,client,0.010
1790921229.287,enginecore,9.744
1790921229.287,other_total,0.188
1790921229.287,store_0,0.020
1790921229.287,store_1,0.049
1790921229.287,store_2,0.020
1790921229.287,store_3,0.020
1790921229.287,avail_mb,29870
1790921229.287,pswpin,1545854
1790921230.298,api,0.089
1790921230.298,client,0.020
1790921230.298,enginecore,9.578
1790921230.298,other_total,0.257
1790921230.298,store_0,0.059
1790921230.298,store_1,0.000
1790921230.298,store_2,0.000
1790921230.298,store_3,0.030
1790921230.298,avail_mb,29859
1790921230.298,pswpin,1545925
1790921231.308,api,0.059
1790921231.308,client,0.040
1790921231.308,enginecore,14.649
1790921231.308,other_total,0.129
1790921231.308,store_0,0.040
1790921231.308,store_1,0.000
1790921231.308,store_2,0.030
1790921231.308,store_3,0.069
1790921231.308,avail_mb,29898
1790921231.308,pswpin,1545925
1790921232.318,api,0.059
1790921232.318,client,0.000
1790921232.318,enginecore,9.222
1790921232.318,other_total,0.000
1790921232.318,store_0,0.030
1790921232.318,store_1,0.000
1790921232.318,store_2,0.030
1790921232.318,store_3,0.000
1790921232.318,avail_mb,29908
1790921232.318,pswpin,1545925
1790921233.330,api,0.059
1790921233.330,client,0.030
1790921233.330,enginecore,7.066
1790921233.330,other_total,0.069
1790921233.330,store_0,0.000
1790921233.330,store_1,0.000
1790921233.330,store_2,0.030
1790921233.330,store_3,0.059
1790921233.330,avail_mb,29905
1790921233.330,pswpin,1545925
1790921234.352,api,0.049
1790921234.352,client,0.010
1790921234.352,enginecore,30.327
1790921234.352,other_total,0.020
1790921234.352,store_0,0.010
1790921234.352,store_1,0.029
1790921234.352,store_2,0.020
1790921234.352,store_3,0.029
1790921234.352,avail_mb,29907
1790921234.352,pswpin,1545925
1790921235.374,api,0.000
1790921235.374,client,0.010
1790921235.374,enginecore,31.860
1790921235.374,other_total,0.078
1790921235.374,store_0,0.000
1790921235.374,store_1,0.000
1790921235.374,store_2,0.000
1790921235.374,store_3,0.000
1790921235.374,avail_mb,29900
1790921235.374,pswpin,1545932
1790921236.399,api,0.029
1790921236.399,client,0.010
1790921236.399,enginecore,31.902
1790921236.399,other_total,0.049
1790921236.399,store_0,0.000
1790921236.399,store_1,0.000
1790921236.399,store_2,0.000
1790921236.399,store_3,0.000
1790921236.399,avail_mb,29891
1790921236.399,pswpin,1545932
1790921237.429,api,0.010
1790921237.429,client,0.010
1790921237.429,enginecore,31.879
1790921237.429,other_total,0.068
1790921237.429,store_0,0.000
1790921237.429,store_1,0.000
1790921237.429,store_2,0.000
1790921237.429,store_3,0.000
1790921237.429,avail_mb,29890
1790921237.429,pswpin,1545932
1790921238.458,api,0.039
1790921238.458,client,0.000
1790921238.458,enginecore,31.927
1790921238.458,other_total,0.010
1790921238.458,store_0,0.000
1790921238.458,store_1,0.019
1790921238.458,store_2,0.000
1790921238.458,store_3,0.000
1790921238.458,avail_mb,29885
1790921238.458,pswpin,1545932
1790921239.480,api,0.020
1790921239.480,client,0.020
1790921239.480,enginecore,31.784
1790921239.480,other_total,0.137
1790921239.480,store_0,0.000
1790921239.480,store_1,0.000
1790921239.480,store_2,0.000
1790921239.480,store_3,0.000
1790921239.480,avail_mb,29884
1790921239.480,pswpin,1545932
1790921240.514,api,0.000
1790921240.514,client,0.000
1790921240.514,enginecore,31.983
1790921240.514,other_total,0.000
1790921240.514,store_0,0.000
1790921240.514,store_1,0.000
1790921240.514,store_2,0.000
1790921240.514,store_3,0.029
1790921240.514,avail_mb,29885
1790921240.514,pswpin,1545932
1790921241.537,api,0.010
1790921241.537,client,0.000
1790921241.537,enginecore,31.871
1790921241.537,other_total,0.059
1790921241.537,store_0,0.000
1790921241.537,store_1,0.000
1790921241.537,store_2,0.000
1790921241.537,store_3,0.000
1790921241.537,avail_mb,29876
1790921241.537,pswpin,1545932
1790921242.573,api,0.010
1790921242.573,client,0.010
1790921242.573,enginecore,31.888
1790921242.573,other_total,0.010
1790921242.573,store_0,0.029
1790921242.573,store_1,0.000
1790921242.573,store_2,0.000
1790921242.573,store_3,0.000
1790921242.573,avail_mb,29874
1790921242.573,pswpin,1545932
1790921243.593,api,0.020
1790921243.593,client,0.010
1790921243.593,enginecore,31.896
1790921243.593,other_total,0.059
1790921243.593,store_0,0.000
1790921243.593,store_1,0.000
1790921243.593,store_2,0.000
1790921243.593,store_3,0.000
1790921243.593,avail_mb,29868
1790921243.593,pswpin,1545932
1790921244.625,api,0.019
1790921244.625,client,0.010
1790921244.625,enginecore,31.889
1790921244.625,other_total,0.010
1790921244.625,store_0,0.000
1790921244.625,store_1,0.019
1790921244.625,store_2,0.000
1790921244.625,store_3,0.000
1790921244.625,avail_mb,29866
1790921244.625,pswpin,1545932
1790921245.652,api,0.000
1790921245.652,client,0.000
1790921245.652,enginecore,31.848
1790921245.652,other_total,0.136
1790921245.652,store_0,0.000
1790921245.652,store_1,0.000
1790921245.652,store_2,0.000
1790921245.652,store_3,0.000
1790921245.652,avail_mb,29858
1790921245.652,pswpin,1545932
1790921246.672,api,0.020
1790921246.672,client,0.029
1790921246.672,enginecore,31.855
1790921246.672,other_total,0.000
1790921246.672,store_0,0.000
1790921246.672,store_1,0.000
1790921246.672,store_2,0.029
1790921246.672,store_3,0.000
1790921246.672,avail_mb,29857
1790921246.672,pswpin,1545932
1790921247.694,api,0.049
1790921247.694,client,0.020
1790921247.694,enginecore,31.825
1790921247.694,other_total,0.039
1790921247.694,store_0,0.000
1790921247.694,store_1,0.000
1790921247.694,store_2,0.000
1790921247.694,store_3,0.020
1790921247.694,avail_mb,29856
1790921247.694,pswpin,1545932
1790921248.719,api,0.029
1790921248.719,client,0.000
1790921248.719,enginecore,31.818
1790921248.719,other_total,0.039
1790921248.719,store_0,0.000
1790921248.719,store_1,0.000
1790921248.719,store_2,0.000
1790921248.719,store_3,0.000
1790921248.719,avail_mb,29843
1790921248.719,pswpin,1545932
1790921249.754,api,0.010
1790921249.754,client,0.019
1790921249.754,enginecore,31.845
1790921249.754,other_total,0.068
1790921249.754,store_0,0.019
1790921249.754,store_1,0.000
1790921249.754,store_2,0.000
1790921249.754,store_3,0.000
1790921249.754,avail_mb,29836
1790921249.754,pswpin,1545932
1790921250.784,api,0.019
1790921250.784,client,0.000
1790921250.784,enginecore,31.954
1790921250.784,other_total,0.049
1790921250.784,store_0,0.000
1790921250.784,store_1,0.000
1790921250.784,store_2,0.000
1790921250.784,store_3,0.000
1790921250.784,avail_mb,29833
1790921250.784,pswpin,1545932
1790921251.808,api,0.020
1790921251.808,client,0.020
1790921251.808,enginecore,31.864
1790921251.808,other_total,0.059
1790921251.808,store_0,0.000
1790921251.808,store_1,0.000
1790921251.808,store_2,0.000
1790921251.808,store_3,0.000
1790921251.808,avail_mb,29825
1790921251.808,pswpin,1545932
1790921252.830,api,0.039
1790921252.830,client,0.000
1790921252.830,enginecore,31.862
1790921252.830,other_total,0.029
1790921252.830,store_0,0.000
1790921252.830,store_1,0.020
1790921252.830,store_2,0.020
1790921252.830,store_3,0.000
1790921252.830,avail_mb,29822
1790921252.830,pswpin,1545932
1790921253.857,api,0.010
1790921253.857,client,0.010
1790921253.857,enginecore,31.887
1790921253.857,other_total,0.000
1790921253.857,store_0,0.000
1790921253.857,store_1,0.000
1790921253.857,store_2,0.000
1790921253.857,store_3,0.000
1790921253.857,avail_mb,29820
1790921253.857,pswpin,1545932
1790921254.877,api,0.029
1790921254.877,client,0.010
1790921254.877,enginecore,31.792
1790921254.877,other_total,0.127
1790921254.877,store_0,0.020
1790921254.877,store_1,0.000
1790921254.877,store_2,0.000
1790921254.877,store_3,0.020
1790921254.877,avail_mb,29854
1790921254.877,pswpin,1545932
1790921255.897,api,0.020
1790921255.897,client,0.010
1790921255.897,enginecore,31.864
1790921255.897,other_total,0.069
1790921255.897,store_0,0.000
1790921255.897,store_1,0.000
1790921255.897,store_2,0.000
1790921255.897,store_3,0.000
1790921255.897,avail_mb,29850
1790921255.897,pswpin,1545932
1790921256.936,api,0.000
1790921256.936,client,0.000
1790921256.936,enginecore,31.937
1790921256.936,other_total,0.019
1790921256.936,store_0,0.000
1790921256.936,store_1,0.000
1790921256.936,store_2,0.000
1790921256.936,store_3,0.000
1790921256.936,avail_mb,29846
1790921256.936,pswpin,1545932
1790921257.959,api,0.010
1790921257.959,client,0.000
1790921257.959,enginecore,31.915
1790921257.959,other_total,0.078
1790921257.959,store_0,0.000
1790921257.959,store_1,0.000
1790921257.959,store_2,0.000
1790921257.959,store_3,0.000
1790921257.959,avail_mb,29838
1790921257.959,pswpin,1545932
1790921258.987,api,0.019
1790921258.987,client,0.000
1790921258.987,enginecore,31.874
1790921258.987,other_total,0.029
1790921258.987,store_0,0.000
1790921258.987,store_1,0.019
1790921258.987,store_2,0.000
1790921258.987,store_3,0.000
1790921258.987,avail_mb,29838
1790921258.987,pswpin,1545932
1790921260.008,api,0.029
1790921260.008,client,0.020
1790921260.008,enginecore,31.881
1790921260.008,other_total,0.010
1790921260.008,store_0,0.000
1790921260.008,store_1,0.000
1790921260.008,store_2,0.000
1790921260.008,store_3,0.000
1790921260.008,avail_mb,29834
1790921260.008,pswpin,1545932
1790921261.025,api,0.010
1790921261.025,client,0.010
1790921261.025,enginecore,31.833
1790921261.025,other_total,0.049
1790921261.025,store_0,0.000
1790921261.025,store_1,0.000
1790921261.025,store_2,0.020
1790921261.025,store_3,0.020
1790921261.025,avail_mb,29829
1790921261.025,pswpin,1545932
1790921262.052,api,0.010
1790921262.052,client,0.000
1790921262.052,enginecore,31.908
1790921262.052,other_total,0.039
1790921262.052,store_0,0.000
1790921262.052,store_1,0.000
1790921262.052,store_2,0.000
1790921262.052,store_3,0.000
1790921262.052,avail_mb,29825
1790921262.052,pswpin,1545932
1790921263.069,api,0.059
1790921263.069,client,0.020
1790921263.069,enginecore,31.831
1790921263.069,other_total,0.010
1790921263.069,store_0,0.029
1790921263.069,store_1,0.000
1790921263.069,store_2,0.000
1790921263.069,store_3,0.000
1790921263.069,avail_mb,29819
1790921263.069,pswpin,1545932
1790921264.091,api,0.010
1790921264.091,client,0.010
1790921264.091,enginecore,31.867
1790921264.091,other_total,0.059
1790921264.091,store_0,0.000
1790921264.091,store_1,0.000
1790921264.091,store_2,0.000
1790921264.091,store_3,0.000
1790921264.091,avail_mb,29810
1790921264.091,pswpin,1545932
1790921265.119,api,0.000
1790921265.119,client,0.010
1790921265.119,enginecore,31.961
1790921265.119,other_total,0.019
1790921265.119,store_0,0.000
1790921265.119,store_1,0.000
1790921265.119,store_2,0.000
1790921265.119,store_3,0.000
1790921265.119,avail_mb,29807
1790921265.119,pswpin,1545932
1790921266.144,api,0.039
1790921266.144,client,0.020
1790921266.144,enginecore,31.765
1790921266.144,other_total,0.088
1790921266.144,store_0,0.000
1790921266.144,store_1,0.029
1790921266.144,store_2,0.000
1790921266.144,store_3,0.000
1790921266.144,avail_mb,29816
1790921266.144,pswpin,1545932
1790921267.169,api,0.020
1790921267.169,client,0.010
1790921267.169,enginecore,31.870
1790921267.169,other_total,0.020
1790921267.169,store_0,0.000
1790921267.169,store_1,0.000
1790921267.169,store_2,0.000
1790921267.169,store_3,0.020
1790921267.169,avail_mb,29809
1790921267.169,pswpin,1545932
1790921268.201,api,0.019
1790921268.201,client,0.000
1790921268.201,enginecore,31.859
1790921268.201,other_total,0.019
1790921268.201,store_0,0.000
1790921268.201,store_1,0.000
1790921268.201,store_2,0.019
1790921268.201,store_3,0.000
1790921268.201,avail_mb,29809
1790921268.201,pswpin,1545932
1790921269.244,api,0.010
1790921269.244,client,0.000
1790921269.244,enginecore,31.879
1790921269.244,other_total,0.019
1790921269.244,store_0,0.019
1790921269.244,store_1,0.000
1790921269.244,store_2,0.000
1790921269.244,store_3,0.000
1790921269.244,avail_mb,29810
1790921269.244,pswpin,1545932
1790921270.284,api,0.010
1790921270.284,client,0.000
1790921270.284,enginecore,31.867
1790921270.284,other_total,0.067
1790921270.284,store_0,0.000
1790921270.284,store_1,0.000
1790921270.284,store_2,0.000
1790921270.284,store_3,0.000
1790921270.284,avail_mb,29795
1790921270.284,pswpin,1545932
1790921271.317,api,0.010
1790921271.317,client,0.019
1790921271.317,enginecore,31.952
1790921271.317,other_total,0.000
1790921271.317,store_0,0.000
1790921271.317,store_1,0.000
1790921271.317,store_2,0.000
1790921271.317,store_3,0.000
1790921271.317,avail_mb,29790
1790921271.317,pswpin,1545932
1790921272.353,api,0.039
1790921272.353,client,0.019
1790921272.353,enginecore,31.902
1790921272.353,other_total,0.010
1790921272.353,store_0,0.000
1790921272.353,store_1,0.000
1790921272.353,store_2,0.000
1790921272.353,store_3,0.000
1790921272.353,avail_mb,29779
1790921272.353,pswpin,1545932
1790921273.385,api,0.019
1790921273.385,client,0.000
1790921273.385,enginecore,31.891
1790921273.385,other_total,0.058
1790921273.385,store_0,0.000
1790921273.385,store_1,0.000
1790921273.385,store_2,0.000
1790921273.385,store_3,0.000
1790921273.385,avail_mb,29772
1790921273.385,pswpin,1545932
1790921274.416,api,0.019
1790921274.416,client,0.010
1790921274.416,enginecore,31.698
1790921274.416,other_total,0.048
1790921274.416,store_0,0.019
1790921274.416,store_1,0.019
1790921274.416,store_2,0.029
1790921274.416,store_3,0.029
1790921274.416,avail_mb,29792
1790921274.416,pswpin,1545932
1790921275.439,api,0.010
1790921275.439,client,0.010
1790921275.439,enginecore,31.884
1790921275.439,other_total,0.039
1790921275.439,store_0,0.000
1790921275.439,store_1,0.000
1790921275.439,store_2,0.000
1790921275.439,store_3,0.000
1790921275.439,avail_mb,29785
1790921275.439,pswpin,1545932
1790921276.461,api,0.039
1790921276.461,client,0.020
1790921276.461,enginecore,31.842
1790921276.461,other_total,0.029
1790921276.461,store_0,0.000
1790921276.461,store_1,0.000
1790921276.461,store_2,0.000
1790921276.461,store_3,0.000
1790921276.461,avail_mb,29776
1790921276.461,pswpin,1545932
1790921277.489,api,0.049
1790921277.489,client,0.019
1790921277.489,enginecore,31.879
1790921277.489,other_total,0.019
1790921277.489,store_0,0.000
1790921277.489,store_1,0.019
1790921277.489,store_2,0.000
1790921277.489,store_3,0.000
1790921277.489,avail_mb,29775
1790921277.489,pswpin,1545932
1790921278.530,api,0.000
1790921278.530,client,0.000
1790921278.530,enginecore,31.904
1790921278.530,other_total,0.048
1790921278.530,store_0,0.000
1790921278.530,store_1,0.000
1790921278.530,store_2,0.019
1790921278.530,store_3,0.000
1790921278.530,avail_mb,29772
1790921278.530,pswpin,1545932
1790921279.563,api,0.019
1790921279.563,client,0.000
1790921279.563,enginecore,31.832
1790921279.563,other_total,0.039
1790921279.563,store_0,0.000
1790921279.563,store_1,0.000
1790921279.563,store_2,0.000
1790921279.563,store_3,0.000
1790921279.563,avail_mb,29763
1790921279.563,pswpin,1545932
1790921280.594,api,0.029
1790921280.594,client,0.000
1790921280.594,enginecore,31.876
1790921280.594,other_total,0.068
1790921280.594,store_0,0.000
1790921280.594,store_1,0.000
1790921280.594,store_2,0.000
1790921280.594,store_3,0.000
1790921280.594,avail_mb,29754
1790921280.594,pswpin,1545932
1790921281.628,api,0.010
1790921281.628,client,0.000
1790921281.628,enginecore,31.821
1790921281.628,other_total,0.010
1790921281.628,store_0,0.029
1790921281.628,store_1,0.000
1790921281.628,store_2,0.000
1790921281.628,store_3,0.019
1790921281.628,avail_mb,29754
1790921281.628,pswpin,1545932
1790921282.649,api,0.010
1790921282.649,client,0.020
1790921282.649,enginecore,31.847
1790921282.649,other_total,0.039
1790921282.649,store_0,0.000
1790921282.649,store_1,0.000
1790921282.649,store_2,0.000
1790921282.649,store_3,0.000
1790921282.649,avail_mb,29743
1790921282.649,pswpin,1545932
1790921283.673,api,0.000
1790921283.673,client,0.000
1790921283.673,enginecore,31.974
1790921283.673,other_total,0.000
1790921283.673,store_0,0.000
1790921283.673,store_1,0.000
1790921283.673,store_2,0.000
1790921283.673,store_3,0.000
1790921283.673,avail_mb,29741
1790921283.673,pswpin,1545932
1790921284.696,api,0.029
1790921284.696,client,0.020
1790921284.696,enginecore,31.781
1790921284.696,other_total,0.039
1790921284.696,store_0,0.000
1790921284.696,store_1,0.000
1790921284.696,store_2,0.029
1790921284.696,store_3,0.000
1790921284.696,avail_mb,29741
1790921284.696,pswpin,1545932
1790921285.731,api,0.019
1790921285.731,client,0.000
1790921285.731,enginecore,31.885
1790921285.731,other_total,0.077
1790921285.731,store_0,0.000
1790921285.731,store_1,0.019
1790921285.731,store_2,0.000
1790921285.731,store_3,0.000
1790921285.731,avail_mb,29735
1790921285.731,pswpin,1545932
1790921286.753,api,0.000
1790921286.753,client,0.000
1790921286.753,enginecore,31.937
1790921286.753,other_total,0.020
1790921286.753,store_0,0.000
1790921286.753,store_1,0.000
1790921286.753,store_2,0.000
1790921286.753,store_3,0.000
1790921286.753,avail_mb,29733
1790921286.753,pswpin,1545932
1790921287.774,api,0.039
1790921287.774,client,0.010
1790921287.774,enginecore,31.924
1790921287.774,other_total,0.039
1790921287.774,store_0,0.000
1790921287.774,store_1,0.000
1790921287.774,store_2,0.000
1790921287.774,store_3,0.000
1790921287.774,avail_mb,29725
1790921287.774,pswpin,1545932
1790921288.783,api,0.050
1790921288.783,client,0.040
1790921288.783,enginecore,16.691
1790921288.783,other_total,0.030
1790921288.783,store_0,0.000
1790921288.783,store_1,0.020
1790921288.783,store_2,0.020
1790921288.783,store_3,0.000
1790921288.783,avail_mb,29723
1790921288.783,pswpin,1545932
1790921289.793,api,0.059
1790921289.793,client,0.010
1790921289.793,enginecore,13.885
1790921289.793,other_total,0.020
1790921289.793,store_0,0.059
1790921289.793,store_1,0.000
1790921289.793,store_2,0.050
1790921289.793,store_3,0.020
1790921289.793,avail_mb,29725
1790921289.793,pswpin,1545932
1790921290.805,api,0.099
1790921290.805,client,0.059
1790921290.805,enginecore,21.060
1790921290.805,other_total,0.040
1790921290.805,store_0,0.000
1790921290.805,store_1,0.089
1790921290.805,store_2,0.020
1790921290.805,store_3,0.079
1790921290.805,avail_mb,29727
1790921290.805,pswpin,1545932
1790921291.814,api,0.069
1790921291.814,client,0.010
1790921291.814,enginecore,12.357
1790921291.814,other_total,0.000
1790921291.814,store_0,0.069
1790921291.814,store_1,0.000
1790921291.814,store_2,0.059
1790921291.814,store_3,0.000
1790921291.814,avail_mb,29724
1790921291.814,pswpin,1545932
1790921292.826,api,0.069
1790921292.826,client,0.040
1790921292.826,enginecore,11.416
1790921292.826,other_total,0.079
1790921292.826,store_0,0.000
1790921292.826,store_1,0.040
1790921292.826,store_2,0.000
1790921292.826,store_3,0.099
1790921292.826,avail_mb,29721
1790921292.826,pswpin,1545932
1790921293.838,api,0.079
1790921293.838,client,0.040
1790921293.838,enginecore,16.104
1790921293.838,other_total,0.020
1790921293.838,store_0,0.069
1790921293.838,store_1,0.089
1790921293.838,store_2,0.030
1790921293.838,store_3,0.000
1790921293.838,avail_mb,29716
1790921293.838,pswpin,1545932
1790921294.849,api,0.069
1790921294.849,client,0.040
1790921294.849,enginecore,8.150
1790921294.849,other_total,0.089
1790921294.849,store_0,0.000
1790921294.849,store_1,0.000
1790921294.849,store_2,0.020
1790921294.849,store_3,0.000
1790921294.849,avail_mb,29709
1790921294.849,pswpin,1545932
1790921295.877,api,0.097
1790921295.877,client,0.019
1790921295.877,enginecore,17.487
1790921295.877,other_total,0.000
1790921295.877,store_0,0.029
1790921295.877,store_1,0.068
1790921295.877,store_2,0.039
1790921295.877,store_3,0.049
1790921295.877,avail_mb,29712
1790921295.877,pswpin,1545932
1790921296.901,api,0.039
1790921296.901,client,0.029
1790921296.901,enginecore,31.820
1790921296.901,other_total,0.020
1790921296.901,store_0,0.000
1790921296.901,store_1,0.000
1790921296.901,store_2,0.000
1790921296.901,store_3,0.029
1790921296.901,avail_mb,29699
1790921296.901,pswpin,1545932
1790921297.924,api,0.049
1790921297.924,client,0.020
1790921297.924,enginecore,31.925
1790921297.924,other_total,0.000
1790921297.924,store_0,0.000
1790921297.924,store_1,0.000
1790921297.924,store_2,0.000
1790921297.924,store_3,0.000
1790921297.924,avail_mb,29694
1790921297.924,pswpin,1545932
1790921298.954,api,0.000
1790921298.954,client,0.000
1790921298.954,enginecore,31.867
1790921298.954,other_total,0.049
1790921298.954,store_0,0.000
1790921298.954,store_1,0.000
1790921298.954,store_2,0.000
1790921298.954,store_3,0.000
1790921298.954,avail_mb,29692
1790921298.954,pswpin,1545932
1790921299.973,api,0.010
1790921299.973,client,0.000
1790921299.973,enginecore,31.926
1790921299.973,other_total,0.069
1790921299.973,store_0,0.000
1790921299.973,store_1,0.000
1790921299.973,store_2,0.000
1790921299.973,store_3,0.000
1790921299.973,avail_mb,29682
1790921299.973,pswpin,1545932
1790921300.995,api,0.020
1790921300.995,client,0.010
1790921300.995,enginecore,31.834
1790921300.995,other_total,0.029
1790921300.995,store_0,0.000
1790921300.995,store_1,0.000
1790921300.995,store_2,0.020
1790921300.995,store_3,0.000
1790921300.995,avail_mb,29680
1790921300.995,pswpin,1545932
1790921302.016,api,0.010
1790921302.016,client,0.010
1790921302.016,enginecore,31.867
1790921302.016,other_total,0.059
1790921302.016,store_0,0.000
1790921302.016,store_1,0.000
1790921302.016,store_2,0.000
1790921302.016,store_3,0.000
1790921302.016,avail_mb,29669
1790921302.016,pswpin,1545932
1790921303.050,api,0.010
1790921303.050,client,0.000
1790921303.050,enginecore,31.825
1790921303.050,other_total,0.019
1790921303.050,store_0,0.029
1790921303.050,store_1,0.000
1790921303.050,store_2,0.000
1790921303.050,store_3,0.019
1790921303.050,avail_mb,29669
1790921303.050,pswpin,1545932
1790921304.061,api,0.020
1790921304.061,client,0.010
1790921304.061,enginecore,31.901
1790921304.061,other_total,0.010
1790921304.061,store_0,0.000
1790921304.061,store_1,0.010
1790921304.061,store_2,0.000
1790921304.061,store_3,0.000
1790921304.061,avail_mb,29663
1790921304.061,pswpin,1545932
1790921305.094,api,0.000
1790921305.094,client,0.000
1790921305.094,enginecore,31.863
1790921305.094,other_total,0.068
1790921305.094,store_0,0.000
1790921305.094,store_1,0.010
1790921305.094,store_2,0.000
1790921305.094,store_3,0.000
1790921305.094,avail_mb,29660
1790921305.094,pswpin,1545932
1790921306.132,api,0.039
1790921306.132,client,0.000
1790921306.132,enginecore,31.909
1790921306.132,other_total,0.029
1790921306.132,store_0,0.000
1790921306.132,store_1,0.000
1790921306.132,store_2,0.000
1790921306.132,store_3,0.000
1790921306.132,avail_mb,29652
1790921306.132,pswpin,1545932
1790921307.164,api,0.010
1790921307.164,client,0.010
1790921307.164,enginecore,31.852
1790921307.164,other_total,0.078
1790921307.164,store_0,0.000
1790921307.164,store_1,0.000
1790921307.164,store_2,0.000
1790921307.164,store_3,0.000
1790921307.164,avail_mb,29645
1790921307.164,pswpin,1545935
1790921308.206,api,0.029
1790921308.206,client,0.019
1790921308.206,enginecore,31.836
1790921308.206,other_total,0.038
1790921308.206,store_0,0.000
1790921308.206,store_1,0.000
1790921308.206,store_2,0.019
1790921308.206,store_3,0.000
1790921308.206,avail_mb,29636
1790921308.206,pswpin,1546105
1790921309.244,api,0.019
1790921309.244,client,0.010
1790921309.244,enginecore,31.788
1790921309.244,other_total,0.077
1790921309.244,store_0,0.000
1790921309.244,store_1,0.000
1790921309.244,store_2,0.000
1790921309.244,store_3,0.019
1790921309.244,avail_mb,29630
1790921309.244,pswpin,1546105
1790921310.263,api,0.000
1790921310.263,client,0.010
1790921310.263,enginecore,32.004
1790921310.263,other_total,0.000
1790921310.263,store_0,0.000
1790921310.263,store_1,0.000
1790921310.263,store_2,0.000
1790921310.263,store_3,0.000
1790921310.263,avail_mb,29626
1790921310.263,pswpin,1546105
1790921311.296,api,0.029
1790921311.296,client,0.000
1790921311.296,enginecore,31.922
1790921311.296,other_total,0.039
1790921311.296,store_0,0.000
1790921311.296,store_1,0.000
1790921311.296,store_2,0.000
1790921311.296,store_3,0.000
1790921311.296,avail_mb,29618
1790921311.296,pswpin,1546105
1790921312.327,api,0.000
1790921312.327,client,0.010
1790921312.327,enginecore,31.885
1790921312.327,other_total,0.068
1790921312.327,store_0,0.000
1790921312.327,store_1,0.029
1790921312.327,store_2,0.000
1790921312.327,store_3,0.000
1790921312.327,avail_mb,29611
1790921312.327,pswpin,1546105
1790921313.363,api,0.019
1790921313.363,client,0.000
1790921313.363,enginecore,31.925
1790921313.363,other_total,0.048
1790921313.363,store_0,0.000
1790921313.363,store_1,0.000
1790921313.363,store_2,0.000
1790921313.363,store_3,0.000
1790921313.363,avail_mb,29605
1790921313.363,pswpin,1546105
1790921314.395,api,0.019
1790921314.395,client,0.010
1790921314.395,enginecore,31.899
1790921314.395,other_total,0.000
1790921314.395,store_0,0.000
1790921314.395,store_1,0.000
1790921314.395,store_2,0.000
1790921314.395,store_3,0.000
1790921314.395,avail_mb,29600
1790921314.395,pswpin,1546105
1790921315.439,api,0.010
1790921315.439,client,0.000
1790921315.439,enginecore,31.811
1790921315.439,other_total,0.048
1790921315.439,store_0,0.000
1790921315.439,store_1,0.000
1790921315.439,store_2,0.000
1790921315.439,store_3,0.019
1790921315.439,avail_mb,29593
1790921315.439,pswpin,1546105
1790921316.472,api,0.039
1790921316.472,client,0.000
1790921316.472,enginecore,31.933
1790921316.472,other_total,0.000
1790921316.472,store_0,0.000
1790921316.472,store_1,0.000
1790921316.472,store_2,0.000
1790921316.472,store_3,0.000
1790921316.472,avail_mb,29591
1790921316.472,pswpin,1546105
1790921317.504,api,0.000
1790921317.504,client,0.000
1790921317.504,enginecore,31.920
1790921317.504,other_total,0.048
1790921317.504,store_0,0.000
1790921317.504,store_1,0.000
1790921317.504,store_2,0.000
1790921317.504,store_3,0.000
1790921317.504,avail_mb,29589
1790921317.504,pswpin,1546105
1790921318.537,api,0.000
1790921318.537,client,0.010
1790921318.537,enginecore,31.905
1790921318.537,other_total,0.087
1790921318.537,store_0,0.000
1790921318.537,store_1,0.000
1790921318.537,store_2,0.000
1790921318.537,store_3,0.000
1790921318.537,avail_mb,29583
1790921318.537,pswpin,1546105
1790921319.561,api,0.020
1790921319.561,client,0.010
1790921319.561,enginecore,31.904
1790921319.561,other_total,0.010
1790921319.561,store_0,0.000
1790921319.561,store_1,0.010
1790921319.561,store_2,0.000
1790921319.561,store_3,0.000
1790921319.561,avail_mb,29582
1790921319.561,pswpin,1546105
1790921320.571,api,0.069
1790921320.571,client,0.040
1790921320.571,enginecore,12.332
1790921320.571,other_total,0.000
1790921320.571,store_0,0.000
1790921320.571,store_1,0.010
1790921320.571,store_2,0.030
1790921320.571,store_3,0.000
1790921320.571,avail_mb,29584
1790921320.571,pswpin,1546105
1790921321.580,api,0.089
1790921321.580,client,0.020
1790921321.580,enginecore,9.611
1790921321.580,other_total,0.079
1790921321.580,store_0,0.000
1790921321.580,store_1,0.000
1790921321.580,store_2,0.000
1790921321.580,store_3,0.079
1790921321.580,avail_mb,29584
1790921321.580,pswpin,1546105
1790921322.599,api,0.088
1790921322.599,client,0.029
1790921322.599,enginecore,24.652
1790921322.599,other_total,0.049
1790921322.599,store_0,0.069
1790921322.599,store_1,0.039
1790921322.599,store_2,0.029
1790921322.599,store_3,0.000
1790921322.599,avail_mb,29581
1790921322.599,pswpin,1546105
1790921323.630,api,0.000
1790921323.630,client,0.000
1790921323.630,enginecore,31.865
1790921323.630,other_total,0.048
1790921323.630,store_0,0.000
1790921323.630,store_1,0.019
1790921323.630,store_2,0.000
1790921323.630,store_3,0.019
1790921323.630,avail_mb,29581
1790921323.630,pswpin,1546105
1790921324.663,api,0.019
1790921324.663,client,0.010
1790921324.663,enginecore,31.893
1790921324.663,other_total,0.039
1790921324.663,store_0,0.000
1790921324.663,store_1,0.000
1790921324.663,store_2,0.000
1790921324.663,store_3,0.000
1790921324.663,avail_mb,29568
1790921324.663,pswpin,1546105
1790921325.708,api,0.019
1790921325.708,client,0.010
1790921325.708,enginecore,31.926
1790921325.708,other_total,0.010
1790921325.708,store_0,0.000
1790921325.708,store_1,0.000
1790921325.708,store_2,0.000
1790921325.708,store_3,0.000
1790921325.708,avail_mb,29562
1790921325.708,pswpin,1546105
1790921326.756,api,0.010
1790921326.756,client,0.010
1790921326.756,enginecore,31.919
1790921326.756,other_total,0.057
1790921326.756,store_0,0.000
1790921326.756,store_1,0.000
1790921326.756,store_2,0.000
1790921326.756,store_3,0.000
1790921326.756,avail_mb,29560
1790921326.756,pswpin,1546105
1790921327.797,api,0.019
1790921327.797,client,0.010
1790921327.797,enginecore,31.854
1790921327.797,other_total,0.019
1790921327.797,store_0,0.000
1790921327.797,store_1,0.000
1790921327.797,store_2,0.019
1790921327.797,store_3,0.000
1790921327.797,avail_mb,29551
1790921327.797,pswpin,1546105
1790921328.828,api,0.010
1790921328.828,client,0.000
1790921328.828,enginecore,31.936
1790921328.828,other_total,0.019
1790921328.828,store_0,0.000
1790921328.828,store_1,0.000
1790921328.828,store_2,0.000
1790921328.828,store_3,0.000
1790921328.828,avail_mb,29548
1790921328.828,pswpin,1546105
1790921329.860,api,0.000
1790921329.860,client,0.000
1790921329.860,enginecore,31.895
1790921329.860,other_total,0.097
1790921329.860,store_0,0.000
1790921329.860,store_1,0.019
1790921329.860,store_2,0.000
1790921329.860,store_3,0.000
1790921329.860,avail_mb,29545
1790921329.860,pswpin,1546105
1790921330.892,api,0.019
1790921330.892,client,0.000
1790921330.892,enginecore,31.912
1790921330.892,other_total,0.010
1790921330.892,store_0,0.000
1790921330.892,store_1,0.000
1790921330.892,store_2,0.000
1790921330.892,store_3,0.019
1790921330.892,avail_mb,29536
1790921330.892,pswpin,1546105
1790921331.922,api,0.010
1790921331.922,client,0.000
1790921331.922,enginecore,31.955
1790921331.922,other_total,0.049
1790921331.922,store_0,0.000
1790921331.922,store_1,0.000
1790921331.922,store_2,0.000
1790921331.922,store_3,0.000
1790921331.922,avail_mb,29532
1790921331.922,pswpin,1546105
1790921332.959,api,0.019
1790921332.959,client,0.000
1790921332.959,enginecore,31.889
1790921332.959,other_total,0.048
1790921332.959,store_0,0.000
1790921332.959,store_1,0.000
1790921332.959,store_2,0.000
1790921332.959,store_3,0.000
1790921332.959,avail_mb,29527
1790921332.959,pswpin,1546105
1790921333.988,api,0.019
1790921333.988,client,0.010
1790921333.988,enginecore,31.893
1790921333.988,other_total,0.078
1790921333.988,store_0,0.000
1790921333.988,store_1,0.000
1790921333.988,store_2,0.000
1790921333.988,store_3,0.000
1790921333.988,avail_mb,29517
1790921333.988,pswpin,1546105
1790921335.000,api,0.000
1790921335.000,client,0.030
1790921335.000,enginecore,31.906
1790921335.000,other_total,0.010
1790921335.000,store_0,0.000
1790921335.000,store_1,0.000
1790921335.000,store_2,0.000
1790921335.000,store_3,0.000
1790921335.000,avail_mb,29515
1790921335.000,pswpin,1546105
1790921336.020,api,0.039
1790921336.020,client,0.000
1790921336.020,enginecore,31.820
1790921336.020,other_total,0.069
1790921336.020,store_0,0.000
1790921336.020,store_1,0.020
1790921336.020,store_2,0.010
1790921336.020,store_3,0.000
1790921336.020,avail_mb,29511
1790921336.020,pswpin,1546105
1790921337.051,api,0.029
1790921337.051,client,0.019
1790921337.051,enginecore,31.818
1790921337.051,other_total,0.010
1790921337.051,store_0,0.019
1790921337.051,store_1,0.000
1790921337.051,store_2,0.000
1790921337.051,store_3,0.019
1790921337.051,avail_mb,29506
1790921337.051,pswpin,1546105
1790921338.084,api,0.010
1790921338.084,client,0.000
1790921338.084,enginecore,31.950
1790921338.084,other_total,0.058
1790921338.084,store_0,0.000
1790921338.084,store_1,0.000
1790921338.084,store_2,0.000
1790921338.084,store_3,0.000
1790921338.084,avail_mb,29505
1790921338.084,pswpin,1546105
1790921339.106,api,0.020
1790921339.106,client,0.010
1790921339.106,enginecore,31.946
1790921339.106,other_total,0.020
1790921339.106,store_0,0.000
1790921339.106,store_1,0.000
1790921339.106,store_2,0.000
1790921339.106,store_3,0.000
1790921339.106,avail_mb,29499
1790921339.106,pswpin,1546105
1790921340.125,api,0.039
1790921340.125,client,0.010
1790921340.125,enginecore,31.788
1790921340.125,other_total,0.108
1790921340.125,store_0,0.000
1790921340.125,store_1,0.000
1790921340.125,store_2,0.020
1790921340.125,store_3,0.000
1790921340.125,avail_mb,29490
1790921340.125,pswpin,1546105
1790921341.151,api,0.010
1790921341.151,client,0.000
1790921341.151,enginecore,31.931
1790921341.151,other_total,0.029
1790921341.151,store_0,0.000
1790921341.151,store_1,0.000
1790921341.151,store_2,0.000
1790921341.151,store_3,0.000
1790921341.151,avail_mb,29482
1790921341.151,pswpin,1546105
1790921342.178,api,0.010
1790921342.178,client,0.010
1790921342.178,enginecore,31.868
1790921342.178,other_total,0.068
1790921342.178,store_0,0.000
1790921342.178,store_1,0.000
1790921342.178,store_2,0.000
1790921342.178,store_3,0.000
1790921342.178,avail_mb,29480
1790921342.178,pswpin,1546105
1790921343.197,api,0.029
1790921343.197,client,0.029
1790921343.197,enginecore,31.850
1790921343.197,other_total,0.020
1790921343.197,store_0,0.029
1790921343.197,store_1,0.000
1790921343.197,store_2,0.000
1790921343.197,store_3,0.000
1790921343.197,avail_mb,29475
1790921343.197,pswpin,1546105
1790921344.231,api,0.039
1790921344.231,client,0.000
1790921344.231,enginecore,31.881
1790921344.231,other_total,0.010
1790921344.231,store_0,0.000
1790921344.231,store_1,0.019
1790921344.231,store_2,0.000
1790921344.231,store_3,0.000
1790921344.231,avail_mb,29474
1790921344.231,pswpin,1546105
1790921345.262,api,0.010
1790921345.262,client,0.000
1790921345.262,enginecore,31.940
1790921345.262,other_total,0.068
1790921345.262,store_0,0.000
1790921345.262,store_1,0.000
1790921345.262,store_2,0.000
1790921345.262,store_3,0.000
1790921345.262,avail_mb,29469
1790921345.262,pswpin,1546105
1790921346.286,api,0.039
1790921346.286,client,0.010
1790921346.286,enginecore,31.789
1790921346.286,other_total,0.107
1790921346.286,store_0,0.000
1790921346.286,store_1,0.000
1790921346.286,store_2,0.000
1790921346.286,store_3,0.000
1790921346.286,avail_mb,29460
1790921346.286,pswpin,1546105
1790921347.297,api,0.000
1790921347.297,client,0.010
1790921347.297,enginecore,31.809
1790921347.297,other_total,0.000
1790921347.297,store_0,0.000
1790921347.297,store_1,0.000
1790921347.297,store_2,0.020
1790921347.297,store_3,0.000
1790921347.297,avail_mb,29453
1790921347.297,pswpin,1546105
1790921348.317,api,0.039
1790921348.317,client,0.010
1790921348.317,enginecore,31.796
1790921348.317,other_total,0.078
1790921348.317,store_0,0.020
1790921348.317,store_1,0.000
1790921348.317,store_2,0.000
1790921348.317,store_3,0.029
1790921348.317,avail_mb,29453
1790921348.317,pswpin,1546155
1790921349.330,api,0.020
1790921349.330,client,0.010
1790921349.330,enginecore,31.902
1790921349.330,other_total,0.030
1790921349.330,store_0,0.000
1790921349.330,store_1,0.000
1790921349.330,store_2,0.000
1790921349.330,store_3,0.000
1790921349.330,avail_mb,29447
1790921349.330,pswpin,1546155
1790921350.354,api,0.010
1790921350.354,client,0.000
1790921350.354,enginecore,31.879
1790921350.354,other_total,0.039
1790921350.354,store_0,0.000
1790921350.354,store_1,0.000
1790921350.354,store_2,0.000
1790921350.354,store_3,0.000
1790921350.354,avail_mb,29441
1790921350.354,pswpin,1546155
1790921351.384,api,0.010
1790921351.384,client,0.010
1790921351.384,enginecore,31.876
1790921351.384,other_total,0.029
1790921351.384,store_0,0.000
1790921351.384,store_1,0.019
1790921351.384,store_2,0.019
1790921351.384,store_3,0.000
1790921351.384,avail_mb,29436
1790921351.384,pswpin,1546155
1790921352.415,api,0.029
1790921352.415,client,0.000
1790921352.415,enginecore,31.861
1790921352.415,other_total,0.048
1790921352.415,store_0,0.000
1790921352.415,store_1,0.000
1790921352.415,store_2,0.000
1790921352.415,store_3,0.000
1790921352.415,avail_mb,29425
1790921352.415,pswpin,1546155
1790921353.439,api,0.010
1790921353.439,client,0.010
1790921353.439,enginecore,31.905
1790921353.439,other_total,0.000
1790921353.439,store_0,0.000
1790921353.439,store_1,0.000
1790921353.439,store_2,0.000
1790921353.439,store_3,0.000
1790921353.439,avail_mb,29421
1790921353.439,pswpin,1546155
1790921354.472,api,0.010
1790921354.472,client,0.000
1790921354.472,enginecore,31.940
1790921354.472,other_total,0.068
1790921354.472,store_0,0.000
1790921354.472,store_1,0.000
1790921354.472,store_2,0.000
1790921354.472,store_3,0.000
1790921354.472,avail_mb,29418
1790921354.472,pswpin,1546155
1790921355.503,api,0.029
1790921355.503,client,0.000
1790921355.503,enginecore,31.894
1790921355.503,other_total,0.029
1790921355.503,store_0,0.000
1790921355.503,store_1,0.000
1790921355.503,store_2,0.000
1790921355.503,store_3,0.029
1790921355.503,avail_mb,29410
1790921355.503,pswpin,1546155
1790921356.528,api,0.010
1790921356.528,client,0.000
1790921356.528,enginecore,31.866
1790921356.528,other_total,0.029
1790921356.528,store_0,0.000
1790921356.528,store_1,0.000
1790921356.528,store_2,0.000
1790921356.528,store_3,0.000
1790921356.528,avail_mb,29403
1790921356.528,pswpin,1546155
1790921357.540,api,0.020
1790921357.540,client,0.010
1790921357.540,enginecore,31.893
1790921357.540,other_total,0.010
1790921357.540,store_0,0.000
1790921357.540,store_1,0.000
1790921357.540,store_2,0.000
1790921357.540,store_3,0.000
1790921357.540,avail_mb,29403
1790921357.540,pswpin,1546155
1790921358.574,api,0.048
1790921358.574,client,0.029
1790921358.574,enginecore,31.755
1790921358.574,other_total,0.039
1790921358.574,store_0,0.000
1790921358.574,store_1,0.000
1790921358.574,store_2,0.010
1790921358.574,store_3,0.000
1790921358.574,avail_mb,29400
1790921358.574,pswpin,1546155
1790921359.610,api,0.039
1790921359.610,client,0.019
1790921359.610,enginecore,31.892
1790921359.610,other_total,0.058
1790921359.610,store_0,0.019
1790921359.610,store_1,0.000
1790921359.610,store_2,0.000
1790921359.610,store_3,0.019
1790921359.610,avail_mb,29396
1790921359.610,pswpin,1546155
1790921360.638,api,0.010
1790921360.638,client,0.000
1790921360.638,enginecore,31.915
1790921360.638,other_total,0.058
1790921360.638,store_0,0.000
1790921360.638,store_1,0.000
1790921360.638,store_2,0.000
1790921360.638,store_3,0.000
1790921360.638,avail_mb,29394
1790921360.638,pswpin,1546155
1790921361.663,api,0.010
1790921361.663,client,0.010
1790921361.663,enginecore,31.945
1790921361.663,other_total,0.029
1790921361.663,store_0,0.000
1790921361.663,store_1,0.000
1790921361.663,store_2,0.000
1790921361.663,store_3,0.000
1790921361.663,avail_mb,29386
1790921361.663,pswpin,1546155
1790921362.695,api,0.010
1790921362.695,client,0.000
1790921362.695,enginecore,31.889
1790921362.695,other_total,0.078
1790921362.695,store_0,0.000
1790921362.695,store_1,0.000
1790921362.695,store_2,0.000
1790921362.695,store_3,0.000
1790921362.695,avail_mb,29381
1790921362.695,pswpin,1546160
1790921363.719,api,0.029
1790921363.719,client,0.010
1790921363.719,enginecore,31.926
1790921363.719,other_total,0.020
1790921363.719,store_0,0.000
1790921363.719,store_1,0.000
1790921363.719,store_2,0.010
1790921363.719,store_3,0.000
1790921363.719,avail_mb,29371
1790921363.719,pswpin,1546160
1790921364.737,api,0.020
1790921364.737,client,0.010
1790921364.737,enginecore,31.723
1790921364.737,other_total,0.118
1790921364.737,store_0,0.000
1790921364.737,store_1,0.029
1790921364.737,store_2,0.000
1790921364.737,store_3,0.000
1790921364.737,avail_mb,29374
1790921364.737,pswpin,1546160
1790921365.746,api,0.059
1790921365.746,client,0.020
1790921365.746,enginecore,16.256
1790921365.746,other_total,0.020
1790921365.746,store_0,0.050
1790921365.746,store_1,0.000
1790921365.746,store_2,0.000
1790921365.746,store_3,0.000
1790921365.746,avail_mb,29384
1790921365.746,pswpin,1546160
1790921366.758,api,0.049
1790921366.758,client,0.040
1790921366.758,enginecore,6.285
1790921366.758,other_total,0.020
1790921366.758,store_0,0.000
1790921366.758,store_1,0.000
1790921366.758,store_2,0.000
1790921366.758,store_3,0.069
1790921366.758,avail_mb,29388
1790921366.758,pswpin,1546160
1790921367.769,api,0.089
1790921367.769,client,0.040
1790921367.769,enginecore,21.685
1790921367.769,other_total,0.030
1790921367.769,store_0,0.129
1790921367.769,store_1,0.119
1790921367.769,store_2,0.000
1790921367.769,store_3,0.000
1790921367.769,avail_mb,29388
1790921367.769,pswpin,1546160
1790921368.778,api,0.079
1790921368.778,client,0.020
1790921368.778,enginecore,8.172
1790921368.778,other_total,0.050
1790921368.778,store_0,0.000
1790921368.778,store_1,0.000
1790921368.778,store_2,0.000
1790921368.778,store_3,0.059
1790921368.778,avail_mb,29382
1790921368.778,pswpin,1546160
1790921369.789,api,0.059
1790921369.789,client,0.010
1790921369.789,enginecore,17.221
1790921369.789,other_total,0.020
1790921369.789,store_0,0.109
1790921369.789,store_1,0.089
1790921369.789,store_2,0.000
1790921369.789,store_3,0.020
1790921369.789,avail_mb,29385
1790921369.789,pswpin,1546160
1790921370.798,api,0.069
1790921370.798,client,0.020
1790921370.798,enginecore,7.065
1790921370.798,other_total,0.040
1790921370.798,store_0,0.000
1790921370.798,store_1,0.000
1790921370.798,store_2,0.000
1790921370.798,store_3,0.050
1790921370.798,avail_mb,29368
1790921370.798,pswpin,1546160
1790921371.820,api,0.059
1790921371.820,client,0.020
1790921371.820,enginecore,13.804
1790921371.820,other_total,0.049
1790921371.820,store_0,0.059
1790921371.820,store_1,0.117
1790921371.820,store_2,0.000
1790921371.820,store_3,0.000
1790921371.820,avail_mb,29383
1790921371.820,pswpin,1546160
1790921372.834,api,0.010
1790921372.834,client,0.020
1790921372.834,enginecore,31.892
1790921372.834,other_total,0.069
1790921372.834,store_0,0.000
1790921372.834,store_1,0.000
1790921372.834,store_2,0.000
1790921372.834,store_3,0.000
1790921372.834,avail_mb,29370
1790921372.834,pswpin,1546160
1790921373.858,api,0.020
1790921373.858,client,0.000
1790921373.858,enginecore,31.779
1790921373.858,other_total,0.020
1790921373.858,store_0,0.000
1790921373.858,store_1,0.000
1790921373.858,store_2,0.068
1790921373.858,store_3,0.029
1790921373.858,avail_mb,29217
1790921373.858,pswpin,1546160
1790921374.868,api,0.059
1790921374.868,client,0.020
1790921374.868,enginecore,15.527
1790921374.868,other_total,0.020
1790921374.868,store_0,0.000
1790921374.868,store_1,0.000
1790921374.868,store_2,0.000
1790921374.868,store_3,0.020
1790921374.868,avail_mb,29226
1790921374.868,pswpin,1546160
1790921375.880,api,0.089
1790921375.880,client,0.030
1790921375.880,enginecore,8.709
1790921375.880,other_total,0.000
1790921375.880,store_0,0.000
1790921375.880,store_1,0.000
1790921375.880,store_2,0.079
1790921375.880,store_3,0.000
1790921375.880,avail_mb,29229
1790921375.880,pswpin,1546160
1790921376.906,api,0.078
1790921376.906,client,0.039
1790921376.906,enginecore,30.344
1790921376.906,other_total,0.020
1790921376.906,store_0,0.029
1790921376.906,store_1,0.029
1790921376.906,store_2,0.000
1790921376.906,store_3,0.039
1790921376.906,avail_mb,29219
1790921376.906,pswpin,1546160
1790921377.929,api,0.000
1790921377.929,client,0.000
1790921377.929,enginecore,31.902
1790921377.929,other_total,0.039
1790921377.929,store_0,0.000
1790921377.929,store_1,0.000
1790921377.929,store_2,0.020
1790921377.929,store_3,0.000
1790921377.929,avail_mb,29215
1790921377.929,pswpin,1546160
1790921378.946,api,0.000
1790921378.946,client,0.000
1790921378.946,enginecore,31.889
1790921378.946,other_total,0.079
1790921378.946,store_0,0.000
1790921378.946,store_1,0.020
1790921378.946,store_2,0.000
1790921378.946,store_3,0.000
1790921378.946,avail_mb,29213
1790921378.946,pswpin,1546160
1790921379.968,api,0.020
1790921379.968,client,0.000
1790921379.968,enginecore,31.899
1790921379.968,other_total,0.039
1790921379.968,store_0,0.000
1790921379.968,store_1,0.000
1790921379.968,store_2,0.000
1790921379.968,store_3,0.000
1790921379.968,avail_mb,29207
1790921379.968,pswpin,1546160
1790921380.991,api,0.000
1790921380.991,client,0.000
1790921380.991,enginecore,31.933
1790921380.991,other_total,0.000
1790921380.991,store_0,0.000
1790921380.991,store_1,0.000
1790921380.991,store_2,0.000
1790921380.991,store_3,0.000
1790921380.991,avail_mb,29204
1790921380.991,pswpin,1546160
1790921382.012,api,0.010
1790921382.012,client,0.010
1790921382.012,enginecore,31.855
1790921382.012,other_total,0.049
1790921382.012,store_0,0.020
1790921382.012,store_1,0.000
1790921382.012,store_2,0.000
1790921382.012,store_3,0.000
1790921382.012,avail_mb,29207
1790921382.012,pswpin,1546160
1790921383.047,api,0.010
1790921383.047,client,0.000
1790921383.047,enginecore,31.865
1790921383.047,other_total,0.039
1790921383.047,store_0,0.000
1790921383.047,store_1,0.000
1790921383.047,store_2,0.019
1790921383.047,store_3,0.019
1790921383.047,avail_mb,29206
1790921383.047,pswpin,1546160
1790921384.080,api,0.000
1790921384.080,client,0.000
1790921384.080,enginecore,31.909
1790921384.080,other_total,0.039
1790921384.080,store_0,0.000
1790921384.080,store_1,0.000
1790921384.080,store_2,0.000
1790921384.080,store_3,0.000
1790921384.080,avail_mb,29204
1790921384.080,pswpin,1546160
1790921385.115,api,0.000
1790921385.115,client,0.000
1790921385.115,enginecore,31.942
1790921385.115,other_total,0.048
1790921385.115,store_0,0.000
1790921385.115,store_1,0.000
1790921385.115,store_2,0.000
1790921385.115,store_3,0.000
1790921385.115,avail_mb,29203
1790921385.115,pswpin,1546160
1790921386.156,api,0.000
1790921386.156,client,0.000
1790921386.156,enginecore,31.883
1790921386.156,other_total,0.029
1790921386.156,store_0,0.000
1790921386.156,store_1,0.019
1790921386.156,store_2,0.000
1790921386.156,store_3,0.000
1790921386.156,avail_mb,29206
1790921386.156,pswpin,1546160
1790921387.190,api,0.000
1790921387.190,client,0.000
1790921387.190,enginecore,31.842
1790921387.190,other_total,0.155
1790921387.190,store_0,0.000
1790921387.190,store_1,0.000
1790921387.190,store_2,0.000
1790921387.190,store_3,0.000
1790921387.190,avail_mb,29204
1790921387.190,pswpin,1546160
1790921388.208,api,0.000
1790921388.208,client,0.000
1790921388.208,enginecore,32.036
1790921388.208,other_total,0.000
1790921388.208,store_0,0.000
1790921388.208,store_1,0.000
1790921388.208,store_2,0.020
1790921388.208,store_3,0.000
1790921388.208,avail_mb,29205
1790921388.208,pswpin,1546160
1790921389.234,api,0.010
1790921389.234,client,0.010
1790921389.234,enginecore,31.721
1790921389.234,other_total,0.127
1790921389.234,store_0,0.000
1790921389.234,store_1,0.000
1790921389.234,store_2,0.000
1790921389.234,store_3,0.019
1790921389.234,avail_mb,29201
1790921389.234,pswpin,1546160
1790921390.255,api,0.039
1790921390.255,client,0.000
1790921390.255,enginecore,31.923
1790921390.255,other_total,0.000
1790921390.255,store_0,0.020
1790921390.255,store_1,0.000
1790921390.255,store_2,0.000
1790921390.255,store_3,0.000
1790921390.255,avail_mb,29202
1790921390.255,pswpin,1546160
1790921391.276,api,0.020
1790921391.276,client,0.010
1790921391.276,enginecore,31.765
1790921391.276,other_total,0.157
1790921391.276,store_0,0.000
1790921391.276,store_1,0.020
1790921391.276,store_2,0.000
1790921391.276,store_3,0.000
1790921391.276,avail_mb,29203
1790921391.276,pswpin,1546160
1790921392.299,api,0.000
1790921392.299,client,0.000
1790921392.299,enginecore,31.975
1790921392.299,other_total,0.000
1790921392.299,store_0,0.000
1790921392.299,store_1,0.000
1790921392.299,store_2,0.000
1790921392.299,store_3,0.000
1790921392.299,avail_mb,29195
1790921392.299,pswpin,1546160
1790921393.323,api,0.000
1790921393.323,client,0.000
1790921393.323,enginecore,31.877
1790921393.323,other_total,0.078
1790921393.323,store_0,0.000
1790921393.323,store_1,0.000
1790921393.323,store_2,0.000
1790921393.323,store_3,0.000
1790921393.323,avail_mb,29192
1790921393.323,pswpin,1546160
1790921394.345,api,0.000
1790921394.345,client,0.000
1790921394.345,enginecore,32.035
1790921394.345,other_total,0.000
1790921394.345,store_0,0.000
1790921394.345,store_1,0.000
1790921394.345,store_2,0.000
1790921394.345,store_3,0.000
1790921394.345,avail_mb,29192
1790921394.345,pswpin,1546160
1790921395.378,api,0.000
1790921395.378,client,0.000
1790921395.378,enginecore,31.909
1790921395.378,other_total,0.097
1790921395.378,store_0,0.000
1790921395.378,store_1,0.000
1790921395.378,store_2,0.000
1790921395.378,store_3,0.000
1790921395.378,avail_mb,29191
1790921395.378,pswpin,1546160
1790921396.402,api,0.020
1790921396.402,client,0.000
1790921396.402,enginecore,31.900
1790921396.402,other_total,0.000
1790921396.402,store_0,0.000
1790921396.402,store_1,0.000
1790921396.402,store_2,0.000
1790921396.402,store_3,0.029
1790921396.402,avail_mb,29195
1790921396.402,pswpin,1546160
1790921397.436,api,0.010
1790921397.436,client,0.000
1790921397.436,enginecore,31.953
1790921397.436,other_total,0.019
1790921397.436,store_0,0.000
1790921397.436,store_1,0.000
1790921397.436,store_2,0.000
1790921397.436,store_3,0.000
1790921397.436,avail_mb,29196
1790921397.436,pswpin,1546160
1790921398.457,api,0.020
1790921398.457,client,0.000
1790921398.457,enginecore,31.826
1790921398.457,other_total,0.078
1790921398.457,store_0,0.000
1790921398.457,store_1,0.020
1790921398.457,store_2,0.000
1790921398.457,store_3,0.000
1790921398.457,avail_mb,29194
1790921398.457,pswpin,1546161
1790921399.486,api,0.019
1790921399.486,client,0.010
1790921399.486,enginecore,31.897
1790921399.486,other_total,0.000
1790921399.486,store_0,0.000
1790921399.486,store_1,0.000
1790921399.486,store_2,0.019
1790921399.486,store_3,0.000
1790921399.486,avail_mb,29193
1790921399.486,pswpin,1546161
1790921400.501,api,0.000
1790921400.501,client,0.000
1790921400.501,enginecore,31.907
1790921400.501,other_total,0.010
1790921400.501,store_0,0.000
1790921400.501,store_1,0.000
1790921400.501,store_2,0.000
1790921400.501,store_3,0.000
1790921400.501,avail_mb,29192
1790921400.501,pswpin,1546161
1790921401.528,api,0.000
1790921401.528,client,0.000
1790921401.528,enginecore,31.873
1790921401.528,other_total,0.058
1790921401.528,store_0,0.019
1790921401.528,store_1,0.000
1790921401.528,store_2,0.000
1790921401.528,store_3,0.000
1790921401.528,avail_mb,29191
1790921401.528,pswpin,1546161
1790921402.548,api,0.010
1790921402.548,client,0.010
1790921402.548,enginecore,31.914
1790921402.548,other_total,0.049
1790921402.548,store_0,0.000
1790921402.548,store_1,0.000
1790921402.548,store_2,0.000
1790921402.548,store_3,0.000
1790921402.548,avail_mb,29191
1790921402.548,pswpin,1546161
1790921403.576,api,0.019
1790921403.576,client,0.000
1790921403.576,enginecore,31.910
1790921403.576,other_total,0.010
1790921403.576,store_0,0.000
1790921403.576,store_1,0.000
1790921403.576,store_2,0.000
1790921403.576,store_3,0.019
1790921403.576,avail_mb,29189
1790921403.576,pswpin,1546169
1790921404.606,api,0.000
1790921404.606,client,0.000
1790921404.606,enginecore,31.871
1790921404.606,other_total,0.068
1790921404.606,store_0,0.000
1790921404.606,store_1,0.000
1790921404.606,store_2,0.000
1790921404.606,store_3,0.000
1790921404.606,avail_mb,29185
1790921404.606,pswpin,1546169
1790921405.629,api,0.000
1790921405.629,client,0.000
1790921405.629,enginecore,31.811
1790921405.629,other_total,0.010
1790921405.629,store_0,0.000
1790921405.629,store_1,0.029
1790921405.629,store_2,0.020
1790921405.629,store_3,0.000
1790921405.629,avail_mb,29187
1790921405.629,pswpin,1546169
1790921406.652,api,0.020
1790921406.652,client,0.000
1790921406.652,enginecore,31.942
1790921406.652,other_total,0.039
1790921406.652,store_0,0.000
1790921406.652,store_1,0.000
1790921406.652,store_2,0.000
1790921406.652,store_3,0.000
1790921406.652,avail_mb,29187
1790921406.652,pswpin,1546169
1790921407.675,api,0.000
1790921407.675,client,0.000
1790921407.675,enginecore,31.848
1790921407.675,other_total,0.010
1790921407.675,store_0,0.000
1790921407.675,store_1,0.000
1790921407.675,store_2,0.000
1790921407.675,store_3,0.020
1790921407.675,avail_mb,29191
1790921407.675,pswpin,1546169
1790921408.701,api,0.000
1790921408.701,client,0.000
1790921408.701,enginecore,31.900
1790921408.701,other_total,0.019
1790921408.701,store_0,0.000
1790921408.701,store_1,0.000
1790921408.701,store_2,0.000
1790921408.701,store_3,0.000
1790921408.701,avail_mb,29189
1790921408.701,pswpin,1546170
1790921409.725,api,0.020
1790921409.725,client,0.010
1790921409.725,enginecore,31.866
1790921409.725,other_total,0.039
1790921409.725,store_0,0.000
1790921409.725,store_1,0.000
1790921409.725,store_2,0.000
1790921409.725,store_3,0.000
1790921409.725,avail_mb,29187
1790921409.725,pswpin,1546170
1790921410.746,api,0.010
1790921410.746,client,0.010
1790921410.746,enginecore,31.863
1790921410.746,other_total,0.039
1790921410.746,store_0,0.000
1790921410.746,store_1,0.000
1790921410.746,store_2,0.000
1790921410.746,store_3,0.000
1790921410.746,avail_mb,29181
1790921410.746,pswpin,1546170
1790921411.782,api,0.000
1790921411.782,client,0.000
1790921411.782,enginecore,31.958
1790921411.782,other_total,0.068
1790921411.782,store_0,0.000
1790921411.782,store_1,0.000
1790921411.782,store_2,0.000
1790921411.782,store_3,0.000
1790921411.782,avail_mb,29182
1790921411.782,pswpin,1546170
1790921412.793,api,0.000
1790921412.793,client,0.000
1790921412.793,enginecore,31.831
1790921412.793,other_total,0.020
1790921412.793,store_0,0.000
1790921412.793,store_1,0.020
1790921412.793,store_2,0.030
1790921412.793,store_3,0.000
1790921412.793,avail_mb,29182
1790921412.793,pswpin,1546170
1790921413.823,api,0.000
1790921413.823,client,0.000
1790921413.823,enginecore,31.884
1790921413.823,other_total,0.039
1790921413.823,store_0,0.000
1790921413.823,store_1,0.000
1790921413.823,store_2,0.000
1790921413.823,store_3,0.000
1790921413.823,avail_mb,29178
1790921413.823,pswpin,1546170
1790921414.850,api,0.000
1790921414.850,client,0.000
1790921414.850,enginecore,31.961
1790921414.850,other_total,0.019
1790921414.850,store_0,0.000
1790921414.850,store_1,0.000
1790921414.850,store_2,0.000
1790921414.850,store_3,0.000
1790921414.850,avail_mb,29178
1790921414.850,pswpin,1546170
1790921415.888,api,0.000
1790921415.888,client,0.000
1790921415.888,enginecore,31.965
1790921415.888,other_total,0.019
1790921415.888,store_0,0.000
1790921415.888,store_1,0.000
1790921415.888,store_2,0.000
1790921415.888,store_3,0.000
1790921415.888,avail_mb,29178
1790921415.888,pswpin,1546170
1790921416.920,api,0.029
1790921416.920,client,0.000
1790921416.920,enginecore,31.886
1790921416.920,other_total,0.029
1790921416.920,store_0,0.000
1790921416.920,store_1,0.000
1790921416.920,store_2,0.000
1790921416.920,store_3,0.019
1790921416.920,avail_mb,29178
1790921416.920,pswpin,1546170
1790921417.948,api,0.000
1790921417.948,client,0.000
1790921417.948,enginecore,31.880
1790921417.948,other_total,0.049
1790921417.948,store_0,0.000
1790921417.948,store_1,0.000
1790921417.948,store_2,0.000
1790921417.948,store_3,0.000
1790921417.948,avail_mb,29177
1790921417.948,pswpin,1546170
1790921418.972,api,0.010
1790921418.972,client,0.010
1790921418.972,enginecore,31.889
1790921418.972,other_total,0.049
1790921418.972,store_0,0.020
1790921418.972,store_1,0.000
1790921418.972,store_2,0.000
1790921418.972,store_3,0.000
1790921418.972,avail_mb,29176
1790921418.972,pswpin,1546170
1790921419.997,api,0.010
1790921419.997,client,0.010
1790921419.997,enginecore,31.864
1790921419.997,other_total,0.068
1790921419.997,store_0,0.000
1790921419.997,store_1,0.000
1790921419.997,store_2,0.000
1790921419.997,store_3,0.000
1790921419.997,avail_mb,29176
1790921419.997,pswpin,1546170
1790921421.031,api,0.000
1790921421.031,client,0.000
1790921421.031,enginecore,31.902
1790921421.031,other_total,0.000
1790921421.031,store_0,0.000
1790921421.031,store_1,0.000
1790921421.031,store_2,0.029
1790921421.031,store_3,0.000
1790921421.031,avail_mb,29180
1790921421.031,pswpin,1546170
1790921422.067,api,0.000
1790921422.067,client,0.000
1790921422.067,enginecore,31.955
1790921422.067,other_total,0.039
1790921422.067,store_0,0.000
1790921422.067,store_1,0.000
1790921422.067,store_2,0.000
1790921422.067,store_3,0.000
1790921422.067,avail_mb,29179
1790921422.067,pswpin,1546170
1790921423.092,api,0.029
1790921423.092,client,0.010
1790921423.092,enginecore,31.897
1790921423.092,other_total,0.010
1790921423.092,store_0,0.000
1790921423.092,store_1,0.000
1790921423.092,store_2,0.000
1790921423.092,store_3,0.010
1790921423.092,avail_mb,29183
1790921423.092,pswpin,1546170
1790921424.116,api,0.010
1790921424.116,client,0.000
1790921424.116,enginecore,31.889
1790921424.116,other_total,0.049
1790921424.116,store_0,0.000
1790921424.116,store_1,0.000
1790921424.116,store_2,0.000
1790921424.116,store_3,0.010
1790921424.116,avail_mb,29184
1790921424.116,pswpin,1546170
1790921425.143,api,0.010
1790921425.143,client,0.000
1790921425.143,enginecore,31.762
1790921425.143,other_total,0.000
1790921425.143,store_0,0.000
1790921425.143,store_1,0.029
1790921425.143,store_2,0.000
1790921425.143,store_3,0.000
1790921425.143,avail_mb,29186
1790921425.143,pswpin,1546170
1790921426.180,api,0.019
1790921426.180,client,0.010
1790921426.180,enginecore,31.838
1790921426.180,other_total,0.068
1790921426.180,store_0,0.029
1790921426.180,store_1,0.000
1790921426.180,store_2,0.000
1790921426.180,store_3,0.000
1790921426.180,avail_mb,29183
1790921426.180,pswpin,1546170
1790921427.208,api,0.010
1790921427.208,client,0.010
1790921427.208,enginecore,31.937
1790921427.208,other_total,0.000
1790921427.208,store_0,0.000
1790921427.208,store_1,0.000
1790921427.208,store_2,0.000
1790921427.208,store_3,0.000
1790921427.208,avail_mb,29181
1790921427.208,pswpin,1546170
1790921428.229,api,0.029
1790921428.229,client,0.020
1790921428.229,enginecore,31.764
1790921428.229,other_total,0.078
1790921428.229,store_0,0.000
1790921428.229,store_1,0.000
1790921428.229,store_2,0.020
1790921428.229,store_3,0.000
1790921428.229,avail_mb,29187
1790921428.229,pswpin,1546170
1790921429.264,api,0.000
1790921429.264,client,0.000
1790921429.264,enginecore,31.929
1790921429.264,other_total,0.019
1790921429.264,store_0,0.000
1790921429.264,store_1,0.000
1790921429.264,store_2,0.000
1790921429.264,store_3,0.019
1790921429.264,avail_mb,29184
1790921429.264,pswpin,1546170
1790921430.285,api,0.000
1790921430.285,client,0.000
1790921430.285,enginecore,31.889
1790921430.285,other_total,0.049
1790921430.285,store_0,0.000
1790921430.285,store_1,0.020
1790921430.285,store_2,0.000
1790921430.285,store_3,0.000
1790921430.285,avail_mb,29185
1790921430.285,pswpin,1546170
1790921431.298,api,0.000
1790921431.298,client,0.000
1790921431.298,enginecore,31.953
1790921431.298,other_total,0.020
1790921431.298,store_0,0.000
1790921431.298,store_1,0.000
1790921431.298,store_2,0.000
1790921431.298,store_3,0.000
1790921431.298,avail_mb,29186
1790921431.298,pswpin,1546170
1790921432.322,api,0.000
1790921432.322,client,0.000
1790921432.322,enginecore,31.891
1790921432.322,other_total,0.078
1790921432.322,store_0,0.000
1790921432.322,store_1,0.000
1790921432.322,store_2,0.000
1790921432.322,store_3,0.000
1790921432.322,avail_mb,29178
1790921432.322,pswpin,1546170
1790921433.360,api,0.000
1790921433.360,client,0.000
1790921433.360,enginecore,31.887
1790921433.360,other_total,0.029
1790921433.360,store_0,0.019
1790921433.360,store_1,0.000
1790921433.360,store_2,0.000
1790921433.360,store_3,0.000
1790921433.360,avail_mb,29179
1790921433.360,pswpin,1546170
1790921434.393,api,0.000
1790921434.393,client,0.000
1790921434.393,enginecore,31.952
1790921434.393,other_total,0.010
1790921434.393,store_0,0.000
1790921434.393,store_1,0.000
1790921434.393,store_2,0.000
1790921434.393,store_3,0.000
1790921434.393,avail_mb,29181
1790921434.393,pswpin,1546170
1790921435.424,api,0.010
1790921435.424,client,0.000
1790921435.424,enginecore,31.900
1790921435.424,other_total,0.010
1790921435.424,store_0,0.000
1790921435.424,store_1,0.000
1790921435.424,store_2,0.000
1790921435.424,store_3,0.000
1790921435.424,avail_mb,29177
1790921435.424,pswpin,1546170
1790921436.443,api,0.000
1790921436.443,client,0.000
1790921436.443,enginecore,31.873
1790921436.443,other_total,0.059
1790921436.443,store_0,0.000
1790921436.443,store_1,0.000
1790921436.443,store_2,0.000
1790921436.443,store_3,0.020
1790921436.443,avail_mb,29179
1790921436.443,pswpin,1546170
1790921437.481,api,0.019
1790921437.481,client,0.000
1790921437.481,enginecore,31.904
1790921437.481,other_total,0.029
1790921437.481,store_0,0.000
1790921437.481,store_1,0.000
1790921437.481,store_2,0.000
1790921437.481,store_3,0.010
1790921437.481,avail_mb,29180
1790921437.481,pswpin,1546170
1790921438.517,api,0.019
1790921438.517,client,0.010
1790921438.517,enginecore,31.842
1790921438.517,other_total,0.068
1790921438.517,store_0,0.000
1790921438.517,store_1,0.029
1790921438.517,store_2,0.019
1790921438.517,store_3,0.000
1790921438.517,avail_mb,29181
1790921438.517,pswpin,1546170
1790921439.551,api,0.000
1790921439.551,client,0.000
1790921439.551,enginecore,31.875
1790921439.551,other_total,0.087
1790921439.551,store_0,0.000
1790921439.551,store_1,0.000
1790921439.551,store_2,0.000
1790921439.551,store_3,0.000
1790921439.551,avail_mb,29182
1790921439.551,pswpin,1546170
1790921440.594,api,0.000
1790921440.594,client,0.000
1790921440.594,enginecore,32.033
1790921440.594,other_total,0.000
1790921440.594,store_0,0.019
1790921440.594,store_1,0.000
1790921440.594,store_2,0.000
1790921440.594,store_3,0.000
1790921440.594,avail_mb,29184
1790921440.594,pswpin,1546170
1790921441.618,api,0.010
1790921441.618,client,0.000
1790921441.618,enginecore,31.843
1790921441.618,other_total,0.039
1790921441.618,store_0,0.000
1790921441.618,store_1,0.000
1790921441.618,store_2,0.000
1790921441.618,store_3,0.000
1790921441.618,avail_mb,29178
1790921441.618,pswpin,1546170
1790921442.639,api,0.000
1790921442.639,client,0.000
1790921442.639,enginecore,32.020
1790921442.639,other_total,0.088
1790921442.639,store_0,0.000
1790921442.639,store_1,0.000
1790921442.639,store_2,0.000
1790921442.639,store_3,0.000
1790921442.639,avail_mb,29176
1790921442.639,pswpin,1546170
1790921443.665,api,0.000
1790921443.665,client,0.000
1790921443.665,enginecore,31.918
1790921443.665,other_total,0.000
1790921443.665,store_0,0.000
1790921443.665,store_1,0.000
1790921443.665,store_2,0.000
1790921443.665,store_3,0.000
1790921443.665,avail_mb,29176
1790921443.665,pswpin,1546170
1790921444.682,api,0.030
1790921444.682,client,0.020
1790921444.682,enginecore,30.324
1790921444.682,other_total,0.000
1790921444.682,store_0,0.030
1790921444.682,store_1,0.079
1790921444.682,store_2,0.000
1790921444.682,store_3,0.000
1790921444.682,avail_mb,29202
1790921444.682,pswpin,1546170
1790921445.694,api,0.069
1790921445.694,client,0.020
1790921445.694,enginecore,6.531
1790921445.694,other_total,0.000
1790921445.694,store_0,0.000
1790921445.694,store_1,0.000
1790921445.694,store_2,0.000
1790921445.694,store_3,0.000
1790921445.694,avail_mb,29199
1790921445.694,pswpin,1546170
1790921446.711,api,0.088
1790921446.711,client,0.020
1790921446.711,enginecore,13.648
1790921446.711,other_total,0.010
1790921446.711,store_0,0.010
1790921446.711,store_1,0.000
1790921446.711,store_2,0.088
1790921446.711,store_3,0.069
1790921446.711,avail_mb,29202
1790921446.711,pswpin,1546170
1790921447.743,api,0.000
1790921447.743,client,0.000
1790921447.743,enginecore,31.539
1790921447.743,other_total,0.068
1790921447.743,store_0,0.029
1790921447.743,store_1,0.029
1790921447.743,store_2,0.000
1790921447.743,store_3,0.029
1790921447.743,avail_mb,29204
1790921447.743,pswpin,1546170
1790921448.768,api,0.000
1790921448.768,client,0.000
1790921448.768,enginecore,31.837
1790921448.768,other_total,0.146
1790921448.768,store_0,0.000
1790921448.768,store_1,0.000
1790921448.768,store_2,0.000
1790921448.768,store_3,0.000
1790921448.768,avail_mb,29202
1790921448.768,pswpin,1546170
1790921449.798,api,0.000
1790921449.798,client,0.000
1790921449.798,enginecore,32.037
1790921449.798,other_total,0.000
1790921449.798,store_0,0.000
1790921449.798,store_1,0.000
1790921449.798,store_2,0.000
1790921449.798,store_3,0.000
1790921449.798,avail_mb,29198
1790921449.798,pswpin,1546172
1790921450.834,api,0.010
1790921450.834,client,0.000
1790921450.834,enginecore,31.915
1790921450.834,other_total,0.068
1790921450.834,store_0,0.000
1790921450.834,store_1,0.000
1790921450.834,store_2,0.000
1790921450.834,store_3,0.000
1790921450.834,avail_mb,29195
1790921450.834,pswpin,1546172
1790921451.867,api,0.000
1790921451.867,client,0.000
1790921451.867,enginecore,31.964
1790921451.867,other_total,0.039
1790921451.867,store_0,0.000
1790921451.867,store_1,0.000
1790921451.867,store_2,0.000
1790921451.867,store_3,0.000
1790921451.867,avail_mb,29194
1790921451.867,pswpin,1546172
1790921452.897,api,0.029
1790921452.897,client,0.010
1790921452.897,enginecore,31.891
1790921452.897,other_total,0.049
1790921452.897,store_0,0.000
1790921452.897,store_1,0.000
1790921452.897,store_2,0.000
1790921452.897,store_3,0.000
1790921452.897,avail_mb,29187
1790921452.897,pswpin,1546172
1790921453.933,api,0.000
1790921453.933,client,0.000
1790921453.933,enginecore,31.897
1790921453.933,other_total,0.019
1790921453.933,store_0,0.010
1790921453.933,store_1,0.019
1790921453.933,store_2,0.000
1790921453.933,store_3,0.000
1790921453.933,avail_mb,29179
1790921453.933,pswpin,1546172
1790921454.951,api,0.000
1790921454.951,client,0.000
1790921454.951,enginecore,31.898
1790921454.951,other_total,0.069
1790921454.951,store_0,0.000
1790921454.951,store_1,0.000
1790921454.951,store_2,0.000
1790921454.951,store_3,0.000
1790921454.951,avail_mb,29178
1790921454.951,pswpin,1546172
1790921455.984,api,0.000
1790921455.984,client,0.000
1790921455.984,enginecore,31.922
1790921455.984,other_total,0.029
1790921455.984,store_0,0.000
1790921455.984,store_1,0.000
1790921455.984,store_2,0.000
1790921455.984,store_3,0.000
1790921455.984,avail_mb,29177
1790921455.984,pswpin,1546172
1790921457.021,api,0.019
1790921457.021,client,0.000
1790921457.021,enginecore,31.929
1790921457.021,other_total,0.048
1790921457.021,store_0,0.000
1790921457.021,store_1,0.000
1790921457.021,store_2,0.000
1790921457.021,store_3,0.000
1790921457.021,avail_mb,29177
1790921457.021,pswpin,1546172
1790921458.046,api,0.000
1790921458.046,client,0.000
1790921458.046,enginecore,31.921
1790921458.046,other_total,0.078
1790921458.046,store_0,0.000
1790921458.046,store_1,0.000
1790921458.046,store_2,0.000
1790921458.046,store_3,0.000
1790921458.046,avail_mb,29178
1790921458.046,pswpin,1546172
1790921459.065,api,0.000
1790921459.065,client,0.010
1790921459.065,enginecore,31.976
1790921459.065,other_total,0.000
1790921459.065,store_0,0.000
1790921459.065,store_1,0.000
1790921459.065,store_2,0.020
1790921459.065,store_3,0.000
1790921459.065,avail_mb,29181
1790921459.065,pswpin,1546172
1790921460.087,api,0.010
1790921460.087,client,0.000
1790921460.087,enginecore,31.839
1790921460.087,other_total,0.010
1790921460.087,store_0,0.020
1790921460.087,store_1,0.020
1790921460.087,store_2,0.000
1790921460.087,store_3,0.000
1790921460.087,avail_mb,29181
1790921460.087,pswpin,1546172
1790921461.104,api,0.000
1790921461.104,client,0.000
1790921461.104,enginecore,31.918
1790921461.104,other_total,0.049
1790921461.104,store_0,0.000
1790921461.104,store_1,0.000
1790921461.104,store_2,0.000
1790921461.104,store_3,0.000
1790921461.104,avail_mb,29178
1790921461.104,pswpin,1546172
1790921462.129,api,0.020
1790921462.129,client,0.010
1790921462.129,enginecore,31.797
1790921462.129,other_total,0.088
1790921462.129,store_0,0.000
1790921462.129,store_1,0.000
1790921462.129,store_2,0.000
1790921462.129,store_3,0.020
1790921462.129,avail_mb,29180
1790921462.129,pswpin,1546172
1790921463.164,api,0.000
1790921463.164,client,0.000
1790921463.164,enginecore,31.921
1790921463.164,other_total,0.048
1790921463.164,store_0,0.000
1790921463.164,store_1,0.000
1790921463.164,store_2,0.000
1790921463.164,store_3,0.000
1790921463.164,avail_mb,29176
1790921463.164,pswpin,1546172
1790921464.196,api,0.000
1790921464.196,client,0.000
1790921464.196,enginecore,31.924
1790921464.196,other_total,0.010
1790921464.196,store_0,0.000
1790921464.196,store_1,0.000
1790921464.196,store_2,0.000
1790921464.196,store_3,0.000
1790921464.196,avail_mb,29176
1790921464.196,pswpin,1546172
1790921465.221,api,0.000
1790921465.221,client,0.000
1790921465.221,enginecore,31.850
1790921465.221,other_total,0.039
1790921465.221,store_0,0.000
1790921465.221,store_1,0.000
1790921465.221,store_2,0.029
1790921465.221,store_3,0.000
1790921465.221,avail_mb,29176
1790921465.221,pswpin,1546172
1790921466.242,api,0.020
1790921466.242,client,0.000
1790921466.242,enginecore,31.871
1790921466.242,other_total,0.000
1790921466.242,store_0,0.000
1790921466.242,store_1,0.029
1790921466.242,store_2,0.000
1790921466.242,store_3,0.000
1790921466.242,avail_mb,29175
1790921466.242,pswpin,1546172
1790921467.265,api,0.000
1790921467.265,client,0.000
1790921467.265,enginecore,31.927
1790921467.265,other_total,0.039
1790921467.265,store_0,0.000
1790921467.265,store_1,0.000
1790921467.265,store_2,0.000
1790921467.265,store_3,0.000
1790921467.265,avail_mb,29175
1790921467.265,pswpin,1546172
1790921468.291,api,0.000
1790921468.291,client,0.000
1790921468.291,enginecore,31.923
1790921468.291,other_total,0.000
1790921468.291,store_0,0.010
1790921468.291,store_1,0.000
1790921468.291,store_2,0.000
1790921468.291,store_3,0.000
1790921468.291,avail_mb,29174
1790921468.291,pswpin,1546172
1790921469.319,api,0.019
1790921469.319,client,0.010
1790921469.319,enginecore,31.834
1790921469.319,other_total,0.117
1790921469.319,store_0,0.029
1790921469.319,store_1,0.000
1790921469.319,store_2,0.000
1790921469.319,store_3,0.000
1790921469.319,avail_mb,29174
1790921469.319,pswpin,1546172
1790921470.340,api,0.000
1790921470.340,client,0.000
1790921470.340,enginecore,31.803
1790921470.340,other_total,0.000
1790921470.340,store_0,0.000
1790921470.340,store_1,0.000
1790921470.340,store_2,0.000
1790921470.340,store_3,0.029
1790921470.340,avail_mb,29174
1790921470.340,pswpin,1546172
1790921471.364,api,0.010
1790921471.364,client,0.000
1790921471.364,enginecore,31.942
1790921471.364,other_total,0.010
1790921471.364,store_0,0.000
1790921471.364,store_1,0.000
1790921471.364,store_2,0.000
1790921471.364,store_3,0.000
1790921471.364,avail_mb,29172
1790921471.364,pswpin,1546172
1790921472.400,api,0.029
1790921472.400,client,0.010
1790921472.400,enginecore,31.876
1790921472.400,other_total,0.058
1790921472.400,store_0,0.000
1790921472.400,store_1,0.000
1790921472.400,store_2,0.000
1790921472.400,store_3,0.000
1790921472.400,avail_mb,29167
1790921472.400,pswpin,1546172
1790921473.427,api,0.010
1790921473.427,client,0.010
1790921473.427,enginecore,31.919
1790921473.427,other_total,0.049
1790921473.427,store_0,0.000
1790921473.427,store_1,0.000
1790921473.427,store_2,0.000
1790921473.427,store_3,0.000
1790921473.427,avail_mb,29166
1790921473.427,pswpin,1546172
1790921474.446,api,0.029
1790921474.446,client,0.010
1790921474.446,enginecore,31.914
1790921474.446,other_total,0.000
1790921474.446,store_0,0.000
1790921474.446,store_1,0.020
1790921474.446,store_2,0.000
1790921474.446,store_3,0.000
1790921474.446,avail_mb,29165
1790921474.446,pswpin,1546172
1790921475.479,api,0.010
1790921475.479,client,0.000
1790921475.479,enginecore,31.866
1790921475.479,other_total,0.087
1790921475.479,store_0,0.000
1790921475.479,store_1,0.000
1790921475.479,store_2,0.000
1790921475.479,store_3,0.000
1790921475.479,avail_mb,29164
1790921475.479,pswpin,1546172
1790921476.502,api,0.010
1790921476.502,client,0.000
1790921476.502,enginecore,31.877
1790921476.502,other_total,0.020
1790921476.502,store_0,0.020
1790921476.502,store_1,0.000
1790921476.502,store_2,0.000
1790921476.502,store_3,0.020
1790921476.502,avail_mb,29173
1790921476.502,pswpin,1546172
1790921477.525,api,0.000
1790921477.525,client,0.000
1790921477.525,enginecore,31.908
1790921477.525,other_total,0.059
1790921477.525,store_0,0.000
1790921477.525,store_1,0.000
1790921477.525,store_2,0.000
1790921477.525,store_3,0.000
1790921477.525,avail_mb,29173
1790921477.525,pswpin,1546172
1790921478.551,api,0.000
1790921478.551,client,0.000
1790921478.551,enginecore,31.841
1790921478.551,other_total,0.029
1790921478.551,store_0,0.000
1790921478.551,store_1,0.000
1790921478.551,store_2,0.000
1790921478.551,store_3,0.000
1790921478.551,avail_mb,29168
1790921478.551,pswpin,1546172
1790921479.572,api,0.000
1790921479.572,client,0.000
1790921479.572,enginecore,31.829
1790921479.572,other_total,0.049
1790921479.572,store_0,0.000
1790921479.572,store_1,0.000
1790921479.572,store_2,0.020
1790921479.572,store_3,0.000
1790921479.572,avail_mb,29168
1790921479.572,pswpin,1546172
1790921480.605,api,0.000
1790921480.605,client,0.000
1790921480.605,enginecore,31.936
1790921480.605,other_total,0.000
1790921480.605,store_0,0.000
1790921480.605,store_1,0.000
1790921480.605,store_2,0.000
1790921480.605,store_3,0.000
1790921480.605,avail_mb,29167
1790921480.605,pswpin,1546172
1790921481.634,api,0.000
1790921481.634,client,0.000
1790921481.634,enginecore,31.905
1790921481.634,other_total,0.078
1790921481.634,store_0,0.000
1790921481.634,store_1,0.019
1790921481.634,store_2,0.000
1790921481.634,store_3,0.000
1790921481.634,avail_mb,29163
1790921481.634,pswpin,1546172
1790921482.657,api,0.010
1790921482.657,client,0.010
1790921482.657,enginecore,31.938
1790921482.657,other_total,0.039
1790921482.657,store_0,0.000
1790921482.657,store_1,0.000
1790921482.657,store_2,0.000
1790921482.657,store_3,0.000
1790921482.657,avail_mb,29169
1790921482.657,pswpin,1546172
1790921483.680,api,0.020
1790921483.680,client,0.010
1790921483.680,enginecore,31.906
1790921483.680,other_total,0.029
1790921483.680,store_0,0.000
1790921483.680,store_1,0.000
1790921483.680,store_2,0.000
1790921483.680,store_3,0.020
1790921483.680,avail_mb,29169
1790921483.680,pswpin,1546172
1790921484.714,api,0.000
1790921484.714,client,0.000
1790921484.714,enginecore,31.865
1790921484.714,other_total,0.068
1790921484.714,store_0,0.019
1790921484.714,store_1,0.000
1790921484.714,store_2,0.019
1790921484.714,store_3,0.000
1790921484.714,avail_mb,29174
1790921484.714,pswpin,1546172
1790921485.745,api,0.000
1790921485.745,client,0.000
1790921485.745,enginecore,31.942
1790921485.745,other_total,0.010
1790921485.745,store_0,0.000
1790921485.745,store_1,0.000
1790921485.745,store_2,0.000
1790921485.745,store_3,0.000
1790921485.745,avail_mb,29173
1790921485.745,pswpin,1546172
1790921486.776,api,0.019
1790921486.776,client,0.000
1790921486.776,enginecore,31.923
1790921486.776,other_total,0.000
1790921486.776,store_0,0.000
1790921486.776,store_1,0.000
1790921486.776,store_2,0.000
1790921486.776,store_3,0.000
1790921486.776,avail_mb,29173
1790921486.776,pswpin,1546172
1790921487.807,api,0.000
1790921487.807,client,0.000
1790921487.807,enginecore,31.861
1790921487.807,other_total,0.097
1790921487.807,store_0,0.000
1790921487.807,store_1,0.019
1790921487.807,store_2,0.000
1790921487.807,store_3,0.000
1790921487.807,avail_mb,29178
1790921487.807,pswpin,1546172
1790921488.819,api,0.000
1790921488.819,client,0.000
1790921488.819,enginecore,31.967
1790921488.819,other_total,0.000
1790921488.819,store_0,0.000
1790921488.819,store_1,0.000
1790921488.819,store_2,0.000
1790921488.819,store_3,0.000
1790921488.819,avail_mb,29176
1790921488.819,pswpin,1546172
1790921489.842,api,0.000
1790921489.842,client,0.000
1790921489.842,enginecore,31.915
1790921489.842,other_total,0.029
1790921489.842,store_0,0.000
1790921489.842,store_1,0.000
1790921489.842,store_2,0.000
1790921489.842,store_3,0.000
1790921489.842,avail_mb,29173
1790921489.842,pswpin,1546172
1790921490.866,api,0.020
1790921490.866,client,0.000
1790921490.866,enginecore,31.921
1790921490.866,other_total,0.068
1790921490.866,store_0,0.000
1790921490.866,store_1,0.000
1790921490.866,store_2,0.000
1790921490.866,store_3,0.000
1790921490.866,avail_mb,29171
1790921490.866,pswpin,1546172
1790921491.875,api,0.010
1790921491.875,client,0.000
1790921491.875,enginecore,27.818
1790921491.875,other_total,0.000
1790921491.875,store_0,0.000
1790921491.875,store_1,0.000
1790921491.875,store_2,0.000
1790921491.875,store_3,0.030
1790921491.875,avail_mb,29176
1790921491.875,pswpin,1546172
1790921492.888,api,0.059
1790921492.888,client,0.020
1790921492.888,enginecore,4.149
1790921492.888,other_total,0.000
1790921492.888,store_0,0.000
1790921492.888,store_1,0.000
1790921492.888,store_2,0.000
1790921492.888,store_3,0.000
1790921492.888,avail_mb,29171
1790921492.888,pswpin,1546172
1790921493.903,api,0.069
1790921493.903,client,0.039
1790921493.903,enginecore,16.821
1790921493.903,other_total,0.030
1790921493.903,store_0,0.069
1790921493.903,store_1,0.030
1790921493.903,store_2,0.069
1790921493.903,store_3,0.000
1790921493.903,avail_mb,29181
1790921493.903,pswpin,1546172
1790921494.918,api,0.020
1790921494.918,client,0.010
1790921494.918,enginecore,31.868
1790921494.918,other_total,0.049
1790921494.918,store_0,0.020
1790921494.918,store_1,0.000
1790921494.918,store_2,0.000
1790921494.918,store_3,0.000
1790921494.918,avail_mb,29180
1790921494.918,pswpin,1546172
1790921495.940,api,0.000
1790921495.940,client,0.000
1790921495.940,enginecore,31.924
1790921495.940,other_total,0.020
1790921495.940,store_0,0.000
1790921495.940,store_1,0.000
1790921495.940,store_2,0.000
1790921495.940,store_3,0.000
1790921495.940,avail_mb,29179
1790921495.940,pswpin,1546172
1790921496.965,api,0.010
1790921496.965,client,0.000
1790921496.965,enginecore,31.886
1790921496.965,other_total,0.049
1790921496.965,store_0,0.000
1790921496.965,store_1,0.020
1790921496.965,store_2,0.000
1790921496.965,store_3,0.000
1790921496.965,avail_mb,29177
1790921496.965,pswpin,1546172
1790921498.000,api,0.000
1790921498.000,client,0.000
1790921498.000,enginecore,31.953
1790921498.000,other_total,0.029
1790921498.000,store_0,0.000
1790921498.000,store_1,0.000
1790921498.000,store_2,0.000
1790921498.000,store_3,0.000
1790921498.000,avail_mb,29176
1790921498.000,pswpin,1546172
1790921499.023,api,0.010
1790921499.023,client,0.000
1790921499.023,enginecore,31.899
1790921499.023,other_total,0.020
1790921499.023,store_0,0.000
1790921499.023,store_1,0.000
1790921499.023,store_2,0.020
1790921499.023,store_3,0.000
1790921499.023,avail_mb,29176
1790921499.023,pswpin,1546174
1790921500.051,api,0.000
1790921500.051,client,0.000
1790921500.051,enginecore,31.921
1790921500.051,other_total,0.068
1790921500.051,store_0,0.000
1790921500.051,store_1,0.000
1790921500.051,store_2,0.000
1790921500.051,store_3,0.000
1790921500.051,avail_mb,29179
1790921500.051,pswpin,1546174
1790921501.076,api,0.000
1790921501.076,client,0.000
1790921501.076,enginecore,31.943
1790921501.076,other_total,0.020
1790921501.076,store_0,0.000
1790921501.076,store_1,0.000
1790921501.076,store_2,0.000
1790921501.076,store_3,0.020
1790921501.076,avail_mb,29178
1790921501.076,pswpin,1546174
1790921502.113,api,0.000
1790921502.113,client,0.000
1790921502.113,enginecore,31.931
1790921502.113,other_total,0.058
1790921502.113,store_0,0.000
1790921502.113,store_1,0.000
1790921502.113,store_2,0.000
1790921502.113,store_3,0.000
1790921502.113,avail_mb,29177
1790921502.113,pswpin,1546236
1790921503.140,api,0.000
1790921503.140,client,0.000
1790921503.140,enginecore,31.926
1790921503.140,other_total,0.049
1790921503.140,store_0,0.000
1790921503.140,store_1,0.000
1790921503.140,store_2,0.000
1790921503.140,store_3,0.000
1790921503.140,avail_mb,29170
1790921503.140,pswpin,1546236
1790921504.163,api,0.010
1790921504.163,client,0.000
1790921504.163,enginecore,31.852
1790921504.163,other_total,0.059
1790921504.163,store_0,0.000
1790921504.163,store_1,0.000
1790921504.163,store_2,0.000
1790921504.163,store_3,0.000
1790921504.163,avail_mb,29169
1790921504.163,pswpin,1546236
1790921505.193,api,0.019
1790921505.193,client,0.010
1790921505.193,enginecore,31.907
1790921505.193,other_total,0.019
1790921505.193,store_0,0.000
1790921505.193,store_1,0.000
1790921505.193,store_2,0.029
1790921505.193,store_3,0.000
1790921505.193,avail_mb,29170
1790921505.193,pswpin,1546238
1790921506.227,api,0.010
1790921506.227,client,0.000
1790921506.227,enginecore,31.759
1790921506.227,other_total,0.232
1790921506.227,store_0,0.000
1790921506.227,store_1,0.000
1790921506.227,store_2,0.000
1790921506.227,store_3,0.000
1790921506.227,avail_mb,29169
1790921506.227,pswpin,1546238
1790921507.249,api,0.000
1790921507.249,client,0.000
1790921507.249,enginecore,32.062
1790921507.249,other_total,0.000
1790921507.249,store_0,0.000
1790921507.249,store_1,0.000
1790921507.249,store_2,0.000
1790921507.249,store_3,0.000
1790921507.249,avail_mb,29169
1790921507.249,pswpin,1546238
1790921508.273,api,0.029
1790921508.273,client,0.010
1790921508.273,enginecore,31.791
1790921508.273,other_total,0.000
1790921508.273,store_0,0.020
1790921508.273,store_1,0.020
1790921508.273,store_2,0.000
1790921508.273,store_3,0.000
1790921508.273,avail_mb,29171
1790921508.273,pswpin,1546242
1790921509.284,api,0.000
1790921509.284,client,0.000
1790921509.284,enginecore,31.837
1790921509.284,other_total,0.069
1790921509.284,store_0,0.000
1790921509.284,store_1,0.000
1790921509.284,store_2,0.000
1790921509.284,store_3,0.020
1790921509.284,avail_mb,29170
1790921509.284,pswpin,1546242
1790921510.300,api,0.000
1790921510.300,client,0.000
1790921510.300,enginecore,31.938
1790921510.300,other_total,0.000
1790921510.300,store_0,0.000
1790921510.300,store_1,0.000
1790921510.300,store_2,0.000
1790921510.300,store_3,0.000
1790921510.300,avail_mb,29169
1790921510.300,pswpin,1546242
1790921511.333,api,0.000
1790921511.333,client,0.000
1790921511.333,enginecore,31.972
1790921511.333,other_total,0.010
1790921511.333,store_0,0.000
1790921511.333,store_1,0.000
1790921511.333,store_2,0.000
1790921511.333,store_3,0.000
1790921511.333,avail_mb,29169
1790921511.333,pswpin,1546250
1790921512.365,api,0.000
1790921512.365,client,0.000
1790921512.365,enginecore,31.869
1790921512.365,other_total,0.087
1790921512.365,store_0,0.000
1790921512.365,store_1,0.000
1790921512.365,store_2,0.010
1790921512.365,store_3,0.000
1790921512.365,avail_mb,29172
1790921512.365,pswpin,1546250
1790921513.386,api,0.000
1790921513.386,client,0.000
1790921513.386,enginecore,31.972
1790921513.386,other_total,0.049
1790921513.386,store_0,0.000
1790921513.386,store_1,0.000
1790921513.386,store_2,0.000
1790921513.386,store_3,0.000
1790921513.386,avail_mb,29174
1790921513.386,pswpin,1546250
1790921514.409,api,0.010
1790921514.409,client,0.000
1790921514.409,enginecore,31.930
1790921514.409,other_total,0.029
1790921514.409,store_0,0.000
1790921514.409,store_1,0.000
1790921514.409,store_2,0.000
1790921514.409,store_3,0.000
1790921514.409,avail_mb,29173
1790921514.409,pswpin,1546250
1790921515.433,api,0.049
1790921515.433,client,0.010
1790921515.433,enginecore,30.140
1790921515.433,other_total,0.010
1790921515.433,store_0,0.039
1790921515.433,store_1,0.068
1790921515.433,store_2,0.068
1790921515.433,store_3,0.010
1790921515.433,avail_mb,29186
1790921515.433,pswpin,1546250
1790921516.460,api,0.039
1790921516.460,client,0.010
1790921516.460,enginecore,31.866
1790921516.460,other_total,0.000
1790921516.460,store_0,0.000
1790921516.460,store_1,0.000
1790921516.460,store_2,0.000
1790921516.460,store_3,0.000
1790921516.460,avail_mb,29185
1790921516.460,pswpin,1546250
1790921517.485,api,0.000
1790921517.485,client,0.000
1790921517.485,enginecore,31.867
1790921517.485,other_total,0.000
1790921517.485,store_0,0.000
1790921517.485,store_1,0.010
1790921517.485,store_2,0.000
1790921517.485,store_3,0.000
1790921517.485,avail_mb,29181
1790921517.485,pswpin,1546250
1790921518.519,api,0.000
1790921518.519,client,0.000
1790921518.519,enginecore,31.909
1790921518.519,other_total,0.106
1790921518.519,store_0,0.000
1790921518.519,store_1,0.000
1790921518.519,store_2,0.000
1790921518.519,store_3,0.000
1790921518.519,avail_mb,29176
1790921518.519,pswpin,1546250
1790921519.550,api,0.000
1790921519.550,client,0.000
1790921519.550,enginecore,31.916
1790921519.550,other_total,0.000
1790921519.550,store_0,0.000
1790921519.550,store_1,0.000
1790921519.550,store_2,0.000
1790921519.550,store_3,0.000
1790921519.550,avail_mb,29175
1790921519.550,pswpin,1546250
1790921520.584,api,0.000
1790921520.584,client,0.000
1790921520.584,enginecore,31.933
1790921520.584,other_total,0.087
1790921520.584,store_0,0.000
1790921520.584,store_1,0.000
1790921520.584,store_2,0.000
1790921520.584,store_3,0.000
1790921520.584,avail_mb,29174
1790921520.584,pswpin,1546250
1790921521.621,api,0.029
1790921521.621,client,0.010
1790921521.621,enginecore,31.898
1790921521.621,other_total,0.019
1790921521.621,store_0,0.000
1790921521.621,store_1,0.000
1790921521.621,store_2,0.000
1790921521.621,store_3,0.000
1790921521.621,avail_mb,29173
1790921521.621,pswpin,1546250
1790921522.647,api,0.010
1790921522.647,client,0.019
1790921522.647,enginecore,31.486
1790921522.647,other_total,0.117
1790921522.647,store_0,0.019
1790921522.647,store_1,0.000
1790921522.647,store_2,0.019
1790921522.647,store_3,0.029
1790921522.647,avail_mb,29184
1790921522.647,pswpin,1546250
1790921523.671,api,0.020
1790921523.671,client,0.000
1790921523.671,enginecore,31.993
1790921523.671,other_total,0.000
1790921523.671,store_0,0.000
1790921523.671,store_1,0.000
1790921523.671,store_2,0.000
1790921523.671,store_3,0.000
1790921523.671,avail_mb,29182
1790921523.671,pswpin,1546250
1790921524.701,api,0.010
1790921524.701,client,0.000
1790921524.701,enginecore,31.940
1790921524.701,other_total,0.039
1790921524.701,store_0,0.000
1790921524.701,store_1,0.000
1790921524.701,store_2,0.000
1790921524.701,store_3,0.000
1790921524.701,avail_mb,29181
1790921524.701,pswpin,1546250
1790921525.733,api,0.000
1790921525.733,client,0.000
1790921525.733,enginecore,31.903
1790921525.733,other_total,0.000
1790921525.733,store_0,0.019
1790921525.733,store_1,0.000
1790921525.733,store_2,0.000
1790921525.733,store_3,0.000
1790921525.733,avail_mb,29183
1790921525.733,pswpin,1546250
1790921526.777,api,0.029
1790921526.777,client,0.000
1790921526.777,enginecore,31.885
1790921526.777,other_total,0.029
1790921526.777,store_0,0.000
1790921526.777,store_1,0.000
1790921526.777,store_2,0.000
1790921526.777,store_3,0.000
1790921526.777,avail_mb,29176
1790921526.777,pswpin,1546250
1790921527.811,api,0.000
1790921527.811,client,0.000
1790921527.811,enginecore,31.925
1790921527.811,other_total,0.068
1790921527.811,store_0,0.000
1790921527.811,store_1,0.000
1790921527.811,store_2,0.000
1790921527.811,store_3,0.000
1790921527.811,avail_mb,29176
1790921527.811,pswpin,1546250
1790921528.845,api,0.000
1790921528.845,client,0.000
1790921528.845,enginecore,31.869
1790921528.845,other_total,0.019
1790921528.845,store_0,0.000
1790921528.845,store_1,0.000
1790921528.845,store_2,0.029
1790921528.845,store_3,0.000
1790921528.845,avail_mb,29179
1790921528.845,pswpin,1546250
1790921529.883,api,0.000
1790921529.883,client,0.000
1790921529.883,enginecore,31.943
1790921529.883,other_total,0.039
1790921529.883,store_0,0.000
1790921529.883,store_1,0.000
1790921529.883,store_2,0.000
1790921529.883,store_3,0.000
1790921529.883,avail_mb,29175
1790921529.883,pswpin,1546250
1790921530.897,api,0.000
1790921530.897,client,0.000
1790921530.897,enginecore,31.900
1790921530.897,other_total,0.030
1790921530.897,store_0,0.000
1790921530.897,store_1,0.000
1790921530.897,store_2,0.000
1790921530.897,store_3,0.020
1790921530.897,avail_mb,29174
1790921530.897,pswpin,1546250
1790921531.911,api,0.000
1790921531.911,client,0.000
1790921531.911,enginecore,31.915
1790921531.911,other_total,0.010
1790921531.911,store_0,0.000
1790921531.911,store_1,0.030
1790921531.911,store_2,0.000
1790921531.911,store_3,0.000
1790921531.911,avail_mb,29174
1790921531.911,pswpin,1546250
1790921532.922,api,0.000
1790921532.922,client,0.000
1790921532.922,enginecore,31.889
1790921532.922,other_total,0.089
1790921532.922,store_0,0.000
1790921532.922,store_1,0.000
1790921532.922,store_2,0.000
1790921532.922,store_3,0.000
1790921532.922,avail_mb,29167
1790921532.922,pswpin,1546250
1790921533.938,api,0.000
1790921533.938,client,0.000
1790921533.938,enginecore,31.941
1790921533.938,other_total,0.000
1790921533.938,store_0,0.000
1790921533.938,store_1,0.000
1790921533.938,store_2,0.000
1790921533.938,store_3,0.000
1790921533.938,avail_mb,29166
1790921533.938,pswpin,1546250
1790921534.967,api,0.000
1790921534.967,client,0.000
1790921534.967,enginecore,31.893
1790921534.967,other_total,0.058
1790921534.967,store_0,0.000
1790921534.967,store_1,0.000
1790921534.967,store_2,0.019
1790921534.967,store_3,0.000
1790921534.967,avail_mb,29165
1790921534.967,pswpin,1546250
1790921535.998,api,0.000
1790921535.998,client,0.000
1790921535.998,enginecore,31.856
1790921535.998,other_total,0.058
1790921535.998,store_0,0.000
1790921535.998,store_1,0.019
1790921535.998,store_2,0.000
1790921535.998,store_3,0.000
1790921535.998,avail_mb,29164
1790921535.998,pswpin,1546250
1790921537.018,api,0.010
1790921537.018,client,0.000
1790921537.018,enginecore,31.906
1790921537.018,other_total,0.039
1790921537.018,store_0,0.000
1790921537.018,store_1,0.000
1790921537.018,store_2,0.000
1790921537.018,store_3,0.000
1790921537.018,avail_mb,29163
1790921537.018,pswpin,1546250
1790921538.041,api,0.000
1790921538.041,client,0.000
1790921538.041,enginecore,31.934
1790921538.041,other_total,0.039
1790921538.041,store_0,0.000
1790921538.041,store_1,0.000
1790921538.041,store_2,0.000
1790921538.041,store_3,0.000
1790921538.041,avail_mb,29163
1790921538.041,pswpin,1546250
1790921539.068,api,0.000
1790921539.068,client,0.000
1790921539.068,enginecore,31.913
1790921539.068,other_total,0.058
1790921539.068,store_0,0.000
1790921539.068,store_1,0.000
1790921539.068,store_2,0.000
1790921539.068,store_3,0.000
1790921539.068,avail_mb,29159
1790921539.068,pswpin,1546250
1790921540.100,api,0.000
1790921540.100,client,0.000
1790921540.100,enginecore,31.885
1790921540.100,other_total,0.058
1790921540.100,store_0,0.000
1790921540.100,store_1,0.000
1790921540.100,store_2,0.000
1790921540.100,store_3,0.019
1790921540.100,avail_mb,29161
1790921540.100,pswpin,1546250
1790921541.122,api,0.020
1790921541.122,client,0.010
1790921541.122,enginecore,31.898
1790921541.122,other_total,0.049
1790921541.122,store_0,0.000
1790921541.122,store_1,0.000
1790921541.122,store_2,0.000
1790921541.122,store_3,0.000
1790921541.122,avail_mb,29161
1790921541.122,pswpin,1546250
1790921542.147,api,0.020
1790921542.147,client,0.000
1790921542.147,enginecore,31.931
1790921542.147,other_total,0.000
1790921542.147,store_0,0.000
1790921542.147,store_1,0.000
1790921542.147,store_2,0.000
1790921542.147,store_3,0.000
1790921542.147,avail_mb,29159
1790921542.147,pswpin,1546250
1790921543.159,api,0.020
1790921543.159,client,0.000
1790921543.159,enginecore,27.509
1790921543.159,other_total,0.020
1790921543.159,store_0,0.069
1790921543.159,store_1,0.000
1790921543.159,store_2,0.000
1790921543.159,store_3,0.000
1790921543.159,avail_mb,29176
1790921543.159,pswpin,1546250
1790921544.169,api,0.069
1790921544.169,client,0.040
1790921544.169,enginecore,5.575
1790921544.169,other_total,0.000
1790921544.169,store_0,0.000
1790921544.169,store_1,0.000
1790921544.169,store_2,0.000
1790921544.169,store_3,0.000
1790921544.169,avail_mb,29173
1790921544.169,pswpin,1546250
1790921545.190,api,0.059
1790921545.190,client,0.010
1790921545.190,enginecore,15.866
1790921545.190,other_total,0.118
1790921545.190,store_0,0.000
1790921545.190,store_1,0.049
1790921545.190,store_2,0.059
1790921545.190,store_3,0.078
1790921545.190,avail_mb,29180
1790921545.190,pswpin,1546250
1790921546.222,api,0.029
1790921546.222,client,0.000
1790921546.222,enginecore,31.842
1790921546.222,other_total,0.039
1790921546.222,store_0,0.029
1790921546.222,store_1,0.000
1790921546.222,store_2,0.000
1790921546.222,store_3,0.000
1790921546.222,avail_mb,29177
1790921546.222,pswpin,1546250
1790921547.252,api,0.010
1790921547.252,client,0.000
1790921547.252,enginecore,31.856
1790921547.252,other_total,0.049
1790921547.252,store_0,0.000
1790921547.252,store_1,0.019
1790921547.252,store_2,0.029
1790921547.252,store_3,0.000
1790921547.252,avail_mb,29174
1790921547.252,pswpin,1546258
1790921548.286,api,0.000
1790921548.286,client,0.000
1790921548.286,enginecore,31.958
1790921548.286,other_total,0.039
1790921548.286,store_0,0.000
1790921548.286,store_1,0.000
1790921548.286,store_2,0.000
1790921548.286,store_3,0.000
1790921548.286,avail_mb,29170
1790921548.286,pswpin,1546258
1790921549.321,api,0.000
1790921549.321,client,0.000
1790921549.321,enginecore,31.958
1790921549.321,other_total,0.048
1790921549.321,store_0,0.000
1790921549.321,store_1,0.000
1790921549.321,store_2,0.000
1790921549.321,store_3,0.000
1790921549.321,avail_mb,29169
1790921549.321,pswpin,1546258
1790921550.352,api,0.000
1790921550.352,client,0.000
1790921550.352,enginecore,31.945
1790921550.352,other_total,0.019
1790921550.352,store_0,0.000
1790921550.352,store_1,0.000
1790921550.352,store_2,0.000
1790921550.352,store_3,0.000
1790921550.352,avail_mb,29169
1790921550.352,pswpin,1546268
1790921551.373,api,0.000
1790921551.373,client,0.000
1790921551.373,enginecore,31.752
1790921551.373,other_total,0.216
1790921551.373,store_0,0.000
1790921551.373,store_1,0.000
1790921551.373,store_2,0.000
1790921551.373,store_3,0.000
1790921551.373,avail_mb,29165
1790921551.373,pswpin,1546391
1790921552.399,api,0.000
1790921552.399,client,0.000
1790921552.399,enginecore,31.781
1790921552.399,other_total,0.195
1790921552.399,store_0,0.000
1790921552.399,store_1,0.000
1790921552.399,store_2,0.000
1790921552.399,store_3,0.000
1790921552.399,avail_mb,29160
1790921552.399,pswpin,1546859
1790921553.428,api,0.000
1790921553.428,client,0.000
1790921553.428,enginecore,31.696
1790921553.428,other_total,0.301
1790921553.428,store_0,0.000
1790921553.428,store_1,0.000
1790921553.428,store_2,0.000
1790921553.428,store_3,0.000
1790921553.428,avail_mb,29162
1790921553.428,pswpin,1546868
1790921554.447,api,0.049
1790921554.447,client,0.010
1790921554.447,enginecore,31.410
1790921554.447,other_total,0.265
1790921554.447,store_0,0.020
1790921554.447,store_1,0.000
1790921554.447,store_2,0.020
1790921554.447,store_3,0.020
1790921554.447,avail_mb,29057
1790921554.447,pswpin,1546892
1790921555.466,api,0.000
1790921555.466,client,0.010
1790921555.466,enginecore,31.343
1790921555.466,other_total,0.481
1790921555.466,store_0,0.000
1790921555.466,store_1,0.000
1790921555.466,store_2,0.000
1790921555.466,store_3,0.000
1790921555.466,avail_mb,29025
1790921555.466,pswpin,1547903
1790921556.491,api,0.020
1790921556.491,client,0.010
1790921556.491,enginecore,31.423
1790921556.491,other_total,0.107
1790921556.491,store_0,0.000
1790921556.491,store_1,0.000
1790921556.491,store_2,0.000
1790921556.491,store_3,0.000
1790921556.491,avail_mb,29025
1790921556.491,pswpin,1548036
1790921557.502,api,0.030
1790921557.502,client,0.000
1790921557.502,enginecore,31.729
1790921557.502,other_total,0.119
1790921557.502,store_0,0.000
1790921557.502,store_1,0.000
1790921557.502,store_2,0.020
1790921557.502,store_3,0.020
1790921557.502,avail_mb,29039
1790921557.502,pswpin,1548042
1790921558.534,api,0.000
1790921558.534,client,0.000
1790921558.534,enginecore,31.829
1790921558.534,other_total,0.000
1790921558.534,store_0,0.000
1790921558.534,store_1,0.010
1790921558.534,store_2,0.000
1790921558.534,store_3,0.000
1790921558.534,avail_mb,29042
1790921558.534,pswpin,1548047
1790921559.563,api,0.000
1790921559.563,client,0.000
1790921559.563,enginecore,31.211
1790921559.563,other_total,0.506
1790921559.563,store_0,0.000
1790921559.563,store_1,0.010
1790921559.563,store_2,0.000
1790921559.563,store_3,0.000
1790921559.563,avail_mb,29063
1790921559.563,pswpin,1548092
1790921560.579,api,0.010
1790921560.579,client,0.000
1790921560.579,enginecore,30.149
1790921560.579,other_total,1.722
1790921560.579,store_0,0.000
1790921560.579,store_1,0.000
1790921560.579,store_2,0.000
1790921560.579,store_3,0.000
1790921560.579,avail_mb,28975
1790921560.579,pswpin,1549931
1790921561.607,api,0.078
1790921561.607,client,0.039
1790921561.607,enginecore,25.038
1790921561.607,other_total,5.224
1790921561.607,store_0,0.000
1790921561.607,store_1,0.029
1790921561.607,store_2,0.049
1790921561.607,store_3,0.000
1790921561.607,avail_mb,28903
1790921561.607,pswpin,1550252
1790921562.627,api,0.049
1790921562.627,client,0.010
1790921562.627,enginecore,18.221
1790921562.627,other_total,0.304
1790921562.627,store_0,0.069
1790921562.627,store_1,0.000
1790921562.627,store_2,0.000
1790921562.627,store_3,0.088
1790921562.627,avail_mb,29079
1790921562.627,pswpin,1550286
1790921563.643,api,0.069
1790921563.643,client,0.049
1790921563.643,enginecore,7.191
1790921563.643,other_total,1.525
1790921563.643,store_0,0.000
1790921563.643,store_1,0.000
1790921563.643,store_2,0.039
1790921563.643,store_3,0.000
1790921563.643,avail_mb,29053
1790921563.643,pswpin,1550303
1790921564.672,api,0.068
1790921564.672,client,0.029
1790921564.672,enginecore,18.574
1790921564.672,other_total,0.399
1790921564.672,store_0,0.058
1790921564.672,store_1,0.078
1790921564.672,store_2,0.068
1790921564.672,store_3,0.039
1790921564.672,avail_mb,29058
1790921564.672,pswpin,1551493
1790921565.683,api,0.059
1790921565.683,client,0.030
1790921565.683,enginecore,14.722
1790921565.683,other_total,0.000
1790921565.683,store_0,0.000
1790921565.683,store_1,0.000
1790921565.683,store_2,0.000
1790921565.683,store_3,0.030
1790921565.683,avail_mb,29058
1790921565.683,pswpin,1551510
1790921566.698,api,0.089
1790921566.698,client,0.020
1790921566.698,enginecore,20.086
1790921566.698,other_total,0.108
1790921566.698,store_0,0.000
1790921566.698,store_1,0.089
1790921566.698,store_2,0.099
1790921566.698,store_3,0.000
1790921566.698,avail_mb,29112
1790921566.698,pswpin,1551516
1790921567.722,api,0.029
1790921567.722,client,0.010
1790921567.722,enginecore,31.797
1790921567.722,other_total,0.059
1790921567.722,store_0,0.020
1790921567.722,store_1,0.000
1790921567.722,store_2,0.000
1790921567.722,store_3,0.029
1790921567.722,avail_mb,29112
1790921567.722,pswpin,1551516
1790921568.745,api,0.000
1790921568.745,client,0.000
1790921568.745,enginecore,31.882
1790921568.745,other_total,0.029
1790921568.745,store_0,0.000
1790921568.745,store_1,0.020
1790921568.745,store_2,0.000
1790921568.745,store_3,0.000
1790921568.745,avail_mb,29116
1790921568.745,pswpin,1551516
1790921569.777,api,0.039
1790921569.777,client,0.010
1790921569.777,enginecore,31.798
1790921569.777,other_total,0.116
1790921569.777,store_0,0.000
1790921569.777,store_1,0.000
1790921569.777,store_2,0.000
1790921569.777,store_3,0.000
1790921569.777,avail_mb,29111
1790921569.777,pswpin,1551521
1790921570.807,api,0.000
1790921570.807,client,0.000
1790921570.807,enginecore,32.024
1790921570.807,other_total,0.000
1790921570.807,store_0,0.000
1790921570.807,store_1,0.000
1790921570.807,store_2,0.000
1790921570.807,store_3,0.000
1790921570.807,avail_mb,29112
1790921570.807,pswpin,1551521
1790921571.844,api,0.000
1790921571.844,client,0.000
1790921571.844,enginecore,31.934
1790921571.844,other_total,0.048
1790921571.844,store_0,0.000
1790921571.844,store_1,0.000
1790921571.844,store_2,0.000
1790921571.844,store_3,0.000
1790921571.844,avail_mb,29112
1790921571.844,pswpin,1551521
1790921572.879,api,0.000
1790921572.879,client,0.000
1790921572.879,enginecore,31.806
1790921572.879,other_total,0.058
1790921572.879,store_0,0.019
1790921572.879,store_1,0.000
1790921572.879,store_2,0.000
1790921572.879,store_3,0.029
1790921572.879,avail_mb,29108
1790921572.879,pswpin,1551521
1790921573.922,api,0.000
1790921573.922,client,0.000
1790921573.922,enginecore,31.728
1790921573.922,other_total,0.201
1790921573.922,store_0,0.000
1790921573.922,store_1,0.000
1790921573.922,store_2,0.000
1790921573.922,store_3,0.000
1790921573.922,avail_mb,29108
1790921573.922,pswpin,1551521
1790921574.952,api,0.000
1790921574.952,client,0.000
1790921574.952,enginecore,32.120
1790921574.952,other_total,0.000
1790921574.952,store_0,0.000
1790921574.952,store_1,0.019
1790921574.952,store_2,0.000
1790921574.952,store_3,0.000
1790921574.952,avail_mb,29114
1790921574.952,pswpin,1551521
1790921575.990,api,0.000
1790921575.990,client,0.000
1790921575.990,enginecore,31.874
1790921575.990,other_total,0.077
1790921575.990,store_0,0.000
1790921575.990,store_1,0.000
1790921575.990,store_2,0.019
1790921575.990,store_3,0.000
1790921575.990,avail_mb,29111
1790921575.990,pswpin,1551521
1790921577.026,api,0.029
1790921577.026,client,0.000
1790921577.026,enginecore,31.959
1790921577.026,other_total,0.010
1790921577.026,store_0,0.000
1790921577.026,store_1,0.000
1790921577.026,store_2,0.000
1790921577.026,store_3,0.000
1790921577.026,avail_mb,29110
1790921577.026,pswpin,1551521
1790921578.060,api,0.000
1790921578.060,client,0.000
1790921578.060,enginecore,31.945
1790921578.060,other_total,0.058
1790921578.060,store_0,0.000
1790921578.060,store_1,0.000
1790921578.060,store_2,0.000
1790921578.060,store_3,0.000
1790921578.060,avail_mb,29110
1790921578.060,pswpin,1551521
1790921579.083,api,0.000
1790921579.083,client,0.000
1790921579.083,enginecore,31.896
1790921579.083,other_total,0.039
1790921579.083,store_0,0.020
1790921579.083,store_1,0.000
1790921579.083,store_2,0.000
1790921579.083,store_3,0.020
1790921579.083,avail_mb,29111
1790921579.083,pswpin,1551521
1790921580.098,api,0.000
1790921580.098,client,0.000
1790921580.098,enginecore,31.893
1790921580.098,other_total,0.059
1790921580.098,store_0,0.000
1790921580.098,store_1,0.000
1790921580.098,store_2,0.020
1790921580.098,store_3,0.000
1790921580.098,avail_mb,29110
1790921580.098,pswpin,1551647
1790921581.114,api,0.000
1790921581.114,client,0.000
1790921581.114,enginecore,31.932
1790921581.114,other_total,0.039
1790921581.114,store_0,0.000
1790921581.114,store_1,0.030
1790921581.114,store_2,0.000
1790921581.114,store_3,0.000
1790921581.114,avail_mb,29120
1790921581.114,pswpin,1551647
1790921582.129,api,0.000
1790921582.129,client,0.000
1790921582.129,enginecore,31.878
1790921582.129,other_total,0.049
1790921582.129,store_0,0.000
1790921582.129,store_1,0.000
1790921582.129,store_2,0.000
1790921582.129,store_3,0.000
1790921582.129,avail_mb,29115
1790921582.129,pswpin,1551647
1790921583.152,api,0.020
1790921583.152,client,0.010
1790921583.152,enginecore,31.797
1790921583.152,other_total,0.000
1790921583.152,store_0,0.000
1790921583.152,store_1,0.000
1790921583.152,store_2,0.000
1790921583.152,store_3,0.000
1790921583.152,avail_mb,29113
1790921583.152,pswpin,1551647
1790921584.184,api,0.000
1790921584.184,client,0.000
1790921584.184,enginecore,31.835
1790921584.184,other_total,0.048
1790921584.184,store_0,0.029
1790921584.184,store_1,0.000
1790921584.184,store_2,0.029
1790921584.184,store_3,0.000
1790921584.184,avail_mb,29118
1790921584.184,pswpin,1551647
1790921585.224,api,0.000
1790921585.224,client,0.000
1790921585.224,enginecore,31.930
1790921585.224,other_total,0.058
1790921585.224,store_0,0.000
1790921585.224,store_1,0.000
1790921585.224,store_2,0.000
1790921585.224,store_3,0.000
1790921585.224,avail_mb,29114
1790921585.224,pswpin,1551647
1790921586.247,api,0.000
1790921586.247,client,0.000
1790921586.247,enginecore,31.906
1790921586.247,other_total,0.039
1790921586.247,store_0,0.000
1790921586.247,store_1,0.000
1790921586.247,store_2,0.000
1790921586.247,store_3,0.020
1790921586.247,avail_mb,29115
1790921586.247,pswpin,1551647
1790921587.281,api,0.019
1790921587.281,client,0.000
1790921587.281,enginecore,31.865
1790921587.281,other_total,0.000
1790921587.281,store_0,0.000
1790921587.281,store_1,0.000
1790921587.281,store_2,0.000
1790921587.281,store_3,0.000
1790921587.281,avail_mb,29117
1790921587.281,pswpin,1551647
1790921588.310,api,0.000
1790921588.310,client,0.000
1790921588.310,enginecore,31.904
1790921588.310,other_total,0.087
1790921588.310,store_0,0.000
1790921588.310,store_1,0.000
1790921588.310,store_2,0.000
1790921588.310,store_3,0.000
1790921588.310,avail_mb,29116
1790921588.310,pswpin,1551647
1790921589.326,api,0.010
1790921589.326,client,0.000
1790921589.326,enginecore,31.977
1790921589.326,other_total,0.020
1790921589.326,store_0,0.000
1790921589.326,store_1,0.000
1790921589.326,store_2,0.000
1790921589.326,store_3,0.000
1790921589.326,avail_mb,29115
1790921589.326,pswpin,1551647
1790921590.350,api,0.020
1790921590.350,client,0.000
1790921590.350,enginecore,30.603
1790921590.350,other_total,0.029
1790921590.350,store_0,0.020
1790921590.350,store_1,0.000
1790921590.350,store_2,0.029
1790921590.350,store_3,0.000
1790921590.350,avail_mb,29130
1790921590.350,pswpin,1551647
1790921591.360,api,0.049
1790921591.360,client,0.020
1790921591.360,enginecore,17.752
1790921591.360,other_total,0.000
1790921591.360,store_0,0.099
1790921591.360,store_1,0.020
1790921591.360,store_2,0.020
1790921591.360,store_3,0.000
1790921591.360,avail_mb,29135
1790921591.360,pswpin,1551647
1790921592.370,api,0.059
1790921592.370,client,0.020
1790921592.370,enginecore,15.608
1790921592.370,other_total,0.079
1790921592.370,store_0,0.000
1790921592.370,store_1,0.059
1790921592.370,store_2,0.000
1790921592.370,store_3,0.079
1790921592.370,avail_mb,29137
1790921592.370,pswpin,1551647
1790921593.383,api,0.059
1790921593.383,client,0.030
1790921593.383,enginecore,12.651
1790921593.383,other_total,0.000
1790921593.383,store_0,0.059
1790921593.383,store_1,0.000
1790921593.383,store_2,0.079
1790921593.383,store_3,0.000
1790921593.383,avail_mb,29139
1790921593.383,pswpin,1551647
1790921594.395,api,0.069
1790921594.395,client,0.020
1790921594.395,enginecore,13.536
1790921594.395,other_total,0.020
1790921594.395,store_0,0.040
1790921594.395,store_1,0.089
1790921594.395,store_2,0.000
1790921594.395,store_3,0.049
1790921594.395,avail_mb,29131
1790921594.395,pswpin,1551647
1790921595.407,api,0.069
1790921595.407,client,0.030
1790921595.407,enginecore,11.969
1790921595.407,other_total,0.000
1790921595.407,store_0,0.000
1790921595.407,store_1,0.000
1790921595.407,store_2,0.079
1790921595.407,store_3,0.040
1790921595.407,avail_mb,29131
1790921595.407,pswpin,1551647
1790921596.420,api,0.069
1790921596.420,client,0.000
1790921596.420,enginecore,13.582
1790921596.420,other_total,0.059
1790921596.420,store_0,0.049
1790921596.420,store_1,0.079
1790921596.420,store_2,0.000
1790921596.420,store_3,0.000
1790921596.420,avail_mb,29131
1790921596.420,pswpin,1551647
1790921597.430,api,0.059
1790921597.430,client,0.030
1790921597.430,enginecore,18.877
1790921597.430,other_total,0.020
1790921597.430,store_0,0.000
1790921597.430,store_1,0.030
1790921597.430,store_2,0.079
1790921597.430,store_3,0.089
1790921597.430,avail_mb,29124
1790921597.430,pswpin,1551647
1790921598.440,api,0.069
1790921598.440,client,0.010
1790921598.440,enginecore,8.406
1790921598.440,other_total,0.000
1790921598.440,store_0,0.059
1790921598.440,store_1,0.000
1790921598.440,store_2,0.000
1790921598.440,store_3,0.000
1790921598.440,avail_mb,29124
1790921598.440,pswpin,1551647
1790921599.469,api,0.068
1790921599.469,client,0.058
1790921599.469,enginecore,12.317
1790921599.469,other_total,0.078
1790921599.469,store_0,0.019
1790921599.469,store_1,0.019
1790921599.469,store_2,0.000
1790921599.469,store_3,0.078
1790921599.469,avail_mb,29122
1790921599.469,pswpin,1551647
1790921600.481,api,0.049
1790921600.481,client,0.020
1790921600.481,enginecore,14.356
1790921600.481,other_total,0.000
1790921600.481,store_0,0.030
1790921600.481,store_1,0.000
1790921600.481,store_2,0.109
1790921600.481,store_3,0.000
1790921600.481,avail_mb,29115
1790921600.481,pswpin,1551647
1790921601.492,api,0.059
1790921601.492,client,0.030
1790921601.492,enginecore,17.450
1790921601.492,other_total,0.000
1790921601.492,store_0,0.059
1790921601.492,store_1,0.079
1790921601.492,store_2,0.000
1790921601.492,store_3,0.020
1790921601.492,avail_mb,29124
1790921601.492,pswpin,1551655
1790921602.501,api,0.079
1790921602.501,client,0.000
1790921602.501,enginecore,11.627
1790921602.501,other_total,0.040
1790921602.501,store_0,0.000
1790921602.501,store_1,0.000
1790921602.501,store_2,0.040
1790921602.501,store_3,0.020
1790921602.501,avail_mb,29119
1790921602.501,pswpin,1551655
1790921603.514,api,0.049
1790921603.514,client,0.039
1790921603.514,enginecore,12.540
1790921603.514,other_total,0.039
1790921603.514,store_0,0.039
1790921603.514,store_1,0.069
1790921603.514,store_2,0.000
1790921603.514,store_3,0.000
1790921603.514,avail_mb,29114
1790921603.514,pswpin,1551655
1790921604.525,api,0.049
1790921604.525,client,0.010
1790921604.525,enginecore,17.606
1790921604.525,other_total,0.030
1790921604.525,store_0,0.000
1790921604.525,store_1,0.030
1790921604.525,store_2,0.059
1790921604.525,store_3,0.069
1790921604.525,avail_mb,29122
1790921604.525,pswpin,1551656
1790921605.534,api,0.059
1790921605.534,client,0.030
1790921605.534,enginecore,8.863
1790921605.534,other_total,0.000
1790921605.534,store_0,0.040
1790921605.534,store_1,0.000
1790921605.534,store_2,0.010
1790921605.534,store_3,0.000
1790921605.534,avail_mb,29122
1790921605.534,pswpin,1551656
1790921606.545,api,0.089
1790921606.545,client,0.010
1790921606.545,enginecore,12.919
1790921606.545,other_total,0.040
1790921606.545,store_0,0.000
1790921606.545,store_1,0.020
1790921606.545,store_2,0.000
1790921606.545,store_3,0.099
1790921606.545,avail_mb,29121
1790921606.545,pswpin,1551656
1790921607.558,api,0.059
1790921607.558,client,0.049
1790921607.558,enginecore,14.628
1790921607.558,other_total,0.118
1790921607.558,store_0,0.069
1790921607.558,store_1,0.000
1790921607.558,store_2,0.079
1790921607.558,store_3,0.000
1790921607.558,avail_mb,29119
1790921607.558,pswpin,1551685
1790921608.571,api,0.049
1790921608.571,client,0.010
1790921608.571,enginecore,12.531
1790921608.571,other_total,0.049
1790921608.571,store_0,0.030
1790921608.571,store_1,0.069
1790921608.571,store_2,0.000
1790921608.571,store_3,0.000
1790921608.571,avail_mb,29115
1790921608.571,pswpin,1551685
1790921609.581,api,0.069
1790921609.581,client,0.040
1790921609.581,enginecore,14.404
1790921609.581,other_total,0.000
1790921609.581,store_0,0.000
1790921609.581,store_1,0.000
1790921609.581,store_2,0.079
1790921609.581,store_3,0.040
1790921609.581,avail_mb,29106
1790921609.581,pswpin,1551685
1790921610.591,api,0.069
1790921610.591,client,0.000
1790921610.591,enginecore,14.786
1790921610.591,other_total,0.149
1790921610.591,store_0,0.079
1790921610.591,store_1,0.050
1790921610.591,store_2,0.000
1790921610.591,store_3,0.000
1790921610.591,avail_mb,29106
1790921610.591,pswpin,1551685
1790921611.603,api,0.069
1790921611.603,client,0.020
1790921611.603,enginecore,11.540
1790921611.603,other_total,0.000
1790921611.603,store_0,0.000
1790921611.603,store_1,0.000
1790921611.603,store_2,0.030
1790921611.603,store_3,0.079
1790921611.603,avail_mb,29109
1790921611.603,pswpin,1551685
1790921612.626,api,0.059
1790921612.626,client,0.020
1790921612.626,enginecore,15.735
1790921612.626,other_total,0.059
1790921612.626,store_0,0.059
1790921612.626,store_1,0.059
1790921612.626,store_2,0.068
1790921612.626,store_3,0.000
1790921612.626,avail_mb,29113
1790921612.626,pswpin,1551685
1790921613.635,api,0.050
1790921613.635,client,0.020
1790921613.635,enginecore,14.094
1790921613.635,other_total,0.000
1790921613.635,store_0,0.000
1790921613.635,store_1,0.020
1790921613.635,store_2,0.000
1790921613.635,store_3,0.079
1790921613.635,avail_mb,29114
1790921613.635,pswpin,1551685
1790921614.645,api,0.059
1790921614.645,client,0.030
1790921614.645,enginecore,11.028
1790921614.645,other_total,0.040
1790921614.645,store_0,0.040
1790921614.645,store_1,0.000
1790921614.645,store_2,0.059
1790921614.645,store_3,0.000
1790921614.645,avail_mb,29114
1790921614.645,pswpin,1551685
1790921615.658,api,0.059
1790921615.658,client,0.020
1790921615.658,enginecore,15.463
1790921615.658,other_total,0.069
1790921615.658,store_0,0.030
1790921615.658,store_1,0.079
1790921615.658,store_2,0.000
1790921615.658,store_3,0.020
1790921615.658,avail_mb,29104
1790921615.658,pswpin,1551685
1790921616.668,api,0.079
1790921616.668,client,0.040
1790921616.668,enginecore,14.129
1790921616.668,other_total,0.000
1790921616.668,store_0,0.020
1790921616.668,store_1,0.000
1790921616.668,store_2,0.040
1790921616.668,store_3,0.030
1790921616.668,avail_mb,29104
1790921616.668,pswpin,1551685
1790921617.680,api,0.059
1790921617.680,client,0.020
1790921617.680,enginecore,9.642
1790921617.680,other_total,0.079
1790921617.680,store_0,0.030
1790921617.680,store_1,0.059
1790921617.680,store_2,0.000
1790921617.680,store_3,0.000
1790921617.680,avail_mb,29106
1790921617.680,pswpin,1551685
1790921618.691,api,0.069
1790921618.691,client,0.030
1790921618.691,enginecore,22.200
1790921618.691,other_total,0.000
1790921618.691,store_0,0.059
1790921618.691,store_1,0.030
1790921618.691,store_2,0.049
1790921618.691,store_3,0.059
1790921618.691,avail_mb,29101
1790921618.691,pswpin,1551685
1790921619.703,api,0.059
1790921619.703,client,0.030
1790921619.703,enginecore,6.539
1790921619.703,other_total,0.069
1790921619.703,store_0,0.030
1790921619.703,store_1,0.020
1790921619.703,store_2,0.000
1790921619.703,store_3,0.000
1790921619.703,avail_mb,29107
1790921619.703,pswpin,1551685
1790921620.714,api,0.079
1790921620.714,client,0.020
1790921620.714,enginecore,13.323
1790921620.714,other_total,0.000
1790921620.714,store_0,0.030
1790921620.714,store_1,0.020
1790921620.714,store_2,0.010
1790921620.714,store_3,0.069
1790921620.714,avail_mb,29104
1790921620.714,pswpin,1551685
1790921621.726,api,0.059
1790921621.726,client,0.020
1790921621.726,enginecore,16.964
1790921621.726,other_total,0.059
1790921621.726,store_0,0.079
1790921621.726,store_1,0.000
1790921621.726,store_2,0.059
1790921621.726,store_3,0.000
1790921621.726,avail_mb,29100
1790921621.726,pswpin,1551685
1790921622.739,api,0.049
1790921622.739,client,0.020
1790921622.739,enginecore,15.133
1790921622.739,other_total,0.049
1790921622.739,store_0,0.000
1790921622.739,store_1,0.079
1790921622.739,store_2,0.000
1790921622.739,store_3,0.049
1790921622.739,avail_mb,29104
1790921622.739,pswpin,1551685
1790921623.750,api,0.069
1790921623.750,client,0.010
1790921623.750,enginecore,13.116
1790921623.750,other_total,0.079
1790921623.750,store_0,0.059
1790921623.750,store_1,0.000
1790921623.750,store_2,0.079
1790921623.750,store_3,0.000
1790921623.750,avail_mb,29101
1790921623.750,pswpin,1551685
1790921624.762,api,0.049
1790921624.762,client,0.030
1790921624.762,enginecore,12.745
1790921624.762,other_total,0.049
1790921624.762,store_0,0.049
1790921624.762,store_1,0.069
1790921624.762,store_2,0.000
1790921624.762,store_3,0.030
1790921624.762,avail_mb,29096
1790921624.762,pswpin,1551685
1790921625.776,api,0.049
1790921625.776,client,0.030
1790921625.776,enginecore,14.584
1790921625.776,other_total,0.039
1790921625.776,store_0,0.039
1790921625.776,store_1,0.000
1790921625.776,store_2,0.059
1790921625.776,store_3,0.039
1790921625.776,avail_mb,29100
1790921625.776,pswpin,1551685
1790921626.788,api,0.089
1790921626.788,client,0.030
1790921626.788,enginecore,16.782
1790921626.788,other_total,0.000
1790921626.788,store_0,0.059
1790921626.788,store_1,0.079
1790921626.788,store_2,0.020
1790921626.788,store_3,0.000
1790921626.788,avail_mb,29102
1790921626.788,pswpin,1551685
1790921627.798,api,0.069
1790921627.798,client,0.010
1790921627.798,enginecore,10.871
1790921627.798,other_total,0.030
1790921627.798,store_0,0.000
1790921627.798,store_1,0.000
1790921627.798,store_2,0.000
1790921627.798,store_3,0.079
1790921627.798,avail_mb,29089
1790921627.798,pswpin,1551685
1790921628.810,api,0.079
1790921628.810,client,0.020
1790921628.810,enginecore,15.332
1790921628.810,other_total,0.030
1790921628.810,store_0,0.089
1790921628.810,store_1,0.040
1790921628.810,store_2,0.079
1790921628.810,store_3,0.000
1790921628.810,avail_mb,29095
1790921628.810,pswpin,1551685
1790921629.820,api,0.059
1790921629.820,client,0.020
1790921629.820,enginecore,12.645
1790921629.820,other_total,0.000
1790921629.820,store_0,0.000
1790921629.820,store_1,0.040
1790921629.820,store_2,0.000
1790921629.820,store_3,0.079
1790921629.820,avail_mb,29088
1790921629.820,pswpin,1551685
1790921630.830,api,0.059
1790921630.830,client,0.020
1790921630.830,enginecore,11.757
1790921630.830,other_total,0.099
1790921630.830,store_0,0.020
1790921630.830,store_1,0.000
1790921630.830,store_2,0.089
1790921630.830,store_3,0.000
1790921630.830,avail_mb,29085
1790921630.830,pswpin,1551685
1790921631.842,api,0.059
1790921631.842,client,0.030
1790921631.842,enginecore,21.153
1790921631.842,other_total,0.020
1790921631.842,store_0,0.079
1790921631.842,store_1,0.099
1790921631.842,store_2,0.000
1790921631.842,store_3,0.049
1790921631.842,avail_mb,29086
1790921631.842,pswpin,1551685
1790921632.854,api,0.049
1790921632.854,client,0.000
1790921632.854,enginecore,11.263
1790921632.854,other_total,0.049
1790921632.854,store_0,0.000
1790921632.854,store_1,0.000
1790921632.854,store_2,0.059
1790921632.854,store_3,0.049
1790921632.854,avail_mb,29083
1790921632.854,pswpin,1551685
1790921633.867,api,0.069
1790921633.867,client,0.049
1790921633.867,enginecore,13.153
1790921633.867,other_total,0.000
1790921633.867,store_0,0.049
1790921633.867,store_1,0.039
1790921633.867,store_2,0.030
1790921633.867,store_3,0.000
1790921633.867,avail_mb,29079
1790921633.867,pswpin,1551685
1790921634.877,api,0.069
1790921634.877,client,0.010
1790921634.877,enginecore,15.897
1790921634.877,other_total,0.010
1790921634.877,store_0,0.000
1790921634.877,store_1,0.069
1790921634.877,store_2,0.000
1790921634.877,store_3,0.099
1790921634.877,avail_mb,29077
1790921634.877,pswpin,1551685
1790921635.888,api,0.069
1790921635.888,client,0.040
1790921635.888,enginecore,12.855
1790921635.888,other_total,0.000
1790921635.888,store_0,0.049
1790921635.888,store_1,0.000
1790921635.888,store_2,0.069
1790921635.888,store_3,0.000
1790921635.888,avail_mb,29083
1790921635.888,pswpin,1551685
1790921636.901,api,0.069
1790921636.901,client,0.030
1790921636.901,enginecore,11.613
1790921636.901,other_total,0.089
1790921636.901,store_0,0.000
1790921636.901,store_1,0.079
1790921636.901,store_2,0.000
1790921636.901,store_3,0.059
1790921636.901,avail_mb,29081
1790921636.901,pswpin,1551685
1790921637.914,api,0.069
1790921637.914,client,0.010
1790921637.914,enginecore,16.162
1790921637.914,other_total,0.000
1790921637.914,store_0,0.069
1790921637.914,store_1,0.000
1790921637.914,store_2,0.079
1790921637.914,store_3,0.049
1790921637.914,avail_mb,29084
1790921637.914,pswpin,1551685
1790921638.925,api,0.049
1790921638.925,client,0.010
1790921638.925,enginecore,12.608
1790921638.925,other_total,0.000
1790921638.925,store_0,0.020
1790921638.925,store_1,0.079
1790921638.925,store_2,0.000
1790921638.925,store_3,0.000
1790921638.925,avail_mb,29088
1790921638.925,pswpin,1551685
1790921639.938,api,0.069
1790921639.938,client,0.030
1790921639.938,enginecore,12.421
1790921639.938,other_total,0.059
1790921639.938,store_0,0.000
1790921639.938,store_1,0.000
1790921639.938,store_2,0.059
1790921639.938,store_3,0.059
1790921639.938,avail_mb,29086
1790921639.938,pswpin,1551685
1790921640.951,api,0.069
1790921640.951,client,0.020
1790921640.951,enginecore,17.003
1790921640.951,other_total,0.049
1790921640.951,store_0,0.118
1790921640.951,store_1,0.049
1790921640.951,store_2,0.039
1790921640.951,store_3,0.000
1790921640.951,avail_mb,29086
1790921640.951,pswpin,1551685
1790921641.960,api,0.059
1790921641.960,client,0.040
1790921641.960,enginecore,14.338
1790921641.960,other_total,0.000
1790921641.960,store_0,0.000
1790921641.960,store_1,0.059
1790921641.960,store_2,0.000
1790921641.960,store_3,0.119
1790921641.960,avail_mb,29083
1790921641.960,pswpin,1551685
1790921642.970,api,0.059
1790921642.970,client,0.010
1790921642.970,enginecore,9.170
1790921642.970,other_total,0.069
1790921642.970,store_0,0.050
1790921642.970,store_1,0.000
1790921642.970,store_2,0.010
1790921642.970,store_3,0.000
1790921642.970,avail_mb,29064
1790921642.970,pswpin,1551685
1790921643.982,api,0.069
1790921643.982,client,0.020
1790921643.982,enginecore,11.685
1790921643.982,other_total,0.010
1790921643.982,store_0,0.000
1790921643.982,store_1,0.049
1790921643.982,store_2,0.000
1790921643.982,store_3,0.020
1790921643.982,avail_mb,29065
1790921643.982,pswpin,1551685
1790921644.994,api,0.049
1790921644.994,client,0.030
1790921644.994,enginecore,7.900
1790921644.994,other_total,0.030
1790921644.994,store_0,0.049
1790921644.994,store_1,0.030
1790921644.994,store_2,0.000
1790921644.994,store_3,0.000
1790921644.994,avail_mb,29060
1790921644.994,pswpin,1551685
1790921646.004,api,0.059
1790921646.004,client,0.020
1790921646.004,enginecore,11.815
1790921646.004,other_total,0.010
1790921646.004,store_0,0.000
1790921646.004,store_1,0.030
1790921646.004,store_2,0.000
1790921646.004,store_3,0.099
1790921646.004,avail_mb,29059
1790921646.004,pswpin,1551685
1790921647.017,api,0.059
1790921647.017,client,0.030
1790921647.017,enginecore,9.668
1790921647.017,other_total,0.059
1790921647.017,store_0,0.089
1790921647.017,store_1,0.089
1790921647.017,store_2,0.000
1790921647.017,store_3,0.000
1790921647.017,avail_mb,29061
1790921647.017,pswpin,1551685
1790921648.027,api,0.059
1790921648.027,client,0.030
1790921648.027,enginecore,11.151
1790921648.027,other_total,0.000
1790921648.027,store_0,0.000
1790921648.027,store_1,0.020
1790921648.027,store_2,0.000
1790921648.027,store_3,0.099
1790921648.027,avail_mb,29062
1790921648.027,pswpin,1551685
1790921649.039,api,0.069
1790921649.039,client,0.000
1790921649.039,enginecore,12.393
1790921649.039,other_total,0.109
1790921649.039,store_0,0.079
1790921649.039,store_1,0.079
1790921649.039,store_2,0.000
1790921649.039,store_3,0.000
1790921649.039,avail_mb,29057
1790921649.039,pswpin,1551697
1790921650.050,api,0.059
1790921650.050,client,0.030
1790921650.050,enginecore,7.260
1790921650.050,other_total,0.020
1790921650.050,store_0,0.000
1790921650.050,store_1,0.000
1790921650.050,store_2,0.000
1790921650.050,store_3,0.079
1790921650.050,avail_mb,29056
1790921650.050,pswpin,1551697
1790921651.062,api,0.059
1790921651.062,client,0.010
1790921651.062,enginecore,13.467
1790921651.062,other_total,0.030
1790921651.062,store_0,0.069
1790921651.062,store_1,0.059
1790921651.062,store_2,0.000
1790921651.062,store_3,0.030
1790921651.062,avail_mb,29060
1790921651.062,pswpin,1551697
1790921652.075,api,0.049
1790921652.075,client,0.020
1790921652.075,enginecore,8.475
1790921652.075,other_total,0.099
1790921652.075,store_0,0.000
1790921652.075,store_1,0.000
1790921652.075,store_2,0.000
1790921652.075,store_3,0.049
1790921652.075,avail_mb,29053
1790921652.075,pswpin,1551697
1790921653.096,api,0.049
1790921653.096,client,0.020
1790921653.096,enginecore,22.025
1790921653.096,other_total,0.039
1790921653.096,store_0,0.049
1790921653.096,store_1,0.059
1790921653.096,store_2,0.098
1790921653.096,store_3,0.029
1790921653.096,avail_mb,28993
1790921653.096,pswpin,1551697
1790921654.126,api,0.019
1790921654.126,client,0.000
1790921654.126,enginecore,31.922
1790921654.126,other_total,0.019
1790921654.126,store_0,0.000
1790921654.126,store_1,0.000
1790921654.126,store_2,0.029
1790921654.126,store_3,0.000
1790921654.126,avail_mb,28992
1790921654.126,pswpin,1551697
1790921655.157,api,0.000
1790921655.157,client,0.000
1790921655.157,enginecore,31.875
1790921655.157,other_total,0.039
1790921655.157,store_0,0.000
1790921655.157,store_1,0.000
1790921655.157,store_2,0.000
1790921655.157,store_3,0.000
1790921655.157,avail_mb,28983
1790921655.157,pswpin,1551697
1790921656.193,api,0.019
1790921656.193,client,0.000
1790921656.193,enginecore,31.954
1790921656.193,other_total,0.029
1790921656.193,store_0,0.000
1790921656.193,store_1,0.000
1790921656.193,store_2,0.000
1790921656.193,store_3,0.000
1790921656.193,avail_mb,28983
1790921656.193,pswpin,1551697
1790921657.212,api,0.039
1790921657.212,client,0.010
1790921657.212,enginecore,31.757
1790921657.212,other_total,0.128
1790921657.212,store_0,0.000
1790921657.212,store_1,0.020
1790921657.212,store_2,0.000
1790921657.212,store_3,0.000
1790921657.212,avail_mb,28986
1790921657.212,pswpin,1551697
1790921658.236,api,0.010
1790921658.236,client,0.000
1790921658.236,enginecore,31.991
1790921658.236,other_total,0.000
1790921658.236,store_0,0.000
1790921658.236,store_1,0.000
1790921658.236,store_2,0.000
1790921658.236,store_3,0.000
1790921658.236,avail_mb,28983
1790921658.236,pswpin,1551697
1790921659.271,api,0.000
1790921659.271,client,0.000
1790921659.271,enginecore,31.809
1790921659.271,other_total,0.126
1790921659.271,store_0,0.029
1790921659.271,store_1,0.000
1790921659.271,store_2,0.000
1790921659.271,store_3,0.000
1790921659.271,avail_mb,28983
1790921659.271,pswpin,1551697
1790921660.304,api,0.000
1790921660.304,client,0.010
1790921660.304,enginecore,32.017
1790921660.304,other_total,0.000
1790921660.304,store_0,0.000
1790921660.304,store_1,0.000
1790921660.304,store_2,0.010
1790921660.304,store_3,0.019
1790921660.304,avail_mb,28985
1790921660.304,pswpin,1551697
1790921661.341,api,0.000
1790921661.341,client,0.000
1790921661.341,enginecore,31.882
1790921661.341,other_total,0.068
1790921661.341,store_0,0.000
1790921661.341,store_1,0.000
1790921661.341,store_2,0.000
1790921661.341,store_3,0.000
1790921661.341,avail_mb,28978
1790921661.341,pswpin,1551697
1790921662.375,api,0.000
1790921662.375,client,0.000
1790921662.375,enginecore,31.961
1790921662.375,other_total,0.000
1790921662.375,store_0,0.000
1790921662.375,store_1,0.000
1790921662.375,store_2,0.000
1790921662.375,store_3,0.000
1790921662.375,avail_mb,28979
1790921662.375,pswpin,1551697
1790921663.406,api,0.000
1790921663.406,client,0.000
1790921663.406,enginecore,31.913
1790921663.406,other_total,0.048
1790921663.406,store_0,0.000
1790921663.406,store_1,0.000
1790921663.406,store_2,0.000
1790921663.406,store_3,0.000
1790921663.406,avail_mb,28978
1790921663.406,pswpin,1551697
1790921664.454,api,0.010
1790921664.454,client,0.000
1790921664.454,enginecore,31.911
1790921664.454,other_total,0.048
1790921664.454,store_0,0.000
1790921664.454,store_1,0.000
1790921664.454,store_2,0.000
1790921664.454,store_3,0.000
1790921664.454,avail_mb,28978
1790921664.454,pswpin,1551771
1790921665.488,api,0.000
1790921665.488,client,0.000
1790921665.488,enginecore,31.763
1790921665.488,other_total,0.058
1790921665.488,store_0,0.000
1790921665.488,store_1,0.000
1790921665.488,store_2,0.019
1790921665.488,store_3,0.019
1790921665.488,avail_mb,28982
1790921665.488,pswpin,1551771
1790921666.523,api,0.000
1790921666.523,client,0.000
1790921666.523,enginecore,31.974
1790921666.523,other_total,0.019
1790921666.523,store_0,0.000
1790921666.523,store_1,0.000
1790921666.523,store_2,0.000
1790921666.523,store_3,0.000
1790921666.523,avail_mb,28981
1790921666.523,pswpin,1551771
1790921667.546,api,0.000
1790921667.546,client,0.000
1790921667.546,enginecore,31.858
1790921667.546,other_total,0.088
1790921667.546,store_0,0.029
1790921667.546,store_1,0.000
1790921667.546,store_2,0.000
1790921667.546,store_3,0.000
1790921667.546,avail_mb,28976
1790921667.546,pswpin,1551771
1790921668.572,api,0.010
1790921668.572,client,0.000
1790921668.572,enginecore,31.945
1790921668.572,other_total,0.029
1790921668.572,store_0,0.000
1790921668.572,store_1,0.000
1790921668.572,store_2,0.000
1790921668.572,store_3,0.000
1790921668.572,avail_mb,28974
1790921668.572,pswpin,1551771
1790921669.590,api,0.000
1790921669.590,client,0.000
1790921669.590,enginecore,31.889
1790921669.590,other_total,0.098
1790921669.590,store_0,0.000
1790921669.590,store_1,0.000
1790921669.590,store_2,0.000
1790921669.590,store_3,0.000
1790921669.590,avail_mb,29016
1790921669.590,pswpin,1551773
1790921670.620,api,0.000
1790921670.620,client,0.000
1790921670.620,enginecore,31.798
1790921670.620,other_total,0.068
1790921670.620,store_0,0.000
1790921670.620,store_1,0.019
1790921670.620,store_2,0.000
1790921670.620,store_3,0.019
1790921670.620,avail_mb,29019
1790921670.620,pswpin,1551773
1790921671.659,api,0.010
1790921671.659,client,0.000
1790921671.659,enginecore,31.991
1790921671.659,other_total,0.000
1790921671.659,store_0,0.000
1790921671.659,store_1,0.000
1790921671.659,store_2,0.000
1790921671.659,store_3,0.000
1790921671.659,avail_mb,29020
1790921671.659,pswpin,1551773
1790921672.694,api,0.000
1790921672.694,client,0.000
1790921672.694,enginecore,31.950
1790921672.694,other_total,0.029
1790921672.694,store_0,0.000
1790921672.694,store_1,0.000
1790921672.694,store_2,0.010
1790921672.694,store_3,0.000
1790921672.694,avail_mb,29017
1790921672.694,pswpin,1551773
1790921673.715,api,0.010
1790921673.715,client,0.000
1790921673.715,enginecore,31.892
1790921673.715,other_total,0.078
1790921673.715,store_0,0.000
1790921673.715,store_1,0.000
1790921673.715,store_2,0.020
1790921673.715,store_3,0.000
1790921673.715,avail_mb,29010
1790921673.715,pswpin,1551773
1790921674.740,api,0.010
1790921674.740,client,0.000
1790921674.740,enginecore,31.404
1790921674.740,other_total,0.039
1790921674.740,store_0,0.000
1790921674.740,store_1,0.039
1790921674.740,store_2,0.000
1790921674.740,store_3,0.039
1790921674.740,avail_mb,29014
1790921674.740,pswpin,1551773
1790921675.763,api,0.000
1790921675.763,client,0.000
1790921675.763,enginecore,31.889
1790921675.763,other_total,0.068
1790921675.763,store_0,0.000
1790921675.763,store_1,0.000
1790921675.763,store_2,0.000
1790921675.763,store_3,0.000
1790921675.763,avail_mb,29062
1790921675.763,pswpin,1551773
1790921676.774,api,0.030
1790921676.774,client,0.020
1790921676.774,enginecore,14.088
1790921676.774,other_total,0.040
1790921676.774,store_0,0.000
1790921676.774,store_1,0.089
1790921676.774,store_2,0.000
1790921676.774,store_3,0.109
1790921676.774,avail_mb,29074
1790921676.774,pswpin,1551773
1790921677.784,api,0.050
1790921677.784,client,0.030
1790921677.784,enginecore,7.736
1790921677.784,other_total,0.000
1790921677.784,store_0,0.000
1790921677.784,store_1,0.040
1790921677.784,store_2,0.000
1790921677.784,store_3,0.059
1790921677.784,avail_mb,29086
1790921677.784,pswpin,1551773
1790921678.793,api,0.030
1790921678.793,enginecore,2.200
1790921678.793,other_total,0.109
1790921678.793,store_0,0.000
1790921678.793,store_1,0.030
1790921678.793,store_2,0.000
1790921678.793,store_3,0.000
1790921678.793,avail_mb,29176
1790921678.793,pswpin,1551773
1790921679.803,api,0.000
1790921679.803,enginecore,0.020
1790921679.803,other_total,0.040
1790921679.803,store_0,0.000
1790921679.803,store_1,0.000
1790921679.803,store_2,0.000
1790921679.803,store_3,0.000
1790921679.803,avail_mb,29170
1790921679.803,pswpin,1551773
1790921680.814,api,0.000
1790921680.814,enginecore,0.010
1790921680.814,other_total,0.030
1790921680.814,store_0,0.000
1790921680.814,store_1,0.000
1790921680.814,store_2,0.000
1790921680.814,store_3,0.000
1790921680.814,avail_mb,29169
1790921680.814,pswpin,1551773
1790921681.823,api,0.000
1790921681.823,enginecore,0.020
1790921681.823,other_total,0.000
1790921681.823,store_0,0.000
1790921681.823,store_1,0.000
1790921681.823,store_2,0.000
1790921681.823,store_3,0.000
1790921681.823,avail_mb,29169
1790921681.823,pswpin,1551773
1790921682.834,api,0.000
1790921682.834,enginecore,0.010
1790921682.834,other_total,0.099
1790921682.834,store_0,0.000
1790921682.834,store_1,0.000
1790921682.834,store_2,0.000
1790921682.834,store_3,0.000
1790921682.834,avail_mb,29163
1790921682.834,pswpin,1551773
1790921683.844,api,0.000
1790921683.844,enginecore,0.030
1790921683.844,other_total,0.000
1790921683.844,store_0,0.000
1790921683.844,store_1,0.000
1790921683.844,store_2,0.000
1790921683.844,store_3,0.000
1790921683.844,avail_mb,29163
1790921683.844,pswpin,1551773
1790921684.854,api,0.000
1790921684.854,enginecore,0.010
1790921684.854,other_total,0.040
1790921684.854,store_0,0.000
1790921684.854,store_1,0.000
1790921684.854,store_2,0.000
1790921684.854,store_3,0.000
1790921684.854,avail_mb,29164
1790921684.854,pswpin,1551773
1790921685.864,api,0.010
1790921685.864,enginecore,0.030
1790921685.864,other_total,0.010
1790921685.864,store_0,0.000
1790921685.864,store_1,0.000
1790921685.864,store_2,0.000
1790921685.864,store_3,0.000
1790921685.864,avail_mb,29158
1790921685.864,pswpin,1551773
