ts,role,cores
1790901771.074,other_total,0.198
1790901771.074,avail_mb,57345
1790901771.074,pswpin,907522
1790901772.085,other_total,0.059
1790901772.085,avail_mb,57329
1790901772.085,pswpin,907522
1790901773.095,other_total,0.287
1790901773.095,avail_mb,57313
1790901773.095,pswpin,907522
1790901774.105,other_total,0.089
1790901774.105,avail_mb,57281
1790901774.105,pswpin,907522
1790901775.115,other_total,0.040
1790901775.115,avail_mb,57281
1790901775.115,pswpin,907522
1790901776.126,other_total,0.040
1790901776.126,avail_mb,57281
1790901776.126,pswpin,907522
1790901777.136,other_total,0.040
1790901777.136,avail_mb,57281
1790901777.136,pswpin,907522
1790901778.147,other_total,0.069
1790901778.147,avail_mb,57274
1790901778.147,pswpin,907522
1790901779.157,other_total,0.109
1790901779.157,avail_mb,57285
1790901779.157,pswpin,907522
1790901780.168,other_total,0.059
1790901780.168,avail_mb,57289
1790901780.168,pswpin,907522
1790901781.176,other_total,3.005
1790901781.176,avail_mb,56911
1790901781.176,pswpin,907522
1790901782.186,other_total,0.079
1790901782.186,store_0,0.109
1790901782.186,avail_mb,56871
1790901782.186,pswpin,907522
1790901783.195,other_total,3.926
1790901783.195,store_0,0.000
1790901783.195,avail_mb,56235
1790901783.195,pswpin,907522
1790901784.204,api,3.737
1790901784.204,other_total,0.040
1790901784.204,store_0,0.000
1790901784.204,avail_mb,56066
1790901784.204,pswpin,907522
1790901785.213,api,1.982
1790901785.213,other_total,0.059
1790901785.213,store_0,0.000
1790901785.213,avail_mb,55820
1790901785.213,pswpin,907522
1790901786.222,api,1.160
1790901786.222,other_total,0.050
1790901786.222,store_0,0.000
1790901786.222,avail_mb,55713
1790901786.222,pswpin,907522
1790901787.231,api,0.733
1790901787.231,other_total,0.139
1790901787.231,store_0,0.000
1790901787.231,avail_mb,55558
1790901787.231,pswpin,907522
1790901788.240,api,0.178
1790901788.240,other_total,5.451
1790901788.240,store_0,0.000
1790901788.240,avail_mb,54841
1790901788.240,pswpin,907522
1790901789.250,api,0.000
1790901789.250,other_total,5.704
1790901789.250,store_0,0.000
1790901789.250,avail_mb,54647
1790901789.250,pswpin,907522
1790901790.260,api,0.000
1790901790.260,other_total,2.041
1790901790.260,store_0,0.000
1790901790.260,avail_mb,54438
1790901790.260,pswpin,907522
1790901791.269,api,0.000
1790901791.269,other_total,2.061
1790901791.269,store_0,0.000
1790901791.269,avail_mb,54011
1790901791.269,pswpin,907522
1790901792.280,api,0.000
1790901792.280,enginecore,1.424
1790901792.280,other_total,1.780
1790901792.280,store_0,0.000
1790901792.280,avail_mb,53661
1790901792.280,pswpin,907522
1790901793.289,api,0.000
1790901793.289,enginecore,2.012
1790901793.289,other_total,0.406
1790901793.289,store_0,0.000
1790901793.289,avail_mb,53650
1790901793.289,pswpin,907522
1790901794.298,api,0.000
1790901794.298,enginecore,2.002
1790901794.298,other_total,0.069
1790901794.298,store_0,0.000
1790901794.298,avail_mb,53186
1790901794.298,pswpin,907522
1790901795.307,api,0.000
1790901795.307,enginecore,1.040
1790901795.307,other_total,0.981
1790901795.307,store_0,0.000
1790901795.307,avail_mb,53109
1790901795.307,pswpin,907522
1790901796.316,api,0.000
1790901796.316,enginecore,1.011
1790901796.316,other_total,0.149
1790901796.316,store_0,0.000
1790901796.316,avail_mb,53127
1790901796.316,pswpin,907522
1790901797.325,api,0.000
1790901797.325,enginecore,1.001
1790901797.325,other_total,0.030
1790901797.325,store_0,0.000
1790901797.325,avail_mb,53120
1790901797.325,pswpin,907522
1790901798.334,api,0.000
1790901798.334,enginecore,0.961
1790901798.334,other_total,0.020
1790901798.334,store_0,0.000
1790901798.334,avail_mb,52552
1790901798.334,pswpin,907522
1790901799.343,api,0.000
1790901799.343,enginecore,0.188
1790901799.343,other_total,0.842
1790901799.343,store_0,0.000
1790901799.343,avail_mb,52526
1790901799.343,pswpin,907522
1790901800.353,api,0.000
1790901800.353,enginecore,0.030
1790901800.353,other_total,0.247
1790901800.353,store_0,0.000
1790901800.353,avail_mb,52524
1790901800.353,pswpin,907522
1790901801.364,api,0.000
1790901801.364,enginecore,0.020
1790901801.364,other_total,0.059
1790901801.364,store_0,0.000
1790901801.364,avail_mb,52531
1790901801.364,pswpin,907522
1790901802.373,api,0.000
1790901802.373,enginecore,1.249
1790901802.373,other_total,0.020
1790901802.373,store_0,0.000
1790901802.373,avail_mb,51434
1790901802.373,pswpin,907522
1790901803.384,api,0.059
1790901803.384,enginecore,1.414
1790901803.384,other_total,0.030
1790901803.384,store_0,0.000
1790901803.384,avail_mb,50375
1790901803.384,pswpin,907522
1790901804.395,api,0.346
1790901804.395,enginecore,0.970
1790901804.395,other_total,0.049
1790901804.395,store_0,0.000
1790901804.395,avail_mb,50037
1790901804.395,pswpin,907522
1790901805.406,api,0.069
1790901805.406,enginecore,0.475
1790901805.406,other_total,0.010
1790901805.406,store_0,0.000
1790901805.406,avail_mb,49940
1790901805.406,pswpin,907522
1790901806.417,api,0.247
1790901806.417,enginecore,0.020
1790901806.417,other_total,0.049
1790901806.417,store_0,0.000
1790901806.417,avail_mb,49897
1790901806.417,pswpin,907522
1790901807.428,api,0.138
1790901807.428,enginecore,0.030
1790901807.428,other_total,0.069
1790901807.428,store_0,0.000
1790901807.428,avail_mb,49897
1790901807.428,pswpin,907522
1790901808.439,api,0.049
1790901808.439,enginecore,0.079
1790901808.439,other_total,0.020
1790901808.439,store_0,0.000
1790901808.439,avail_mb,49862
1790901808.439,pswpin,907522
1790901809.448,api,0.000
1790901809.448,enginecore,0.961
1790901809.448,other_total,0.020
1790901809.448,store_0,0.149
1790901809.448,avail_mb,49270
1790901809.448,pswpin,907522
1790901810.458,api,0.000
1790901810.458,enginecore,0.971
1790901810.458,other_total,0.050
1790901810.458,store_0,0.188
1790901810.458,avail_mb,48589
1790901810.458,pswpin,907522
1790901811.469,api,0.020
1790901811.469,enginecore,1.828
1790901811.469,other_total,0.079
1790901811.469,store_0,0.188
1790901811.469,avail_mb,47937
1790901811.469,pswpin,907522
1790901812.480,api,0.000
1790901812.480,enginecore,0.129
1790901812.480,other_total,0.178
1790901812.480,store_0,0.010
1790901812.480,avail_mb,51179
1790901812.480,pswpin,907522
1790901813.489,api,0.000
1790901813.489,enginecore,0.000
1790901813.489,other_total,2.705
1790901813.489,store_0,0.000
1790901813.489,avail_mb,50871
1790901813.489,pswpin,907522
1790901814.500,api,0.000
1790901814.500,enginecore,0.010
1790901814.500,other_total,0.040
1790901814.500,store_0,0.000
1790901814.500,store_1,0.000
1790901814.500,avail_mb,50871
1790901814.500,pswpin,907522
1790901815.512,api,0.000
1790901815.512,enginecore,0.020
1790901815.512,other_total,3.876
1790901815.512,store_0,0.000
1790901815.512,store_1,0.000
1790901815.512,avail_mb,50271
1790901815.512,pswpin,907522
1790901816.520,api,3.757
1790901816.520,enginecore,0.000
1790901816.520,other_total,0.069
1790901816.520,store_0,0.000
1790901816.520,store_1,0.000
1790901816.520,avail_mb,50063
1790901816.520,pswpin,907522
1790901817.529,api,1.992
1790901817.529,enginecore,0.000
1790901817.529,other_total,0.030
1790901817.529,store_0,0.000
1790901817.529,store_1,0.000
1790901817.529,avail_mb,49839
1790901817.529,pswpin,907522
1790901818.539,api,1.239
1790901818.539,enginecore,0.010
1790901818.539,other_total,0.010
1790901818.539,store_0,0.000
1790901818.539,store_1,0.000
1790901818.539,avail_mb,49723
1790901818.539,pswpin,907522
1790901819.548,api,0.763
1790901819.548,enginecore,0.010
1790901819.548,other_total,3.449
1790901819.548,store_0,0.000
1790901819.548,store_1,0.000
1790901819.548,avail_mb,49102
1790901819.548,pswpin,907522
1790901820.558,api,0.000
1790901820.558,enginecore,0.000
1790901820.558,other_total,1.950
1790901820.558,store_0,0.000
1790901820.558,store_1,0.000
1790901820.558,avail_mb,48811
1790901820.558,pswpin,907522
1790901821.567,api,0.000
1790901821.567,enginecore,0.000
1790901821.567,other_total,3.895
1790901821.567,store_0,0.000
1790901821.567,store_1,0.000
1790901821.567,avail_mb,48589
1790901821.567,pswpin,907522
1790901822.576,api,0.000
1790901822.576,enginecore,0.010
1790901822.576,other_total,2.031
1790901822.576,store_0,0.000
1790901822.576,store_1,0.000
1790901822.576,avail_mb,48411
1790901822.576,pswpin,907522
1790901823.585,api,0.000
1790901823.585,enginecore,1.139
1790901823.585,other_total,1.843
1790901823.585,store_0,0.000
1790901823.585,store_1,0.000
1790901823.585,avail_mb,47691
1790901823.585,pswpin,907522
1790901824.595,api,0.000
1790901824.595,enginecore,1.217
1790901824.595,other_total,1.396
1790901824.595,store_0,0.000
1790901824.595,store_1,0.000
1790901824.595,avail_mb,47692
1790901824.595,pswpin,907522
1790901825.605,api,0.000
1790901825.605,enginecore,2.001
1790901825.605,other_total,0.040
1790901825.605,store_0,0.000
1790901825.605,store_1,0.000
1790901825.605,avail_mb,47430
1790901825.605,pswpin,907522
1790901826.614,api,0.000
1790901826.614,enginecore,1.635
1790901826.614,other_total,0.406
1790901826.614,store_0,0.000
1790901826.614,store_1,0.000
1790901826.614,avail_mb,47190
1790901826.614,pswpin,907522
1790901827.623,api,0.000
1790901827.623,enginecore,0.981
1790901827.623,other_total,0.703
1790901827.623,store_0,0.000
1790901827.623,store_1,0.000
1790901827.623,avail_mb,47147
1790901827.623,pswpin,907522
1790901828.641,api,0.000
1790901828.641,enginecore,1.002
1790901828.641,other_total,0.020
1790901828.641,store_0,0.000
1790901828.641,store_1,0.000
1790901828.641,avail_mb,47165
1790901828.641,pswpin,907522
1790901829.649,api,0.000
1790901829.649,enginecore,0.991
1790901829.649,other_total,0.010
1790901829.649,store_0,0.000
1790901829.649,store_1,0.000
1790901829.649,avail_mb,47132
1790901829.649,pswpin,907522
1790901830.658,api,0.000
1790901830.658,enginecore,0.952
1790901830.658,other_total,0.030
1790901830.658,store_0,0.000
1790901830.658,store_1,0.000
1790901830.658,avail_mb,46627
1790901830.658,pswpin,907522
1790901831.667,api,0.000
1790901831.667,enginecore,0.129
1790901831.667,other_total,0.942
1790901831.667,store_0,0.000
1790901831.667,store_1,0.000
1790901831.667,avail_mb,46601
1790901831.667,pswpin,907522
1790901832.678,api,0.000
1790901832.678,enginecore,0.020
1790901832.678,other_total,0.188
1790901832.678,store_0,0.000
1790901832.678,store_1,0.000
1790901832.678,avail_mb,46599
1790901832.678,pswpin,907522
1790901833.688,api,0.000
1790901833.688,enginecore,0.000
1790901833.688,other_total,0.020
1790901833.688,store_0,0.000
1790901833.688,store_1,0.000
1790901833.688,avail_mb,46607
1790901833.688,pswpin,907522
1790901834.698,api,0.000
1790901834.698,enginecore,0.030
1790901834.698,other_total,0.010
1790901834.698,store_0,0.000
1790901834.698,store_1,0.000
1790901834.698,avail_mb,46617
1790901834.698,pswpin,907522
1790901835.708,api,0.000
1790901835.708,enginecore,0.010
1790901835.708,other_total,0.020
1790901835.708,store_0,0.000
1790901835.708,store_1,0.000
1790901835.708,avail_mb,46625
1790901835.708,pswpin,907522
1790901836.718,api,0.000
1790901836.718,enginecore,0.000
1790901836.718,other_total,0.030
1790901836.718,store_0,0.000
1790901836.718,store_1,0.000
1790901836.718,avail_mb,46640
1790901836.718,pswpin,907522
1790901837.729,api,0.010
1790901837.729,enginecore,0.950
1790901837.729,other_total,0.000
1790901837.729,store_0,0.000
1790901837.729,store_1,0.000
1790901837.729,avail_mb,45599
1790901837.729,pswpin,907522
1790901838.740,api,0.000
1790901838.740,enginecore,0.574
1790901838.740,other_total,0.040
1790901838.740,store_0,0.000
1790901838.740,store_1,0.000
1790901838.740,avail_mb,45491
1790901838.740,pswpin,907522
1790901839.751,api,0.188
1790901839.751,enginecore,0.000
1790901839.751,other_total,0.040
1790901839.751,store_0,0.000
1790901839.751,store_1,0.000
1790901839.751,avail_mb,45444
1790901839.751,pswpin,907522
1790901840.762,api,0.237
1790901840.762,enginecore,0.040
1790901840.762,other_total,0.020
1790901840.762,store_0,0.000
1790901840.762,store_1,0.000
1790901840.762,avail_mb,45445
1790901840.762,pswpin,907522
1790901841.773,api,0.000
1790901841.773,enginecore,0.020
1790901841.773,other_total,0.040
1790901841.773,store_0,0.000
1790901841.773,store_1,0.000
1790901841.773,avail_mb,45448
1790901841.773,pswpin,907522
1790901842.784,api,0.000
1790901842.784,enginecore,1.464
1790901842.784,other_total,0.040
1790901842.784,store_0,0.000
1790901842.784,store_1,0.000
1790901842.784,avail_mb,44297
1790901842.784,pswpin,907522
1790901843.817,api,0.000
1790901843.817,enginecore,0.765
1790901843.817,other_total,0.019
1790901843.817,store_0,0.000
1790901843.817,store_1,0.000
1790901843.817,avail_mb,44061
1790901843.817,pswpin,907522
1790901844.828,api,0.049
1790901844.828,enginecore,0.356
1790901844.828,other_total,0.049
1790901844.828,store_0,0.000
1790901844.828,store_1,0.000
1790901844.828,avail_mb,44028
1790901844.828,pswpin,907522
1790901845.839,api,0.396
1790901845.839,enginecore,0.030
1790901845.839,other_total,0.020
1790901845.839,store_0,0.000
1790901845.839,store_1,0.000
1790901845.839,avail_mb,43981
1790901845.839,pswpin,907522
1790901846.849,api,0.049
1790901846.849,enginecore,0.148
1790901846.849,other_total,0.049
1790901846.849,store_0,0.000
1790901846.849,store_1,0.000
1790901846.849,avail_mb,43946
1790901846.849,pswpin,907522
1790901847.858,api,0.000
1790901847.858,enginecore,0.981
1790901847.858,other_total,0.050
1790901847.858,store_0,0.000
1790901847.858,store_1,0.139
1790901847.858,avail_mb,43249
1790901847.858,pswpin,907522
1790901848.867,api,0.010
1790901848.867,enginecore,0.981
1790901848.867,other_total,0.000
1790901848.867,store_0,0.000
1790901848.867,store_1,0.139
1790901848.867,avail_mb,42602
1790901848.867,pswpin,907522
1790901849.876,api,0.010
1790901849.876,enginecore,1.993
1790901849.876,other_total,0.129
1790901849.876,store_0,0.000
1790901849.876,store_1,0.169
1790901849.876,avail_mb,45037
1790901849.876,pswpin,907522
1790901850.886,api,0.000
1790901850.886,enginecore,0.020
1790901850.886,other_total,0.119
1790901850.886,store_0,0.000
1790901850.886,store_1,0.000
1790901850.886,avail_mb,45135
1790901850.886,pswpin,907522
1790901851.895,api,0.000
1790901851.895,enginecore,0.010
1790901851.895,other_total,0.059
1790901851.895,store_0,0.000
1790901851.895,store_1,0.000
1790901851.895,store_2,2.617
1790901851.895,avail_mb,44838
1790901851.895,pswpin,907522
1790901852.907,api,0.000
1790901852.907,enginecore,0.020
1790901852.907,other_total,0.128
1790901852.907,store_0,0.000
1790901852.907,store_1,0.000
1790901852.907,store_2,0.000
1790901852.907,avail_mb,44835
1790901852.907,pswpin,907522
1790901853.916,api,3.875
1790901853.916,enginecore,0.020
1790901853.916,other_total,0.000
1790901853.916,store_0,0.000
1790901853.916,store_1,0.000
1790901853.916,store_2,0.000
1790901853.916,avail_mb,44275
1790901853.916,pswpin,907522
1790901854.925,api,5.676
1790901854.925,enginecore,0.010
1790901854.925,other_total,0.010
1790901854.925,store_0,0.000
1790901854.925,store_1,0.000
1790901854.925,store_2,0.000
1790901854.925,avail_mb,44062
1790901854.925,pswpin,907522
1790901855.934,api,1.982
1790901855.934,enginecore,0.010
1790901855.934,other_total,0.050
1790901855.934,store_0,0.000
1790901855.934,store_1,0.000
1790901855.934,store_2,0.000
1790901855.934,avail_mb,43867
1790901855.934,pswpin,907522
1790901856.944,api,1.010
1790901856.944,enginecore,0.010
1790901856.944,other_total,0.030
1790901856.944,store_0,0.000
1790901856.944,store_1,0.000
1790901856.944,store_2,0.000
1790901856.944,avail_mb,43768
1790901856.944,pswpin,907522
1790901857.954,api,0.713
1790901857.954,enginecore,0.010
1790901857.954,other_total,2.624
1790901857.954,store_0,0.000
1790901857.954,store_1,0.000
1790901857.954,store_2,0.000
1790901857.954,avail_mb,43147
1790901857.954,pswpin,907522
1790901858.964,api,0.000
1790901858.964,enginecore,0.010
1790901858.964,other_total,3.702
1790901858.964,store_0,0.000
1790901858.964,store_1,0.000
1790901858.964,store_2,0.000
1790901858.964,avail_mb,42858
1790901858.964,pswpin,907522
1790901859.974,api,0.000
1790901859.974,enginecore,0.000
1790901859.974,other_total,5.727
1790901859.974,store_0,0.000
1790901859.974,store_1,0.000
1790901859.974,store_2,0.000
1790901859.974,avail_mb,42662
1790901859.974,pswpin,907522
1790901860.984,api,0.010
1790901860.984,enginecore,0.010
1790901860.984,other_total,2.010
1790901860.984,store_0,0.000
1790901860.984,store_1,0.000
1790901860.984,store_2,0.000
1790901860.984,avail_mb,42396
1790901860.984,pswpin,907522
1790901861.993,api,0.000
1790901861.993,enginecore,0.912
1790901861.993,other_total,1.873
1790901861.993,store_0,0.000
1790901861.993,store_1,0.000
1790901861.993,store_2,0.000
1790901861.993,avail_mb,41754
1790901861.993,pswpin,907522
1790901863.003,api,0.000
1790901863.003,enginecore,1.514
1790901863.003,other_total,1.386
1790901863.003,store_0,0.000
1790901863.003,store_1,0.000
1790901863.003,store_2,0.000
1790901863.003,avail_mb,41753
1790901863.003,pswpin,907522
1790901864.013,api,0.000
1790901864.013,enginecore,2.002
1790901864.013,other_total,0.030
1790901864.013,store_0,0.000
1790901864.013,store_1,0.000
1790901864.013,store_2,0.000
1790901864.013,avail_mb,41304
1790901864.013,pswpin,907522
1790901865.022,api,0.000
1790901865.022,enginecore,1.575
1790901865.022,other_total,0.485
1790901865.022,store_0,0.000
1790901865.022,store_1,0.000
1790901865.022,store_2,0.000
1790901865.022,avail_mb,41242
1790901865.022,pswpin,907522
1790901866.031,api,0.000
1790901866.031,enginecore,1.040
1790901866.031,other_total,0.595
1790901866.031,store_0,0.000
1790901866.031,store_1,0.000
1790901866.031,store_2,0.000
1790901866.031,avail_mb,41219
1790901866.031,pswpin,907522
1790901867.040,api,0.000
1790901867.040,enginecore,1.001
1790901867.040,other_total,0.040
1790901867.040,store_0,0.000
1790901867.040,store_1,0.000
1790901867.040,store_2,0.000
1790901867.040,avail_mb,41254
1790901867.040,pswpin,907522
1790901868.049,api,0.010
1790901868.049,enginecore,0.922
1790901868.049,other_total,0.149
1790901868.049,store_0,0.000
1790901868.049,store_1,0.000
1790901868.049,store_2,0.000
1790901868.049,avail_mb,40962
1790901868.049,pswpin,907522
1790901869.058,api,0.000
1790901869.058,enginecore,0.763
1790901869.058,other_total,0.268
1790901869.058,store_0,0.000
1790901869.058,store_1,0.000
1790901869.058,store_2,0.000
1790901869.058,avail_mb,40661
1790901869.058,pswpin,907522
1790901870.068,api,0.000
1790901870.068,enginecore,0.000
1790901870.068,other_total,0.822
1790901870.068,store_0,0.000
1790901870.068,store_1,0.000
1790901870.068,store_2,0.000
1790901870.068,avail_mb,40670
1790901870.068,pswpin,907522
1790901871.078,api,0.000
1790901871.078,enginecore,0.040
1790901871.078,other_total,0.020
1790901871.078,store_0,0.000
1790901871.078,store_1,0.000
1790901871.078,store_2,0.000
1790901871.078,avail_mb,40673
1790901871.078,pswpin,907522
1790901872.089,api,0.000
1790901872.089,enginecore,0.010
1790901872.089,other_total,0.059
1790901872.089,store_0,0.000
1790901872.089,store_1,0.000
1790901872.089,store_2,0.000
1790901872.089,avail_mb,40682
1790901872.089,pswpin,907522
1790901873.100,api,0.000
1790901873.100,enginecore,0.020
1790901873.100,other_total,0.020
1790901873.100,store_0,0.000
1790901873.100,store_1,0.000
1790901873.100,store_2,0.000
1790901873.100,avail_mb,40689
1790901873.100,pswpin,907522
1790901874.111,api,0.000
1790901874.111,enginecore,0.030
1790901874.111,other_total,0.010
1790901874.111,store_0,0.000
1790901874.111,store_1,0.000
1790901874.111,store_2,0.000
1790901874.111,avail_mb,40697
1790901874.111,pswpin,907522
1790901875.121,api,0.000
1790901875.121,enginecore,0.010
1790901875.121,other_total,0.020
1790901875.121,store_0,0.000
1790901875.121,store_1,0.000
1790901875.121,store_2,0.000
1790901875.121,avail_mb,40704
1790901875.121,pswpin,907522
1790901876.132,api,0.000
1790901876.132,enginecore,0.950
1790901876.132,other_total,0.020
1790901876.132,store_0,0.000
1790901876.132,store_1,0.000
1790901876.132,store_2,0.000
1790901876.132,avail_mb,39667
1790901876.132,pswpin,907522
1790901877.143,api,0.010
1790901877.143,enginecore,0.584
1790901877.143,other_total,0.020
1790901877.143,store_0,0.000
1790901877.143,store_1,0.000
1790901877.143,store_2,0.000
1790901877.143,avail_mb,39547
1790901877.143,pswpin,907522
1790901878.154,api,0.198
1790901878.154,enginecore,0.020
1790901878.154,other_total,0.010
1790901878.154,store_0,0.000
1790901878.154,store_1,0.000
1790901878.154,store_2,0.000
1790901878.154,avail_mb,39495
1790901878.154,pswpin,907522
1790901879.165,api,0.228
1790901879.165,enginecore,0.020
1790901879.165,other_total,0.020
1790901879.165,store_0,0.000
1790901879.165,store_1,0.000
1790901879.165,store_2,0.000
1790901879.165,avail_mb,39497
1790901879.165,pswpin,907522
1790901880.177,api,0.000
1790901880.177,enginecore,0.257
1790901880.177,other_total,0.040
1790901880.177,store_0,0.000
1790901880.177,store_1,0.000
1790901880.177,store_2,0.000
1790901880.177,avail_mb,39498
1790901880.177,pswpin,907522
1790901881.186,api,0.000
1790901881.186,enginecore,1.585
1790901881.186,other_total,0.030
1790901881.186,store_0,0.000
1790901881.186,store_1,0.000
1790901881.186,store_2,0.000
1790901881.186,avail_mb,38188
1790901881.186,pswpin,907522
1790901882.197,api,0.000
1790901882.197,enginecore,0.722
1790901882.197,other_total,0.020
1790901882.197,store_0,0.000
1790901882.197,store_1,0.000
1790901882.197,store_2,0.000
1790901882.197,avail_mb,38085
1790901882.197,pswpin,907522
1790901883.208,api,0.188
1790901883.208,enginecore,0.010
1790901883.208,other_total,0.040
1790901883.208,store_0,0.000
1790901883.208,store_1,0.000
1790901883.208,store_2,0.000
1790901883.208,avail_mb,38051
1790901883.208,pswpin,907522
1790901884.219,api,0.247
1790901884.219,enginecore,0.010
1790901884.219,other_total,0.020
1790901884.219,store_0,0.000
1790901884.219,store_1,0.000
1790901884.219,store_2,0.000
1790901884.219,avail_mb,38051
1790901884.219,pswpin,907522
1790901885.228,api,0.040
1790901885.228,enginecore,0.258
1790901885.228,other_total,0.000
1790901885.228,store_0,0.000
1790901885.228,store_1,0.000
1790901885.228,store_2,0.000
1790901885.228,avail_mb,38011
1790901885.228,pswpin,907522
1790901886.238,api,0.000
1790901886.238,enginecore,1.040
1790901886.238,other_total,0.050
1790901886.238,store_0,0.000
1790901886.238,store_1,0.000
1790901886.238,store_2,0.139
1790901886.238,avail_mb,37317
1790901886.238,pswpin,907522
1790901887.247,api,0.020
1790901887.247,enginecore,0.981
1790901887.247,other_total,0.000
1790901887.247,store_0,0.000
1790901887.247,store_1,0.000
1790901887.247,store_2,0.149
1790901887.247,avail_mb,36660
1790901887.247,pswpin,907522
1790901888.256,api,0.010
1790901888.256,enginecore,1.080
1790901888.256,other_total,0.862
1790901888.256,store_0,0.000
1790901888.256,store_1,0.000
1790901888.256,store_2,0.188
1790901888.256,avail_mb,39294
1790901888.256,pswpin,907522
1790901889.284,api,0.019
1790901889.284,enginecore,0.000
1790901889.284,other_total,1.176
1790901889.284,store_0,0.000
1790901889.284,store_1,0.000
1790901889.284,store_2,0.000
1790901889.284,avail_mb,39241
1790901889.284,pswpin,907522
1790901890.296,api,0.000
1790901890.296,client,1.453
1790901890.296,enginecore,0.040
1790901890.296,other_total,0.079
1790901890.296,store_0,0.000
1790901890.296,store_1,0.000
1790901890.296,store_2,0.000
1790901890.296,avail_mb,39155
1790901890.296,pswpin,907522
1790901891.307,api,0.000
1790901891.307,client,0.000
1790901891.307,enginecore,0.000
1790901891.307,other_total,0.059
1790901891.307,store_0,0.000
1790901891.307,store_1,0.000
1790901891.307,store_2,0.000
1790901891.307,avail_mb,39155
1790901891.307,pswpin,907522
1790901892.318,api,0.010
1790901892.318,client,0.000
1790901892.318,enginecore,0.000
1790901892.318,other_total,0.148
1790901892.318,store_0,0.000
1790901892.318,store_1,0.000
1790901892.318,store_2,0.000
1790901892.318,avail_mb,39150
1790901892.318,pswpin,907522
1790901893.329,api,0.010
1790901893.329,client,0.000
1790901893.329,enginecore,0.168
1790901893.329,other_total,0.000
1790901893.329,store_0,0.000
1790901893.329,store_1,0.000
1790901893.329,store_2,0.000
1790901893.329,avail_mb,39159
1790901893.329,pswpin,907522
1790901894.340,api,0.020
1790901894.340,client,0.000
1790901894.340,enginecore,2.779
1790901894.340,other_total,0.069
1790901894.340,store_0,0.000
1790901894.340,store_1,0.040
1790901894.340,store_2,0.030
1790901894.340,avail_mb,39310
1790901894.340,pswpin,907522
1790901895.351,api,0.010
1790901895.351,client,0.000
1790901895.351,enginecore,0.198
1790901895.351,other_total,0.020
1790901895.351,store_0,0.000
1790901895.351,store_1,0.000
1790901895.351,store_2,0.000
1790901895.351,avail_mb,39310
1790901895.351,pswpin,907522
1790901896.363,api,0.000
1790901896.363,client,0.010
1790901896.363,enginecore,0.128
1790901896.363,other_total,0.059
1790901896.363,store_0,0.030
1790901896.363,store_1,0.000
1790901896.363,store_2,0.000
1790901896.363,avail_mb,39318
1790901896.363,pswpin,907522
1790901897.375,api,0.000
1790901897.375,enginecore,1.098
1790901897.375,other_total,0.030
1790901897.375,store_0,0.000
1790901897.375,store_1,0.000
1790901897.375,store_2,0.000
1790901897.375,avail_mb,39364
1790901897.375,pswpin,907522
1790901898.386,api,0.000
1790901898.386,enginecore,0.030
1790901898.386,other_total,0.059
1790901898.386,store_0,0.000
1790901898.386,store_1,0.000
1790901898.386,store_2,0.000
1790901898.386,avail_mb,39366
1790901898.386,pswpin,907522
1790901899.397,api,0.030
1790901899.397,enginecore,0.049
1790901899.397,other_total,2.453
1790901899.397,store_0,0.000
1790901899.397,store_1,0.000
1790901899.397,store_2,0.000
1790901899.397,avail_mb,39223
1790901899.397,pswpin,907522
1790901900.408,api,0.000
1790901900.408,client,0.000
1790901900.408,enginecore,0.010
1790901900.408,other_total,0.030
1790901900.408,store_0,0.000
1790901900.408,store_1,0.000
1790901900.408,store_2,0.000
1790901900.408,avail_mb,39224
1790901900.408,pswpin,907522
1790901901.419,api,0.000
1790901901.419,client,0.000
1790901901.419,enginecore,0.040
1790901901.419,other_total,0.059
1790901901.419,store_0,0.000
1790901901.419,store_1,0.000
1790901901.419,store_2,0.000
1790901901.419,avail_mb,39235
1790901901.419,pswpin,907522
1790901902.430,api,0.000
1790901902.430,client,0.000
1790901902.430,enginecore,0.040
1790901902.430,other_total,0.049
1790901902.430,store_0,0.000
1790901902.430,store_1,0.000
1790901902.430,store_2,0.000
1790901902.430,avail_mb,39237
1790901902.430,pswpin,907522
1790901903.440,api,0.059
1790901903.440,client,0.040
1790901903.440,enginecore,3.655
1790901903.440,other_total,0.000
1790901903.440,store_0,0.000
1790901903.440,store_1,0.000
1790901903.440,store_2,0.000
1790901903.440,avail_mb,39242
1790901903.440,pswpin,907522
1790901904.450,api,0.050
1790901904.450,client,0.010
1790901904.450,enginecore,3.426
1790901904.450,other_total,0.129
1790901904.450,store_0,0.000
1790901904.450,store_1,0.000
1790901904.450,store_2,0.000
1790901904.450,avail_mb,39244
1790901904.450,pswpin,907522
1790901905.459,api,0.069
1790901905.459,client,0.020
1790901905.459,enginecore,3.477
1790901905.459,other_total,0.000
1790901905.459,store_0,0.000
1790901905.459,store_1,0.000
1790901905.459,store_2,0.000
1790901905.459,avail_mb,39248
1790901905.459,pswpin,907522
1790901906.470,api,0.059
1790901906.470,client,0.020
1790901906.470,enginecore,3.562
1790901906.470,other_total,0.000
1790901906.470,store_0,0.000
1790901906.470,store_1,0.000
1790901906.470,store_2,0.000
1790901906.470,avail_mb,39248
1790901906.470,pswpin,907522
1790901907.482,api,0.069
1790901907.482,client,0.020
1790901907.482,enginecore,3.220
1790901907.482,other_total,0.000
1790901907.482,store_0,0.000
1790901907.482,store_1,0.000
1790901907.482,store_2,0.000
1790901907.482,avail_mb,39245
1790901907.482,pswpin,907522
1790901908.493,api,0.069
1790901908.493,client,0.020
1790901908.493,enginecore,3.758
1790901908.493,other_total,0.000
1790901908.493,store_0,0.000
1790901908.493,store_1,0.000
1790901908.493,store_2,0.000
1790901908.493,avail_mb,39245
1790901908.493,pswpin,907522
1790901909.502,api,0.079
1790901909.502,client,0.010
1790901909.502,enginecore,3.636
1790901909.502,other_total,0.000
1790901909.502,store_0,0.000
1790901909.502,store_1,0.000
1790901909.502,store_2,0.000
1790901909.502,avail_mb,39246
1790901909.502,pswpin,907522
1790901910.512,api,0.050
1790901910.512,client,0.030
1790901910.512,enginecore,3.764
1790901910.512,other_total,0.000
1790901910.512,store_0,0.000
1790901910.512,store_1,0.000
1790901910.512,store_2,0.000
1790901910.512,avail_mb,39245
1790901910.512,pswpin,907522
1790901911.521,api,0.069
1790901911.521,client,0.010
1790901911.521,enginecore,3.787
1790901911.521,other_total,0.010
1790901911.521,store_0,0.000
1790901911.521,store_1,0.000
1790901911.521,store_2,0.000
1790901911.521,avail_mb,39241
1790901911.521,pswpin,907522
1790901912.531,api,0.069
1790901912.531,client,0.040
1790901912.531,enginecore,4.505
1790901912.531,other_total,0.000
1790901912.531,store_0,0.000
1790901912.531,store_1,0.000
1790901912.531,store_2,0.000
1790901912.531,avail_mb,39241
1790901912.531,pswpin,907522
1790901913.540,api,0.079
1790901913.540,client,0.030
1790901913.540,enginecore,3.508
1790901913.540,other_total,0.010
1790901913.540,store_0,0.000
1790901913.540,store_1,0.000
1790901913.540,store_2,0.000
1790901913.540,avail_mb,39241
1790901913.540,pswpin,907522
1790901914.549,api,0.069
1790901914.549,client,0.010
1790901914.549,enginecore,3.406
1790901914.549,other_total,0.000
1790901914.549,store_0,0.000
1790901914.549,store_1,0.000
1790901914.549,store_2,0.000
1790901914.549,avail_mb,39241
1790901914.549,pswpin,907522
1790901915.558,api,0.059
1790901915.558,client,0.020
1790901915.558,enginecore,2.835
1790901915.558,other_total,0.000
1790901915.558,store_0,0.000
1790901915.558,store_1,0.000
1790901915.558,store_2,0.000
1790901915.558,avail_mb,39245
1790901915.558,pswpin,907522
1790901916.568,api,0.059
1790901916.568,client,0.000
1790901916.568,enginecore,2.802
1790901916.568,other_total,0.040
1790901916.568,store_0,0.000
1790901916.568,store_1,0.000
1790901916.568,store_2,0.000
1790901916.568,avail_mb,39241
1790901916.568,pswpin,907522
1790901917.577,api,0.040
1790901917.577,client,0.030
1790901917.577,enginecore,3.895
1790901917.577,other_total,0.050
1790901917.577,store_0,0.000
1790901917.577,store_1,0.000
1790901917.577,store_2,0.000
1790901917.577,avail_mb,39240
1790901917.577,pswpin,907522
1790901918.587,api,0.079
1790901918.587,client,0.030
1790901918.587,enginecore,4.181
1790901918.587,other_total,0.000
1790901918.587,store_0,0.000
1790901918.587,store_1,0.000
1790901918.587,store_2,0.000
1790901918.587,avail_mb,39241
1790901918.587,pswpin,907522
1790901919.596,api,0.069
1790901919.596,client,0.020
1790901919.596,enginecore,3.626
1790901919.596,other_total,0.069
1790901919.596,store_0,0.000
1790901919.596,store_1,0.000
1790901919.596,store_2,0.000
1790901919.596,avail_mb,39238
1790901919.596,pswpin,907522
1790901920.605,api,0.050
1790901920.605,client,0.030
1790901920.605,enginecore,3.646
1790901920.605,other_total,0.010
1790901920.605,store_0,0.000
1790901920.605,store_1,0.000
1790901920.605,store_2,0.000
1790901920.605,avail_mb,39232
1790901920.605,pswpin,907522
1790901921.614,api,0.069
1790901921.614,client,0.010
1790901921.614,enginecore,4.320
1790901921.614,other_total,0.030
1790901921.614,store_0,0.000
1790901921.614,store_1,0.000
1790901921.614,store_2,0.000
1790901921.614,avail_mb,39231
1790901921.614,pswpin,907522
1790901922.624,api,0.050
1790901922.624,client,0.040
1790901922.624,enginecore,4.063
1790901922.624,other_total,0.020
1790901922.624,store_0,0.000
1790901922.624,store_1,0.000
1790901922.624,store_2,0.000
1790901922.624,avail_mb,39233
1790901922.624,pswpin,907522
1790901923.633,api,0.059
1790901923.633,client,0.020
1790901923.633,enginecore,3.933
1790901923.633,other_total,0.040
1790901923.633,store_0,0.000
1790901923.633,store_1,0.000
1790901923.633,store_2,0.000
1790901923.633,avail_mb,39232
1790901923.633,pswpin,907522
1790901924.642,api,0.069
1790901924.642,client,0.020
1790901924.642,enginecore,3.855
1790901924.642,other_total,0.000
1790901924.642,store_0,0.000
1790901924.642,store_1,0.000
1790901924.642,store_2,0.000
1790901924.642,avail_mb,39231
1790901924.642,pswpin,907522
1790901925.651,api,0.059
1790901925.651,client,0.030
1790901925.651,enginecore,3.815
1790901925.651,other_total,0.030
1790901925.651,store_0,0.000
1790901925.651,store_1,0.000
1790901925.651,store_2,0.000
1790901925.651,avail_mb,39231
1790901925.651,pswpin,907522
1790901926.660,api,0.069
1790901926.660,client,0.010
1790901926.660,enginecore,2.656
1790901926.660,other_total,0.020
1790901926.660,store_0,0.000
1790901926.660,store_1,0.000
1790901926.660,store_2,0.000
1790901926.660,avail_mb,39229
1790901926.660,pswpin,907522
1790901927.669,api,0.040
1790901927.669,client,0.030
1790901927.669,enginecore,3.271
1790901927.669,other_total,0.010
1790901927.669,store_0,0.000
1790901927.669,store_1,0.000
1790901927.669,store_2,0.000
1790901927.669,avail_mb,39229
1790901927.669,pswpin,907522
1790901928.678,api,0.050
1790901928.678,client,0.000
1790901928.678,enginecore,3.033
1790901928.678,other_total,0.059
1790901928.678,store_0,0.000
1790901928.678,store_1,0.000
1790901928.678,store_2,0.000
1790901928.678,avail_mb,39229
1790901928.678,pswpin,907522
1790901929.687,api,0.079
1790901929.687,client,0.030
1790901929.687,enginecore,3.350
1790901929.687,other_total,0.020
1790901929.687,store_0,0.000
1790901929.687,store_1,0.000
1790901929.687,store_2,0.000
1790901929.687,avail_mb,39229
1790901929.687,pswpin,907522
1790901930.696,api,0.050
1790901930.696,client,0.010
1790901930.696,enginecore,3.865
1790901930.696,other_total,0.050
1790901930.696,store_0,0.000
1790901930.696,store_1,0.000
1790901930.696,store_2,0.000
1790901930.696,avail_mb,39231
1790901930.696,pswpin,907522
1790901931.705,api,0.069
1790901931.705,client,0.010
1790901931.705,enginecore,3.747
1790901931.705,other_total,0.050
1790901931.705,store_0,0.000
1790901931.705,store_1,0.000
1790901931.705,store_2,0.000
1790901931.705,avail_mb,39236
1790901931.705,pswpin,907522
1790901932.714,api,0.040
1790901932.714,client,0.040
1790901932.714,enginecore,3.557
1790901932.714,other_total,0.020
1790901932.714,store_0,0.000
1790901932.714,store_1,0.000
1790901932.714,store_2,0.000
1790901932.714,avail_mb,39236
1790901932.714,pswpin,907522
1790901933.723,api,0.040
1790901933.723,client,0.000
1790901933.723,enginecore,3.409
1790901933.723,other_total,0.050
1790901933.723,store_0,0.000
1790901933.723,store_1,0.000
1790901933.723,store_2,0.000
1790901933.723,avail_mb,39236
1790901933.723,pswpin,907522
1790901934.734,api,0.059
1790901934.734,client,0.030
1790901934.734,enginecore,3.839
1790901934.734,other_total,0.010
1790901934.734,store_0,0.000
1790901934.734,store_1,0.000
1790901934.734,store_2,0.000
1790901934.734,avail_mb,39231
1790901934.734,pswpin,907522
1790901935.743,api,0.069
1790901935.743,client,0.030
1790901935.743,enginecore,3.756
1790901935.743,other_total,0.000
1790901935.743,store_0,0.000
1790901935.743,store_1,0.000
1790901935.743,store_2,0.000
1790901935.743,avail_mb,39231
1790901935.743,pswpin,907522
1790901936.753,api,0.059
1790901936.753,client,0.020
1790901936.753,enginecore,3.744
1790901936.753,other_total,0.040
1790901936.753,store_0,0.000
1790901936.753,store_1,0.000
1790901936.753,store_2,0.000
1790901936.753,avail_mb,39230
1790901936.753,pswpin,907522
1790901937.762,api,0.059
1790901937.762,client,0.020
1790901937.762,enginecore,3.766
1790901937.762,other_total,0.000
1790901937.762,store_0,0.000
1790901937.762,store_1,0.000
1790901937.762,store_2,0.000
1790901937.762,avail_mb,39229
1790901937.762,pswpin,907522
1790901938.771,api,0.050
1790901938.771,client,0.010
1790901938.771,enginecore,3.784
1790901938.771,other_total,0.010
1790901938.771,store_0,0.000
1790901938.771,store_1,0.000
1790901938.771,store_2,0.000
1790901938.771,avail_mb,39230
1790901938.771,pswpin,907522
1790901939.780,api,0.079
1790901939.780,client,0.020
1790901939.780,enginecore,3.310
1790901939.780,other_total,0.000
1790901939.780,store_0,0.000
1790901939.780,store_1,0.000
1790901939.780,store_2,0.000
1790901939.780,avail_mb,39229
1790901939.780,pswpin,907522
1790901940.790,api,0.040
1790901940.790,client,0.000
1790901940.790,enginecore,3.694
1790901940.790,other_total,0.059
1790901940.790,store_0,0.000
1790901940.790,store_1,0.000
1790901940.790,store_2,0.000
1790901940.790,avail_mb,39226
1790901940.790,pswpin,907522
1790901941.799,api,0.059
1790901941.799,client,0.030
1790901941.799,enginecore,3.874
1790901941.799,other_total,0.000
1790901941.799,store_0,0.000
1790901941.799,store_1,0.000
1790901941.799,store_2,0.000
1790901941.799,avail_mb,39234
1790901941.799,pswpin,907522
1790901942.809,api,0.069
1790901942.809,client,0.030
1790901942.809,enginecore,3.546
1790901942.809,other_total,0.000
1790901942.809,store_0,0.000
1790901942.809,store_1,0.000
1790901942.809,store_2,0.000
1790901942.809,avail_mb,39234
1790901942.809,pswpin,907522
1790901943.818,api,0.069
1790901943.818,client,0.000
1790901943.818,enginecore,3.855
1790901943.818,other_total,0.030
1790901943.818,store_0,0.000
1790901943.818,store_1,0.000
1790901943.818,store_2,0.000
1790901943.818,avail_mb,39238
1790901943.818,pswpin,907522
1790901944.827,api,0.059
1790901944.827,client,0.030
1790901944.827,enginecore,3.706
1790901944.827,other_total,0.000
1790901944.827,store_0,0.000
1790901944.827,store_1,0.000
1790901944.827,store_2,0.000
1790901944.827,avail_mb,39240
1790901944.827,pswpin,907522
1790901945.836,api,0.059
1790901945.836,client,0.020
1790901945.836,enginecore,3.865
1790901945.836,other_total,0.030
1790901945.836,store_0,0.000
1790901945.836,store_1,0.000
1790901945.836,store_2,0.000
1790901945.836,avail_mb,39242
1790901945.836,pswpin,907522
1790901946.845,api,0.079
1790901946.845,client,0.020
1790901946.845,enginecore,4.439
1790901946.845,other_total,0.010
1790901946.845,store_0,0.000
1790901946.845,store_1,0.000
1790901946.845,store_2,0.000
1790901946.845,avail_mb,39238
1790901946.845,pswpin,907522
1790901947.856,api,0.079
1790901947.856,client,0.040
1790901947.856,enginecore,4.069
1790901947.856,other_total,0.000
1790901947.856,store_0,0.000
1790901947.856,store_1,0.000
1790901947.856,store_2,0.000
1790901947.856,avail_mb,39236
1790901947.856,pswpin,907522
1790901948.865,api,0.069
1790901948.865,client,0.030
1790901948.865,enginecore,4.170
1790901948.865,other_total,0.000
1790901948.865,store_0,0.000
1790901948.865,store_1,0.000
1790901948.865,store_2,0.000
1790901948.865,avail_mb,39236
1790901948.865,pswpin,907522
1790901949.875,api,0.089
1790901949.875,client,0.020
1790901949.875,enginecore,3.546
1790901949.875,other_total,0.059
1790901949.875,store_0,0.000
1790901949.875,store_1,0.000
1790901949.875,store_2,0.000
1790901949.875,avail_mb,39237
1790901949.875,pswpin,907522
1790901950.884,api,0.059
1790901950.884,client,0.010
1790901950.884,enginecore,3.607
1790901950.884,other_total,0.020
1790901950.884,store_0,0.000
1790901950.884,store_1,0.000
1790901950.884,store_2,0.000
1790901950.884,avail_mb,39236
1790901950.884,pswpin,907522
1790901951.892,api,0.040
1790901951.892,client,0.020
1790901951.892,enginecore,2.996
1790901951.892,other_total,0.030
1790901951.892,store_0,0.000
1790901951.892,store_1,0.000
1790901951.892,store_2,0.000
1790901951.892,avail_mb,39238
1790901951.892,pswpin,907522
1790901952.901,api,0.069
1790901952.901,client,0.040
1790901952.901,enginecore,3.953
1790901952.901,other_total,0.000
1790901952.901,store_0,0.000
1790901952.901,store_1,0.000
1790901952.901,store_2,0.000
1790901952.901,avail_mb,39235
1790901952.901,pswpin,907522
1790901953.910,api,0.069
1790901953.910,client,0.020
1790901953.910,enginecore,4.034
1790901953.910,other_total,0.040
1790901953.910,store_0,0.000
1790901953.910,store_1,0.000
1790901953.910,store_2,0.000
1790901953.910,avail_mb,39234
1790901953.910,pswpin,907522
1790901954.920,api,0.059
1790901954.920,client,0.030
1790901954.920,enginecore,3.974
1790901954.920,other_total,0.040
1790901954.920,store_0,0.000
1790901954.920,store_1,0.000
1790901954.920,store_2,0.000
1790901954.920,avail_mb,39233
1790901954.920,pswpin,907522
1790901955.928,api,0.089
1790901955.928,client,0.020
1790901955.928,enginecore,3.954
1790901955.928,other_total,0.020
1790901955.928,store_0,0.000
1790901955.928,store_1,0.000
1790901955.928,store_2,0.000
1790901955.928,avail_mb,39230
1790901955.928,pswpin,907522
1790901956.937,api,0.059
1790901956.937,client,0.020
1790901956.937,enginecore,3.717
1790901956.937,other_total,0.000
1790901956.937,store_0,0.000
1790901956.937,store_1,0.000
1790901956.937,store_2,0.000
1790901956.937,avail_mb,39230
1790901956.937,pswpin,907522
1790901957.948,api,0.049
1790901957.948,client,0.020
1790901957.948,enginecore,3.485
1790901957.948,other_total,0.020
1790901957.948,store_0,0.000
1790901957.948,store_1,0.000
1790901957.948,store_2,0.000
1790901957.948,avail_mb,39230
1790901957.948,pswpin,907522
1790901958.957,api,0.059
1790901958.957,client,0.010
1790901958.957,enginecore,3.677
1790901958.957,other_total,0.050
1790901958.957,store_0,0.000
1790901958.957,store_1,0.000
1790901958.957,store_2,0.000
1790901958.957,avail_mb,39232
1790901958.957,pswpin,907522
1790901959.966,api,0.059
1790901959.966,client,0.010
1790901959.966,enginecore,3.558
1790901959.966,other_total,0.010
1790901959.966,store_0,0.000
1790901959.966,store_1,0.000
1790901959.966,store_2,0.000
1790901959.966,avail_mb,39231
1790901959.966,pswpin,907522
1790901960.975,api,0.059
1790901960.975,client,0.020
1790901960.975,enginecore,3.677
1790901960.975,other_total,0.030
1790901960.975,store_0,0.000
1790901960.975,store_1,0.000
1790901960.975,store_2,0.000
1790901960.975,avail_mb,39229
1790901960.975,pswpin,907522
1790901961.985,api,0.059
1790901961.985,client,0.010
1790901961.985,enginecore,2.317
1790901961.985,other_total,0.049
1790901961.985,store_0,0.000
1790901961.985,store_1,0.000
1790901961.985,store_2,0.000
1790901961.985,avail_mb,39226
1790901961.985,pswpin,907522
1790901962.994,api,0.050
1790901962.994,client,0.030
1790901962.994,enginecore,3.557
1790901962.994,other_total,0.030
1790901962.994,store_0,0.000
1790901962.994,store_1,0.000
1790901962.994,store_2,0.000
1790901962.994,avail_mb,39229
1790901962.994,pswpin,907522
1790901964.003,api,0.059
1790901964.003,client,0.030
1790901964.003,enginecore,3.507
1790901964.003,other_total,0.000
1790901964.003,store_0,0.000
1790901964.003,store_1,0.000
1790901964.003,store_2,0.000
1790901964.003,avail_mb,39232
1790901964.003,pswpin,907522
1790901965.013,api,0.040
1790901965.013,client,0.010
1790901965.013,enginecore,3.686
1790901965.013,other_total,0.059
1790901965.013,store_0,0.000
1790901965.013,store_1,0.000
1790901965.013,store_2,0.000
1790901965.013,avail_mb,39229
1790901965.013,pswpin,907522
1790901966.021,api,0.069
1790901966.021,client,0.020
1790901966.021,enginecore,3.548
1790901966.021,other_total,0.000
1790901966.021,store_0,0.000
1790901966.021,store_1,0.000
1790901966.021,store_2,0.000
1790901966.021,avail_mb,39227
1790901966.021,pswpin,907522
1790901967.030,api,0.059
1790901967.030,client,0.020
1790901967.030,enginecore,3.519
1790901967.030,other_total,0.000
1790901967.030,store_0,0.000
1790901967.030,store_1,0.000
1790901967.030,store_2,0.000
1790901967.030,avail_mb,39226
1790901967.030,pswpin,907522
1790901968.039,api,0.059
1790901968.039,client,0.020
1790901968.039,enginecore,3.816
1790901968.039,other_total,0.010
1790901968.039,store_0,0.000
1790901968.039,store_1,0.000
1790901968.039,store_2,0.000
1790901968.039,avail_mb,39227
1790901968.039,pswpin,907522
1790901969.049,api,0.069
1790901969.049,client,0.040
1790901969.049,enginecore,4.298
1790901969.049,other_total,0.010
1790901969.049,store_0,0.000
1790901969.049,store_1,0.000
1790901969.049,store_2,0.000
1790901969.049,avail_mb,39230
1790901969.049,pswpin,907522
1790901970.058,api,0.099
1790901970.058,client,0.040
1790901970.058,enginecore,3.944
1790901970.058,other_total,0.000
1790901970.058,store_0,0.000
1790901970.058,store_1,0.000
1790901970.058,store_2,0.000
1790901970.058,avail_mb,39235
1790901970.058,pswpin,907522
1790901971.067,api,0.079
1790901971.067,client,0.040
1790901971.067,enginecore,4.064
1790901971.067,other_total,0.000
1790901971.067,store_0,0.000
1790901971.067,store_1,0.000
1790901971.067,store_2,0.000
1790901971.067,avail_mb,39226
1790901971.067,pswpin,907522
1790901972.077,api,0.059
1790901972.077,client,0.020
1790901972.077,enginecore,3.477
1790901972.077,other_total,0.040
1790901972.077,store_0,0.000
1790901972.077,store_1,0.000
1790901972.077,store_2,0.000
1790901972.077,avail_mb,39226
1790901972.077,pswpin,907522
1790901973.086,api,0.040
1790901973.086,client,0.030
1790901973.086,enginecore,3.845
1790901973.086,other_total,0.000
1790901973.086,store_0,0.000
1790901973.086,store_1,0.000
1790901973.086,store_2,0.000
1790901973.086,avail_mb,39226
1790901973.086,pswpin,907522
1790901974.095,api,0.059
1790901974.095,client,0.020
1790901974.095,enginecore,3.498
1790901974.095,other_total,0.020
1790901974.095,store_0,0.000
1790901974.095,store_1,0.000
1790901974.095,store_2,0.000
1790901974.095,avail_mb,39224
1790901974.095,pswpin,907522
1790901975.104,api,0.050
1790901975.104,client,0.010
1790901975.104,enginecore,1.555
1790901975.104,other_total,0.020
1790901975.104,store_0,0.000
1790901975.104,store_1,0.000
1790901975.104,store_2,0.000
1790901975.104,avail_mb,39224
1790901975.104,pswpin,907522
1790901976.113,api,0.040
1790901976.113,client,0.020
1790901976.113,enginecore,1.298
1790901976.113,other_total,0.020
1790901976.113,store_0,0.000
1790901976.113,store_1,0.000
1790901976.113,store_2,0.000
1790901976.113,avail_mb,39224
1790901976.113,pswpin,907522
1790901977.123,api,0.050
1790901977.123,client,0.010
1790901977.123,enginecore,2.487
1790901977.123,other_total,0.050
1790901977.123,store_0,0.000
1790901977.123,store_1,0.000
1790901977.123,store_2,0.000
1790901977.123,avail_mb,39226
1790901977.123,pswpin,907522
1790901978.132,api,0.050
1790901978.132,client,0.030
1790901978.132,enginecore,4.260
1790901978.132,other_total,0.000
1790901978.132,store_0,0.000
1790901978.132,store_1,0.000
1790901978.132,store_2,0.000
1790901978.132,avail_mb,39225
1790901978.132,pswpin,907522
1790901979.141,api,0.079
1790901979.141,client,0.030
1790901979.141,enginecore,3.588
1790901979.141,other_total,0.030
1790901979.141,store_0,0.000
1790901979.141,store_1,0.000
1790901979.141,store_2,0.000
1790901979.141,avail_mb,39226
1790901979.141,pswpin,907522
1790901980.150,api,0.079
1790901980.150,client,0.020
1790901980.150,enginecore,4.123
1790901980.150,other_total,0.020
1790901980.150,store_0,0.000
1790901980.150,store_1,0.000
1790901980.150,store_2,0.000
1790901980.150,avail_mb,39226
1790901980.150,pswpin,907522
1790901981.160,api,0.099
1790901981.160,client,0.030
1790901981.160,enginecore,4.229
1790901981.160,other_total,0.000
1790901981.160,store_0,0.000
1790901981.160,store_1,0.000
1790901981.160,store_2,0.000
1790901981.160,avail_mb,39226
1790901981.160,pswpin,907522
1790901982.169,api,0.069
1790901982.169,client,0.030
1790901982.169,enginecore,3.666
1790901982.169,other_total,0.030
1790901982.169,store_0,0.000
1790901982.169,store_1,0.000
1790901982.169,store_2,0.000
1790901982.169,avail_mb,39227
1790901982.169,pswpin,907522
1790901983.178,api,0.059
1790901983.178,client,0.030
1790901983.178,enginecore,3.984
1790901983.178,other_total,0.040
1790901983.178,store_0,0.000
1790901983.178,store_1,0.000
1790901983.178,store_2,0.000
1790901983.178,avail_mb,39228
1790901983.178,pswpin,907522
1790901984.187,api,0.040
1790901984.187,client,0.030
1790901984.187,enginecore,3.518
1790901984.187,other_total,0.020
1790901984.187,store_0,0.000
1790901984.187,store_1,0.000
1790901984.187,store_2,0.000
1790901984.187,avail_mb,39228
1790901984.187,pswpin,907522
1790901985.196,api,0.079
1790901985.196,client,0.030
1790901985.196,enginecore,4.014
1790901985.196,other_total,0.040
1790901985.196,store_0,0.000
1790901985.196,store_1,0.000
1790901985.196,store_2,0.000
1790901985.196,avail_mb,39229
1790901985.196,pswpin,907522
1790901986.205,api,0.050
1790901986.205,client,0.010
1790901986.205,enginecore,3.805
1790901986.205,other_total,0.050
1790901986.205,store_0,0.000
1790901986.205,store_1,0.000
1790901986.205,store_2,0.000
1790901986.205,avail_mb,39227
1790901986.205,pswpin,907522
1790901987.215,api,0.089
1790901987.215,client,0.040
1790901987.215,enginecore,3.939
1790901987.215,other_total,0.000
1790901987.215,store_0,0.000
1790901987.215,store_1,0.000
1790901987.215,store_2,0.000
1790901987.215,avail_mb,39225
1790901987.215,pswpin,907522
1790901988.225,api,0.059
1790901988.225,client,0.030
1790901988.225,enginecore,3.755
1790901988.225,other_total,0.069
1790901988.225,store_0,0.000
1790901988.225,store_1,0.000
1790901988.225,store_2,0.000
1790901988.225,avail_mb,39225
1790901988.225,pswpin,907522
1790901989.234,api,0.040
1790901989.234,client,0.020
1790901989.234,enginecore,3.746
1790901989.234,other_total,0.020
1790901989.234,store_0,0.000
1790901989.234,store_1,0.000
1790901989.234,store_2,0.000
1790901989.234,avail_mb,39225
1790901989.234,pswpin,907522
1790901990.243,api,0.099
1790901990.243,client,0.030
1790901990.243,enginecore,3.577
1790901990.243,other_total,0.000
1790901990.243,store_0,0.000
1790901990.243,store_1,0.000
1790901990.243,store_2,0.000
1790901990.243,avail_mb,39225
1790901990.243,pswpin,907522
1790901991.252,api,0.040
1790901991.252,client,0.030
1790901991.252,enginecore,2.597
1790901991.252,other_total,0.030
1790901991.252,store_0,0.000
1790901991.252,store_1,0.000
1790901991.252,store_2,0.000
1790901991.252,avail_mb,39222
1790901991.252,pswpin,907522
1790901992.261,api,0.059
1790901992.261,client,0.010
1790901992.261,enginecore,3.380
1790901992.261,other_total,0.059
1790901992.261,store_0,0.000
1790901992.261,store_1,0.000
1790901992.261,store_2,0.000
1790901992.261,avail_mb,39225
1790901992.261,pswpin,907522
1790901993.270,api,0.079
1790901993.270,client,0.020
1790901993.270,enginecore,3.588
1790901993.270,other_total,0.000
1790901993.270,store_0,0.000
1790901993.270,store_1,0.000
1790901993.270,store_2,0.000
1790901993.270,avail_mb,39224
1790901993.270,pswpin,907522
1790901994.280,api,0.050
1790901994.280,client,0.020
1790901994.280,enginecore,3.655
1790901994.280,other_total,0.050
1790901994.280,store_0,0.000
1790901994.280,store_1,0.000
1790901994.280,store_2,0.000
1790901994.280,avail_mb,39222
1790901994.280,pswpin,907522
1790901995.289,api,0.069
1790901995.289,client,0.010
1790901995.289,enginecore,3.676
1790901995.289,other_total,0.020
1790901995.289,store_0,0.000
1790901995.289,store_1,0.000
1790901995.289,store_2,0.000
1790901995.289,avail_mb,39222
1790901995.289,pswpin,907522
1790901996.298,api,0.059
1790901996.298,client,0.030
1790901996.298,enginecore,4.072
1790901996.298,other_total,0.000
1790901996.298,store_0,0.000
1790901996.298,store_1,0.000
1790901996.298,store_2,0.000
1790901996.298,avail_mb,39226
1790901996.298,pswpin,907522
1790901997.308,api,0.069
1790901997.308,client,0.040
1790901997.308,enginecore,3.844
1790901997.308,other_total,0.020
1790901997.308,store_0,0.000
1790901997.308,store_1,0.000
1790901997.308,store_2,0.000
1790901997.308,avail_mb,39223
1790901997.308,pswpin,907522
1790901998.317,api,0.059
1790901998.317,client,0.030
1790901998.317,enginecore,3.825
1790901998.317,other_total,0.000
1790901998.317,store_0,0.000
1790901998.317,store_1,0.000
1790901998.317,store_2,0.000
1790901998.317,avail_mb,39222
1790901998.317,pswpin,907522
1790901999.326,api,0.089
1790901999.326,client,0.030
1790901999.326,enginecore,3.894
1790901999.326,other_total,0.000
1790901999.326,store_0,0.000
1790901999.326,store_1,0.000
1790901999.326,store_2,0.000
1790901999.326,avail_mb,39222
1790901999.326,pswpin,907522
1790902000.335,api,0.069
1790902000.335,client,0.000
1790902000.335,enginecore,3.468
1790902000.335,other_total,0.010
1790902000.335,store_0,0.000
1790902000.335,store_1,0.000
1790902000.335,store_2,0.000
1790902000.335,avail_mb,39224
1790902000.335,pswpin,907522
1790902001.345,api,0.059
1790902001.345,client,0.030
1790902001.345,enginecore,2.614
1790902001.345,other_total,0.000
1790902001.345,store_0,0.000
1790902001.345,store_1,0.000
1790902001.345,store_2,0.000
1790902001.345,avail_mb,39224
1790902001.345,pswpin,907522
1790902002.354,api,0.059
1790902002.354,client,0.020
1790902002.354,enginecore,3.726
1790902002.354,other_total,0.020
1790902002.354,store_0,0.000
1790902002.354,store_1,0.000
1790902002.354,store_2,0.000
1790902002.354,avail_mb,39224
1790902002.354,pswpin,907522
1790902003.363,api,0.059
1790902003.363,client,0.020
1790902003.363,enginecore,3.499
1790902003.363,other_total,0.000
1790902003.363,store_0,0.000
1790902003.363,store_1,0.000
1790902003.363,store_2,0.000
1790902003.363,avail_mb,39219
1790902003.363,pswpin,907522
1790902004.372,api,0.069
1790902004.372,client,0.030
1790902004.372,enginecore,3.745
1790902004.372,other_total,0.000
1790902004.372,store_0,0.000
1790902004.372,store_1,0.000
1790902004.372,store_2,0.000
1790902004.372,avail_mb,39218
1790902004.372,pswpin,907522
1790902005.382,api,0.059
1790902005.382,client,0.010
1790902005.382,enginecore,2.468
1790902005.382,other_total,0.040
1790902005.382,store_0,0.000
1790902005.382,store_1,0.000
1790902005.382,store_2,0.000
1790902005.382,avail_mb,39217
1790902005.382,pswpin,907522
1790902006.391,api,0.050
1790902006.391,client,0.040
1790902006.391,enginecore,2.834
1790902006.391,other_total,0.030
1790902006.391,store_0,0.000
1790902006.391,store_1,0.000
1790902006.391,store_2,0.000
1790902006.391,avail_mb,39216
1790902006.391,pswpin,907522
1790902007.400,api,0.059
1790902007.400,client,0.010
1790902007.400,enginecore,3.865
1790902007.400,other_total,0.010
1790902007.400,store_0,0.000
1790902007.400,store_1,0.000
1790902007.400,store_2,0.000
1790902007.400,avail_mb,39214
1790902007.400,pswpin,907522
1790902008.409,api,0.069
1790902008.409,client,0.020
1790902008.409,enginecore,3.984
1790902008.409,other_total,0.000
1790902008.409,store_0,0.000
1790902008.409,store_1,0.000
1790902008.409,store_2,0.000
1790902008.409,avail_mb,39214
1790902008.409,pswpin,907522
1790902009.418,api,0.050
1790902009.418,client,0.020
1790902009.418,enginecore,3.795
1790902009.418,other_total,0.079
1790902009.418,store_0,0.000
1790902009.418,store_1,0.000
1790902009.418,store_2,0.000
1790902009.418,avail_mb,39211
1790902009.418,pswpin,907522
1790902010.427,api,0.089
1790902010.427,client,0.020
1790902010.427,enginecore,3.925
1790902010.427,other_total,0.000
1790902010.427,store_0,0.000
1790902010.427,store_1,0.000
1790902010.427,store_2,0.000
1790902010.427,avail_mb,39215
1790902010.427,pswpin,907522
1790902011.436,api,0.059
1790902011.436,client,0.030
1790902011.436,enginecore,3.796
1790902011.436,other_total,0.030
1790902011.436,store_0,0.000
1790902011.436,store_1,0.000
1790902011.436,store_2,0.000
1790902011.436,avail_mb,39213
1790902011.436,pswpin,907522
1790902012.446,api,0.059
1790902012.446,client,0.040
1790902012.446,enginecore,3.683
1790902012.446,other_total,0.030
1790902012.446,store_0,0.000
1790902012.446,store_1,0.000
1790902012.446,store_2,0.000
1790902012.446,avail_mb,39209
1790902012.446,pswpin,907522
1790902013.455,api,0.079
1790902013.455,client,0.010
1790902013.455,enginecore,4.013
1790902013.455,other_total,0.069
1790902013.455,store_0,0.000
1790902013.455,store_1,0.000
1790902013.455,store_2,0.000
1790902013.455,avail_mb,39209
1790902013.455,pswpin,907522
1790902014.465,api,0.059
1790902014.465,client,0.040
1790902014.465,enginecore,3.396
1790902014.465,other_total,0.010
1790902014.465,store_0,0.000
1790902014.465,store_1,0.000
1790902014.465,store_2,0.000
1790902014.465,avail_mb,39209
1790902014.465,pswpin,907522
1790902015.475,api,0.059
1790902015.475,client,0.010
1790902015.475,enginecore,3.517
1790902015.475,other_total,0.050
1790902015.475,store_0,0.000
1790902015.475,store_1,0.000
1790902015.475,store_2,0.000
1790902015.475,avail_mb,39210
1790902015.475,pswpin,907522
1790902016.484,api,0.059
1790902016.484,client,0.030
1790902016.484,enginecore,4.100
1790902016.484,other_total,0.020
1790902016.484,store_0,0.000
1790902016.484,store_1,0.000
1790902016.484,store_2,0.000
1790902016.484,avail_mb,39214
1790902016.484,pswpin,907522
1790902017.494,api,0.059
1790902017.494,client,0.030
1790902017.494,enginecore,3.973
1790902017.494,other_total,0.000
1790902017.494,store_0,0.000
1790902017.494,store_1,0.000
1790902017.494,store_2,0.000
1790902017.494,avail_mb,39213
1790902017.494,pswpin,907522
1790902018.504,api,0.079
1790902018.504,client,0.000
1790902018.504,enginecore,3.990
1790902018.504,other_total,0.099
1790902018.504,store_0,0.000
1790902018.504,store_1,0.000
1790902018.504,store_2,0.000
1790902018.504,avail_mb,39208
1790902018.504,pswpin,907522
1790902019.513,api,0.089
1790902019.513,client,0.050
1790902019.513,enginecore,3.963
1790902019.513,other_total,0.000
1790902019.513,store_0,0.000
1790902019.513,store_1,0.000
1790902019.513,store_2,0.000
1790902019.513,avail_mb,39210
1790902019.513,pswpin,907522
1790902020.522,api,0.079
1790902020.522,client,0.020
1790902020.522,enginecore,4.331
1790902020.522,other_total,0.000
1790902020.522,store_0,0.000
1790902020.522,store_1,0.000
1790902020.522,store_2,0.000
1790902020.522,avail_mb,39210
1790902020.522,pswpin,907522
1790902021.531,api,0.059
1790902021.531,client,0.020
1790902021.531,enginecore,3.884
1790902021.531,other_total,0.059
1790902021.531,store_0,0.000
1790902021.531,store_1,0.000
1790902021.531,store_2,0.000
1790902021.531,avail_mb,39208
1790902021.531,pswpin,907522
1790902022.540,api,0.059
1790902022.540,client,0.030
1790902022.540,enginecore,3.607
1790902022.540,other_total,0.010
1790902022.540,store_0,0.000
1790902022.540,store_1,0.000
1790902022.540,store_2,0.000
1790902022.540,avail_mb,39208
1790902022.540,pswpin,907522
1790902023.549,api,0.069
1790902023.549,client,0.020
1790902023.549,enginecore,3.112
1790902023.549,other_total,0.020
1790902023.549,store_0,0.000
1790902023.549,store_1,0.000
1790902023.549,store_2,0.000
1790902023.549,avail_mb,39208
1790902023.549,pswpin,907522
1790902024.559,api,0.059
1790902024.559,client,0.010
1790902024.559,enginecore,3.776
1790902024.559,other_total,0.000
1790902024.559,store_0,0.000
1790902024.559,store_1,0.000
1790902024.559,store_2,0.000
1790902024.559,avail_mb,39207
1790902024.559,pswpin,907522
1790902025.568,api,0.079
1790902025.568,client,0.030
1790902025.568,enginecore,3.914
1790902025.568,other_total,0.000
1790902025.568,store_0,0.000
1790902025.568,store_1,0.000
1790902025.568,store_2,0.000
1790902025.568,avail_mb,39207
1790902025.568,pswpin,907522
1790902026.577,api,0.069
1790902026.577,client,0.020
1790902026.577,enginecore,3.844
1790902026.577,other_total,0.000
1790902026.577,store_0,0.000
1790902026.577,store_1,0.000
1790902026.577,store_2,0.000
1790902026.577,avail_mb,39206
1790902026.577,pswpin,907522
1790902027.586,api,0.079
1790902027.586,client,0.030
1790902027.586,enginecore,3.795
1790902027.586,other_total,0.000
1790902027.586,store_0,0.000
1790902027.586,store_1,0.000
1790902027.586,store_2,0.000
1790902027.586,avail_mb,39206
1790902027.586,pswpin,907522
1790902028.595,api,0.050
1790902028.595,client,0.030
1790902028.595,enginecore,3.171
1790902028.595,other_total,0.000
1790902028.595,store_0,0.000
1790902028.595,store_1,0.000
1790902028.595,store_2,0.000
1790902028.595,avail_mb,39206
1790902028.595,pswpin,907522
1790902029.604,api,0.069
1790902029.604,client,0.000
1790902029.604,enginecore,3.736
1790902029.604,other_total,0.010
1790902029.604,store_0,0.000
1790902029.604,store_1,0.000
1790902029.604,store_2,0.000
1790902029.604,avail_mb,39206
1790902029.604,pswpin,907522
1790902030.613,api,0.079
1790902030.613,client,0.030
1790902030.613,enginecore,3.488
1790902030.613,other_total,0.010
1790902030.613,store_0,0.000
1790902030.613,store_1,0.000
1790902030.613,store_2,0.000
1790902030.613,avail_mb,39205
1790902030.613,pswpin,907522
1790902031.622,api,0.050
1790902031.622,client,0.030
1790902031.622,enginecore,3.300
1790902031.622,other_total,0.000
1790902031.622,store_0,0.000
1790902031.622,store_1,0.000
1790902031.622,store_2,0.000
1790902031.622,avail_mb,39203
1790902031.622,pswpin,907522
1790902032.632,api,0.059
1790902032.632,client,0.030
1790902032.632,enginecore,3.785
1790902032.632,other_total,0.000
1790902032.632,store_0,0.000
1790902032.632,store_1,0.000
1790902032.632,store_2,0.000
1790902032.632,avail_mb,39202
1790902032.632,pswpin,907522
1790902033.641,api,0.059
1790902033.641,client,0.020
1790902033.641,enginecore,3.597
1790902033.641,other_total,0.020
1790902033.641,store_0,0.000
1790902033.641,store_1,0.000
1790902033.641,store_2,0.000
1790902033.641,avail_mb,39199
1790902033.641,pswpin,907522
1790902034.650,api,0.079
1790902034.650,client,0.030
1790902034.650,enginecore,4.053
1790902034.650,other_total,0.000
1790902034.650,store_0,0.000
1790902034.650,store_1,0.000
1790902034.650,store_2,0.000
1790902034.650,avail_mb,39201
1790902034.650,pswpin,907522
1790902035.659,api,0.050
1790902035.659,client,0.020
1790902035.659,enginecore,3.588
1790902035.659,other_total,0.000
1790902035.659,store_0,0.000
1790902035.659,store_1,0.000
1790902035.659,store_2,0.000
1790902035.659,avail_mb,39200
1790902035.659,pswpin,907522
1790902036.668,api,0.079
1790902036.668,client,0.010
1790902036.668,enginecore,4.024
1790902036.668,other_total,0.000
1790902036.668,store_0,0.000
1790902036.668,store_1,0.000
1790902036.668,store_2,0.000
1790902036.668,avail_mb,39199
1790902036.668,pswpin,907522
1790902037.677,api,0.059
1790902037.677,client,0.020
1790902037.677,enginecore,3.775
1790902037.677,other_total,0.000
1790902037.677,store_0,0.000
1790902037.677,store_1,0.000
1790902037.677,store_2,0.000
1790902037.677,avail_mb,39199
1790902037.677,pswpin,907522
1790902038.687,api,0.040
1790902038.687,client,0.030
1790902038.687,enginecore,3.486
1790902038.687,other_total,0.020
1790902038.687,store_0,0.000
1790902038.687,store_1,0.000
1790902038.687,store_2,0.000
1790902038.687,avail_mb,39198
1790902038.687,pswpin,907522
1790902039.696,api,0.079
1790902039.696,client,0.020
1790902039.696,enginecore,3.725
1790902039.696,other_total,0.000
1790902039.696,store_0,0.000
1790902039.696,store_1,0.000
1790902039.696,store_2,0.000
1790902039.696,avail_mb,39197
1790902039.696,pswpin,907522
1790902040.706,api,0.059
1790902040.706,client,0.020
1790902040.706,enginecore,2.497
1790902040.706,other_total,0.059
1790902040.706,store_0,0.000
1790902040.706,store_1,0.000
1790902040.706,store_2,0.000
1790902040.706,avail_mb,39199
1790902040.706,pswpin,907522
1790902041.715,api,0.079
1790902041.715,client,0.030
1790902041.715,enginecore,4.190
1790902041.715,other_total,0.000
1790902041.715,store_0,0.000
1790902041.715,store_1,0.000
1790902041.715,store_2,0.000
1790902041.715,avail_mb,39199
1790902041.715,pswpin,907522
1790902042.724,api,0.079
1790902042.724,client,0.040
1790902042.724,enginecore,4.012
1790902042.724,other_total,0.059
1790902042.724,store_0,0.000
1790902042.724,store_1,0.000
1790902042.724,store_2,0.000
1790902042.724,avail_mb,39197
1790902042.724,pswpin,907522
1790902043.734,api,0.069
1790902043.734,client,0.040
1790902043.734,enginecore,3.675
1790902043.734,other_total,0.050
1790902043.734,store_0,0.000
1790902043.734,store_1,0.000
1790902043.734,store_2,0.000
1790902043.734,avail_mb,39197
1790902043.734,pswpin,907522
1790902044.743,api,0.069
1790902044.743,client,0.020
1790902044.743,enginecore,2.794
1790902044.743,other_total,0.040
1790902044.743,store_0,0.000
1790902044.743,store_1,0.000
1790902044.743,store_2,0.000
1790902044.743,avail_mb,39237
1790902044.743,pswpin,907522
1790902045.753,api,0.050
1790902045.753,client,0.010
1790902045.753,enginecore,2.437
1790902045.753,other_total,0.050
1790902045.753,store_0,0.000
1790902045.753,store_1,0.000
1790902045.753,store_2,0.000
1790902045.753,avail_mb,39237
1790902045.753,pswpin,907522
1790902046.762,api,0.059
1790902046.762,client,0.010
1790902046.762,enginecore,2.546
1790902046.762,other_total,0.030
1790902046.762,store_0,0.000
1790902046.762,store_1,0.000
1790902046.762,store_2,0.000
1790902046.762,avail_mb,39236
1790902046.762,pswpin,907522
1790902047.772,api,0.050
1790902047.772,client,0.020
1790902047.772,enginecore,1.951
1790902047.772,other_total,0.010
1790902047.772,store_0,0.000
1790902047.772,store_1,0.000
1790902047.772,store_2,0.000
1790902047.772,avail_mb,39236
1790902047.772,pswpin,907522
1790902048.781,api,0.040
1790902048.781,client,0.020
1790902048.781,enginecore,1.318
1790902048.781,other_total,0.059
1790902048.781,store_0,0.000
1790902048.781,store_1,0.000
1790902048.781,store_2,0.000
1790902048.781,avail_mb,39234
1790902048.781,pswpin,907522
1790902049.790,api,0.040
1790902049.790,client,0.000
1790902049.790,enginecore,1.834
1790902049.790,other_total,0.069
1790902049.790,store_0,0.000
1790902049.790,store_1,0.000
1790902049.790,store_2,0.000
1790902049.790,avail_mb,39271
1790902049.790,pswpin,907522
1790902050.799,api,0.040
1790902050.799,client,0.020
1790902050.799,enginecore,1.526
1790902050.799,other_total,0.059
1790902050.799,store_0,0.000
1790902050.799,store_1,0.000
1790902050.799,store_2,0.000
1790902050.799,avail_mb,39271
1790902050.799,pswpin,907522
1790902051.808,api,0.050
1790902051.808,client,0.020
1790902051.808,enginecore,1.229
1790902051.808,other_total,0.020
1790902051.808,store_0,0.000
1790902051.808,store_1,0.000
1790902051.808,store_2,0.000
1790902051.808,avail_mb,39277
1790902051.808,pswpin,907522
1790902052.817,api,0.020
1790902052.817,client,0.010
1790902052.817,enginecore,1.041
1790902052.817,other_total,0.020
1790902052.817,store_0,0.000
1790902052.817,store_1,0.000
1790902052.817,store_2,0.000
1790902052.817,avail_mb,39272
1790902052.817,pswpin,907522
1790902053.828,api,0.000
1790902053.828,client,0.000
1790902053.828,enginecore,0.010
1790902053.828,other_total,0.059
1790902053.828,store_0,0.000
1790902053.828,store_1,0.000
1790902053.828,store_2,0.000
1790902053.828,avail_mb,39273
1790902053.828,pswpin,907522
1790902054.837,api,0.030
1790902054.837,client,0.010
1790902054.837,enginecore,1.110
1790902054.837,other_total,0.050
1790902054.837,store_0,0.000
1790902054.837,store_1,0.000
1790902054.837,store_2,0.000
1790902054.837,avail_mb,39271
1790902054.837,pswpin,907522
1790902055.846,api,0.020
1790902055.846,enginecore,0.367
1790902055.846,other_total,0.030
1790902055.846,store_0,0.000
1790902055.846,store_1,0.000
1790902055.846,store_2,0.000
1790902055.846,avail_mb,39316
1790902055.846,pswpin,907522
1790902056.856,api,0.000
1790902056.856,enginecore,0.020
1790902056.856,other_total,0.010
1790902056.856,store_0,0.000
1790902056.856,store_1,0.000
1790902056.856,store_2,0.000
1790902056.856,avail_mb,39321
1790902056.856,pswpin,907522
1790902057.867,api,0.000
1790902057.867,enginecore,0.000
1790902057.867,other_total,0.049
1790902057.867,store_0,0.000
1790902057.867,store_1,0.000
1790902057.867,store_2,0.000
1790902057.867,avail_mb,39317
1790902057.867,pswpin,907522
1790902058.877,api,0.000
1790902058.877,enginecore,0.020
1790902058.877,other_total,0.000
1790902058.877,store_0,0.000
1790902058.877,store_1,0.000
1790902058.877,store_2,0.000
1790902058.877,avail_mb,39317
1790902058.877,pswpin,907522
1790902059.888,api,0.010
1790902059.888,enginecore,0.010
1790902059.888,other_total,2.582
1790902059.888,store_0,0.000
1790902059.888,store_1,0.000
1790902059.888,store_2,0.000
1790902059.888,avail_mb,39143
1790902059.888,pswpin,907522
1790902060.899,api,0.000
1790902060.899,client,0.000
1790902060.899,enginecore,0.020
1790902060.899,other_total,0.030
1790902060.899,store_0,0.000
1790902060.899,store_1,0.000
1790902060.899,store_2,0.000
1790902060.899,avail_mb,39144
1790902060.899,pswpin,907522
1790902061.910,api,0.000
1790902061.910,client,0.000
1790902061.910,enginecore,0.020
1790902061.910,other_total,0.059
1790902061.910,store_0,0.000
1790902061.910,store_1,0.000
1790902061.910,store_2,0.000
1790902061.910,avail_mb,39140
1790902061.910,pswpin,907522
1790902062.921,api,0.010
1790902062.921,client,0.000
1790902062.921,enginecore,0.188
1790902062.921,other_total,0.079
1790902062.921,store_0,0.000
1790902062.921,store_1,0.000
1790902062.921,store_2,0.000
1790902062.921,avail_mb,39134
1790902062.921,pswpin,907522
1790902063.932,api,0.020
1790902063.932,client,0.000
1790902063.932,enginecore,0.307
1790902063.932,other_total,0.069
1790902063.932,store_0,0.000
1790902063.932,store_1,0.000
1790902063.932,store_2,0.000
1790902063.932,avail_mb,39144
1790902063.932,pswpin,907522
1790902064.943,api,0.010
1790902064.943,client,0.000
1790902064.943,enginecore,0.287
1790902064.943,other_total,0.010
1790902064.943,store_0,0.000
1790902064.943,store_1,0.000
1790902064.943,store_2,0.000
1790902064.943,avail_mb,39151
1790902064.943,pswpin,907522
1790902065.954,api,0.010
1790902065.954,client,0.020
1790902065.954,enginecore,2.423
1790902065.954,other_total,0.000
1790902065.954,store_0,0.000
1790902065.954,store_1,0.000
1790902065.954,store_2,0.059
1790902065.954,avail_mb,39170
1790902065.954,pswpin,907522
1790902066.965,api,0.010
1790902066.965,client,0.000
1790902066.965,enginecore,1.385
1790902066.965,other_total,0.069
1790902066.965,store_0,0.000
1790902066.965,store_1,0.000
1790902066.965,store_2,0.030
1790902066.965,avail_mb,39178
1790902066.965,pswpin,907522
1790902067.976,api,0.020
1790902067.976,client,0.000
1790902067.976,enginecore,1.246
1790902067.976,other_total,0.099
1790902067.976,store_0,0.000
1790902067.976,store_1,0.000
1790902067.976,store_2,0.030
1790902067.976,avail_mb,39173
1790902067.976,pswpin,907522
1790902068.988,api,0.000
1790902068.988,client,0.010
1790902068.988,enginecore,4.477
1790902068.988,other_total,0.040
1790902068.988,store_0,0.000
1790902068.988,store_1,0.079
1790902068.988,store_2,0.030
1790902068.988,avail_mb,39199
1790902068.988,pswpin,907522
1790902069.997,api,0.020
1790902069.997,client,0.000
1790902069.997,enginecore,3.320
1790902069.997,other_total,0.079
1790902069.997,store_0,0.020
1790902069.997,store_1,0.020
1790902069.997,store_2,0.020
1790902069.997,avail_mb,39196
1790902069.997,pswpin,907522
1790902071.008,api,0.020
1790902071.008,client,0.000
1790902071.008,enginecore,2.265
1790902071.008,other_total,0.020
1790902071.008,store_0,0.030
1790902071.008,store_1,0.030
1790902071.008,store_2,0.000
1790902071.008,avail_mb,39200
1790902071.008,pswpin,907522
1790902072.019,api,0.000
1790902072.019,client,0.000
1790902072.019,enginecore,1.207
1790902072.019,other_total,0.059
1790902072.019,store_0,0.000
1790902072.019,store_1,0.030
1790902072.019,store_2,0.000
1790902072.019,avail_mb,39198
1790902072.019,pswpin,907522
1790902073.030,api,0.020
1790902073.030,client,0.000
1790902073.030,enginecore,2.463
1790902073.030,other_total,0.079
1790902073.030,store_0,0.000
1790902073.030,store_1,0.030
1790902073.030,store_2,0.030
1790902073.030,avail_mb,39287
1790902073.030,pswpin,907522
1790902074.041,api,0.010
1790902074.041,client,0.000
1790902074.041,enginecore,2.344
1790902074.041,other_total,0.020
1790902074.041,store_0,0.059
1790902074.041,store_1,0.000
1790902074.041,store_2,0.000
1790902074.041,avail_mb,39291
1790902074.041,pswpin,907522
1790902075.052,api,0.000
1790902075.052,client,0.000
1790902075.052,enginecore,0.030
1790902075.052,other_total,0.030
1790902075.052,store_0,0.000
1790902075.052,store_1,0.000
1790902075.052,store_2,0.000
1790902075.052,avail_mb,39291
1790902075.052,pswpin,907522
1790902076.063,api,0.010
1790902076.063,client,0.000
1790902076.063,enginecore,1.207
1790902076.063,other_total,0.069
1790902076.063,store_0,0.030
1790902076.063,store_1,0.000
1790902076.063,store_2,0.000
1790902076.063,avail_mb,39285
1790902076.063,pswpin,907522
1790902077.074,api,0.000
1790902077.074,client,0.000
1790902077.074,enginecore,0.030
1790902077.074,other_total,0.030
1790902077.074,store_0,0.000
1790902077.074,store_1,0.000
1790902077.074,store_2,0.000
1790902077.074,avail_mb,39286
1790902077.074,pswpin,907522
1790902078.085,api,0.010
1790902078.085,client,0.000
1790902078.085,enginecore,0.059
1790902078.085,other_total,0.010
1790902078.085,store_0,0.000
1790902078.085,store_1,0.000
1790902078.085,store_2,0.000
1790902078.085,avail_mb,39285
1790902078.085,pswpin,907522
1790902079.096,api,0.000
1790902079.096,client,0.000
1790902079.096,enginecore,0.049
1790902079.096,other_total,0.049
1790902079.096,store_0,0.000
1790902079.096,store_1,0.000
1790902079.096,store_2,0.000
1790902079.096,avail_mb,39282
1790902079.096,pswpin,907522
1790902080.107,api,0.020
1790902080.107,client,0.000
1790902080.107,enginecore,1.167
1790902080.107,other_total,0.020
1790902080.107,store_0,0.020
1790902080.107,store_1,0.000
1790902080.107,store_2,0.000
1790902080.107,avail_mb,39286
1790902080.107,pswpin,907522
1790902081.118,api,0.000
1790902081.118,client,0.000
1790902081.118,enginecore,0.049
1790902081.118,other_total,0.040
1790902081.118,store_0,0.000
1790902081.118,store_1,0.000
1790902081.118,store_2,0.000
1790902081.118,avail_mb,39282
1790902081.118,pswpin,907522
1790902082.130,api,0.000
1790902082.130,enginecore,1.186
1790902082.130,other_total,0.069
1790902082.130,store_0,0.030
1790902082.130,store_1,0.000
1790902082.130,store_2,0.000
1790902082.130,avail_mb,39325
1790902082.130,pswpin,907522
1790902083.141,api,0.010
1790902083.141,enginecore,0.020
1790902083.141,other_total,0.040
1790902083.141,store_0,0.000
1790902083.141,store_1,0.000
1790902083.141,store_2,0.000
1790902083.141,avail_mb,39324
1790902083.141,pswpin,907522
1790902084.152,api,0.010
1790902084.152,enginecore,0.040
1790902084.152,other_total,0.030
1790902084.152,store_0,0.000
1790902084.152,store_1,0.000
1790902084.152,store_2,0.000
1790902084.152,avail_mb,39324
1790902084.152,pswpin,907522
1790902085.163,api,0.000
1790902085.163,enginecore,0.040
1790902085.163,other_total,0.079
1790902085.163,store_0,0.000
1790902085.163,store_1,0.000
1790902085.163,store_2,0.000
1790902085.163,avail_mb,39326
1790902085.163,pswpin,907522
1790902086.174,api,0.000
1790902086.174,enginecore,0.000
1790902086.174,other_total,0.218
1790902086.174,store_0,0.000
1790902086.174,store_1,0.000
1790902086.174,store_2,0.000
1790902086.174,avail_mb,39323
1790902086.174,pswpin,907522
1790902087.184,api,0.000
1790902087.184,enginecore,0.010
1790902087.184,other_total,0.336
1790902087.184,store_0,0.000
1790902087.184,store_1,0.000
1790902087.184,store_2,0.000
1790902087.184,avail_mb,39280
1790902087.184,pswpin,907522
1790902088.196,api,0.000
1790902088.196,enginecore,0.030
1790902088.196,other_total,0.109
1790902088.196,store_0,0.000
1790902088.196,store_1,0.000
1790902088.196,store_2,0.000
1790902088.196,avail_mb,39278
1790902088.196,pswpin,907522
1790902089.207,api,0.010
1790902089.207,enginecore,0.049
1790902089.207,other_total,0.000
1790902089.207,store_0,0.000
1790902089.207,store_1,0.000
1790902089.207,store_2,0.000
1790902089.207,avail_mb,39279
1790902089.207,pswpin,907522
1790902090.218,api,0.020
1790902090.218,enginecore,0.030
1790902090.218,other_total,2.473
1790902090.218,store_0,0.000
1790902090.218,store_1,0.000
1790902090.218,store_2,0.000
1790902090.218,avail_mb,39140
1790902090.218,pswpin,907522
1790902091.229,api,0.010
1790902091.229,client,0.000
1790902091.229,enginecore,0.030
1790902091.229,other_total,0.040
1790902091.229,store_0,0.000
1790902091.229,store_1,0.000
1790902091.229,store_2,0.000
1790902091.229,avail_mb,39138
1790902091.229,pswpin,907522
1790902092.239,api,0.000
1790902092.239,client,0.000
1790902092.239,enginecore,0.020
1790902092.239,other_total,0.049
1790902092.239,store_0,0.000
1790902092.239,store_1,0.000
1790902092.239,store_2,0.000
1790902092.239,avail_mb,39138
1790902092.239,pswpin,907522
1790902093.249,api,0.030
1790902093.249,client,0.010
1790902093.249,enginecore,12.444
1790902093.249,other_total,0.020
1790902093.249,store_0,0.059
1790902093.249,store_1,0.020
1790902093.249,store_2,0.040
1790902093.249,avail_mb,39167
1790902093.249,pswpin,907522
1790902094.259,api,0.059
1790902094.259,client,0.030
1790902094.259,enginecore,3.209
1790902094.259,other_total,0.000
1790902094.259,store_0,0.000
1790902094.259,store_1,0.000
1790902094.259,store_2,0.000
1790902094.259,avail_mb,39164
1790902094.259,pswpin,907522
1790902095.268,api,0.059
1790902095.268,client,0.020
1790902095.268,enginecore,9.415
1790902095.268,other_total,0.000
1790902095.268,store_0,0.050
1790902095.268,store_1,0.000
1790902095.268,store_2,0.020
1790902095.268,avail_mb,39166
1790902095.268,pswpin,907522
1790902096.279,api,0.040
1790902096.279,client,0.010
1790902096.279,enginecore,3.855
1790902096.279,other_total,0.030
1790902096.279,store_0,0.000
1790902096.279,store_1,0.000
1790902096.279,store_2,0.000
1790902096.279,avail_mb,39166
1790902096.279,pswpin,907522
1790902097.289,api,0.050
1790902097.289,client,0.030
1790902097.289,enginecore,5.308
1790902097.289,other_total,0.020
1790902097.289,store_0,0.000
1790902097.289,store_1,0.000
1790902097.289,store_2,0.020
1790902097.289,avail_mb,39160
1790902097.289,pswpin,907522
1790902098.299,api,0.059
1790902098.299,client,0.010
1790902098.299,enginecore,6.448
1790902098.299,other_total,0.099
1790902098.299,store_0,0.000
1790902098.299,store_1,0.059
1790902098.299,store_2,0.000
1790902098.299,avail_mb,39130
1790902098.299,pswpin,907522
1790902099.312,api,0.059
1790902099.312,client,0.010
1790902099.312,enginecore,6.630
1790902099.312,other_total,0.089
1790902099.312,store_0,0.030
1790902099.312,store_1,0.020
1790902099.312,store_2,0.000
1790902099.312,avail_mb,39167
1790902099.312,pswpin,907522
1790902100.321,api,0.059
1790902100.321,client,0.020
1790902100.321,enginecore,8.008
1790902100.321,other_total,0.010
1790902100.321,store_0,0.020
1790902100.321,store_1,0.000
1790902100.321,store_2,0.040
1790902100.321,avail_mb,39159
1790902100.321,pswpin,907522
1790902101.330,api,0.040
1790902101.330,client,0.020
1790902101.330,enginecore,8.601
1790902101.330,other_total,0.129
1790902101.330,store_0,0.040
1790902101.330,store_1,0.020
1790902101.330,store_2,0.000
1790902101.330,avail_mb,39159
1790902101.330,pswpin,907522
1790902102.340,api,0.059
1790902102.340,client,0.030
1790902102.340,enginecore,5.765
1790902102.340,other_total,0.109
1790902102.340,store_0,0.000
1790902102.340,store_1,0.000
1790902102.340,store_2,0.020
1790902102.340,avail_mb,39139
1790902102.340,pswpin,907522
1790902103.349,api,0.059
1790902103.349,client,0.020
1790902103.349,enginecore,7.410
1790902103.349,other_total,0.059
1790902103.349,store_0,0.000
1790902103.349,store_1,0.020
1790902103.349,store_2,0.000
1790902103.349,avail_mb,39134
1790902103.349,pswpin,907522
1790902104.360,api,0.059
1790902104.360,client,0.020
1790902104.360,enginecore,5.905
1790902104.360,other_total,0.040
1790902104.360,store_0,0.000
1790902104.360,store_1,0.000
1790902104.360,store_2,0.049
1790902104.360,avail_mb,39144
1790902104.360,pswpin,907522
1790902105.373,api,0.049
1790902105.373,client,0.010
1790902105.373,enginecore,7.464
1790902105.373,other_total,0.049
1790902105.373,store_0,0.030
1790902105.373,store_1,0.000
1790902105.373,store_2,0.000
1790902105.373,avail_mb,39139
1790902105.373,pswpin,907522
1790902106.385,api,0.040
1790902106.385,client,0.010
1790902106.385,enginecore,7.452
1790902106.385,other_total,0.079
1790902106.385,store_0,0.020
1790902106.385,store_1,0.030
1790902106.385,store_2,0.000
1790902106.385,avail_mb,39143
1790902106.385,pswpin,907522
1790902107.394,api,0.059
1790902107.394,client,0.040
1790902107.394,enginecore,6.511
1790902107.394,other_total,0.000
1790902107.394,store_0,0.000
1790902107.394,store_1,0.000
1790902107.394,store_2,0.000
1790902107.394,avail_mb,39141
1790902107.394,pswpin,907522
1790902108.403,api,0.059
1790902108.403,client,0.020
1790902108.403,enginecore,7.562
1790902108.403,other_total,0.030
1790902108.403,store_0,0.020
1790902108.403,store_1,0.040
1790902108.403,store_2,0.000
1790902108.403,avail_mb,39134
1790902108.403,pswpin,907522
1790902109.412,api,0.069
1790902109.412,client,0.020
1790902109.412,enginecore,4.549
1790902109.412,other_total,0.030
1790902109.412,store_0,0.000
1790902109.412,store_1,0.000
1790902109.412,store_2,0.000
1790902109.412,avail_mb,39125
1790902109.412,pswpin,907522
1790902110.425,api,0.059
1790902110.425,client,0.020
1790902110.425,enginecore,9.211
1790902110.425,other_total,0.059
1790902110.425,store_0,0.030
1790902110.425,store_1,0.020
1790902110.425,store_2,0.020
1790902110.425,avail_mb,39124
1790902110.425,pswpin,907522
1790902111.437,api,0.040
1790902111.437,client,0.000
1790902111.437,enginecore,6.569
1790902111.437,other_total,0.040
1790902111.437,store_0,0.010
1790902111.437,store_1,0.030
1790902111.437,store_2,0.020
1790902111.437,avail_mb,39119
1790902111.437,pswpin,907522
1790902112.446,api,0.089
1790902112.446,client,0.020
1790902112.446,enginecore,7.572
1790902112.446,other_total,0.030
1790902112.446,store_0,0.020
1790902112.446,store_1,0.000
1790902112.446,store_2,0.010
1790902112.446,avail_mb,39116
1790902112.446,pswpin,907522
1790902113.455,api,0.069
1790902113.455,client,0.030
1790902113.455,enginecore,7.898
1790902113.455,other_total,0.059
1790902113.455,store_0,0.030
1790902113.455,store_1,0.040
1790902113.455,store_2,0.000
1790902113.455,avail_mb,39124
1790902113.455,pswpin,907522
1790902114.465,api,0.059
1790902114.465,client,0.030
1790902114.465,enginecore,5.816
1790902114.465,other_total,0.000
1790902114.465,store_0,0.000
1790902114.465,store_1,0.000
1790902114.465,store_2,0.030
1790902114.465,avail_mb,39116
1790902114.465,pswpin,907522
1790902115.474,api,0.069
1790902115.474,client,0.010
1790902115.474,enginecore,8.216
1790902115.474,other_total,0.129
1790902115.474,store_0,0.000
1790902115.474,store_1,0.030
1790902115.474,store_2,0.000
1790902115.474,avail_mb,39099
1790902115.474,pswpin,907522
1790902116.486,api,0.049
1790902116.486,client,0.000
1790902116.486,enginecore,5.709
1790902116.486,other_total,0.069
1790902116.486,store_0,0.000
1790902116.486,store_1,0.000
1790902116.486,store_2,0.049
1790902116.486,avail_mb,39105
1790902116.486,pswpin,907522
1790902117.496,api,0.059
1790902117.496,client,0.030
1790902117.496,enginecore,7.780
1790902117.496,other_total,0.020
1790902117.496,store_0,0.030
1790902117.496,store_1,0.020
1790902117.496,store_2,0.040
1790902117.496,avail_mb,39105
1790902117.496,pswpin,907522
1790902118.508,api,0.049
1790902118.508,client,0.020
1790902118.508,enginecore,7.008
1790902118.508,other_total,0.079
1790902118.508,store_0,0.000
1790902118.508,store_1,0.049
1790902118.508,store_2,0.010
1790902118.508,avail_mb,39106
1790902118.508,pswpin,907522
1790902119.518,api,0.059
1790902119.518,client,0.020
1790902119.518,enginecore,7.407
1790902119.518,other_total,0.000
1790902119.518,store_0,0.000
1790902119.518,store_1,0.000
1790902119.518,store_2,0.030
1790902119.518,avail_mb,39102
1790902119.518,pswpin,907522
1790902120.530,api,0.059
1790902120.530,client,0.010
1790902120.530,enginecore,8.677
1790902120.530,other_total,0.040
1790902120.530,store_0,0.020
1790902120.530,store_1,0.059
1790902120.530,store_2,0.000
1790902120.530,avail_mb,39102
1790902120.530,pswpin,907522
1790902121.539,api,0.050
1790902121.539,client,0.030
1790902121.539,enginecore,5.310
1790902121.539,other_total,0.000
1790902121.539,store_0,0.000
1790902121.539,store_1,0.000
1790902121.539,store_2,0.030
1790902121.539,avail_mb,39092
1790902121.539,pswpin,907522
1790902122.548,api,0.059
1790902122.548,client,0.010
1790902122.548,enginecore,7.789
1790902122.548,other_total,0.030
1790902122.548,store_0,0.020
1790902122.548,store_1,0.000
1790902122.548,store_2,0.000
1790902122.548,avail_mb,39091
1790902122.548,pswpin,907522
1790902123.558,api,0.050
1790902123.558,client,0.030
1790902123.558,enginecore,3.201
1790902123.558,other_total,0.000
1790902123.558,store_0,0.000
1790902123.558,store_1,0.000
1790902123.558,store_2,0.000
1790902123.558,avail_mb,39089
1790902123.558,pswpin,907522
1790902124.567,api,0.059
1790902124.567,client,0.010
1790902124.567,enginecore,9.683
1790902124.567,other_total,0.030
1790902124.567,store_0,0.010
1790902124.567,store_1,0.050
1790902124.567,store_2,0.020
1790902124.567,avail_mb,39083
1790902124.567,pswpin,907522
1790902125.579,api,0.049
1790902125.579,client,0.030
1790902125.579,enginecore,4.800
1790902125.579,other_total,0.020
1790902125.579,store_0,0.020
1790902125.579,store_1,0.000
1790902125.579,store_2,0.000
1790902125.579,avail_mb,39081
1790902125.579,pswpin,907522
1790902126.588,api,0.069
1790902126.588,client,0.000
1790902126.588,enginecore,8.303
1790902126.588,other_total,0.040
1790902126.588,store_0,0.000
1790902126.588,store_1,0.020
1790902126.588,store_2,0.030
1790902126.588,avail_mb,39081
1790902126.588,pswpin,907522
1790902127.600,api,0.059
1790902127.600,client,0.040
1790902127.600,enginecore,7.531
1790902127.600,other_total,0.099
1790902127.600,store_0,0.020
1790902127.600,store_1,0.030
1790902127.600,store_2,0.030
1790902127.600,avail_mb,39100
1790902127.600,pswpin,907522
1790902128.610,api,0.069
1790902128.610,client,0.010
1790902128.610,enginecore,4.804
1790902128.610,other_total,0.010
1790902128.610,store_0,0.000
1790902128.610,store_1,0.000
1790902128.610,store_2,0.000
1790902128.610,avail_mb,39098
1790902128.610,pswpin,907522
1790902129.619,api,0.040
1790902129.619,client,0.010
1790902129.619,enginecore,9.820
1790902129.619,other_total,0.000
1790902129.619,store_0,0.050
1790902129.619,store_1,0.000
1790902129.619,store_2,0.050
1790902129.619,avail_mb,39102
1790902129.619,pswpin,907522
1790902130.628,api,0.059
1790902130.628,client,0.030
1790902130.628,enginecore,3.211
1790902130.628,other_total,0.020
1790902130.628,store_0,0.000
1790902130.628,store_1,0.000
1790902130.628,store_2,0.000
1790902130.628,avail_mb,39097
1790902130.628,pswpin,907522
1790902131.637,api,0.059
1790902131.637,client,0.010
1790902131.637,enginecore,11.270
1790902131.637,other_total,0.059
1790902131.637,store_0,0.050
1790902131.637,store_1,0.010
1790902131.637,store_2,0.000
1790902131.637,avail_mb,39092
1790902131.637,pswpin,907522
1790902132.649,api,0.059
1790902132.649,client,0.010
1790902132.649,enginecore,5.169
1790902132.649,other_total,0.040
1790902132.649,store_0,0.010
1790902132.649,store_1,0.000
1790902132.649,store_2,0.000
1790902132.649,avail_mb,39091
1790902132.649,pswpin,907522
1790902133.660,api,0.069
1790902133.660,client,0.040
1790902133.660,enginecore,7.201
1790902133.660,other_total,0.000
1790902133.660,store_0,0.030
1790902133.660,store_1,0.000
1790902133.660,store_2,0.030
1790902133.660,avail_mb,39093
1790902133.660,pswpin,907522
1790902134.672,api,0.059
1790902134.672,client,0.000
1790902134.672,enginecore,10.545
1790902134.672,other_total,0.069
1790902134.672,store_0,0.049
1790902134.672,store_1,0.020
1790902134.672,store_2,0.010
1790902134.672,avail_mb,39090
1790902134.672,pswpin,907522
1790902135.681,api,0.050
1790902135.681,client,0.020
1790902135.681,enginecore,4.569
1790902135.681,other_total,0.050
1790902135.681,store_0,0.000
1790902135.681,store_1,0.000
1790902135.681,store_2,0.000
1790902135.681,avail_mb,39088
1790902135.681,pswpin,907522
1790902136.690,api,0.059
1790902136.690,client,0.020
1790902136.690,enginecore,11.108
1790902136.690,other_total,0.030
1790902136.690,store_0,0.030
1790902136.690,store_1,0.020
1790902136.690,store_2,0.059
1790902136.690,avail_mb,39084
1790902136.690,pswpin,907522
1790902137.702,api,0.069
1790902137.702,client,0.020
1790902137.702,enginecore,5.178
1790902137.702,other_total,0.030
1790902137.702,store_0,0.000
1790902137.702,store_1,0.049
1790902137.702,store_2,0.000
1790902137.702,avail_mb,39076
1790902137.702,pswpin,907522
1790902138.711,api,0.079
1790902138.711,client,0.010
1790902138.711,enginecore,8.235
1790902138.711,other_total,0.000
1790902138.711,store_0,0.020
1790902138.711,store_1,0.000
1790902138.711,store_2,0.030
1790902138.711,avail_mb,39076
1790902138.711,pswpin,907522
1790902139.720,api,0.059
1790902139.720,client,0.010
1790902139.720,enginecore,5.232
1790902139.720,other_total,0.020
1790902139.720,store_0,0.000
1790902139.720,store_1,0.030
1790902139.720,store_2,0.000
1790902139.720,avail_mb,39068
1790902139.720,pswpin,907522
1790902140.729,api,0.059
1790902140.729,client,0.030
1790902140.729,enginecore,3.656
1790902140.729,other_total,0.030
1790902140.729,store_0,0.000
1790902140.729,store_1,0.000
1790902140.729,store_2,0.000
1790902140.729,avail_mb,39060
1790902140.729,pswpin,907522
1790902141.739,api,0.040
1790902141.739,client,0.020
1790902141.739,enginecore,8.886
1790902141.739,other_total,0.030
1790902141.739,store_0,0.010
1790902141.739,store_1,0.000
1790902141.739,store_2,0.010
1790902141.739,avail_mb,39062
1790902141.739,pswpin,907522
1790902142.748,api,0.059
1790902142.748,client,0.020
1790902142.748,enginecore,3.190
1790902142.748,other_total,0.050
1790902142.748,store_0,0.000
1790902142.748,store_1,0.000
1790902142.748,store_2,0.000
1790902142.748,avail_mb,39058
1790902142.748,pswpin,907522
1790902143.758,api,0.059
1790902143.758,client,0.020
1790902143.758,enginecore,8.707
1790902143.758,other_total,0.040
1790902143.758,store_0,0.030
1790902143.758,store_1,0.050
1790902143.758,store_2,0.010
1790902143.758,avail_mb,39056
1790902143.758,pswpin,907522
1790902144.768,api,0.079
1790902144.768,client,0.020
1790902144.768,enginecore,4.899
1790902144.768,other_total,0.000
1790902144.768,store_0,0.030
1790902144.768,store_1,0.030
1790902144.768,store_2,0.000
1790902144.768,avail_mb,39057
1790902144.768,pswpin,907522
1790902145.778,api,0.059
1790902145.778,client,0.010
1790902145.778,enginecore,7.044
1790902145.778,other_total,0.059
1790902145.778,store_0,0.000
1790902145.778,store_1,0.000
1790902145.778,store_2,0.000
1790902145.778,avail_mb,39057
1790902145.778,pswpin,907522
1790902146.794,api,0.069
1790902146.794,client,0.010
1790902146.794,enginecore,11.102
1790902146.794,other_total,0.010
1790902146.794,store_0,0.030
1790902146.794,store_1,0.049
1790902146.794,store_2,0.059
1790902146.794,avail_mb,39057
1790902146.794,pswpin,907522
1790902147.803,api,0.050
1790902147.803,client,0.010
1790902147.803,enginecore,5.975
1790902147.803,other_total,0.020
1790902147.803,store_0,0.000
1790902147.803,store_1,0.000
1790902147.803,store_2,0.000
1790902147.803,avail_mb,39052
1790902147.803,pswpin,907522
1790902148.823,api,0.069
1790902148.823,client,0.039
1790902148.823,enginecore,11.313
1790902148.823,other_total,0.000
1790902148.823,store_0,0.039
1790902148.823,store_1,0.000
1790902148.823,store_2,0.029
1790902148.823,avail_mb,39048
1790902148.823,pswpin,907522
1790902149.833,api,0.050
1790902149.833,client,0.020
1790902149.833,enginecore,6.774
1790902149.833,other_total,0.000
1790902149.833,store_0,0.000
1790902149.833,store_1,0.030
1790902149.833,store_2,0.000
1790902149.833,avail_mb,39046
1790902149.833,pswpin,907522
1790902150.842,api,0.050
1790902150.842,client,0.010
1790902150.842,enginecore,10.038
1790902150.842,other_total,0.059
1790902150.842,store_0,0.059
1790902150.842,store_1,0.000
1790902150.842,store_2,0.050
1790902150.842,avail_mb,39039
1790902150.842,pswpin,907522
1790902151.851,api,0.059
1790902151.851,client,0.010
1790902151.851,enginecore,5.688
1790902151.851,other_total,0.010
1790902151.851,store_0,0.000
1790902151.851,store_1,0.030
1790902151.851,store_2,0.000
1790902151.851,avail_mb,39034
1790902151.851,pswpin,907522
1790902152.861,api,0.059
1790902152.861,client,0.020
1790902152.861,enginecore,8.703
1790902152.861,other_total,0.000
1790902152.861,store_0,0.050
1790902152.861,store_1,0.000
1790902152.861,store_2,0.000
1790902152.861,avail_mb,39035
1790902152.861,pswpin,907522
1790902153.870,api,0.059
1790902153.870,client,0.010
1790902153.870,enginecore,3.855
1790902153.870,other_total,0.010
1790902153.870,store_0,0.000
1790902153.870,store_1,0.000
1790902153.870,store_2,0.000
1790902153.870,avail_mb,39033
1790902153.870,pswpin,907522
1790902154.879,api,0.079
1790902154.879,client,0.040
1790902154.879,enginecore,8.897
1790902154.879,other_total,0.000
1790902154.879,store_0,0.050
1790902154.879,store_1,0.020
1790902154.879,store_2,0.020
1790902154.879,avail_mb,39029
1790902154.879,pswpin,907522
1790902155.889,api,0.050
1790902155.889,client,0.010
1790902155.889,enginecore,4.773
1790902155.889,other_total,0.059
1790902155.889,store_0,0.000
1790902155.889,store_1,0.000
1790902155.889,store_2,0.010
1790902155.889,avail_mb,39027
1790902155.889,pswpin,907522
1790902156.898,api,0.050
1790902156.898,client,0.010
1790902156.898,enginecore,6.183
1790902156.898,other_total,0.020
1790902156.898,store_0,0.020
1790902156.898,store_1,0.000
1790902156.898,store_2,0.000
1790902156.898,avail_mb,39023
1790902156.898,pswpin,907522
1790902157.910,api,0.049
1790902157.910,client,0.030
1790902157.910,enginecore,5.919
1790902157.910,other_total,0.040
1790902157.910,store_0,0.030
1790902157.910,store_1,0.000
1790902157.910,store_2,0.030
1790902157.910,avail_mb,39022
1790902157.910,pswpin,907522
1790902158.920,api,0.069
1790902158.920,client,0.010
1790902158.920,enginecore,5.874
1790902158.920,other_total,0.000
1790902158.920,store_0,0.030
1790902158.920,store_1,0.000
1790902158.920,store_2,0.000
1790902158.920,avail_mb,39019
1790902158.920,pswpin,907522
1790902159.929,api,0.069
1790902159.929,client,0.020
1790902159.929,enginecore,8.809
1790902159.929,other_total,0.000
1790902159.929,store_0,0.030
1790902159.929,store_1,0.010
1790902159.929,store_2,0.050
1790902159.929,avail_mb,39013
1790902159.929,pswpin,907522
1790902160.938,api,0.079
1790902160.938,client,0.020
1790902160.938,enginecore,3.190
1790902160.938,other_total,0.030
1790902160.938,store_0,0.000
1790902160.938,store_1,0.000
1790902160.938,store_2,0.000
1790902160.938,avail_mb,39005
1790902160.938,pswpin,907522
1790902161.948,api,0.059
1790902161.948,client,0.020
1790902161.948,enginecore,12.006
1790902161.948,other_total,0.010
1790902161.948,store_0,0.030
1790902161.948,store_1,0.030
1790902161.948,store_2,0.040
1790902161.948,avail_mb,39006
1790902161.948,pswpin,907522
1790902162.960,api,0.059
1790902162.960,client,0.010
1790902162.960,enginecore,3.854
1790902162.960,other_total,0.040
1790902162.960,store_0,0.000
1790902162.960,store_1,0.000
1790902162.960,store_2,0.030
1790902162.960,avail_mb,39008
1790902162.960,pswpin,907522
1790902163.969,api,0.050
1790902163.969,client,0.020
1790902163.969,enginecore,11.080
1790902163.969,other_total,0.010
1790902163.969,store_0,0.030
1790902163.969,store_1,0.030
1790902163.969,store_2,0.000
1790902163.969,avail_mb,39003
1790902163.969,pswpin,907522
1790902164.978,api,0.040
1790902164.978,client,0.010
1790902164.978,enginecore,6.429
1790902164.978,other_total,0.040
1790902164.978,store_0,0.000
1790902164.978,store_1,0.000
1790902164.978,store_2,0.030
1790902164.978,avail_mb,39001
1790902164.978,pswpin,907522
1790902165.987,api,0.040
1790902165.987,client,0.020
1790902165.987,enginecore,5.729
1790902165.987,other_total,0.030
1790902165.987,store_0,0.059
1790902165.987,store_1,0.000
1790902165.987,store_2,0.000
1790902165.987,avail_mb,39005
1790902165.987,pswpin,907522
1790902166.997,api,0.059
1790902166.997,client,0.030
1790902166.997,enginecore,11.235
1790902166.997,other_total,0.020
1790902166.997,store_0,0.030
1790902166.997,store_1,0.030
1790902166.997,store_2,0.050
1790902166.997,avail_mb,39000
1790902166.997,pswpin,907522
1790902168.006,api,0.069
1790902168.006,client,0.010
1790902168.006,enginecore,3.220
1790902168.006,other_total,0.050
1790902168.006,store_0,0.000
1790902168.006,store_1,0.000
1790902168.006,store_2,0.000
1790902168.006,avail_mb,38994
1790902168.006,pswpin,907522
1790902169.015,api,0.059
1790902169.015,client,0.030
1790902169.015,enginecore,11.576
1790902169.015,other_total,0.010
1790902169.015,store_0,0.050
1790902169.015,store_1,0.030
1790902169.015,store_2,0.020
1790902169.015,avail_mb,39004
1790902169.015,pswpin,907522
1790902170.027,api,0.059
1790902170.027,client,0.000
1790902170.027,enginecore,5.347
1790902170.027,other_total,0.099
1790902170.027,store_0,0.000
1790902170.027,store_1,0.000
1790902170.027,store_2,0.059
1790902170.027,avail_mb,38997
1790902170.027,pswpin,907522
1790902171.036,api,0.079
1790902171.036,client,0.030
1790902171.036,enginecore,9.087
1790902171.036,other_total,0.000
1790902171.036,store_0,0.030
1790902171.036,store_1,0.020
1790902171.036,store_2,0.000
1790902171.036,avail_mb,38988
1790902171.036,pswpin,907522
1790902172.048,api,0.040
1790902172.048,client,0.000
1790902172.048,enginecore,8.795
1790902172.048,other_total,0.119
1790902172.048,store_0,0.030
1790902172.048,store_1,0.010
1790902172.048,store_2,0.030
1790902172.048,avail_mb,38979
1790902172.048,pswpin,907522
1790902173.057,api,0.059
1790902173.057,client,0.030
1790902173.057,enginecore,4.270
1790902173.057,other_total,0.000
1790902173.057,store_0,0.000
1790902173.057,store_1,0.000
1790902173.057,store_2,0.000
1790902173.057,avail_mb,38974
1790902173.057,pswpin,907522
1790902174.066,api,0.079
1790902174.066,client,0.020
1790902174.066,enginecore,11.803
1790902174.066,other_total,0.040
1790902174.066,store_0,0.000
1790902174.066,store_1,0.050
1790902174.066,store_2,0.020
1790902174.066,avail_mb,38976
1790902174.066,pswpin,907522
1790902175.077,api,0.059
1790902175.077,client,0.000
1790902175.077,enginecore,3.246
1790902175.077,other_total,0.030
1790902175.077,store_0,0.000
1790902175.077,store_1,0.000
1790902175.077,store_2,0.010
1790902175.077,avail_mb,38971
1790902175.077,pswpin,907522
1790902176.087,api,0.059
1790902176.087,client,0.030
1790902176.087,enginecore,8.288
1790902176.087,other_total,0.059
1790902176.087,store_0,0.000
1790902176.087,store_1,0.000
1790902176.087,store_2,0.020
1790902176.087,avail_mb,38960
1790902176.087,pswpin,907522
1790902177.096,api,0.050
1790902177.096,client,0.010
1790902177.096,enginecore,5.863
1790902177.096,other_total,0.000
1790902177.096,store_0,0.000
1790902177.096,store_1,0.000
1790902177.096,store_2,0.040
1790902177.096,avail_mb,38959
1790902177.096,pswpin,907522
1790902178.105,api,0.069
1790902178.105,client,0.030
1790902178.105,enginecore,9.215
1790902178.105,other_total,0.000
1790902178.105,store_0,0.040
1790902178.105,store_1,0.020
1790902178.105,store_2,0.000
1790902178.105,avail_mb,38960
1790902178.105,pswpin,907522
1790902179.119,api,0.059
1790902179.119,client,0.000
1790902179.119,enginecore,8.252
1790902179.119,other_total,0.049
1790902179.119,store_0,0.000
1790902179.119,store_1,0.030
1790902179.119,store_2,0.020
1790902179.119,avail_mb,38958
1790902179.119,pswpin,907522
1790902180.127,api,0.069
1790902180.127,client,0.030
1790902180.127,enginecore,5.788
1790902180.127,other_total,0.010
1790902180.127,store_0,0.000
1790902180.127,store_1,0.000
1790902180.127,store_2,0.000
1790902180.127,avail_mb,38957
1790902180.127,pswpin,907522
1790902181.137,api,0.059
1790902181.137,client,0.010
1790902181.137,enginecore,8.701
1790902181.137,other_total,0.000
1790902181.137,store_0,0.000
1790902181.137,store_1,0.010
1790902181.137,store_2,0.059
1790902181.137,avail_mb,38952
1790902181.137,pswpin,907522
1790902182.146,api,0.069
1790902182.146,client,0.010
1790902182.146,enginecore,4.726
1790902182.146,other_total,0.020
1790902182.146,store_0,0.000
1790902182.146,store_1,0.000
1790902182.146,store_2,0.010
1790902182.146,avail_mb,38946
1790902182.146,pswpin,907522
1790902183.161,api,0.049
1790902183.161,client,0.030
1790902183.161,enginecore,7.443
1790902183.161,other_total,0.000
1790902183.161,store_0,0.059
1790902183.161,store_1,0.030
1790902183.161,store_2,0.000
1790902183.161,avail_mb,38950
1790902183.161,pswpin,907523
1790902184.173,api,0.040
1790902184.173,client,0.000
1790902184.173,enginecore,7.304
1790902184.173,other_total,0.040
1790902184.173,store_0,0.000
1790902184.173,store_1,0.000
1790902184.173,store_2,0.020
1790902184.173,avail_mb,38946
1790902184.173,pswpin,907523
1790902185.182,api,0.059
1790902185.182,client,0.030
1790902185.182,enginecore,6.769
1790902185.182,other_total,0.010
1790902185.182,store_0,0.020
1790902185.182,store_1,0.000
1790902185.182,store_2,0.000
1790902185.182,avail_mb,38938
1790902185.182,pswpin,907523
1790902186.194,api,0.040
1790902186.194,client,0.010
1790902186.194,enginecore,9.637
1790902186.194,other_total,0.040
1790902186.194,store_0,0.000
1790902186.194,store_1,0.059
1790902186.194,store_2,0.059
1790902186.194,avail_mb,38945
1790902186.194,pswpin,907523
1790902187.203,api,0.069
1790902187.203,client,0.030
1790902187.203,enginecore,4.688
1790902187.203,other_total,0.000
1790902187.203,store_0,0.020
1790902187.203,store_1,0.000
1790902187.203,store_2,0.000
1790902187.203,avail_mb,38939
1790902187.203,pswpin,907523
1790902188.212,api,0.059
1790902188.212,client,0.020
1790902188.212,enginecore,10.970
1790902188.212,other_total,0.040
1790902188.212,store_0,0.030
1790902188.212,store_1,0.030
1790902188.212,store_2,0.020
1790902188.212,avail_mb,38932
1790902188.212,pswpin,907523
1790902189.221,api,0.040
1790902189.221,client,0.030
1790902189.221,enginecore,5.806
1790902189.221,other_total,0.000
1790902189.221,store_0,0.000
1790902189.221,store_1,0.000
1790902189.221,store_2,0.030
1790902189.221,avail_mb,38927
1790902189.221,pswpin,907523
1790902190.231,api,0.059
1790902190.231,client,0.010
1790902190.231,enginecore,7.252
1790902190.231,other_total,0.059
1790902190.231,store_0,0.020
1790902190.231,store_1,0.030
1790902190.231,store_2,0.000
1790902190.231,avail_mb,38922
1790902190.231,pswpin,907523
1790902191.243,api,0.079
1790902191.243,client,0.020
1790902191.243,enginecore,7.472
1790902191.243,other_total,0.040
1790902191.243,store_0,0.000
1790902191.243,store_1,0.010
1790902191.243,store_2,0.040
1790902191.243,avail_mb,38910
1790902191.243,pswpin,907523
1790902192.252,api,0.040
1790902192.252,client,0.020
1790902192.252,enginecore,6.836
1790902192.252,other_total,0.079
1790902192.252,store_0,0.050
1790902192.252,store_1,0.000
1790902192.252,store_2,0.000
1790902192.252,avail_mb,38911
1790902192.252,pswpin,907523
1790902193.262,api,0.059
1790902193.262,client,0.000
1790902193.262,enginecore,9.675
1790902193.262,other_total,0.030
1790902193.262,store_0,0.000
1790902193.262,store_1,0.050
1790902193.262,store_2,0.030
1790902193.262,avail_mb,38916
1790902193.262,pswpin,907523
1790902194.271,api,0.069
1790902194.271,client,0.040
1790902194.271,enginecore,3.298
1790902194.271,other_total,0.050
1790902194.271,store_0,0.000
1790902194.271,store_1,0.000
1790902194.271,store_2,0.000
1790902194.271,avail_mb,38910
1790902194.271,pswpin,907523
1790902195.281,api,0.040
1790902195.281,client,0.020
1790902195.281,enginecore,14.050
1790902195.281,other_total,0.000
1790902195.281,store_0,0.059
1790902195.281,store_1,0.030
1790902195.281,store_2,0.020
1790902195.281,avail_mb,38918
1790902195.281,pswpin,907523
1790902196.290,api,0.040
1790902196.290,client,0.010
1790902196.290,enginecore,5.776
1790902196.290,other_total,0.040
1790902196.290,store_0,0.000
1790902196.290,store_1,0.000
1790902196.290,store_2,0.040
1790902196.290,avail_mb,38915
1790902196.290,pswpin,907523
1790902197.299,api,0.059
1790902197.299,client,0.000
1790902197.299,enginecore,9.045
1790902197.299,other_total,0.050
1790902197.299,store_0,0.020
1790902197.299,store_1,0.050
1790902197.299,store_2,0.000
1790902197.299,avail_mb,38911
1790902197.299,pswpin,907523
1790902198.309,api,0.059
1790902198.309,client,0.020
1790902198.309,enginecore,5.844
1790902198.309,other_total,0.030
1790902198.309,store_0,0.000
1790902198.309,store_1,0.000
1790902198.309,store_2,0.020
1790902198.309,avail_mb,38908
1790902198.309,pswpin,907523
1790902199.318,api,0.059
1790902199.318,client,0.030
1790902199.318,enginecore,5.867
1790902199.318,other_total,0.020
1790902199.318,store_0,0.030
1790902199.318,store_1,0.000
1790902199.318,store_2,0.000
1790902199.318,avail_mb,38905
1790902199.318,pswpin,907523
1790902200.329,api,0.079
1790902200.329,client,0.010
1790902200.329,enginecore,9.651
1790902200.329,other_total,0.049
1790902200.329,store_0,0.000
1790902200.329,store_1,0.040
1790902200.329,store_2,0.020
1790902200.329,avail_mb,38900
1790902200.329,pswpin,907523
1790902201.338,api,0.050
1790902201.338,client,0.020
1790902201.338,enginecore,5.837
1790902201.338,other_total,0.059
1790902201.338,store_0,0.000
1790902201.338,store_1,0.020
1790902201.338,store_2,0.000
1790902201.338,avail_mb,38893
1790902201.338,pswpin,907523
1790902202.347,api,0.050
1790902202.347,client,0.020
1790902202.347,enginecore,8.384
1790902202.347,other_total,0.020
1790902202.347,store_0,0.010
1790902202.347,store_1,0.020
1790902202.347,store_2,0.000
1790902202.347,avail_mb,38893
1790902202.347,pswpin,907523
1790902203.357,api,0.059
1790902203.357,client,0.020
1790902203.357,enginecore,5.707
1790902203.357,other_total,0.089
1790902203.357,store_0,0.000
1790902203.357,store_1,0.000
1790902203.357,store_2,0.020
1790902203.357,avail_mb,38885
1790902203.357,pswpin,907523
1790902204.366,api,0.050
1790902204.366,client,0.010
1790902204.366,enginecore,8.442
1790902204.366,other_total,0.000
1790902204.366,store_0,0.030
1790902204.366,store_1,0.050
1790902204.366,store_2,0.000
1790902204.366,avail_mb,38886
1790902204.366,pswpin,907523
1790902205.378,api,0.059
1790902205.378,client,0.030
1790902205.378,enginecore,7.135
1790902205.378,other_total,0.020
1790902205.378,store_0,0.020
1790902205.378,store_1,0.000
1790902205.378,store_2,0.040
1790902205.378,avail_mb,38884
1790902205.378,pswpin,907523
1790902206.390,api,0.069
1790902206.390,client,0.010
1790902206.390,enginecore,7.017
1790902206.390,other_total,0.040
1790902206.390,store_0,0.030
1790902206.390,store_1,0.000
1790902206.390,store_2,0.030
1790902206.390,avail_mb,38880
1790902206.390,pswpin,907523
1790902207.399,api,0.069
1790902207.399,client,0.030
1790902207.399,enginecore,7.062
1790902207.399,other_total,0.000
1790902207.399,store_0,0.030
1790902207.399,store_1,0.020
1790902207.399,store_2,0.000
1790902207.399,avail_mb,38878
1790902207.399,pswpin,907523
1790902208.408,api,0.059
1790902208.408,client,0.000
1790902208.408,enginecore,5.857
1790902208.408,other_total,0.020
1790902208.408,store_0,0.000
1790902208.408,store_1,0.000
1790902208.408,store_2,0.040
1790902208.408,avail_mb,38878
1790902208.408,pswpin,907523
1790902209.417,api,0.059
1790902209.417,client,0.020
1790902209.417,enginecore,9.345
1790902209.417,other_total,0.000
1790902209.417,store_0,0.050
1790902209.417,store_1,0.059
1790902209.417,store_2,0.000
1790902209.417,avail_mb,38887
1790902209.417,pswpin,907523
1790902210.426,api,0.069
1790902210.426,client,0.010
1790902210.426,enginecore,4.976
1790902210.426,other_total,0.020
1790902210.426,store_0,0.000
1790902210.426,store_1,0.000
1790902210.426,store_2,0.030
1790902210.426,avail_mb,38883
1790902210.426,pswpin,907523
1790902211.436,api,0.069
1790902211.436,client,0.020
1790902211.436,enginecore,7.220
1790902211.436,other_total,0.010
1790902211.436,store_0,0.030
1790902211.436,store_1,0.020
1790902211.436,store_2,0.000
1790902211.436,avail_mb,38875
1790902211.436,pswpin,907523
1790902212.448,api,0.079
1790902212.448,client,0.020
1790902212.448,enginecore,7.758
1790902212.448,other_total,0.049
1790902212.448,store_0,0.030
1790902212.448,store_1,0.000
1790902212.448,store_2,0.030
1790902212.448,avail_mb,38871
1790902212.448,pswpin,907523
1790902213.458,api,0.040
1790902213.458,client,0.010
1790902213.458,enginecore,7.943
1790902213.458,other_total,0.000
1790902213.458,store_0,0.000
1790902213.458,store_1,0.030
1790902213.458,store_2,0.020
1790902213.458,avail_mb,38880
1790902213.458,pswpin,907523
1790902214.470,api,0.059
1790902214.470,client,0.020
1790902214.470,enginecore,8.035
1790902214.470,other_total,0.040
1790902214.470,store_0,0.040
1790902214.470,store_1,0.000
1790902214.470,store_2,0.000
1790902214.470,avail_mb,38880
1790902214.470,pswpin,907523
1790902215.479,api,0.059
1790902215.479,client,0.020
1790902215.479,enginecore,6.026
1790902215.479,other_total,0.020
1790902215.479,store_0,0.000
1790902215.479,store_1,0.000
1790902215.479,store_2,0.020
1790902215.479,avail_mb,38873
1790902215.479,pswpin,907523
1790902216.488,api,0.069
1790902216.488,client,0.040
1790902216.488,enginecore,7.373
1790902216.488,other_total,0.010
1790902216.488,store_0,0.000
1790902216.488,store_1,0.050
1790902216.488,store_2,0.000
1790902216.488,avail_mb,38873
1790902216.488,pswpin,907523
1790902217.497,api,0.069
1790902217.497,client,0.010
1790902217.497,enginecore,5.677
1790902217.497,other_total,0.000
1790902217.497,store_0,0.000
1790902217.497,store_1,0.000
1790902217.497,store_2,0.000
1790902217.497,avail_mb,38868
1790902217.497,pswpin,907523
1790902218.509,api,0.069
1790902218.509,client,0.000
1790902218.509,enginecore,8.370
1790902218.509,other_total,0.030
1790902218.509,store_0,0.030
1790902218.509,store_1,0.030
1790902218.509,store_2,0.030
1790902218.509,avail_mb,38870
1790902218.509,pswpin,907523
1790902219.518,api,0.050
1790902219.518,client,0.030
1790902219.518,enginecore,6.252
1790902219.518,other_total,0.010
1790902219.518,store_0,0.000
1790902219.518,store_1,0.000
1790902219.518,store_2,0.020
1790902219.518,avail_mb,38868
1790902219.518,pswpin,907523
1790902220.528,api,0.050
1790902220.528,client,0.000
1790902220.528,enginecore,8.363
1790902220.528,other_total,0.040
1790902220.528,store_0,0.000
1790902220.528,store_1,0.030
1790902220.528,store_2,0.030
1790902220.528,avail_mb,38862
1790902220.528,pswpin,907523
1790902221.540,api,0.040
1790902221.540,client,0.030
1790902221.540,enginecore,6.592
1790902221.540,other_total,0.059
1790902221.540,store_0,0.020
1790902221.540,store_1,0.030
1790902221.540,store_2,0.000
1790902221.540,avail_mb,38856
1790902221.540,pswpin,907523
1790902222.549,api,0.079
1790902222.549,client,0.030
1790902222.549,enginecore,7.927
1790902222.549,other_total,0.000
1790902222.549,store_0,0.000
1790902222.549,store_1,0.000
1790902222.549,store_2,0.050
1790902222.549,avail_mb,38860
1790902222.549,pswpin,907523
1790902223.558,api,0.050
1790902223.558,client,0.010
1790902223.558,enginecore,8.631
1790902223.558,other_total,0.030
1790902223.558,store_0,0.040
1790902223.558,store_1,0.040
1790902223.558,store_2,0.000
1790902223.558,avail_mb,38858
1790902223.558,pswpin,907523
1790902224.570,api,0.069
1790902224.570,client,0.020
1790902224.570,enginecore,8.321
1790902224.570,other_total,0.059
1790902224.570,store_0,0.020
1790902224.570,store_1,0.000
1790902224.570,store_2,0.030
1790902224.570,avail_mb,38850
1790902224.570,pswpin,907523
1790902225.580,api,0.059
1790902225.580,client,0.020
1790902225.580,enginecore,5.758
1790902225.580,other_total,0.000
1790902225.580,store_0,0.000
1790902225.580,store_1,0.000
1790902225.580,store_2,0.020
1790902225.580,avail_mb,38843
1790902225.580,pswpin,907523
1790902226.590,api,0.059
1790902226.590,client,0.020
1790902226.590,enginecore,7.123
1790902226.590,other_total,0.010
1790902226.590,store_0,0.020
1790902226.590,store_1,0.010
1790902226.590,store_2,0.010
1790902226.590,avail_mb,38843
1790902226.590,pswpin,907523
1790902227.599,api,0.040
1790902227.599,client,0.010
1790902227.599,enginecore,8.582
1790902227.599,other_total,0.238
1790902227.599,store_0,0.000
1790902227.599,store_1,0.030
1790902227.599,store_2,0.040
1790902227.599,avail_mb,38840
1790902227.599,pswpin,907523
1790902228.608,api,0.069
1790902228.608,client,0.030
1790902228.608,enginecore,8.344
1790902228.608,other_total,0.000
1790902228.608,store_0,0.059
1790902228.608,store_1,0.050
1790902228.608,store_2,0.000
1790902228.608,avail_mb,38841
1790902228.608,pswpin,907523
1790902229.617,api,0.050
1790902229.617,client,0.010
1790902229.617,enginecore,5.738
1790902229.617,other_total,0.059
1790902229.617,store_0,0.000
1790902229.617,store_1,0.000
1790902229.617,store_2,0.050
1790902229.617,avail_mb,38835
1790902229.617,pswpin,907523
1790902230.626,api,0.050
1790902230.626,client,0.010
1790902230.626,enginecore,8.632
1790902230.626,other_total,0.030
1790902230.626,store_0,0.020
1790902230.626,store_1,0.000
1790902230.626,store_2,0.000
1790902230.626,avail_mb,38832
1790902230.626,pswpin,907523
1790902231.635,api,0.059
1790902231.635,client,0.030
1790902231.635,enginecore,8.591
1790902231.635,other_total,0.040
1790902231.635,store_0,0.030
1790902231.635,store_1,0.000
1790902231.635,store_2,0.050
1790902231.635,avail_mb,38830
1790902231.635,pswpin,907523
1790902232.647,api,0.069
1790902232.647,client,0.030
1790902232.647,enginecore,7.323
1790902232.647,other_total,0.020
1790902232.647,store_0,0.000
1790902232.647,store_1,0.040
1790902232.647,store_2,0.020
1790902232.647,avail_mb,38827
1790902232.647,pswpin,907523
1790902233.659,api,0.069
1790902233.659,client,0.000
1790902233.659,enginecore,8.171
1790902233.659,other_total,0.069
1790902233.659,store_0,0.030
1790902233.659,store_1,0.000
1790902233.659,store_2,0.000
1790902233.659,avail_mb,38821
1790902233.659,pswpin,907523
1790902234.670,api,0.069
1790902234.670,client,0.030
1790902234.670,enginecore,7.209
1790902234.670,other_total,0.000
1790902234.670,store_0,0.000
1790902234.670,store_1,0.020
1790902234.670,store_2,0.049
1790902234.670,avail_mb,38821
1790902234.670,pswpin,907523
1790902235.680,api,0.040
1790902235.680,client,0.000
1790902235.680,enginecore,8.324
1790902235.680,other_total,0.030
1790902235.680,store_0,0.030
1790902235.680,store_1,0.040
1790902235.680,store_2,0.000
1790902235.680,avail_mb,38819
1790902235.680,pswpin,907523
1790902236.689,api,0.059
1790902236.689,client,0.040
1790902236.689,enginecore,4.786
1790902236.689,other_total,0.079
1790902236.689,store_0,0.000
1790902236.689,store_1,0.000
1790902236.689,store_2,0.000
1790902236.689,avail_mb,38814
1790902236.689,pswpin,907523
1790902237.698,api,0.040
1790902237.698,client,0.010
1790902237.698,enginecore,8.205
1790902237.698,other_total,0.089
1790902237.698,store_0,0.030
1790902237.698,store_1,0.020
1790902237.698,store_2,0.000
1790902237.698,avail_mb,38830
1790902237.698,pswpin,907523
1790902238.707,api,0.059
1790902238.707,client,0.020
1790902238.707,enginecore,8.341
1790902238.707,other_total,0.000
1790902238.707,store_0,0.040
1790902238.707,store_1,0.000
1790902238.707,store_2,0.059
1790902238.707,avail_mb,38836
1790902238.707,pswpin,907523
1790902239.717,api,0.059
1790902239.717,client,0.010
1790902239.717,enginecore,7.521
1790902239.717,other_total,0.059
1790902239.717,store_0,0.000
1790902239.717,store_1,0.000
1790902239.717,store_2,0.000
1790902239.717,avail_mb,38831
1790902239.717,pswpin,907523
1790902240.728,api,0.069
1790902240.728,client,0.020
1790902240.728,enginecore,7.404
1790902240.728,other_total,0.000
1790902240.728,store_0,0.000
1790902240.728,store_1,0.030
1790902240.728,store_2,0.000
1790902240.728,avail_mb,38831
1790902240.728,pswpin,907523
1790902241.737,api,0.040
1790902241.737,client,0.020
1790902241.737,enginecore,5.777
1790902241.737,other_total,0.010
1790902241.737,store_0,0.000
1790902241.737,store_1,0.000
1790902241.737,store_2,0.030
1790902241.737,avail_mb,38830
1790902241.737,pswpin,907523
1790902242.747,api,0.040
1790902242.747,client,0.000
1790902242.747,enginecore,6.292
1790902242.747,other_total,0.059
1790902242.747,store_0,0.030
1790902242.747,store_1,0.000
1790902242.747,store_2,0.000
1790902242.747,avail_mb,38824
1790902242.747,pswpin,907523
1790902243.759,api,0.059
1790902243.759,client,0.040
1790902243.759,enginecore,7.005
1790902243.759,other_total,0.000
1790902243.759,store_0,0.020
1790902243.759,store_1,0.000
1790902243.759,store_2,0.030
1790902243.759,avail_mb,38822
1790902243.759,pswpin,907523
1790902244.768,api,0.050
1790902244.768,client,0.000
1790902244.768,enginecore,6.995
1790902244.768,other_total,0.030
1790902244.768,store_0,0.000
1790902244.768,store_1,0.050
1790902244.768,store_2,0.000
1790902244.768,avail_mb,38826
1790902244.768,pswpin,907523
1790902245.780,api,0.059
1790902245.780,client,0.040
1790902245.780,enginecore,7.433
1790902245.780,other_total,0.000
1790902245.780,store_0,0.000
1790902245.780,store_1,0.000
1790902245.780,store_2,0.049
1790902245.780,avail_mb,38820
1790902245.780,pswpin,907523
1790902246.789,api,0.050
1790902246.789,client,0.000
1790902246.789,enginecore,6.063
1790902246.789,other_total,0.030
1790902246.789,store_0,0.000
1790902246.789,store_1,0.000
1790902246.789,store_2,0.030
1790902246.789,avail_mb,38818
1790902246.789,pswpin,907523
1790902247.799,api,0.059
1790902247.799,client,0.030
1790902247.799,enginecore,7.627
1790902247.799,other_total,0.000
1790902247.799,store_0,0.059
1790902247.799,store_1,0.030
1790902247.799,store_2,0.000
1790902247.799,avail_mb,38825
1790902247.799,pswpin,907523
1790902248.808,api,0.059
1790902248.808,client,0.000
1790902248.808,enginecore,4.636
1790902248.808,other_total,0.059
1790902248.808,store_0,0.000
1790902248.808,store_1,0.000
1790902248.808,store_2,0.010
1790902248.808,avail_mb,38818
1790902248.808,pswpin,907523
1790902249.817,api,0.059
1790902249.817,client,0.030
1790902249.817,enginecore,8.362
1790902249.817,other_total,0.000
1790902249.817,store_0,0.059
1790902249.817,store_1,0.020
1790902249.817,store_2,0.000
1790902249.817,avail_mb,38815
1790902249.817,pswpin,907523
1790902250.829,api,0.049
1790902250.829,client,0.020
1790902250.829,enginecore,6.561
1790902250.829,other_total,0.059
1790902250.829,store_0,0.020
1790902250.829,store_1,0.000
1790902250.829,store_2,0.030
1790902250.829,avail_mb,38812
1790902250.829,pswpin,907523
1790902251.841,api,0.040
1790902251.841,client,0.020
1790902251.841,enginecore,7.886
1790902251.841,other_total,0.059
1790902251.841,store_0,0.000
1790902251.841,store_1,0.000
1790902251.841,store_2,0.020
1790902251.841,avail_mb,38808
1790902251.841,pswpin,907523
1790902252.850,api,0.040
1790902252.850,client,0.010
1790902252.850,enginecore,10.157
1790902252.850,other_total,0.010
1790902252.850,store_0,0.030
1790902252.850,store_1,0.040
1790902252.850,store_2,0.000
1790902252.850,avail_mb,38822
1790902252.850,pswpin,907523
1790902253.860,api,0.069
1790902253.860,client,0.020
1790902253.860,enginecore,5.684
1790902253.860,other_total,0.020
1790902253.860,store_0,0.000
1790902253.860,store_1,0.000
1790902253.860,store_2,0.000
1790902253.860,avail_mb,38819
1790902253.860,pswpin,907523
1790902254.870,api,0.059
1790902254.870,client,0.030
1790902254.870,enginecore,7.678
1790902254.870,other_total,0.020
1790902254.870,store_0,0.020
1790902254.870,store_1,0.050
1790902254.870,store_2,0.000
1790902254.870,avail_mb,38816
1790902254.870,pswpin,907523
1790902255.879,api,0.040
1790902255.879,client,0.010
1790902255.879,enginecore,6.183
1790902255.879,other_total,0.020
1790902255.879,store_0,0.000
1790902255.879,store_1,0.000
1790902255.879,store_2,0.010
1790902255.879,avail_mb,38813
1790902255.879,pswpin,907523
1790902256.891,api,0.040
1790902256.891,client,0.020
1790902256.891,enginecore,8.742
1790902256.891,other_total,0.059
1790902256.891,store_0,0.000
1790902256.891,store_1,0.010
1790902256.891,store_2,0.030
1790902256.891,avail_mb,38814
1790902256.891,pswpin,907523
1790902257.904,api,0.049
1790902257.904,client,0.010
1790902257.904,enginecore,6.549
1790902257.904,other_total,0.188
1790902257.904,store_0,0.030
1790902257.904,store_1,0.000
1790902257.904,store_2,0.000
1790902257.904,avail_mb,38783
1790902257.904,pswpin,907523
1790902258.913,api,0.059
1790902258.913,client,0.030
1790902258.913,enginecore,7.361
1790902258.913,other_total,0.020
1790902258.913,store_0,0.030
1790902258.913,store_1,0.000
1790902258.913,store_2,0.000
1790902258.913,avail_mb,38792
1790902258.913,pswpin,907523
1790902259.925,api,0.079
1790902259.925,client,0.010
1790902259.925,enginecore,8.566
1790902259.925,other_total,0.049
1790902259.925,store_0,0.040
1790902259.925,store_1,0.069
1790902259.925,store_2,0.000
1790902259.925,avail_mb,38800
1790902259.925,pswpin,907523
1790902260.935,api,0.040
1790902260.935,client,0.010
1790902260.935,enginecore,7.726
1790902260.935,other_total,0.020
1790902260.935,store_0,0.000
1790902260.935,store_1,0.000
1790902260.935,store_2,0.030
1790902260.935,avail_mb,38793
1790902260.935,pswpin,907523
1790902261.945,api,0.050
1790902261.945,client,0.020
1790902261.945,enginecore,9.030
1790902261.945,other_total,0.069
1790902261.945,store_0,0.000
1790902261.945,store_1,0.059
1790902261.945,store_2,0.020
1790902261.945,avail_mb,38777
1790902261.945,pswpin,907523
1790902262.954,api,0.059
1790902262.954,client,0.010
1790902262.954,enginecore,5.559
1790902262.954,other_total,0.000
1790902262.954,store_0,0.000
1790902262.954,store_1,0.000
1790902262.954,store_2,0.030
1790902262.954,avail_mb,38778
1790902262.954,pswpin,907523
1790902263.964,api,0.059
1790902263.964,client,0.020
1790902263.964,enginecore,7.891
1790902263.964,other_total,0.030
1790902263.964,store_0,0.020
1790902263.964,store_1,0.020
1790902263.964,store_2,0.020
1790902263.964,avail_mb,38784
1790902263.964,pswpin,907523
1790902264.973,api,0.030
1790902264.973,client,0.020
1790902264.973,enginecore,3.211
1790902264.973,other_total,0.010
1790902264.973,store_0,0.000
1790902264.973,store_1,0.000
1790902264.973,store_2,0.000
1790902264.973,avail_mb,38786
1790902264.973,pswpin,907523
1790902265.982,api,0.050
1790902265.982,client,0.020
1790902265.982,enginecore,9.027
1790902265.982,other_total,0.020
1790902265.982,store_0,0.050
1790902265.982,store_1,0.030
1790902265.982,store_2,0.000
1790902265.982,avail_mb,38790
1790902265.982,pswpin,907523
1790902266.997,api,0.069
1790902266.997,client,0.020
1790902266.997,enginecore,5.056
1790902266.997,other_total,0.079
1790902266.997,store_0,0.049
1790902266.997,store_1,0.000
1790902266.997,store_2,0.000
1790902266.997,avail_mb,38787
1790902266.997,pswpin,907523
1790902268.006,api,0.040
1790902268.006,client,0.030
1790902268.006,enginecore,7.283
1790902268.006,other_total,0.040
1790902268.006,store_0,0.000
1790902268.006,store_1,0.000
1790902268.006,store_2,0.030
1790902268.006,avail_mb,38771
1790902268.006,pswpin,907523
1790902269.029,api,0.039
1790902269.029,client,0.000
1790902269.029,enginecore,12.729
1790902269.029,other_total,0.352
1790902269.029,store_0,0.000
1790902269.029,store_1,0.049
1790902269.029,store_2,0.020
1790902269.029,avail_mb,38727
1790902269.029,pswpin,907523
1790902270.038,api,0.040
1790902270.038,client,0.000
1790902270.038,enginecore,15.149
1790902270.038,other_total,0.109
1790902270.038,store_0,0.000
1790902270.038,store_1,0.000
1790902270.038,store_2,0.030
1790902270.038,avail_mb,38720
1790902270.038,pswpin,907523
1790902271.048,api,0.030
1790902271.048,client,0.030
1790902271.048,enginecore,6.189
1790902271.048,other_total,0.020
1790902271.048,store_0,0.000
1790902271.048,store_1,0.010
1790902271.048,store_2,0.000
1790902271.048,avail_mb,38700
1790902271.048,pswpin,907523
1790902272.057,api,0.050
1790902272.057,client,0.020
1790902272.057,enginecore,10.443
1790902272.057,other_total,0.000
1790902272.057,store_0,0.030
1790902272.057,store_1,0.000
1790902272.057,store_2,0.000
1790902272.057,avail_mb,38710
1790902272.057,pswpin,907523
1790902273.078,api,0.059
1790902273.078,client,0.020
1790902273.078,enginecore,8.270
1790902273.078,other_total,0.118
1790902273.078,store_0,0.029
1790902273.078,store_1,0.029
1790902273.078,store_2,0.020
1790902273.078,avail_mb,38727
1790902273.078,pswpin,907523
1790902274.087,api,0.050
1790902274.087,client,0.010
1790902274.087,enginecore,5.401
1790902274.087,other_total,0.000
1790902274.087,store_0,0.000
1790902274.087,store_1,0.000
1790902274.087,store_2,0.000
1790902274.087,avail_mb,38727
1790902274.087,pswpin,907523
1790902275.108,api,0.049
1790902275.108,client,0.029
1790902275.108,enginecore,13.293
1790902275.108,other_total,0.069
1790902275.108,store_0,0.069
1790902275.108,store_1,0.020
1790902275.108,store_2,0.059
1790902275.108,avail_mb,38753
1790902275.108,pswpin,907523
1790902276.117,api,0.050
1790902276.117,client,0.010
1790902276.117,enginecore,5.074
1790902276.117,other_total,0.000
1790902276.117,store_0,0.000
1790902276.117,store_1,0.000
1790902276.117,store_2,0.000
1790902276.117,avail_mb,38747
1790902276.117,pswpin,907523
1790902277.127,api,0.040
1790902277.127,client,0.030
1790902277.127,enginecore,9.259
1790902277.127,other_total,0.040
1790902277.127,store_0,0.030
1790902277.127,store_1,0.000
1790902277.127,store_2,0.050
1790902277.127,avail_mb,38751
1790902277.127,pswpin,907523
1790902278.137,api,0.059
1790902278.137,client,0.000
1790902278.137,enginecore,5.814
1790902278.137,other_total,0.000
1790902278.137,store_0,0.000
1790902278.137,store_1,0.040
1790902278.137,store_2,0.000
1790902278.137,avail_mb,38751
1790902278.137,pswpin,907523
1790902279.148,api,0.049
1790902279.148,client,0.020
1790902279.148,enginecore,11.274
1790902279.148,other_total,0.059
1790902279.148,store_0,0.040
1790902279.148,store_1,0.040
1790902279.148,store_2,0.040
1790902279.148,avail_mb,38757
1790902279.148,pswpin,907523
1790902280.157,api,0.040
1790902280.157,client,0.010
1790902280.157,enginecore,4.489
1790902280.157,other_total,0.089
1790902280.157,store_0,0.000
1790902280.157,store_1,0.000
1790902280.157,store_2,0.000
1790902280.157,avail_mb,38754
1790902280.157,pswpin,907523
1790902281.166,api,0.059
1790902281.166,client,0.020
1790902281.166,enginecore,8.995
1790902281.166,other_total,0.159
1790902281.166,store_0,0.059
1790902281.166,store_1,0.020
1790902281.166,store_2,0.000
1790902281.166,avail_mb,38711
1790902281.166,pswpin,907523
1790902282.175,api,0.030
1790902282.175,client,0.010
1790902282.175,enginecore,4.855
1790902282.175,other_total,0.307
1790902282.175,store_0,0.000
1790902282.175,store_1,0.000
1790902282.175,store_2,0.000
1790902282.175,avail_mb,38700
1790902282.175,pswpin,907523
1790902283.185,api,0.050
1790902283.185,client,0.020
1790902283.185,enginecore,9.620
1790902283.185,other_total,0.069
1790902283.185,store_0,0.050
1790902283.185,store_1,0.030
1790902283.185,store_2,0.000
1790902283.185,avail_mb,38711
1790902283.185,pswpin,907523
1790902284.194,api,0.059
1790902284.194,client,0.010
1790902284.194,enginecore,5.747
1790902284.194,other_total,0.059
1790902284.194,store_0,0.000
1790902284.194,store_1,0.000
1790902284.194,store_2,0.050
1790902284.194,avail_mb,38718
1790902284.194,pswpin,907523
1790902285.204,api,0.050
1790902285.204,client,0.030
1790902285.204,enginecore,6.518
1790902285.204,other_total,0.010
1790902285.204,store_0,0.000
1790902285.204,store_1,0.000
1790902285.204,store_2,0.000
1790902285.204,avail_mb,38716
1790902285.204,pswpin,907523
1790902286.215,api,0.049
1790902286.215,client,0.020
1790902286.215,enginecore,9.055
1790902286.215,other_total,0.049
1790902286.215,store_0,0.059
1790902286.215,store_1,0.059
1790902286.215,store_2,0.030
1790902286.215,avail_mb,38721
1790902286.215,pswpin,907523
1790902287.226,api,0.049
1790902287.226,client,0.030
1790902287.226,enginecore,8.436
1790902287.226,other_total,0.040
1790902287.226,store_0,0.000
1790902287.226,store_1,0.000
1790902287.226,store_2,0.010
1790902287.226,avail_mb,38731
1790902287.226,pswpin,907523
1790902288.236,api,0.069
1790902288.236,client,0.020
1790902288.236,enginecore,7.218
1790902288.236,other_total,0.079
1790902288.236,store_0,0.059
1790902288.236,store_1,0.020
1790902288.236,store_2,0.000
1790902288.236,avail_mb,38728
1790902288.236,pswpin,907523
1790902289.246,api,0.059
1790902289.246,client,0.010
1790902289.246,enginecore,5.280
1790902289.246,other_total,0.040
1790902289.246,store_0,0.010
1790902289.246,store_1,0.000
1790902289.246,store_2,0.000
1790902289.246,avail_mb,38729
1790902289.246,pswpin,907523
1790902290.255,api,0.059
1790902290.255,client,0.020
1790902290.255,enginecore,6.589
1790902290.255,other_total,0.059
1790902290.255,store_0,0.050
1790902290.255,store_1,0.000
1790902290.255,store_2,0.000
1790902290.255,avail_mb,38735
1790902290.255,pswpin,907523
1790902291.264,api,0.030
1790902291.264,client,0.010
1790902291.264,enginecore,4.568
1790902291.264,other_total,0.069
1790902291.264,store_0,0.000
1790902291.264,store_1,0.000
1790902291.264,store_2,0.030
1790902291.264,avail_mb,38733
1790902291.264,pswpin,907523
1790902292.274,api,0.059
1790902292.274,client,0.020
1790902292.274,enginecore,10.348
1790902292.274,other_total,0.059
1790902292.274,store_0,0.030
1790902292.274,store_1,0.030
1790902292.274,store_2,0.020
1790902292.274,avail_mb,38731
1790902292.274,pswpin,907523
1790902293.283,api,0.050
1790902293.283,client,0.020
1790902293.283,enginecore,5.005
1790902293.283,other_total,0.040
1790902293.283,store_0,0.000
1790902293.283,store_1,0.020
1790902293.283,store_2,0.000
1790902293.283,avail_mb,38731
1790902293.283,pswpin,907523
1790902294.293,api,0.069
1790902294.293,client,0.010
1790902294.293,enginecore,6.356
1790902294.293,other_total,0.020
1790902294.293,store_0,0.020
1790902294.293,store_1,0.000
1790902294.293,store_2,0.020
1790902294.293,avail_mb,38726
1790902294.293,pswpin,907523
1790902295.305,api,0.040
1790902295.305,client,0.020
1790902295.305,enginecore,7.334
1790902295.305,other_total,0.049
1790902295.305,store_0,0.030
1790902295.305,store_1,0.049
1790902295.305,store_2,0.000
1790902295.305,avail_mb,38727
1790902295.305,pswpin,907523
1790902296.314,api,0.059
1790902296.314,client,0.020
1790902296.314,enginecore,5.905
1790902296.314,other_total,0.000
1790902296.314,store_0,0.000
1790902296.314,store_1,0.000
1790902296.314,store_2,0.030
1790902296.314,avail_mb,38727
1790902296.314,pswpin,907523
1790902297.326,api,0.040
1790902297.326,client,0.010
1790902297.326,enginecore,8.717
1790902297.326,other_total,0.128
1790902297.326,store_0,0.030
1790902297.326,store_1,0.000
1790902297.326,store_2,0.040
1790902297.326,avail_mb,38725
1790902297.326,pswpin,907523
1790902298.335,api,0.050
1790902298.335,client,0.020
1790902298.335,enginecore,6.253
1790902298.335,other_total,0.000
1790902298.335,store_0,0.000
1790902298.335,store_1,0.030
1790902298.335,store_2,0.000
1790902298.335,avail_mb,38727
1790902298.335,pswpin,907523
1790902299.344,api,0.059
1790902299.344,client,0.020
1790902299.344,enginecore,8.453
1790902299.344,other_total,0.020
1790902299.344,store_0,0.030
1790902299.344,store_1,0.000
1790902299.344,store_2,0.050
1790902299.344,avail_mb,38735
1790902299.344,pswpin,907523
1790902300.353,api,0.059
1790902300.353,client,0.030
1790902300.353,enginecore,5.927
1790902300.353,other_total,0.000
1790902300.353,store_0,0.000
1790902300.353,store_1,0.050
1790902300.353,store_2,0.000
1790902300.353,avail_mb,38726
1790902300.353,pswpin,907523
1790902301.362,api,0.050
1790902301.362,client,0.010
1790902301.362,enginecore,7.918
1790902301.362,other_total,0.050
1790902301.362,store_0,0.040
1790902301.362,store_1,0.000
1790902301.362,store_2,0.020
1790902301.362,avail_mb,38723
1790902301.362,pswpin,907523
1790902302.372,api,0.050
1790902302.372,client,0.010
1790902302.372,enginecore,5.883
1790902302.372,other_total,0.000
1790902302.372,store_0,0.000
1790902302.372,store_1,0.030
1790902302.372,store_2,0.000
1790902302.372,avail_mb,38722
1790902302.372,pswpin,907523
1790902303.382,api,0.040
1790902303.382,client,0.020
1790902303.382,enginecore,5.121
1790902303.382,other_total,0.020
1790902303.382,store_0,0.030
1790902303.382,store_1,0.030
1790902303.382,store_2,0.000
1790902303.382,avail_mb,38764
1790902303.382,pswpin,907523
1790902304.391,api,0.050
1790902304.391,client,0.010
1790902304.391,enginecore,4.785
1790902304.391,other_total,0.000
1790902304.391,store_0,0.030
1790902304.391,store_1,0.000
1790902304.391,store_2,0.000
1790902304.391,avail_mb,38765
1790902304.391,pswpin,907523
1790902305.400,api,0.030
1790902305.400,client,0.010
1790902305.400,enginecore,4.222
1790902305.400,other_total,0.069
1790902305.400,store_0,0.000
1790902305.400,store_1,0.000
1790902305.400,store_2,0.000
1790902305.400,avail_mb,38819
1790902305.400,pswpin,907523
1790902306.409,api,0.050
1790902306.409,client,0.010
1790902306.409,enginecore,2.983
1790902306.409,other_total,0.000
1790902306.409,store_0,0.000
1790902306.409,store_1,0.030
1790902306.409,store_2,0.000
1790902306.409,avail_mb,38816
1790902306.409,pswpin,907523
1790902307.418,api,0.030
1790902307.418,client,0.000
1790902307.418,enginecore,1.427
1790902307.418,other_total,0.069
1790902307.418,store_0,0.000
1790902307.418,store_1,0.000
1790902307.418,store_2,0.000
1790902307.418,avail_mb,38815
1790902307.418,pswpin,907523
1790902308.427,api,0.030
1790902308.427,client,0.010
1790902308.427,enginecore,2.993
1790902308.427,other_total,0.109
1790902308.427,store_0,0.000
1790902308.427,store_1,0.050
1790902308.427,store_2,0.000
1790902308.427,avail_mb,38792
1790902308.427,pswpin,907523
1790902309.436,api,0.040
1790902309.436,client,0.010
1790902309.436,enginecore,2.329
1790902309.436,other_total,0.030
1790902309.436,store_0,0.000
1790902309.436,store_1,0.040
1790902309.436,store_2,0.000
1790902309.436,avail_mb,38795
1790902309.436,pswpin,907523
1790902310.446,api,0.020
1790902310.446,client,0.010
1790902310.446,enginecore,3.002
1790902310.446,other_total,0.059
1790902310.446,store_0,0.000
1790902310.446,store_1,0.010
1790902310.446,store_2,0.000
1790902310.446,avail_mb,38796
1790902310.446,pswpin,907523
1790902311.455,api,0.040
1790902311.455,client,0.010
1790902311.455,enginecore,2.983
1790902311.455,other_total,0.010
1790902311.455,store_0,0.000
1790902311.455,store_1,0.050
1790902311.455,store_2,0.000
1790902311.455,avail_mb,38804
1790902311.455,pswpin,907523
1790902312.464,api,0.030
1790902312.464,client,0.020
1790902312.464,enginecore,3.132
1790902312.464,other_total,0.010
1790902312.464,store_0,0.000
1790902312.464,store_1,0.030
1790902312.464,store_2,0.000
1790902312.464,avail_mb,38814
1790902312.464,pswpin,907523
1790902313.472,api,0.020
1790902313.472,enginecore,0.406
1790902313.472,other_total,0.069
1790902313.472,store_0,0.000
1790902313.472,store_1,0.000
1790902313.472,store_2,0.000
1790902313.472,avail_mb,38855
1790902313.472,pswpin,907523
1790902314.483,api,0.000
1790902314.483,enginecore,0.010
1790902314.483,other_total,0.020
1790902314.483,store_0,0.000
1790902314.483,store_1,0.000
1790902314.483,store_2,0.000
1790902314.483,avail_mb,38856
1790902314.483,pswpin,907523
1790902315.494,api,0.000
1790902315.494,enginecore,0.020
1790902315.494,other_total,0.059
1790902315.494,store_0,0.000
1790902315.494,store_1,0.000
1790902315.494,store_2,0.000
1790902315.494,avail_mb,38855
1790902315.494,pswpin,907523
1790902316.505,api,0.000
1790902316.505,enginecore,0.010
1790902316.505,other_total,0.030
1790902316.505,store_0,0.000
1790902316.505,store_1,0.000
1790902316.505,store_2,0.000
1790902316.505,avail_mb,38855
1790902316.505,pswpin,907523
1790902317.515,api,0.000
1790902317.515,enginecore,0.020
1790902317.515,other_total,0.030
1790902317.515,store_0,0.000
1790902317.515,store_1,0.000
1790902317.515,store_2,0.000
1790902317.515,avail_mb,38855
1790902317.515,pswpin,907523
1790902318.526,api,0.000
1790902318.526,enginecore,0.010
1790902318.526,other_total,0.069
1790902318.526,store_0,0.000
1790902318.526,store_1,0.000
1790902318.526,store_2,0.000
1790902318.526,avail_mb,38849
1790902318.526,pswpin,907523
1790902319.537,api,0.000
1790902319.537,enginecore,0.020
1790902319.537,other_total,0.208
1790902319.537,store_0,0.000
1790902319.537,store_1,0.000
1790902319.537,store_2,0.000
1790902319.537,avail_mb,38805
1790902319.537,pswpin,907523
1790902320.549,api,0.030
1790902320.549,enginecore,0.010
1790902320.549,other_total,2.878
1790902320.549,store_0,0.000
1790902320.549,store_1,0.000
1790902320.549,store_2,0.000
1790902320.549,avail_mb,38694
1790902320.549,pswpin,907523
1790902321.560,api,0.000
1790902321.560,client,0.000
1790902321.560,enginecore,0.040
1790902321.560,other_total,0.148
1790902321.560,store_0,0.000
1790902321.560,store_1,0.000
1790902321.560,store_2,0.000
1790902321.560,avail_mb,38694
1790902321.560,pswpin,907523
1790902322.571,api,0.000
1790902322.571,client,0.000
1790902322.571,enginecore,0.030
1790902322.571,other_total,0.069
1790902322.571,store_0,0.000
1790902322.571,store_1,0.000
1790902322.571,store_2,0.000
1790902322.571,avail_mb,38692
1790902322.571,pswpin,907523
1790902323.582,api,0.000
1790902323.582,client,0.000
1790902323.582,enginecore,1.207
1790902323.582,other_total,0.168
1790902323.582,store_0,0.000
1790902323.582,store_1,0.030
1790902323.582,store_2,0.000
1790902323.582,avail_mb,38677
1790902323.582,pswpin,907523
1790902324.591,api,0.030
1790902324.591,client,0.000
1790902324.591,enginecore,1.595
1790902324.591,other_total,0.089
1790902324.591,store_0,0.000
1790902324.591,store_1,0.000
1790902324.591,store_2,0.020
1790902324.591,avail_mb,38770
1790902324.591,pswpin,907523
1790902325.602,api,0.010
1790902325.602,client,0.000
1790902325.602,enginecore,1.217
1790902325.602,other_total,0.030
1790902325.602,store_0,0.030
1790902325.602,store_1,0.000
1790902325.602,store_2,0.000
1790902325.602,avail_mb,38771
1790902325.602,pswpin,907523
1790902326.613,api,0.000
1790902326.613,client,0.000
1790902326.613,enginecore,0.059
1790902326.613,other_total,0.000
1790902326.613,store_0,0.000
1790902326.613,store_1,0.000
1790902326.613,store_2,0.000
1790902326.613,avail_mb,38771
1790902326.613,pswpin,907523
1790902327.624,api,0.010
1790902327.624,enginecore,1.217
1790902327.624,other_total,0.109
1790902327.624,store_0,0.030
1790902327.624,store_1,0.000
1790902327.624,store_2,0.000
1790902327.624,avail_mb,38815
1790902327.624,pswpin,907523
1790902328.636,api,0.010
1790902328.636,enginecore,0.030
1790902328.636,other_total,0.079
1790902328.636,store_0,0.000
1790902328.636,store_1,0.000
1790902328.636,store_2,0.000
1790902328.636,avail_mb,38817
1790902328.636,pswpin,907523
1790902329.647,api,0.000
1790902329.647,enginecore,0.030
1790902329.647,other_total,0.069
1790902329.647,store_0,0.000
1790902329.647,store_1,0.000
1790902329.647,store_2,0.000
1790902329.647,avail_mb,38877
1790902329.647,pswpin,907593
1790902330.658,api,0.000
1790902330.658,enginecore,0.040
1790902330.658,other_total,0.069
1790902330.658,store_0,0.000
1790902330.658,store_1,0.000
1790902330.658,store_2,0.000
1790902330.658,avail_mb,38875
1790902330.658,pswpin,907593
1790902331.669,api,0.010
1790902331.669,enginecore,0.040
1790902331.669,other_total,0.010
1790902331.669,store_0,0.000
1790902331.669,store_1,0.000
1790902331.669,store_2,0.000
1790902331.669,avail_mb,38877
1790902331.669,pswpin,907593
1790902332.680,api,0.020
1790902332.680,enginecore,0.020
1790902332.680,other_total,0.316
1790902332.680,avail_mb,45710
1790902332.680,pswpin,907593
1790902333.691,api,0.000
1790902333.691,enginecore,0.030
1790902333.691,other_total,0.059
1790902333.691,avail_mb,45713
1790902333.691,pswpin,907593
1790902334.702,api,0.000
1790902334.702,enginecore,0.049
1790902334.702,other_total,0.030
1790902334.702,avail_mb,45717
1790902334.702,pswpin,907593
1790902335.713,other_total,0.792
1790902335.713,avail_mb,57303
1790902335.713,pswpin,907593
1790902336.723,other_total,0.030
1790902336.723,avail_mb,57303
1790902336.723,pswpin,907593
1790902337.734,other_total,0.049
1790902337.734,avail_mb,57296
1790902337.734,pswpin,907593
1790902338.744,other_total,0.079
1790902338.744,avail_mb,57291
1790902338.744,pswpin,907593
1790902339.755,other_total,0.059
1790902339.755,avail_mb,57295
1790902339.755,pswpin,907593
