ts,role,cores
1790905606.888,other_total,0.040
1790905606.888,avail_mb,57339
1790905606.888,pswpin,907751
1790905607.898,other_total,0.049
1790905607.898,avail_mb,57339
1790905607.898,pswpin,907751
1790905608.907,other_total,0.079
1790905608.907,avail_mb,57337
1790905608.907,pswpin,907751
1790905609.918,other_total,0.079
1790905609.918,avail_mb,57336
1790905609.918,pswpin,907751
1790905610.928,other_total,0.049
1790905610.928,avail_mb,57335
1790905610.928,pswpin,907751
1790905611.938,other_total,0.030
1790905611.938,avail_mb,57336
1790905611.938,pswpin,907751
1790905612.949,other_total,0.059
1790905612.949,avail_mb,57335
1790905612.949,pswpin,907751
1790905613.959,other_total,0.040
1790905613.959,avail_mb,57321
1790905613.959,pswpin,907751
1790905614.969,other_total,0.109
1790905614.969,avail_mb,57332
1790905614.969,pswpin,907751
1790905615.979,other_total,0.069
1790905615.979,avail_mb,57332
1790905615.979,pswpin,907751
1790905616.988,other_total,1.359
1790905616.988,avail_mb,56923
1790905616.988,pswpin,907751
1790905617.998,other_total,0.049
1790905617.998,store_0,0.139
1790905617.998,avail_mb,56883
1790905617.998,pswpin,907751
1790905619.009,other_total,2.216
1790905619.009,store_0,0.000
1790905619.009,avail_mb,56239
1790905619.009,pswpin,907751
1790905620.018,api,2.210
1790905620.018,other_total,0.198
1790905620.018,store_0,0.000
1790905620.018,avail_mb,56003
1790905620.018,pswpin,907751
1790905621.027,api,1.992
1790905621.027,other_total,0.050
1790905621.027,store_0,0.000
1790905621.027,avail_mb,55799
1790905621.027,pswpin,907751
1790905622.035,api,1.140
1790905622.035,other_total,0.010
1790905622.035,store_0,0.000
1790905622.035,avail_mb,55694
1790905622.035,pswpin,907751
1790905623.044,api,0.803
1790905623.044,other_total,0.258
1790905623.044,store_0,0.000
1790905623.044,avail_mb,55327
1790905623.044,pswpin,907751
1790905624.054,api,0.089
1790905624.054,other_total,2.229
1790905624.054,store_0,0.000
1790905624.054,avail_mb,54784
1790905624.054,pswpin,907751
1790905625.063,api,0.000
1790905625.063,other_total,2.359
1790905625.063,store_0,0.000
1790905625.063,avail_mb,54590
1790905625.063,pswpin,907751
1790905626.072,api,0.000
1790905626.072,other_total,2.121
1790905626.072,store_0,0.000
1790905626.072,avail_mb,54373
1790905626.072,pswpin,907751
1790905627.080,api,0.000
1790905627.080,other_total,2.300
1790905627.080,store_0,0.000
1790905627.080,avail_mb,53871
1790905627.080,pswpin,907751
1790905628.090,api,0.000
1790905628.090,enginecore,1.267
1790905628.090,other_total,1.812
1790905628.090,store_0,0.000
1790905628.090,avail_mb,53636
1790905628.090,pswpin,907751
1790905629.099,api,0.000
1790905629.099,enginecore,2.012
1790905629.099,other_total,0.099
1790905629.099,store_0,0.000
1790905629.099,avail_mb,53440
1790905629.099,pswpin,907751
1790905630.108,api,0.000
1790905630.108,enginecore,1.775
1790905630.108,other_total,0.258
1790905630.108,store_0,0.000
1790905630.108,avail_mb,53123
1790905630.108,pswpin,907751
1790905631.117,api,0.000
1790905631.117,enginecore,1.001
1790905631.117,other_total,0.902
1790905631.117,store_0,0.000
1790905631.117,avail_mb,53073
1790905631.117,pswpin,907751
1790905632.125,api,0.000
1790905632.125,enginecore,1.011
1790905632.125,other_total,0.069
1790905632.125,store_0,0.000
1790905632.125,avail_mb,53087
1790905632.125,pswpin,907751
1790905633.137,api,0.000
1790905633.137,enginecore,1.078
1790905633.137,other_total,0.049
1790905633.137,store_0,0.000
1790905633.137,avail_mb,52875
1790905633.137,pswpin,907751
1790905634.145,api,0.000
1790905634.145,enginecore,1.765
1790905634.145,other_total,0.020
1790905634.145,store_0,0.000
1790905634.145,avail_mb,51432
1790905634.145,pswpin,907751
1790905635.154,api,0.149
1790905635.154,enginecore,0.010
1790905635.154,other_total,1.051
1790905635.154,store_0,0.000
1790905635.154,avail_mb,51390
1790905635.154,pswpin,907751
1790905636.165,api,0.228
1790905636.165,enginecore,0.010
1790905636.165,other_total,0.099
1790905636.165,store_0,0.000
1790905636.165,avail_mb,51382
1790905636.165,pswpin,907751
1790905637.175,api,0.000
1790905637.175,enginecore,0.040
1790905637.175,other_total,0.000
1790905637.175,store_0,0.000
1790905637.175,avail_mb,51384
1790905637.175,pswpin,907751
1790905638.185,api,0.000
1790905638.185,enginecore,0.030
1790905638.185,other_total,0.040
1790905638.185,store_0,0.000
1790905638.185,avail_mb,51385
1790905638.185,pswpin,907751
1790905639.194,api,0.000
1790905639.194,enginecore,1.130
1790905639.194,other_total,0.040
1790905639.194,store_0,0.000
1790905639.194,avail_mb,50201
1790905639.194,pswpin,907751
1790905640.205,api,0.000
1790905640.205,enginecore,0.732
1790905640.205,other_total,0.040
1790905640.205,store_0,0.000
1790905640.205,avail_mb,50094
1790905640.205,pswpin,907751
1790905641.215,api,0.109
1790905641.215,enginecore,0.079
1790905641.215,other_total,0.030
1790905641.215,store_0,0.000
1790905641.215,avail_mb,50074
1790905641.215,pswpin,907751
1790905642.226,api,0.396
1790905642.226,enginecore,0.030
1790905642.226,other_total,0.099
1790905642.226,store_0,0.000
1790905642.226,avail_mb,50058
1790905642.226,pswpin,907751
1790905643.234,api,0.050
1790905643.234,enginecore,1.002
1790905643.234,other_total,0.040
1790905643.234,store_0,0.149
1790905643.234,avail_mb,49354
1790905643.234,pswpin,907751
1790905644.243,api,0.010
1790905644.243,enginecore,0.952
1790905644.243,other_total,0.010
1790905644.243,store_0,0.139
1790905644.243,avail_mb,48699
1790905644.243,pswpin,907751
1790905645.252,api,0.000
1790905645.252,enginecore,0.991
1790905645.252,other_total,0.000
1790905645.252,store_0,0.159
1790905645.252,avail_mb,48069
1790905645.252,pswpin,907751
1790905646.261,api,0.000
1790905646.261,enginecore,1.001
1790905646.261,other_total,0.069
1790905646.261,store_0,0.139
1790905646.261,avail_mb,47417
1790905646.261,pswpin,907751
1790905647.270,api,0.040
1790905647.270,enginecore,0.317
1790905647.270,other_total,0.743
1790905647.270,store_0,0.149
1790905647.270,avail_mb,50230
1790905647.270,pswpin,907751
1790905648.279,api,0.010
1790905648.279,enginecore,0.020
1790905648.279,other_total,0.516
1790905648.279,store_0,0.000
1790905648.279,avail_mb,50032
1790905648.279,pswpin,907751
1790905649.289,api,0.000
1790905649.289,enginecore,0.010
1790905649.289,other_total,0.040
1790905649.289,store_0,0.000
1790905649.289,store_1,0.435
1790905649.289,avail_mb,49932
1790905649.289,pswpin,907751
1790905650.298,api,0.000
1790905650.298,enginecore,0.020
1790905650.298,other_total,1.001
1790905650.298,store_0,0.000
1790905650.298,store_1,0.000
1790905650.298,avail_mb,49529
1790905650.298,pswpin,907751
1790905651.307,api,1.923
1790905651.307,enginecore,0.000
1790905651.307,other_total,0.040
1790905651.307,store_0,0.000
1790905651.307,store_1,0.000
1790905651.307,avail_mb,49233
1790905651.307,pswpin,907751
1790905652.316,api,2.329
1790905652.316,enginecore,0.000
1790905652.316,other_total,0.069
1790905652.316,store_0,0.000
1790905652.316,store_1,0.000
1790905652.316,avail_mb,49027
1790905652.316,pswpin,907751
1790905653.325,api,1.992
1790905653.325,enginecore,0.010
1790905653.325,other_total,0.030
1790905653.325,store_0,0.000
1790905653.325,store_1,0.000
1790905653.325,avail_mb,48821
1790905653.325,pswpin,907751
1790905654.335,api,0.752
1790905654.335,enginecore,0.010
1790905654.335,other_total,0.030
1790905654.335,store_0,0.000
1790905654.335,store_1,0.000
1790905654.335,avail_mb,48769
1790905654.335,pswpin,907751
1790905655.344,api,0.387
1790905655.344,enginecore,0.010
1790905655.344,other_total,1.824
1790905655.344,store_0,0.000
1790905655.344,store_1,0.000
1790905655.344,avail_mb,47970
1790905655.344,pswpin,907751
1790905656.353,api,0.000
1790905656.353,enginecore,0.000
1790905656.353,other_total,2.289
1790905656.353,store_0,0.000
1790905656.353,store_1,0.000
1790905656.353,avail_mb,47784
1790905656.353,pswpin,907751
1790905657.362,api,0.000
1790905657.362,enginecore,0.010
1790905657.362,other_total,2.032
1790905657.362,store_0,0.000
1790905657.362,store_1,0.000
1790905657.362,avail_mb,47521
1790905657.362,pswpin,907751
1790905658.371,api,0.000
1790905658.371,enginecore,0.000
1790905658.371,other_total,1.903
1790905658.371,store_0,0.000
1790905658.371,store_1,0.000
1790905658.371,avail_mb,47235
1790905658.371,pswpin,907751
1790905659.381,api,0.000
1790905659.381,enginecore,1.228
1790905659.381,other_total,1.544
1790905659.381,store_0,0.000
1790905659.381,store_1,0.000
1790905659.381,avail_mb,46753
1790905659.381,pswpin,907751
1790905660.390,api,0.000
1790905660.390,enginecore,2.002
1790905660.390,other_total,0.624
1790905660.390,store_0,0.000
1790905660.390,store_1,0.000
1790905660.390,avail_mb,46752
1790905660.390,pswpin,907751
1790905661.399,api,0.000
1790905661.399,enginecore,2.012
1790905661.399,other_total,0.030
1790905661.399,store_0,0.000
1790905661.399,store_1,0.000
1790905661.399,avail_mb,46271
1790905661.399,pswpin,907751
1790905662.408,api,0.000
1790905662.408,enginecore,1.120
1790905662.408,other_total,0.951
1790905662.408,store_0,0.000
1790905662.408,store_1,0.000
1790905662.408,avail_mb,46219
1790905662.408,pswpin,907751
1790905663.417,api,0.000
1790905663.417,enginecore,1.011
1790905663.417,other_total,0.198
1790905663.417,store_0,0.000
1790905663.417,store_1,0.000
1790905663.417,avail_mb,46194
1790905663.417,pswpin,907751
1790905664.425,api,0.000
1790905664.425,enginecore,1.021
1790905664.425,other_total,0.010
1790905664.425,store_0,0.000
1790905664.425,store_1,0.000
1790905664.425,avail_mb,46197
1790905664.425,pswpin,907751
1790905665.434,api,0.000
1790905665.434,enginecore,0.981
1790905665.434,other_total,0.030
1790905665.434,store_0,0.000
1790905665.434,store_1,0.000
1790905665.434,avail_mb,45635
1790905665.434,pswpin,907751
1790905666.443,api,0.000
1790905666.443,enginecore,0.446
1790905666.443,other_total,0.595
1790905666.443,store_0,0.000
1790905666.443,store_1,0.000
1790905666.443,avail_mb,45609
1790905666.443,pswpin,907751
1790905667.452,api,0.010
1790905667.452,enginecore,0.050
1790905667.452,other_total,0.486
1790905667.452,store_0,0.000
1790905667.452,store_1,0.000
1790905667.452,avail_mb,45620
1790905667.452,pswpin,907751
1790905668.462,api,0.000
1790905668.462,enginecore,0.030
1790905668.462,other_total,0.049
1790905668.462,store_0,0.000
1790905668.462,store_1,0.000
1790905668.462,avail_mb,45622
1790905668.462,pswpin,907751
1790905669.473,api,0.000
1790905669.473,enginecore,0.069
1790905669.473,other_total,0.040
1790905669.473,store_0,0.000
1790905669.473,store_1,0.000
1790905669.473,avail_mb,45625
1790905669.473,pswpin,907751
1790905670.484,api,0.000
1790905670.484,enginecore,0.040
1790905670.484,other_total,0.020
1790905670.484,store_0,0.000
1790905670.484,store_1,0.000
1790905670.484,avail_mb,45632
1790905670.484,pswpin,907751
1790905671.494,api,0.000
1790905671.494,enginecore,0.030
1790905671.494,other_total,0.030
1790905671.494,store_0,0.000
1790905671.494,store_1,0.000
1790905671.494,avail_mb,45638
1790905671.494,pswpin,907751
1790905672.505,api,0.000
1790905672.505,enginecore,0.059
1790905672.505,other_total,0.040
1790905672.505,store_0,0.000
1790905672.505,store_1,0.000
1790905672.505,avail_mb,45644
1790905672.505,pswpin,907751
1790905673.516,api,0.000
1790905673.516,enginecore,0.771
1790905673.516,other_total,0.079
1790905673.516,store_0,0.000
1790905673.516,store_1,0.000
1790905673.516,avail_mb,44534
1790905673.516,pswpin,907751
1790905674.527,api,0.059
1790905674.527,enginecore,0.218
1790905674.527,other_total,0.000
1790905674.527,store_0,0.000
1790905674.527,store_1,0.000
1790905674.527,avail_mb,44540
1790905674.527,pswpin,907751
1790905675.538,api,0.376
1790905675.538,enginecore,0.030
1790905675.538,other_total,0.030
1790905675.538,store_0,0.000
1790905675.538,store_1,0.000
1790905675.538,avail_mb,44511
1790905675.538,pswpin,907751
1790905676.549,api,0.010
1790905676.549,enginecore,0.030
1790905676.549,other_total,0.020
1790905676.549,store_0,0.000
1790905676.549,store_1,0.000
1790905676.549,avail_mb,44515
1790905676.549,pswpin,907751
1790905677.560,api,0.000
1790905677.560,enginecore,0.712
1790905677.560,other_total,0.040
1790905677.560,store_0,0.000
1790905677.560,store_1,0.000
1790905677.560,avail_mb,43497
1790905677.560,pswpin,907751
1790905678.569,api,0.000
1790905678.569,enginecore,0.862
1790905678.569,other_total,0.020
1790905678.569,store_0,0.000
1790905678.569,store_1,0.000
1790905678.569,avail_mb,43257
1790905678.569,pswpin,907751
1790905679.580,api,0.059
1790905679.580,enginecore,0.386
1790905679.580,other_total,0.030
1790905679.580,store_0,0.000
1790905679.580,store_1,0.000
1790905679.580,avail_mb,43234
1790905679.580,pswpin,907751
1790905680.591,api,0.386
1790905680.591,enginecore,0.030
1790905680.591,other_total,0.049
1790905680.591,store_0,0.000
1790905680.591,store_1,0.000
1790905680.591,avail_mb,43188
1790905680.591,pswpin,907751
1790905681.602,api,0.010
1790905681.602,enginecore,0.040
1790905681.602,other_total,0.040
1790905681.602,store_0,0.000
1790905681.602,store_1,0.000
1790905681.602,avail_mb,43190
1790905681.602,pswpin,907751
1790905682.610,api,0.089
1790905682.610,enginecore,0.456
1790905682.610,other_total,0.079
1790905682.610,store_0,0.000
1790905682.610,store_1,0.050
1790905682.610,avail_mb,42914
1790905682.610,pswpin,907751
1790905683.619,api,0.010
1790905683.619,enginecore,0.971
1790905683.619,other_total,0.020
1790905683.619,store_0,0.000
1790905683.619,store_1,0.099
1790905683.619,avail_mb,42267
1790905683.619,pswpin,907751
1790905684.628,api,0.000
1790905684.628,enginecore,1.011
1790905684.628,other_total,0.040
1790905684.628,store_0,0.000
1790905684.628,store_1,0.109
1790905684.628,avail_mb,41625
1790905684.628,pswpin,907751
1790905685.636,api,0.010
1790905685.636,enginecore,0.952
1790905685.636,other_total,0.030
1790905685.636,store_0,0.000
1790905685.636,store_1,0.139
1790905685.636,avail_mb,40938
1790905685.636,pswpin,907751
1790905686.645,api,0.000
1790905686.645,enginecore,0.972
1790905686.645,other_total,0.010
1790905686.645,store_0,0.000
1790905686.645,store_1,0.139
1790905686.645,avail_mb,40287
1790905686.645,pswpin,907751
1790905687.654,api,0.050
1790905687.654,enginecore,0.327
1790905687.654,other_total,0.307
1790905687.654,store_0,0.000
1790905687.654,store_1,0.099
1790905687.654,avail_mb,43312
1790905687.654,pswpin,907751
1790905688.662,api,0.010
1790905688.662,enginecore,0.010
1790905688.662,other_total,1.001
1790905688.662,store_0,0.000
1790905688.662,store_1,0.000
1790905688.662,avail_mb,43013
1790905688.662,pswpin,907751
1790905689.673,api,0.000
1790905689.673,enginecore,0.030
1790905689.673,other_total,0.049
1790905689.673,store_0,0.000
1790905689.673,store_1,0.000
1790905689.673,store_2,0.010
1790905689.673,avail_mb,43009
1790905689.673,pswpin,907751
1790905690.682,api,0.000
1790905690.682,enginecore,0.020
1790905690.682,other_total,1.794
1790905690.682,store_0,0.000
1790905690.682,store_1,0.000
1790905690.682,store_2,0.000
1790905690.682,avail_mb,42425
1790905690.682,pswpin,907751
1790905691.691,api,2.260
1790905691.691,enginecore,0.010
1790905691.691,other_total,0.040
1790905691.691,store_0,0.000
1790905691.691,store_1,0.000
1790905691.691,store_2,0.000
1790905691.691,avail_mb,42219
1790905691.691,pswpin,907751
1790905692.700,api,1.981
1790905692.700,enginecore,0.010
1790905692.700,other_total,0.040
1790905692.700,store_0,0.000
1790905692.700,store_1,0.000
1790905692.700,store_2,0.000
1790905692.700,avail_mb,41982
1790905692.700,pswpin,907751
1790905693.709,api,1.338
1790905693.709,enginecore,0.010
1790905693.709,other_total,0.010
1790905693.709,store_0,0.000
1790905693.709,store_1,0.000
1790905693.709,store_2,0.000
1790905693.709,avail_mb,41858
1790905693.709,pswpin,907751
1790905694.720,api,0.949
1790905694.720,enginecore,0.020
1790905694.720,other_total,0.366
1790905694.720,store_0,0.000
1790905694.720,store_1,0.000
1790905694.720,store_2,0.000
1790905694.720,avail_mb,41312
1790905694.720,pswpin,907751
1790905695.730,api,0.000
1790905695.730,enginecore,0.010
1790905695.730,other_total,2.289
1790905695.730,store_0,0.000
1790905695.730,store_1,0.000
1790905695.730,store_2,0.000
1790905695.730,avail_mb,40941
1790905695.730,pswpin,907751
1790905696.739,api,0.000
1790905696.739,enginecore,0.010
1790905696.739,other_total,2.369
1790905696.739,store_0,0.000
1790905696.739,store_1,0.000
1790905696.739,store_2,0.000
1790905696.739,avail_mb,40728
1790905696.739,pswpin,907751
1790905697.747,api,0.010
1790905697.747,enginecore,0.010
1790905697.747,other_total,2.042
1790905697.747,store_0,0.000
1790905697.747,store_1,0.000
1790905697.747,store_2,0.000
1790905697.747,avail_mb,40536
1790905697.747,pswpin,907751
1790905698.757,api,0.000
1790905698.757,enginecore,0.000
1790905698.757,other_total,2.516
1790905698.757,store_0,0.000
1790905698.757,store_1,0.000
1790905698.757,store_2,0.000
1790905698.757,avail_mb,39823
1790905698.757,pswpin,907751
1790905699.767,api,0.000
1790905699.767,enginecore,1.247
1790905699.767,other_total,1.544
1790905699.767,store_0,0.000
1790905699.767,store_1,0.000
1790905699.767,store_2,0.000
1790905699.767,avail_mb,39819
1790905699.767,pswpin,907751
1790905700.777,api,0.000
1790905700.777,enginecore,2.011
1790905700.777,other_total,0.050
1790905700.777,store_0,0.000
1790905700.777,store_1,0.000
1790905700.777,store_2,0.000
1790905700.777,avail_mb,39367
1790905700.777,pswpin,907751
1790905701.786,api,0.000
1790905701.786,enginecore,1.585
1790905701.786,other_total,0.476
1790905701.786,store_0,0.000
1790905701.786,store_1,0.000
1790905701.786,store_2,0.000
1790905701.786,avail_mb,39315
1790905701.786,pswpin,907751
1790905702.795,api,0.000
1790905702.795,enginecore,1.011
1790905702.795,other_total,0.644
1790905702.795,store_0,0.000
1790905702.795,store_1,0.000
1790905702.795,store_2,0.000
1790905702.795,avail_mb,39248
1790905702.795,pswpin,907751
1790905703.804,api,0.000
1790905703.804,enginecore,1.021
1790905703.804,other_total,0.010
1790905703.804,store_0,0.000
1790905703.804,store_1,0.000
1790905703.804,store_2,0.000
1790905703.804,avail_mb,39265
1790905703.804,pswpin,907751
1790905704.813,api,0.000
1790905704.813,enginecore,1.001
1790905704.813,other_total,0.020
1790905704.813,store_0,0.000
1790905704.813,store_1,0.000
1790905704.813,store_2,0.000
1790905704.813,avail_mb,39004
1790905704.813,pswpin,907751
1790905705.822,api,0.010
1790905705.822,enginecore,0.902
1790905705.822,other_total,0.129
1790905705.822,store_0,0.000
1790905705.822,store_1,0.000
1790905705.822,store_2,0.000
1790905705.822,avail_mb,38661
1790905705.822,pswpin,907751
1790905706.830,api,0.000
1790905706.830,enginecore,0.030
1790905706.830,other_total,0.962
1790905706.830,store_0,0.000
1790905706.830,store_1,0.000
1790905706.830,store_2,0.000
1790905706.830,avail_mb,38661
1790905706.830,pswpin,907751
1790905707.841,api,0.000
1790905707.841,enginecore,0.030
1790905707.841,other_total,0.049
1790905707.841,store_0,0.000
1790905707.841,store_1,0.000
1790905707.841,store_2,0.000
1790905707.841,avail_mb,38662
1790905707.841,pswpin,907751
1790905708.852,api,0.000
1790905708.852,enginecore,0.049
1790905708.852,other_total,0.010
1790905708.852,store_0,0.000
1790905708.852,store_1,0.000
1790905708.852,store_2,0.000
1790905708.852,avail_mb,38666
1790905708.852,pswpin,907751
1790905709.863,api,0.000
1790905709.863,enginecore,0.049
1790905709.863,other_total,0.059
1790905709.863,store_0,0.000
1790905709.863,store_1,0.000
1790905709.863,store_2,0.000
1790905709.863,avail_mb,38674
1790905709.863,pswpin,907751
1790905710.874,api,0.000
1790905710.874,enginecore,0.079
1790905710.874,other_total,0.010
1790905710.874,store_0,0.000
1790905710.874,store_1,0.000
1790905710.874,store_2,0.000
1790905710.874,avail_mb,38683
1790905710.874,pswpin,907751
1790905711.884,api,0.010
1790905711.884,enginecore,0.049
1790905711.884,other_total,0.010
1790905711.884,store_0,0.000
1790905711.884,store_1,0.000
1790905711.884,store_2,0.000
1790905711.884,avail_mb,38689
1790905711.884,pswpin,907751
1790905712.895,api,0.000
1790905712.895,enginecore,0.505
1790905712.895,other_total,0.030
1790905712.895,store_0,0.000
1790905712.895,store_1,0.000
1790905712.895,store_2,0.000
1790905712.895,avail_mb,37663
1790905712.895,pswpin,907751
1790905713.906,api,0.049
1790905713.906,enginecore,0.455
1790905713.906,other_total,0.040
1790905713.906,store_0,0.000
1790905713.906,store_1,0.000
1790905713.906,store_2,0.000
1790905713.906,avail_mb,37575
1790905713.906,pswpin,907751
1790905714.917,api,0.317
1790905714.917,enginecore,0.030
1790905714.917,other_total,0.040
1790905714.917,store_0,0.000
1790905714.917,store_1,0.000
1790905714.917,store_2,0.000
1790905714.917,avail_mb,37528
1790905714.917,pswpin,907751
1790905715.928,api,0.089
1790905715.928,enginecore,0.059
1790905715.928,other_total,0.000
1790905715.928,store_0,0.000
1790905715.928,store_1,0.000
1790905715.928,store_2,0.000
1790905715.928,avail_mb,37529
1790905715.928,pswpin,907751
1790905716.939,api,0.000
1790905716.939,enginecore,0.158
1790905716.939,other_total,0.030
1790905716.939,store_0,0.000
1790905716.939,store_1,0.000
1790905716.939,store_2,0.000
1790905716.939,avail_mb,37531
1790905716.939,pswpin,907751
1790905717.951,api,0.000
1790905717.951,enginecore,1.165
1790905717.951,other_total,0.039
1790905717.951,store_0,0.000
1790905717.951,store_1,0.000
1790905717.951,store_2,0.000
1790905717.951,avail_mb,36321
1790905717.951,pswpin,907751
1790905718.962,api,0.000
1790905718.962,enginecore,0.663
1790905718.962,other_total,0.010
1790905718.962,store_0,0.000
1790905718.962,store_1,0.000
1790905718.962,store_2,0.000
1790905718.962,avail_mb,36240
1790905718.962,pswpin,907751
1790905719.973,api,0.178
1790905719.973,enginecore,0.040
1790905719.973,other_total,0.069
1790905719.973,store_0,0.000
1790905719.973,store_1,0.000
1790905719.973,store_2,0.000
1790905719.973,avail_mb,36194
1790905719.973,pswpin,907751
1790905720.983,api,0.267
1790905720.983,enginecore,0.040
1790905720.983,other_total,0.000
1790905720.983,store_0,0.000
1790905720.983,store_1,0.000
1790905720.983,store_2,0.000
1790905720.983,avail_mb,36196
1790905720.983,pswpin,907751
1790905721.995,api,0.010
1790905721.995,enginecore,0.059
1790905721.995,other_total,0.049
1790905721.995,store_0,0.000
1790905721.995,store_1,0.000
1790905721.995,store_2,0.000
1790905721.995,avail_mb,36196
1790905721.995,pswpin,907751
1790905723.003,api,0.099
1790905723.003,enginecore,0.912
1790905723.003,other_total,0.050
1790905723.003,store_0,0.000
1790905723.003,store_1,0.000
1790905723.003,store_2,0.099
1790905723.003,avail_mb,35707
1790905723.003,pswpin,907751
1790905724.012,api,0.000
1790905724.012,enginecore,0.961
1790905724.012,other_total,0.010
1790905724.012,store_0,0.000
1790905724.012,store_1,0.000
1790905724.012,store_2,0.149
1790905724.012,avail_mb,35049
1790905724.012,pswpin,907751
1790905725.021,api,0.020
1790905725.021,enginecore,0.951
1790905725.021,other_total,0.020
1790905725.021,store_0,0.000
1790905725.021,store_1,0.000
1790905725.021,store_2,0.159
1790905725.021,avail_mb,34414
1790905725.021,pswpin,907751
1790905726.030,api,0.000
1790905726.030,enginecore,0.951
1790905726.030,other_total,0.030
1790905726.030,store_0,0.000
1790905726.030,store_1,0.000
1790905726.030,store_2,0.139
1790905726.030,avail_mb,33764
1790905726.030,pswpin,907751
1790905727.039,api,0.040
1790905727.039,enginecore,0.317
1790905727.039,other_total,0.902
1790905727.039,store_0,0.000
1790905727.039,store_1,0.000
1790905727.039,store_2,0.208
1790905727.039,avail_mb,36351
1790905727.039,pswpin,907751
1790905728.050,api,0.010
1790905728.050,enginecore,0.049
1790905728.050,other_total,0.247
1790905728.050,store_0,0.000
1790905728.050,store_1,0.000
1790905728.050,store_2,0.000
1790905728.050,avail_mb,36311
1790905728.050,pswpin,907751
1790905729.061,api,0.000
1790905729.061,client,0.732
1790905729.061,enginecore,0.049
1790905729.061,other_total,0.188
1790905729.061,store_0,0.000
1790905729.061,store_1,0.000
1790905729.061,store_2,0.000
1790905729.061,avail_mb,36204
1790905729.061,pswpin,907751
1790905730.072,api,0.000
1790905730.072,client,0.000
1790905730.072,enginecore,0.030
1790905730.072,other_total,0.040
1790905730.072,store_0,0.000
1790905730.072,store_1,0.000
1790905730.072,store_2,0.000
1790905730.072,avail_mb,36207
1790905730.072,pswpin,907751
1790905731.083,api,0.000
1790905731.083,client,0.000
1790905731.083,enginecore,0.030
1790905731.083,other_total,0.129
1790905731.083,store_0,0.000
1790905731.083,store_1,0.000
1790905731.083,store_2,0.000
1790905731.083,avail_mb,36217
1790905731.083,pswpin,907751
1790905732.094,api,0.010
1790905732.094,client,0.000
1790905732.094,enginecore,0.109
1790905732.094,other_total,0.040
1790905732.094,store_0,0.000
1790905732.094,store_1,0.000
1790905732.094,store_2,0.000
1790905732.094,avail_mb,36217
1790905732.094,pswpin,907751
1790905733.104,api,0.020
1790905733.104,client,0.010
1790905733.104,enginecore,0.851
1790905733.104,other_total,0.020
1790905733.104,store_0,0.000
1790905733.104,store_1,0.030
1790905733.104,store_2,0.030
1790905733.104,avail_mb,36241
1790905733.104,pswpin,907751
1790905734.115,api,0.030
1790905734.115,client,0.000
1790905734.115,enginecore,0.425
1790905734.115,other_total,0.059
1790905734.115,store_0,0.000
1790905734.115,store_1,0.000
1790905734.115,store_2,0.030
1790905734.115,avail_mb,36278
1790905734.115,pswpin,907751
1790905735.126,api,0.000
1790905735.126,client,0.000
1790905735.126,enginecore,0.040
1790905735.126,other_total,0.059
1790905735.126,store_0,0.000
1790905735.126,store_1,0.000
1790905735.126,store_2,0.000
1790905735.126,avail_mb,36279
1790905735.126,pswpin,907751
1790905736.137,api,0.010
1790905736.137,client,0.010
1790905736.137,enginecore,0.366
1790905736.137,other_total,0.020
1790905736.137,store_0,0.030
1790905736.137,store_1,0.000
1790905736.137,store_2,0.000
1790905736.137,avail_mb,36279
1790905736.137,pswpin,907751
1790905737.149,api,0.000
1790905737.149,client,0.000
1790905737.149,enginecore,0.375
1790905737.149,other_total,0.059
1790905737.149,store_0,0.000
1790905737.149,store_1,0.030
1790905737.149,store_2,0.000
1790905737.149,avail_mb,36316
1790905737.149,pswpin,907751
1790905738.160,api,0.020
1790905738.160,client,0.000
1790905738.160,enginecore,0.030
1790905738.160,other_total,0.030
1790905738.160,store_0,0.000
1790905738.160,store_1,0.000
1790905738.160,store_2,0.000
1790905738.160,avail_mb,36316
1790905738.160,pswpin,907751
1790905739.171,api,0.010
1790905739.171,enginecore,0.396
1790905739.171,other_total,0.049
1790905739.171,store_0,0.030
1790905739.171,store_1,0.000
1790905739.171,store_2,0.000
1790905739.171,avail_mb,36355
1790905739.171,pswpin,907751
1790905740.182,api,0.000
1790905740.182,enginecore,0.030
1790905740.182,other_total,0.148
1790905740.182,store_0,0.000
1790905740.182,store_1,0.000
1790905740.182,store_2,0.000
1790905740.182,avail_mb,36336
1790905740.182,pswpin,907751
1790905741.193,api,0.000
1790905741.193,enginecore,0.020
1790905741.193,other_total,0.040
1790905741.193,store_0,0.000
1790905741.193,store_1,0.000
1790905741.193,store_2,0.000
1790905741.193,avail_mb,36334
1790905741.193,pswpin,907751
1790905742.203,api,0.000
1790905742.203,enginecore,0.020
1790905742.203,other_total,0.079
1790905742.203,store_0,0.000
1790905742.203,store_1,0.000
1790905742.203,store_2,0.000
1790905742.203,avail_mb,36348
1790905742.203,pswpin,907751
1790905743.214,api,0.000
1790905743.214,enginecore,0.040
1790905743.214,other_total,0.079
1790905743.214,store_0,0.000
1790905743.214,store_1,0.000
1790905743.214,store_2,0.000
1790905743.214,avail_mb,36349
1790905743.214,pswpin,907751
1790905744.225,api,0.010
1790905744.225,enginecore,0.030
1790905744.225,other_total,0.049
1790905744.225,store_0,0.000
1790905744.225,store_1,0.000
1790905744.225,store_2,0.000
1790905744.225,avail_mb,36351
1790905744.225,pswpin,907751
1790905745.236,api,0.000
1790905745.236,enginecore,0.040
1790905745.236,other_total,0.010
1790905745.236,store_0,0.000
1790905745.236,store_1,0.000
1790905745.236,store_2,0.000
1790905745.236,avail_mb,36352
1790905745.236,pswpin,907751
1790905746.247,api,0.010
1790905746.247,enginecore,0.020
1790905746.247,other_total,0.059
1790905746.247,store_0,0.000
1790905746.247,store_1,0.000
1790905746.247,store_2,0.000
1790905746.247,avail_mb,36356
1790905746.247,pswpin,907751
1790905747.258,api,0.010
1790905747.258,enginecore,0.049
1790905747.258,other_total,0.059
1790905747.258,store_0,0.000
1790905747.258,store_1,0.000
1790905747.258,store_2,0.000
1790905747.258,avail_mb,36357
1790905747.258,pswpin,907751
1790905748.269,api,0.000
1790905748.269,enginecore,0.030
1790905748.269,other_total,1.009
1790905748.269,store_0,0.000
1790905748.269,store_1,0.000
1790905748.269,store_2,0.000
1790905748.269,avail_mb,36247
1790905748.269,pswpin,907751
1790905749.280,api,0.010
1790905749.280,client,0.000
1790905749.280,enginecore,0.030
1790905749.280,other_total,0.059
1790905749.280,store_0,0.000
1790905749.280,store_1,0.000
1790905749.280,store_2,0.000
1790905749.280,avail_mb,36244
1790905749.280,pswpin,907751
1790905750.290,api,0.010
1790905750.290,client,0.000
1790905750.290,enginecore,0.040
1790905750.290,other_total,0.010
1790905750.290,store_0,0.000
1790905750.290,store_1,0.000
1790905750.290,store_2,0.000
1790905750.290,avail_mb,36244
1790905750.290,pswpin,907751
1790905751.302,api,0.010
1790905751.302,client,0.000
1790905751.302,enginecore,0.020
1790905751.302,other_total,0.079
1790905751.302,store_0,0.000
1790905751.302,store_1,0.000
1790905751.302,store_2,0.000
1790905751.302,avail_mb,36244
1790905751.302,pswpin,907751
1790905752.311,api,0.069
1790905752.311,client,0.040
1790905752.311,enginecore,2.963
1790905752.311,other_total,0.010
1790905752.311,store_0,0.000
1790905752.311,store_1,0.000
1790905752.311,store_2,0.000
1790905752.311,avail_mb,36241
1790905752.311,pswpin,907751
1790905753.320,api,0.050
1790905753.320,client,0.020
1790905753.320,enginecore,3.222
1790905753.320,other_total,0.000
1790905753.320,store_0,0.000
1790905753.320,store_1,0.000
1790905753.320,store_2,0.000
1790905753.320,avail_mb,36237
1790905753.320,pswpin,907751
1790905754.329,api,0.059
1790905754.329,client,0.020
1790905754.329,enginecore,2.913
1790905754.329,other_total,0.040
1790905754.329,store_0,0.000
1790905754.329,store_1,0.000
1790905754.329,store_2,0.000
1790905754.329,avail_mb,36236
1790905754.329,pswpin,907751
1790905755.338,api,0.050
1790905755.338,client,0.010
1790905755.338,enginecore,3.041
1790905755.338,other_total,0.079
1790905755.338,store_0,0.000
1790905755.338,store_1,0.000
1790905755.338,store_2,0.000
1790905755.338,avail_mb,36232
1790905755.338,pswpin,907751
1790905756.347,api,0.050
1790905756.347,client,0.020
1790905756.347,enginecore,2.766
1790905756.347,other_total,0.000
1790905756.347,store_0,0.000
1790905756.347,store_1,0.000
1790905756.347,store_2,0.000
1790905756.347,avail_mb,36231
1790905756.347,pswpin,907751
1790905757.356,api,0.079
1790905757.356,client,0.020
1790905757.356,enginecore,3.321
1790905757.356,other_total,0.000
1790905757.356,store_0,0.000
1790905757.356,store_1,0.000
1790905757.356,store_2,0.000
1790905757.356,avail_mb,36229
1790905757.356,pswpin,907751
1790905758.365,api,0.059
1790905758.365,client,0.030
1790905758.365,enginecore,3.192
1790905758.365,other_total,0.040
1790905758.365,store_0,0.000
1790905758.365,store_1,0.000
1790905758.365,store_2,0.000
1790905758.365,avail_mb,36228
1790905758.365,pswpin,907751
1790905759.373,api,0.059
1790905759.373,client,0.020
1790905759.373,enginecore,3.331
1790905759.373,other_total,0.030
1790905759.373,store_0,0.000
1790905759.373,store_1,0.000
1790905759.373,store_2,0.000
1790905759.373,avail_mb,36226
1790905759.373,pswpin,907751
1790905760.382,api,0.040
1790905760.382,client,0.010
1790905760.382,enginecore,3.351
1790905760.382,other_total,0.089
1790905760.382,store_0,0.000
1790905760.382,store_1,0.000
1790905760.382,store_2,0.000
1790905760.382,avail_mb,36224
1790905760.382,pswpin,907751
1790905761.391,api,0.079
1790905761.391,client,0.040
1790905761.391,enginecore,3.566
1790905761.391,other_total,0.030
1790905761.391,store_0,0.000
1790905761.391,store_1,0.000
1790905761.391,store_2,0.000
1790905761.391,avail_mb,36221
1790905761.391,pswpin,907751
1790905762.403,api,0.069
1790905762.403,client,0.030
1790905762.403,enginecore,3.261
1790905762.403,other_total,0.089
1790905762.403,store_0,0.000
1790905762.403,store_1,0.000
1790905762.403,store_2,0.000
1790905762.403,avail_mb,36234
1790905762.403,pswpin,907751
1790905763.416,api,0.069
1790905763.416,client,0.010
1790905763.416,enginecore,3.014
1790905763.416,other_total,0.010
1790905763.416,store_0,0.000
1790905763.416,store_1,0.000
1790905763.416,store_2,0.000
1790905763.416,avail_mb,36232
1790905763.416,pswpin,907751
1790905764.426,api,0.049
1790905764.426,client,0.020
1790905764.426,enginecore,2.315
1790905764.426,other_total,0.040
1790905764.426,store_0,0.000
1790905764.426,store_1,0.000
1790905764.426,store_2,0.000
1790905764.426,avail_mb,36230
1790905764.426,pswpin,907751
1790905765.435,api,0.050
1790905765.435,client,0.010
1790905765.435,enginecore,2.647
1790905765.435,other_total,0.020
1790905765.435,store_0,0.000
1790905765.435,store_1,0.000
1790905765.435,store_2,0.000
1790905765.435,avail_mb,36231
1790905765.435,pswpin,907751
1790905766.444,api,0.040
1790905766.444,client,0.020
1790905766.444,enginecore,3.390
1790905766.444,other_total,0.020
1790905766.444,store_0,0.000
1790905766.444,store_1,0.000
1790905766.444,store_2,0.000
1790905766.444,avail_mb,36230
1790905766.444,pswpin,907751
1790905767.453,api,0.069
1790905767.453,client,0.020
1790905767.453,enginecore,3.439
1790905767.453,other_total,0.079
1790905767.453,store_0,0.000
1790905767.453,store_1,0.000
1790905767.453,store_2,0.000
1790905767.453,avail_mb,36232
1790905767.453,pswpin,907751
1790905768.461,api,0.079
1790905768.461,client,0.040
1790905768.461,enginecore,3.271
1790905768.461,other_total,0.000
1790905768.461,store_0,0.000
1790905768.461,store_1,0.000
1790905768.461,store_2,0.000
1790905768.461,avail_mb,36232
1790905768.461,pswpin,907751
1790905769.470,api,0.030
1790905769.470,client,0.020
1790905769.470,enginecore,3.300
1790905769.470,other_total,0.010
1790905769.470,store_0,0.000
1790905769.470,store_1,0.000
1790905769.470,store_2,0.000
1790905769.470,avail_mb,36231
1790905769.470,pswpin,907751
1790905770.479,api,0.059
1790905770.479,client,0.030
1790905770.479,enginecore,3.499
1790905770.479,other_total,0.030
1790905770.479,store_0,0.000
1790905770.479,store_1,0.000
1790905770.479,store_2,0.000
1790905770.479,avail_mb,36230
1790905770.479,pswpin,907751
1790905771.488,api,0.069
1790905771.488,client,0.020
1790905771.488,enginecore,3.380
1790905771.488,other_total,0.000
1790905771.488,store_0,0.000
1790905771.488,store_1,0.000
1790905771.488,store_2,0.000
1790905771.488,avail_mb,36229
1790905771.488,pswpin,907751
1790905772.497,api,0.059
1790905772.497,client,0.030
1790905772.497,enginecore,3.370
1790905772.497,other_total,0.030
1790905772.497,store_0,0.000
1790905772.497,store_1,0.000
1790905772.497,store_2,0.000
1790905772.497,avail_mb,36229
1790905772.497,pswpin,907751
1790905773.506,api,0.069
1790905773.506,client,0.020
1790905773.506,enginecore,3.359
1790905773.506,other_total,0.020
1790905773.506,store_0,0.000
1790905773.506,store_1,0.000
1790905773.506,store_2,0.000
1790905773.506,avail_mb,36222
1790905773.506,pswpin,907751
1790905774.515,api,0.050
1790905774.515,client,0.040
1790905774.515,enginecore,3.351
1790905774.515,other_total,0.010
1790905774.515,store_0,0.000
1790905774.515,store_1,0.000
1790905774.515,store_2,0.000
1790905774.515,avail_mb,36222
1790905774.515,pswpin,907751
1790905775.524,api,0.050
1790905775.524,client,0.010
1790905775.524,enginecore,2.419
1790905775.524,other_total,0.000
1790905775.524,store_0,0.000
1790905775.524,store_1,0.000
1790905775.524,store_2,0.000
1790905775.524,avail_mb,36222
1790905775.524,pswpin,907751
1790905776.532,api,0.050
1790905776.532,client,0.010
1790905776.532,enginecore,2.845
1790905776.532,other_total,0.000
1790905776.532,store_0,0.000
1790905776.532,store_1,0.000
1790905776.532,store_2,0.000
1790905776.532,avail_mb,36221
1790905776.532,pswpin,907751
1790905777.541,api,0.040
1790905777.541,client,0.020
1790905777.541,enginecore,2.745
1790905777.541,other_total,0.010
1790905777.541,store_0,0.000
1790905777.541,store_1,0.000
1790905777.541,store_2,0.000
1790905777.541,avail_mb,36221
1790905777.541,pswpin,907751
1790905778.550,api,0.040
1790905778.550,client,0.010
1790905778.550,enginecore,2.914
1790905778.550,other_total,0.030
1790905778.550,store_0,0.000
1790905778.550,store_1,0.000
1790905778.550,store_2,0.000
1790905778.550,avail_mb,36221
1790905778.550,pswpin,907751
1790905779.559,api,0.069
1790905779.559,client,0.030
1790905779.559,enginecore,3.369
1790905779.559,other_total,0.000
1790905779.559,store_0,0.000
1790905779.559,store_1,0.000
1790905779.559,store_2,0.000
1790905779.559,avail_mb,36216
1790905779.559,pswpin,907751
1790905780.568,api,0.059
1790905780.568,client,0.020
1790905780.568,enginecore,3.361
1790905780.568,other_total,0.000
1790905780.568,store_0,0.000
1790905780.568,store_1,0.000
1790905780.568,store_2,0.000
1790905780.568,avail_mb,36216
1790905780.568,pswpin,907751
1790905781.577,api,0.040
1790905781.577,client,0.020
1790905781.577,enginecore,3.292
1790905781.577,other_total,0.119
1790905781.577,store_0,0.000
1790905781.577,store_1,0.000
1790905781.577,store_2,0.000
1790905781.577,avail_mb,36197
1790905781.577,pswpin,907751
1790905782.586,api,0.050
1790905782.586,client,0.020
1790905782.586,enginecore,3.053
1790905782.586,other_total,0.089
1790905782.586,store_0,0.000
1790905782.586,store_1,0.000
1790905782.586,store_2,0.000
1790905782.586,avail_mb,36202
1790905782.586,pswpin,907751
1790905783.595,api,0.059
1790905783.595,client,0.010
1790905783.595,enginecore,3.390
1790905783.595,other_total,0.030
1790905783.595,store_0,0.000
1790905783.595,store_1,0.000
1790905783.595,store_2,0.000
1790905783.595,avail_mb,36201
1790905783.595,pswpin,907751
1790905784.604,api,0.069
1790905784.604,client,0.030
1790905784.604,enginecore,3.309
1790905784.604,other_total,0.000
1790905784.604,store_0,0.000
1790905784.604,store_1,0.000
1790905784.604,store_2,0.000
1790905784.604,avail_mb,36200
1790905784.604,pswpin,907751
1790905785.613,api,0.059
1790905785.613,client,0.010
1790905785.613,enginecore,3.331
1790905785.613,other_total,0.040
1790905785.613,store_0,0.000
1790905785.613,store_1,0.000
1790905785.613,store_2,0.000
1790905785.613,avail_mb,36199
1790905785.613,pswpin,907751
1790905786.621,api,0.050
1790905786.621,client,0.030
1790905786.621,enginecore,3.341
1790905786.621,other_total,0.000
1790905786.621,store_0,0.000
1790905786.621,store_1,0.000
1790905786.621,store_2,0.000
1790905786.621,avail_mb,36199
1790905786.621,pswpin,907751
1790905787.630,api,0.050
1790905787.630,client,0.020
1790905787.630,enginecore,3.311
1790905787.630,other_total,0.020
1790905787.630,store_0,0.000
1790905787.630,store_1,0.000
1790905787.630,store_2,0.000
1790905787.630,avail_mb,36199
1790905787.630,pswpin,907751
1790905788.639,api,0.059
1790905788.639,client,0.020
1790905788.639,enginecore,3.202
1790905788.639,other_total,0.040
1790905788.639,store_0,0.000
1790905788.639,store_1,0.000
1790905788.639,store_2,0.000
1790905788.639,avail_mb,36195
1790905788.639,pswpin,907751
1790905789.648,api,0.050
1790905789.648,client,0.010
1790905789.648,enginecore,3.260
1790905789.648,other_total,0.040
1790905789.648,store_0,0.000
1790905789.648,store_1,0.000
1790905789.648,store_2,0.000
1790905789.648,avail_mb,36197
1790905789.648,pswpin,907751
1790905790.657,api,0.059
1790905790.657,client,0.030
1790905790.657,enginecore,3.330
1790905790.657,other_total,0.000
1790905790.657,store_0,0.000
1790905790.657,store_1,0.000
1790905790.657,store_2,0.000
1790905790.657,avail_mb,36195
1790905790.657,pswpin,907751
1790905791.666,api,0.040
1790905791.666,client,0.010
1790905791.666,enginecore,3.251
1790905791.666,other_total,0.040
1790905791.666,store_0,0.000
1790905791.666,store_1,0.000
1790905791.666,store_2,0.000
1790905791.666,avail_mb,36192
1790905791.666,pswpin,907751
1790905792.675,api,0.050
1790905792.675,client,0.040
1790905792.675,enginecore,3.370
1790905792.675,other_total,0.079
1790905792.675,store_0,0.000
1790905792.675,store_1,0.000
1790905792.675,store_2,0.000
1790905792.675,avail_mb,36163
1790905792.675,pswpin,907751
1790905793.684,api,0.069
1790905793.684,client,0.020
1790905793.684,enginecore,3.241
1790905793.684,other_total,0.040
1790905793.684,store_0,0.000
1790905793.684,store_1,0.000
1790905793.684,store_2,0.000
1790905793.684,avail_mb,36161
1790905793.684,pswpin,907751
1790905794.693,api,0.069
1790905794.693,client,0.010
1790905794.693,enginecore,3.279
1790905794.693,other_total,0.030
1790905794.693,store_0,0.000
1790905794.693,store_1,0.000
1790905794.693,store_2,0.000
1790905794.693,avail_mb,36162
1790905794.693,pswpin,907751
1790905795.703,api,0.059
1790905795.703,client,0.050
1790905795.703,enginecore,3.476
1790905795.703,other_total,0.010
1790905795.703,store_0,0.000
1790905795.703,store_1,0.000
1790905795.703,store_2,0.000
1790905795.703,avail_mb,36161
1790905795.703,pswpin,907751
1790905796.712,api,0.059
1790905796.712,client,0.030
1790905796.712,enginecore,3.460
1790905796.712,other_total,0.000
1790905796.712,store_0,0.000
1790905796.712,store_1,0.000
1790905796.712,store_2,0.000
1790905796.712,avail_mb,36162
1790905796.712,pswpin,907751
1790905797.721,api,0.089
1790905797.721,client,0.030
1790905797.721,enginecore,3.448
1790905797.721,other_total,0.040
1790905797.721,store_0,0.000
1790905797.721,store_1,0.000
1790905797.721,store_2,0.000
1790905797.721,avail_mb,36156
1790905797.721,pswpin,907751
1790905798.732,api,0.059
1790905798.732,client,0.020
1790905798.732,enginecore,3.266
1790905798.732,other_total,0.020
1790905798.732,store_0,0.000
1790905798.732,store_1,0.000
1790905798.732,store_2,0.000
1790905798.732,avail_mb,36156
1790905798.732,pswpin,907751
1790905799.741,api,0.050
1790905799.741,client,0.010
1790905799.741,enginecore,3.300
1790905799.741,other_total,0.010
1790905799.741,store_0,0.000
1790905799.741,store_1,0.000
1790905799.741,store_2,0.000
1790905799.741,avail_mb,36155
1790905799.741,pswpin,907751
1790905800.752,api,0.040
1790905800.752,client,0.020
1790905800.752,enginecore,2.679
1790905800.752,other_total,0.059
1790905800.752,store_0,0.000
1790905800.752,store_1,0.000
1790905800.752,store_2,0.000
1790905800.752,avail_mb,36155
1790905800.752,pswpin,907751
1790905801.761,api,0.059
1790905801.761,client,0.030
1790905801.761,enginecore,3.410
1790905801.761,other_total,0.000
1790905801.761,store_0,0.000
1790905801.761,store_1,0.000
1790905801.761,store_2,0.000
1790905801.761,avail_mb,36177
1790905801.761,pswpin,907751
1790905802.770,api,0.050
1790905802.770,client,0.030
1790905802.770,enginecore,3.410
1790905802.770,other_total,0.119
1790905802.770,store_0,0.000
1790905802.770,store_1,0.000
1790905802.770,store_2,0.000
1790905802.770,avail_mb,36148
1790905802.770,pswpin,907751
1790905803.780,api,0.099
1790905803.780,client,0.030
1790905803.780,enginecore,3.425
1790905803.780,other_total,0.000
1790905803.780,store_0,0.000
1790905803.780,store_1,0.000
1790905803.780,store_2,0.000
1790905803.780,avail_mb,36145
1790905803.780,pswpin,907751
1790905804.789,api,0.040
1790905804.789,client,0.020
1790905804.789,enginecore,3.379
1790905804.789,other_total,0.030
1790905804.789,store_0,0.000
1790905804.789,store_1,0.000
1790905804.789,store_2,0.000
1790905804.789,avail_mb,36147
1790905804.789,pswpin,907751
1790905805.799,api,0.059
1790905805.799,client,0.010
1790905805.799,enginecore,3.319
1790905805.799,other_total,0.000
1790905805.799,store_0,0.000
1790905805.799,store_1,0.000
1790905805.799,store_2,0.000
1790905805.799,avail_mb,36147
1790905805.799,pswpin,907751
1790905806.808,api,0.059
1790905806.808,client,0.010
1790905806.808,enginecore,3.289
1790905806.808,other_total,0.000
1790905806.808,store_0,0.000
1790905806.808,store_1,0.000
1790905806.808,store_2,0.000
1790905806.808,avail_mb,36144
1790905806.808,pswpin,907751
1790905807.817,api,0.059
1790905807.817,client,0.040
1790905807.817,enginecore,3.311
1790905807.817,other_total,0.000
1790905807.817,store_0,0.000
1790905807.817,store_1,0.000
1790905807.817,store_2,0.000
1790905807.817,avail_mb,36145
1790905807.817,pswpin,907751
1790905808.826,api,0.030
1790905808.826,client,0.000
1790905808.826,enginecore,3.270
1790905808.826,other_total,0.030
1790905808.826,store_0,0.000
1790905808.826,store_1,0.000
1790905808.826,store_2,0.000
1790905808.826,avail_mb,36146
1790905808.826,pswpin,907751
1790905809.834,api,0.069
1790905809.834,client,0.030
1790905809.834,enginecore,3.222
1790905809.834,other_total,0.010
1790905809.834,store_0,0.000
1790905809.834,store_1,0.000
1790905809.834,store_2,0.000
1790905809.834,avail_mb,36148
1790905809.834,pswpin,907751
1790905810.843,api,0.040
1790905810.843,client,0.000
1790905810.843,enginecore,2.200
1790905810.843,other_total,0.010
1790905810.843,store_0,0.000
1790905810.843,store_1,0.000
1790905810.843,store_2,0.000
1790905810.843,avail_mb,36147
1790905810.843,pswpin,907751
1790905811.852,api,0.040
1790905811.852,client,0.020
1790905811.852,enginecore,3.043
1790905811.852,other_total,0.129
1790905811.852,store_0,0.000
1790905811.852,store_1,0.000
1790905811.852,store_2,0.000
1790905811.852,avail_mb,36143
1790905811.852,pswpin,907751
1790905812.862,api,0.069
1790905812.862,client,0.030
1790905812.862,enginecore,3.249
1790905812.862,other_total,0.010
1790905812.862,store_0,0.000
1790905812.862,store_1,0.000
1790905812.862,store_2,0.000
1790905812.862,avail_mb,36168
1790905812.862,pswpin,907751
1790905813.871,api,0.040
1790905813.871,client,0.000
1790905813.871,enginecore,3.341
1790905813.871,other_total,0.020
1790905813.871,store_0,0.000
1790905813.871,store_1,0.000
1790905813.871,store_2,0.000
1790905813.871,avail_mb,36168
1790905813.871,pswpin,907751
1790905814.879,api,0.069
1790905814.879,client,0.030
1790905814.879,enginecore,3.162
1790905814.879,other_total,0.030
1790905814.879,store_0,0.000
1790905814.879,store_1,0.000
1790905814.879,store_2,0.000
1790905814.879,avail_mb,36166
1790905814.879,pswpin,907751
1790905815.889,api,0.050
1790905815.889,client,0.010
1790905815.889,enginecore,3.089
1790905815.889,other_total,0.059
1790905815.889,store_0,0.000
1790905815.889,store_1,0.000
1790905815.889,store_2,0.000
1790905815.889,avail_mb,36166
1790905815.889,pswpin,907751
1790905816.901,api,0.059
1790905816.901,client,0.030
1790905816.901,enginecore,3.392
1790905816.901,other_total,0.000
1790905816.901,store_0,0.000
1790905816.901,store_1,0.000
1790905816.901,store_2,0.000
1790905816.901,avail_mb,36166
1790905816.901,pswpin,907751
1790905817.910,api,0.069
1790905817.910,client,0.040
1790905817.910,enginecore,3.468
1790905817.910,other_total,0.010
1790905817.910,store_0,0.000
1790905817.910,store_1,0.000
1790905817.910,store_2,0.000
1790905817.910,avail_mb,36168
1790905817.910,pswpin,907751
1790905818.919,api,0.089
1790905818.919,client,0.010
1790905818.919,enginecore,3.428
1790905818.919,other_total,0.050
1790905818.919,store_0,0.000
1790905818.919,store_1,0.000
1790905818.919,store_2,0.000
1790905818.919,avail_mb,36167
1790905818.919,pswpin,907751
1790905819.927,api,0.069
1790905819.927,client,0.040
1790905819.927,enginecore,3.363
1790905819.927,other_total,0.000
1790905819.927,store_0,0.000
1790905819.927,store_1,0.000
1790905819.927,store_2,0.000
1790905819.927,avail_mb,36166
1790905819.927,pswpin,907751
1790905820.936,api,0.040
1790905820.936,client,0.020
1790905820.936,enginecore,3.281
1790905820.936,other_total,0.030
1790905820.936,store_0,0.000
1790905820.936,store_1,0.000
1790905820.936,store_2,0.000
1790905820.936,avail_mb,36166
1790905820.936,pswpin,907751
1790905821.945,api,0.059
1790905821.945,client,0.020
1790905821.945,enginecore,3.371
1790905821.945,other_total,0.119
1790905821.945,store_0,0.000
1790905821.945,store_1,0.000
1790905821.945,store_2,0.000
1790905821.945,avail_mb,36166
1790905821.945,pswpin,907751
1790905822.954,api,0.050
1790905822.954,client,0.010
1790905822.954,enginecore,3.270
1790905822.954,other_total,0.040
1790905822.954,store_0,0.000
1790905822.954,store_1,0.000
1790905822.954,store_2,0.000
1790905822.954,avail_mb,36163
1790905822.954,pswpin,907751
1790905823.963,api,0.059
1790905823.963,client,0.010
1790905823.963,enginecore,1.368
1790905823.963,other_total,0.010
1790905823.963,store_0,0.000
1790905823.963,store_1,0.000
1790905823.963,store_2,0.000
1790905823.963,avail_mb,36163
1790905823.963,pswpin,907751
1790905824.972,api,0.050
1790905824.972,client,0.020
1790905824.972,enginecore,1.189
1790905824.972,other_total,0.040
1790905824.972,store_0,0.000
1790905824.972,store_1,0.000
1790905824.972,store_2,0.000
1790905824.972,avail_mb,36163
1790905824.972,pswpin,907751
1790905825.981,api,0.020
1790905825.981,client,0.020
1790905825.981,enginecore,2.042
1790905825.981,other_total,0.059
1790905825.981,store_0,0.000
1790905825.981,store_1,0.000
1790905825.981,store_2,0.000
1790905825.981,avail_mb,36163
1790905825.981,pswpin,907751
1790905826.990,api,0.079
1790905826.990,client,0.010
1790905826.990,enginecore,3.528
1790905826.990,other_total,0.010
1790905826.990,store_0,0.000
1790905826.990,store_1,0.000
1790905826.990,store_2,0.000
1790905826.990,avail_mb,36163
1790905826.990,pswpin,907751
1790905827.999,api,0.079
1790905827.999,client,0.030
1790905827.999,enginecore,3.310
1790905827.999,other_total,0.040
1790905827.999,store_0,0.000
1790905827.999,store_1,0.000
1790905827.999,store_2,0.000
1790905827.999,avail_mb,36165
1790905827.999,pswpin,907751
1790905829.008,api,0.059
1790905829.008,client,0.020
1790905829.008,enginecore,3.411
1790905829.008,other_total,0.040
1790905829.008,store_0,0.000
1790905829.008,store_1,0.000
1790905829.008,store_2,0.000
1790905829.008,avail_mb,36165
1790905829.008,pswpin,907751
1790905830.017,api,0.069
1790905830.017,client,0.030
1790905830.017,enginecore,3.468
1790905830.017,other_total,0.020
1790905830.017,store_0,0.000
1790905830.017,store_1,0.000
1790905830.017,store_2,0.000
1790905830.017,avail_mb,36164
1790905830.017,pswpin,907751
1790905831.027,api,0.059
1790905831.027,client,0.040
1790905831.027,enginecore,3.328
1790905831.027,other_total,0.030
1790905831.027,store_0,0.000
1790905831.027,store_1,0.000
1790905831.027,store_2,0.000
1790905831.027,avail_mb,36166
1790905831.027,pswpin,907751
1790905832.035,api,0.059
1790905832.035,client,0.020
1790905832.035,enginecore,3.440
1790905832.035,other_total,0.000
1790905832.035,store_0,0.000
1790905832.035,store_1,0.000
1790905832.035,store_2,0.000
1790905832.035,avail_mb,36166
1790905832.035,pswpin,907751
1790905833.044,api,0.059
1790905833.044,client,0.030
1790905833.044,enginecore,3.211
1790905833.044,other_total,0.000
1790905833.044,store_0,0.000
1790905833.044,store_1,0.000
1790905833.044,store_2,0.000
1790905833.044,avail_mb,36164
1790905833.044,pswpin,907751
1790905834.055,api,0.079
1790905834.055,client,0.020
1790905834.055,enginecore,3.464
1790905834.055,other_total,0.000
1790905834.055,store_0,0.000
1790905834.055,store_1,0.000
1790905834.055,store_2,0.000
1790905834.055,avail_mb,36173
1790905834.055,pswpin,907751
1790905835.064,api,0.050
1790905835.064,client,0.020
1790905835.064,enginecore,3.310
1790905835.064,other_total,0.030
1790905835.064,store_0,0.000
1790905835.064,store_1,0.000
1790905835.064,store_2,0.000
1790905835.064,avail_mb,36172
1790905835.064,pswpin,907751
1790905836.073,api,0.059
1790905836.073,client,0.020
1790905836.073,enginecore,3.388
1790905836.073,other_total,0.010
1790905836.073,store_0,0.000
1790905836.073,store_1,0.000
1790905836.073,store_2,0.000
1790905836.073,avail_mb,36170
1790905836.073,pswpin,907751
1790905837.082,api,0.050
1790905837.082,client,0.020
1790905837.082,enginecore,3.291
1790905837.082,other_total,0.059
1790905837.082,store_0,0.000
1790905837.082,store_1,0.000
1790905837.082,store_2,0.000
1790905837.082,avail_mb,36174
1790905837.082,pswpin,907751
1790905838.091,api,0.079
1790905838.091,client,0.030
1790905838.091,enginecore,3.291
1790905838.091,other_total,2.241
1790905838.091,store_0,0.000
1790905838.091,store_1,0.000
1790905838.091,store_2,0.000
1790905838.091,avail_mb,36154
1790905838.091,pswpin,907753
1790905839.100,api,0.069
1790905839.100,client,0.020
1790905839.100,enginecore,3.298
1790905839.100,other_total,0.059
1790905839.100,store_0,0.000
1790905839.100,store_1,0.000
1790905839.100,store_2,0.000
1790905839.100,avail_mb,36137
1790905839.100,pswpin,907753
1790905840.110,api,0.050
1790905840.110,client,0.020
1790905840.110,enginecore,2.397
1790905840.110,other_total,0.089
1790905840.110,store_0,0.000
1790905840.110,store_1,0.000
1790905840.110,store_2,0.000
1790905840.110,avail_mb,36118
1790905840.110,pswpin,907753
1790905841.119,api,0.050
1790905841.119,client,0.030
1790905841.119,enginecore,2.934
1790905841.119,other_total,0.050
1790905841.119,store_0,0.000
1790905841.119,store_1,0.000
1790905841.119,store_2,0.000
1790905841.119,avail_mb,36132
1790905841.119,pswpin,907753
1790905842.128,api,0.059
1790905842.128,client,0.020
1790905842.128,enginecore,3.310
1790905842.128,other_total,0.000
1790905842.128,store_0,0.000
1790905842.128,store_1,0.000
1790905842.128,store_2,0.000
1790905842.128,avail_mb,36135
1790905842.128,pswpin,907753
1790905843.138,api,0.049
1790905843.138,client,0.010
1790905843.138,enginecore,3.326
1790905843.138,other_total,0.079
1790905843.138,store_0,0.000
1790905843.138,store_1,0.000
1790905843.138,store_2,0.000
1790905843.138,avail_mb,36136
1790905843.138,pswpin,907753
1790905844.147,api,0.069
1790905844.147,client,0.030
1790905844.147,enginecore,3.319
1790905844.147,other_total,0.000
1790905844.147,store_0,0.000
1790905844.147,store_1,0.000
1790905844.147,store_2,0.000
1790905844.147,avail_mb,36136
1790905844.147,pswpin,907753
1790905845.157,api,0.059
1790905845.157,client,0.010
1790905845.157,enginecore,3.468
1790905845.157,other_total,0.059
1790905845.157,store_0,0.000
1790905845.157,store_1,0.000
1790905845.157,store_2,0.000
1790905845.157,avail_mb,36142
1790905845.157,pswpin,907753
1790905846.166,api,0.069
1790905846.166,client,0.030
1790905846.166,enginecore,3.380
1790905846.166,other_total,0.040
1790905846.166,store_0,0.000
1790905846.166,store_1,0.000
1790905846.166,store_2,0.000
1790905846.166,avail_mb,36141
1790905846.166,pswpin,907753
1790905847.174,api,0.069
1790905847.174,client,0.030
1790905847.174,enginecore,3.390
1790905847.174,other_total,0.040
1790905847.174,store_0,0.000
1790905847.174,store_1,0.000
1790905847.174,store_2,0.000
1790905847.174,avail_mb,36141
1790905847.174,pswpin,907753
1790905848.183,api,0.069
1790905848.183,client,0.040
1790905848.183,enginecore,3.379
1790905848.183,other_total,0.030
1790905848.183,store_0,0.000
1790905848.183,store_1,0.000
1790905848.183,store_2,0.000
1790905848.183,avail_mb,36142
1790905848.183,pswpin,907753
1790905849.192,api,0.069
1790905849.192,client,0.010
1790905849.192,enginecore,3.262
1790905849.192,other_total,0.040
1790905849.192,store_0,0.000
1790905849.192,store_1,0.000
1790905849.192,store_2,0.000
1790905849.192,avail_mb,36141
1790905849.192,pswpin,907753
1790905850.201,api,0.040
1790905850.201,client,0.020
1790905850.201,enginecore,2.330
1790905850.201,other_total,0.020
1790905850.201,store_0,0.000
1790905850.201,store_1,0.000
1790905850.201,store_2,0.000
1790905850.201,avail_mb,36143
1790905850.201,pswpin,907753
1790905851.210,api,0.050
1790905851.210,client,0.020
1790905851.210,enginecore,3.310
1790905851.210,other_total,0.089
1790905851.210,store_0,0.000
1790905851.210,store_1,0.000
1790905851.210,store_2,0.000
1790905851.210,avail_mb,36145
1790905851.210,pswpin,907753
1790905852.219,api,0.050
1790905852.219,client,0.010
1790905852.219,enginecore,3.130
1790905852.219,other_total,0.079
1790905852.219,store_0,0.000
1790905852.219,store_1,0.000
1790905852.219,store_2,0.000
1790905852.219,avail_mb,36145
1790905852.219,pswpin,907753
1790905853.230,api,0.059
1790905853.230,client,0.030
1790905853.230,enginecore,3.326
1790905853.230,other_total,0.020
1790905853.230,store_0,0.000
1790905853.230,store_1,0.000
1790905853.230,store_2,0.000
1790905853.230,avail_mb,36144
1790905853.230,pswpin,907753
1790905854.238,api,0.040
1790905854.238,client,0.000
1790905854.238,enginecore,2.261
1790905854.238,other_total,0.040
1790905854.238,store_0,0.000
1790905854.238,store_1,0.000
1790905854.238,store_2,0.000
1790905854.238,avail_mb,36145
1790905854.238,pswpin,907753
1790905855.247,api,0.059
1790905855.247,client,0.030
1790905855.247,enginecore,2.577
1790905855.247,other_total,0.030
1790905855.247,store_0,0.000
1790905855.247,store_1,0.000
1790905855.247,store_2,0.000
1790905855.247,avail_mb,36143
1790905855.247,pswpin,907753
1790905856.256,api,0.050
1790905856.256,client,0.000
1790905856.256,enginecore,3.360
1790905856.256,other_total,0.030
1790905856.256,store_0,0.000
1790905856.256,store_1,0.000
1790905856.256,store_2,0.000
1790905856.256,avail_mb,36144
1790905856.256,pswpin,907753
1790905857.265,api,0.059
1790905857.265,client,0.030
1790905857.265,enginecore,3.410
1790905857.265,other_total,0.000
1790905857.265,store_0,0.000
1790905857.265,store_1,0.000
1790905857.265,store_2,0.000
1790905857.265,avail_mb,36149
1790905857.265,pswpin,907753
1790905858.274,api,0.050
1790905858.274,client,0.020
1790905858.274,enginecore,3.350
1790905858.274,other_total,0.129
1790905858.274,store_0,0.000
1790905858.274,store_1,0.000
1790905858.274,store_2,0.000
1790905858.274,avail_mb,36148
1790905858.274,pswpin,907753
1790905859.283,api,0.079
1790905859.283,client,0.040
1790905859.283,enginecore,3.389
1790905859.283,other_total,0.000
1790905859.283,store_0,0.000
1790905859.283,store_1,0.000
1790905859.283,store_2,0.000
1790905859.283,avail_mb,36151
1790905859.283,pswpin,907753
1790905860.292,api,0.059
1790905860.292,client,0.030
1790905860.292,enginecore,3.330
1790905860.292,other_total,0.010
1790905860.292,store_0,0.000
1790905860.292,store_1,0.000
1790905860.292,store_2,0.000
1790905860.292,avail_mb,36153
1790905860.292,pswpin,907753
1790905861.301,api,0.059
1790905861.301,client,0.020
1790905861.301,enginecore,3.320
1790905861.301,other_total,2.022
1790905861.301,store_0,0.000
1790905861.301,store_1,0.000
1790905861.301,store_2,0.000
1790905861.301,avail_mb,36106
1790905861.301,pswpin,907753
1790905862.310,api,0.069
1790905862.310,client,0.030
1790905862.310,enginecore,3.369
1790905862.310,other_total,0.287
1790905862.310,store_0,0.000
1790905862.310,store_1,0.000
1790905862.310,store_2,0.000
1790905862.310,avail_mb,36112
1790905862.310,pswpin,907753
1790905863.320,api,0.059
1790905863.320,client,0.010
1790905863.320,enginecore,3.199
1790905863.320,other_total,0.089
1790905863.320,store_0,0.000
1790905863.320,store_1,0.000
1790905863.320,store_2,0.000
1790905863.320,avail_mb,36114
1790905863.320,pswpin,907753
1790905864.329,api,0.050
1790905864.329,client,0.020
1790905864.329,enginecore,3.262
1790905864.329,other_total,0.010
1790905864.329,store_0,0.000
1790905864.329,store_1,0.000
1790905864.329,store_2,0.000
1790905864.329,avail_mb,36111
1790905864.329,pswpin,907753
1790905865.338,api,0.059
1790905865.338,client,0.020
1790905865.338,enginecore,3.439
1790905865.338,other_total,0.020
1790905865.338,store_0,0.000
1790905865.338,store_1,0.000
1790905865.338,store_2,0.000
1790905865.338,avail_mb,36115
1790905865.338,pswpin,907753
1790905866.347,api,0.059
1790905866.347,client,0.020
1790905866.347,enginecore,3.400
1790905866.347,other_total,0.010
1790905866.347,store_0,0.000
1790905866.347,store_1,0.000
1790905866.347,store_2,0.000
1790905866.347,avail_mb,36116
1790905866.347,pswpin,907753
1790905867.356,api,0.069
1790905867.356,client,0.030
1790905867.356,enginecore,3.439
1790905867.356,other_total,0.000
1790905867.356,store_0,0.000
1790905867.356,store_1,0.000
1790905867.356,store_2,0.000
1790905867.356,avail_mb,36125
1790905867.356,pswpin,907753
1790905868.365,api,0.099
1790905868.365,client,0.020
1790905868.365,enginecore,3.370
1790905868.365,other_total,0.000
1790905868.365,store_0,0.000
1790905868.365,store_1,0.000
1790905868.365,store_2,0.000
1790905868.365,avail_mb,36125
1790905868.365,pswpin,907753
1790905869.373,api,0.059
1790905869.373,client,0.030
1790905869.373,enginecore,3.440
1790905869.373,other_total,0.000
1790905869.373,store_0,0.000
1790905869.373,store_1,0.000
1790905869.373,store_2,0.000
1790905869.373,avail_mb,36124
1790905869.373,pswpin,907753
1790905870.382,api,0.069
1790905870.382,client,0.030
1790905870.382,enginecore,3.400
1790905870.382,other_total,0.030
1790905870.382,store_0,0.000
1790905870.382,store_1,0.000
1790905870.382,store_2,0.000
1790905870.382,avail_mb,36125
1790905870.382,pswpin,907753
1790905871.394,api,0.059
1790905871.394,client,0.030
1790905871.394,enginecore,3.313
1790905871.394,other_total,0.000
1790905871.394,store_0,0.000
1790905871.394,store_1,0.000
1790905871.394,store_2,0.000
1790905871.394,avail_mb,36123
1790905871.394,pswpin,907753
1790905872.403,api,0.069
1790905872.403,client,0.010
1790905872.403,enginecore,2.834
1790905872.403,other_total,0.000
1790905872.403,store_0,0.000
1790905872.403,store_1,0.000
1790905872.403,store_2,0.000
1790905872.403,avail_mb,36130
1790905872.403,pswpin,907753
1790905873.412,api,0.050
1790905873.412,client,0.030
1790905873.412,enginecore,3.379
1790905873.412,other_total,0.119
1790905873.412,store_0,0.000
1790905873.412,store_1,0.000
1790905873.412,store_2,0.000
1790905873.412,avail_mb,36136
1790905873.412,pswpin,907753
1790905874.421,api,0.050
1790905874.421,client,0.030
1790905874.421,enginecore,3.399
1790905874.421,other_total,0.020
1790905874.421,store_0,0.000
1790905874.421,store_1,0.000
1790905874.421,store_2,0.000
1790905874.421,avail_mb,36139
1790905874.421,pswpin,907753
1790905875.430,api,0.059
1790905875.430,client,0.000
1790905875.430,enginecore,3.359
1790905875.430,other_total,0.010
1790905875.430,store_0,0.000
1790905875.430,store_1,0.000
1790905875.430,store_2,0.000
1790905875.430,avail_mb,36140
1790905875.430,pswpin,907753
1790905876.439,api,0.059
1790905876.439,client,0.030
1790905876.439,enginecore,3.349
1790905876.439,other_total,0.069
1790905876.439,store_0,0.000
1790905876.439,store_1,0.000
1790905876.439,store_2,0.000
1790905876.439,avail_mb,36139
1790905876.439,pswpin,907753
1790905877.449,api,0.069
1790905877.449,client,0.030
1790905877.449,enginecore,2.932
1790905877.449,other_total,2.110
1790905877.449,store_0,0.000
1790905877.449,store_1,0.000
1790905877.449,store_2,0.000
1790905877.449,avail_mb,36105
1790905877.449,pswpin,907753
1790905878.458,api,0.089
1790905878.458,client,0.020
1790905878.458,enginecore,3.300
1790905878.458,other_total,0.367
1790905878.458,store_0,0.000
1790905878.458,store_1,0.000
1790905878.458,store_2,0.000
1790905878.458,avail_mb,36089
1790905878.458,pswpin,907753
1790905879.467,api,0.050
1790905879.467,client,0.010
1790905879.467,enginecore,3.142
1790905879.467,other_total,0.089
1790905879.467,store_0,0.000
1790905879.467,store_1,0.000
1790905879.467,store_2,0.000
1790905879.467,avail_mb,36090
1790905879.467,pswpin,907753
1790905880.476,api,0.050
1790905880.476,client,0.020
1790905880.476,enginecore,3.003
1790905880.476,other_total,0.010
1790905880.476,store_0,0.000
1790905880.476,store_1,0.000
1790905880.476,store_2,0.000
1790905880.476,avail_mb,36092
1790905880.476,pswpin,907753
1790905881.485,api,0.059
1790905881.485,client,0.020
1790905881.485,enginecore,3.043
1790905881.485,other_total,0.040
1790905881.485,store_0,0.000
1790905881.485,store_1,0.000
1790905881.485,store_2,0.000
1790905881.485,avail_mb,36095
1790905881.485,pswpin,907753
1790905882.494,api,0.069
1790905882.494,client,0.040
1790905882.494,enginecore,3.327
1790905882.494,other_total,0.040
1790905882.494,store_0,0.000
1790905882.494,store_1,0.000
1790905882.494,store_2,0.000
1790905882.494,avail_mb,36096
1790905882.494,pswpin,907753
1790905883.503,api,0.059
1790905883.503,client,0.020
1790905883.503,enginecore,3.430
1790905883.503,other_total,0.119
1790905883.503,store_0,0.000
1790905883.503,store_1,0.000
1790905883.503,store_2,0.000
1790905883.503,avail_mb,36071
1790905883.503,pswpin,907753
1790905884.512,api,0.040
1790905884.512,client,0.020
1790905884.512,enginecore,3.242
1790905884.512,other_total,0.109
1790905884.512,store_0,0.000
1790905884.512,store_1,0.000
1790905884.512,store_2,0.000
1790905884.512,avail_mb,36078
1790905884.512,pswpin,907753
1790905885.521,api,0.069
1790905885.521,client,0.010
1790905885.521,enginecore,3.420
1790905885.521,other_total,0.030
1790905885.521,store_0,0.000
1790905885.521,store_1,0.000
1790905885.521,store_2,0.000
1790905885.521,avail_mb,36081
1790905885.521,pswpin,907753
1790905886.530,api,0.050
1790905886.530,client,0.030
1790905886.530,enginecore,3.380
1790905886.530,other_total,0.000
1790905886.530,store_0,0.000
1790905886.530,store_1,0.000
1790905886.530,store_2,0.000
1790905886.530,avail_mb,36084
1790905886.530,pswpin,907753
1790905887.539,api,0.069
1790905887.539,client,0.010
1790905887.539,enginecore,3.261
1790905887.539,other_total,0.079
1790905887.539,store_0,0.000
1790905887.539,store_1,0.000
1790905887.539,store_2,0.000
1790905887.539,avail_mb,36086
1790905887.539,pswpin,907753
1790905888.548,api,0.069
1790905888.548,client,0.020
1790905888.548,enginecore,3.141
1790905888.548,other_total,0.030
1790905888.548,store_0,0.000
1790905888.548,store_1,0.000
1790905888.548,store_2,0.000
1790905888.548,avail_mb,36091
1790905888.548,pswpin,907753
1790905889.557,api,0.069
1790905889.557,client,0.040
1790905889.557,enginecore,2.280
1790905889.557,other_total,0.000
1790905889.557,store_0,0.000
1790905889.557,store_1,0.000
1790905889.557,store_2,0.000
1790905889.557,avail_mb,36095
1790905889.557,pswpin,907753
1790905890.567,api,0.059
1790905890.567,client,0.020
1790905890.567,enginecore,3.324
1790905890.567,other_total,0.040
1790905890.567,store_0,0.000
1790905890.567,store_1,0.000
1790905890.567,store_2,0.000
1790905890.567,avail_mb,36097
1790905890.567,pswpin,907753
1790905891.577,api,0.079
1790905891.577,client,0.030
1790905891.577,enginecore,3.439
1790905891.577,other_total,0.000
1790905891.577,store_0,0.000
1790905891.577,store_1,0.000
1790905891.577,store_2,0.000
1790905891.577,avail_mb,36099
1790905891.577,pswpin,907753
1790905892.585,api,0.050
1790905892.585,client,0.020
1790905892.585,enginecore,3.331
1790905892.585,other_total,0.000
1790905892.585,store_0,0.000
1790905892.585,store_1,0.000
1790905892.585,store_2,0.000
1790905892.585,avail_mb,36101
1790905892.585,pswpin,907753
1790905893.594,api,0.059
1790905893.594,client,0.020
1790905893.594,enginecore,2.438
1790905893.594,other_total,0.040
1790905893.594,store_0,0.000
1790905893.594,store_1,0.000
1790905893.594,store_2,0.000
1790905893.594,avail_mb,36145
1790905893.594,pswpin,907753
1790905894.603,api,0.040
1790905894.603,client,0.010
1790905894.603,enginecore,2.260
1790905894.603,other_total,0.079
1790905894.603,store_0,0.000
1790905894.603,store_1,0.000
1790905894.603,store_2,0.000
1790905894.603,avail_mb,36156
1790905894.603,pswpin,907753
1790905895.612,api,0.030
1790905895.612,client,0.020
1790905895.612,enginecore,2.260
1790905895.612,other_total,0.099
1790905895.612,store_0,0.000
1790905895.612,store_1,0.000
1790905895.612,store_2,0.000
1790905895.612,avail_mb,36143
1790905895.612,pswpin,907753
1790905896.621,api,0.040
1790905896.621,client,0.000
1790905896.621,enginecore,1.813
1790905896.621,other_total,0.030
1790905896.621,store_0,0.000
1790905896.621,store_1,0.000
1790905896.621,store_2,0.000
1790905896.621,avail_mb,36164
1790905896.621,pswpin,907753
1790905897.630,api,0.040
1790905897.630,client,0.020
1790905897.630,enginecore,1.170
1790905897.630,other_total,0.010
1790905897.630,store_0,0.000
1790905897.630,store_1,0.000
1790905897.630,store_2,0.000
1790905897.630,avail_mb,36165
1790905897.630,pswpin,907753
1790905898.639,api,0.040
1790905898.639,client,0.020
1790905898.639,enginecore,1.635
1790905898.639,other_total,0.010
1790905898.639,store_0,0.000
1790905898.639,store_1,0.000
1790905898.639,store_2,0.000
1790905898.639,avail_mb,36206
1790905898.639,pswpin,907753
1790905899.648,api,0.059
1790905899.648,client,0.010
1790905899.648,enginecore,1.229
1790905899.648,other_total,0.000
1790905899.648,store_0,0.000
1790905899.648,store_1,0.000
1790905899.648,store_2,0.000
1790905899.648,avail_mb,36208
1790905899.648,pswpin,907753
1790905900.656,api,0.030
1790905900.656,client,0.000
1790905900.656,enginecore,1.150
1790905900.656,other_total,0.010
1790905900.656,store_0,0.000
1790905900.656,store_1,0.000
1790905900.656,store_2,0.000
1790905900.656,avail_mb,36209
1790905900.656,pswpin,907753
1790905901.665,api,0.030
1790905901.665,client,0.010
1790905901.665,enginecore,0.942
1790905901.665,other_total,0.000
1790905901.665,store_0,0.000
1790905901.665,store_1,0.000
1790905901.665,store_2,0.000
1790905901.665,avail_mb,36209
1790905901.665,pswpin,907753
1790905902.675,api,0.010
1790905902.675,client,0.000
1790905902.675,enginecore,0.010
1790905902.675,other_total,0.030
1790905902.675,store_0,0.000
1790905902.675,store_1,0.000
1790905902.675,store_2,0.000
1790905902.675,avail_mb,36210
1790905902.675,pswpin,907753
1790905903.684,api,0.030
1790905903.684,client,0.010
1790905903.684,enginecore,0.982
1790905903.684,other_total,0.000
1790905903.684,store_0,0.000
1790905903.684,store_1,0.000
1790905903.684,store_2,0.000
1790905903.684,avail_mb,36209
1790905903.684,pswpin,907753
1790905904.693,api,0.010
1790905904.693,enginecore,0.337
1790905904.693,other_total,0.030
1790905904.693,store_0,0.000
1790905904.693,store_1,0.000
1790905904.693,store_2,0.000
1790905904.693,avail_mb,36249
1790905904.693,pswpin,907753
1790905905.703,api,0.000
1790905905.703,enginecore,0.010
1790905905.703,other_total,0.040
1790905905.703,store_0,0.000
1790905905.703,store_1,0.000
1790905905.703,store_2,0.000
1790905905.703,avail_mb,36249
1790905905.703,pswpin,907753
1790905906.713,api,0.000
1790905906.713,enginecore,0.010
1790905906.713,other_total,0.030
1790905906.713,store_0,0.000
1790905906.713,store_1,0.000
1790905906.713,store_2,0.000
1790905906.713,avail_mb,36249
1790905906.713,pswpin,907753
1790905907.724,api,0.000
1790905907.724,enginecore,0.030
1790905907.724,other_total,0.059
1790905907.724,store_0,0.000
1790905907.724,store_1,0.000
1790905907.724,store_2,0.000
1790905907.724,avail_mb,36266
1790905907.724,pswpin,907753
1790905908.735,api,0.030
1790905908.735,enginecore,0.010
1790905908.735,other_total,1.138
1790905908.735,store_0,0.000
1790905908.735,store_1,0.000
1790905908.735,store_2,0.000
1790905908.735,avail_mb,36110
1790905908.735,pswpin,907753
1790905909.745,api,0.000
1790905909.745,client,0.000
1790905909.745,enginecore,0.020
1790905909.745,other_total,0.079
1790905909.745,store_0,0.000
1790905909.745,store_1,0.000
1790905909.745,store_2,0.000
1790905909.745,avail_mb,36117
1790905909.745,pswpin,907753
1790905910.756,api,0.000
1790905910.756,client,0.000
1790905910.756,enginecore,0.000
1790905910.756,other_total,0.040
1790905910.756,store_0,0.000
1790905910.756,store_1,0.000
1790905910.756,store_2,0.000
1790905910.756,avail_mb,36124
1790905910.756,pswpin,907753
1790905911.766,api,0.000
1790905911.766,client,0.000
1790905911.766,enginecore,0.089
1790905911.766,other_total,0.148
1790905911.766,store_0,0.000
1790905911.766,store_1,0.000
1790905911.766,store_2,0.000
1790905911.766,avail_mb,36085
1790905911.766,pswpin,907753
1790905912.777,api,0.010
1790905912.777,client,0.000
1790905912.777,enginecore,0.158
1790905912.777,other_total,0.040
1790905912.777,store_0,0.000
1790905912.777,store_1,0.000
1790905912.777,store_2,0.000
1790905912.777,avail_mb,36088
1790905912.777,pswpin,907753
1790905913.788,api,0.000
1790905913.788,client,0.010
1790905913.788,enginecore,0.139
1790905913.788,other_total,0.109
1790905913.788,store_0,0.000
1790905913.788,store_1,0.000
1790905913.788,store_2,0.000
1790905913.788,avail_mb,36111
1790905913.788,pswpin,907753
1790905914.799,api,0.020
1790905914.799,client,0.000
1790905914.799,enginecore,0.455
1790905914.799,other_total,0.030
1790905914.799,store_0,0.000
1790905914.799,store_1,0.000
1790905914.799,store_2,0.020
1790905914.799,avail_mb,36118
1790905914.799,pswpin,907753
1790905915.810,api,0.010
1790905915.810,client,0.000
1790905915.810,enginecore,0.415
1790905915.810,other_total,0.079
1790905915.810,store_0,0.000
1790905915.810,store_1,0.000
1790905915.810,store_2,0.030
1790905915.810,avail_mb,36123
1790905915.810,pswpin,907753
1790905916.821,api,0.010
1790905916.821,client,0.000
1790905916.821,enginecore,0.386
1790905916.821,other_total,0.000
1790905916.821,store_0,0.000
1790905916.821,store_1,0.000
1790905916.821,store_2,0.040
1790905916.821,avail_mb,36128
1790905916.821,pswpin,907753
1790905917.830,api,0.010
1790905917.830,client,0.020
1790905917.830,enginecore,0.991
1790905917.830,other_total,0.059
1790905917.830,store_0,0.000
1790905917.830,store_1,0.050
1790905917.830,store_2,0.020
1790905917.830,avail_mb,36143
1790905917.830,pswpin,907753
1790905918.841,api,0.010
1790905918.841,client,0.000
1790905918.841,enginecore,0.742
1790905918.841,other_total,0.010
1790905918.841,store_0,0.000
1790905918.841,store_1,0.020
1790905918.841,store_2,0.020
1790905918.841,avail_mb,36148
1790905918.841,pswpin,907753
1790905919.852,api,0.020
1790905919.852,client,0.000
1790905919.852,enginecore,0.653
1790905919.852,other_total,0.040
1790905919.852,store_0,0.020
1790905919.852,store_1,0.030
1790905919.852,store_2,0.000
1790905919.852,avail_mb,36149
1790905919.852,pswpin,907753
1790905920.863,api,0.000
1790905920.863,client,0.000
1790905920.863,enginecore,0.356
1790905920.863,other_total,0.030
1790905920.863,store_0,0.000
1790905920.863,store_1,0.030
1790905920.863,store_2,0.000
1790905920.863,avail_mb,36144
1790905920.863,pswpin,907753
1790905921.874,api,0.010
1790905921.874,client,0.000
1790905921.874,enginecore,0.673
1790905921.874,other_total,0.049
1790905921.874,store_0,0.000
1790905921.874,store_1,0.030
1790905921.874,store_2,0.030
1790905921.874,avail_mb,36158
1790905921.874,pswpin,907753
1790905922.884,api,0.010
1790905922.884,client,0.000
1790905922.884,enginecore,0.693
1790905922.884,other_total,0.059
1790905922.884,store_0,0.059
1790905922.884,store_1,0.000
1790905922.884,store_2,0.000
1790905922.884,avail_mb,36159
1790905922.884,pswpin,907753
1790905923.893,api,0.030
1790905923.893,client,0.000
1790905923.893,enginecore,0.674
1790905923.893,other_total,0.030
1790905923.893,store_0,0.000
1790905923.893,store_1,0.020
1790905923.893,store_2,0.030
1790905923.893,avail_mb,36153
1790905923.893,pswpin,907753
1790905924.904,api,0.000
1790905924.904,client,0.000
1790905924.904,enginecore,0.346
1790905924.904,other_total,0.020
1790905924.904,store_0,0.030
1790905924.904,store_1,0.000
1790905924.904,store_2,0.000
1790905924.904,avail_mb,36152
1790905924.904,pswpin,907753
1790905925.913,api,0.010
1790905925.913,client,0.000
1790905925.913,enginecore,0.991
1790905925.913,other_total,0.000
1790905925.913,store_0,0.000
1790905925.913,store_1,0.059
1790905925.913,store_2,0.030
1790905925.913,avail_mb,36163
1790905925.913,pswpin,907753
1790905926.923,api,0.000
1790905926.923,client,0.000
1790905926.923,enginecore,0.327
1790905926.923,other_total,0.049
1790905926.923,store_0,0.000
1790905926.923,store_1,0.000
1790905926.923,store_2,0.030
1790905926.923,avail_mb,36160
1790905926.923,pswpin,907753
1790905927.934,api,0.000
1790905927.934,client,0.000
1790905927.934,enginecore,0.574
1790905927.934,other_total,0.030
1790905927.934,store_0,0.000
1790905927.934,store_1,0.059
1790905927.934,store_2,0.000
1790905927.934,avail_mb,36161
1790905927.934,pswpin,907753
1790905928.946,api,0.030
1790905928.946,client,0.000
1790905928.946,enginecore,0.445
1790905928.946,other_total,0.030
1790905928.946,store_0,0.020
1790905928.946,store_1,0.000
1790905928.946,store_2,0.000
1790905928.946,avail_mb,36202
1790905928.946,pswpin,907753
1790905929.956,api,0.000
1790905929.956,client,0.000
1790905929.956,enginecore,0.010
1790905929.956,other_total,0.049
1790905929.956,store_0,0.000
1790905929.956,store_1,0.000
1790905929.956,store_2,0.000
1790905929.956,avail_mb,36198
1790905929.956,pswpin,907753
1790905930.967,api,0.010
1790905930.967,client,0.000
1790905930.967,enginecore,0.366
1790905930.967,other_total,0.000
1790905930.967,store_0,0.040
1790905930.967,store_1,0.000
1790905930.967,store_2,0.000
1790905930.967,avail_mb,36197
1790905930.967,pswpin,907753
1790905931.978,api,0.000
1790905931.978,client,0.000
1790905931.978,enginecore,0.336
1790905931.978,other_total,0.049
1790905931.978,store_0,0.000
1790905931.978,store_1,0.000
1790905931.978,store_2,0.020
1790905931.978,avail_mb,36197
1790905931.978,pswpin,907753
1790905932.989,api,0.000
1790905932.989,client,0.000
1790905932.989,enginecore,0.356
1790905932.989,other_total,0.030
1790905932.989,store_0,0.030
1790905932.989,store_1,0.000
1790905932.989,store_2,0.000
1790905932.989,avail_mb,36191
1790905932.989,pswpin,907753
1790905934.002,api,0.010
1790905934.002,client,0.000
1790905934.002,enginecore,0.118
1790905934.002,other_total,0.020
1790905934.002,store_0,0.000
1790905934.002,store_1,0.000
1790905934.002,store_2,0.030
1790905934.002,avail_mb,36189
1790905934.002,pswpin,907753
1790905935.012,api,0.000
1790905935.012,client,0.000
1790905935.012,enginecore,0.267
1790905935.012,other_total,0.030
1790905935.012,store_0,0.000
1790905935.012,store_1,0.000
1790905935.012,store_2,0.000
1790905935.012,avail_mb,36232
1790905935.012,pswpin,907753
1790905936.023,api,0.010
1790905936.023,client,0.000
1790905936.023,enginecore,0.010
1790905936.023,other_total,0.030
1790905936.023,store_0,0.000
1790905936.023,store_1,0.000
1790905936.023,store_2,0.000
1790905936.023,avail_mb,36231
1790905936.023,pswpin,907753
1790905937.034,api,0.000
1790905937.034,client,0.000
1790905937.034,enginecore,0.030
1790905937.034,other_total,0.059
1790905937.034,store_0,0.000
1790905937.034,store_1,0.000
1790905937.034,store_2,0.000
1790905937.034,avail_mb,36230
1790905937.034,pswpin,907753
1790905938.046,api,0.010
1790905938.046,client,0.010
1790905938.046,enginecore,0.386
1790905938.046,other_total,0.049
1790905938.046,store_0,0.030
1790905938.046,store_1,0.000
1790905938.046,store_2,0.000
1790905938.046,avail_mb,36235
1790905938.046,pswpin,907753
1790905939.057,api,0.020
1790905939.057,client,0.000
1790905939.057,enginecore,0.030
1790905939.057,other_total,0.040
1790905939.057,store_0,0.000
1790905939.057,store_1,0.000
1790905939.057,store_2,0.000
1790905939.057,avail_mb,36230
1790905939.057,pswpin,907753
1790905940.068,api,0.000
1790905940.068,client,0.000
1790905940.068,enginecore,0.247
1790905940.068,other_total,0.059
1790905940.068,store_0,0.020
1790905940.068,store_1,0.000
1790905940.068,store_2,0.000
1790905940.068,avail_mb,36241
1790905940.068,pswpin,907753
1790905941.080,api,0.010
1790905941.080,client,0.000
1790905941.080,enginecore,0.158
1790905941.080,other_total,0.030
1790905941.080,store_0,0.000
1790905941.080,store_1,0.000
1790905941.080,store_2,0.000
1790905941.080,avail_mb,36242
1790905941.080,pswpin,907753
1790905942.090,api,0.000
1790905942.090,client,0.000
1790905942.090,enginecore,0.366
1790905942.090,other_total,0.040
1790905942.090,store_0,0.030
1790905942.090,store_1,0.000
1790905942.090,store_2,0.000
1790905942.090,avail_mb,36240
1790905942.090,pswpin,907753
1790905943.101,api,0.010
1790905943.101,client,0.000
1790905943.101,enginecore,0.030
1790905943.101,other_total,0.040
1790905943.101,store_0,0.000
1790905943.101,store_1,0.000
1790905943.101,store_2,0.000
1790905943.101,avail_mb,36239
1790905943.101,pswpin,907753
1790905944.112,api,0.000
1790905944.112,client,0.000
1790905944.112,enginecore,0.040
1790905944.112,other_total,0.020
1790905944.112,store_0,0.000
1790905944.112,store_1,0.000
1790905944.112,store_2,0.000
1790905944.112,avail_mb,36238
1790905944.112,pswpin,907753
1790905945.125,api,0.000
1790905945.125,client,0.000
1790905945.125,enginecore,0.020
1790905945.125,other_total,0.089
1790905945.125,store_0,0.000
1790905945.125,store_1,0.000
1790905945.125,store_2,0.000
1790905945.125,avail_mb,36238
1790905945.125,pswpin,907753
1790905946.136,api,0.000
1790905946.136,enginecore,0.376
1790905946.136,other_total,0.079
1790905946.136,store_0,0.030
1790905946.136,store_1,0.000
1790905946.136,store_2,0.000
1790905946.136,avail_mb,36283
1790905946.136,pswpin,907753
1790905947.147,api,0.000
1790905947.147,enginecore,0.020
1790905947.147,other_total,0.218
1790905947.147,store_0,0.000
1790905947.147,store_1,0.000
1790905947.147,store_2,0.000
1790905947.147,avail_mb,36282
1790905947.147,pswpin,907753
1790905948.158,api,0.020
1790905948.158,enginecore,0.030
1790905948.158,other_total,0.030
1790905948.158,store_0,0.000
1790905948.158,store_1,0.000
1790905948.158,store_2,0.000
1790905948.158,avail_mb,36280
1790905948.158,pswpin,907753
1790905949.169,api,0.010
1790905949.169,enginecore,0.049
1790905949.169,other_total,0.980
1790905949.169,store_0,0.000
1790905949.169,store_1,0.000
1790905949.169,store_2,0.000
1790905949.169,avail_mb,36142
1790905949.169,pswpin,907753
1790905950.180,api,0.000
1790905950.180,client,0.000
1790905950.180,enginecore,0.030
1790905950.180,other_total,0.049
1790905950.180,store_0,0.000
1790905950.180,store_1,0.000
1790905950.180,store_2,0.000
1790905950.180,avail_mb,36142
1790905950.180,pswpin,907753
1790905951.190,api,0.020
1790905951.190,client,0.000
1790905951.190,enginecore,0.030
1790905951.190,other_total,0.040
1790905951.190,store_0,0.000
1790905951.190,store_1,0.000
1790905951.190,store_2,0.000
1790905951.190,avail_mb,36138
1790905951.190,pswpin,907753
1790905952.201,api,0.040
1790905952.201,client,0.020
1790905952.201,enginecore,2.909
1790905952.201,other_total,0.030
1790905952.201,store_0,0.040
1790905952.201,store_1,0.049
1790905952.201,store_2,0.030
1790905952.201,avail_mb,36173
1790905952.201,pswpin,907753
1790905953.210,api,0.059
1790905953.210,client,0.020
1790905953.210,enginecore,3.609
1790905953.210,other_total,0.010
1790905953.210,store_0,0.020
1790905953.210,store_1,0.000
1790905953.210,store_2,0.000
1790905953.210,avail_mb,36168
1790905953.210,pswpin,907753
1790905954.219,api,0.069
1790905954.219,client,0.030
1790905954.219,enginecore,4.042
1790905954.219,other_total,0.030
1790905954.219,store_0,0.079
1790905954.219,store_1,0.000
1790905954.219,store_2,0.050
1790905954.219,avail_mb,36166
1790905954.219,pswpin,907753
1790905955.229,api,0.040
1790905955.229,client,0.020
1790905955.229,enginecore,3.278
1790905955.229,other_total,0.020
1790905955.229,store_0,0.000
1790905955.229,store_1,0.000
1790905955.229,store_2,0.020
1790905955.229,avail_mb,36165
1790905955.229,pswpin,907753
1790905956.241,api,0.059
1790905956.241,client,0.020
1790905956.241,enginecore,3.794
1790905956.241,other_total,0.000
1790905956.241,store_0,0.109
1790905956.241,store_1,0.020
1790905956.241,store_2,0.030
1790905956.241,avail_mb,36166
1790905956.241,pswpin,907753
1790905957.253,api,0.089
1790905957.253,client,0.040
1790905957.253,enginecore,4.300
1790905957.253,other_total,0.020
1790905957.253,store_0,0.000
1790905957.253,store_1,0.049
1790905957.253,store_2,0.049
1790905957.253,avail_mb,36165
1790905957.253,pswpin,907753
1790905958.262,api,0.059
1790905958.262,client,0.000
1790905958.262,enginecore,4.796
1790905958.262,other_total,0.030
1790905958.262,store_0,0.069
1790905958.262,store_1,0.000
1790905958.262,store_2,0.050
1790905958.262,avail_mb,36166
1790905958.262,pswpin,907753
1790905959.271,api,0.069
1790905959.271,client,0.040
1790905959.271,enginecore,4.569
1790905959.271,other_total,0.000
1790905959.271,store_0,0.020
1790905959.271,store_1,0.050
1790905959.271,store_2,0.050
1790905959.271,avail_mb,36167
1790905959.271,pswpin,907753
1790905960.280,api,0.059
1790905960.280,client,0.020
1790905960.280,enginecore,4.658
1790905960.280,other_total,0.010
1790905960.280,store_0,0.059
1790905960.280,store_1,0.020
1790905960.280,store_2,0.059
1790905960.280,avail_mb,36163
1790905960.280,pswpin,907753
1790905961.292,api,0.079
1790905961.292,client,0.030
1790905961.292,enginecore,4.883
1790905961.292,other_total,0.010
1790905961.292,store_0,0.049
1790905961.292,store_1,0.059
1790905961.292,store_2,0.049
1790905961.292,avail_mb,36163
1790905961.292,pswpin,907753
1790905962.301,api,0.069
1790905962.301,client,0.020
1790905962.301,enginecore,4.372
1790905962.301,other_total,0.010
1790905962.301,store_0,0.020
1790905962.301,store_1,0.020
1790905962.301,store_2,0.050
1790905962.301,avail_mb,36160
1790905962.301,pswpin,907753
1790905963.311,api,0.069
1790905963.311,client,0.020
1790905963.311,enginecore,4.308
1790905963.311,other_total,0.040
1790905963.311,store_0,0.069
1790905963.311,store_1,0.030
1790905963.311,store_2,0.010
1790905963.311,avail_mb,36150
1790905963.311,pswpin,907753
1790905964.320,api,0.069
1790905964.320,client,0.030
1790905964.320,enginecore,3.706
1790905964.320,other_total,0.000
1790905964.320,store_0,0.000
1790905964.320,store_1,0.000
1790905964.320,store_2,0.030
1790905964.320,avail_mb,36146
1790905964.320,pswpin,907753
1790905965.332,api,0.059
1790905965.332,client,0.020
1790905965.332,enginecore,3.440
1790905965.332,other_total,0.000
1790905965.332,store_0,0.049
1790905965.332,store_1,0.020
1790905965.332,store_2,0.000
1790905965.332,avail_mb,36148
1790905965.332,pswpin,907753
1790905966.340,api,0.079
1790905966.340,client,0.010
1790905966.340,enginecore,4.223
1790905966.340,other_total,0.020
1790905966.340,store_0,0.000
1790905966.340,store_1,0.050
1790905966.340,store_2,0.020
1790905966.340,avail_mb,36140
1790905966.340,pswpin,907753
1790905967.353,api,0.059
1790905967.353,client,0.020
1790905967.353,enginecore,4.208
1790905967.353,other_total,0.069
1790905967.353,store_0,0.069
1790905967.353,store_1,0.030
1790905967.353,store_2,0.020
1790905967.353,avail_mb,36144
1790905967.353,pswpin,907753
1790905968.363,api,0.069
1790905968.363,client,0.030
1790905968.363,enginecore,4.792
1790905968.363,other_total,0.010
1790905968.363,store_0,0.000
1790905968.363,store_1,0.079
1790905968.363,store_2,0.030
1790905968.363,avail_mb,36146
1790905968.363,pswpin,907753
1790905969.372,api,0.079
1790905969.372,client,0.010
1790905969.372,enginecore,3.934
1790905969.372,other_total,0.040
1790905969.372,store_0,0.079
1790905969.372,store_1,0.000
1790905969.372,store_2,0.000
1790905969.372,avail_mb,36137
1790905969.372,pswpin,907753
1790905970.382,api,0.059
1790905970.382,client,0.049
1790905970.382,enginecore,4.663
1790905970.382,other_total,0.000
1790905970.382,store_0,0.000
1790905970.382,store_1,0.069
1790905970.382,store_2,0.040
1790905970.382,avail_mb,36139
1790905970.382,pswpin,907753
1790905971.394,api,0.079
1790905971.394,client,0.010
1790905971.394,enginecore,4.251
1790905971.394,other_total,0.040
1790905971.394,store_0,0.069
1790905971.394,store_1,0.000
1790905971.394,store_2,0.000
1790905971.394,avail_mb,36136
1790905971.394,pswpin,907753
1790905972.403,api,0.059
1790905972.403,client,0.030
1790905972.403,enginecore,4.618
1790905972.403,other_total,0.020
1790905972.403,store_0,0.000
1790905972.403,store_1,0.099
1790905972.403,store_2,0.030
1790905972.403,avail_mb,36128
1790905972.403,pswpin,907753
1790905973.412,api,0.069
1790905973.412,client,0.020
1790905973.412,enginecore,5.182
1790905973.412,other_total,0.069
1790905973.412,store_0,0.099
1790905973.412,store_1,0.030
1790905973.412,store_2,0.069
1790905973.412,avail_mb,36131
1790905973.412,pswpin,907753
1790905974.421,api,0.109
1790905974.421,client,0.040
1790905974.421,enginecore,4.369
1790905974.421,other_total,0.000
1790905974.421,store_0,0.000
1790905974.421,store_1,0.089
1790905974.421,store_2,0.050
1790905974.421,avail_mb,36131
1790905974.421,pswpin,907753
1790905975.431,api,0.059
1790905975.431,client,0.020
1790905975.431,enginecore,4.756
1790905975.431,other_total,0.050
1790905975.431,store_0,0.069
1790905975.431,store_1,0.030
1790905975.431,store_2,0.020
1790905975.431,avail_mb,36129
1790905975.431,pswpin,907753
1790905976.440,api,0.059
1790905976.440,client,0.020
1790905976.440,enginecore,4.609
1790905976.440,other_total,0.000
1790905976.440,store_0,0.000
1790905976.440,store_1,0.089
1790905976.440,store_2,0.059
1790905976.440,avail_mb,36131
1790905976.440,pswpin,907753
1790905977.449,api,0.079
1790905977.449,client,0.020
1790905977.449,enginecore,3.933
1790905977.449,other_total,0.040
1790905977.449,store_0,0.040
1790905977.449,store_1,0.000
1790905977.449,store_2,0.000
1790905977.449,avail_mb,36128
1790905977.449,pswpin,907753
1790905978.458,api,0.069
1790905978.458,client,0.020
1790905978.458,enginecore,3.567
1790905978.458,other_total,0.050
1790905978.458,store_0,0.000
1790905978.458,store_1,0.020
1790905978.458,store_2,0.010
1790905978.458,avail_mb,36120
1790905978.458,pswpin,907753
1790905979.467,api,0.059
1790905979.467,client,0.030
1790905979.467,enginecore,4.965
1790905979.467,other_total,0.000
1790905979.467,store_0,0.059
1790905979.467,store_1,0.040
1790905979.467,store_2,0.030
1790905979.467,avail_mb,36123
1790905979.467,pswpin,907753
1790905980.477,api,0.079
1790905980.477,client,0.030
1790905980.477,enginecore,4.310
1790905980.477,other_total,0.050
1790905980.477,store_0,0.000
1790905980.477,store_1,0.059
1790905980.477,store_2,0.050
1790905980.477,avail_mb,36119
1790905980.477,pswpin,907753
1790905981.486,api,0.069
1790905981.486,client,0.030
1790905981.486,enginecore,4.429
1790905981.486,other_total,0.000
1790905981.486,store_0,0.050
1790905981.486,store_1,0.059
1790905981.486,store_2,0.000
1790905981.486,avail_mb,36114
1790905981.486,pswpin,907753
1790905982.495,api,0.059
1790905982.495,client,0.010
1790905982.495,enginecore,3.983
1790905982.495,other_total,0.010
1790905982.495,store_0,0.000
1790905982.495,store_1,0.059
1790905982.495,store_2,0.020
1790905982.495,avail_mb,36110
1790905982.495,pswpin,907753
1790905983.504,api,0.050
1790905983.504,client,0.040
1790905983.504,enginecore,4.123
1790905983.504,other_total,0.000
1790905983.504,store_0,0.030
1790905983.504,store_1,0.040
1790905983.504,store_2,0.050
1790905983.504,avail_mb,36111
1790905983.504,pswpin,907753
1790905984.513,api,0.089
1790905984.513,client,0.030
1790905984.513,enginecore,3.944
1790905984.513,other_total,0.000
1790905984.513,store_0,0.030
1790905984.513,store_1,0.040
1790905984.513,store_2,0.000
1790905984.513,avail_mb,36098
1790905984.513,pswpin,907753
1790905985.525,api,0.059
1790905985.525,client,0.000
1790905985.525,enginecore,4.435
1790905985.525,other_total,0.030
1790905985.525,store_0,0.049
1790905985.525,store_1,0.049
1790905985.525,store_2,0.010
1790905985.525,avail_mb,36096
1790905985.525,pswpin,907753
1790905986.536,api,0.089
1790905986.536,client,0.030
1790905986.536,enginecore,3.969
1790905986.536,other_total,0.010
1790905986.536,store_0,0.020
1790905986.536,store_1,0.020
1790905986.536,store_2,0.030
1790905986.536,avail_mb,36096
1790905986.536,pswpin,907753
1790905987.545,api,0.069
1790905987.545,client,0.030
1790905987.545,enginecore,4.835
1790905987.545,other_total,0.040
1790905987.545,store_0,0.050
1790905987.545,store_1,0.050
1790905987.545,store_2,0.020
1790905987.545,avail_mb,36095
1790905987.545,pswpin,907753
1790905988.554,api,0.059
1790905988.554,client,0.020
1790905988.554,enginecore,3.220
1790905988.554,other_total,0.000
1790905988.554,store_0,0.000
1790905988.554,store_1,0.000
1790905988.554,store_2,0.000
1790905988.554,avail_mb,36097
1790905988.554,pswpin,907753
1790905989.563,api,0.040
1790905989.563,client,0.020
1790905989.563,enginecore,4.104
1790905989.563,other_total,0.010
1790905989.563,store_0,0.040
1790905989.563,store_1,0.030
1790905989.563,store_2,0.030
1790905989.563,avail_mb,36095
1790905989.563,pswpin,907753
1790905990.572,api,0.079
1790905990.572,client,0.020
1790905990.572,enginecore,4.074
1790905990.572,other_total,0.040
1790905990.572,store_0,0.020
1790905990.572,store_1,0.030
1790905990.572,store_2,0.030
1790905990.572,avail_mb,36085
1790905990.572,pswpin,907753
1790905991.581,api,0.069
1790905991.581,client,0.030
1790905991.581,enginecore,3.538
1790905991.581,other_total,0.000
1790905991.581,store_0,0.000
1790905991.581,store_1,0.000
1790905991.581,store_2,0.040
1790905991.581,avail_mb,36084
1790905991.581,pswpin,907753
1790905992.591,api,0.050
1790905992.591,client,0.020
1790905992.591,enginecore,4.072
1790905992.591,other_total,0.000
1790905992.591,store_0,0.059
1790905992.591,store_1,0.040
1790905992.591,store_2,0.000
1790905992.591,avail_mb,36086
1790905992.591,pswpin,907753
1790905993.601,api,0.079
1790905993.601,client,0.030
1790905993.601,enginecore,4.158
1790905993.601,other_total,0.010
1790905993.601,store_0,0.000
1790905993.601,store_1,0.030
1790905993.601,store_2,0.079
1790905993.601,avail_mb,36081
1790905993.601,pswpin,907753
1790905994.611,api,0.069
1790905994.611,client,0.030
1790905994.611,enginecore,4.572
1790905994.611,other_total,0.030
1790905994.611,store_0,0.069
1790905994.611,store_1,0.049
1790905994.611,store_2,0.030
1790905994.611,avail_mb,36086
1790905994.611,pswpin,907753
1790905995.620,api,0.079
1790905995.620,client,0.010
1790905995.620,enginecore,4.092
1790905995.620,other_total,0.010
1790905995.620,store_0,0.020
1790905995.620,store_1,0.020
1790905995.620,store_2,0.050
1790905995.620,avail_mb,36083
1790905995.620,pswpin,907753
1790905996.629,api,0.069
1790905996.629,client,0.030
1790905996.629,enginecore,5.272
1790905996.629,other_total,0.050
1790905996.629,store_0,0.050
1790905996.629,store_1,0.069
1790905996.629,store_2,0.050
1790905996.629,avail_mb,36075
1790905996.629,pswpin,907753
1790905997.638,api,0.069
1790905997.638,client,0.030
1790905997.638,enginecore,3.439
1790905997.638,other_total,0.000
1790905997.638,store_0,0.000
1790905997.638,store_1,0.000
1790905997.638,store_2,0.000
1790905997.638,avail_mb,36072
1790905997.638,pswpin,907753
1790905998.648,api,0.069
1790905998.648,client,0.020
1790905998.648,enginecore,5.834
1790905998.648,other_total,0.020
1790905998.648,store_0,0.099
1790905998.648,store_1,0.089
1790905998.648,store_2,0.040
1790905998.648,avail_mb,36072
1790905998.648,pswpin,907753
1790905999.657,api,0.069
1790905999.657,client,0.040
1790905999.657,enginecore,3.487
1790905999.657,other_total,0.040
1790905999.657,store_0,0.000
1790905999.657,store_1,0.000
1790905999.657,store_2,0.030
1790905999.657,avail_mb,36064
1790905999.657,pswpin,907753
1790906000.668,api,0.059
1790906000.668,client,0.020
1790906000.668,enginecore,4.643
1790906000.668,other_total,0.020
1790906000.668,store_0,0.089
1790906000.668,store_1,0.079
1790906000.668,store_2,0.000
1790906000.668,avail_mb,36064
1790906000.668,pswpin,907753
1790906001.678,api,0.040
1790906001.678,client,0.030
1790906001.678,enginecore,3.781
1790906001.678,other_total,0.010
1790906001.678,store_0,0.010
1790906001.678,store_1,0.020
1790906001.678,store_2,0.010
1790906001.678,avail_mb,36062
1790906001.678,pswpin,907753
1790906002.688,api,0.079
1790906002.688,client,0.010
1790906002.688,enginecore,5.267
1790906002.688,other_total,0.089
1790906002.688,store_0,0.059
1790906002.688,store_1,0.030
1790906002.688,store_2,0.059
1790906002.688,avail_mb,36058
1790906002.688,pswpin,907753
1790906003.697,api,0.069
1790906003.697,client,0.050
1790906003.697,enginecore,3.618
1790906003.697,other_total,0.010
1790906003.697,store_0,0.000
1790906003.697,store_1,0.000
1790906003.697,store_2,0.030
1790906003.697,avail_mb,36054
1790906003.697,pswpin,907753
1790906004.706,api,0.079
1790906004.706,client,0.030
1790906004.706,enginecore,5.508
1790906004.706,other_total,0.000
1790906004.706,store_0,0.059
1790906004.706,store_1,0.109
1790906004.706,store_2,0.059
1790906004.706,avail_mb,36049
1790906004.706,pswpin,907753
1790906005.716,api,0.079
1790906005.716,client,0.020
1790906005.716,enginecore,3.438
1790906005.716,other_total,0.050
1790906005.716,store_0,0.000
1790906005.716,store_1,0.000
1790906005.716,store_2,0.020
1790906005.716,avail_mb,36048
1790906005.716,pswpin,907753
1790906006.725,api,0.059
1790906006.725,client,0.020
1790906006.725,enginecore,5.708
1790906006.725,other_total,0.000
1790906006.725,store_0,0.050
1790906006.725,store_1,0.069
1790906006.725,store_2,0.089
1790906006.725,avail_mb,36050
1790906006.725,pswpin,907753
1790906007.734,api,0.089
1790906007.734,client,0.030
1790906007.734,enginecore,3.498
1790906007.734,other_total,0.010
1790906007.734,store_0,0.000
1790906007.734,store_1,0.000
1790906007.734,store_2,0.020
1790906007.734,avail_mb,36042
1790906007.734,pswpin,907753
1790906008.743,api,0.069
1790906008.743,client,0.030
1790906008.743,enginecore,5.600
1790906008.743,other_total,0.020
1790906008.743,store_0,0.089
1790906008.743,store_1,0.089
1790906008.743,store_2,0.059
1790906008.743,avail_mb,36038
1790906008.743,pswpin,907753
1790906009.752,api,0.069
1790906009.752,client,0.020
1790906009.752,enginecore,3.211
1790906009.752,other_total,0.020
1790906009.752,store_0,0.000
1790906009.752,store_1,0.000
1790906009.752,store_2,0.000
1790906009.752,avail_mb,36038
1790906009.752,pswpin,907753
1790906010.763,api,0.030
1790906010.763,client,0.020
1790906010.763,enginecore,4.251
1790906010.763,other_total,0.168
1790906010.763,store_0,0.079
1790906010.763,store_1,0.069
1790906010.763,store_2,0.000
1790906010.763,avail_mb,35997
1790906010.763,pswpin,907753
1790906011.772,api,0.050
1790906011.772,client,0.020
1790906011.772,enginecore,3.142
1790906011.772,other_total,0.278
1790906011.772,store_0,0.000
1790906011.772,store_1,0.000
1790906011.772,store_2,0.050
1790906011.772,avail_mb,35968
1790906011.772,pswpin,907753
1790906012.781,api,0.069
1790906012.781,client,0.010
1790906012.781,enginecore,5.046
1790906012.781,other_total,0.000
1790906012.781,store_0,0.079
1790906012.781,store_1,0.069
1790906012.781,store_2,0.000
1790906012.781,avail_mb,35981
1790906012.781,pswpin,907753
1790906013.790,api,0.059
1790906013.790,client,0.020
1790906013.790,enginecore,3.677
1790906013.790,other_total,0.030
1790906013.790,store_0,0.000
1790906013.790,store_1,0.000
1790906013.790,store_2,0.050
1790906013.790,avail_mb,35978
1790906013.790,pswpin,907753
1790906014.799,api,0.059
1790906014.799,client,0.020
1790906014.799,enginecore,4.845
1790906014.799,other_total,0.030
1790906014.799,store_0,0.079
1790906014.799,store_1,0.109
1790906014.799,store_2,0.000
1790906014.799,avail_mb,35975
1790906014.799,pswpin,907753
1790906015.809,api,0.069
1790906015.809,client,0.030
1790906015.809,enginecore,4.220
1790906015.809,other_total,0.000
1790906015.809,store_0,0.030
1790906015.809,store_1,0.000
1790906015.809,store_2,0.059
1790906015.809,avail_mb,35974
1790906015.809,pswpin,907753
1790906016.818,api,0.069
1790906016.818,client,0.010
1790906016.818,enginecore,4.655
1790906016.818,other_total,0.010
1790906016.818,store_0,0.000
1790906016.818,store_1,0.069
1790906016.818,store_2,0.040
1790906016.818,avail_mb,35977
1790906016.818,pswpin,907753
1790906017.828,api,0.089
1790906017.828,client,0.040
1790906017.828,enginecore,4.367
1790906017.828,other_total,0.010
1790906017.828,store_0,0.069
1790906017.828,store_1,0.000
1790906017.828,store_2,0.050
1790906017.828,avail_mb,35975
1790906017.828,pswpin,907753
1790906018.838,api,0.079
1790906018.838,client,0.030
1790906018.838,enginecore,4.695
1790906018.838,other_total,0.020
1790906018.838,store_0,0.020
1790906018.838,store_1,0.069
1790906018.838,store_2,0.000
1790906018.838,avail_mb,35971
1790906018.838,pswpin,907753
1790906019.847,api,0.069
1790906019.847,client,0.030
1790906019.847,enginecore,4.796
1790906019.847,other_total,0.030
1790906019.847,store_0,0.089
1790906019.847,store_1,0.030
1790906019.847,store_2,0.059
1790906019.847,avail_mb,35973
1790906019.847,pswpin,907753
1790906020.859,api,0.089
1790906020.859,client,0.030
1790906020.859,enginecore,4.328
1790906020.859,other_total,0.000
1790906020.859,store_0,0.000
1790906020.859,store_1,0.069
1790906020.859,store_2,0.030
1790906020.859,avail_mb,35964
1790906020.859,pswpin,907753
1790906021.869,api,0.069
1790906021.869,client,0.020
1790906021.869,enginecore,5.129
1790906021.869,other_total,0.010
1790906021.869,store_0,0.079
1790906021.869,store_1,0.050
1790906021.869,store_2,0.059
1790906021.869,avail_mb,35967
1790906021.869,pswpin,907753
1790906022.878,api,0.059
1790906022.878,client,0.030
1790906022.878,enginecore,3.707
1790906022.878,other_total,0.000
1790906022.878,store_0,0.000
1790906022.878,store_1,0.000
1790906022.878,store_2,0.030
1790906022.878,avail_mb,35963
1790906022.878,pswpin,907753
1790906023.887,api,0.059
1790906023.887,client,0.010
1790906023.887,enginecore,2.933
1790906023.887,other_total,0.020
1790906023.887,store_0,0.000
1790906023.887,store_1,0.000
1790906023.887,store_2,0.069
1790906023.887,avail_mb,35952
1790906023.887,pswpin,907753
1790906024.896,api,0.050
1790906024.896,client,0.010
1790906024.896,enginecore,1.486
1790906024.896,other_total,0.030
1790906024.896,store_0,0.000
1790906024.896,store_1,0.000
1790906024.896,store_2,0.079
1790906024.896,avail_mb,35957
1790906024.896,pswpin,907753
1790906025.906,api,0.040
1790906025.906,client,0.030
1790906025.906,enginecore,2.566
1790906025.906,other_total,0.059
1790906025.906,store_0,0.000
1790906025.906,store_1,0.079
1790906025.906,store_2,0.030
1790906025.906,avail_mb,35956
1790906025.906,pswpin,907753
1790906026.915,api,0.069
1790906026.915,client,0.020
1790906026.915,enginecore,4.717
1790906026.915,other_total,0.020
1790906026.915,store_0,0.040
1790906026.915,store_1,0.020
1790906026.915,store_2,0.020
1790906026.915,avail_mb,35948
1790906026.915,pswpin,907753
1790906027.925,api,0.069
1790906027.925,client,0.020
1790906027.925,enginecore,3.583
1790906027.925,other_total,0.020
1790906027.925,store_0,0.049
1790906027.925,store_1,0.030
1790906027.925,store_2,0.030
1790906027.925,avail_mb,35947
1790906027.925,pswpin,907753
1790906028.935,api,0.069
1790906028.935,client,0.030
1790906028.935,enginecore,4.792
1790906028.935,other_total,0.010
1790906028.935,store_0,0.069
1790906028.935,store_1,0.050
1790906028.935,store_2,0.000
1790906028.935,avail_mb,35946
1790906028.935,pswpin,907753
1790906029.947,api,0.079
1790906029.947,client,0.030
1790906029.947,enginecore,4.804
1790906029.947,other_total,0.040
1790906029.947,store_0,0.030
1790906029.947,store_1,0.030
1790906029.947,store_2,0.079
1790906029.947,avail_mb,35943
1790906029.947,pswpin,907753
1790906030.958,api,0.079
1790906030.958,client,0.030
1790906030.958,enginecore,4.478
1790906030.958,other_total,0.000
1790906030.958,store_0,0.049
1790906030.958,store_1,0.059
1790906030.958,store_2,0.000
1790906030.958,avail_mb,35944
1790906030.958,pswpin,907753
1790906031.968,api,0.069
1790906031.968,client,0.030
1790906031.968,enginecore,4.805
1790906031.968,other_total,0.050
1790906031.968,store_0,0.030
1790906031.968,store_1,0.040
1790906031.968,store_2,0.069
1790906031.968,avail_mb,35943
1790906031.968,pswpin,907753
1790906032.977,api,0.059
1790906032.977,client,0.030
1790906032.977,enginecore,4.241
1790906032.977,other_total,0.109
1790906032.977,store_0,0.059
1790906032.977,store_1,0.030
1790906032.977,store_2,0.020
1790906032.977,avail_mb,35943
1790906032.977,pswpin,907753
1790906033.986,api,0.069
1790906033.986,client,0.020
1790906033.986,enginecore,4.183
1790906033.986,other_total,0.030
1790906033.986,store_0,0.000
1790906033.986,store_1,0.050
1790906033.986,store_2,0.050
1790906033.986,avail_mb,35957
1790906033.986,pswpin,907753
1790906034.996,api,0.069
1790906034.996,client,0.020
1790906034.996,enginecore,4.779
1790906034.996,other_total,0.010
1790906034.996,store_0,0.089
1790906034.996,store_1,0.040
1790906034.996,store_2,0.020
1790906034.996,avail_mb,35951
1790906034.996,pswpin,907753
1790906036.005,api,0.079
1790906036.005,client,0.030
1790906036.005,enginecore,4.520
1790906036.005,other_total,0.069
1790906036.005,store_0,0.000
1790906036.005,store_1,0.040
1790906036.005,store_2,0.079
1790906036.005,avail_mb,35940
1790906036.005,pswpin,907753
1790906037.014,api,0.079
1790906037.014,client,0.030
1790906037.014,enginecore,4.370
1790906037.014,other_total,0.000
1790906037.014,store_0,0.059
1790906037.014,store_1,0.000
1790906037.014,store_2,0.030
1790906037.014,avail_mb,35940
1790906037.014,pswpin,907753
1790906038.024,api,0.059
1790906038.024,client,0.010
1790906038.024,enginecore,3.913
1790906038.024,other_total,0.059
1790906038.024,store_0,0.000
1790906038.024,store_1,0.020
1790906038.024,store_2,0.050
1790906038.024,avail_mb,35939
1790906038.024,pswpin,907753
1790906039.033,api,0.069
1790906039.033,client,0.020
1790906039.033,enginecore,5.055
1790906039.033,other_total,0.010
1790906039.033,store_0,0.059
1790906039.033,store_1,0.059
1790906039.033,store_2,0.030
1790906039.033,avail_mb,35935
1790906039.033,pswpin,907753
1790906040.044,api,0.069
1790906040.044,client,0.030
1790906040.044,enginecore,3.769
1790906040.044,other_total,0.030
1790906040.044,store_0,0.000
1790906040.044,store_1,0.030
1790906040.044,store_2,0.049
1790906040.044,avail_mb,35936
1790906040.044,pswpin,907753
1790906041.053,api,0.069
1790906041.053,client,0.020
1790906041.053,enginecore,4.904
1790906041.053,other_total,0.000
1790906041.053,store_0,0.050
1790906041.053,store_1,0.030
1790906041.053,store_2,0.030
1790906041.053,avail_mb,35933
1790906041.053,pswpin,907753
1790906042.062,api,0.059
1790906042.062,client,0.020
1790906042.062,enginecore,3.766
1790906042.062,other_total,0.040
1790906042.062,store_0,0.000
1790906042.062,store_1,0.030
1790906042.062,store_2,0.020
1790906042.062,avail_mb,35923
1790906042.062,pswpin,907753
1790906043.071,api,0.059
1790906043.071,client,0.030
1790906043.071,enginecore,4.013
1790906043.071,other_total,0.020
1790906043.071,store_0,0.050
1790906043.071,store_1,0.000
1790906043.071,store_2,0.000
1790906043.071,avail_mb,35922
1790906043.071,pswpin,907753
1790906044.080,api,0.089
1790906044.080,client,0.020
1790906044.080,enginecore,3.520
1790906044.080,other_total,0.000
1790906044.080,store_0,0.000
1790906044.080,store_1,0.020
1790906044.080,store_2,0.000
1790906044.080,avail_mb,35917
1790906044.080,pswpin,907753
1790906045.090,api,0.059
1790906045.090,client,0.030
1790906045.090,enginecore,4.616
1790906045.090,other_total,0.020
1790906045.090,store_0,0.089
1790906045.090,store_1,0.030
1790906045.090,store_2,0.030
1790906045.090,avail_mb,35922
1790906045.090,pswpin,907753
1790906046.099,api,0.089
1790906046.099,client,0.010
1790906046.099,enginecore,4.439
1790906046.099,other_total,0.010
1790906046.099,store_0,0.030
1790906046.099,store_1,0.050
1790906046.099,store_2,0.069
1790906046.099,avail_mb,35924
1790906046.099,pswpin,907753
1790906047.108,api,0.099
1790906047.108,client,0.030
1790906047.108,enginecore,4.718
1790906047.108,other_total,0.000
1790906047.108,store_0,0.099
1790906047.108,store_1,0.020
1790906047.108,store_2,0.020
1790906047.108,avail_mb,35923
1790906047.108,pswpin,907753
1790906048.117,api,0.069
1790906048.117,client,0.030
1790906048.117,enginecore,4.171
1790906048.117,other_total,0.020
1790906048.117,store_0,0.000
1790906048.117,store_1,0.059
1790906048.117,store_2,0.059
1790906048.117,avail_mb,35914
1790906048.117,pswpin,907753
1790906049.126,api,0.059
1790906049.126,client,0.030
1790906049.126,enginecore,4.210
1790906049.126,other_total,0.000
1790906049.126,store_0,0.099
1790906049.126,store_1,0.000
1790906049.126,store_2,0.000
1790906049.126,avail_mb,35914
1790906049.126,pswpin,907753
1790906050.136,api,0.069
1790906050.136,client,0.020
1790906050.136,enginecore,2.735
1790906050.136,other_total,0.000
1790906050.136,store_0,0.000
1790906050.136,store_1,0.030
1790906050.136,store_2,0.000
1790906050.136,avail_mb,35910
1790906050.136,pswpin,907753
1790906051.144,api,0.050
1790906051.144,client,0.010
1790906051.144,enginecore,4.421
1790906051.144,other_total,0.050
1790906051.144,store_0,0.020
1790906051.144,store_1,0.059
1790906051.144,store_2,0.050
1790906051.144,avail_mb,35905
1790906051.144,pswpin,907753
1790906052.156,api,0.069
1790906052.156,client,0.040
1790906052.156,enginecore,3.767
1790906052.156,other_total,0.030
1790906052.156,store_0,0.040
1790906052.156,store_1,0.040
1790906052.156,store_2,0.000
1790906052.156,avail_mb,35900
1790906052.156,pswpin,907753
1790906053.167,api,0.069
1790906053.167,client,0.030
1790906053.167,enginecore,4.511
1790906053.167,other_total,0.020
1790906053.167,store_0,0.010
1790906053.167,store_1,0.059
1790906053.167,store_2,0.049
1790906053.167,avail_mb,35898
1790906053.167,pswpin,907753
1790906054.176,api,0.069
1790906054.176,client,0.030
1790906054.176,enginecore,3.757
1790906054.176,other_total,0.000
1790906054.176,store_0,0.030
1790906054.176,store_1,0.000
1790906054.176,store_2,0.030
1790906054.176,avail_mb,35896
1790906054.176,pswpin,907753
1790906055.184,api,0.040
1790906055.184,client,0.000
1790906055.184,enginecore,3.252
1790906055.184,other_total,0.030
1790906055.184,store_0,0.030
1790906055.184,store_1,0.000
1790906055.184,store_2,0.079
1790906055.184,avail_mb,35896
1790906055.184,pswpin,907753
1790906056.193,api,0.069
1790906056.193,client,0.020
1790906056.193,enginecore,4.530
1790906056.193,other_total,0.020
1790906056.193,store_0,0.050
1790906056.193,store_1,0.050
1790906056.193,store_2,0.020
1790906056.193,avail_mb,35897
1790906056.193,pswpin,907753
1790906057.205,api,0.069
1790906057.205,client,0.010
1790906057.205,enginecore,4.448
1790906057.205,other_total,0.049
1790906057.205,store_0,0.030
1790906057.205,store_1,0.020
1790906057.205,store_2,0.069
1790906057.205,avail_mb,35888
1790906057.205,pswpin,907753
1790906058.214,api,0.079
1790906058.214,client,0.030
1790906058.214,enginecore,4.062
1790906058.214,other_total,0.020
1790906058.214,store_0,0.050
1790906058.214,store_1,0.000
1790906058.214,store_2,0.020
1790906058.214,avail_mb,35885
1790906058.214,pswpin,907753
1790906059.223,api,0.059
1790906059.223,client,0.020
1790906059.223,enginecore,4.212
1790906059.223,other_total,0.000
1790906059.223,store_0,0.030
1790906059.223,store_1,0.030
1790906059.223,store_2,0.050
1790906059.223,avail_mb,35882
1790906059.223,pswpin,907753
1790906060.233,api,0.059
1790906060.233,client,0.020
1790906060.233,enginecore,4.624
1790906060.233,other_total,0.040
1790906060.233,store_0,0.030
1790906060.233,store_1,0.050
1790906060.233,store_2,0.020
1790906060.233,avail_mb,35880
1790906060.233,pswpin,907753
1790906061.246,api,0.059
1790906061.246,client,0.020
1790906061.246,enginecore,4.372
1790906061.246,other_total,0.000
1790906061.246,store_0,0.020
1790906061.246,store_1,0.030
1790906061.246,store_2,0.069
1790906061.246,avail_mb,35881
1790906061.246,pswpin,907753
1790906062.257,api,0.089
1790906062.257,client,0.040
1790906062.257,enginecore,4.638
1790906062.257,other_total,0.000
1790906062.257,store_0,0.059
1790906062.257,store_1,0.049
1790906062.257,store_2,0.049
1790906062.257,avail_mb,35878
1790906062.257,pswpin,907753
1790906063.269,api,0.069
1790906063.269,client,0.020
1790906063.269,enginecore,4.200
1790906063.269,other_total,0.069
1790906063.269,store_0,0.000
1790906063.269,store_1,0.049
1790906063.269,store_2,0.049
1790906063.269,avail_mb,35872
1790906063.269,pswpin,907753
1790906064.279,api,0.050
1790906064.279,client,0.020
1790906064.279,enginecore,3.992
1790906064.279,other_total,0.109
1790906064.279,store_0,0.000
1790906064.279,store_1,0.020
1790906064.279,store_2,0.020
1790906064.279,avail_mb,35870
1790906064.279,pswpin,907753
1790906065.291,api,0.069
1790906065.291,client,0.030
1790906065.291,enginecore,4.159
1790906065.291,other_total,0.010
1790906065.291,store_0,0.059
1790906065.291,store_1,0.030
1790906065.291,store_2,0.049
1790906065.291,avail_mb,35869
1790906065.291,pswpin,907753
1790906066.300,api,0.069
1790906066.300,client,0.030
1790906066.300,enginecore,5.033
1790906066.300,other_total,0.000
1790906066.300,store_0,0.010
1790906066.300,store_1,0.079
1790906066.300,store_2,0.059
1790906066.300,avail_mb,35867
1790906066.300,pswpin,907753
1790906067.311,api,0.079
1790906067.311,client,0.030
1790906067.311,enginecore,4.344
1790906067.311,other_total,0.020
1790906067.311,store_0,0.109
1790906067.311,store_1,0.000
1790906067.311,store_2,0.030
1790906067.311,avail_mb,35864
1790906067.311,pswpin,907753
1790906068.320,api,0.079
1790906068.320,client,0.020
1790906068.320,enginecore,4.685
1790906068.320,other_total,0.000
1790906068.320,store_0,0.000
1790906068.320,store_1,0.079
1790906068.320,store_2,0.040
1790906068.320,avail_mb,35870
1790906068.320,pswpin,907753
1790906069.331,api,0.079
1790906069.331,client,0.030
1790906069.331,enginecore,4.742
1790906069.331,other_total,0.040
1790906069.331,store_0,0.079
1790906069.331,store_1,0.010
1790906069.331,store_2,0.059
1790906069.331,avail_mb,35866
1790906069.331,pswpin,907753
1790906070.340,api,0.050
1790906070.340,client,0.030
1790906070.340,enginecore,4.635
1790906070.340,other_total,0.030
1790906070.340,store_0,0.000
1790906070.340,store_1,0.079
1790906070.340,store_2,0.040
1790906070.340,avail_mb,35862
1790906070.340,pswpin,907753
1790906071.350,api,0.099
1790906071.350,client,0.020
1790906071.350,enginecore,4.131
1790906071.350,other_total,0.000
1790906071.350,store_0,0.059
1790906071.350,store_1,0.030
1790906071.350,store_2,0.030
1790906071.350,avail_mb,35865
1790906071.350,pswpin,907753
1790906072.359,api,0.069
1790906072.359,client,0.030
1790906072.359,enginecore,4.451
1790906072.359,other_total,0.020
1790906072.359,store_0,0.000
1790906072.359,store_1,0.059
1790906072.359,store_2,0.020
1790906072.359,avail_mb,35859
1790906072.359,pswpin,907753
1790906073.368,api,0.069
1790906073.368,client,0.040
1790906073.368,enginecore,4.171
1790906073.368,other_total,0.000
1790906073.368,store_0,0.020
1790906073.368,store_1,0.010
1790906073.368,store_2,0.030
1790906073.368,avail_mb,35855
1790906073.368,pswpin,907753
1790906074.377,api,0.069
1790906074.377,client,0.020
1790906074.377,enginecore,4.856
1790906074.377,other_total,0.030
1790906074.377,store_0,0.059
1790906074.377,store_1,0.069
1790906074.377,store_2,0.030
1790906074.377,avail_mb,35857
1790906074.377,pswpin,907753
1790906075.386,api,0.079
1790906075.386,client,0.030
1790906075.386,enginecore,4.818
1790906075.386,other_total,0.000
1790906075.386,store_0,0.059
1790906075.386,store_1,0.020
1790906075.386,store_2,0.059
1790906075.386,avail_mb,35852
1790906075.386,pswpin,907753
1790906076.397,api,0.069
1790906076.397,client,0.020
1790906076.397,enginecore,3.628
1790906076.397,other_total,0.000
1790906076.397,store_0,0.000
1790906076.397,store_1,0.030
1790906076.397,store_2,0.010
1790906076.397,avail_mb,35847
1790906076.397,pswpin,907753
1790906077.406,api,0.069
1790906077.406,client,0.030
1790906077.406,enginecore,4.193
1790906077.406,other_total,0.000
1790906077.406,store_0,0.109
1790906077.406,store_1,0.000
1790906077.406,store_2,0.000
1790906077.406,avail_mb,35848
1790906077.406,pswpin,907753
1790906078.415,api,0.089
1790906078.415,client,0.030
1790906078.415,enginecore,3.727
1790906078.415,other_total,0.000
1790906078.415,store_0,0.000
1790906078.415,store_1,0.000
1790906078.415,store_2,0.030
1790906078.415,avail_mb,35842
1790906078.415,pswpin,907753
1790906079.424,api,0.050
1790906079.424,client,0.010
1790906079.424,enginecore,3.370
1790906079.424,other_total,0.030
1790906079.424,store_0,0.000
1790906079.424,store_1,0.000
1790906079.424,store_2,0.030
1790906079.424,avail_mb,35839
1790906079.424,pswpin,907753
1790906080.433,api,0.069
1790906080.433,client,0.020
1790906080.433,enginecore,4.043
1790906080.433,other_total,0.000
1790906080.433,store_0,0.000
1790906080.433,store_1,0.099
1790906080.433,store_2,0.000
1790906080.433,avail_mb,35836
1790906080.433,pswpin,907753
1790906081.443,api,0.059
1790906081.443,client,0.030
1790906081.443,enginecore,3.406
1790906081.443,other_total,0.020
1790906081.443,store_0,0.050
1790906081.443,store_1,0.020
1790906081.443,store_2,0.040
1790906081.443,avail_mb,35836
1790906081.443,pswpin,907753
1790906082.453,api,0.059
1790906082.453,client,0.020
1790906082.453,enginecore,4.378
1790906082.453,other_total,0.000
1790906082.453,store_0,0.030
1790906082.453,store_1,0.050
1790906082.453,store_2,0.000
1790906082.453,avail_mb,35835
1790906082.453,pswpin,907753
1790906083.462,api,0.089
1790906083.462,client,0.040
1790906083.462,enginecore,5.348
1790906083.462,other_total,0.020
1790906083.462,store_0,0.050
1790906083.462,store_1,0.050
1790906083.462,store_2,0.099
1790906083.462,avail_mb,35835
1790906083.462,pswpin,907753
1790906084.472,api,0.069
1790906084.472,client,0.010
1790906084.472,enginecore,4.052
1790906084.472,other_total,0.040
1790906084.472,store_0,0.040
1790906084.472,store_1,0.050
1790906084.472,store_2,0.000
1790906084.472,avail_mb,35826
1790906084.472,pswpin,907753
1790906085.481,api,0.079
1790906085.481,client,0.020
1790906085.481,enginecore,5.380
1790906085.481,other_total,0.010
1790906085.481,store_0,0.040
1790906085.481,store_1,0.050
1790906085.481,store_2,0.099
1790906085.481,avail_mb,35827
1790906085.481,pswpin,907753
1790906086.491,api,0.069
1790906086.491,client,0.030
1790906086.491,enginecore,4.070
1790906086.491,other_total,0.000
1790906086.491,store_0,0.030
1790906086.491,store_1,0.059
1790906086.491,store_2,0.000
1790906086.491,avail_mb,35822
1790906086.491,pswpin,907753
1790906087.500,api,0.069
1790906087.500,client,0.030
1790906087.500,enginecore,4.173
1790906087.500,other_total,0.030
1790906087.500,store_0,0.000
1790906087.500,store_1,0.020
1790906087.500,store_2,0.050
1790906087.500,avail_mb,35817
1790906087.500,pswpin,907753
1790906088.509,api,0.069
1790906088.509,client,0.020
1790906088.509,enginecore,4.183
1790906088.509,other_total,0.030
1790906088.509,store_0,0.020
1790906088.509,store_1,0.069
1790906088.509,store_2,0.000
1790906088.509,avail_mb,35815
1790906088.509,pswpin,907753
1790906089.518,api,0.050
1790906089.518,client,0.020
1790906089.518,enginecore,2.874
1790906089.518,other_total,0.030
1790906089.518,store_0,0.040
1790906089.518,store_1,0.000
1790906089.518,store_2,0.000
1790906089.518,avail_mb,35812
1790906089.518,pswpin,907753
1790906090.526,api,0.089
1790906090.526,client,0.020
1790906090.526,enginecore,3.638
1790906090.526,other_total,0.020
1790906090.526,store_0,0.030
1790906090.526,store_1,0.030
1790906090.526,store_2,0.020
1790906090.526,avail_mb,35805
1790906090.526,pswpin,907753
1790906091.536,api,0.059
1790906091.536,client,0.030
1790906091.536,enginecore,4.479
1790906091.536,other_total,0.069
1790906091.536,store_0,0.030
1790906091.536,store_1,0.050
1790906091.536,store_2,0.059
1790906091.536,avail_mb,35805
1790906091.536,pswpin,907753
1790906092.545,api,0.069
1790906092.545,client,0.020
1790906092.545,enginecore,4.311
1790906092.545,other_total,0.000
1790906092.545,store_0,0.010
1790906092.545,store_1,0.030
1790906092.545,store_2,0.050
1790906092.545,avail_mb,35803
1790906092.545,pswpin,907753
1790906093.553,api,0.069
1790906093.553,client,0.020
1790906093.553,enginecore,4.144
1790906093.553,other_total,0.059
1790906093.553,store_0,0.000
1790906093.553,store_1,0.040
1790906093.553,store_2,0.050
1790906093.553,avail_mb,35830
1790906093.553,pswpin,907753
1790906094.563,api,0.049
1790906094.563,client,0.020
1790906094.563,enginecore,3.128
1790906094.563,other_total,0.030
1790906094.563,store_0,0.000
1790906094.563,store_1,0.040
1790906094.563,store_2,0.079
1790906094.563,avail_mb,35843
1790906094.563,pswpin,907753
1790906095.573,api,0.050
1790906095.573,client,0.030
1790906095.573,enginecore,3.289
1790906095.573,other_total,0.010
1790906095.573,store_0,0.000
1790906095.573,store_1,0.050
1790906095.573,store_2,0.020
1790906095.573,avail_mb,35843
1790906095.573,pswpin,907753
1790906096.582,api,0.050
1790906096.582,client,0.010
1790906096.582,enginecore,2.686
1790906096.582,other_total,0.050
1790906096.582,store_0,0.000
1790906096.582,store_1,0.020
1790906096.582,store_2,0.030
1790906096.582,avail_mb,35844
1790906096.582,pswpin,907753
1790906097.591,api,0.059
1790906097.591,client,0.020
1790906097.591,enginecore,2.685
1790906097.591,other_total,0.040
1790906097.591,store_0,0.000
1790906097.591,store_1,0.000
1790906097.591,store_2,0.020
1790906097.591,avail_mb,35842
1790906097.591,pswpin,907753
1790906098.600,api,0.050
1790906098.600,client,0.010
1790906098.600,enginecore,2.427
1790906098.600,other_total,0.000
1790906098.600,store_0,0.000
1790906098.600,store_1,0.030
1790906098.600,store_2,0.000
1790906098.600,avail_mb,35840
1790906098.600,pswpin,907753
1790906099.609,api,0.069
1790906099.609,client,0.010
1790906099.609,enginecore,1.487
1790906099.609,other_total,0.040
1790906099.609,store_0,0.000
1790906099.609,store_1,0.030
1790906099.609,store_2,0.000
1790906099.609,avail_mb,35874
1790906099.609,pswpin,907753
1790906100.618,api,0.030
1790906100.618,client,0.010
1790906100.618,enginecore,1.487
1790906100.618,other_total,0.069
1790906100.618,store_0,0.000
1790906100.618,store_1,0.050
1790906100.618,store_2,0.000
1790906100.618,avail_mb,35876
1790906100.618,pswpin,907753
1790906101.626,api,0.030
1790906101.626,client,0.020
1790906101.626,enginecore,1.160
1790906101.626,other_total,0.000
1790906101.626,store_0,0.000
1790906101.626,store_1,0.000
1790906101.626,store_2,0.000
1790906101.626,avail_mb,35875
1790906101.626,pswpin,907753
1790906102.637,api,0.010
1790906102.637,client,0.000
1790906102.637,enginecore,0.099
1790906102.637,other_total,0.040
1790906102.637,store_0,0.000
1790906102.637,store_1,0.000
1790906102.637,store_2,0.000
1790906102.637,avail_mb,35869
1790906102.637,pswpin,907753
1790906103.645,api,0.010
1790906103.645,client,0.000
1790906103.645,enginecore,1.021
1790906103.645,other_total,0.020
1790906103.645,store_0,0.000
1790906103.645,store_1,0.059
1790906103.645,store_2,0.000
1790906103.645,avail_mb,35869
1790906103.645,pswpin,907753
1790906104.654,api,0.030
1790906104.654,enginecore,0.724
1790906104.654,other_total,0.079
1790906104.654,store_0,0.000
1790906104.654,store_1,0.000
1790906104.654,store_2,0.000
1790906104.654,avail_mb,35911
1790906104.654,pswpin,907753
1790906105.665,api,0.010
1790906105.665,enginecore,0.020
1790906105.665,other_total,0.020
1790906105.665,store_0,0.000
1790906105.665,store_1,0.000
1790906105.665,store_2,0.000
1790906105.665,avail_mb,35910
1790906105.665,pswpin,907753
1790906106.674,api,0.000
1790906106.674,enginecore,0.010
1790906106.674,other_total,0.010
1790906106.674,store_0,0.000
1790906106.674,store_1,0.000
1790906106.674,store_2,0.000
1790906106.674,avail_mb,35909
1790906106.674,pswpin,907753
1790906107.685,api,0.000
1790906107.685,enginecore,0.040
1790906107.685,other_total,0.030
1790906107.685,store_0,0.000
1790906107.685,store_1,0.000
1790906107.685,store_2,0.000
1790906107.685,avail_mb,35908
1790906107.685,pswpin,907753
1790906108.695,api,0.020
1790906108.695,enginecore,0.030
1790906108.695,other_total,0.999
1790906108.695,store_0,0.000
1790906108.695,store_1,0.000
1790906108.695,store_2,0.000
1790906108.695,avail_mb,35780
1790906108.695,pswpin,907753
1790906109.706,api,0.010
1790906109.706,client,0.000
1790906109.706,enginecore,0.030
1790906109.706,other_total,0.257
1790906109.706,store_0,0.000
1790906109.706,store_1,0.000
1790906109.706,store_2,0.000
1790906109.706,avail_mb,35718
1790906109.706,pswpin,907753
1790906110.717,api,0.000
1790906110.717,client,0.000
1790906110.717,enginecore,0.040
1790906110.717,other_total,0.069
1790906110.717,store_0,0.000
1790906110.717,store_1,0.000
1790906110.717,store_2,0.000
1790906110.717,avail_mb,35714
1790906110.717,pswpin,907753
1790906111.728,api,0.000
1790906111.728,client,0.000
1790906111.728,enginecore,0.069
1790906111.728,other_total,0.178
1790906111.728,store_0,0.000
1790906111.728,store_1,0.000
1790906111.728,store_2,0.000
1790906111.728,avail_mb,35687
1790906111.728,pswpin,907753
1790906112.739,api,0.000
1790906112.739,client,0.000
1790906112.739,enginecore,0.326
1790906112.739,other_total,0.326
1790906112.739,store_0,0.000
1790906112.739,store_1,0.000
1790906112.739,store_2,0.030
1790906112.739,avail_mb,35722
1790906112.739,pswpin,907753
1790906113.750,api,0.020
1790906113.750,client,0.010
1790906113.750,enginecore,0.445
1790906113.750,other_total,0.208
1790906113.750,store_0,0.000
1790906113.750,store_1,0.000
1790906113.750,store_2,0.020
1790906113.750,avail_mb,35727
1790906113.750,pswpin,907753
1790906114.761,api,0.010
1790906114.761,client,0.000
1790906114.761,enginecore,0.653
1790906114.761,other_total,0.049
1790906114.761,store_0,0.040
1790906114.761,store_1,0.000
1790906114.761,store_2,0.010
1790906114.761,avail_mb,35779
1790906114.761,pswpin,907753
1790906115.772,api,0.000
1790906115.772,client,0.010
1790906115.772,enginecore,0.376
1790906115.772,other_total,0.049
1790906115.772,store_0,0.030
1790906115.772,store_1,0.000
1790906115.772,store_2,0.000
1790906115.772,avail_mb,35780
1790906115.772,pswpin,907753
1790906116.783,api,0.000
1790906116.783,client,0.000
1790906116.783,enginecore,0.040
1790906116.783,other_total,0.059
1790906116.783,store_0,0.000
1790906116.783,store_1,0.000
1790906116.783,store_2,0.000
1790906116.783,avail_mb,35780
1790906116.783,pswpin,907753
1790906117.794,api,0.020
1790906117.794,client,0.000
1790906117.794,enginecore,0.089
1790906117.794,other_total,0.089
1790906117.794,store_0,0.000
1790906117.794,store_1,0.000
1790906117.794,store_2,0.000
1790906117.794,avail_mb,35822
1790906117.794,pswpin,907753
1790906118.806,api,0.010
1790906118.806,client,0.000
1790906118.806,enginecore,0.049
1790906118.806,other_total,0.059
1790906118.806,store_0,0.030
1790906118.806,store_1,0.000
1790906118.806,store_2,0.000
1790906118.806,avail_mb,35824
1790906118.806,pswpin,907753
1790906119.817,api,0.010
1790906119.817,enginecore,0.366
1790906119.817,other_total,0.030
1790906119.817,store_0,0.000
1790906119.817,store_1,0.000
1790906119.817,store_2,0.000
1790906119.817,avail_mb,35863
1790906119.817,pswpin,907753
1790906120.828,api,0.010
1790906120.828,enginecore,0.040
1790906120.828,other_total,0.020
1790906120.828,store_0,0.000
1790906120.828,store_1,0.000
1790906120.828,store_2,0.000
1790906120.828,avail_mb,35863
1790906120.828,pswpin,907753
1790906121.839,api,0.000
1790906121.839,enginecore,0.040
1790906121.839,other_total,0.040
1790906121.839,store_0,0.000
1790906121.839,store_1,0.000
1790906121.839,store_2,0.000
1790906121.839,avail_mb,35864
1790906121.839,pswpin,907753
1790906122.850,api,0.000
1790906122.850,enginecore,0.030
1790906122.850,other_total,0.040
1790906122.850,store_0,0.000
1790906122.850,store_1,0.000
1790906122.850,store_2,0.000
1790906122.850,avail_mb,35865
1790906122.850,pswpin,907753
1790906123.861,api,0.010
1790906123.861,enginecore,0.020
1790906123.861,other_total,0.089
1790906123.861,store_0,0.000
1790906123.861,store_1,0.000
1790906123.861,store_2,0.000
1790906123.861,avail_mb,35862
1790906123.861,pswpin,907753
1790906124.872,api,0.000
1790906124.872,enginecore,0.040
1790906124.872,other_total,0.069
1790906124.872,store_0,0.000
1790906124.872,store_1,0.000
1790906124.872,store_2,0.000
1790906124.872,avail_mb,35863
1790906124.872,pswpin,907753
1790906125.883,api,0.000
1790906125.883,enginecore,0.030
1790906125.883,other_total,0.020
1790906125.883,store_0,0.000
1790906125.883,store_1,0.000
1790906125.883,store_2,0.000
1790906125.883,avail_mb,35864
1790906125.883,pswpin,907753
1790906126.894,api,0.010
1790906126.894,enginecore,0.030
1790906126.894,other_total,0.059
1790906126.894,store_0,0.000
1790906126.894,store_1,0.000
1790906126.894,store_2,0.000
1790906126.894,avail_mb,35863
1790906126.894,pswpin,907753
1790906127.905,api,0.000
1790906127.905,enginecore,0.030
1790906127.905,other_total,0.069
1790906127.905,store_0,0.000
1790906127.905,store_1,0.000
1790906127.905,store_2,0.000
1790906127.905,avail_mb,35864
1790906127.905,pswpin,907753
1790906128.915,api,0.020
1790906128.915,enginecore,0.030
1790906128.915,other_total,0.979
1790906128.915,store_0,0.000
1790906128.915,store_1,0.000
1790906128.915,store_2,0.000
1790906128.915,avail_mb,35723
1790906128.915,pswpin,907753
1790906129.926,api,0.000
1790906129.926,client,0.000
1790906129.926,enginecore,0.030
1790906129.926,other_total,0.069
1790906129.926,store_0,0.000
1790906129.926,store_1,0.000
1790906129.926,store_2,0.000
1790906129.926,avail_mb,35719
1790906129.926,pswpin,907753
1790906130.937,api,0.000
1790906130.937,client,0.000
1790906130.937,enginecore,0.030
1790906130.937,other_total,0.079
1790906130.937,store_0,0.000
1790906130.937,store_1,0.000
1790906130.937,store_2,0.000
1790906130.937,avail_mb,35719
1790906130.937,pswpin,907753
1790906131.947,api,0.010
1790906131.947,client,0.010
1790906131.947,enginecore,0.218
1790906131.947,other_total,0.020
1790906131.947,store_0,0.000
1790906131.947,store_1,0.000
1790906131.947,store_2,0.000
1790906131.947,avail_mb,35718
1790906131.947,pswpin,907753
1790906132.957,api,0.069
1790906132.957,client,0.020
1790906132.957,enginecore,3.151
1790906132.957,other_total,0.089
1790906132.957,store_0,0.000
1790906132.957,store_1,0.000
1790906132.957,store_2,0.000
1790906132.957,avail_mb,35710
1790906132.957,pswpin,907754
1790906133.965,api,0.069
1790906133.965,client,0.040
1790906133.965,enginecore,3.034
1790906133.965,other_total,0.000
1790906133.965,store_0,0.000
1790906133.965,store_1,0.000
1790906133.965,store_2,0.000
1790906133.965,avail_mb,35719
1790906133.965,pswpin,907754
1790906134.974,api,0.059
1790906134.974,client,0.020
1790906134.974,enginecore,2.964
1790906134.974,other_total,0.000
1790906134.974,store_0,0.000
1790906134.974,store_1,0.000
1790906134.974,store_2,0.000
1790906134.974,avail_mb,35724
1790906134.974,pswpin,907754
1790906135.983,api,0.059
1790906135.983,client,0.010
1790906135.983,enginecore,2.756
1790906135.983,other_total,0.030
1790906135.983,store_0,0.000
1790906135.983,store_1,0.000
1790906135.983,store_2,0.000
1790906135.983,avail_mb,35725
1790906135.983,pswpin,907754
1790906136.992,api,0.050
1790906136.992,client,0.010
1790906136.992,enginecore,2.756
1790906136.992,other_total,0.020
1790906136.992,store_0,0.000
1790906136.992,store_1,0.000
1790906136.992,store_2,0.000
1790906136.992,avail_mb,35726
1790906136.992,pswpin,907754
1790906138.000,api,0.069
1790906138.000,client,0.020
1790906138.000,enginecore,3.202
1790906138.000,other_total,0.020
1790906138.000,store_0,0.000
1790906138.000,store_1,0.000
1790906138.000,store_2,0.000
1790906138.000,avail_mb,35724
1790906138.000,pswpin,907754
1790906139.009,api,0.059
1790906139.009,client,0.030
1790906139.009,enginecore,3.172
1790906139.009,other_total,0.010
1790906139.009,store_0,0.000
1790906139.009,store_1,0.000
1790906139.009,store_2,0.000
1790906139.009,avail_mb,35716
1790906139.009,pswpin,907754
1790906140.018,api,0.040
1790906140.018,client,0.040
1790906140.018,enginecore,3.202
1790906140.018,other_total,0.000
1790906140.018,store_0,0.000
1790906140.018,store_1,0.000
1790906140.018,store_2,0.000
1790906140.018,avail_mb,35717
1790906140.018,pswpin,907754
1790906141.027,api,0.050
1790906141.027,client,0.000
1790906141.027,enginecore,3.239
1790906141.027,other_total,0.020
1790906141.027,store_0,0.000
1790906141.027,store_1,0.000
1790906141.027,store_2,0.000
1790906141.027,avail_mb,35717
1790906141.027,pswpin,907754
1790906142.037,api,0.069
1790906142.037,client,0.040
1790906142.037,enginecore,3.259
1790906142.037,other_total,0.000
1790906142.037,store_0,0.000
1790906142.037,store_1,0.000
1790906142.037,store_2,0.000
1790906142.037,avail_mb,35717
1790906142.037,pswpin,907754
1790906143.046,api,0.050
1790906143.046,client,0.020
1790906143.046,enginecore,3.201
1790906143.046,other_total,0.040
1790906143.046,store_0,0.000
1790906143.046,store_1,0.000
1790906143.046,store_2,0.000
1790906143.046,avail_mb,35715
1790906143.046,pswpin,907754
1790906144.055,api,0.040
1790906144.055,client,0.010
1790906144.055,enginecore,2.835
1790906144.055,other_total,0.109
1790906144.055,store_0,0.000
1790906144.055,store_1,0.000
1790906144.055,store_2,0.000
1790906144.055,avail_mb,35716
1790906144.055,pswpin,907754
1790906145.064,api,0.069
1790906145.064,client,0.010
1790906145.064,enginecore,2.200
1790906145.064,other_total,0.050
1790906145.064,store_0,0.000
1790906145.064,store_1,0.000
1790906145.064,store_2,0.000
1790906145.064,avail_mb,35716
1790906145.064,pswpin,907754
1790906146.073,api,0.050
1790906146.073,client,0.020
1790906146.073,enginecore,2.785
1790906146.073,other_total,0.000
1790906146.073,store_0,0.000
1790906146.073,store_1,0.000
1790906146.073,store_2,0.000
1790906146.073,avail_mb,35718
1790906146.073,pswpin,907754
1790906147.082,api,0.050
1790906147.082,client,0.030
1790906147.082,enginecore,3.241
1790906147.082,other_total,0.000
1790906147.082,store_0,0.000
1790906147.082,store_1,0.000
1790906147.082,store_2,0.000
1790906147.082,avail_mb,35716
1790906147.082,pswpin,907754
1790906148.091,api,0.079
1790906148.091,client,0.020
1790906148.091,enginecore,3.191
1790906148.091,other_total,0.050
1790906148.091,store_0,0.000
1790906148.091,store_1,0.000
1790906148.091,store_2,0.000
1790906148.091,avail_mb,35718
1790906148.091,pswpin,907754
1790906149.100,api,0.050
1790906149.100,client,0.010
1790906149.100,enginecore,3.190
1790906149.100,other_total,0.020
1790906149.100,store_0,0.000
1790906149.100,store_1,0.000
1790906149.100,store_2,0.000
1790906149.100,avail_mb,35717
1790906149.100,pswpin,907754
1790906150.109,api,0.069
1790906150.109,client,0.020
1790906150.109,enginecore,3.231
1790906150.109,other_total,0.030
1790906150.109,store_0,0.000
1790906150.109,store_1,0.000
1790906150.109,store_2,0.000
1790906150.109,avail_mb,35717
1790906150.109,pswpin,907754
1790906151.118,api,0.089
1790906151.118,client,0.010
1790906151.118,enginecore,3.261
1790906151.118,other_total,0.040
1790906151.118,store_0,0.000
1790906151.118,store_1,0.000
1790906151.118,store_2,0.000
1790906151.118,avail_mb,35716
1790906151.118,pswpin,907754
1790906152.127,api,0.069
1790906152.127,client,0.040
1790906152.127,enginecore,3.221
1790906152.127,other_total,0.030
1790906152.127,store_0,0.000
1790906152.127,store_1,0.000
1790906152.127,store_2,0.000
1790906152.127,avail_mb,35717
1790906152.127,pswpin,907754
1790906153.151,api,0.078
1790906153.151,client,0.020
1790906153.151,enginecore,3.242
1790906153.151,other_total,0.029
1790906153.151,store_0,0.000
1790906153.151,store_1,0.000
1790906153.151,store_2,0.000
1790906153.151,avail_mb,35716
1790906153.151,pswpin,907754
1790906154.160,api,0.069
1790906154.160,client,0.020
1790906154.160,enginecore,3.212
1790906154.160,other_total,0.030
1790906154.160,store_0,0.000
1790906154.160,store_1,0.000
1790906154.160,store_2,0.000
1790906154.160,avail_mb,35714
1790906154.160,pswpin,907754
1790906155.169,api,0.050
1790906155.169,client,0.020
1790906155.169,enginecore,3.150
1790906155.169,other_total,0.050
1790906155.169,store_0,0.000
1790906155.169,store_1,0.000
1790906155.169,store_2,0.000
1790906155.169,avail_mb,35713
1790906155.169,pswpin,907754
1790906156.178,api,0.050
1790906156.178,client,0.020
1790906156.178,enginecore,2.498
1790906156.178,other_total,0.010
1790906156.178,store_0,0.000
1790906156.178,store_1,0.000
1790906156.178,store_2,0.000
1790906156.178,avail_mb,35713
1790906156.178,pswpin,907754
1790906157.188,api,0.050
1790906157.188,client,0.000
1790906157.188,enginecore,2.853
1790906157.188,other_total,0.089
1790906157.188,store_0,0.000
1790906157.188,store_1,0.000
1790906157.188,store_2,0.000
1790906157.188,avail_mb,35709
1790906157.188,pswpin,907754
1790906158.196,api,0.020
1790906158.196,client,0.020
1790906158.196,enginecore,2.627
1790906158.196,other_total,0.010
1790906158.196,store_0,0.000
1790906158.196,store_1,0.000
1790906158.196,store_2,0.000
1790906158.196,avail_mb,35709
1790906158.196,pswpin,907754
1790906159.205,api,0.079
1790906159.205,client,0.020
1790906159.205,enginecore,2.993
1790906159.205,other_total,0.000
1790906159.205,store_0,0.000
1790906159.205,store_1,0.000
1790906159.205,store_2,0.000
1790906159.205,avail_mb,35708
1790906159.205,pswpin,907754
1790906160.214,api,0.069
1790906160.214,client,0.040
1790906160.214,enginecore,3.191
1790906160.214,other_total,0.020
1790906160.214,store_0,0.000
1790906160.214,store_1,0.000
1790906160.214,store_2,0.000
1790906160.214,avail_mb,35707
1790906160.214,pswpin,907754
1790906161.223,api,0.069
1790906161.223,client,0.010
1790906161.223,enginecore,3.211
1790906161.223,other_total,0.000
1790906161.223,store_0,0.000
1790906161.223,store_1,0.000
1790906161.223,store_2,0.000
1790906161.223,avail_mb,35708
1790906161.223,pswpin,907754
1790906162.233,api,0.059
1790906162.233,client,0.020
1790906162.233,enginecore,3.220
1790906162.233,other_total,0.000
1790906162.233,store_0,0.000
1790906162.233,store_1,0.000
1790906162.233,store_2,0.000
1790906162.233,avail_mb,35708
1790906162.233,pswpin,907754
1790906163.246,api,0.049
1790906163.246,client,0.010
1790906163.246,enginecore,2.972
1790906163.246,other_total,0.049
1790906163.246,store_0,0.000
1790906163.246,store_1,0.000
1790906163.246,store_2,0.000
1790906163.246,avail_mb,35702
1790906163.246,pswpin,907754
1790906164.255,api,0.059
1790906164.255,client,0.020
1790906164.255,enginecore,3.250
1790906164.255,other_total,0.000
1790906164.255,store_0,0.000
1790906164.255,store_1,0.000
1790906164.255,store_2,0.000
1790906164.255,avail_mb,35702
1790906164.255,pswpin,907754
1790906165.264,api,0.069
1790906165.264,client,0.020
1790906165.264,enginecore,3.212
1790906165.264,other_total,0.000
1790906165.264,store_0,0.000
1790906165.264,store_1,0.000
1790906165.264,store_2,0.000
1790906165.264,avail_mb,35702
1790906165.264,pswpin,907754
1790906166.273,api,0.079
1790906166.273,client,0.020
1790906166.273,enginecore,3.240
1790906166.273,other_total,0.000
1790906166.273,store_0,0.000
1790906166.273,store_1,0.000
1790906166.273,store_2,0.000
1790906166.273,avail_mb,35701
1790906166.273,pswpin,907754
1790906167.282,api,0.059
1790906167.282,client,0.020
1790906167.282,enginecore,3.211
1790906167.282,other_total,0.020
1790906167.282,store_0,0.000
1790906167.282,store_1,0.000
1790906167.282,store_2,0.000
1790906167.282,avail_mb,35701
1790906167.282,pswpin,907754
1790906168.291,api,0.040
1790906168.291,client,0.010
1790906168.291,enginecore,3.202
1790906168.291,other_total,0.040
1790906168.291,store_0,0.000
1790906168.291,store_1,0.000
1790906168.291,store_2,0.000
1790906168.291,avail_mb,35702
1790906168.291,pswpin,907754
1790906169.300,api,0.059
1790906169.300,client,0.040
1790906169.300,enginecore,3.132
1790906169.300,other_total,0.000
1790906169.300,store_0,0.000
1790906169.300,store_1,0.000
1790906169.300,store_2,0.000
1790906169.300,avail_mb,35699
1790906169.300,pswpin,907754
1790906170.309,api,0.050
1790906170.309,client,0.000
1790906170.309,enginecore,3.230
1790906170.309,other_total,0.010
1790906170.309,store_0,0.000
1790906170.309,store_1,0.000
1790906170.309,store_2,0.000
1790906170.309,avail_mb,35699
1790906170.309,pswpin,907754
1790906171.319,api,0.030
1790906171.319,client,0.030
1790906171.319,enginecore,3.191
1790906171.319,other_total,0.020
1790906171.319,store_0,0.000
1790906171.319,store_1,0.000
1790906171.319,store_2,0.000
1790906171.319,avail_mb,35700
1790906171.319,pswpin,907754
1790906172.327,api,0.069
1790906172.327,client,0.010
1790906172.327,enginecore,3.212
1790906172.327,other_total,0.000
1790906172.327,store_0,0.000
1790906172.327,store_1,0.000
1790906172.327,store_2,0.000
1790906172.327,avail_mb,35698
1790906172.327,pswpin,907754
1790906173.337,api,0.040
1790906173.337,client,0.010
1790906173.337,enginecore,3.210
1790906173.337,other_total,0.040
1790906173.337,store_0,0.000
1790906173.337,store_1,0.000
1790906173.337,store_2,0.000
1790906173.337,avail_mb,35701
1790906173.337,pswpin,907754
1790906174.345,api,0.079
1790906174.345,client,0.020
1790906174.345,enginecore,3.044
1790906174.345,other_total,0.000
1790906174.345,store_0,0.000
1790906174.345,store_1,0.000
1790906174.345,store_2,0.000
1790906174.345,avail_mb,35700
1790906174.345,pswpin,907754
1790906175.354,api,0.069
1790906175.354,client,0.020
1790906175.354,enginecore,3.251
1790906175.354,other_total,0.040
1790906175.354,store_0,0.000
1790906175.354,store_1,0.000
1790906175.354,store_2,0.000
1790906175.354,avail_mb,35698
1790906175.354,pswpin,907754
1790906176.364,api,0.050
1790906176.364,client,0.030
1790906176.364,enginecore,3.250
1790906176.364,other_total,0.040
1790906176.364,store_0,0.000
1790906176.364,store_1,0.000
1790906176.364,store_2,0.000
1790906176.364,avail_mb,35699
1790906176.364,pswpin,907754
1790906177.373,api,0.059
1790906177.373,client,0.030
1790906177.373,enginecore,3.241
1790906177.373,other_total,0.000
1790906177.373,store_0,0.000
1790906177.373,store_1,0.000
1790906177.373,store_2,0.000
1790906177.373,avail_mb,35698
1790906177.373,pswpin,907754
1790906178.382,api,0.069
1790906178.382,client,0.030
1790906178.382,enginecore,3.241
1790906178.382,other_total,0.040
1790906178.382,store_0,0.000
1790906178.382,store_1,0.000
1790906178.382,store_2,0.000
1790906178.382,avail_mb,35702
1790906178.382,pswpin,907754
1790906179.390,api,0.099
1790906179.390,client,0.030
1790906179.390,enginecore,3.192
1790906179.390,other_total,0.000
1790906179.390,store_0,0.000
1790906179.390,store_1,0.000
1790906179.390,store_2,0.000
1790906179.390,avail_mb,35701
1790906179.390,pswpin,907754
1790906180.399,api,0.040
1790906180.399,client,0.010
1790906180.399,enginecore,3.122
1790906180.399,other_total,0.050
1790906180.399,store_0,0.000
1790906180.399,store_1,0.000
1790906180.399,store_2,0.000
1790906180.399,avail_mb,35701
1790906180.399,pswpin,907754
1790906181.409,api,0.059
1790906181.409,client,0.010
1790906181.409,enginecore,2.715
1790906181.409,other_total,0.050
1790906181.409,store_0,0.000
1790906181.409,store_1,0.000
1790906181.409,store_2,0.000
1790906181.409,avail_mb,35699
1790906181.409,pswpin,907754
1790906182.418,api,0.059
1790906182.418,client,0.030
1790906182.418,enginecore,3.240
1790906182.418,other_total,0.010
1790906182.418,store_0,0.000
1790906182.418,store_1,0.000
1790906182.418,store_2,0.000
1790906182.418,avail_mb,35700
1790906182.418,pswpin,907754
1790906183.427,api,0.079
1790906183.427,client,0.030
1790906183.427,enginecore,3.231
1790906183.427,other_total,0.010
1790906183.427,store_0,0.000
1790906183.427,store_1,0.000
1790906183.427,store_2,0.000
1790906183.427,avail_mb,35697
1790906183.427,pswpin,907754
1790906184.435,api,0.069
1790906184.435,client,0.020
1790906184.435,enginecore,3.242
1790906184.435,other_total,0.020
1790906184.435,store_0,0.000
1790906184.435,store_1,0.000
1790906184.435,store_2,0.000
1790906184.435,avail_mb,35697
1790906184.435,pswpin,907754
1790906185.444,api,0.059
1790906185.444,client,0.020
1790906185.444,enginecore,3.221
1790906185.444,other_total,0.030
1790906185.444,store_0,0.000
1790906185.444,store_1,0.000
1790906185.444,store_2,0.000
1790906185.444,avail_mb,35696
1790906185.444,pswpin,907754
1790906186.453,api,0.069
1790906186.453,client,0.010
1790906186.453,enginecore,3.212
1790906186.453,other_total,0.020
1790906186.453,store_0,0.000
1790906186.453,store_1,0.000
1790906186.453,store_2,0.000
1790906186.453,avail_mb,35696
1790906186.453,pswpin,907754
1790906187.463,api,0.040
1790906187.463,client,0.030
1790906187.463,enginecore,3.209
1790906187.463,other_total,0.050
1790906187.463,store_0,0.000
1790906187.463,store_1,0.000
1790906187.463,store_2,0.000
1790906187.463,avail_mb,35695
1790906187.463,pswpin,907754
1790906188.471,api,0.030
1790906188.471,client,0.010
1790906188.471,enginecore,3.191
1790906188.471,other_total,0.000
1790906188.471,store_0,0.000
1790906188.471,store_1,0.000
1790906188.471,store_2,0.000
1790906188.471,avail_mb,35693
1790906188.471,pswpin,907754
1790906189.480,api,0.059
1790906189.480,client,0.030
1790906189.480,enginecore,3.172
1790906189.480,other_total,0.030
1790906189.480,store_0,0.000
1790906189.480,store_1,0.000
1790906189.480,store_2,0.000
1790906189.480,avail_mb,35693
1790906189.480,pswpin,907754
1790906190.489,api,0.050
1790906190.489,client,0.010
1790906190.489,enginecore,2.954
1790906190.489,other_total,0.040
1790906190.489,store_0,0.000
1790906190.489,store_1,0.010
1790906190.489,store_2,0.000
1790906190.489,avail_mb,35693
1790906190.489,pswpin,907754
1790906191.498,api,0.050
1790906191.498,client,0.010
1790906191.498,enginecore,2.181
1790906191.498,other_total,0.030
1790906191.498,store_0,0.000
1790906191.498,store_1,0.000
1790906191.498,store_2,0.000
1790906191.498,avail_mb,35693
1790906191.498,pswpin,907754
1790906192.507,api,0.040
1790906192.507,client,0.030
1790906192.507,enginecore,3.083
1790906192.507,other_total,0.020
1790906192.507,store_0,0.000
1790906192.507,store_1,0.000
1790906192.507,store_2,0.000
1790906192.507,avail_mb,35694
1790906192.507,pswpin,907754
1790906193.516,api,0.069
1790906193.516,client,0.020
1790906193.516,enginecore,3.221
1790906193.516,other_total,0.020
1790906193.516,store_0,0.000
1790906193.516,store_1,0.000
1790906193.516,store_2,0.000
1790906193.516,avail_mb,35690
1790906193.516,pswpin,907754
1790906194.525,api,0.050
1790906194.525,client,0.010
1790906194.525,enginecore,3.210
1790906194.525,other_total,0.030
1790906194.525,store_0,0.000
1790906194.525,store_1,0.000
1790906194.525,store_2,0.000
1790906194.525,avail_mb,35690
1790906194.525,pswpin,907754
1790906195.534,api,0.040
1790906195.534,client,0.030
1790906195.534,enginecore,2.894
1790906195.534,other_total,0.000
1790906195.534,store_0,0.000
1790906195.534,store_1,0.000
1790906195.534,store_2,0.000
1790906195.534,avail_mb,35691
1790906195.534,pswpin,907754
1790906196.543,api,0.059
1790906196.543,client,0.010
1790906196.543,enginecore,3.142
1790906196.543,other_total,0.050
1790906196.543,store_0,0.000
1790906196.543,store_1,0.000
1790906196.543,store_2,0.000
1790906196.543,avail_mb,35690
1790906196.543,pswpin,907754
1790906197.552,api,0.079
1790906197.552,client,0.030
1790906197.552,enginecore,3.212
1790906197.552,other_total,0.000
1790906197.552,store_0,0.000
1790906197.552,store_1,0.000
1790906197.552,store_2,0.000
1790906197.552,avail_mb,35691
1790906197.552,pswpin,907754
1790906198.561,api,0.050
1790906198.561,client,0.020
1790906198.561,enginecore,3.241
1790906198.561,other_total,0.000
1790906198.561,store_0,0.000
1790906198.561,store_1,0.000
1790906198.561,store_2,0.000
1790906198.561,avail_mb,35691
1790906198.561,pswpin,907755
1790906199.569,api,0.079
1790906199.569,client,0.030
1790906199.569,enginecore,3.211
1790906199.569,other_total,0.010
1790906199.569,store_0,0.000
1790906199.569,store_1,0.000
1790906199.569,store_2,0.000
1790906199.569,avail_mb,35687
1790906199.569,pswpin,907755
1790906200.578,api,0.050
1790906200.578,client,0.030
1790906200.578,enginecore,3.241
1790906200.578,other_total,0.020
1790906200.578,store_0,0.000
1790906200.578,store_1,0.000
1790906200.578,store_2,0.000
1790906200.578,avail_mb,35687
1790906200.578,pswpin,907755
1790906201.588,api,0.069
1790906201.588,client,0.020
1790906201.588,enginecore,3.211
1790906201.588,other_total,0.000
1790906201.588,store_0,0.000
1790906201.588,store_1,0.000
1790906201.588,store_2,0.000
1790906201.588,avail_mb,35687
1790906201.588,pswpin,907755
1790906202.597,api,0.040
1790906202.597,client,0.020
1790906202.597,enginecore,3.240
1790906202.597,other_total,0.040
1790906202.597,store_0,0.000
1790906202.597,store_1,0.000
1790906202.597,store_2,0.000
1790906202.597,avail_mb,35686
1790906202.597,pswpin,907755
1790906203.606,api,0.059
1790906203.606,client,0.000
1790906203.606,enginecore,3.092
1790906203.606,other_total,0.000
1790906203.606,store_0,0.000
1790906203.606,store_1,0.000
1790906203.606,store_2,0.000
1790906203.606,avail_mb,35686
1790906203.606,pswpin,907755
1790906204.614,api,0.050
1790906204.614,client,0.020
1790906204.614,enginecore,1.150
1790906204.614,other_total,0.000
1790906204.614,store_0,0.000
1790906204.614,store_1,0.000
1790906204.614,store_2,0.000
1790906204.614,avail_mb,35686
1790906204.614,pswpin,907755
1790906205.623,api,0.030
1790906205.623,client,0.020
1790906205.623,enginecore,1.160
1790906205.623,other_total,0.030
1790906205.623,store_0,0.000
1790906205.623,store_1,0.000
1790906205.623,store_2,0.000
1790906205.623,avail_mb,35683
1790906205.623,pswpin,907755
1790906206.633,api,0.059
1790906206.633,client,0.020
1790906206.633,enginecore,2.338
1790906206.633,other_total,0.000
1790906206.633,store_0,0.000
1790906206.633,store_1,0.000
1790906206.633,store_2,0.000
1790906206.633,avail_mb,35682
1790906206.633,pswpin,907755
1790906207.641,api,0.050
1790906207.641,client,0.010
1790906207.641,enginecore,3.242
1790906207.641,other_total,0.040
1790906207.641,store_0,0.000
1790906207.641,store_1,0.000
1790906207.641,store_2,0.000
1790906207.641,avail_mb,35682
1790906207.641,pswpin,907755
1790906208.652,api,0.079
1790906208.652,client,0.030
1790906208.652,enginecore,3.197
1790906208.652,other_total,0.030
1790906208.652,store_0,0.000
1790906208.652,store_1,0.000
1790906208.652,store_2,0.000
1790906208.652,avail_mb,35682
1790906208.652,pswpin,907755
1790906209.662,api,0.069
1790906209.662,client,0.030
1790906209.662,enginecore,3.275
1790906209.662,other_total,0.040
1790906209.662,store_0,0.000
1790906209.662,store_1,0.000
1790906209.662,store_2,0.000
1790906209.662,avail_mb,35682
1790906209.662,pswpin,907755
1790906210.672,api,0.069
1790906210.672,client,0.020
1790906210.672,enginecore,3.240
1790906210.672,other_total,0.020
1790906210.672,store_0,0.000
1790906210.672,store_1,0.000
1790906210.672,store_2,0.000
1790906210.672,avail_mb,35681
1790906210.672,pswpin,907755
1790906211.681,api,0.079
1790906211.681,client,0.020
1790906211.681,enginecore,3.231
1790906211.681,other_total,0.050
1790906211.681,store_0,0.000
1790906211.681,store_1,0.000
1790906211.681,store_2,0.000
1790906211.681,avail_mb,35680
1790906211.681,pswpin,907755
1790906212.691,api,0.040
1790906212.691,client,0.020
1790906212.691,enginecore,3.227
1790906212.691,other_total,0.040
1790906212.691,store_0,0.000
1790906212.691,store_1,0.000
1790906212.691,store_2,0.000
1790906212.691,avail_mb,35682
1790906212.691,pswpin,907755
1790906213.700,api,0.059
1790906213.700,client,0.040
1790906213.700,enginecore,3.221
1790906213.700,other_total,0.000
1790906213.700,store_0,0.000
1790906213.700,store_1,0.000
1790906213.700,store_2,0.000
1790906213.700,avail_mb,35678
1790906213.700,pswpin,907755
1790906214.709,api,0.050
1790906214.709,client,0.020
1790906214.709,enginecore,3.221
1790906214.709,other_total,0.079
1790906214.709,store_0,0.000
1790906214.709,store_1,0.000
1790906214.709,store_2,0.000
1790906214.709,avail_mb,35677
1790906214.709,pswpin,907755
1790906215.718,api,0.050
1790906215.718,client,0.010
1790906215.718,enginecore,3.222
1790906215.718,other_total,0.050
1790906215.718,store_0,0.000
1790906215.718,store_1,0.000
1790906215.718,store_2,0.000
1790906215.718,avail_mb,35679
1790906215.718,pswpin,907755
1790906216.727,api,0.040
1790906216.727,client,0.020
1790906216.727,enginecore,3.221
1790906216.727,other_total,0.010
1790906216.727,store_0,0.000
1790906216.727,store_1,0.000
1790906216.727,store_2,0.000
1790906216.727,avail_mb,35678
1790906216.727,pswpin,907755
1790906217.735,api,0.059
1790906217.735,client,0.010
1790906217.735,enginecore,3.202
1790906217.735,other_total,0.069
1790906217.735,store_0,0.000
1790906217.735,store_1,0.000
1790906217.735,store_2,0.000
1790906217.735,avail_mb,35676
1790906217.735,pswpin,907755
1790906218.744,api,0.079
1790906218.744,client,0.020
1790906218.744,enginecore,3.221
1790906218.744,other_total,0.020
1790906218.744,store_0,0.000
1790906218.744,store_1,0.000
1790906218.744,store_2,0.000
1790906218.744,avail_mb,35676
1790906218.744,pswpin,907755
1790906219.753,api,0.069
1790906219.753,client,0.030
1790906219.753,enginecore,3.232
1790906219.753,other_total,0.000
1790906219.753,store_0,0.000
1790906219.753,store_1,0.000
1790906219.753,store_2,0.000
1790906219.753,avail_mb,35676
1790906219.753,pswpin,907755
1790906220.762,api,0.040
1790906220.762,client,0.020
1790906220.762,enginecore,2.241
1790906220.762,other_total,0.030
1790906220.762,store_0,0.000
1790906220.762,store_1,0.000
1790906220.762,store_2,0.000
1790906220.762,avail_mb,35678
1790906220.762,pswpin,907755
1790906221.772,api,0.049
1790906221.772,client,0.010
1790906221.772,enginecore,2.998
1790906221.772,other_total,0.030
1790906221.772,store_0,0.000
1790906221.772,store_1,0.000
1790906221.772,store_2,0.000
1790906221.772,avail_mb,35678
1790906221.772,pswpin,907755
1790906222.782,api,0.040
1790906222.782,client,0.010
1790906222.782,enginecore,3.190
1790906222.782,other_total,0.020
1790906222.782,store_0,0.000
1790906222.782,store_1,0.000
1790906222.782,store_2,0.000
1790906222.782,avail_mb,35678
1790906222.782,pswpin,907755
1790906223.790,api,0.069
1790906223.790,client,0.030
1790906223.790,enginecore,3.202
1790906223.790,other_total,0.000
1790906223.790,store_0,0.000
1790906223.790,store_1,0.000
1790906223.790,store_2,0.000
1790906223.790,avail_mb,35678
1790906223.790,pswpin,907755
1790906224.799,api,0.050
1790906224.799,client,0.020
1790906224.799,enginecore,3.221
1790906224.799,other_total,0.000
1790906224.799,store_0,0.000
1790906224.799,store_1,0.000
1790906224.799,store_2,0.000
1790906224.799,avail_mb,35678
1790906224.799,pswpin,907755
1790906225.808,api,0.059
1790906225.808,client,0.010
1790906225.808,enginecore,3.240
1790906225.808,other_total,0.010
1790906225.808,store_0,0.000
1790906225.808,store_1,0.000
1790906225.808,store_2,0.000
1790906225.808,avail_mb,35677
1790906225.808,pswpin,907755
1790906226.817,api,0.059
1790906226.817,client,0.030
1790906226.817,enginecore,3.201
1790906226.817,other_total,0.000
1790906226.817,store_0,0.000
1790906226.817,store_1,0.000
1790906226.817,store_2,0.000
1790906226.817,avail_mb,35677
1790906226.817,pswpin,907755
1790906227.829,api,0.040
1790906227.829,client,0.020
1790906227.829,enginecore,3.242
1790906227.829,other_total,0.020
1790906227.829,store_0,0.000
1790906227.829,store_1,0.000
1790906227.829,store_2,0.000
1790906227.829,avail_mb,35677
1790906227.829,pswpin,907755
1790906228.838,api,0.059
1790906228.838,client,0.040
1790906228.838,enginecore,3.241
1790906228.838,other_total,0.000
1790906228.838,store_0,0.000
1790906228.838,store_1,0.000
1790906228.838,store_2,0.000
1790906228.838,avail_mb,35678
1790906228.838,pswpin,907755
1790906229.847,api,0.059
1790906229.847,client,0.000
1790906229.847,enginecore,2.993
1790906229.847,other_total,0.059
1790906229.847,store_0,0.000
1790906229.847,store_1,0.000
1790906229.847,store_2,0.000
1790906229.847,avail_mb,35675
1790906229.847,pswpin,907755
1790906230.856,api,0.040
1790906230.856,client,0.020
1790906230.856,enginecore,2.468
1790906230.856,other_total,0.000
1790906230.856,store_0,0.000
1790906230.856,store_1,0.000
1790906230.856,store_2,0.000
1790906230.856,avail_mb,35674
1790906230.856,pswpin,907755
1790906231.866,api,0.059
1790906231.866,client,0.020
1790906231.866,enginecore,3.227
1790906231.866,other_total,0.010
1790906231.866,store_0,0.000
1790906231.866,store_1,0.000
1790906231.866,store_2,0.000
1790906231.866,avail_mb,35674
1790906231.866,pswpin,907755
1790906232.875,api,0.069
1790906232.875,client,0.030
1790906232.875,enginecore,3.054
1790906232.875,other_total,0.000
1790906232.875,store_0,0.000
1790906232.875,store_1,0.000
1790906232.875,store_2,0.000
1790906232.875,avail_mb,35674
1790906232.875,pswpin,907755
1790906233.884,api,0.050
1790906233.884,client,0.030
1790906233.884,enginecore,3.111
1790906233.884,other_total,0.000
1790906233.884,store_0,0.000
1790906233.884,store_1,0.000
1790906233.884,store_2,0.000
1790906233.884,avail_mb,35689
1790906233.884,pswpin,907755
1790906234.893,api,0.050
1790906234.893,client,0.010
1790906234.893,enginecore,2.170
1790906234.893,other_total,0.059
1790906234.893,store_0,0.000
1790906234.893,store_1,0.000
1790906234.893,store_2,0.000
1790906234.893,avail_mb,35690
1790906234.893,pswpin,907755
1790906235.902,api,0.040
1790906235.902,client,0.020
1790906235.902,enginecore,2.695
1790906235.902,other_total,0.000
1790906235.902,store_0,0.000
1790906235.902,store_1,0.000
1790906235.902,store_2,0.000
1790906235.902,avail_mb,35695
1790906235.902,pswpin,907755
1790906236.912,api,0.059
1790906236.912,client,0.010
1790906236.912,enginecore,3.260
1790906236.912,other_total,0.020
1790906236.912,store_0,0.000
1790906236.912,store_1,0.000
1790906236.912,store_2,0.000
1790906236.912,avail_mb,35694
1790906236.912,pswpin,907755
1790906237.921,api,0.069
1790906237.921,client,0.020
1790906237.921,enginecore,3.241
1790906237.921,other_total,0.000
1790906237.921,store_0,0.000
1790906237.921,store_1,0.000
1790906237.921,store_2,0.000
1790906237.921,avail_mb,35695
1790906237.921,pswpin,907755
1790906238.930,api,0.059
1790906238.930,client,0.030
1790906238.930,enginecore,3.211
1790906238.930,other_total,0.069
1790906238.930,store_0,0.000
1790906238.930,store_1,0.000
1790906238.930,store_2,0.000
1790906238.930,avail_mb,35691
1790906238.930,pswpin,907755
1790906239.939,api,0.069
1790906239.939,client,0.020
1790906239.939,enginecore,3.232
1790906239.939,other_total,0.010
1790906239.939,store_0,0.000
1790906239.939,store_1,0.000
1790906239.939,store_2,0.000
1790906239.939,avail_mb,35691
1790906239.939,pswpin,907755
1790906240.948,api,0.050
1790906240.948,client,0.020
1790906240.948,enginecore,3.220
1790906240.948,other_total,0.040
1790906240.948,store_0,0.000
1790906240.948,store_1,0.000
1790906240.948,store_2,0.000
1790906240.948,avail_mb,35692
1790906240.948,pswpin,907755
1790906241.957,api,0.059
1790906241.957,client,0.020
1790906241.957,enginecore,3.250
1790906241.957,other_total,0.030
1790906241.957,store_0,0.000
1790906241.957,store_1,0.000
1790906241.957,store_2,0.000
1790906241.957,avail_mb,35695
1790906241.957,pswpin,907755
1790906242.966,api,0.079
1790906242.966,client,0.010
1790906242.966,enginecore,3.191
1790906242.966,other_total,0.030
1790906242.966,store_0,0.000
1790906242.966,store_1,0.000
1790906242.966,store_2,0.000
1790906242.966,avail_mb,35695
1790906242.966,pswpin,907755
1790906243.975,api,0.040
1790906243.975,client,0.020
1790906243.975,enginecore,3.202
1790906243.975,other_total,0.040
1790906243.975,store_0,0.000
1790906243.975,store_1,0.000
1790906243.975,store_2,0.000
1790906243.975,avail_mb,35695
1790906243.975,pswpin,907755
1790906244.984,api,0.040
1790906244.984,client,0.020
1790906244.984,enginecore,3.162
1790906244.984,other_total,0.040
1790906244.984,store_0,0.000
1790906244.984,store_1,0.000
1790906244.984,store_2,0.000
1790906244.984,avail_mb,35701
1790906244.984,pswpin,907755
1790906245.993,api,0.069
1790906245.993,client,0.020
1790906245.993,enginecore,3.250
1790906245.993,other_total,0.010
1790906245.993,store_0,0.000
1790906245.993,store_1,0.000
1790906245.993,store_2,0.000
1790906245.993,avail_mb,35701
1790906245.993,pswpin,907755
1790906247.002,api,0.059
1790906247.002,client,0.030
1790906247.002,enginecore,3.240
1790906247.002,other_total,0.000
1790906247.002,store_0,0.000
1790906247.002,store_1,0.000
1790906247.002,store_2,0.000
1790906247.002,avail_mb,35704
1790906247.002,pswpin,907755
1790906248.011,api,0.109
1790906248.011,client,0.030
1790906248.011,enginecore,3.240
1790906248.011,other_total,0.030
1790906248.011,store_0,0.000
1790906248.011,store_1,0.000
1790906248.011,store_2,0.000
1790906248.011,avail_mb,35702
1790906248.011,pswpin,907755
1790906249.020,api,0.059
1790906249.020,client,0.010
1790906249.020,enginecore,3.191
1790906249.020,other_total,0.059
1790906249.020,store_0,0.000
1790906249.020,store_1,0.000
1790906249.020,store_2,0.000
1790906249.020,avail_mb,35702
1790906249.020,pswpin,907755
1790906250.031,api,0.079
1790906250.031,client,0.040
1790906250.031,enginecore,3.244
1790906250.031,other_total,0.000
1790906250.031,store_0,0.000
1790906250.031,store_1,0.000
1790906250.031,store_2,0.000
1790906250.031,avail_mb,35704
1790906250.031,pswpin,907755
1790906251.040,api,0.059
1790906251.040,client,0.020
1790906251.040,enginecore,3.231
1790906251.040,other_total,0.069
1790906251.040,store_0,0.000
1790906251.040,store_1,0.000
1790906251.040,store_2,0.000
1790906251.040,avail_mb,35703
1790906251.040,pswpin,907755
1790906252.049,api,0.069
1790906252.049,client,0.020
1790906252.049,enginecore,3.242
1790906252.049,other_total,0.010
1790906252.049,store_0,0.000
1790906252.049,store_1,0.000
1790906252.049,store_2,0.000
1790906252.049,avail_mb,35703
1790906252.049,pswpin,907755
1790906253.058,api,0.050
1790906253.058,client,0.000
1790906253.058,enginecore,2.814
1790906253.058,other_total,0.030
1790906253.058,store_0,0.000
1790906253.058,store_1,0.000
1790906253.058,store_2,0.000
1790906253.058,avail_mb,35699
1790906253.058,pswpin,907755
1790906254.067,api,0.050
1790906254.067,client,0.040
1790906254.067,enginecore,3.211
1790906254.067,other_total,0.079
1790906254.067,store_0,0.000
1790906254.067,store_1,0.000
1790906254.067,store_2,0.000
1790906254.067,avail_mb,35714
1790906254.067,pswpin,907755
1790906255.076,api,0.059
1790906255.076,client,0.020
1790906255.076,enginecore,3.240
1790906255.076,other_total,0.000
1790906255.076,store_0,0.000
1790906255.076,store_1,0.000
1790906255.076,store_2,0.000
1790906255.076,avail_mb,35714
1790906255.076,pswpin,907755
1790906256.085,api,0.050
1790906256.085,client,0.020
1790906256.085,enginecore,3.222
1790906256.085,other_total,0.010
1790906256.085,store_0,0.000
1790906256.085,store_1,0.000
1790906256.085,store_2,0.000
1790906256.085,avail_mb,35713
1790906256.085,pswpin,907755
1790906257.094,api,0.059
1790906257.094,client,0.030
1790906257.094,enginecore,3.220
1790906257.094,other_total,0.000
1790906257.094,store_0,0.000
1790906257.094,store_1,0.000
1790906257.094,store_2,0.000
1790906257.094,avail_mb,35712
1790906257.094,pswpin,907755
1790906258.103,api,0.050
1790906258.103,client,0.010
1790906258.103,enginecore,2.855
1790906258.103,other_total,0.069
1790906258.103,store_0,0.000
1790906258.103,store_1,0.000
1790906258.103,store_2,0.000
1790906258.103,avail_mb,35712
1790906258.103,pswpin,907755
1790906259.112,api,0.069
1790906259.112,client,0.020
1790906259.112,enginecore,3.220
1790906259.112,other_total,0.000
1790906259.112,store_0,0.000
1790906259.112,store_1,0.000
1790906259.112,store_2,0.000
1790906259.112,avail_mb,35713
1790906259.112,pswpin,907755
1790906260.121,api,0.050
1790906260.121,client,0.030
1790906260.121,enginecore,3.132
1790906260.121,other_total,0.000
1790906260.121,store_0,0.000
1790906260.121,store_1,0.000
1790906260.121,store_2,0.000
1790906260.121,avail_mb,35712
1790906260.121,pswpin,907755
1790906261.130,api,0.079
1790906261.130,client,0.010
1790906261.130,enginecore,2.865
1790906261.130,other_total,0.000
1790906261.130,store_0,0.000
1790906261.130,store_1,0.000
1790906261.130,store_2,0.000
1790906261.130,avail_mb,35712
1790906261.130,pswpin,907755
1790906262.139,api,0.040
1790906262.139,client,0.030
1790906262.139,enginecore,3.004
1790906262.139,other_total,0.020
1790906262.139,store_0,0.000
1790906262.139,store_1,0.000
1790906262.139,store_2,0.000
1790906262.139,avail_mb,35712
1790906262.139,pswpin,907755
1790906263.147,api,0.059
1790906263.147,client,0.010
1790906263.147,enginecore,3.212
1790906263.147,other_total,0.050
1790906263.147,store_0,0.000
1790906263.147,store_1,0.000
1790906263.147,store_2,0.000
1790906263.147,avail_mb,35713
1790906263.147,pswpin,907755
1790906264.156,api,0.069
1790906264.156,client,0.030
1790906264.156,enginecore,3.250
1790906264.156,other_total,0.000
1790906264.156,store_0,0.000
1790906264.156,store_1,0.000
1790906264.156,store_2,0.000
1790906264.156,avail_mb,35714
1790906264.156,pswpin,907755
1790906265.166,api,0.069
1790906265.166,client,0.030
1790906265.166,enginecore,3.220
1790906265.166,other_total,0.010
1790906265.166,store_0,0.000
1790906265.166,store_1,0.000
1790906265.166,store_2,0.000
1790906265.166,avail_mb,35714
1790906265.166,pswpin,907755
1790906266.175,api,0.069
1790906266.175,client,0.020
1790906266.175,enginecore,3.230
1790906266.175,other_total,0.040
1790906266.175,store_0,0.000
1790906266.175,store_1,0.000
1790906266.175,store_2,0.000
1790906266.175,avail_mb,35712
1790906266.175,pswpin,907755
1790906267.184,api,0.059
1790906267.184,client,0.030
1790906267.184,enginecore,3.230
1790906267.184,other_total,0.030
1790906267.184,store_0,0.000
1790906267.184,store_1,0.000
1790906267.184,store_2,0.000
1790906267.184,avail_mb,35713
1790906267.184,pswpin,907755
1790906268.193,api,0.050
1790906268.193,client,0.020
1790906268.193,enginecore,3.180
1790906268.193,other_total,0.069
1790906268.193,store_0,0.000
1790906268.193,store_1,0.000
1790906268.193,store_2,0.000
1790906268.193,avail_mb,35712
1790906268.193,pswpin,907755
1790906269.203,api,0.069
1790906269.203,client,0.020
1790906269.203,enginecore,2.883
1790906269.203,other_total,0.020
1790906269.203,store_0,0.000
1790906269.203,store_1,0.000
1790906269.203,store_2,0.000
1790906269.203,avail_mb,35712
1790906269.203,pswpin,907755
1790906270.212,api,0.069
1790906270.212,client,0.020
1790906270.212,enginecore,2.289
1790906270.212,other_total,0.000
1790906270.212,store_0,0.000
1790906270.212,store_1,0.000
1790906270.212,store_2,0.000
1790906270.212,avail_mb,35712
1790906270.212,pswpin,907755
1790906271.221,api,0.059
1790906271.221,client,0.030
1790906271.221,enginecore,3.261
1790906271.221,other_total,0.040
1790906271.221,store_0,0.000
1790906271.221,store_1,0.000
1790906271.221,store_2,0.000
1790906271.221,avail_mb,35713
1790906271.221,pswpin,907755
1790906272.230,api,0.059
1790906272.230,client,0.050
1790906272.230,enginecore,3.242
1790906272.230,other_total,0.020
1790906272.230,store_0,0.000
1790906272.230,store_1,0.000
1790906272.230,store_2,0.000
1790906272.230,avail_mb,35714
1790906272.230,pswpin,907755
1790906273.239,api,0.069
1790906273.239,client,0.020
1790906273.239,enginecore,3.221
1790906273.239,other_total,0.050
1790906273.239,store_0,0.000
1790906273.239,store_1,0.000
1790906273.239,store_2,0.000
1790906273.239,avail_mb,35713
1790906273.239,pswpin,907755
1790906274.248,api,0.079
1790906274.248,client,0.020
1790906274.248,enginecore,2.260
1790906274.248,other_total,0.020
1790906274.248,store_0,0.000
1790906274.248,store_1,0.000
1790906274.248,store_2,0.000
1790906274.248,avail_mb,35754
1790906274.248,pswpin,907755
1790906275.256,api,0.050
1790906275.256,client,0.020
1790906275.256,enginecore,2.191
1790906275.256,other_total,0.059
1790906275.256,store_0,0.000
1790906275.256,store_1,0.000
1790906275.256,store_2,0.000
1790906275.256,avail_mb,35754
1790906275.256,pswpin,907755
1790906276.265,api,0.059
1790906276.265,client,0.030
1790906276.265,enginecore,2.180
1790906276.265,other_total,0.000
1790906276.265,store_0,0.000
1790906276.265,store_1,0.000
1790906276.265,store_2,0.000
1790906276.265,avail_mb,35755
1790906276.265,pswpin,907755
1790906277.274,api,0.030
1790906277.274,client,0.010
1790906277.274,enginecore,1.576
1790906277.274,other_total,0.050
1790906277.274,store_0,0.000
1790906277.274,store_1,0.000
1790906277.274,store_2,0.000
1790906277.274,avail_mb,35756
1790906277.274,pswpin,907755
1790906278.283,api,0.040
1790906278.283,client,0.010
1790906278.283,enginecore,1.269
1790906278.283,other_total,0.059
1790906278.283,store_0,0.000
1790906278.283,store_1,0.000
1790906278.283,store_2,0.000
1790906278.283,avail_mb,35757
1790906278.283,pswpin,907755
1790906279.292,api,0.050
1790906279.292,client,0.010
1790906279.292,enginecore,1.457
1790906279.292,other_total,0.030
1790906279.292,store_0,0.000
1790906279.292,store_1,0.000
1790906279.292,store_2,0.000
1790906279.292,avail_mb,35806
1790906279.292,pswpin,907755
1790906280.301,api,0.040
1790906280.301,client,0.020
1790906280.301,enginecore,1.159
1790906280.301,other_total,0.050
1790906280.301,store_0,0.000
1790906280.301,store_1,0.000
1790906280.301,store_2,0.000
1790906280.301,avail_mb,35806
1790906280.301,pswpin,907755
1790906281.310,api,0.040
1790906281.310,client,0.010
1790906281.310,enginecore,1.149
1790906281.310,other_total,0.030
1790906281.310,store_0,0.000
1790906281.310,store_1,0.000
1790906281.310,store_2,0.000
1790906281.310,avail_mb,35806
1790906281.310,pswpin,907755
1790906282.318,api,0.030
1790906282.318,client,0.010
1790906282.318,enginecore,0.724
1790906282.318,other_total,0.000
1790906282.318,store_0,0.000
1790906282.318,store_1,0.000
1790906282.318,store_2,0.000
1790906282.318,avail_mb,35805
1790906282.318,pswpin,907755
1790906283.332,api,0.000
1790906283.332,client,0.000
1790906283.332,enginecore,0.030
1790906283.332,other_total,0.030
1790906283.332,store_0,0.000
1790906283.332,store_1,0.000
1790906283.332,store_2,0.000
1790906283.332,avail_mb,35804
1790906283.332,pswpin,907755
1790906284.341,api,0.040
1790906284.341,client,0.010
1790906284.341,enginecore,1.150
1790906284.341,other_total,0.030
1790906284.341,store_0,0.000
1790906284.341,store_1,0.000
1790906284.341,store_2,0.000
1790906284.341,avail_mb,35801
1790906284.341,pswpin,907755
1790906285.352,api,0.000
1790906285.352,enginecore,0.119
1790906285.352,other_total,0.049
1790906285.352,store_0,0.000
1790906285.352,store_1,0.000
1790906285.352,store_2,0.000
1790906285.352,avail_mb,35844
1790906285.352,pswpin,907755
1790906286.362,api,0.000
1790906286.362,enginecore,0.030
1790906286.362,other_total,0.000
1790906286.362,store_0,0.000
1790906286.362,store_1,0.000
1790906286.362,store_2,0.000
1790906286.362,avail_mb,35844
1790906286.362,pswpin,907755
1790906287.372,api,0.000
1790906287.372,enginecore,0.000
1790906287.372,other_total,0.079
1790906287.372,store_0,0.000
1790906287.372,store_1,0.000
1790906287.372,store_2,0.000
1790906287.372,avail_mb,35844
1790906287.372,pswpin,907755
1790906288.383,api,0.000
1790906288.383,enginecore,0.040
1790906288.383,other_total,0.000
1790906288.383,store_0,0.000
1790906288.383,store_1,0.000
1790906288.383,store_2,0.000
1790906288.383,avail_mb,35844
1790906288.383,pswpin,907755
1790906289.394,api,0.030
1790906289.394,enginecore,0.030
1790906289.394,other_total,1.207
1790906289.394,store_0,0.000
1790906289.394,store_1,0.000
1790906289.394,store_2,0.000
1790906289.394,avail_mb,35659
1790906289.394,pswpin,907755
1790906290.404,api,0.000
1790906290.404,client,0.000
1790906290.404,enginecore,0.040
1790906290.404,other_total,0.020
1790906290.404,store_0,0.000
1790906290.404,store_1,0.000
1790906290.404,store_2,0.000
1790906290.404,avail_mb,35656
1790906290.404,pswpin,907755
1790906291.415,api,0.000
1790906291.415,client,0.000
1790906291.415,enginecore,0.020
1790906291.415,other_total,0.188
1790906291.415,store_0,0.000
1790906291.415,store_1,0.000
1790906291.415,store_2,0.000
1790906291.415,avail_mb,35663
1790906291.415,pswpin,907755
1790906292.427,api,0.010
1790906292.427,client,0.000
1790906292.427,enginecore,0.089
1790906292.427,other_total,0.138
1790906292.427,store_0,0.000
1790906292.427,store_1,0.000
1790906292.427,store_2,0.000
1790906292.427,avail_mb,35644
1790906292.427,pswpin,907755
1790906293.438,api,0.020
1790906293.438,client,0.000
1790906293.438,enginecore,0.208
1790906293.438,other_total,0.069
1790906293.438,store_0,0.000
1790906293.438,store_1,0.000
1790906293.438,store_2,0.000
1790906293.438,avail_mb,35614
1790906293.438,pswpin,907755
1790906294.449,api,0.010
1790906294.449,client,0.010
1790906294.449,enginecore,0.158
1790906294.449,other_total,0.030
1790906294.449,store_0,0.000
1790906294.449,store_1,0.000
1790906294.449,store_2,0.000
1790906294.449,avail_mb,35614
1790906294.449,pswpin,907755
1790906295.460,api,0.000
1790906295.460,client,0.000
1790906295.460,enginecore,0.416
1790906295.460,other_total,0.020
1790906295.460,store_0,0.000
1790906295.460,store_1,0.000
1790906295.460,store_2,0.030
1790906295.460,avail_mb,35623
1790906295.460,pswpin,907755
1790906296.471,api,0.030
1790906296.471,client,0.000
1790906296.471,enginecore,0.435
1790906296.471,other_total,0.040
1790906296.471,store_0,0.000
1790906296.471,store_1,0.000
1790906296.471,store_2,0.030
1790906296.471,avail_mb,35640
1790906296.471,pswpin,907755
1790906297.479,api,0.010
1790906297.479,client,0.010
1790906297.479,enginecore,0.734
1790906297.479,other_total,0.000
1790906297.479,store_0,0.000
1790906297.479,store_1,0.000
1790906297.479,store_2,0.059
1790906297.479,avail_mb,35660
1790906297.479,pswpin,907755
1790906298.488,api,0.020
1790906298.488,client,0.010
1790906298.488,enginecore,1.051
1790906298.488,other_total,0.020
1790906298.488,store_0,0.000
1790906298.488,store_1,0.059
1790906298.488,store_2,0.020
1790906298.488,avail_mb,35701
1790906298.488,pswpin,907755
1790906299.499,api,0.000
1790906299.499,client,0.000
1790906299.499,enginecore,0.425
1790906299.499,other_total,0.069
1790906299.499,store_0,0.000
1790906299.499,store_1,0.020
1790906299.499,store_2,0.000
1790906299.499,avail_mb,35698
1790906299.499,pswpin,907755
1790906300.510,api,0.020
1790906300.510,client,0.000
1790906300.510,enginecore,0.702
1790906300.510,other_total,0.030
1790906300.510,store_0,0.020
1790906300.510,store_1,0.030
1790906300.510,store_2,0.000
1790906300.510,avail_mb,35701
1790906300.510,pswpin,907755
1790906301.521,api,0.000
1790906301.521,client,0.000
1790906301.521,enginecore,0.366
1790906301.521,other_total,0.069
1790906301.521,store_0,0.000
1790906301.521,store_1,0.030
1790906301.521,store_2,0.000
1790906301.521,avail_mb,35703
1790906301.521,pswpin,907755
1790906302.531,api,0.020
1790906302.531,client,0.000
1790906302.531,enginecore,1.040
1790906302.531,other_total,0.040
1790906302.531,store_0,0.030
1790906302.531,store_1,0.020
1790906302.531,store_2,0.030
1790906302.531,avail_mb,35705
1790906302.531,pswpin,907755
1790906303.541,api,0.010
1790906303.541,client,0.000
1790906303.541,enginecore,0.435
1790906303.541,other_total,0.040
1790906303.541,store_0,0.030
1790906303.541,store_1,0.000
1790906303.541,store_2,0.000
1790906303.541,avail_mb,35705
1790906303.541,pswpin,907755
1790906304.553,api,0.010
1790906304.553,client,0.000
1790906304.553,enginecore,0.711
1790906304.553,other_total,0.030
1790906304.553,store_0,0.000
1790906304.553,store_1,0.030
1790906304.553,store_2,0.040
1790906304.553,avail_mb,35705
1790906304.553,pswpin,907755
1790906305.565,api,0.020
1790906305.565,client,0.010
1790906305.565,enginecore,0.702
1790906305.565,other_total,0.059
1790906305.565,store_0,0.020
1790906305.565,store_1,0.030
1790906305.565,store_2,0.000
1790906305.565,avail_mb,35708
1790906305.565,pswpin,907755
1790906306.577,api,0.010
1790906306.577,client,0.000
1790906306.577,enginecore,0.712
1790906306.577,other_total,0.049
1790906306.577,store_0,0.000
1790906306.577,store_1,0.030
1790906306.577,store_2,0.020
1790906306.577,avail_mb,35712
1790906306.577,pswpin,907755
1790906307.587,api,0.010
1790906307.587,client,0.000
1790906307.587,enginecore,0.376
1790906307.587,other_total,0.030
1790906307.587,store_0,0.000
1790906307.587,store_1,0.000
1790906307.587,store_2,0.030
1790906307.587,avail_mb,35713
1790906307.587,pswpin,907755
1790906308.596,api,0.000
1790906308.596,client,0.000
1790906308.596,enginecore,0.704
1790906308.596,other_total,0.069
1790906308.596,store_0,0.000
1790906308.596,store_1,0.059
1790906308.596,store_2,0.000
1790906308.596,avail_mb,35750
1790906308.596,pswpin,907755
1790906309.607,api,0.020
1790906309.607,client,0.000
1790906309.607,enginecore,0.366
1790906309.607,other_total,0.040
1790906309.607,store_0,0.030
1790906309.607,store_1,0.000
1790906309.607,store_2,0.000
1790906309.607,avail_mb,35751
1790906309.607,pswpin,907755
1790906310.617,api,0.000
1790906310.617,client,0.000
1790906310.617,enginecore,0.040
1790906310.617,other_total,0.010
1790906310.617,store_0,0.000
1790906310.617,store_1,0.000
1790906310.617,store_2,0.000
1790906310.617,avail_mb,35751
1790906310.617,pswpin,907755
1790906311.626,api,0.010
1790906311.626,client,0.020
1790906311.626,enginecore,0.744
1790906311.626,other_total,0.030
1790906311.626,store_0,0.030
1790906311.626,store_1,0.000
1790906311.626,store_2,0.020
1790906311.626,avail_mb,35752
1790906311.626,pswpin,907755
1790906312.637,api,0.000
1790906312.637,client,0.000
1790906312.637,enginecore,0.040
1790906312.637,other_total,0.000
1790906312.637,store_0,0.000
1790906312.637,store_1,0.000
1790906312.637,store_2,0.000
1790906312.637,avail_mb,35751
1790906312.637,pswpin,907755
1790906313.648,api,0.010
1790906313.648,client,0.000
1790906313.648,enginecore,0.376
1790906313.648,other_total,0.079
1790906313.648,store_0,0.020
1790906313.648,store_1,0.000
1790906313.648,store_2,0.000
1790906313.648,avail_mb,35757
1790906313.648,pswpin,907755
1790906314.659,api,0.000
1790906314.659,client,0.000
1790906314.659,enginecore,0.376
1790906314.659,other_total,0.089
1790906314.659,store_0,0.000
1790906314.659,store_1,0.000
1790906314.659,store_2,0.030
1790906314.659,avail_mb,35802
1790906314.659,pswpin,907755
1790906315.670,api,0.000
1790906315.670,client,0.000
1790906315.670,enginecore,0.030
1790906315.670,other_total,0.049
1790906315.670,store_0,0.000
1790906315.670,store_1,0.000
1790906315.670,store_2,0.000
1790906315.670,avail_mb,35802
1790906315.670,pswpin,907755
1790906316.680,api,0.010
1790906316.680,client,0.000
1790906316.680,enginecore,0.030
1790906316.680,other_total,0.040
1790906316.680,store_0,0.000
1790906316.680,store_1,0.000
1790906316.680,store_2,0.000
1790906316.680,avail_mb,35802
1790906316.680,pswpin,907755
1790906317.692,api,0.020
1790906317.692,client,0.000
1790906317.692,enginecore,0.030
1790906317.692,other_total,0.049
1790906317.692,store_0,0.000
1790906317.692,store_1,0.000
1790906317.692,store_2,0.000
1790906317.692,avail_mb,35797
1790906317.692,pswpin,907755
1790906318.702,api,0.010
1790906318.702,client,0.000
1790906318.702,enginecore,0.376
1790906318.702,other_total,0.030
1790906318.702,store_0,0.030
1790906318.702,store_1,0.000
1790906318.702,store_2,0.000
1790906318.702,avail_mb,35798
1790906318.702,pswpin,907755
1790906319.713,api,0.000
1790906319.713,client,0.000
1790906319.713,enginecore,0.040
1790906319.713,other_total,0.059
1790906319.713,store_0,0.000
1790906319.713,store_1,0.000
1790906319.713,store_2,0.000
1790906319.713,avail_mb,35796
1790906319.713,pswpin,907755
1790906320.724,api,0.020
1790906320.724,client,0.000
1790906320.724,enginecore,0.366
1790906320.724,other_total,0.049
1790906320.724,store_0,0.030
1790906320.724,store_1,0.000
1790906320.724,store_2,0.000
1790906320.724,avail_mb,35796
1790906320.724,pswpin,907755
1790906321.736,api,0.010
1790906321.736,client,0.000
1790906321.736,enginecore,0.148
1790906321.736,other_total,0.010
1790906321.736,store_0,0.030
1790906321.736,store_1,0.000
1790906321.736,store_2,0.000
1790906321.736,avail_mb,35797
1790906321.736,pswpin,907755
1790906322.747,api,0.000
1790906322.747,client,0.000
1790906322.747,enginecore,0.287
1790906322.747,other_total,0.030
1790906322.747,store_0,0.000
1790906322.747,store_1,0.000
1790906322.747,store_2,0.000
1790906322.747,avail_mb,35796
1790906322.747,pswpin,907755
1790906323.758,api,0.020
1790906323.758,client,0.000
1790906323.758,enginecore,0.020
1790906323.758,other_total,0.059
1790906323.758,store_0,0.000
1790906323.758,store_1,0.000
1790906323.758,store_2,0.000
1790906323.758,avail_mb,35789
1790906323.758,pswpin,907755
1790906324.769,api,0.000
1790906324.769,client,0.000
1790906324.769,enginecore,0.040
1790906324.769,other_total,0.069
1790906324.769,store_0,0.000
1790906324.769,store_1,0.000
1790906324.769,store_2,0.000
1790906324.769,avail_mb,35800
1790906324.769,pswpin,907755
1790906325.780,api,0.000
1790906325.780,client,0.000
1790906325.780,enginecore,0.030
1790906325.780,other_total,0.020
1790906325.780,store_0,0.000
1790906325.780,store_1,0.000
1790906325.780,store_2,0.000
1790906325.780,avail_mb,35800
1790906325.780,pswpin,907755
1790906326.791,api,0.000
1790906326.791,enginecore,0.386
1790906326.791,other_total,0.109
1790906326.791,store_0,0.020
1790906326.791,store_1,0.000
1790906326.791,store_2,0.000
1790906326.791,avail_mb,35848
1790906326.791,pswpin,907755
1790906327.802,api,0.010
1790906327.802,enginecore,0.040
1790906327.802,other_total,0.010
1790906327.802,store_0,0.000
1790906327.802,store_1,0.000
1790906327.802,store_2,0.000
1790906327.802,avail_mb,35848
1790906327.802,pswpin,907755
1790906328.812,api,0.020
1790906328.812,enginecore,0.020
1790906328.812,other_total,0.277
1790906328.812,store_0,0.000
1790906328.812,store_1,0.000
1790906328.812,store_2,0.000
1790906328.812,avail_mb,35799
1790906328.812,pswpin,907755
1790906329.823,api,0.000
1790906329.823,client,0.791
1790906329.823,enginecore,0.040
1790906329.823,other_total,0.030
1790906329.823,store_0,0.000
1790906329.823,store_1,0.000
1790906329.823,store_2,0.000
1790906329.823,avail_mb,35698
1790906329.823,pswpin,907755
1790906330.834,api,0.010
1790906330.834,client,0.000
1790906330.834,enginecore,0.020
1790906330.834,other_total,0.030
1790906330.834,store_0,0.000
1790906330.834,store_1,0.000
1790906330.834,store_2,0.000
1790906330.834,avail_mb,35697
1790906330.834,pswpin,907755
1790906331.845,api,0.000
1790906331.845,client,0.000
1790906331.845,enginecore,0.030
1790906331.845,other_total,0.049
1790906331.845,store_0,0.000
1790906331.845,store_1,0.000
1790906331.845,store_2,0.000
1790906331.845,avail_mb,35697
1790906331.845,pswpin,907755
1790906332.855,api,0.049
1790906332.855,client,0.030
1790906332.855,enginecore,3.800
1790906332.855,other_total,0.040
1790906332.855,store_0,0.099
1790906332.855,store_1,0.049
1790906332.855,store_2,0.059
1790906332.855,avail_mb,35739
1790906332.855,pswpin,907755
1790906333.864,api,0.040
1790906333.864,client,0.010
1790906333.864,enginecore,3.429
1790906333.864,other_total,0.069
1790906333.864,store_0,0.000
1790906333.864,store_1,0.000
1790906333.864,store_2,0.030
1790906333.864,avail_mb,35737
1790906333.864,pswpin,907755
1790906334.873,api,0.059
1790906334.873,client,0.020
1790906334.873,enginecore,3.718
1790906334.873,other_total,0.020
1790906334.873,store_0,0.040
1790906334.873,store_1,0.000
1790906334.873,store_2,0.020
1790906334.873,avail_mb,35736
1790906334.873,pswpin,907755
1790906335.882,api,0.069
1790906335.882,client,0.020
1790906335.882,enginecore,3.607
1790906335.882,other_total,0.010
1790906335.882,store_0,0.020
1790906335.882,store_1,0.000
1790906335.882,store_2,0.020
1790906335.882,avail_mb,35733
1790906335.882,pswpin,907755
1790906336.891,api,0.069
1790906336.891,client,0.010
1790906336.891,enginecore,3.291
1790906336.891,other_total,0.010
1790906336.891,store_0,0.059
1790906336.891,store_1,0.020
1790906336.891,store_2,0.000
1790906336.891,avail_mb,35732
1790906336.891,pswpin,907755
1790906337.900,api,0.069
1790906337.900,client,0.020
1790906337.900,enginecore,3.348
1790906337.900,other_total,0.050
1790906337.900,store_0,0.010
1790906337.900,store_1,0.000
1790906337.900,store_2,0.000
1790906337.900,avail_mb,35731
1790906337.900,pswpin,907755
1790906338.909,api,0.069
1790906338.909,client,0.030
1790906338.909,enginecore,3.865
1790906338.909,other_total,0.010
1790906338.909,store_0,0.020
1790906338.909,store_1,0.000
1790906338.909,store_2,0.020
1790906338.909,avail_mb,35730
1790906338.909,pswpin,907755
1790906339.918,api,0.059
1790906339.918,client,0.020
1790906339.918,enginecore,4.005
1790906339.918,other_total,0.030
1790906339.918,store_0,0.030
1790906339.918,store_1,0.030
1790906339.918,store_2,0.030
1790906339.918,avail_mb,35731
1790906339.918,pswpin,907755
1790906340.927,api,0.050
1790906340.927,client,0.020
1790906340.927,enginecore,3.616
1790906340.927,other_total,0.050
1790906340.927,store_0,0.030
1790906340.927,store_1,0.000
1790906340.927,store_2,0.000
1790906340.927,avail_mb,35727
1790906340.927,pswpin,907755
1790906341.936,api,0.079
1790906341.936,client,0.050
1790906341.936,enginecore,4.212
1790906341.936,other_total,0.000
1790906341.936,store_0,0.020
1790906341.936,store_1,0.050
1790906341.936,store_2,0.020
1790906341.936,avail_mb,35726
1790906341.936,pswpin,907755
1790906342.945,api,0.059
1790906342.945,client,0.020
1790906342.945,enginecore,3.688
1790906342.945,other_total,0.030
1790906342.945,store_0,0.020
1790906342.945,store_1,0.020
1790906342.945,store_2,0.000
1790906342.945,avail_mb,35729
1790906342.945,pswpin,907755
1790906343.954,api,0.069
1790906343.954,client,0.030
1790906343.954,enginecore,4.162
1790906343.954,other_total,0.010
1790906343.954,store_0,0.030
1790906343.954,store_1,0.020
1790906343.954,store_2,0.000
1790906343.954,avail_mb,35723
1790906343.954,pswpin,907755
1790906344.963,api,0.059
1790906344.963,client,0.010
1790906344.963,enginecore,3.647
1790906344.963,other_total,0.000
1790906344.963,store_0,0.040
1790906344.963,store_1,0.000
1790906344.963,store_2,0.000
1790906344.963,avail_mb,35726
1790906344.963,pswpin,907755
1790906345.972,api,0.050
1790906345.972,client,0.020
1790906345.972,enginecore,3.083
1790906345.972,other_total,0.050
1790906345.972,store_0,0.020
1790906345.972,store_1,0.000
1790906345.972,store_2,0.000
1790906345.972,avail_mb,35725
1790906345.972,pswpin,907755
1790906346.981,api,0.050
1790906346.981,client,0.030
1790906346.981,enginecore,3.478
1790906346.981,other_total,0.079
1790906346.981,store_0,0.000
1790906346.981,store_1,0.020
1790906346.981,store_2,0.000
1790906346.981,avail_mb,35723
1790906346.981,pswpin,907755
1790906347.990,api,0.089
1790906347.990,client,0.030
1790906347.990,enginecore,3.737
1790906347.990,other_total,0.010
1790906347.990,store_0,0.050
1790906347.990,store_1,0.000
1790906347.990,store_2,0.000
1790906347.990,avail_mb,35728
1790906347.990,pswpin,907755
1790906348.999,api,0.059
1790906348.999,client,0.010
1790906348.999,enginecore,3.984
1790906348.999,other_total,0.020
1790906348.999,store_0,0.000
1790906348.999,store_1,0.020
1790906348.999,store_2,0.040
1790906348.999,avail_mb,35728
1790906348.999,pswpin,907755
1790906350.008,api,0.069
1790906350.008,client,0.020
1790906350.008,enginecore,3.379
1790906350.008,other_total,0.030
1790906350.008,store_0,0.000
1790906350.008,store_1,0.000
1790906350.008,store_2,0.030
1790906350.008,avail_mb,35726
1790906350.008,pswpin,907755
1790906351.020,api,0.069
1790906351.020,client,0.020
1790906351.020,enginecore,4.161
1790906351.020,other_total,0.000
1790906351.020,store_0,0.040
1790906351.020,store_1,0.089
1790906351.020,store_2,0.020
1790906351.020,avail_mb,35733
1790906351.020,pswpin,907755
1790906352.029,api,0.079
1790906352.029,client,0.030
1790906352.029,enginecore,4.152
1790906352.029,other_total,0.020
1790906352.029,store_0,0.030
1790906352.029,store_1,0.000
1790906352.029,store_2,0.010
1790906352.029,avail_mb,35731
1790906352.029,pswpin,907755
1790906353.041,api,0.079
1790906353.041,client,0.020
1790906353.041,enginecore,3.941
1790906353.041,other_total,0.059
1790906353.041,store_0,0.030
1790906353.041,store_1,0.049
1790906353.041,store_2,0.040
1790906353.041,avail_mb,35731
1790906353.041,pswpin,907755
1790906354.051,api,0.079
1790906354.051,client,0.030
1790906354.051,enginecore,4.228
1790906354.051,other_total,0.000
1790906354.051,store_0,0.030
1790906354.051,store_1,0.000
1790906354.051,store_2,0.000
1790906354.051,avail_mb,35726
1790906354.051,pswpin,907755
1790906355.060,api,0.059
1790906355.060,client,0.020
1790906355.060,enginecore,4.132
1790906355.060,other_total,0.010
1790906355.060,store_0,0.000
1790906355.060,store_1,0.040
1790906355.060,store_2,0.030
1790906355.060,avail_mb,35728
1790906355.060,pswpin,907755
1790906356.069,api,0.050
1790906356.069,client,0.020
1790906356.069,enginecore,2.854
1790906356.069,other_total,0.020
1790906356.069,store_0,0.000
1790906356.069,store_1,0.000
1790906356.069,store_2,0.000
1790906356.069,avail_mb,35722
1790906356.069,pswpin,907755
1790906357.078,api,0.069
1790906357.078,client,0.030
1790906357.078,enginecore,4.004
1790906357.078,other_total,0.000
1790906357.078,store_0,0.010
1790906357.078,store_1,0.050
1790906357.078,store_2,0.030
1790906357.078,avail_mb,35722
1790906357.078,pswpin,907755
1790906358.087,api,0.050
1790906358.087,client,0.020
1790906358.087,enginecore,3.311
1790906358.087,other_total,0.000
1790906358.087,store_0,0.010
1790906358.087,store_1,0.000
1790906358.087,store_2,0.000
1790906358.087,avail_mb,35721
1790906358.087,pswpin,907755
1790906359.096,api,0.059
1790906359.096,client,0.020
1790906359.096,enginecore,3.122
1790906359.096,other_total,0.040
1790906359.096,store_0,0.040
1790906359.096,store_1,0.000
1790906359.096,store_2,0.000
1790906359.096,avail_mb,35721
1790906359.096,pswpin,907755
1790906360.105,api,0.050
1790906360.105,client,0.020
1790906360.105,enginecore,3.836
1790906360.105,other_total,0.020
1790906360.105,store_0,0.020
1790906360.105,store_1,0.020
1790906360.105,store_2,0.000
1790906360.105,avail_mb,35722
1790906360.105,pswpin,907755
1790906361.113,api,0.059
1790906361.113,client,0.030
1790906361.113,enginecore,4.223
1790906361.113,other_total,0.010
1790906361.113,store_0,0.010
1790906361.113,store_1,0.030
1790906361.113,store_2,0.050
1790906361.113,avail_mb,35720
1790906361.113,pswpin,907755
1790906362.122,api,0.050
1790906362.122,client,0.010
1790906362.122,enginecore,3.855
1790906362.122,other_total,0.059
1790906362.122,store_0,0.030
1790906362.122,store_1,0.000
1790906362.122,store_2,0.000
1790906362.122,avail_mb,35718
1790906362.122,pswpin,907755
1790906363.131,api,0.059
1790906363.131,client,0.020
1790906363.131,enginecore,3.945
1790906363.131,other_total,0.010
1790906363.131,store_0,0.000
1790906363.131,store_1,0.030
1790906363.131,store_2,0.030
1790906363.131,avail_mb,35714
1790906363.131,pswpin,907755
1790906364.141,api,0.069
1790906364.141,client,0.040
1790906364.141,enginecore,3.448
1790906364.141,other_total,0.000
1790906364.141,store_0,0.000
1790906364.141,store_1,0.050
1790906364.141,store_2,0.000
1790906364.141,avail_mb,35709
1790906364.141,pswpin,907755
1790906365.150,api,0.069
1790906365.150,client,0.020
1790906365.150,enginecore,4.389
1790906365.150,other_total,0.040
1790906365.150,store_0,0.020
1790906365.150,store_1,0.040
1790906365.150,store_2,0.020
1790906365.150,avail_mb,35703
1790906365.150,pswpin,907755
1790906366.159,api,0.050
1790906366.159,client,0.010
1790906366.159,enginecore,3.647
1790906366.159,other_total,0.030
1790906366.159,store_0,0.020
1790906366.159,store_1,0.000
1790906366.159,store_2,0.000
1790906366.159,avail_mb,35702
1790906366.159,pswpin,907755
1790906367.168,api,0.059
1790906367.168,client,0.030
1790906367.168,enginecore,4.242
1790906367.168,other_total,0.000
1790906367.168,store_0,0.020
1790906367.168,store_1,0.030
1790906367.168,store_2,0.030
1790906367.168,avail_mb,35713
1790906367.168,pswpin,907755
1790906368.177,api,0.059
1790906368.177,client,0.030
1790906368.177,enginecore,3.934
1790906368.177,other_total,0.000
1790906368.177,store_0,0.040
1790906368.177,store_1,0.020
1790906368.177,store_2,0.000
1790906368.177,avail_mb,35710
1790906368.177,pswpin,907755
1790906369.186,api,0.050
1790906369.186,client,0.010
1790906369.186,enginecore,3.479
1790906369.186,other_total,0.030
1790906369.186,store_0,0.020
1790906369.186,store_1,0.000
1790906369.186,store_2,0.000
1790906369.186,avail_mb,35710
1790906369.186,pswpin,907755
1790906370.195,api,0.040
1790906370.195,client,0.020
1790906370.195,enginecore,4.153
1790906370.195,other_total,0.010
1790906370.195,store_0,0.030
1790906370.195,store_1,0.030
1790906370.195,store_2,0.030
1790906370.195,avail_mb,35717
1790906370.195,pswpin,907755
1790906371.204,api,0.069
1790906371.204,client,0.030
1790906371.204,enginecore,3.916
1790906371.204,other_total,0.020
1790906371.204,store_0,0.020
1790906371.204,store_1,0.000
1790906371.204,store_2,0.030
1790906371.204,avail_mb,35709
1790906371.204,pswpin,907755
1790906372.213,api,0.040
1790906372.213,client,0.010
1790906372.213,enginecore,4.331
1790906372.213,other_total,0.040
1790906372.213,store_0,0.010
1790906372.213,store_1,0.000
1790906372.213,store_2,0.030
1790906372.213,avail_mb,35711
1790906372.213,pswpin,907755
1790906373.222,api,0.089
1790906373.222,client,0.030
1790906373.222,enginecore,4.400
1790906373.222,other_total,0.000
1790906373.222,store_0,0.000
1790906373.222,store_1,0.030
1790906373.222,store_2,0.030
1790906373.222,avail_mb,35705
1790906373.222,pswpin,907755
1790906374.231,api,0.050
1790906374.231,client,0.010
1790906374.231,enginecore,3.706
1790906374.231,other_total,0.069
1790906374.231,store_0,0.000
1790906374.231,store_1,0.030
1790906374.231,store_2,0.030
1790906374.231,avail_mb,35703
1790906374.231,pswpin,907755
1790906375.240,api,0.079
1790906375.240,client,0.040
1790906375.240,enginecore,4.540
1790906375.240,other_total,0.000
1790906375.240,store_0,0.030
1790906375.240,store_1,0.050
1790906375.240,store_2,0.050
1790906375.240,avail_mb,35698
1790906375.240,pswpin,907755
1790906376.249,api,0.079
1790906376.249,client,0.020
1790906376.249,enginecore,3.766
1790906376.249,other_total,0.000
1790906376.249,store_0,0.030
1790906376.249,store_1,0.000
1790906376.249,store_2,0.030
1790906376.249,avail_mb,35693
1790906376.249,pswpin,907755
1790906377.258,api,0.069
1790906377.258,client,0.040
1790906377.258,enginecore,4.213
1790906377.258,other_total,0.079
1790906377.258,store_0,0.010
1790906377.258,store_1,0.030
1790906377.258,store_2,0.020
1790906377.258,avail_mb,35685
1790906377.258,pswpin,907755
1790906378.266,api,0.089
1790906378.266,client,0.040
1790906378.266,enginecore,3.787
1790906378.266,other_total,0.000
1790906378.266,store_0,0.020
1790906378.266,store_1,0.020
1790906378.266,store_2,0.000
1790906378.266,avail_mb,35682
1790906378.266,pswpin,907755
1790906379.275,api,0.069
1790906379.275,client,0.010
1790906379.275,enginecore,4.253
1790906379.275,other_total,0.020
1790906379.275,store_0,0.020
1790906379.275,store_1,0.050
1790906379.275,store_2,0.030
1790906379.275,avail_mb,35684
1790906379.275,pswpin,907755
1790906380.284,api,0.069
1790906380.284,client,0.030
1790906380.284,enginecore,3.717
1790906380.284,other_total,0.000
1790906380.284,store_0,0.000
1790906380.284,store_1,0.050
1790906380.284,store_2,0.000
1790906380.284,avail_mb,35682
1790906380.284,pswpin,907755
1790906381.294,api,0.040
1790906381.294,client,0.030
1790906381.294,enginecore,2.881
1790906381.294,other_total,0.020
1790906381.294,store_0,0.000
1790906381.294,store_1,0.030
1790906381.294,store_2,0.000
1790906381.294,avail_mb,35677
1790906381.294,pswpin,907755
1790906382.305,api,0.069
1790906382.305,client,0.020
1790906382.305,enginecore,3.808
1790906382.305,other_total,0.000
1790906382.305,store_0,0.000
1790906382.305,store_1,0.059
1790906382.305,store_2,0.000
1790906382.305,avail_mb,35676
1790906382.305,pswpin,907755
1790906383.314,api,0.069
1790906383.314,client,0.030
1790906383.314,enginecore,4.141
1790906383.314,other_total,0.030
1790906383.314,store_0,0.000
1790906383.314,store_1,0.020
1790906383.314,store_2,0.040
1790906383.314,avail_mb,35672
1790906383.314,pswpin,907755
1790906384.324,api,0.079
1790906384.324,client,0.010
1790906384.324,enginecore,3.696
1790906384.324,other_total,0.040
1790906384.324,store_0,0.000
1790906384.324,store_1,0.040
1790906384.324,store_2,0.000
1790906384.324,avail_mb,35672
1790906384.324,pswpin,907755
1790906385.334,api,0.089
1790906385.334,client,0.020
1790906385.334,enginecore,4.495
1790906385.334,other_total,0.000
1790906385.334,store_0,0.030
1790906385.334,store_1,0.000
1790906385.334,store_2,0.069
1790906385.334,avail_mb,35679
1790906385.334,pswpin,907755
1790906386.343,api,0.069
1790906386.343,client,0.040
1790906386.343,enginecore,4.271
1790906386.343,other_total,0.030
1790906386.343,store_0,0.040
1790906386.343,store_1,0.040
1790906386.343,store_2,0.000
1790906386.343,avail_mb,35677
1790906386.343,pswpin,907755
1790906387.352,api,0.059
1790906387.352,client,0.010
1790906387.352,enginecore,3.646
1790906387.352,other_total,0.000
1790906387.352,store_0,0.020
1790906387.352,store_1,0.030
1790906387.352,store_2,0.000
1790906387.352,avail_mb,35675
1790906387.352,pswpin,907755
1790906388.361,api,0.059
1790906388.361,client,0.030
1790906388.361,enginecore,3.757
1790906388.361,other_total,0.020
1790906388.361,store_0,0.000
1790906388.361,store_1,0.030
1790906388.361,store_2,0.000
1790906388.361,avail_mb,35673
1790906388.361,pswpin,907755
1790906389.371,api,0.069
1790906389.371,client,0.020
1790906389.371,enginecore,3.445
1790906389.371,other_total,0.010
1790906389.371,store_0,0.010
1790906389.371,store_1,0.000
1790906389.371,store_2,0.030
1790906389.371,avail_mb,35670
1790906389.371,pswpin,907755
1790906390.382,api,0.040
1790906390.382,client,0.010
1790906390.382,enginecore,4.304
1790906390.382,other_total,0.030
1790906390.382,store_0,0.020
1790906390.382,store_1,0.099
1790906390.382,store_2,0.000
1790906390.382,avail_mb,35670
1790906390.382,pswpin,907755
1790906391.391,api,0.059
1790906391.391,client,0.010
1790906391.391,enginecore,2.676
1790906391.391,other_total,0.050
1790906391.391,store_0,0.030
1790906391.391,store_1,0.000
1790906391.391,store_2,0.000
1790906391.391,avail_mb,35666
1790906391.391,pswpin,907755
1790906392.401,api,0.089
1790906392.401,client,0.040
1790906392.401,enginecore,3.960
1790906392.401,other_total,0.030
1790906392.401,store_0,0.040
1790906392.401,store_1,0.059
1790906392.401,store_2,0.000
1790906392.401,avail_mb,35659
1790906392.401,pswpin,907755
1790906393.411,api,0.030
1790906393.411,client,0.010
1790906393.411,enginecore,3.349
1790906393.411,other_total,0.079
1790906393.411,store_0,0.000
1790906393.411,store_1,0.020
1790906393.411,store_2,0.000
1790906393.411,avail_mb,35660
1790906393.411,pswpin,907755
1790906394.420,api,0.059
1790906394.420,client,0.040
1790906394.420,enginecore,4.945
1790906394.420,other_total,0.000
1790906394.420,store_0,0.030
1790906394.420,store_1,0.020
1790906394.420,store_2,0.050
1790906394.420,avail_mb,35662
1790906394.420,pswpin,907755
1790906395.429,api,0.069
1790906395.429,client,0.010
1790906395.429,enginecore,3.447
1790906395.429,other_total,0.059
1790906395.429,store_0,0.000
1790906395.429,store_1,0.000
1790906395.429,store_2,0.030
1790906395.429,avail_mb,35662
1790906395.429,pswpin,907755
1790906396.438,api,0.079
1790906396.438,client,0.020
1790906396.438,enginecore,4.193
1790906396.438,other_total,0.000
1790906396.438,store_0,0.030
1790906396.438,store_1,0.079
1790906396.438,store_2,0.020
1790906396.438,avail_mb,35658
1790906396.438,pswpin,907755
1790906397.450,api,0.069
1790906397.450,client,0.030
1790906397.450,enginecore,3.606
1790906397.450,other_total,0.059
1790906397.450,store_0,0.020
1790906397.450,store_1,0.020
1790906397.450,store_2,0.000
1790906397.450,avail_mb,35653
1790906397.450,pswpin,907755
1790906398.461,api,0.069
1790906398.461,client,0.030
1790906398.461,enginecore,4.433
1790906398.461,other_total,0.030
1790906398.461,store_0,0.040
1790906398.461,store_1,0.049
1790906398.461,store_2,0.049
1790906398.461,avail_mb,35651
1790906398.461,pswpin,907755
1790906399.469,api,0.089
1790906399.469,client,0.030
1790906399.469,enginecore,4.233
1790906399.469,other_total,0.000
1790906399.469,store_0,0.040
1790906399.469,store_1,0.030
1790906399.469,store_2,0.000
1790906399.469,avail_mb,35652
1790906399.469,pswpin,907755
1790906400.478,api,0.069
1790906400.478,client,0.040
1790906400.478,enginecore,4.748
1790906400.478,other_total,0.030
1790906400.478,store_0,0.020
1790906400.478,store_1,0.020
1790906400.478,store_2,0.059
1790906400.478,avail_mb,35643
1790906400.478,pswpin,907755
1790906401.487,api,0.059
1790906401.487,client,0.010
1790906401.487,enginecore,3.151
1790906401.487,other_total,0.030
1790906401.487,store_0,0.000
1790906401.487,store_1,0.000
1790906401.487,store_2,0.000
1790906401.487,avail_mb,35635
1790906401.487,pswpin,907755
1790906402.496,api,0.069
1790906402.496,client,0.030
1790906402.496,enginecore,4.282
1790906402.496,other_total,0.000
1790906402.496,store_0,0.040
1790906402.496,store_1,0.069
1790906402.496,store_2,0.030
1790906402.496,avail_mb,35636
1790906402.496,pswpin,907755
1790906403.505,api,0.059
1790906403.505,client,0.010
1790906403.505,enginecore,3.230
1790906403.505,other_total,0.000
1790906403.505,store_0,0.000
1790906403.505,store_1,0.000
1790906403.505,store_2,0.000
1790906403.505,avail_mb,35628
1790906403.505,pswpin,907755
1790906404.514,api,0.059
1790906404.514,client,0.030
1790906404.514,enginecore,2.349
1790906404.514,other_total,0.040
1790906404.514,store_0,0.000
1790906404.514,store_1,0.000
1790906404.514,store_2,0.050
1790906404.514,avail_mb,35624
1790906404.514,pswpin,907755
1790906405.523,api,0.030
1790906405.523,client,0.020
1790906405.523,enginecore,1.140
1790906405.523,other_total,0.020
1790906405.523,store_0,0.000
1790906405.523,store_1,0.000
1790906405.523,store_2,0.000
1790906405.523,avail_mb,35622
1790906405.523,pswpin,907755
1790906406.532,api,0.059
1790906406.532,client,0.010
1790906406.532,enginecore,1.903
1790906406.532,other_total,0.000
1790906406.532,store_0,0.000
1790906406.532,store_1,0.020
1790906406.532,store_2,0.000
1790906406.532,avail_mb,35620
1790906406.532,pswpin,907755
1790906407.540,api,0.059
1790906407.540,client,0.010
1790906407.540,enginecore,3.558
1790906407.540,other_total,0.059
1790906407.540,store_0,0.050
1790906407.540,store_1,0.000
1790906407.540,store_2,0.000
1790906407.540,avail_mb,35616
1790906407.540,pswpin,907755
1790906408.552,api,0.069
1790906408.552,client,0.020
1790906408.552,enginecore,3.906
1790906408.552,other_total,0.000
1790906408.552,store_0,0.000
1790906408.552,store_1,0.059
1790906408.552,store_2,0.020
1790906408.552,avail_mb,35618
1790906408.552,pswpin,907755
1790906409.561,api,0.059
1790906409.561,client,0.030
1790906409.561,enginecore,4.627
1790906409.561,other_total,0.030
1790906409.561,store_0,0.050
1790906409.561,store_1,0.030
1790906409.561,store_2,0.030
1790906409.561,avail_mb,35617
1790906409.561,pswpin,907755
1790906410.570,api,0.099
1790906410.570,client,0.030
1790906410.570,enginecore,4.262
1790906410.570,other_total,0.069
1790906410.570,store_0,0.030
1790906410.570,store_1,0.000
1790906410.570,store_2,0.059
1790906410.570,avail_mb,35611
1790906410.570,pswpin,907755
1790906411.579,api,0.059
1790906411.579,client,0.010
1790906411.579,enginecore,4.262
1790906411.579,other_total,0.010
1790906411.579,store_0,0.020
1790906411.579,store_1,0.059
1790906411.579,store_2,0.030
1790906411.579,avail_mb,35606
1790906411.579,pswpin,907755
1790906412.591,api,0.079
1790906412.591,client,0.040
1790906412.591,enginecore,4.387
1790906412.591,other_total,0.000
1790906412.591,store_0,0.049
1790906412.591,store_1,0.020
1790906412.591,store_2,0.049
1790906412.591,avail_mb,35609
1790906412.591,pswpin,907755
1790906413.600,api,0.050
1790906413.600,client,0.030
1790906413.600,enginecore,4.034
1790906413.600,other_total,0.069
1790906413.600,store_0,0.020
1790906413.600,store_1,0.000
1790906413.600,store_2,0.020
1790906413.600,avail_mb,35599
1790906413.600,pswpin,907755
1790906414.610,api,0.099
1790906414.610,client,0.020
1790906414.610,enginecore,4.682
1790906414.610,other_total,0.000
1790906414.610,store_0,0.040
1790906414.610,store_1,0.079
1790906414.610,store_2,0.030
1790906414.610,avail_mb,35599
1790906414.610,pswpin,907755
1790906415.619,api,0.059
1790906415.619,client,0.020
1790906415.619,enginecore,4.261
1790906415.619,other_total,0.020
1790906415.619,store_0,0.030
1790906415.619,store_1,0.000
1790906415.619,store_2,0.020
1790906415.619,avail_mb,35596
1790906415.619,pswpin,907755
1790906416.629,api,0.059
1790906416.629,client,0.030
1790906416.629,enginecore,3.517
1790906416.629,other_total,0.000
1790906416.629,store_0,0.030
1790906416.629,store_1,0.000
1790906416.629,store_2,0.020
1790906416.629,avail_mb,35588
1790906416.629,pswpin,907755
1790906417.638,api,0.069
1790906417.638,client,0.020
1790906417.638,enginecore,4.062
1790906417.638,other_total,0.040
1790906417.638,store_0,0.030
1790906417.638,store_1,0.000
1790906417.638,store_2,0.040
1790906417.638,avail_mb,35587
1790906417.638,pswpin,907755
1790906418.647,api,0.040
1790906418.647,client,0.010
1790906418.647,enginecore,3.854
1790906418.647,other_total,0.050
1790906418.647,store_0,0.020
1790906418.647,store_1,0.000
1790906418.647,store_2,0.020
1790906418.647,avail_mb,35586
1790906418.647,pswpin,907755
1790906419.656,api,0.069
1790906419.656,client,0.030
1790906419.656,enginecore,4.181
1790906419.656,other_total,0.040
1790906419.656,store_0,0.020
1790906419.656,store_1,0.030
1790906419.656,store_2,0.050
1790906419.656,avail_mb,35580
1790906419.656,pswpin,907755
1790906420.666,api,0.069
1790906420.666,client,0.020
1790906420.666,enginecore,4.101
1790906420.666,other_total,0.000
1790906420.666,store_0,0.050
1790906420.666,store_1,0.030
1790906420.666,store_2,0.000
1790906420.666,avail_mb,35578
1790906420.666,pswpin,907755
1790906421.675,api,0.059
1790906421.675,client,0.010
1790906421.675,enginecore,3.913
1790906421.675,other_total,0.000
1790906421.675,store_0,0.020
1790906421.675,store_1,0.000
1790906421.675,store_2,0.050
1790906421.675,avail_mb,35578
1790906421.675,pswpin,907755
1790906422.685,api,0.069
1790906422.685,client,0.030
1790906422.685,enginecore,4.131
1790906422.685,other_total,0.040
1790906422.685,store_0,0.050
1790906422.685,store_1,0.000
1790906422.685,store_2,0.020
1790906422.685,avail_mb,35576
1790906422.685,pswpin,907755
1790906423.694,api,0.059
1790906423.694,client,0.000
1790906423.694,enginecore,3.746
1790906423.694,other_total,0.059
1790906423.694,store_0,0.030
1790906423.694,store_1,0.020
1790906423.694,store_2,0.000
1790906423.694,avail_mb,35576
1790906423.694,pswpin,907755
1790906424.703,api,0.069
1790906424.703,client,0.030
1790906424.703,enginecore,4.043
1790906424.703,other_total,0.000
1790906424.703,store_0,0.030
1790906424.703,store_1,0.030
1790906424.703,store_2,0.020
1790906424.703,avail_mb,35578
1790906424.703,pswpin,907755
1790906425.712,api,0.050
1790906425.712,client,0.040
1790906425.712,enginecore,3.794
1790906425.712,other_total,0.020
1790906425.712,store_0,0.000
1790906425.712,store_1,0.000
1790906425.712,store_2,0.030
1790906425.712,avail_mb,35571
1790906425.712,pswpin,907755
1790906426.721,api,0.069
1790906426.721,client,0.020
1790906426.721,enginecore,4.054
1790906426.721,other_total,0.059
1790906426.721,store_0,0.010
1790906426.721,store_1,0.020
1790906426.721,store_2,0.000
1790906426.721,avail_mb,35570
1790906426.721,pswpin,907755
1790906427.730,api,0.059
1790906427.730,client,0.030
1790906427.730,enginecore,3.736
1790906427.730,other_total,0.020
1790906427.730,store_0,0.000
1790906427.730,store_1,0.030
1790906427.730,store_2,0.030
1790906427.730,avail_mb,35569
1790906427.730,pswpin,907755
1790906428.739,api,0.099
1790906428.739,client,0.020
1790906428.739,enginecore,4.223
1790906428.739,other_total,0.010
1790906428.739,store_0,0.000
1790906428.739,store_1,0.030
1790906428.739,store_2,0.030
1790906428.739,avail_mb,35568
1790906428.739,pswpin,907755
1790906429.750,api,0.059
1790906429.750,client,0.020
1790906429.750,enginecore,3.731
1790906429.750,other_total,0.030
1790906429.750,store_0,0.020
1790906429.750,store_1,0.020
1790906429.750,store_2,0.020
1790906429.750,avail_mb,35570
1790906429.750,pswpin,907755
1790906430.760,api,0.049
1790906430.760,client,0.010
1790906430.760,enginecore,3.712
1790906430.760,other_total,0.020
1790906430.760,store_0,0.010
1790906430.760,store_1,0.030
1790906430.760,store_2,0.000
1790906430.760,avail_mb,35567
1790906430.760,pswpin,907755
1790906431.769,api,0.050
1790906431.769,client,0.020
1790906431.769,enginecore,4.182
1790906431.769,other_total,0.059
1790906431.769,store_0,0.000
1790906431.769,store_1,0.040
1790906431.769,store_2,0.050
1790906431.769,avail_mb,35565
1790906431.769,pswpin,907755
1790906432.778,api,0.069
1790906432.778,client,0.030
1790906432.778,enginecore,3.727
1790906432.778,other_total,0.000
1790906432.778,store_0,0.020
1790906432.778,store_1,0.030
1790906432.778,store_2,0.000
1790906432.778,avail_mb,35568
1790906432.778,pswpin,907755
1790906433.789,api,0.079
1790906433.789,client,0.020
1790906433.789,enginecore,3.867
1790906433.789,other_total,0.010
1790906433.789,store_0,0.030
1790906433.789,store_1,0.000
1790906433.789,store_2,0.059
1790906433.789,avail_mb,35567
1790906433.789,pswpin,907755
1790906434.799,api,0.040
1790906434.799,client,0.020
1790906434.799,enginecore,3.199
1790906434.799,other_total,0.099
1790906434.799,store_0,0.000
1790906434.799,store_1,0.000
1790906434.799,store_2,0.000
1790906434.799,avail_mb,35564
1790906434.799,pswpin,907755
1790906435.807,api,0.050
1790906435.807,client,0.010
1790906435.807,enginecore,2.925
1790906435.807,other_total,0.000
1790906435.807,store_0,0.000
1790906435.807,store_1,0.000
1790906435.807,store_2,0.030
1790906435.807,avail_mb,35563
1790906435.807,pswpin,907755
1790906436.816,api,0.059
1790906436.816,client,0.040
1790906436.816,enginecore,3.459
1790906436.816,other_total,0.030
1790906436.816,store_0,0.030
1790906436.816,store_1,0.000
1790906436.816,store_2,0.000
1790906436.816,avail_mb,35562
1790906436.816,pswpin,907755
1790906437.825,api,0.069
1790906437.825,client,0.030
1790906437.825,enginecore,3.955
1790906437.825,other_total,0.040
1790906437.825,store_0,0.000
1790906437.825,store_1,0.000
1790906437.825,store_2,0.050
1790906437.825,avail_mb,35560
1790906437.825,pswpin,907755
1790906438.837,api,0.059
1790906438.837,client,0.010
1790906438.837,enginecore,3.825
1790906438.837,other_total,0.010
1790906438.837,store_0,0.040
1790906438.837,store_1,0.000
1790906438.837,store_2,0.020
1790906438.837,avail_mb,35564
1790906438.837,pswpin,907798
1790906439.846,api,0.079
1790906439.846,client,0.030
1790906439.846,enginecore,3.856
1790906439.846,other_total,0.000
1790906439.846,store_0,0.030
1790906439.846,store_1,0.000
1790906439.846,store_2,0.000
1790906439.846,avail_mb,35562
1790906439.846,pswpin,907798
1790906440.855,api,0.050
1790906440.855,client,0.020
1790906440.855,enginecore,3.707
1790906440.855,other_total,0.020
1790906440.855,store_0,0.020
1790906440.855,store_1,0.000
1790906440.855,store_2,0.030
1790906440.855,avail_mb,35558
1790906440.855,pswpin,907798
1790906441.864,api,0.069
1790906441.864,client,0.020
1790906441.864,enginecore,4.510
1790906441.864,other_total,0.030
1790906441.864,store_0,0.050
1790906441.864,store_1,0.050
1790906441.864,store_2,0.030
1790906441.864,avail_mb,35566
1790906441.864,pswpin,907798
1790906442.873,api,0.069
1790906442.873,client,0.030
1790906442.873,enginecore,3.468
1790906442.873,other_total,0.000
1790906442.873,store_0,0.020
1790906442.873,store_1,0.000
1790906442.873,store_2,0.000
1790906442.873,avail_mb,35562
1790906442.873,pswpin,907798
1790906443.882,api,0.059
1790906443.882,client,0.020
1790906443.882,enginecore,3.697
1790906443.882,other_total,0.030
1790906443.882,store_0,0.000
1790906443.882,store_1,0.020
1790906443.882,store_2,0.020
1790906443.882,avail_mb,35554
1790906443.882,pswpin,907798
1790906444.891,api,0.059
1790906444.891,client,0.020
1790906444.891,enginecore,3.379
1790906444.891,other_total,0.010
1790906444.891,store_0,0.000
1790906444.891,store_1,0.030
1790906444.891,store_2,0.000
1790906444.891,avail_mb,35554
1790906444.891,pswpin,907798
1790906445.900,api,0.059
1790906445.900,client,0.020
1790906445.900,enginecore,3.864
1790906445.900,other_total,0.010
1790906445.900,store_0,0.059
1790906445.900,store_1,0.000
1790906445.900,store_2,0.000
1790906445.900,avail_mb,35554
1790906445.900,pswpin,907798
1790906446.909,api,0.079
1790906446.909,client,0.030
1790906446.909,enginecore,4.013
1790906446.909,other_total,0.010
1790906446.909,store_0,0.030
1790906446.909,store_1,0.020
1790906446.909,store_2,0.000
1790906446.909,avail_mb,35550
1790906446.909,pswpin,907798
1790906447.920,api,0.079
1790906447.920,client,0.020
1790906447.920,enginecore,3.799
1790906447.920,other_total,0.000
1790906447.920,store_0,0.010
1790906447.920,store_1,0.030
1790906447.920,store_2,0.020
1790906447.920,avail_mb,35547
1790906447.920,pswpin,907798
1790906448.929,api,0.079
1790906448.929,client,0.020
1790906448.929,enginecore,3.688
1790906448.929,other_total,0.040
1790906448.929,store_0,0.020
1790906448.929,store_1,0.000
1790906448.929,store_2,0.000
1790906448.929,avail_mb,35546
1790906448.929,pswpin,907798
1790906449.937,api,0.089
1790906449.937,client,0.040
1790906449.937,enginecore,3.787
1790906449.937,other_total,0.020
1790906449.937,store_0,0.000
1790906449.937,store_1,0.000
1790906449.937,store_2,0.059
1790906449.937,avail_mb,35538
1790906449.937,pswpin,907798
1790906450.946,api,0.069
1790906450.946,client,0.030
1790906450.946,enginecore,4.322
1790906450.946,other_total,0.030
1790906450.946,store_0,0.040
1790906450.946,store_1,0.020
1790906450.946,store_2,0.020
1790906450.946,avail_mb,35537
1790906450.946,pswpin,907798
1790906451.955,api,0.059
1790906451.955,client,0.030
1790906451.955,enginecore,3.965
1790906451.955,other_total,0.069
1790906451.955,store_0,0.000
1790906451.955,store_1,0.030
1790906451.955,store_2,0.010
1790906451.955,avail_mb,35529
1790906451.955,pswpin,907798
1790906452.964,api,0.059
1790906452.964,client,0.010
1790906452.964,enginecore,3.843
1790906452.964,other_total,0.277
1790906452.964,store_0,0.000
1790906452.964,store_1,0.010
1790906452.964,store_2,0.050
1790906452.964,avail_mb,35472
1790906452.964,pswpin,907798
1790906453.973,api,0.079
1790906453.973,client,0.020
1790906453.973,enginecore,3.726
1790906453.973,other_total,0.149
1790906453.973,store_0,0.020
1790906453.973,store_1,0.010
1790906453.973,store_2,0.000
1790906453.973,avail_mb,35459
1790906453.973,pswpin,907798
1790906454.985,api,0.069
1790906454.985,client,0.030
1790906454.985,enginecore,4.102
1790906454.985,other_total,0.000
1790906454.985,store_0,0.020
1790906454.985,store_1,0.000
1790906454.985,store_2,0.049
1790906454.985,avail_mb,35463
1790906454.985,pswpin,907798
1790906455.995,api,0.059
1790906455.995,client,0.020
1790906455.995,enginecore,3.882
1790906455.995,other_total,0.040
1790906455.995,store_0,0.030
1790906455.995,store_1,0.000
1790906455.995,store_2,0.030
1790906455.995,avail_mb,35463
1790906455.995,pswpin,907798
1790906457.004,api,0.059
1790906457.004,client,0.020
1790906457.004,enginecore,3.499
1790906457.004,other_total,0.010
1790906457.004,store_0,0.000
1790906457.004,store_1,0.000
1790906457.004,store_2,0.020
1790906457.004,avail_mb,35464
1790906457.004,pswpin,907798
1790906458.013,api,0.059
1790906458.013,client,0.030
1790906458.013,enginecore,4.002
1790906458.013,other_total,0.030
1790906458.013,store_0,0.020
1790906458.013,store_1,0.000
1790906458.013,store_2,0.059
1790906458.013,avail_mb,35465
1790906458.013,pswpin,907798
1790906459.025,api,0.099
1790906459.025,client,0.020
1790906459.025,enginecore,3.677
1790906459.025,other_total,0.010
1790906459.025,store_0,0.000
1790906459.025,store_1,0.000
1790906459.025,store_2,0.049
1790906459.025,avail_mb,35466
1790906459.025,pswpin,907798
1790906460.034,api,0.030
1790906460.034,client,0.030
1790906460.034,enginecore,3.418
1790906460.034,other_total,0.050
1790906460.034,store_0,0.030
1790906460.034,store_1,0.020
1790906460.034,store_2,0.000
1790906460.034,avail_mb,35466
1790906460.034,pswpin,907798
1790906461.043,api,0.059
1790906461.043,client,0.010
1790906461.043,enginecore,4.193
1790906461.043,other_total,0.010
1790906461.043,store_0,0.000
1790906461.043,store_1,0.030
1790906461.043,store_2,0.010
1790906461.043,avail_mb,35471
1790906461.043,pswpin,907798
1790906462.052,api,0.079
1790906462.052,client,0.020
1790906462.052,enginecore,3.846
1790906462.052,other_total,0.010
1790906462.052,store_0,0.020
1790906462.052,store_1,0.050
1790906462.052,store_2,0.040
1790906462.052,avail_mb,35471
1790906462.052,pswpin,907798
1790906463.061,api,0.059
1790906463.061,client,0.030
1790906463.061,enginecore,3.934
1790906463.061,other_total,0.000
1790906463.061,store_0,0.020
1790906463.061,store_1,0.020
1790906463.061,store_2,0.020
1790906463.061,avail_mb,35473
1790906463.061,pswpin,907798
1790906464.070,api,0.069
1790906464.070,client,0.030
1790906464.070,enginecore,4.183
1790906464.070,other_total,0.010
1790906464.070,store_0,0.020
1790906464.070,store_1,0.000
1790906464.070,store_2,0.050
1790906464.070,avail_mb,35470
1790906464.070,pswpin,907798
1790906465.078,api,0.069
1790906465.078,client,0.020
1790906465.078,enginecore,3.896
1790906465.078,other_total,0.030
1790906465.078,store_0,0.020
1790906465.078,store_1,0.020
1790906465.078,store_2,0.020
1790906465.078,avail_mb,35468
1790906465.078,pswpin,907798
1790906466.087,api,0.059
1790906466.087,client,0.020
1790906466.087,enginecore,4.500
1790906466.087,other_total,0.020
1790906466.087,store_0,0.020
1790906466.087,store_1,0.020
1790906466.087,store_2,0.040
1790906466.087,avail_mb,35467
1790906466.087,pswpin,907798
1790906467.096,api,0.099
1790906467.096,client,0.040
1790906467.096,enginecore,3.459
1790906467.096,other_total,0.000
1790906467.096,store_0,0.020
1790906467.096,store_1,0.000
1790906467.096,store_2,0.000
1790906467.096,avail_mb,35463
1790906467.096,pswpin,907798
1790906468.105,api,0.079
1790906468.105,client,0.020
1790906468.105,enginecore,3.707
1790906468.105,other_total,0.010
1790906468.105,store_0,0.030
1790906468.105,store_1,0.030
1790906468.105,store_2,0.000
1790906468.105,avail_mb,35467
1790906468.105,pswpin,907798
1790906469.115,api,0.069
1790906469.115,client,0.030
1790906469.115,enginecore,3.567
1790906469.115,other_total,0.040
1790906469.115,store_0,0.020
1790906469.115,store_1,0.059
1790906469.115,store_2,0.000
1790906469.115,avail_mb,35470
1790906469.115,pswpin,907798
1790906470.123,api,0.050
1790906470.123,client,0.010
1790906470.123,enginecore,2.468
1790906470.123,other_total,0.000
1790906470.123,store_0,0.030
1790906470.123,store_1,0.000
1790906470.123,store_2,0.000
1790906470.123,avail_mb,35467
1790906470.123,pswpin,907798
1790906471.132,api,0.069
1790906471.132,client,0.020
1790906471.132,enginecore,3.846
1790906471.132,other_total,0.059
1790906471.132,store_0,0.030
1790906471.132,store_1,0.000
1790906471.132,store_2,0.050
1790906471.132,avail_mb,35463
1790906471.132,pswpin,907798
1790906472.141,api,0.079
1790906472.141,client,0.030
1790906472.141,enginecore,3.746
1790906472.141,other_total,0.000
1790906472.141,store_0,0.020
1790906472.141,store_1,0.020
1790906472.141,store_2,0.000
1790906472.141,avail_mb,35461
1790906472.141,pswpin,907798
1790906473.150,api,0.079
1790906473.150,client,0.020
1790906473.150,enginecore,4.401
1790906473.150,other_total,0.030
1790906473.150,store_0,0.000
1790906473.150,store_1,0.040
1790906473.150,store_2,0.030
1790906473.150,avail_mb,35456
1790906473.150,pswpin,907798
1790906474.160,api,0.059
1790906474.160,client,0.020
1790906474.160,enginecore,3.110
1790906474.160,other_total,0.069
1790906474.160,store_0,0.000
1790906474.160,store_1,0.059
1790906474.160,store_2,0.030
1790906474.160,avail_mb,35499
1790906474.160,pswpin,907798
1790906475.169,api,0.059
1790906475.169,client,0.020
1790906475.169,enginecore,2.815
1790906475.169,other_total,0.040
1790906475.169,store_0,0.000
1790906475.169,store_1,0.030
1790906475.169,store_2,0.020
1790906475.169,avail_mb,35497
1790906475.169,pswpin,907798
1790906476.178,api,0.050
1790906476.178,client,0.030
1790906476.178,enginecore,2.863
1790906476.178,other_total,0.000
1790906476.178,store_0,0.000
1790906476.178,store_1,0.050
1790906476.178,store_2,0.030
1790906476.178,avail_mb,35495
1790906476.178,pswpin,907798
1790906477.187,api,0.050
1790906477.187,client,0.020
1790906477.187,enginecore,2.568
1790906477.187,other_total,0.010
1790906477.187,store_0,0.000
1790906477.187,store_1,0.020
1790906477.187,store_2,0.000
1790906477.187,avail_mb,35490
1790906477.187,pswpin,907798
1790906478.196,api,0.040
1790906478.196,client,0.020
1790906478.196,enginecore,1.952
1790906478.196,other_total,0.030
1790906478.196,store_0,0.000
1790906478.196,store_1,0.000
1790906478.196,store_2,0.020
1790906478.196,avail_mb,35489
1790906478.196,pswpin,907798
1790906479.206,api,0.050
1790906479.206,client,0.010
1790906479.206,enginecore,2.090
1790906479.206,other_total,0.020
1790906479.206,store_0,0.000
1790906479.206,store_1,0.059
1790906479.206,store_2,0.000
1790906479.206,avail_mb,35533
1790906479.206,pswpin,907798
1790906480.214,api,0.040
1790906480.214,client,0.010
1790906480.214,enginecore,1.487
1790906480.214,other_total,0.059
1790906480.214,store_0,0.000
1790906480.214,store_1,0.050
1790906480.214,store_2,0.000
1790906480.214,avail_mb,35532
1790906480.214,pswpin,907798
1790906481.223,api,0.030
1790906481.223,client,0.010
1790906481.223,enginecore,1.655
1790906481.223,other_total,0.030
1790906481.223,store_0,0.000
1790906481.223,store_1,0.069
1790906481.223,store_2,0.000
1790906481.223,avail_mb,35528
1790906481.223,pswpin,907798
1790906482.232,api,0.050
1790906482.232,client,0.010
1790906482.232,enginecore,1.308
1790906482.232,other_total,0.010
1790906482.232,store_0,0.000
1790906482.232,store_1,0.030
1790906482.232,store_2,0.000
1790906482.232,avail_mb,35528
1790906482.232,pswpin,907798
1790906483.242,api,0.000
1790906483.242,client,0.010
1790906483.242,enginecore,0.129
1790906483.242,other_total,0.059
1790906483.242,store_0,0.000
1790906483.242,store_1,0.000
1790906483.242,store_2,0.000
1790906483.242,avail_mb,35521
1790906483.242,pswpin,907798
1790906484.251,api,0.020
1790906484.251,client,0.000
1790906484.251,enginecore,1.091
1790906484.251,other_total,0.218
1790906484.251,store_0,0.000
1790906484.251,store_1,0.050
1790906484.251,store_2,0.000
1790906484.251,avail_mb,35493
1790906484.251,pswpin,907798
1790906485.259,api,0.020
1790906485.259,enginecore,0.654
1790906485.259,other_total,0.059
1790906485.259,store_0,0.000
1790906485.259,store_1,0.000
1790906485.259,store_2,0.000
1790906485.259,avail_mb,35529
1790906485.259,pswpin,907798
1790906486.270,api,0.000
1790906486.270,enginecore,0.000
1790906486.270,other_total,0.059
1790906486.270,store_0,0.000
1790906486.270,store_1,0.000
1790906486.270,store_2,0.000
1790906486.270,avail_mb,35528
1790906486.270,pswpin,907798
1790906487.280,api,0.000
1790906487.280,enginecore,0.020
1790906487.280,other_total,0.040
1790906487.280,store_0,0.000
1790906487.280,store_1,0.000
1790906487.280,store_2,0.000
1790906487.280,avail_mb,35527
1790906487.280,pswpin,907798
1790906488.291,api,0.000
1790906488.291,enginecore,0.010
1790906488.291,other_total,0.059
1790906488.291,store_0,0.000
1790906488.291,store_1,0.000
1790906488.291,store_2,0.000
1790906488.291,avail_mb,35520
1790906488.291,pswpin,907798
