ts,role,cores
1790902765.064,other_total,0.030
1790902765.064,avail_mb,57344
1790902765.064,pswpin,907607
1790902766.074,other_total,0.099
1790902766.074,avail_mb,57329
1790902766.074,pswpin,907607
1790902767.084,other_total,0.119
1790902767.084,avail_mb,57334
1790902767.084,pswpin,907607
1790902768.095,other_total,0.059
1790902768.095,avail_mb,57337
1790902768.095,pswpin,907607
1790902769.105,other_total,0.129
1790902769.105,avail_mb,57318
1790902769.105,pswpin,907607
1790902770.115,other_total,0.059
1790902770.115,avail_mb,57319
1790902770.115,pswpin,907607
1790902771.125,other_total,0.059
1790902771.125,avail_mb,57316
1790902771.125,pswpin,907607
1790902772.137,other_total,0.079
1790902772.137,avail_mb,57311
1790902772.137,pswpin,907607
1790902773.147,other_total,0.139
1790902773.147,avail_mb,57324
1790902773.147,pswpin,907607
1790902774.157,other_total,0.069
1790902774.157,avail_mb,57325
1790902774.157,pswpin,907607
1790902775.165,other_total,2.985
1790902775.165,avail_mb,56937
1790902775.165,pswpin,907607
1790902776.176,other_total,0.148
1790902776.176,store_0,0.129
1790902776.176,avail_mb,56884
1790902776.176,pswpin,907607
1790902777.185,other_total,3.875
1790902777.185,store_0,0.000
1790902777.185,avail_mb,56281
1790902777.185,pswpin,907607
1790902778.194,api,3.676
1790902778.194,other_total,0.040
1790902778.194,store_0,0.000
1790902778.194,avail_mb,56105
1790902778.194,pswpin,907607
1790902779.203,api,1.982
1790902779.203,other_total,0.059
1790902779.203,store_0,0.000
1790902779.203,avail_mb,55880
1790902779.203,pswpin,907607
1790902780.212,api,1.338
1790902780.212,other_total,0.030
1790902780.212,store_0,0.000
1790902780.212,avail_mb,55756
1790902780.212,pswpin,907607
1790902781.221,api,0.941
1790902781.221,other_total,0.327
1790902781.221,store_0,0.000
1790902781.221,avail_mb,55216
1790902781.221,pswpin,907607
1790902782.230,api,0.000
1790902782.230,other_total,3.806
1790902782.230,store_0,0.000
1790902782.230,avail_mb,54838
1790902782.230,pswpin,907607
1790902783.239,api,0.000
1790902783.239,other_total,3.877
1790902783.239,store_0,0.000
1790902783.239,avail_mb,54638
1790902783.239,pswpin,907607
1790902784.247,api,0.000
1790902784.247,other_total,2.022
1790902784.247,store_0,0.000
1790902784.247,avail_mb,54426
1790902784.247,pswpin,907607
1790902785.256,api,0.000
1790902785.256,other_total,2.151
1790902785.256,store_0,0.000
1790902785.256,avail_mb,54110
1790902785.256,pswpin,907607
1790902786.272,api,0.000
1790902786.272,enginecore,1.182
1790902786.272,other_total,1.990
1790902786.272,store_0,0.000
1790902786.272,avail_mb,53667
1790902786.272,pswpin,907607
1790902787.281,api,0.000
1790902787.281,enginecore,2.030
1790902787.281,other_total,0.376
1790902787.281,store_0,0.000
1790902787.281,avail_mb,53678
1790902787.281,pswpin,907607
1790902788.291,api,0.000
1790902788.291,enginecore,1.952
1790902788.291,other_total,0.119
1790902788.291,store_0,0.000
1790902788.291,avail_mb,53169
1790902788.291,pswpin,907607
1790902789.300,api,0.000
1790902789.300,enginecore,1.010
1790902789.300,other_total,1.020
1790902789.300,store_0,0.000
1790902789.300,avail_mb,53154
1790902789.300,pswpin,907607
1790902790.309,api,0.000
1790902790.309,enginecore,1.011
1790902790.309,other_total,0.040
1790902790.309,store_0,0.000
1790902790.309,avail_mb,53143
1790902790.309,pswpin,907607
1790902791.318,api,0.000
1790902791.318,enginecore,1.001
1790902791.318,other_total,0.030
1790902791.318,store_0,0.000
1790902791.318,avail_mb,53152
1790902791.318,pswpin,907607
1790902792.326,api,0.000
1790902792.326,enginecore,0.961
1790902792.326,other_total,0.040
1790902792.326,store_0,0.000
1790902792.326,avail_mb,52596
1790902792.326,pswpin,907607
1790902793.335,api,0.000
1790902793.335,enginecore,0.347
1790902793.335,other_total,0.684
1790902793.335,store_0,0.000
1790902793.335,avail_mb,52574
1790902793.335,pswpin,907607
1790902794.344,api,0.000
1790902794.344,enginecore,0.020
1790902794.344,other_total,0.406
1790902794.344,store_0,0.000
1790902794.344,avail_mb,52589
1790902794.344,pswpin,907607
1790902795.354,api,0.000
1790902795.354,enginecore,0.020
1790902795.354,other_total,0.040
1790902795.354,store_0,0.000
1790902795.354,avail_mb,52595
1790902795.354,pswpin,907607
1790902796.365,api,0.000
1790902796.365,enginecore,0.049
1790902796.365,other_total,0.040
1790902796.365,store_0,0.000
1790902796.365,avail_mb,52600
1790902796.365,pswpin,907607
1790902797.376,api,0.000
1790902797.376,enginecore,0.030
1790902797.376,other_total,0.010
1790902797.376,store_0,0.000
1790902797.376,avail_mb,52605
1790902797.376,pswpin,907607
1790902798.386,api,0.000
1790902798.386,enginecore,0.030
1790902798.386,other_total,0.109
1790902798.386,store_0,0.000
1790902798.386,avail_mb,52613
1790902798.386,pswpin,907607
1790902799.397,api,0.000
1790902799.397,enginecore,0.020
1790902799.397,other_total,0.040
1790902799.397,store_0,0.000
1790902799.397,avail_mb,52618
1790902799.397,pswpin,907607
1790902800.409,api,0.000
1790902800.409,enginecore,1.274
1790902800.409,other_total,0.119
1790902800.409,store_0,0.000
1790902800.409,avail_mb,51502
1790902800.409,pswpin,907609
1790902801.418,api,0.040
1790902801.418,enginecore,0.089
1790902801.418,other_total,0.832
1790902801.418,store_0,0.000
1790902801.418,avail_mb,51517
1790902801.418,pswpin,907612
1790902802.429,api,0.366
1790902802.429,enginecore,0.020
1790902802.429,other_total,0.020
1790902802.429,store_0,0.000
1790902802.429,avail_mb,51467
1790902802.429,pswpin,907612
1790902803.440,api,0.000
1790902803.440,enginecore,0.030
1790902803.440,other_total,0.010
1790902803.440,store_0,0.000
1790902803.440,avail_mb,51468
1790902803.440,pswpin,907612
1790902804.450,api,0.000
1790902804.450,enginecore,1.247
1790902804.450,other_total,0.030
1790902804.450,store_0,0.000
1790902804.450,avail_mb,50391
1790902804.450,pswpin,907612
1790902805.461,api,0.000
1790902805.461,enginecore,0.742
1790902805.461,other_total,0.049
1790902805.461,store_0,0.000
1790902805.461,avail_mb,50133
1790902805.461,pswpin,907612
1790902806.472,api,0.049
1790902806.472,enginecore,0.366
1790902806.472,other_total,0.049
1790902806.472,store_0,0.000
1790902806.472,avail_mb,50109
1790902806.472,pswpin,907612
1790902807.483,api,0.158
1790902807.483,enginecore,0.020
1790902807.483,other_total,0.059
1790902807.483,store_0,0.000
1790902807.483,avail_mb,50061
1790902807.483,pswpin,907612
1790902808.493,api,0.000
1790902808.493,enginecore,0.040
1790902808.493,other_total,0.020
1790902808.493,store_0,0.000
1790902808.493,avail_mb,50061
1790902808.493,pswpin,907612
1790902809.504,api,0.237
1790902809.504,enginecore,0.030
1790902809.504,other_total,0.010
1790902809.504,store_0,0.000
1790902809.504,avail_mb,50060
1790902809.504,pswpin,907612
1790902810.515,api,0.049
1790902810.515,enginecore,0.069
1790902810.515,other_total,0.148
1790902810.515,store_0,0.000
1790902810.515,avail_mb,50035
1790902810.515,pswpin,907612
1790902811.523,api,0.000
1790902811.523,enginecore,0.962
1790902811.523,other_total,0.010
1790902811.523,store_0,0.149
1790902811.523,avail_mb,49320
1790902811.523,pswpin,907612
1790902812.532,api,0.010
1790902812.532,enginecore,0.942
1790902812.532,other_total,0.010
1790902812.532,store_0,0.139
1790902812.532,avail_mb,48693
1790902812.532,pswpin,907612
1790902813.541,api,0.000
1790902813.541,enginecore,1.051
1790902813.541,other_total,0.040
1790902813.541,store_0,0.159
1790902813.541,avail_mb,48060
1790902813.541,pswpin,907612
1790902814.549,api,0.010
1790902814.549,enginecore,1.001
1790902814.549,other_total,0.020
1790902814.549,store_0,0.149
1790902814.549,avail_mb,47404
1790902814.549,pswpin,907612
1790902815.558,api,0.010
1790902815.558,enginecore,1.051
1790902815.558,other_total,0.634
1790902815.558,store_0,0.129
1790902815.558,avail_mb,50201
1790902815.558,pswpin,907612
1790902816.567,api,0.000
1790902816.567,enginecore,0.010
1790902816.567,other_total,2.191
1790902816.567,store_0,0.000
1790902816.567,avail_mb,50142
1790902816.567,pswpin,907612
1790902817.577,api,0.000
1790902817.577,client,0.000
1790902817.577,enginecore,0.020
1790902817.577,other_total,0.040
1790902817.577,store_0,0.000
1790902817.577,avail_mb,50145
1790902817.577,pswpin,907612
1790902818.588,api,0.000
1790902818.588,client,0.000
1790902818.588,enginecore,0.010
1790902818.588,other_total,0.040
1790902818.588,store_0,0.000
1790902818.588,avail_mb,50152
1790902818.588,pswpin,907612
1790902819.598,api,0.000
1790902819.598,client,0.000
1790902819.598,enginecore,0.020
1790902819.598,other_total,0.049
1790902819.598,store_0,0.000
1790902819.598,avail_mb,50159
1790902819.598,pswpin,907612
1790902820.609,api,0.010
1790902820.609,client,0.000
1790902820.609,enginecore,0.010
1790902820.609,other_total,0.129
1790902820.609,store_0,0.000
1790902820.609,avail_mb,50156
1790902820.609,pswpin,907612
1790902821.619,api,0.000
1790902821.619,client,0.000
1790902821.619,enginecore,0.020
1790902821.619,other_total,0.059
1790902821.619,store_0,0.000
1790902821.619,avail_mb,50161
1790902821.619,pswpin,907612
1790902822.630,api,0.000
1790902822.630,client,0.000
1790902822.630,enginecore,0.168
1790902822.630,other_total,0.059
1790902822.630,store_0,0.000
1790902822.630,avail_mb,50168
1790902822.630,pswpin,907612
1790902823.641,api,0.010
1790902823.641,client,0.000
1790902823.641,enginecore,1.227
1790902823.641,other_total,0.010
1790902823.641,store_0,0.030
1790902823.641,avail_mb,50189
1790902823.641,pswpin,907612
1790902824.652,api,0.000
1790902824.652,client,0.000
1790902824.652,enginecore,0.020
1790902824.652,other_total,0.049
1790902824.652,store_0,0.000
1790902824.652,avail_mb,50191
1790902824.652,pswpin,907612
1790902825.662,api,0.000
1790902825.662,client,0.000
1790902825.662,enginecore,0.010
1790902825.662,other_total,0.059
1790902825.662,store_0,0.000
1790902825.662,avail_mb,50200
1790902825.662,pswpin,907612
1790902826.673,api,0.010
1790902826.673,client,0.000
1790902826.673,enginecore,1.168
1790902826.673,other_total,0.040
1790902826.673,store_0,0.030
1790902826.673,avail_mb,50212
1790902826.673,pswpin,907612
1790902827.683,api,0.000
1790902827.683,enginecore,0.030
1790902827.683,other_total,0.059
1790902827.683,store_0,0.000
1790902827.683,avail_mb,50272
1790902827.683,pswpin,907612
1790902828.694,api,0.000
1790902828.694,enginecore,0.010
1790902828.694,other_total,0.059
1790902828.694,store_0,0.000
1790902828.694,avail_mb,50275
1790902828.694,pswpin,907612
1790902829.705,api,0.000
1790902829.705,enginecore,0.020
1790902829.705,other_total,0.040
1790902829.705,store_0,0.000
1790902829.705,avail_mb,50277
1790902829.705,pswpin,907612
1790902830.716,api,0.000
1790902830.716,enginecore,0.010
1790902830.716,other_total,0.030
1790902830.716,store_0,0.000
1790902830.716,avail_mb,50278
1790902830.716,pswpin,907612
1790902831.726,api,0.010
1790902831.726,enginecore,0.010
1790902831.726,other_total,0.139
1790902831.726,store_0,0.000
1790902831.726,avail_mb,50276
1790902831.726,pswpin,907612
1790902832.737,api,0.000
1790902832.737,enginecore,0.010
1790902832.737,other_total,0.069
1790902832.737,store_0,0.000
1790902832.737,avail_mb,50295
1790902832.737,pswpin,907612
1790902833.748,api,0.000
1790902833.748,enginecore,0.020
1790902833.748,other_total,0.020
1790902833.748,store_0,0.000
1790902833.748,avail_mb,50295
1790902833.748,pswpin,907612
1790902834.759,api,0.000
1790902834.759,enginecore,0.020
1790902834.759,other_total,0.030
1790902834.759,store_0,0.000
1790902834.759,avail_mb,50298
1790902834.759,pswpin,907612
1790902835.769,api,0.000
1790902835.769,enginecore,0.010
1790902835.769,other_total,0.040
1790902835.769,store_0,0.000
1790902835.769,avail_mb,50300
1790902835.769,pswpin,907612
1790902836.780,api,0.010
1790902836.780,enginecore,0.020
1790902836.780,other_total,2.078
1790902836.780,store_0,0.000
1790902836.780,avail_mb,50258
1790902836.780,pswpin,907612
1790902837.791,api,0.000
1790902837.791,client,0.000
1790902837.791,enginecore,0.010
1790902837.791,other_total,0.049
1790902837.791,store_0,0.000
1790902837.791,avail_mb,50258
1790902837.791,pswpin,907612
1790902838.802,api,0.000
1790902838.802,client,0.000
1790902838.802,enginecore,0.010
1790902838.802,other_total,0.040
1790902838.802,store_0,0.000
1790902838.802,avail_mb,50258
1790902838.802,pswpin,907612
1790902839.810,api,0.020
1790902839.810,client,0.010
1790902839.810,enginecore,0.635
1790902839.810,other_total,0.020
1790902839.810,store_0,0.000
1790902839.810,avail_mb,50260
1790902839.810,pswpin,907612
1790902840.819,api,0.050
1790902840.819,client,0.010
1790902840.819,enginecore,1.348
1790902840.819,other_total,0.020
1790902840.819,store_0,0.000
1790902840.819,avail_mb,50259
1790902840.819,pswpin,907612
1790902841.828,api,0.030
1790902841.828,client,0.000
1790902841.828,enginecore,1.130
1790902841.828,other_total,0.040
1790902841.828,store_0,0.000
1790902841.828,avail_mb,50259
1790902841.828,pswpin,907612
1790902842.836,api,0.040
1790902842.836,client,0.020
1790902842.836,enginecore,1.239
1790902842.836,other_total,0.040
1790902842.836,store_0,0.000
1790902842.836,avail_mb,50261
1790902842.836,pswpin,907612
1790902843.845,api,0.040
1790902843.845,client,0.010
1790902843.845,enginecore,1.229
1790902843.845,other_total,0.030
1790902843.845,store_0,0.000
1790902843.845,avail_mb,50261
1790902843.845,pswpin,907614
1790902844.854,api,0.030
1790902844.854,client,0.000
1790902844.854,enginecore,1.348
1790902844.854,other_total,0.059
1790902844.854,store_0,0.000
1790902844.854,avail_mb,50261
1790902844.854,pswpin,907614
1790902845.863,api,0.050
1790902845.863,client,0.020
1790902845.863,enginecore,1.496
1790902845.863,other_total,0.000
1790902845.863,store_0,0.000
1790902845.863,avail_mb,50262
1790902845.863,pswpin,907614
1790902846.872,api,0.020
1790902846.872,client,0.000
1790902846.872,enginecore,0.674
1790902846.872,other_total,0.059
1790902846.872,store_0,0.000
1790902846.872,avail_mb,50263
1790902846.872,pswpin,907614
1790902847.880,api,0.040
1790902847.880,client,0.010
1790902847.880,enginecore,1.170
1790902847.880,other_total,0.000
1790902847.880,store_0,0.000
1790902847.880,avail_mb,50261
1790902847.880,pswpin,907614
1790902848.889,api,0.030
1790902848.889,client,0.000
1790902848.889,enginecore,1.111
1790902848.889,other_total,0.050
1790902848.889,store_0,0.000
1790902848.889,avail_mb,50262
1790902848.889,pswpin,907614
1790902849.897,api,0.030
1790902849.897,client,0.010
1790902849.897,enginecore,1.289
1790902849.897,other_total,0.030
1790902849.897,store_0,0.000
1790902849.897,avail_mb,50261
1790902849.897,pswpin,907614
1790902850.906,api,0.020
1790902850.906,client,0.000
1790902850.906,enginecore,0.793
1790902850.906,other_total,0.020
1790902850.906,store_0,0.000
1790902850.906,avail_mb,50263
1790902850.906,pswpin,907614
1790902851.914,api,0.030
1790902851.914,client,0.020
1790902851.914,enginecore,1.428
1790902851.914,other_total,0.020
1790902851.914,store_0,0.000
1790902851.914,avail_mb,50266
1790902851.914,pswpin,907614
1790902852.923,api,0.040
1790902852.923,client,0.010
1790902852.923,enginecore,1.368
1790902852.923,other_total,0.040
1790902852.923,store_0,0.000
1790902852.923,avail_mb,50265
1790902852.923,pswpin,907614
1790902853.932,api,0.040
1790902853.932,client,0.000
1790902853.932,enginecore,1.378
1790902853.932,other_total,0.050
1790902853.932,store_0,0.000
1790902853.932,avail_mb,50265
1790902853.932,pswpin,907614
1790902854.940,api,0.040
1790902854.940,client,0.010
1790902854.940,enginecore,1.279
1790902854.940,other_total,0.020
1790902854.940,store_0,0.000
1790902854.940,avail_mb,50266
1790902854.940,pswpin,907614
1790902855.948,api,0.030
1790902855.948,client,0.000
1790902855.948,enginecore,1.210
1790902855.948,other_total,0.020
1790902855.948,store_0,0.000
1790902855.948,avail_mb,50266
1790902855.948,pswpin,907614
1790902856.957,api,0.030
1790902856.957,client,0.010
1790902856.957,enginecore,0.892
1790902856.957,other_total,0.010
1790902856.957,store_0,0.000
1790902856.957,avail_mb,50266
1790902856.957,pswpin,907614
1790902857.966,api,0.040
1790902857.966,client,0.010
1790902857.966,enginecore,1.338
1790902857.966,other_total,0.000
1790902857.966,store_0,0.000
1790902857.966,avail_mb,50266
1790902857.966,pswpin,907614
1790902858.974,api,0.050
1790902858.974,client,0.010
1790902858.974,enginecore,1.517
1790902858.974,other_total,0.030
1790902858.974,store_0,0.000
1790902858.974,avail_mb,50271
1790902858.974,pswpin,907614
1790902859.983,api,0.050
1790902859.983,client,0.000
1790902859.983,enginecore,1.438
1790902859.983,other_total,0.040
1790902859.983,store_0,0.000
1790902859.983,avail_mb,50270
1790902859.983,pswpin,907614
1790902860.992,api,0.020
1790902860.992,client,0.020
1790902860.992,enginecore,0.773
1790902860.992,other_total,0.010
1790902860.992,store_0,0.000
1790902860.992,avail_mb,50270
1790902860.992,pswpin,907614
1790902862.000,api,0.030
1790902862.000,client,0.000
1790902862.000,enginecore,0.833
1790902862.000,other_total,0.040
1790902862.000,store_0,0.000
1790902862.000,avail_mb,50270
1790902862.000,pswpin,907614
1790902863.011,api,0.000
1790902863.011,client,0.000
1790902863.011,enginecore,0.049
1790902863.011,other_total,0.040
1790902863.011,store_0,0.000
1790902863.011,avail_mb,50270
1790902863.011,pswpin,907614
1790902864.019,api,0.030
1790902864.019,client,0.000
1790902864.019,enginecore,0.754
1790902864.019,other_total,0.020
1790902864.019,store_0,0.000
1790902864.019,avail_mb,50270
1790902864.019,pswpin,907614
1790902865.028,api,0.030
1790902865.028,client,0.010
1790902865.028,enginecore,1.369
1790902865.028,other_total,0.030
1790902865.028,store_0,0.000
1790902865.028,avail_mb,50269
1790902865.028,pswpin,907614
1790902866.036,api,0.040
1790902866.036,client,0.000
1790902866.036,enginecore,1.190
1790902866.036,other_total,0.000
1790902866.036,store_0,0.000
1790902866.036,avail_mb,50269
1790902866.036,pswpin,907614
1790902867.045,api,0.050
1790902867.045,client,0.010
1790902867.045,enginecore,1.348
1790902867.045,other_total,0.020
1790902867.045,store_0,0.000
1790902867.045,avail_mb,50271
1790902867.045,pswpin,907614
1790902868.053,api,0.030
1790902868.053,client,0.000
1790902868.053,enginecore,1.289
1790902868.053,other_total,0.040
1790902868.053,store_0,0.000
1790902868.053,avail_mb,50271
1790902868.053,pswpin,907614
1790902869.061,api,0.030
1790902869.061,client,0.010
1790902869.061,enginecore,0.942
1790902869.061,other_total,0.010
1790902869.061,store_0,0.000
1790902869.061,avail_mb,50271
1790902869.061,pswpin,907614
1790902870.070,api,0.020
1790902870.070,client,0.000
1790902870.070,enginecore,0.674
1790902870.070,other_total,0.030
1790902870.070,store_0,0.000
1790902870.070,avail_mb,50272
1790902870.070,pswpin,907614
1790902871.079,api,0.010
1790902871.079,client,0.000
1790902871.079,enginecore,0.585
1790902871.079,other_total,0.059
1790902871.079,store_0,0.000
1790902871.079,avail_mb,50274
1790902871.079,pswpin,907614
1790902872.087,api,0.050
1790902872.087,client,0.020
1790902872.087,enginecore,1.447
1790902872.087,other_total,0.020
1790902872.087,store_0,0.000
1790902872.087,avail_mb,50273
1790902872.087,pswpin,907614
1790902873.096,api,0.030
1790902873.096,client,0.000
1790902873.096,enginecore,1.368
1790902873.096,other_total,0.040
1790902873.096,store_0,0.000
1790902873.096,avail_mb,50275
1790902873.096,pswpin,907614
1790902874.105,api,0.030
1790902874.105,client,0.010
1790902874.105,enginecore,1.129
1790902874.105,other_total,0.059
1790902874.105,store_0,0.000
1790902874.105,avail_mb,50275
1790902874.105,pswpin,907614
1790902875.114,api,0.020
1790902875.114,client,0.000
1790902875.114,enginecore,0.902
1790902875.114,other_total,0.050
1790902875.114,store_0,0.000
1790902875.114,avail_mb,50275
1790902875.114,pswpin,907614
1790902876.123,api,0.040
1790902876.123,client,0.000
1790902876.123,enginecore,0.832
1790902876.123,other_total,0.010
1790902876.123,store_0,0.000
1790902876.123,avail_mb,50275
1790902876.123,pswpin,907614
1790902877.132,api,0.030
1790902877.132,client,0.010
1790902877.132,enginecore,0.892
1790902877.132,other_total,0.050
1790902877.132,store_0,0.000
1790902877.132,avail_mb,50275
1790902877.132,pswpin,907614
1790902878.141,api,0.040
1790902878.141,client,0.010
1790902878.141,enginecore,1.438
1790902878.141,other_total,0.030
1790902878.141,store_0,0.000
1790902878.141,avail_mb,50274
1790902878.141,pswpin,907614
1790902879.150,api,0.030
1790902879.150,client,0.000
1790902879.150,enginecore,1.210
1790902879.150,other_total,0.050
1790902879.150,store_0,0.000
1790902879.150,avail_mb,50275
1790902879.150,pswpin,907614
1790902880.159,api,0.030
1790902880.159,client,0.010
1790902880.159,enginecore,1.139
1790902880.159,other_total,0.020
1790902880.159,store_0,0.000
1790902880.159,avail_mb,50274
1790902880.159,pswpin,907614
1790902881.167,api,0.030
1790902881.167,client,0.000
1790902881.167,enginecore,0.833
1790902881.167,other_total,0.050
1790902881.167,store_0,0.000
1790902881.167,avail_mb,50275
1790902881.167,pswpin,907614
1790902882.176,api,0.020
1790902882.176,client,0.010
1790902882.176,enginecore,0.476
1790902882.176,other_total,0.030
1790902882.176,store_0,0.000
1790902882.176,avail_mb,50274
1790902882.176,pswpin,907614
1790902883.185,api,0.030
1790902883.185,client,0.000
1790902883.185,enginecore,1.477
1790902883.185,other_total,0.040
1790902883.185,store_0,0.000
1790902883.185,avail_mb,50275
1790902883.185,pswpin,907614
1790902884.193,api,0.050
1790902884.193,client,0.020
1790902884.193,enginecore,1.586
1790902884.193,other_total,0.000
1790902884.193,store_0,0.000
1790902884.193,avail_mb,50275
1790902884.193,pswpin,907614
1790902885.202,api,0.040
1790902885.202,client,0.010
1790902885.202,enginecore,1.289
1790902885.202,other_total,0.030
1790902885.202,store_0,0.000
1790902885.202,avail_mb,50274
1790902885.202,pswpin,907614
1790902886.211,api,0.030
1790902886.211,client,0.010
1790902886.211,enginecore,1.537
1790902886.211,other_total,0.040
1790902886.211,store_0,0.000
1790902886.211,avail_mb,50274
1790902886.211,pswpin,907614
1790902887.220,api,0.040
1790902887.220,client,0.000
1790902887.220,enginecore,0.932
1790902887.220,other_total,0.040
1790902887.220,store_0,0.000
1790902887.220,avail_mb,50273
1790902887.220,pswpin,907614
1790902888.228,api,0.040
1790902888.228,client,0.000
1790902888.228,enginecore,1.289
1790902888.228,other_total,0.020
1790902888.228,store_0,0.000
1790902888.228,avail_mb,50273
1790902888.228,pswpin,907614
1790902889.237,api,0.020
1790902889.237,client,0.010
1790902889.237,enginecore,1.011
1790902889.237,other_total,0.020
1790902889.237,store_0,0.000
1790902889.237,avail_mb,50272
1790902889.237,pswpin,907614
1790902890.245,api,0.030
1790902890.245,client,0.010
1790902890.245,enginecore,0.932
1790902890.245,other_total,0.010
1790902890.245,store_0,0.000
1790902890.245,avail_mb,50272
1790902890.245,pswpin,907614
1790902891.254,api,0.020
1790902891.254,client,0.000
1790902891.254,enginecore,1.071
1790902891.254,other_total,0.030
1790902891.254,store_0,0.000
1790902891.254,avail_mb,50269
1790902891.254,pswpin,907614
1790902892.262,api,0.040
1790902892.262,client,0.010
1790902892.262,enginecore,1.210
1790902892.262,other_total,0.000
1790902892.262,store_0,0.000
1790902892.262,avail_mb,50269
1790902892.262,pswpin,907614
1790902893.271,api,0.050
1790902893.271,client,0.000
1790902893.271,enginecore,1.328
1790902893.271,other_total,0.000
1790902893.271,store_0,0.000
1790902893.271,avail_mb,50266
1790902893.271,pswpin,907614
1790902894.279,api,0.020
1790902894.279,client,0.010
1790902894.279,enginecore,1.299
1790902894.279,other_total,0.000
1790902894.279,store_0,0.000
1790902894.279,avail_mb,50266
1790902894.279,pswpin,907614
1790902895.288,api,0.010
1790902895.288,client,0.000
1790902895.288,enginecore,0.486
1790902895.288,other_total,0.040
1790902895.288,store_0,0.000
1790902895.288,avail_mb,50266
1790902895.288,pswpin,907614
1790902896.296,api,0.020
1790902896.296,client,0.000
1790902896.296,enginecore,1.269
1790902896.296,other_total,0.010
1790902896.296,store_0,0.000
1790902896.296,avail_mb,50266
1790902896.296,pswpin,907614
1790902897.305,api,0.040
1790902897.305,client,0.010
1790902897.305,enginecore,1.130
1790902897.305,other_total,0.000
1790902897.305,store_0,0.000
1790902897.305,avail_mb,50265
1790902897.305,pswpin,907614
1790902898.313,api,0.030
1790902898.313,client,0.000
1790902898.313,enginecore,1.369
1790902898.313,other_total,0.030
1790902898.313,store_0,0.000
1790902898.313,avail_mb,50263
1790902898.313,pswpin,907614
1790902899.322,api,0.030
1790902899.322,client,0.010
1790902899.322,enginecore,1.209
1790902899.322,other_total,0.030
1790902899.322,store_0,0.000
1790902899.322,avail_mb,50262
1790902899.322,pswpin,907614
1790902900.331,api,0.020
1790902900.331,client,0.000
1790902900.331,enginecore,1.110
1790902900.331,other_total,0.040
1790902900.331,store_0,0.000
1790902900.331,avail_mb,50262
1790902900.331,pswpin,907614
1790902901.340,api,0.030
1790902901.340,client,0.010
1790902901.340,enginecore,0.614
1790902901.340,other_total,0.000
1790902901.340,store_0,0.000
1790902901.340,avail_mb,50264
1790902901.340,pswpin,907614
1790902902.348,api,0.020
1790902902.348,client,0.000
1790902902.348,enginecore,0.754
1790902902.348,other_total,0.040
1790902902.348,store_0,0.000
1790902902.348,avail_mb,50264
1790902902.348,pswpin,907614
1790902903.359,api,0.000
1790902903.359,client,0.000
1790902903.359,enginecore,0.178
1790902903.359,other_total,0.059
1790902903.359,store_0,0.000
1790902903.359,avail_mb,50263
1790902903.359,pswpin,907614
1790902904.368,api,0.050
1790902904.368,client,0.000
1790902904.368,enginecore,1.200
1790902904.368,other_total,0.010
1790902904.368,store_0,0.000
1790902904.368,avail_mb,50263
1790902904.368,pswpin,907614
1790902905.377,api,0.020
1790902905.377,client,0.010
1790902905.377,enginecore,0.952
1790902905.377,other_total,0.050
1790902905.377,store_0,0.000
1790902905.377,avail_mb,50263
1790902905.377,pswpin,907614
1790902906.385,api,0.040
1790902906.385,client,0.010
1790902906.385,enginecore,1.547
1790902906.385,other_total,0.030
1790902906.385,store_0,0.000
1790902906.385,avail_mb,50263
1790902906.385,pswpin,907614
1790902907.394,api,0.050
1790902907.394,client,0.030
1790902907.394,enginecore,1.319
1790902907.394,other_total,0.010
1790902907.394,store_0,0.000
1790902907.394,avail_mb,50262
1790902907.394,pswpin,907614
1790902908.402,api,0.030
1790902908.402,client,0.010
1790902908.402,enginecore,1.140
1790902908.402,other_total,0.050
1790902908.402,store_0,0.000
1790902908.402,avail_mb,50262
1790902908.402,pswpin,907614
1790902909.411,api,0.030
1790902909.411,client,0.000
1790902909.411,enginecore,0.872
1790902909.411,other_total,0.040
1790902909.411,store_0,0.000
1790902909.411,avail_mb,50261
1790902909.411,pswpin,907614
1790902910.420,api,0.030
1790902910.420,client,0.010
1790902910.420,enginecore,1.229
1790902910.420,other_total,0.020
1790902910.420,store_0,0.000
1790902910.420,avail_mb,50261
1790902910.420,pswpin,907614
1790902911.431,api,0.000
1790902911.431,client,0.010
1790902911.431,enginecore,0.059
1790902911.431,other_total,0.030
1790902911.431,store_0,0.000
1790902911.431,avail_mb,50261
1790902911.431,pswpin,907614
1790902912.441,api,0.000
1790902912.441,client,0.000
1790902912.441,enginecore,0.020
1790902912.441,other_total,0.069
1790902912.441,store_0,0.000
1790902912.441,avail_mb,50262
1790902912.441,pswpin,907614
1790902913.452,api,0.010
1790902913.452,client,0.000
1790902913.452,enginecore,0.020
1790902913.452,other_total,0.040
1790902913.452,store_0,0.000
1790902913.452,avail_mb,50261
1790902913.452,pswpin,907614
1790902914.462,api,0.030
1790902914.462,client,0.010
1790902914.462,enginecore,0.971
1790902914.462,other_total,0.020
1790902914.462,store_0,0.000
1790902914.462,avail_mb,50261
1790902914.462,pswpin,907614
1790902915.471,api,0.050
1790902915.471,client,0.020
1790902915.471,enginecore,1.447
1790902915.471,other_total,0.040
1790902915.471,store_0,0.000
1790902915.471,avail_mb,50261
1790902915.471,pswpin,907614
1790902916.480,api,0.040
1790902916.480,client,0.020
1790902916.480,enginecore,1.377
1790902916.480,other_total,0.030
1790902916.480,store_0,0.000
1790902916.480,avail_mb,50264
1790902916.480,pswpin,907614
1790902917.489,api,0.050
1790902917.489,client,0.010
1790902917.489,enginecore,1.438
1790902917.489,other_total,0.040
1790902917.489,store_0,0.000
1790902917.489,avail_mb,50264
1790902917.489,pswpin,907614
1790902918.498,api,0.040
1790902918.498,client,0.010
1790902918.498,enginecore,1.378
1790902918.498,other_total,0.030
1790902918.498,store_0,0.000
1790902918.498,avail_mb,50265
1790902918.498,pswpin,907614
1790902919.506,api,0.020
1790902919.506,client,0.010
1790902919.506,enginecore,0.922
1790902919.506,other_total,0.020
1790902919.506,store_0,0.000
1790902919.506,avail_mb,50265
1790902919.506,pswpin,907614
1790902920.515,api,0.040
1790902920.515,client,0.010
1790902920.515,enginecore,1.368
1790902920.515,other_total,0.010
1790902920.515,store_0,0.000
1790902920.515,avail_mb,50265
1790902920.515,pswpin,907614
1790902921.523,api,0.040
1790902921.523,client,0.020
1790902921.523,enginecore,1.299
1790902921.523,other_total,0.000
1790902921.523,store_0,0.000
1790902921.523,avail_mb,50263
1790902921.523,pswpin,907614
1790902922.532,api,0.040
1790902922.532,client,0.020
1790902922.532,enginecore,1.447
1790902922.532,other_total,0.000
1790902922.532,store_0,0.000
1790902922.532,avail_mb,50262
1790902922.532,pswpin,907614
1790902923.540,api,0.040
1790902923.540,client,0.010
1790902923.540,enginecore,1.220
1790902923.540,other_total,0.000
1790902923.540,store_0,0.000
1790902923.540,avail_mb,50262
1790902923.540,pswpin,907614
1790902924.549,api,0.040
1790902924.549,client,0.010
1790902924.549,enginecore,1.051
1790902924.549,other_total,0.000
1790902924.549,store_0,0.000
1790902924.549,avail_mb,50262
1790902924.549,pswpin,907614
1790902925.558,api,0.020
1790902925.558,client,0.000
1790902925.558,enginecore,0.496
1790902925.558,other_total,0.139
1790902925.558,store_0,0.000
1790902925.558,avail_mb,50259
1790902925.558,pswpin,907614
1790902926.566,api,0.020
1790902926.566,client,0.010
1790902926.566,enginecore,1.239
1790902926.566,other_total,0.238
1790902926.566,store_0,0.000
1790902926.566,avail_mb,50240
1790902926.566,pswpin,907617
1790902927.575,api,0.030
1790902927.575,client,0.020
1790902927.575,enginecore,1.130
1790902927.575,other_total,0.188
1790902927.575,store_0,0.000
1790902927.575,avail_mb,50224
1790902927.575,pswpin,907617
1790902928.584,api,0.050
1790902928.584,client,0.010
1790902928.584,enginecore,1.358
1790902928.584,other_total,0.020
1790902928.584,store_0,0.000
1790902928.584,avail_mb,50225
1790902928.584,pswpin,907617
1790902929.593,api,0.030
1790902929.593,client,0.010
1790902929.593,enginecore,1.319
1790902929.593,other_total,0.040
1790902929.593,store_0,0.000
1790902929.593,avail_mb,50225
1790902929.593,pswpin,907617
1790902930.601,api,0.030
1790902930.601,client,0.010
1790902930.601,enginecore,1.170
1790902930.601,other_total,0.030
1790902930.601,store_0,0.000
1790902930.601,avail_mb,50230
1790902930.601,pswpin,907617
1790902931.610,api,0.050
1790902931.610,client,0.020
1790902931.610,enginecore,1.457
1790902931.610,other_total,0.040
1790902931.610,store_0,0.000
1790902931.610,avail_mb,50225
1790902931.610,pswpin,907617
1790902932.619,api,0.040
1790902932.619,client,0.010
1790902932.619,enginecore,1.288
1790902932.619,other_total,0.030
1790902932.619,store_0,0.000
1790902932.619,avail_mb,50226
1790902932.619,pswpin,907617
1790902933.628,api,0.040
1790902933.628,client,0.000
1790902933.628,enginecore,1.477
1790902933.628,other_total,0.020
1790902933.628,store_0,0.000
1790902933.628,avail_mb,50226
1790902933.628,pswpin,907617
1790902934.636,api,0.050
1790902934.636,client,0.030
1790902934.636,enginecore,1.299
1790902934.636,other_total,0.030
1790902934.636,store_0,0.000
1790902934.636,avail_mb,50225
1790902934.636,pswpin,907617
1790902935.646,api,0.030
1790902935.646,client,0.010
1790902935.646,enginecore,1.169
1790902935.646,other_total,0.040
1790902935.646,store_0,0.000
1790902935.646,avail_mb,50225
1790902935.646,pswpin,907617
1790902936.655,api,0.030
1790902936.655,client,0.010
1790902936.655,enginecore,1.060
1790902936.655,other_total,0.020
1790902936.655,store_0,0.000
1790902936.655,avail_mb,50224
1790902936.655,pswpin,907617
1790902937.663,api,0.040
1790902937.663,client,0.010
1790902937.663,enginecore,1.240
1790902937.663,other_total,0.069
1790902937.663,store_0,0.000
1790902937.663,avail_mb,50222
1790902937.663,pswpin,907617
1790902938.672,api,0.030
1790902938.672,client,0.000
1790902938.672,enginecore,0.813
1790902938.672,other_total,0.030
1790902938.672,store_0,0.000
1790902938.672,avail_mb,50222
1790902938.672,pswpin,907617
1790902939.681,api,0.030
1790902939.681,client,0.010
1790902939.681,enginecore,1.199
1790902939.681,other_total,0.030
1790902939.681,store_0,0.000
1790902939.681,avail_mb,50222
1790902939.681,pswpin,907617
1790902940.690,api,0.030
1790902940.690,client,0.010
1790902940.690,enginecore,1.210
1790902940.690,other_total,0.040
1790902940.690,store_0,0.000
1790902940.690,avail_mb,50221
1790902940.690,pswpin,907617
1790902941.699,api,0.040
1790902941.699,client,0.010
1790902941.699,enginecore,1.219
1790902941.699,other_total,0.030
1790902941.699,store_0,0.000
1790902941.699,avail_mb,50220
1790902941.699,pswpin,907617
1790902942.708,api,0.030
1790902942.708,client,0.010
1790902942.708,enginecore,0.892
1790902942.708,other_total,0.099
1790902942.708,store_0,0.000
1790902942.708,avail_mb,50237
1790902942.708,pswpin,907617
1790902943.718,api,0.020
1790902943.718,client,0.020
1790902943.718,enginecore,0.841
1790902943.718,other_total,0.020
1790902943.718,store_0,0.000
1790902943.718,avail_mb,50237
1790902943.718,pswpin,907617
1790902944.727,api,0.040
1790902944.727,client,0.010
1790902944.727,enginecore,1.329
1790902944.727,other_total,0.050
1790902944.727,store_0,0.000
1790902944.727,avail_mb,50237
1790902944.727,pswpin,907617
1790902945.736,api,0.030
1790902945.736,client,0.020
1790902945.736,enginecore,1.358
1790902945.736,other_total,0.040
1790902945.736,store_0,0.000
1790902945.736,avail_mb,50239
1790902945.736,pswpin,907617
1790902946.744,api,0.050
1790902946.744,client,0.010
1790902946.744,enginecore,1.537
1790902946.744,other_total,0.010
1790902946.744,store_0,0.000
1790902946.744,avail_mb,50238
1790902946.744,pswpin,907617
1790902947.754,api,0.040
1790902947.754,client,0.010
1790902947.754,enginecore,1.287
1790902947.754,other_total,0.010
1790902947.754,store_0,0.000
1790902947.754,avail_mb,50239
1790902947.754,pswpin,907617
1790902948.763,api,0.030
1790902948.763,client,0.010
1790902948.763,enginecore,1.071
1790902948.763,other_total,0.010
1790902948.763,store_0,0.000
1790902948.763,avail_mb,50239
1790902948.763,pswpin,907617
1790902949.771,api,0.040
1790902949.771,client,0.010
1790902949.771,enginecore,0.942
1790902949.771,other_total,0.010
1790902949.771,store_0,0.000
1790902949.771,avail_mb,50239
1790902949.771,pswpin,907617
1790902950.780,api,0.030
1790902950.780,client,0.020
1790902950.780,enginecore,1.200
1790902950.780,other_total,0.000
1790902950.780,store_0,0.000
1790902950.780,avail_mb,50239
1790902950.780,pswpin,907617
1790902951.788,api,0.010
1790902951.788,client,0.000
1790902951.788,enginecore,0.297
1790902951.788,other_total,0.040
1790902951.788,store_0,0.000
1790902951.788,avail_mb,50240
1790902951.788,pswpin,907617
1790902952.797,api,0.020
1790902952.797,client,0.010
1790902952.797,enginecore,0.694
1790902952.797,other_total,0.010
1790902952.797,store_0,0.000
1790902952.797,avail_mb,50238
1790902952.797,pswpin,907617
1790902953.805,api,0.050
1790902953.805,client,0.010
1790902953.805,enginecore,1.468
1790902953.805,other_total,0.000
1790902953.805,store_0,0.000
1790902953.805,avail_mb,50241
1790902953.805,pswpin,907617
1790902954.814,api,0.040
1790902954.814,client,0.020
1790902954.814,enginecore,1.557
1790902954.814,other_total,0.050
1790902954.814,store_0,0.000
1790902954.814,avail_mb,50242
1790902954.814,pswpin,907617
1790902955.822,api,0.030
1790902955.822,client,0.010
1790902955.822,enginecore,1.051
1790902955.822,other_total,0.030
1790902955.822,store_0,0.000
1790902955.822,avail_mb,50246
1790902955.822,pswpin,907617
1790902956.831,api,0.040
1790902956.831,client,0.010
1790902956.831,enginecore,1.051
1790902956.831,other_total,0.040
1790902956.831,store_0,0.000
1790902956.831,avail_mb,50246
1790902956.831,pswpin,907617
1790902957.839,api,0.040
1790902957.839,client,0.010
1790902957.839,enginecore,1.299
1790902957.839,other_total,0.000
1790902957.839,store_0,0.000
1790902957.839,avail_mb,50245
1790902957.839,pswpin,907617
1790902958.847,api,0.030
1790902958.847,client,0.010
1790902958.847,enginecore,1.289
1790902958.847,other_total,0.060
1790902958.847,store_0,0.000
1790902958.847,avail_mb,50244
1790902958.847,pswpin,907617
1790902959.856,api,0.040
1790902959.856,client,0.020
1790902959.856,enginecore,0.962
1790902959.856,other_total,0.010
1790902959.856,store_0,0.000
1790902959.856,avail_mb,50247
1790902959.856,pswpin,907617
1790902960.864,api,0.030
1790902960.864,client,0.010
1790902960.864,enginecore,1.269
1790902960.864,other_total,0.050
1790902960.864,store_0,0.000
1790902960.864,avail_mb,50245
1790902960.864,pswpin,907617
1790902961.873,api,0.040
1790902961.873,client,0.010
1790902961.873,enginecore,1.299
1790902961.873,other_total,0.030
1790902961.873,store_0,0.000
1790902961.873,avail_mb,50243
1790902961.873,pswpin,907617
1790902962.881,api,0.030
1790902962.881,client,0.010
1790902962.881,enginecore,1.210
1790902962.881,other_total,0.040
1790902962.881,store_0,0.000
1790902962.881,avail_mb,50243
1790902962.881,pswpin,907617
1790902963.891,api,0.050
1790902963.891,client,0.010
1790902963.891,enginecore,1.288
1790902963.891,other_total,0.050
1790902963.891,store_0,0.000
1790902963.891,avail_mb,50243
1790902963.891,pswpin,907617
1790902964.900,api,0.020
1790902964.900,client,0.000
1790902964.900,enginecore,0.743
1790902964.900,other_total,0.050
1790902964.900,store_0,0.000
1790902964.900,avail_mb,50243
1790902964.900,pswpin,907617
1790902965.908,api,0.030
1790902965.908,client,0.030
1790902965.908,enginecore,1.299
1790902965.908,other_total,0.030
1790902965.908,store_0,0.000
1790902965.908,avail_mb,50243
1790902965.908,pswpin,907617
1790902966.917,api,0.050
1790902966.917,client,0.010
1790902966.917,enginecore,1.398
1790902966.917,other_total,0.050
1790902966.917,store_0,0.000
1790902966.917,avail_mb,50244
1790902966.917,pswpin,907617
1790902967.926,api,0.020
1790902967.926,client,0.000
1790902967.926,enginecore,0.704
1790902967.926,other_total,0.030
1790902967.926,store_0,0.000
1790902967.926,avail_mb,50244
1790902967.926,pswpin,907617
1790902968.937,api,0.000
1790902968.937,client,0.000
1790902968.937,enginecore,0.020
1790902968.937,other_total,0.059
1790902968.937,store_0,0.000
1790902968.937,avail_mb,50242
1790902968.937,pswpin,907617
1790902969.946,api,0.040
1790902969.946,client,0.010
1790902969.946,enginecore,1.249
1790902969.946,other_total,0.059
1790902969.946,store_0,0.000
1790902969.946,avail_mb,50242
1790902969.946,pswpin,907617
1790902970.954,api,0.040
1790902970.954,client,0.020
1790902970.954,enginecore,1.299
1790902970.954,other_total,0.000
1790902970.954,store_0,0.000
1790902970.954,avail_mb,50240
1790902970.954,pswpin,907617
1790902971.963,api,0.020
1790902971.963,client,0.000
1790902971.963,enginecore,0.734
1790902971.963,other_total,0.040
1790902971.963,store_0,0.000
1790902971.963,avail_mb,50240
1790902971.963,pswpin,907617
1790902972.971,api,0.040
1790902972.971,client,0.010
1790902972.971,enginecore,1.230
1790902972.971,other_total,0.020
1790902972.971,store_0,0.000
1790902972.971,avail_mb,50240
1790902972.971,pswpin,907617
1790902973.979,api,0.040
1790902973.979,client,0.020
1790902973.979,enginecore,1.438
1790902973.979,other_total,0.020
1790902973.979,store_0,0.000
1790902973.979,avail_mb,50241
1790902973.979,pswpin,907617
1790902974.988,api,0.020
1790902974.988,client,0.010
1790902974.988,enginecore,0.783
1790902974.988,other_total,0.010
1790902974.988,store_0,0.000
1790902974.988,avail_mb,50241
1790902974.988,pswpin,907617
1790902975.997,api,0.020
1790902975.997,client,0.000
1790902975.997,enginecore,0.526
1790902975.997,other_total,0.030
1790902975.997,store_0,0.000
1790902975.997,avail_mb,50240
1790902975.997,pswpin,907617
1790902977.005,api,0.040
1790902977.005,client,0.020
1790902977.005,enginecore,1.378
1790902977.005,other_total,0.030
1790902977.005,store_0,0.000
1790902977.005,avail_mb,50240
1790902977.005,pswpin,907617
1790902978.014,api,0.030
1790902978.014,client,0.000
1790902978.014,enginecore,0.674
1790902978.014,other_total,0.010
1790902978.014,store_0,0.000
1790902978.014,avail_mb,50240
1790902978.014,pswpin,907617
1790902979.023,api,0.030
1790902979.023,client,0.010
1790902979.023,enginecore,1.219
1790902979.023,other_total,0.020
1790902979.023,store_0,0.000
1790902979.023,avail_mb,50239
1790902979.023,pswpin,907617
1790902980.032,api,0.030
1790902980.032,client,0.010
1790902980.032,enginecore,1.288
1790902980.032,other_total,0.010
1790902980.032,store_0,0.000
1790902980.032,avail_mb,50238
1790902980.032,pswpin,907617
1790902981.043,api,0.000
1790902981.043,enginecore,0.030
1790902981.043,other_total,0.069
1790902981.043,store_0,0.000
1790902981.043,avail_mb,50284
1790902981.043,pswpin,907617
1790902982.054,api,0.000
1790902982.054,enginecore,0.020
1790902982.054,other_total,0.020
1790902982.054,store_0,0.000
1790902982.054,avail_mb,50285
1790902982.054,pswpin,907617
1790902983.064,api,0.000
1790902983.064,enginecore,0.020
1790902983.064,other_total,0.059
1790902983.064,store_0,0.000
1790902983.064,avail_mb,50282
1790902983.064,pswpin,907617
1790902984.075,api,0.010
1790902984.075,enginecore,0.020
1790902984.075,other_total,0.040
1790902984.075,store_0,0.000
1790902984.075,avail_mb,50282
1790902984.075,pswpin,907617
1790902985.085,api,0.000
1790902985.085,enginecore,0.020
1790902985.085,other_total,0.040
1790902985.085,store_0,0.000
1790902985.085,avail_mb,50282
1790902985.085,pswpin,907617
1790902986.096,api,0.000
1790902986.096,enginecore,0.010
1790902986.096,other_total,0.069
1790902986.096,store_0,0.000
1790902986.096,avail_mb,50282
1790902986.096,pswpin,907617
1790902987.107,api,0.010
1790902987.107,enginecore,0.010
1790902987.107,other_total,2.227
1790902987.107,store_0,0.000
1790902987.107,avail_mb,50192
1790902987.107,pswpin,907617
1790902988.117,api,0.000
1790902988.117,client,0.000
1790902988.117,enginecore,0.020
1790902988.117,other_total,0.059
1790902988.117,store_0,0.000
1790902988.117,avail_mb,50193
1790902988.117,pswpin,907617
1790902989.128,api,0.010
1790902989.128,client,0.000
1790902989.128,enginecore,0.020
1790902989.128,other_total,0.059
1790902989.128,store_0,0.000
1790902989.128,avail_mb,50199
1790902989.128,pswpin,907617
1790902990.139,api,0.000
1790902990.139,client,0.000
1790902990.139,enginecore,0.010
1790902990.139,other_total,0.089
1790902990.139,store_0,0.000
1790902990.139,avail_mb,50200
1790902990.139,pswpin,907617
1790902991.149,api,0.000
1790902991.149,client,0.000
1790902991.149,enginecore,0.020
1790902991.149,other_total,0.208
1790902991.149,store_0,0.000
1790902991.149,avail_mb,50164
1790902991.149,pswpin,907617
1790902992.160,api,0.000
1790902992.160,client,0.000
1790902992.160,enginecore,0.198
1790902992.160,other_total,0.049
1790902992.160,store_0,0.000
1790902992.160,avail_mb,50164
1790902992.160,pswpin,907617
1790902993.171,api,0.000
1790902993.171,client,0.000
1790902993.171,enginecore,0.010
1790902993.171,other_total,0.049
1790902993.171,store_0,0.000
1790902993.171,avail_mb,50167
1790902993.171,pswpin,907617
1790902994.181,api,0.010
1790902994.181,client,0.000
1790902994.181,enginecore,0.168
1790902994.181,other_total,0.049
1790902994.181,store_0,0.000
1790902994.181,avail_mb,50167
1790902994.181,pswpin,907617
1790902995.192,api,0.000
1790902995.192,client,0.000
1790902995.192,enginecore,0.020
1790902995.192,other_total,0.030
1790902995.192,store_0,0.000
1790902995.192,avail_mb,50171
1790902995.192,pswpin,907617
1790902996.203,api,0.000
1790902996.203,client,0.000
1790902996.203,enginecore,0.010
1790902996.203,other_total,0.079
1790902996.203,store_0,0.000
1790902996.203,avail_mb,50173
1790902996.203,pswpin,907617
1790902997.218,api,0.010
1790902997.218,client,0.010
1790902997.218,enginecore,1.142
1790902997.218,other_total,0.049
1790902997.218,store_0,0.030
1790902997.218,avail_mb,50181
1790902997.218,pswpin,907617
1790902998.229,api,0.000
1790902998.229,client,0.000
1790902998.229,enginecore,0.247
1790902998.229,other_total,0.059
1790902998.229,store_0,0.000
1790902998.229,avail_mb,50186
1790902998.229,pswpin,907617
1790902999.240,api,0.000
1790902999.240,client,0.000
1790902999.240,enginecore,0.020
1790902999.240,other_total,0.020
1790902999.240,store_0,0.000
1790902999.240,avail_mb,50189
1790902999.240,pswpin,907617
1790903000.250,api,0.010
1790903000.250,client,0.000
1790903000.250,enginecore,1.148
1790903000.250,other_total,0.040
1790903000.250,store_0,0.020
1790903000.250,avail_mb,50191
1790903000.250,pswpin,907617
1790903001.261,api,0.000
1790903001.261,client,0.000
1790903001.261,enginecore,1.138
1790903001.261,other_total,0.040
1790903001.261,store_0,0.030
1790903001.261,avail_mb,50192
1790903001.261,pswpin,907617
1790903002.277,api,0.010
1790903002.277,client,0.000
1790903002.277,enginecore,1.024
1790903002.277,other_total,0.079
1790903002.277,store_0,0.030
1790903002.277,avail_mb,50205
1790903002.277,pswpin,907617
1790903003.288,api,0.000
1790903003.288,client,0.000
1790903003.288,enginecore,0.198
1790903003.288,other_total,0.020
1790903003.288,store_0,0.000
1790903003.288,avail_mb,50203
1790903003.288,pswpin,907617
1790903004.298,api,0.000
1790903004.298,client,0.000
1790903004.298,enginecore,0.010
1790903004.298,other_total,0.030
1790903004.298,store_0,0.000
1790903004.298,avail_mb,50203
1790903004.298,pswpin,907617
1790903005.309,api,0.000
1790903005.309,client,0.000
1790903005.309,enginecore,0.020
1790903005.309,other_total,0.059
1790903005.309,store_0,0.000
1790903005.309,avail_mb,50202
1790903005.309,pswpin,907617
1790903006.320,api,0.010
1790903006.320,client,0.000
1790903006.320,enginecore,0.020
1790903006.320,other_total,0.049
1790903006.320,store_0,0.000
1790903006.320,avail_mb,50202
1790903006.320,pswpin,907617
1790903007.330,api,0.000
1790903007.330,client,0.000
1790903007.330,enginecore,1.138
1790903007.330,other_total,0.049
1790903007.330,store_0,0.040
1790903007.330,avail_mb,50201
1790903007.330,pswpin,907617
1790903008.341,api,0.000
1790903008.341,client,0.000
1790903008.341,enginecore,0.020
1790903008.341,other_total,0.030
1790903008.341,store_0,0.000
1790903008.341,avail_mb,50201
1790903008.341,pswpin,907617
1790903009.351,api,0.010
1790903009.351,client,0.000
1790903009.351,enginecore,1.148
1790903009.351,other_total,0.049
1790903009.351,store_0,0.020
1790903009.351,avail_mb,50203
1790903009.351,pswpin,907617
1790903010.362,api,0.000
1790903010.362,client,0.000
1790903010.362,enginecore,0.020
1790903010.362,other_total,0.040
1790903010.362,store_0,0.000
1790903010.362,avail_mb,50204
1790903010.362,pswpin,907617
1790903011.373,api,0.000
1790903011.373,client,0.000
1790903011.373,enginecore,1.148
1790903011.373,other_total,0.040
1790903011.373,store_0,0.030
1790903011.373,avail_mb,50208
1790903011.373,pswpin,907617
1790903012.384,api,0.010
1790903012.384,client,0.000
1790903012.384,enginecore,0.010
1790903012.384,other_total,0.099
1790903012.384,store_0,0.000
1790903012.384,avail_mb,50215
1790903012.384,pswpin,907617
1790903013.394,api,0.000
1790903013.394,client,0.000
1790903013.394,enginecore,0.030
1790903013.394,other_total,0.020
1790903013.394,store_0,0.000
1790903013.394,avail_mb,50214
1790903013.394,pswpin,907617
1790903014.405,api,0.000
1790903014.405,client,0.000
1790903014.405,enginecore,0.010
1790903014.405,other_total,0.069
1790903014.405,store_0,0.000
1790903014.405,avail_mb,50221
1790903014.405,pswpin,907617
1790903015.416,api,0.000
1790903015.416,client,0.000
1790903015.416,enginecore,0.010
1790903015.416,other_total,0.059
1790903015.416,store_0,0.000
1790903015.416,avail_mb,50223
1790903015.416,pswpin,907617
1790903016.427,api,0.010
1790903016.427,client,0.010
1790903016.427,enginecore,1.148
1790903016.427,other_total,0.069
1790903016.427,store_0,0.020
1790903016.427,avail_mb,50226
1790903016.427,pswpin,907617
1790903017.437,api,0.000
1790903017.437,client,0.000
1790903017.437,enginecore,0.010
1790903017.437,other_total,0.049
1790903017.437,store_0,0.000
1790903017.437,avail_mb,50225
1790903017.437,pswpin,907617
1790903018.448,api,0.010
1790903018.448,client,0.000
1790903018.448,enginecore,1.147
1790903018.448,other_total,0.049
1790903018.448,store_0,0.030
1790903018.448,avail_mb,50228
1790903018.448,pswpin,907617
1790903019.459,api,0.000
1790903019.459,client,0.000
1790903019.459,enginecore,1.207
1790903019.459,other_total,0.040
1790903019.459,store_0,0.030
1790903019.459,avail_mb,50231
1790903019.459,pswpin,907617
1790903020.469,api,0.000
1790903020.469,client,0.000
1790903020.469,enginecore,0.010
1790903020.469,other_total,0.030
1790903020.469,store_0,0.000
1790903020.469,avail_mb,50231
1790903020.469,pswpin,907617
1790903021.480,api,0.000
1790903021.480,client,0.000
1790903021.480,enginecore,0.020
1790903021.480,other_total,0.049
1790903021.480,store_0,0.000
1790903021.480,avail_mb,50231
1790903021.480,pswpin,907617
1790903022.491,api,0.010
1790903022.491,client,0.000
1790903022.491,enginecore,0.000
1790903022.491,other_total,0.030
1790903022.491,store_0,0.000
1790903022.491,avail_mb,50230
1790903022.491,pswpin,907617
1790903023.502,api,0.000
1790903023.502,client,0.000
1790903023.502,enginecore,0.020
1790903023.502,other_total,0.049
1790903023.502,store_0,0.000
1790903023.502,avail_mb,50229
1790903023.502,pswpin,907617
1790903024.512,api,0.000
1790903024.512,enginecore,1.158
1790903024.512,other_total,0.049
1790903024.512,store_0,0.030
1790903024.512,avail_mb,50274
1790903024.512,pswpin,907617
1790903025.523,api,0.000
1790903025.523,enginecore,0.010
1790903025.523,other_total,0.049
1790903025.523,store_0,0.000
1790903025.523,avail_mb,50272
1790903025.523,pswpin,907617
1790903026.533,api,0.010
1790903026.533,enginecore,0.020
1790903026.533,other_total,2.078
1790903026.533,store_0,0.000
1790903026.533,avail_mb,50220
1790903026.533,pswpin,907617
1790903027.544,api,0.000
1790903027.544,client,0.000
1790903027.544,enginecore,0.010
1790903027.544,other_total,0.069
1790903027.544,store_0,0.000
1790903027.544,avail_mb,50219
1790903027.544,pswpin,907617
1790903028.555,api,0.000
1790903028.555,client,0.000
1790903028.555,enginecore,0.010
1790903028.555,other_total,0.079
1790903028.555,store_0,0.000
1790903028.555,avail_mb,50218
1790903028.555,pswpin,907617
1790903029.566,api,0.000
1790903029.566,client,0.000
1790903029.566,enginecore,0.020
1790903029.566,other_total,0.049
1790903029.566,store_0,0.000
1790903029.566,avail_mb,50219
1790903029.566,pswpin,907617
1790903030.575,api,0.050
1790903030.575,client,0.020
1790903030.575,enginecore,4.203
1790903030.575,other_total,0.040
1790903030.575,store_0,0.069
1790903030.575,avail_mb,50223
1790903030.575,pswpin,907617
1790903031.588,api,0.030
1790903031.588,client,0.010
1790903031.588,enginecore,2.764
1790903031.588,other_total,0.030
1790903031.588,store_0,0.049
1790903031.588,avail_mb,50236
1790903031.588,pswpin,907617
1790903032.598,api,0.040
1790903032.598,client,0.010
1790903032.598,enginecore,3.418
1790903032.598,other_total,0.000
1790903032.598,store_0,0.050
1790903032.598,avail_mb,50238
1790903032.598,pswpin,907617
1790903033.609,api,0.030
1790903033.609,client,0.000
1790903033.609,enginecore,2.966
1790903033.609,other_total,0.040
1790903033.609,store_0,0.059
1790903033.609,avail_mb,50234
1790903033.609,pswpin,907617
1790903034.618,api,0.030
1790903034.618,client,0.010
1790903034.618,enginecore,3.093
1790903034.618,other_total,0.010
1790903034.618,store_0,0.040
1790903034.618,avail_mb,50235
1790903034.618,pswpin,907617
1790903035.627,api,0.030
1790903035.627,client,0.000
1790903035.627,enginecore,4.044
1790903035.627,other_total,0.020
1790903035.627,store_0,0.069
1790903035.627,avail_mb,50235
1790903035.627,pswpin,907617
1790903036.635,api,0.050
1790903036.635,client,0.020
1790903036.635,enginecore,2.747
1790903036.635,other_total,0.000
1790903036.635,store_0,0.040
1790903036.635,avail_mb,50233
1790903036.635,pswpin,907617
1790903037.644,api,0.020
1790903037.644,client,0.000
1790903037.644,enginecore,2.696
1790903037.644,other_total,0.030
1790903037.644,store_0,0.040
1790903037.644,avail_mb,50234
1790903037.644,pswpin,907617
1790903038.653,api,0.020
1790903038.653,client,0.010
1790903038.653,enginecore,1.913
1790903038.653,other_total,0.000
1790903038.653,store_0,0.030
1790903038.653,avail_mb,50234
1790903038.653,pswpin,907617
1790903039.662,api,0.030
1790903039.662,client,0.000
1790903039.662,enginecore,3.618
1790903039.662,other_total,0.030
1790903039.662,store_0,0.069
1790903039.662,avail_mb,50231
1790903039.662,pswpin,907617
1790903040.671,api,0.020
1790903040.671,client,0.010
1790903040.671,enginecore,1.586
1790903040.671,other_total,0.000
1790903040.671,store_0,0.020
1790903040.671,avail_mb,50233
1790903040.671,pswpin,907617
1790903041.681,api,0.040
1790903041.681,client,0.010
1790903041.681,enginecore,2.910
1790903041.681,other_total,0.000
1790903041.681,store_0,0.069
1790903041.681,avail_mb,50232
1790903041.681,pswpin,907617
1790903042.690,api,0.030
1790903042.690,client,0.010
1790903042.690,enginecore,3.538
1790903042.690,other_total,0.099
1790903042.690,store_0,0.050
1790903042.690,avail_mb,50227
1790903042.690,pswpin,907617
1790903043.699,api,0.030
1790903043.699,client,0.000
1790903043.699,enginecore,3.995
1790903043.699,other_total,0.030
1790903043.699,store_0,0.089
1790903043.699,avail_mb,50229
1790903043.699,pswpin,907617
1790903044.708,api,0.020
1790903044.708,client,0.010
1790903044.708,enginecore,3.033
1790903044.708,other_total,0.030
1790903044.708,store_0,0.050
1790903044.708,avail_mb,50232
1790903044.708,pswpin,907617
1790903045.717,api,0.040
1790903045.717,client,0.000
1790903045.717,enginecore,2.973
1790903045.717,other_total,0.050
1790903045.717,store_0,0.050
1790903045.717,avail_mb,50230
1790903045.717,pswpin,907617
1790903046.726,api,0.030
1790903046.726,client,0.000
1790903046.726,enginecore,1.547
1790903046.726,other_total,0.030
1790903046.726,store_0,0.010
1790903046.726,avail_mb,50231
1790903046.726,pswpin,907617
1790903047.734,api,0.030
1790903047.734,client,0.020
1790903047.734,enginecore,3.838
1790903047.734,other_total,0.000
1790903047.734,store_0,0.069
1790903047.734,avail_mb,50231
1790903047.734,pswpin,907617
1790903048.746,api,0.020
1790903048.746,client,0.010
1790903048.746,enginecore,4.171
1790903048.746,other_total,0.069
1790903048.746,store_0,0.099
1790903048.746,avail_mb,50241
1790903048.746,pswpin,907617
1790903049.756,api,0.030
1790903049.756,client,0.000
1790903049.756,enginecore,2.911
1790903049.756,other_total,0.010
1790903049.756,store_0,0.049
1790903049.756,avail_mb,50238
1790903049.756,pswpin,907617
1790903050.765,api,0.040
1790903050.765,client,0.020
1790903050.765,enginecore,4.590
1790903050.765,other_total,0.040
1790903050.765,store_0,0.059
1790903050.765,avail_mb,50236
1790903050.765,pswpin,907617
1790903051.773,api,0.020
1790903051.773,client,0.000
1790903051.773,enginecore,1.645
1790903051.773,other_total,0.050
1790903051.773,store_0,0.020
1790903051.773,avail_mb,50229
1790903051.773,pswpin,907617
1790903052.783,api,0.010
1790903052.783,client,0.000
1790903052.783,enginecore,0.446
1790903052.783,other_total,0.059
1790903052.783,store_0,0.000
1790903052.783,avail_mb,50228
1790903052.783,pswpin,907617
1790903053.797,api,0.010
1790903053.797,client,0.010
1790903053.797,enginecore,1.134
1790903053.797,other_total,0.030
1790903053.797,store_0,0.030
1790903053.797,avail_mb,50225
1790903053.797,pswpin,907617
1790903054.806,api,0.040
1790903054.806,client,0.000
1790903054.806,enginecore,2.755
1790903054.806,other_total,0.030
1790903054.806,store_0,0.000
1790903054.806,avail_mb,50223
1790903054.806,pswpin,907617
1790903055.815,api,0.030
1790903055.815,client,0.000
1790903055.815,enginecore,2.736
1790903055.815,other_total,0.020
1790903055.815,store_0,0.040
1790903055.815,avail_mb,50243
1790903055.815,pswpin,907617
1790903056.825,api,0.049
1790903056.825,client,0.010
1790903056.825,enginecore,2.029
1790903056.825,other_total,0.020
1790903056.825,store_0,0.040
1790903056.825,avail_mb,50240
1790903056.825,pswpin,907617
1790903057.834,api,0.020
1790903057.834,client,0.000
1790903057.834,enginecore,3.560
1790903057.834,other_total,0.059
1790903057.834,store_0,0.040
1790903057.834,avail_mb,50236
1790903057.834,pswpin,907617
1790903058.842,api,0.030
1790903058.842,client,0.010
1790903058.842,enginecore,2.043
1790903058.842,other_total,0.020
1790903058.842,store_0,0.020
1790903058.842,avail_mb,50236
1790903058.842,pswpin,907617
1790903059.851,api,0.030
1790903059.851,client,0.000
1790903059.851,enginecore,0.912
1790903059.851,other_total,0.020
1790903059.851,store_0,0.000
1790903059.851,avail_mb,50236
1790903059.851,pswpin,907617
1790903060.865,api,0.000
1790903060.865,client,0.000
1790903060.865,enginecore,0.641
1790903060.865,other_total,0.049
1790903060.865,store_0,0.039
1790903060.865,avail_mb,50235
1790903060.865,pswpin,907617
1790903061.873,api,0.040
1790903061.873,client,0.010
1790903061.873,enginecore,2.726
1790903061.873,other_total,0.000
1790903061.873,store_0,0.020
1790903061.873,avail_mb,50234
1790903061.873,pswpin,907617
1790903062.885,api,0.030
1790903062.885,client,0.020
1790903062.885,enginecore,3.707
1790903062.885,other_total,0.049
1790903062.885,store_0,0.079
1790903062.885,avail_mb,50242
1790903062.885,pswpin,907617
1790903063.894,api,0.040
1790903063.894,client,0.000
1790903063.894,enginecore,1.625
1790903063.894,other_total,0.000
1790903063.894,store_0,0.000
1790903063.894,avail_mb,50240
1790903063.894,pswpin,907617
1790903064.904,api,0.030
1790903064.904,client,0.010
1790903064.904,enginecore,0.683
1790903064.904,other_total,0.030
1790903064.904,store_0,0.000
1790903064.904,avail_mb,50238
1790903064.904,pswpin,907617
1790903065.913,api,0.030
1790903065.913,client,0.000
1790903065.913,enginecore,2.985
1790903065.913,other_total,0.030
1790903065.913,store_0,0.050
1790903065.913,avail_mb,50240
1790903065.913,pswpin,907617
1790903066.923,api,0.030
1790903066.923,client,0.000
1790903066.923,enginecore,0.831
1790903066.923,other_total,0.049
1790903066.923,store_0,0.000
1790903066.923,avail_mb,50238
1790903066.923,pswpin,907617
1790903067.932,api,0.020
1790903067.932,client,0.010
1790903067.932,enginecore,2.974
1790903067.932,other_total,0.030
1790903067.932,store_0,0.050
1790903067.932,avail_mb,50247
1790903067.932,pswpin,907617
1790903068.940,api,0.040
1790903068.940,client,0.010
1790903068.940,enginecore,2.072
1790903068.940,other_total,0.020
1790903068.940,store_0,0.030
1790903068.940,avail_mb,50246
1790903068.940,pswpin,907617
1790903069.949,api,0.040
1790903069.949,client,0.000
1790903069.949,enginecore,1.120
1790903069.949,other_total,0.000
1790903069.949,store_0,0.000
1790903069.949,avail_mb,50246
1790903069.949,pswpin,907617
1790903070.958,api,0.030
1790903070.958,client,0.000
1790903070.958,enginecore,2.934
1790903070.958,other_total,0.020
1790903070.958,store_0,0.040
1790903070.958,avail_mb,50248
1790903070.958,pswpin,907617
1790903071.967,api,0.000
1790903071.967,client,0.000
1790903071.967,enginecore,0.208
1790903071.967,other_total,0.040
1790903071.967,store_0,0.000
1790903071.967,avail_mb,50239
1790903071.967,pswpin,907617
1790903072.976,api,0.030
1790903072.976,client,0.010
1790903072.976,enginecore,4.510
1790903072.976,other_total,0.020
1790903072.976,store_0,0.089
1790903072.976,avail_mb,50238
1790903072.976,pswpin,907617
1790903073.984,api,0.040
1790903073.984,client,0.020
1790903073.984,enginecore,3.578
1790903073.984,other_total,0.000
1790903073.984,store_0,0.050
1790903073.984,avail_mb,50241
1790903073.984,pswpin,907617
1790903074.995,api,0.040
1790903074.995,client,0.000
1790903074.995,enginecore,3.910
1790903074.995,other_total,0.069
1790903074.995,store_0,0.109
1790903074.995,avail_mb,50244
1790903074.995,pswpin,907617
1790903076.004,api,0.040
1790903076.004,client,0.010
1790903076.004,enginecore,4.777
1790903076.004,other_total,0.050
1790903076.004,store_0,0.089
1790903076.004,avail_mb,50237
1790903076.004,pswpin,907617
1790903077.015,api,0.040
1790903077.015,client,0.010
1790903077.015,enginecore,3.065
1790903077.015,other_total,0.079
1790903077.015,store_0,0.040
1790903077.015,avail_mb,50236
1790903077.015,pswpin,907617
1790903078.027,api,0.030
1790903078.027,client,0.010
1790903078.027,enginecore,3.112
1790903078.027,other_total,0.000
1790903078.027,store_0,0.040
1790903078.027,avail_mb,50236
1790903078.027,pswpin,907617
1790903079.036,api,0.030
1790903079.036,client,0.010
1790903079.036,enginecore,3.054
1790903079.036,other_total,0.040
1790903079.036,store_0,0.040
1790903079.036,avail_mb,50234
1790903079.036,pswpin,907617
1790903080.044,api,0.040
1790903080.044,client,0.000
1790903080.044,enginecore,1.210
1790903080.044,other_total,0.000
1790903080.044,store_0,0.000
1790903080.044,avail_mb,50233
1790903080.044,pswpin,907617
1790903081.053,api,0.010
1790903081.053,client,0.000
1790903081.053,enginecore,2.310
1790903081.053,other_total,0.030
1790903081.053,store_0,0.059
1790903081.053,avail_mb,50234
1790903081.053,pswpin,907617
1790903082.062,api,0.030
1790903082.062,client,0.010
1790903082.062,enginecore,1.783
1790903082.062,other_total,0.059
1790903082.062,store_0,0.030
1790903082.062,avail_mb,50233
1790903082.062,pswpin,907617
1790903083.071,api,0.040
1790903083.071,client,0.000
1790903083.071,enginecore,2.945
1790903083.071,other_total,0.000
1790903083.071,store_0,0.030
1790903083.071,avail_mb,50233
1790903083.071,pswpin,907617
1790903084.080,api,0.030
1790903084.080,client,0.010
1790903084.080,enginecore,3.856
1790903084.080,other_total,0.020
1790903084.080,store_0,0.089
1790903084.080,avail_mb,50232
1790903084.080,pswpin,907617
1790903085.091,api,0.020
1790903085.091,client,0.000
1790903085.091,enginecore,1.236
1790903085.091,other_total,0.069
1790903085.091,store_0,0.020
1790903085.091,avail_mb,50234
1790903085.091,pswpin,907617
1790903086.100,api,0.030
1790903086.100,client,0.000
1790903086.100,enginecore,3.241
1790903086.100,other_total,0.020
1790903086.100,store_0,0.050
1790903086.100,avail_mb,50231
1790903086.100,pswpin,907617
1790903087.108,api,0.030
1790903087.108,client,0.010
1790903087.108,enginecore,2.974
1790903087.108,other_total,0.000
1790903087.108,store_0,0.059
1790903087.108,avail_mb,50235
1790903087.108,pswpin,907617
1790903088.120,api,0.030
1790903088.120,client,0.010
1790903088.120,enginecore,3.036
1790903088.120,other_total,0.079
1790903088.120,store_0,0.049
1790903088.120,avail_mb,50232
1790903088.120,pswpin,907617
1790903089.131,api,0.040
1790903089.131,client,0.010
1790903089.131,enginecore,3.044
1790903089.131,other_total,0.010
1790903089.131,store_0,0.049
1790903089.131,avail_mb,50229
1790903089.131,pswpin,907617
1790903090.140,api,0.030
1790903090.140,client,0.000
1790903090.140,enginecore,3.024
1790903090.140,other_total,0.030
1790903090.140,store_0,0.059
1790903090.140,avail_mb,50226
1790903090.140,pswpin,907617
1790903091.149,api,0.020
1790903091.149,client,0.010
1790903091.149,enginecore,0.684
1790903091.149,other_total,0.030
1790903091.149,store_0,0.000
1790903091.149,avail_mb,50223
1790903091.149,pswpin,907617
1790903092.157,api,0.030
1790903092.157,client,0.010
1790903092.157,enginecore,1.091
1790903092.157,other_total,0.010
1790903092.157,store_0,0.000
1790903092.157,avail_mb,50221
1790903092.157,pswpin,907617
1790903093.168,api,0.000
1790903093.168,client,0.000
1790903093.168,enginecore,0.020
1790903093.168,other_total,0.059
1790903093.168,store_0,0.000
1790903093.168,avail_mb,50220
1790903093.168,pswpin,907617
1790903094.177,api,0.040
1790903094.177,client,0.010
1790903094.177,enginecore,1.982
1790903094.177,other_total,0.010
1790903094.177,store_0,0.020
1790903094.177,avail_mb,50220
1790903094.177,pswpin,907617
1790903095.186,api,0.020
1790903095.186,client,0.010
1790903095.186,enginecore,1.734
1790903095.186,other_total,0.020
1790903095.186,store_0,0.030
1790903095.186,avail_mb,50219
1790903095.186,pswpin,907617
1790903096.197,api,0.030
1790903096.197,client,0.010
1790903096.197,enginecore,4.034
1790903096.197,other_total,0.020
1790903096.197,store_0,0.079
1790903096.197,avail_mb,50218
1790903096.197,pswpin,907617
1790903097.206,api,0.040
1790903097.206,client,0.010
1790903097.206,enginecore,4.104
1790903097.206,other_total,0.030
1790903097.206,store_0,0.079
1790903097.206,avail_mb,50217
1790903097.206,pswpin,907617
1790903098.215,api,0.040
1790903098.215,client,0.020
1790903098.215,enginecore,2.775
1790903098.215,other_total,0.030
1790903098.215,store_0,0.030
1790903098.215,avail_mb,50215
1790903098.215,pswpin,907617
1790903099.224,api,0.040
1790903099.224,client,0.010
1790903099.224,enginecore,1.209
1790903099.224,other_total,0.000
1790903099.224,store_0,0.000
1790903099.224,avail_mb,50214
1790903099.224,pswpin,907617
1790903100.233,api,0.030
1790903100.233,client,0.010
1790903100.233,enginecore,2.824
1790903100.233,other_total,0.010
1790903100.233,store_0,0.050
1790903100.233,avail_mb,50217
1790903100.233,pswpin,907617
1790903101.242,api,0.020
1790903101.242,client,0.000
1790903101.242,enginecore,0.476
1790903101.242,other_total,0.059
1790903101.242,store_0,0.000
1790903101.242,avail_mb,50214
1790903101.242,pswpin,907617
1790903102.252,api,0.000
1790903102.252,client,0.000
1790903102.252,enginecore,0.010
1790903102.252,other_total,0.059
1790903102.252,store_0,0.000
1790903102.252,avail_mb,50211
1790903102.252,pswpin,907617
1790903103.263,api,0.000
1790903103.263,client,0.000
1790903103.263,enginecore,0.020
1790903103.263,other_total,0.030
1790903103.263,store_0,0.000
1790903103.263,avail_mb,50208
1790903103.263,pswpin,907617
1790903104.272,api,0.010
1790903104.272,client,0.010
1790903104.272,enginecore,1.447
1790903104.272,other_total,0.050
1790903104.272,store_0,0.020
1790903104.272,avail_mb,50211
1790903104.272,pswpin,907617
1790903105.281,api,0.040
1790903105.281,client,0.020
1790903105.281,enginecore,3.688
1790903105.281,other_total,0.020
1790903105.281,store_0,0.069
1790903105.281,avail_mb,50212
1790903105.281,pswpin,907617
1790903106.289,api,0.040
1790903106.289,client,0.010
1790903106.289,enginecore,3.024
1790903106.289,other_total,0.030
1790903106.289,store_0,0.050
1790903106.289,avail_mb,50212
1790903106.289,pswpin,907617
1790903107.298,api,0.040
1790903107.298,client,0.010
1790903107.298,enginecore,3.846
1790903107.298,other_total,0.040
1790903107.298,store_0,0.079
1790903107.298,avail_mb,50209
1790903107.298,pswpin,907617
1790903108.307,api,0.040
1790903108.307,client,0.010
1790903108.307,enginecore,3.976
1790903108.307,other_total,0.040
1790903108.307,store_0,0.079
1790903108.307,avail_mb,50209
1790903108.307,pswpin,907617
1790903109.316,api,0.030
1790903109.316,client,0.010
1790903109.316,enginecore,2.051
1790903109.316,other_total,0.079
1790903109.316,store_0,0.020
1790903109.316,avail_mb,50208
1790903109.316,pswpin,907617
1790903110.325,api,0.030
1790903110.325,client,0.020
1790903110.325,enginecore,2.121
1790903110.325,other_total,0.000
1790903110.325,store_0,0.030
1790903110.325,avail_mb,50208
1790903110.325,pswpin,907617
1790903111.333,api,0.040
1790903111.333,client,0.010
1790903111.333,enginecore,2.934
1790903111.333,other_total,0.050
1790903111.333,store_0,0.050
1790903111.333,avail_mb,50204
1790903111.333,pswpin,907617
1790903112.342,api,0.040
1790903112.342,client,0.010
1790903112.342,enginecore,3.074
1790903112.342,other_total,0.010
1790903112.342,store_0,0.050
1790903112.342,avail_mb,50202
1790903112.342,pswpin,907617
1790903113.351,api,0.040
1790903113.351,client,0.010
1790903113.351,enginecore,3.708
1790903113.351,other_total,0.020
1790903113.351,store_0,0.059
1790903113.351,avail_mb,50203
1790903113.351,pswpin,907617
1790903114.359,api,0.030
1790903114.359,client,0.010
1790903114.359,enginecore,3.460
1790903114.359,other_total,0.050
1790903114.359,store_0,0.050
1790903114.359,avail_mb,50208
1790903114.359,pswpin,907617
1790903115.368,api,0.020
1790903115.368,client,0.010
1790903115.368,enginecore,0.952
1790903115.368,other_total,0.030
1790903115.368,store_0,0.000
1790903115.368,avail_mb,50207
1790903115.368,pswpin,907617
1790903116.376,api,0.030
1790903116.376,client,0.010
1790903116.376,enginecore,3.529
1790903116.376,other_total,0.020
1790903116.376,store_0,0.050
1790903116.376,avail_mb,50208
1790903116.376,pswpin,907617
1790903117.385,api,0.030
1790903117.385,client,0.010
1790903117.385,enginecore,1.210
1790903117.385,other_total,0.030
1790903117.385,store_0,0.000
1790903117.385,avail_mb,50208
1790903117.385,pswpin,907617
1790903118.394,api,0.040
1790903118.394,client,0.020
1790903118.394,enginecore,2.121
1790903118.394,other_total,0.000
1790903118.394,store_0,0.020
1790903118.394,avail_mb,50208
1790903118.394,pswpin,907617
1790903119.402,api,0.030
1790903119.402,client,0.010
1790903119.402,enginecore,3.827
1790903119.402,other_total,0.040
1790903119.402,store_0,0.079
1790903119.402,avail_mb,50206
1790903119.402,pswpin,907617
1790903120.411,api,0.040
1790903120.411,client,0.010
1790903120.411,enginecore,1.209
1790903120.411,other_total,0.059
1790903120.411,store_0,0.000
1790903120.411,avail_mb,50204
1790903120.411,pswpin,907617
1790903121.420,api,0.030
1790903121.420,client,0.010
1790903121.420,enginecore,3.192
1790903121.420,other_total,0.030
1790903121.420,store_0,0.050
1790903121.420,avail_mb,50202
1790903121.420,pswpin,907617
1790903122.428,api,0.050
1790903122.428,client,0.010
1790903122.428,enginecore,1.289
1790903122.428,other_total,0.059
1790903122.428,store_0,0.000
1790903122.428,avail_mb,50212
1790903122.428,pswpin,907617
1790903123.437,api,0.030
1790903123.437,client,0.020
1790903123.437,enginecore,4.025
1790903123.437,other_total,0.000
1790903123.437,store_0,0.079
1790903123.437,avail_mb,50218
1790903123.437,pswpin,907617
1790903124.446,api,0.040
1790903124.446,client,0.010
1790903124.446,enginecore,3.152
1790903124.446,other_total,0.020
1790903124.446,store_0,0.050
1790903124.446,avail_mb,50215
1790903124.446,pswpin,907617
1790903125.454,api,0.040
1790903125.454,client,0.010
1790903125.454,enginecore,3.084
1790903125.454,other_total,0.000
1790903125.454,store_0,0.040
1790903125.454,avail_mb,50215
1790903125.454,pswpin,907617
1790903126.463,api,0.030
1790903126.463,client,0.010
1790903126.463,enginecore,2.806
1790903126.463,other_total,0.040
1790903126.463,store_0,0.059
1790903126.463,avail_mb,50211
1790903126.463,pswpin,907617
1790903127.472,api,0.030
1790903127.472,client,0.010
1790903127.472,enginecore,2.707
1790903127.472,other_total,0.040
1790903127.472,store_0,0.040
1790903127.472,avail_mb,50211
1790903127.472,pswpin,907617
1790903128.481,api,0.040
1790903128.481,client,0.010
1790903128.481,enginecore,1.189
1790903128.481,other_total,0.030
1790903128.481,store_0,0.000
1790903128.481,avail_mb,50208
1790903128.481,pswpin,907617
1790903129.489,api,0.030
1790903129.489,client,0.010
1790903129.489,enginecore,0.873
1790903129.489,other_total,0.030
1790903129.489,store_0,0.000
1790903129.489,avail_mb,50207
1790903129.489,pswpin,907617
1790903130.498,api,0.030
1790903130.498,client,0.010
1790903130.498,enginecore,3.044
1790903130.498,other_total,0.050
1790903130.498,store_0,0.050
1790903130.498,avail_mb,50207
1790903130.498,pswpin,907617
1790903131.507,api,0.030
1790903131.507,client,0.010
1790903131.507,enginecore,2.090
1790903131.507,other_total,0.040
1790903131.507,store_0,0.030
1790903131.507,avail_mb,50206
1790903131.507,pswpin,907617
1790903132.516,api,0.030
1790903132.516,client,0.010
1790903132.516,enginecore,1.854
1790903132.516,other_total,0.030
1790903132.516,store_0,0.030
1790903132.516,avail_mb,50204
1790903132.516,pswpin,907617
1790903133.525,api,0.040
1790903133.525,client,0.010
1790903133.525,enginecore,0.912
1790903133.525,other_total,0.000
1790903133.525,store_0,0.000
1790903133.525,avail_mb,50203
1790903133.525,pswpin,907617
1790903134.534,api,0.030
1790903134.534,client,0.000
1790903134.534,enginecore,2.963
1790903134.534,other_total,0.079
1790903134.534,store_0,0.059
1790903134.534,avail_mb,50202
1790903134.534,pswpin,907617
1790903135.544,api,0.040
1790903135.544,client,0.020
1790903135.544,enginecore,3.059
1790903135.544,other_total,0.000
1790903135.544,store_0,0.049
1790903135.544,avail_mb,50200
1790903135.544,pswpin,907617
1790903136.555,api,0.040
1790903136.555,client,0.020
1790903136.555,enginecore,3.945
1790903136.555,other_total,0.030
1790903136.555,store_0,0.079
1790903136.555,avail_mb,50199
1790903136.555,pswpin,907617
1790903137.564,api,0.030
1790903137.564,client,0.010
1790903137.564,enginecore,3.073
1790903137.564,other_total,0.030
1790903137.564,store_0,0.050
1790903137.564,avail_mb,50197
1790903137.564,pswpin,907617
1790903138.573,api,0.040
1790903138.573,client,0.010
1790903138.573,enginecore,1.991
1790903138.573,other_total,0.050
1790903138.573,store_0,0.030
1790903138.573,avail_mb,50195
1790903138.573,pswpin,907617
1790903139.582,api,0.030
1790903139.582,client,0.010
1790903139.582,enginecore,2.211
1790903139.582,other_total,0.020
1790903139.582,store_0,0.020
1790903139.582,avail_mb,50194
1790903139.582,pswpin,907617
1790903140.591,api,0.030
1790903140.591,client,0.010
1790903140.591,enginecore,1.200
1790903140.591,other_total,0.069
1790903140.591,store_0,0.000
1790903140.591,avail_mb,50197
1790903140.591,pswpin,907617
1790903141.600,api,0.010
1790903141.600,client,0.000
1790903141.600,enginecore,0.287
1790903141.600,other_total,0.050
1790903141.600,store_0,0.000
1790903141.600,avail_mb,50194
1790903141.600,pswpin,907617
1790903142.609,api,0.040
1790903142.609,client,0.010
1790903142.609,enginecore,0.902
1790903142.609,other_total,0.000
1790903142.609,store_0,0.000
1790903142.609,avail_mb,50190
1790903142.609,pswpin,907617
1790903143.617,api,0.020
1790903143.617,client,0.000
1790903143.617,enginecore,3.499
1790903143.617,other_total,0.040
1790903143.617,store_0,0.059
1790903143.617,avail_mb,50199
1790903143.617,pswpin,907617
1790903144.629,api,0.040
1790903144.629,client,0.020
1790903144.629,enginecore,4.242
1790903144.629,other_total,0.040
1790903144.629,store_0,0.109
1790903144.629,avail_mb,50198
1790903144.629,pswpin,907617
1790903145.638,api,0.040
1790903145.638,client,0.020
1790903145.638,enginecore,2.814
1790903145.638,other_total,0.000
1790903145.638,store_0,0.020
1790903145.638,avail_mb,50197
1790903145.638,pswpin,907617
1790903146.646,api,0.040
1790903146.646,client,0.010
1790903146.646,enginecore,3.024
1790903146.646,other_total,0.040
1790903146.646,store_0,0.040
1790903146.646,avail_mb,50198
1790903146.646,pswpin,907617
1790903147.655,api,0.030
1790903147.655,client,0.010
1790903147.655,enginecore,2.181
1790903147.655,other_total,0.000
1790903147.655,store_0,0.020
1790903147.655,avail_mb,50195
1790903147.655,pswpin,907617
1790903148.664,api,0.040
1790903148.664,client,0.010
1790903148.664,enginecore,1.279
1790903148.664,other_total,0.020
1790903148.664,store_0,0.000
1790903148.664,avail_mb,50192
1790903148.664,pswpin,907617
1790903149.672,api,0.030
1790903149.672,client,0.010
1790903149.672,enginecore,1.755
1790903149.672,other_total,0.000
1790903149.672,store_0,0.030
1790903149.672,avail_mb,50192
1790903149.672,pswpin,907617
1790903150.681,api,0.030
1790903150.681,client,0.010
1790903150.681,enginecore,2.151
1790903150.681,other_total,0.040
1790903150.681,store_0,0.030
1790903150.681,avail_mb,50190
1790903150.681,pswpin,907617
1790903151.689,api,0.030
1790903151.689,client,0.010
1790903151.689,enginecore,1.220
1790903151.689,other_total,0.000
1790903151.689,store_0,0.000
1790903151.689,avail_mb,50188
1790903151.689,pswpin,907617
1790903152.698,api,0.040
1790903152.698,client,0.020
1790903152.698,enginecore,3.826
1790903152.698,other_total,0.010
1790903152.698,store_0,0.079
1790903152.698,avail_mb,50189
1790903152.698,pswpin,907617
1790903153.707,api,0.030
1790903153.707,client,0.010
1790903153.707,enginecore,2.161
1790903153.707,other_total,0.040
1790903153.707,store_0,0.020
1790903153.707,avail_mb,50184
1790903153.707,pswpin,907617
1790903154.719,api,0.020
1790903154.719,client,0.000
1790903154.719,enginecore,2.106
1790903154.719,other_total,0.020
1790903154.719,store_0,0.059
1790903154.719,avail_mb,50186
1790903154.719,pswpin,907617
1790903155.727,api,0.030
1790903155.727,client,0.020
1790903155.727,enginecore,3.491
1790903155.727,other_total,0.010
1790903155.727,store_0,0.040
1790903155.727,avail_mb,50187
1790903155.727,pswpin,907617
1790903156.735,api,0.050
1790903156.735,client,0.010
1790903156.735,enginecore,1.309
1790903156.735,other_total,0.000
1790903156.735,store_0,0.000
1790903156.735,avail_mb,50186
1790903156.735,pswpin,907617
1790903157.745,api,0.030
1790903157.745,client,0.010
1790903157.745,enginecore,1.080
1790903157.745,other_total,0.030
1790903157.745,store_0,0.000
1790903157.745,avail_mb,50186
1790903157.745,pswpin,907617
1790903158.755,api,0.000
1790903158.755,client,0.000
1790903158.755,enginecore,0.010
1790903158.755,other_total,0.020
1790903158.755,store_0,0.000
1790903158.755,avail_mb,50185
1790903158.755,pswpin,907617
1790903159.764,api,0.020
1790903159.764,client,0.000
1790903159.764,enginecore,2.676
1790903159.764,other_total,0.040
1790903159.764,store_0,0.059
1790903159.764,avail_mb,50186
1790903159.764,pswpin,907617
1790903160.775,api,0.020
1790903160.775,client,0.010
1790903160.775,enginecore,3.530
1790903160.775,other_total,0.040
1790903160.775,store_0,0.069
1790903160.775,avail_mb,50184
1790903160.775,pswpin,907617
1790903161.784,api,0.040
1790903161.784,client,0.020
1790903161.784,enginecore,1.397
1790903161.784,other_total,0.020
1790903161.784,store_0,0.000
1790903161.784,avail_mb,50184
1790903161.784,pswpin,907617
1790903162.793,api,0.020
1790903162.793,client,0.000
1790903162.793,enginecore,2.795
1790903162.793,other_total,0.050
1790903162.793,store_0,0.050
1790903162.793,avail_mb,50179
1790903162.793,pswpin,907617
1790903163.803,api,0.040
1790903163.803,client,0.020
1790903163.803,enginecore,3.656
1790903163.803,other_total,0.000
1790903163.803,store_0,0.059
1790903163.803,avail_mb,50181
1790903163.803,pswpin,907617
1790903164.811,api,0.020
1790903164.811,client,0.010
1790903164.811,enginecore,0.793
1790903164.811,other_total,0.040
1790903164.811,store_0,0.000
1790903164.811,avail_mb,50180
1790903164.811,pswpin,907617
1790903165.820,api,0.030
1790903165.820,client,0.010
1790903165.820,enginecore,0.882
1790903165.820,other_total,0.010
1790903165.820,store_0,0.000
1790903165.820,avail_mb,50177
1790903165.820,pswpin,907617
1790903166.831,api,0.030
1790903166.831,client,0.010
1790903166.831,enginecore,2.789
1790903166.831,other_total,0.089
1790903166.831,store_0,0.069
1790903166.831,avail_mb,50177
1790903166.831,pswpin,907617
1790903167.839,api,0.030
1790903167.839,client,0.010
1790903167.839,enginecore,1.646
1790903167.839,other_total,0.020
1790903167.839,store_0,0.000
1790903167.839,avail_mb,50176
1790903167.839,pswpin,907617
1790903168.848,api,0.020
1790903168.848,client,0.010
1790903168.848,enginecore,1.815
1790903168.848,other_total,0.040
1790903168.848,store_0,0.030
1790903168.848,avail_mb,50176
1790903168.848,pswpin,907617
1790903169.857,api,0.040
1790903169.857,client,0.000
1790903169.857,enginecore,2.935
1790903169.857,other_total,0.050
1790903169.857,store_0,0.050
1790903169.857,avail_mb,50180
1790903169.857,pswpin,907617
1790903170.865,api,0.020
1790903170.865,enginecore,0.436
1790903170.865,other_total,0.040
1790903170.865,store_0,0.000
1790903170.865,avail_mb,50222
1790903170.865,pswpin,907617
1790903171.876,api,0.000
1790903171.876,enginecore,0.010
1790903171.876,other_total,0.040
1790903171.876,store_0,0.000
1790903171.876,avail_mb,50213
1790903171.876,pswpin,907617
1790903172.886,api,0.000
1790903172.886,enginecore,0.030
1790903172.886,other_total,0.049
1790903172.886,store_0,0.000
1790903172.886,avail_mb,50213
1790903172.886,pswpin,907617
1790903173.897,api,0.000
1790903173.897,enginecore,0.000
1790903173.897,other_total,0.089
1790903173.897,store_0,0.000
1790903173.897,avail_mb,50212
1790903173.897,pswpin,907617
1790903174.908,api,0.000
1790903174.908,enginecore,0.020
1790903174.908,other_total,0.030
1790903174.908,store_0,0.000
1790903174.908,avail_mb,50211
1790903174.908,pswpin,907617
1790903175.918,api,0.000
1790903175.918,enginecore,0.010
1790903175.918,other_total,0.040
1790903175.918,store_0,0.000
1790903175.918,avail_mb,50211
1790903175.918,pswpin,907617
1790903176.929,api,0.010
1790903176.929,enginecore,0.020
1790903176.929,other_total,2.236
1790903176.929,store_0,0.000
1790903176.929,avail_mb,50123
1790903176.929,pswpin,907617
1790903177.940,api,0.000
1790903177.940,client,0.000
1790903177.940,enginecore,0.010
1790903177.940,other_total,0.069
1790903177.940,store_0,0.000
1790903177.940,avail_mb,50119
1790903177.940,pswpin,907617
1790903178.950,api,0.000
1790903178.950,client,0.000
1790903178.950,enginecore,0.020
1790903178.950,other_total,0.059
1790903178.950,store_0,0.000
1790903178.950,avail_mb,50119
1790903178.950,pswpin,907617
1790903179.961,api,0.010
1790903179.961,client,0.000
1790903179.961,enginecore,0.010
1790903179.961,other_total,0.277
1790903179.961,store_0,0.000
1790903179.961,avail_mb,50111
1790903179.961,pswpin,907617
1790903180.972,api,0.000
1790903180.972,client,0.000
1790903180.972,enginecore,0.020
1790903180.972,other_total,0.059
1790903180.972,store_0,0.000
1790903180.972,avail_mb,50108
1790903180.972,pswpin,907617
1790903181.985,api,0.000
1790903181.985,client,0.000
1790903181.985,enginecore,0.464
1790903181.985,other_total,0.049
1790903181.985,store_0,0.030
1790903181.985,avail_mb,50114
1790903181.985,pswpin,907617
1790903182.996,api,0.000
1790903182.996,client,0.000
1790903182.996,enginecore,0.683
1790903182.996,other_total,0.010
1790903182.996,store_0,0.000
1790903182.996,avail_mb,50115
1790903182.996,pswpin,907617
1790903184.007,api,0.010
1790903184.007,client,0.000
1790903184.007,enginecore,1.158
1790903184.007,other_total,0.069
1790903184.007,store_0,0.030
1790903184.007,avail_mb,50080
1790903184.007,pswpin,907617
1790903185.017,api,0.000
1790903185.017,client,0.000
1790903185.017,enginecore,0.010
1790903185.017,other_total,0.059
1790903185.017,store_0,0.000
1790903185.017,avail_mb,50081
1790903185.017,pswpin,907617
1790903186.028,api,0.000
1790903186.028,client,0.000
1790903186.028,enginecore,0.010
1790903186.028,other_total,0.148
1790903186.028,store_0,0.000
1790903186.028,avail_mb,50073
1790903186.028,pswpin,907617
1790903187.038,api,0.010
1790903187.038,enginecore,1.168
1790903187.038,other_total,0.139
1790903187.038,store_0,0.020
1790903187.038,avail_mb,50123
1790903187.038,pswpin,907617
1790903188.049,api,0.000
1790903188.049,enginecore,0.020
1790903188.049,other_total,0.049
1790903188.049,store_0,0.000
1790903188.049,avail_mb,50127
1790903188.049,pswpin,907617
1790903189.060,api,0.000
1790903189.060,enginecore,0.020
1790903189.060,other_total,0.040
1790903189.060,store_0,0.000
1790903189.060,avail_mb,50131
1790903189.060,pswpin,907617
1790903190.071,api,0.010
1790903190.071,enginecore,0.000
1790903190.071,other_total,0.049
1790903190.071,store_0,0.000
1790903190.071,avail_mb,50134
1790903190.071,pswpin,907617
1790903191.081,api,0.000
1790903191.081,enginecore,0.030
1790903191.081,other_total,0.040
1790903191.081,store_0,0.000
1790903191.081,avail_mb,50137
1790903191.081,pswpin,907617
1790903192.092,api,0.000
1790903192.092,enginecore,0.000
1790903192.092,other_total,0.059
1790903192.092,store_0,0.000
1790903192.092,avail_mb,50136
1790903192.092,pswpin,907617
1790903193.102,api,0.000
1790903193.102,enginecore,0.030
1790903193.102,other_total,0.040
1790903193.102,store_0,0.000
1790903193.102,avail_mb,50139
1790903193.102,pswpin,907617
1790903194.113,api,0.000
1790903194.113,enginecore,0.010
1790903194.113,other_total,0.049
1790903194.113,store_0,0.000
1790903194.113,avail_mb,50141
1790903194.113,pswpin,907617
1790903195.123,api,0.000
1790903195.123,enginecore,0.010
1790903195.123,other_total,0.049
1790903195.123,store_0,0.000
1790903195.123,avail_mb,50143
1790903195.123,pswpin,907617
1790903196.134,api,0.000
1790903196.134,enginecore,0.010
1790903196.134,other_total,0.049
1790903196.134,store_0,0.000
1790903196.134,avail_mb,50142
1790903196.134,pswpin,907617
1790903197.144,api,0.010
1790903197.144,enginecore,0.010
1790903197.144,other_total,2.147
1790903197.144,store_0,0.000
1790903197.144,avail_mb,50108
1790903197.144,pswpin,907617
1790903198.158,api,0.000
1790903198.158,client,0.000
1790903198.158,enginecore,0.020
1790903198.158,other_total,0.039
1790903198.158,store_0,0.000
1790903198.158,avail_mb,50108
1790903198.158,pswpin,907617
1790903199.168,api,0.000
1790903199.168,client,0.000
1790903199.168,enginecore,0.010
1790903199.168,other_total,0.049
1790903199.168,store_0,0.000
1790903199.168,avail_mb,50108
1790903199.168,pswpin,907617
1790903200.177,api,0.030
1790903200.177,client,0.010
1790903200.177,enginecore,0.565
1790903200.177,other_total,0.050
1790903200.177,store_0,0.000
1790903200.177,avail_mb,50110
1790903200.177,pswpin,907617
1790903201.185,api,0.040
1790903201.185,client,0.000
1790903201.185,enginecore,1.150
1790903201.185,other_total,0.010
1790903201.185,store_0,0.000
1790903201.185,avail_mb,50109
1790903201.185,pswpin,907617
1790903202.194,api,0.030
1790903202.194,client,0.020
1790903202.194,enginecore,0.912
1790903202.194,other_total,0.059
1790903202.194,store_0,0.000
1790903202.194,avail_mb,50107
1790903202.194,pswpin,907617
1790903203.203,api,0.020
1790903203.203,client,0.010
1790903203.203,enginecore,0.982
1790903203.203,other_total,0.020
1790903203.203,store_0,0.000
1790903203.203,avail_mb,50107
1790903203.203,pswpin,907617
1790903204.211,api,0.040
1790903204.211,client,0.000
1790903204.211,enginecore,1.141
1790903204.211,other_total,0.030
1790903204.211,store_0,0.000
1790903204.211,avail_mb,50107
1790903204.211,pswpin,907617
1790903205.220,api,0.050
1790903205.220,client,0.010
1790903205.220,enginecore,1.150
1790903205.220,other_total,0.010
1790903205.220,store_0,0.000
1790903205.220,avail_mb,50107
1790903205.220,pswpin,907617
1790903206.228,api,0.030
1790903206.228,client,0.010
1790903206.228,enginecore,1.140
1790903206.228,other_total,0.000
1790903206.228,store_0,0.000
1790903206.228,avail_mb,50107
1790903206.228,pswpin,907617
1790903207.237,api,0.020
1790903207.237,client,0.010
1790903207.237,enginecore,0.644
1790903207.237,other_total,0.010
1790903207.237,store_0,0.000
1790903207.237,avail_mb,50106
1790903207.237,pswpin,907617
1790903208.245,api,0.030
1790903208.245,client,0.000
1790903208.245,enginecore,0.982
1790903208.245,other_total,0.030
1790903208.245,store_0,0.000
1790903208.245,avail_mb,50104
1790903208.245,pswpin,907617
1790903209.254,api,0.040
1790903209.254,client,0.010
1790903209.254,enginecore,1.051
1790903209.254,other_total,0.000
1790903209.254,store_0,0.000
1790903209.254,avail_mb,50104
1790903209.254,pswpin,907617
1790903210.262,api,0.040
1790903210.262,client,0.000
1790903210.262,enginecore,1.091
1790903210.262,other_total,0.000
1790903210.262,store_0,0.000
1790903210.262,avail_mb,50104
1790903210.262,pswpin,907617
1790903211.271,api,0.020
1790903211.271,client,0.000
1790903211.271,enginecore,0.704
1790903211.271,other_total,0.050
1790903211.271,store_0,0.000
1790903211.271,avail_mb,50102
1790903211.271,pswpin,907617
1790903212.279,api,0.050
1790903212.279,client,0.010
1790903212.279,enginecore,1.150
1790903212.279,other_total,0.020
1790903212.279,store_0,0.000
1790903212.279,avail_mb,50103
1790903212.279,pswpin,907617
1790903213.288,api,0.050
1790903213.288,client,0.020
1790903213.288,enginecore,1.131
1790903213.288,other_total,0.010
1790903213.288,store_0,0.000
1790903213.288,avail_mb,50103
1790903213.288,pswpin,907617
1790903214.297,api,0.040
1790903214.297,client,0.000
1790903214.297,enginecore,1.150
1790903214.297,other_total,0.030
1790903214.297,store_0,0.000
1790903214.297,avail_mb,50104
1790903214.297,pswpin,907617
1790903215.305,api,0.030
1790903215.305,client,0.010
1790903215.305,enginecore,1.121
1790903215.305,other_total,0.000
1790903215.305,store_0,0.000
1790903215.305,avail_mb,50104
1790903215.305,pswpin,907617
1790903216.314,api,0.040
1790903216.314,client,0.000
1790903216.314,enginecore,1.010
1790903216.314,other_total,0.020
1790903216.314,store_0,0.000
1790903216.314,avail_mb,50104
1790903216.314,pswpin,907617
1790903217.323,api,0.030
1790903217.323,client,0.000
1790903217.323,enginecore,0.852
1790903217.323,other_total,0.020
1790903217.323,store_0,0.000
1790903217.323,avail_mb,50108
1790903217.323,pswpin,907617
1790903218.331,api,0.040
1790903218.331,client,0.010
1790903218.331,enginecore,1.130
1790903218.331,other_total,0.020
1790903218.331,store_0,0.000
1790903218.331,avail_mb,50108
1790903218.331,pswpin,907617
1790903219.340,api,0.040
1790903219.340,client,0.010
1790903219.340,enginecore,1.160
1790903219.340,other_total,0.030
1790903219.340,store_0,0.000
1790903219.340,avail_mb,50107
1790903219.340,pswpin,907617
1790903220.348,api,0.050
1790903220.348,client,0.010
1790903220.348,enginecore,1.131
1790903220.348,other_total,0.030
1790903220.348,store_0,0.000
1790903220.348,avail_mb,50107
1790903220.348,pswpin,907617
1790903221.356,api,0.010
1790903221.356,client,0.000
1790903221.356,enginecore,0.595
1790903221.356,other_total,0.010
1790903221.356,store_0,0.000
1790903221.356,avail_mb,50105
1790903221.356,pswpin,907617
1790903222.365,api,0.020
1790903222.365,client,0.000
1790903222.365,enginecore,0.803
1790903222.365,other_total,0.040
1790903222.365,store_0,0.000
1790903222.365,avail_mb,50105
1790903222.365,pswpin,907617
1790903223.376,api,0.000
1790903223.376,client,0.000
1790903223.376,enginecore,0.010
1790903223.376,other_total,0.049
1790903223.376,store_0,0.000
1790903223.376,avail_mb,50107
1790903223.376,pswpin,907617
1790903224.386,api,0.030
1790903224.386,client,0.010
1790903224.386,enginecore,0.683
1790903224.386,other_total,0.050
1790903224.386,store_0,0.000
1790903224.386,avail_mb,50107
1790903224.386,pswpin,907617
1790903225.395,api,0.040
1790903225.395,client,0.010
1790903225.395,enginecore,1.130
1790903225.395,other_total,0.000
1790903225.395,store_0,0.000
1790903225.395,avail_mb,50107
1790903225.395,pswpin,907617
1790903226.403,api,0.030
1790903226.403,client,0.010
1790903226.403,enginecore,1.150
1790903226.403,other_total,0.030
1790903226.403,store_0,0.000
1790903226.403,avail_mb,50109
1790903226.403,pswpin,907617
1790903227.412,api,0.030
1790903227.412,client,0.000
1790903227.412,enginecore,1.140
1790903227.412,other_total,0.030
1790903227.412,store_0,0.000
1790903227.412,avail_mb,50112
1790903227.412,pswpin,907617
1790903228.420,api,0.030
1790903228.420,client,0.010
1790903228.420,enginecore,1.111
1790903228.420,other_total,0.020
1790903228.420,store_0,0.000
1790903228.420,avail_mb,50111
1790903228.420,pswpin,907617
1790903229.429,api,0.030
1790903229.429,client,0.010
1790903229.429,enginecore,0.852
1790903229.429,other_total,0.030
1790903229.429,store_0,0.000
1790903229.429,avail_mb,50112
1790903229.429,pswpin,907617
1790903230.438,api,0.010
1790903230.438,client,0.000
1790903230.438,enginecore,0.456
1790903230.438,other_total,0.030
1790903230.438,store_0,0.000
1790903230.438,avail_mb,50112
1790903230.438,pswpin,907617
1790903231.447,api,0.020
1790903231.447,client,0.000
1790903231.447,enginecore,0.654
1790903231.447,other_total,0.020
1790903231.447,store_0,0.000
1790903231.447,avail_mb,50111
1790903231.447,pswpin,907617
1790903232.455,api,0.040
1790903232.455,client,0.010
1790903232.455,enginecore,1.130
1790903232.455,other_total,0.040
1790903232.455,store_0,0.000
1790903232.455,avail_mb,50112
1790903232.455,pswpin,907617
1790903233.464,api,0.050
1790903233.464,client,0.010
1790903233.464,enginecore,1.140
1790903233.464,other_total,0.000
1790903233.464,store_0,0.000
1790903233.464,avail_mb,50112
1790903233.464,pswpin,907617
1790903234.473,api,0.030
1790903234.473,client,0.000
1790903234.473,enginecore,0.833
1790903234.473,other_total,0.000
1790903234.473,store_0,0.000
1790903234.473,avail_mb,50112
1790903234.473,pswpin,907617
1790903235.481,api,0.030
1790903235.481,client,0.010
1790903235.481,enginecore,0.922
1790903235.481,other_total,0.040
1790903235.481,store_0,0.000
1790903235.481,avail_mb,50110
1790903235.481,pswpin,907617
1790903236.493,api,0.020
1790903236.493,client,0.000
1790903236.493,enginecore,0.632
1790903236.493,other_total,0.020
1790903236.493,store_0,0.000
1790903236.493,avail_mb,50110
1790903236.493,pswpin,907617
1790903237.502,api,0.020
1790903237.502,client,0.010
1790903237.502,enginecore,1.021
1790903237.502,other_total,0.000
1790903237.502,store_0,0.000
1790903237.502,avail_mb,50108
1790903237.502,pswpin,907617
1790903238.511,api,0.050
1790903238.511,client,0.000
1790903238.511,enginecore,1.130
1790903238.511,other_total,0.030
1790903238.511,store_0,0.000
1790903238.511,avail_mb,50108
1790903238.511,pswpin,907617
1790903239.520,api,0.030
1790903239.520,client,0.000
1790903239.520,enginecore,1.051
1790903239.520,other_total,0.010
1790903239.520,store_0,0.000
1790903239.520,avail_mb,50108
1790903239.520,pswpin,907617
1790903240.528,api,0.040
1790903240.528,client,0.010
1790903240.528,enginecore,0.902
1790903240.528,other_total,0.000
1790903240.528,store_0,0.000
1790903240.528,avail_mb,50108
1790903240.528,pswpin,907617
1790903241.537,api,0.030
1790903241.537,client,0.010
1790903241.537,enginecore,0.615
1790903241.537,other_total,0.010
1790903241.537,store_0,0.000
1790903241.537,avail_mb,50106
1790903241.537,pswpin,907617
1790903242.545,api,0.020
1790903242.545,client,0.000
1790903242.545,enginecore,0.416
1790903242.545,other_total,0.040
1790903242.545,store_0,0.000
1790903242.545,avail_mb,50107
1790903242.545,pswpin,907617
1790903243.554,api,0.050
1790903243.554,client,0.010
1790903243.554,enginecore,1.150
1790903243.554,other_total,0.010
1790903243.554,store_0,0.000
1790903243.554,avail_mb,50106
1790903243.554,pswpin,907617
1790903244.562,api,0.040
1790903244.562,client,0.010
1790903244.562,enginecore,1.150
1790903244.562,other_total,0.040
1790903244.562,store_0,0.000
1790903244.562,avail_mb,50106
1790903244.562,pswpin,907617
1790903245.570,api,0.060
1790903245.570,client,0.010
1790903245.570,enginecore,1.140
1790903245.570,other_total,0.040
1790903245.570,store_0,0.000
1790903245.570,avail_mb,50106
1790903245.570,pswpin,907617
1790903246.579,api,0.040
1790903246.579,client,0.010
1790903246.579,enginecore,1.150
1790903246.579,other_total,0.040
1790903246.579,store_0,0.000
1790903246.579,avail_mb,50106
1790903246.579,pswpin,907617
1790903247.588,api,0.020
1790903247.588,client,0.000
1790903247.588,enginecore,0.872
1790903247.588,other_total,0.040
1790903247.588,store_0,0.000
1790903247.588,avail_mb,50105
1790903247.588,pswpin,907617
1790903248.597,api,0.050
1790903248.597,client,0.010
1790903248.597,enginecore,1.130
1790903248.597,other_total,0.030
1790903248.597,store_0,0.000
1790903248.597,avail_mb,50105
1790903248.597,pswpin,907617
1790903249.605,api,0.030
1790903249.605,client,0.000
1790903249.605,enginecore,0.952
1790903249.605,other_total,0.040
1790903249.605,store_0,0.000
1790903249.605,avail_mb,50105
1790903249.605,pswpin,907617
1790903250.614,api,0.020
1790903250.614,client,0.000
1790903250.614,enginecore,0.615
1790903250.614,other_total,0.030
1790903250.614,store_0,0.000
1790903250.614,avail_mb,50108
1790903250.614,pswpin,907617
1790903251.622,api,0.030
1790903251.622,client,0.010
1790903251.622,enginecore,0.991
1790903251.622,other_total,0.030
1790903251.622,store_0,0.000
1790903251.622,avail_mb,50107
1790903251.622,pswpin,907618
1790903252.631,api,0.040
1790903252.631,client,0.010
1790903252.631,enginecore,1.140
1790903252.631,other_total,0.040
1790903252.631,store_0,0.000
1790903252.631,avail_mb,50107
1790903252.631,pswpin,907618
1790903253.639,api,0.040
1790903253.639,client,0.000
1790903253.639,enginecore,1.131
1790903253.639,other_total,0.030
1790903253.639,store_0,0.000
1790903253.639,avail_mb,50107
1790903253.639,pswpin,907618
1790903254.648,api,0.020
1790903254.648,client,0.010
1790903254.648,enginecore,0.912
1790903254.648,other_total,0.010
1790903254.648,store_0,0.000
1790903254.648,avail_mb,50107
1790903254.648,pswpin,907618
1790903255.657,api,0.020
1790903255.657,client,0.000
1790903255.657,enginecore,0.645
1790903255.657,other_total,0.020
1790903255.657,store_0,0.000
1790903255.657,avail_mb,50106
1790903255.657,pswpin,907618
1790903256.665,api,0.040
1790903256.665,client,0.010
1790903256.665,enginecore,1.130
1790903256.665,other_total,0.020
1790903256.665,store_0,0.000
1790903256.665,avail_mb,50106
1790903256.665,pswpin,907618
1790903257.674,api,0.030
1790903257.674,client,0.000
1790903257.674,enginecore,0.962
1790903257.674,other_total,0.059
1790903257.674,store_0,0.000
1790903257.674,avail_mb,50105
1790903257.674,pswpin,907618
1790903258.682,api,0.030
1790903258.682,client,0.010
1790903258.682,enginecore,1.130
1790903258.682,other_total,0.030
1790903258.682,store_0,0.000
1790903258.682,avail_mb,50105
1790903258.682,pswpin,907618
1790903259.691,api,0.030
1790903259.691,client,0.000
1790903259.691,enginecore,1.031
1790903259.691,other_total,0.030
1790903259.691,store_0,0.000
1790903259.691,avail_mb,50109
1790903259.691,pswpin,907618
1790903260.700,api,0.040
1790903260.700,client,0.000
1790903260.700,enginecore,0.981
1790903260.700,other_total,0.020
1790903260.700,store_0,0.000
1790903260.700,avail_mb,50109
1790903260.700,pswpin,907618
1790903261.708,api,0.010
1790903261.708,client,0.010
1790903261.708,enginecore,0.456
1790903261.708,other_total,0.010
1790903261.708,store_0,0.000
1790903261.708,avail_mb,50109
1790903261.708,pswpin,907618
1790903262.717,api,0.020
1790903262.717,client,0.000
1790903262.717,enginecore,0.555
1790903262.717,other_total,0.040
1790903262.717,store_0,0.000
1790903262.717,avail_mb,50110
1790903262.717,pswpin,907618
1790903263.725,api,0.010
1790903263.725,client,0.000
1790903263.725,enginecore,0.307
1790903263.725,other_total,0.030
1790903263.725,store_0,0.000
1790903263.725,avail_mb,50110
1790903263.725,pswpin,907618
1790903264.734,api,0.040
1790903264.734,client,0.010
1790903264.734,enginecore,1.041
1790903264.734,other_total,0.020
1790903264.734,store_0,0.000
1790903264.734,avail_mb,50110
1790903264.734,pswpin,907618
1790903265.743,api,0.030
1790903265.743,client,0.000
1790903265.743,enginecore,0.872
1790903265.743,other_total,0.020
1790903265.743,store_0,0.000
1790903265.743,avail_mb,50108
1790903265.743,pswpin,907618
1790903266.751,api,0.050
1790903266.751,client,0.030
1790903266.751,enginecore,1.160
1790903266.751,other_total,0.000
1790903266.751,store_0,0.000
1790903266.751,avail_mb,50109
1790903266.751,pswpin,907618
1790903267.760,api,0.040
1790903267.760,client,0.010
1790903267.760,enginecore,1.150
1790903267.760,other_total,0.010
1790903267.760,store_0,0.000
1790903267.760,avail_mb,50110
1790903267.760,pswpin,907618
1790903268.768,api,0.030
1790903268.768,client,0.010
1790903268.768,enginecore,0.823
1790903268.768,other_total,0.010
1790903268.768,store_0,0.000
1790903268.768,avail_mb,50110
1790903268.768,pswpin,907618
1790903269.777,api,0.040
1790903269.777,client,0.010
1790903269.777,enginecore,0.972
1790903269.777,other_total,0.000
1790903269.777,store_0,0.000
1790903269.777,avail_mb,50110
1790903269.777,pswpin,907618
1790903270.786,api,0.020
1790903270.786,client,0.010
1790903270.786,enginecore,0.971
1790903270.786,other_total,0.040
1790903270.786,store_0,0.000
1790903270.786,avail_mb,50109
1790903270.786,pswpin,907618
1790903271.796,api,0.010
1790903271.796,client,0.000
1790903271.796,enginecore,0.020
1790903271.796,other_total,0.049
1790903271.796,store_0,0.000
1790903271.796,avail_mb,50107
1790903271.796,pswpin,907618
1790903272.807,api,0.000
1790903272.807,client,0.000
1790903272.807,enginecore,0.010
1790903272.807,other_total,0.079
1790903272.807,store_0,0.000
1790903272.807,avail_mb,50108
1790903272.807,pswpin,907618
1790903273.817,api,0.000
1790903273.817,client,0.000
1790903273.817,enginecore,0.020
1790903273.817,other_total,0.030
1790903273.817,store_0,0.000
1790903273.817,avail_mb,50107
1790903273.817,pswpin,907618
1790903274.826,api,0.040
1790903274.826,client,0.010
1790903274.826,enginecore,0.942
1790903274.826,other_total,0.059
1790903274.826,store_0,0.000
1790903274.826,avail_mb,50108
1790903274.826,pswpin,907618
1790903275.834,api,0.040
1790903275.834,client,0.020
1790903275.834,enginecore,1.140
1790903275.834,other_total,0.030
1790903275.834,store_0,0.000
1790903275.834,avail_mb,50108
1790903275.834,pswpin,907618
1790903276.843,api,0.040
1790903276.843,client,0.020
1790903276.843,enginecore,1.140
1790903276.843,other_total,0.040
1790903276.843,store_0,0.000
1790903276.843,avail_mb,50108
1790903276.843,pswpin,907618
1790903277.852,api,0.050
1790903277.852,client,0.010
1790903277.852,enginecore,1.140
1790903277.852,other_total,0.040
1790903277.852,store_0,0.000
1790903277.852,avail_mb,50108
1790903277.852,pswpin,907618
1790903278.860,api,0.040
1790903278.860,client,0.020
1790903278.860,enginecore,1.150
1790903278.860,other_total,0.020
1790903278.860,store_0,0.000
1790903278.860,avail_mb,50108
1790903278.860,pswpin,907618
1790903279.869,api,0.030
1790903279.869,client,0.010
1790903279.869,enginecore,0.823
1790903279.869,other_total,0.030
1790903279.869,store_0,0.000
1790903279.869,avail_mb,50107
1790903279.869,pswpin,907618
1790903280.878,api,0.040
1790903280.878,client,0.010
1790903280.878,enginecore,1.130
1790903280.878,other_total,0.040
1790903280.878,store_0,0.000
1790903280.878,avail_mb,50108
1790903280.878,pswpin,907618
1790903281.887,api,0.040
1790903281.887,client,0.010
1790903281.887,enginecore,1.150
1790903281.887,other_total,0.010
1790903281.887,store_0,0.000
1790903281.887,avail_mb,50106
1790903281.887,pswpin,907618
1790903282.895,api,0.040
1790903282.895,client,0.010
1790903282.895,enginecore,1.150
1790903282.895,other_total,0.040
1790903282.895,store_0,0.000
1790903282.895,avail_mb,50106
1790903282.895,pswpin,907618
1790903283.904,api,0.030
1790903283.904,client,0.010
1790903283.904,enginecore,1.101
1790903283.904,other_total,0.050
1790903283.904,store_0,0.000
1790903283.904,avail_mb,50107
1790903283.904,pswpin,907618
1790903284.912,api,0.030
1790903284.912,client,0.020
1790903284.912,enginecore,0.833
1790903284.912,other_total,0.030
1790903284.912,store_0,0.000
1790903284.912,avail_mb,50107
1790903284.912,pswpin,907618
1790903285.921,api,0.010
1790903285.921,client,0.000
1790903285.921,enginecore,0.377
1790903285.921,other_total,0.060
1790903285.921,store_0,0.000
1790903285.921,avail_mb,50106
1790903285.921,pswpin,907618
1790903286.929,api,0.050
1790903286.929,client,0.010
1790903286.929,enginecore,1.150
1790903286.929,other_total,0.010
1790903286.929,store_0,0.000
1790903286.929,avail_mb,50104
1790903286.929,pswpin,907618
1790903287.938,api,0.040
1790903287.938,client,0.010
1790903287.938,enginecore,1.060
1790903287.938,other_total,0.030
1790903287.938,store_0,0.000
1790903287.938,avail_mb,50104
1790903287.938,pswpin,907618
1790903288.947,api,0.040
1790903288.947,client,0.020
1790903288.947,enginecore,1.140
1790903288.947,other_total,0.020
1790903288.947,store_0,0.000
1790903288.947,avail_mb,50106
1790903288.947,pswpin,907618
1790903289.955,api,0.040
1790903289.955,client,0.010
1790903289.955,enginecore,1.150
1790903289.955,other_total,0.010
1790903289.955,store_0,0.000
1790903289.955,avail_mb,50106
1790903289.955,pswpin,907618
1790903290.964,api,0.040
1790903290.964,client,0.010
1790903290.964,enginecore,1.051
1790903290.964,other_total,0.020
1790903290.964,store_0,0.000
1790903290.964,avail_mb,50106
1790903290.964,pswpin,907618
1790903291.973,api,0.040
1790903291.973,client,0.010
1790903291.973,enginecore,1.130
1790903291.973,other_total,0.020
1790903291.973,store_0,0.000
1790903291.973,avail_mb,50106
1790903291.973,pswpin,907618
1790903292.982,api,0.040
1790903292.982,client,0.020
1790903292.982,enginecore,1.140
1790903292.982,other_total,0.000
1790903292.982,store_0,0.000
1790903292.982,avail_mb,50106
1790903292.982,pswpin,907618
1790903293.991,api,0.040
1790903293.991,client,0.010
1790903293.991,enginecore,1.149
1790903293.991,other_total,0.000
1790903293.991,store_0,0.000
1790903293.991,avail_mb,50106
1790903293.991,pswpin,907618
1790903295.000,api,0.050
1790903295.000,client,0.010
1790903295.000,enginecore,1.140
1790903295.000,other_total,0.000
1790903295.000,store_0,0.000
1790903295.000,avail_mb,50106
1790903295.000,pswpin,907618
1790903296.009,api,0.020
1790903296.009,client,0.020
1790903296.009,enginecore,0.793
1790903296.009,other_total,0.000
1790903296.009,store_0,0.000
1790903296.009,avail_mb,50106
1790903296.009,pswpin,907618
1790903297.017,api,0.040
1790903297.017,client,0.000
1790903297.017,enginecore,1.121
1790903297.017,other_total,0.010
1790903297.017,store_0,0.000
1790903297.017,avail_mb,50106
1790903297.017,pswpin,907618
1790903298.026,api,0.030
1790903298.026,client,0.010
1790903298.026,enginecore,1.011
1790903298.026,other_total,0.020
1790903298.026,store_0,0.000
1790903298.026,avail_mb,50105
1790903298.026,pswpin,907618
1790903299.035,api,0.030
1790903299.035,client,0.010
1790903299.035,enginecore,0.783
1790903299.035,other_total,0.000
1790903299.035,store_0,0.000
1790903299.035,avail_mb,50105
1790903299.035,pswpin,907618
1790903300.044,api,0.030
1790903300.044,client,0.010
1790903300.044,enginecore,0.991
1790903300.044,other_total,0.000
1790903300.044,store_0,0.000
1790903300.044,avail_mb,50105
1790903300.044,pswpin,907618
1790903301.053,api,0.030
1790903301.053,client,0.010
1790903301.053,enginecore,1.110
1790903301.053,other_total,0.040
1790903301.053,store_0,0.000
1790903301.053,avail_mb,50105
1790903301.053,pswpin,907618
1790903302.063,api,0.030
1790903302.063,client,0.010
1790903302.063,enginecore,1.080
1790903302.063,other_total,0.040
1790903302.063,store_0,0.000
1790903302.063,avail_mb,50106
1790903302.063,pswpin,907618
1790903303.071,api,0.030
1790903303.071,client,0.010
1790903303.071,enginecore,0.843
1790903303.071,other_total,0.000
1790903303.071,store_0,0.000
1790903303.071,avail_mb,50106
1790903303.071,pswpin,907618
1790903304.080,api,0.040
1790903304.080,client,0.000
1790903304.080,enginecore,0.724
1790903304.080,other_total,0.059
1790903304.080,store_0,0.000
1790903304.080,avail_mb,50106
1790903304.080,pswpin,907618
1790903305.090,api,0.030
1790903305.090,client,0.010
1790903305.090,enginecore,1.139
1790903305.090,other_total,0.030
1790903305.090,store_0,0.000
1790903305.090,avail_mb,50108
1790903305.090,pswpin,907618
1790903306.098,api,0.040
1790903306.098,client,0.020
1790903306.098,enginecore,1.130
1790903306.098,other_total,0.030
1790903306.098,store_0,0.000
1790903306.098,avail_mb,50108
1790903306.098,pswpin,907618
1790903307.107,api,0.059
1790903307.107,client,0.020
1790903307.107,enginecore,1.150
1790903307.107,other_total,0.119
1790903307.107,store_0,0.000
1790903307.107,avail_mb,50130
1790903307.107,pswpin,907618
1790903308.115,api,0.040
1790903308.115,client,0.020
1790903308.115,enginecore,1.140
1790903308.115,other_total,0.050
1790903308.115,store_0,0.000
1790903308.115,avail_mb,50130
1790903308.115,pswpin,907618
1790903309.124,api,0.030
1790903309.124,client,0.010
1790903309.124,enginecore,0.843
1790903309.124,other_total,0.020
1790903309.124,store_0,0.000
1790903309.124,avail_mb,50130
1790903309.124,pswpin,907618
1790903310.132,api,0.030
1790903310.132,client,0.010
1790903310.132,enginecore,0.843
1790903310.132,other_total,0.040
1790903310.132,store_0,0.000
1790903310.132,avail_mb,50132
1790903310.132,pswpin,907618
1790903311.142,api,0.030
1790903311.142,client,0.010
1790903311.142,enginecore,0.872
1790903311.142,other_total,0.040
1790903311.142,store_0,0.000
1790903311.142,avail_mb,50131
1790903311.142,pswpin,907618
1790903312.151,api,0.010
1790903312.151,client,0.000
1790903312.151,enginecore,0.426
1790903312.151,other_total,0.040
1790903312.151,store_0,0.000
1790903312.151,avail_mb,50128
1790903312.151,pswpin,907618
1790903313.159,api,0.020
1790903313.159,client,0.000
1790903313.159,enginecore,0.625
1790903313.159,other_total,0.040
1790903313.159,store_0,0.000
1790903313.159,avail_mb,50131
1790903313.159,pswpin,907618
1790903314.168,api,0.050
1790903314.168,client,0.020
1790903314.168,enginecore,1.150
1790903314.168,other_total,0.020
1790903314.168,store_0,0.000
1790903314.168,avail_mb,50130
1790903314.168,pswpin,907618
1790903315.177,api,0.050
1790903315.177,client,0.010
1790903315.177,enginecore,1.140
1790903315.177,other_total,0.000
1790903315.177,store_0,0.000
1790903315.177,avail_mb,50130
1790903315.177,pswpin,907618
1790903316.185,api,0.020
1790903316.185,client,0.010
1790903316.185,enginecore,0.972
1790903316.185,other_total,0.040
1790903316.185,store_0,0.000
1790903316.185,avail_mb,50132
1790903316.185,pswpin,907618
1790903317.194,api,0.040
1790903317.194,client,0.010
1790903317.194,enginecore,0.971
1790903317.194,other_total,0.050
1790903317.194,store_0,0.000
1790903317.194,avail_mb,50133
1790903317.194,pswpin,907618
1790903318.203,api,0.030
1790903318.203,client,0.010
1790903318.203,enginecore,1.130
1790903318.203,other_total,0.020
1790903318.203,store_0,0.000
1790903318.203,avail_mb,50133
1790903318.203,pswpin,907618
1790903319.211,api,0.040
1790903319.211,client,0.010
1790903319.211,enginecore,0.912
1790903319.211,other_total,0.030
1790903319.211,store_0,0.000
1790903319.211,avail_mb,50132
1790903319.211,pswpin,907618
1790903320.220,api,0.030
1790903320.220,client,0.000
1790903320.220,enginecore,1.011
1790903320.220,other_total,0.020
1790903320.220,store_0,0.000
1790903320.220,avail_mb,50133
1790903320.220,pswpin,907618
1790903321.230,api,0.040
1790903321.230,client,0.020
1790903321.230,enginecore,1.129
1790903321.230,other_total,0.000
1790903321.230,store_0,0.000
1790903321.230,avail_mb,50133
1790903321.230,pswpin,907618
1790903322.239,api,0.030
1790903322.239,client,0.010
1790903322.239,enginecore,1.130
1790903322.239,other_total,0.020
1790903322.239,store_0,0.000
1790903322.239,avail_mb,50129
1790903322.239,pswpin,907618
1790903323.248,api,0.050
1790903323.248,client,0.010
1790903323.248,enginecore,1.150
1790903323.248,other_total,0.000
1790903323.248,store_0,0.000
1790903323.248,avail_mb,50128
1790903323.248,pswpin,907618
1790903324.256,api,0.020
1790903324.256,client,0.010
1790903324.256,enginecore,1.041
1790903324.256,other_total,0.000
1790903324.256,store_0,0.000
1790903324.256,avail_mb,50128
1790903324.256,pswpin,907618
1790903325.265,api,0.030
1790903325.265,client,0.010
1790903325.265,enginecore,0.684
1790903325.265,other_total,0.040
1790903325.265,store_0,0.000
1790903325.265,avail_mb,50127
1790903325.265,pswpin,907618
1790903326.273,api,0.040
1790903326.273,client,0.020
1790903326.273,enginecore,1.141
1790903326.273,other_total,0.000
1790903326.273,store_0,0.000
1790903326.273,avail_mb,50127
1790903326.273,pswpin,907618
1790903327.281,api,0.050
1790903327.281,client,0.000
1790903327.281,enginecore,1.150
1790903327.281,other_total,0.000
1790903327.281,store_0,0.000
1790903327.281,avail_mb,50127
1790903327.281,pswpin,907618
1790903328.290,api,0.010
1790903328.290,client,0.010
1790903328.290,enginecore,0.505
1790903328.290,other_total,0.030
1790903328.290,store_0,0.000
1790903328.290,avail_mb,50124
1790903328.290,pswpin,907618
1790903329.301,api,0.010
1790903329.301,client,0.000
1790903329.301,enginecore,0.099
1790903329.301,other_total,0.049
1790903329.301,store_0,0.000
1790903329.301,avail_mb,50124
1790903329.301,pswpin,907618
1790903330.310,api,0.030
1790903330.310,client,0.010
1790903330.310,enginecore,1.140
1790903330.310,other_total,0.010
1790903330.310,store_0,0.000
1790903330.310,avail_mb,50124
1790903330.310,pswpin,907618
1790903331.319,api,0.040
1790903331.319,client,0.010
1790903331.319,enginecore,1.140
1790903331.319,other_total,0.030
1790903331.319,store_0,0.000
1790903331.319,avail_mb,50125
1790903331.319,pswpin,907618
1790903332.328,api,0.020
1790903332.328,client,0.010
1790903332.328,enginecore,0.664
1790903332.328,other_total,0.010
1790903332.328,store_0,0.000
1790903332.328,avail_mb,50128
1790903332.328,pswpin,907618
1790903333.336,api,0.040
1790903333.336,client,0.010
1790903333.336,enginecore,1.131
1790903333.336,other_total,0.020
1790903333.336,store_0,0.000
1790903333.336,avail_mb,50129
1790903333.336,pswpin,907618
1790903334.345,api,0.040
1790903334.345,client,0.020
1790903334.345,enginecore,1.130
1790903334.345,other_total,0.030
1790903334.345,store_0,0.000
1790903334.345,avail_mb,50127
1790903334.345,pswpin,907618
1790903335.354,api,0.030
1790903335.354,client,0.010
1790903335.354,enginecore,0.694
1790903335.354,other_total,0.000
1790903335.354,store_0,0.000
1790903335.354,avail_mb,50127
1790903335.354,pswpin,907618
1790903336.363,api,0.010
1790903336.363,client,0.000
1790903336.363,enginecore,0.446
1790903336.363,other_total,0.050
1790903336.363,store_0,0.000
1790903336.363,avail_mb,50127
1790903336.363,pswpin,907618
1790903337.372,api,0.050
1790903337.372,client,0.010
1790903337.372,enginecore,1.149
1790903337.372,other_total,0.040
1790903337.372,store_0,0.000
1790903337.372,avail_mb,50128
1790903337.372,pswpin,907618
1790903338.381,api,0.020
1790903338.381,client,0.000
1790903338.381,enginecore,0.526
1790903338.381,other_total,0.040
1790903338.381,store_0,0.000
1790903338.381,avail_mb,50128
1790903338.381,pswpin,907621
1790903339.389,api,0.030
1790903339.389,client,0.020
1790903339.389,enginecore,1.150
1790903339.389,other_total,0.030
1790903339.389,store_0,0.000
1790903339.389,avail_mb,50128
1790903339.389,pswpin,907621
1790903340.398,api,0.030
1790903340.398,enginecore,0.912
1790903340.398,other_total,0.069
1790903340.398,store_0,0.000
1790903340.398,avail_mb,50175
1790903340.398,pswpin,907621
1790903341.408,api,0.010
1790903341.408,enginecore,0.020
1790903341.408,other_total,0.030
1790903341.408,store_0,0.000
1790903341.408,avail_mb,50175
1790903341.408,pswpin,907621
1790903342.419,api,0.000
1790903342.419,enginecore,0.010
1790903342.419,other_total,0.059
1790903342.419,store_0,0.000
1790903342.419,avail_mb,50175
1790903342.419,pswpin,907621
1790903343.430,api,0.010
1790903343.430,enginecore,0.020
1790903343.430,other_total,0.069
1790903343.430,store_0,0.000
1790903343.430,avail_mb,50174
1790903343.430,pswpin,907621
1790903344.440,api,0.000
1790903344.440,enginecore,0.010
1790903344.440,other_total,0.030
1790903344.440,store_0,0.000
1790903344.440,avail_mb,50174
1790903344.440,pswpin,907621
1790903345.451,api,0.000
1790903345.451,enginecore,0.020
1790903345.451,other_total,0.010
1790903345.451,store_0,0.000
1790903345.451,avail_mb,50175
1790903345.451,pswpin,907621
1790903346.461,api,0.010
1790903346.461,enginecore,0.020
1790903346.461,other_total,0.089
1790903346.461,store_0,0.000
1790903346.461,avail_mb,50160
1790903346.461,pswpin,907621
1790903347.472,api,0.000
1790903347.472,client,1.999
1790903347.472,enginecore,0.010
1790903347.472,other_total,0.228
1790903347.472,store_0,0.000
1790903347.472,avail_mb,50101
1790903347.472,pswpin,907621
1790903348.482,api,0.000
1790903348.482,client,0.000
1790903348.482,enginecore,0.010
1790903348.482,other_total,0.079
1790903348.482,store_0,0.000
1790903348.482,avail_mb,50091
1790903348.482,pswpin,907621
1790903349.493,api,0.000
1790903349.493,client,0.000
1790903349.493,enginecore,0.010
1790903349.493,other_total,0.109
1790903349.493,store_0,0.000
1790903349.493,avail_mb,50106
1790903349.493,pswpin,907621
1790903350.504,api,0.000
1790903350.504,client,0.000
1790903350.504,enginecore,0.020
1790903350.504,other_total,0.218
1790903350.504,store_0,0.000
1790903350.504,avail_mb,50089
1790903350.504,pswpin,907621
1790903351.514,api,0.000
1790903351.514,client,0.000
1790903351.514,enginecore,0.010
1790903351.514,other_total,0.059
1790903351.514,store_0,0.000
1790903351.514,avail_mb,50058
1790903351.514,pswpin,907621
1790903352.525,api,0.000
1790903352.525,client,0.010
1790903352.525,enginecore,0.079
1790903352.525,other_total,0.030
1790903352.525,store_0,0.000
1790903352.525,avail_mb,50061
1790903352.525,pswpin,907621
1790903353.535,api,0.010
1790903353.535,client,0.000
1790903353.535,enginecore,0.010
1790903353.535,other_total,0.040
1790903353.535,store_0,0.000
1790903353.535,avail_mb,50068
1790903353.535,pswpin,907621
1790903354.546,api,0.000
1790903354.546,client,0.000
1790903354.546,enginecore,0.079
1790903354.546,other_total,0.059
1790903354.546,store_0,0.000
1790903354.546,avail_mb,50070
1790903354.546,pswpin,907621
1790903355.557,api,0.000
1790903355.557,client,0.000
1790903355.557,enginecore,0.010
1790903355.557,other_total,0.040
1790903355.557,store_0,0.000
1790903355.557,avail_mb,50071
1790903355.557,pswpin,907621
1790903356.567,api,0.010
1790903356.567,client,0.000
1790903356.567,enginecore,0.020
1790903356.567,other_total,0.000
1790903356.567,store_0,0.000
1790903356.567,avail_mb,50072
1790903356.567,pswpin,907621
1790903357.578,api,0.010
1790903357.578,client,0.000
1790903357.578,enginecore,1.247
1790903357.578,other_total,0.030
1790903357.578,store_0,0.040
1790903357.578,avail_mb,50085
1790903357.578,pswpin,907621
1790903358.588,api,0.000
1790903358.588,client,0.000
1790903358.588,enginecore,0.020
1790903358.588,other_total,0.049
1790903358.588,store_0,0.000
1790903358.588,avail_mb,50085
1790903358.588,pswpin,907621
1790903359.599,api,0.000
1790903359.599,client,0.000
1790903359.599,enginecore,0.020
1790903359.599,other_total,0.030
1790903359.599,store_0,0.000
1790903359.599,avail_mb,50085
1790903359.599,pswpin,907621
1790903360.609,api,0.000
1790903360.609,client,0.000
1790903360.609,enginecore,1.188
1790903360.609,other_total,0.297
1790903360.609,store_0,0.030
1790903360.609,avail_mb,50083
1790903360.609,pswpin,907621
1790903361.619,api,0.010
1790903361.619,client,0.010
1790903361.619,enginecore,1.168
1790903361.619,other_total,0.267
1790903361.619,store_0,0.020
1790903361.619,avail_mb,50058
1790903361.619,pswpin,907621
1790903362.630,api,0.000
1790903362.630,client,0.000
1790903362.630,enginecore,1.227
1790903362.630,other_total,0.049
1790903362.630,store_0,0.030
1790903362.630,avail_mb,50068
1790903362.630,pswpin,907621
1790903363.641,api,0.000
1790903363.641,client,0.000
1790903363.641,enginecore,0.010
1790903363.641,other_total,0.040
1790903363.641,store_0,0.000
1790903363.641,avail_mb,50068
1790903363.641,pswpin,907621
1790903364.651,api,0.000
1790903364.651,client,0.000
1790903364.651,enginecore,0.030
1790903364.651,other_total,0.040
1790903364.651,store_0,0.000
1790903364.651,avail_mb,50067
1790903364.651,pswpin,907621
1790903365.662,api,0.000
1790903365.662,client,0.000
1790903365.662,enginecore,0.010
1790903365.662,other_total,0.020
1790903365.662,store_0,0.000
1790903365.662,avail_mb,50067
1790903365.662,pswpin,907621
1790903366.673,api,0.010
1790903366.673,client,0.000
1790903366.673,enginecore,0.020
1790903366.673,other_total,0.049
1790903366.673,store_0,0.000
1790903366.673,avail_mb,50067
1790903366.673,pswpin,907621
1790903367.683,api,0.000
1790903367.683,client,0.000
1790903367.683,enginecore,1.158
1790903367.683,other_total,0.069
1790903367.683,store_0,0.030
1790903367.683,avail_mb,50073
1790903367.683,pswpin,907621
1790903368.695,api,0.000
1790903368.695,client,0.000
1790903368.695,enginecore,0.059
1790903368.695,other_total,0.069
1790903368.695,store_0,0.030
1790903368.695,avail_mb,50078
1790903368.695,pswpin,907621
1790903369.707,api,0.010
1790903369.707,client,0.000
1790903369.707,enginecore,1.167
1790903369.707,other_total,0.049
1790903369.707,store_0,0.000
1790903369.707,avail_mb,50078
1790903369.707,pswpin,907621
1790903370.721,api,0.000
1790903370.721,client,0.000
1790903370.721,enginecore,0.848
1790903370.721,other_total,0.059
1790903370.721,store_0,0.030
1790903370.721,avail_mb,50079
1790903370.721,pswpin,907621
1790903371.732,api,0.000
1790903371.732,client,0.000
1790903371.732,enginecore,0.435
1790903371.732,other_total,0.020
1790903371.732,store_0,0.000
1790903371.732,avail_mb,50076
1790903371.732,pswpin,907621
1790903372.742,api,0.000
1790903372.742,client,0.000
1790903372.742,enginecore,0.010
1790903372.742,other_total,0.059
1790903372.742,store_0,0.000
1790903372.742,avail_mb,50076
1790903372.742,pswpin,907621
1790903373.753,api,0.010
1790903373.753,client,0.000
1790903373.753,enginecore,0.020
1790903373.753,other_total,0.010
1790903373.753,store_0,0.000
1790903373.753,avail_mb,50075
1790903373.753,pswpin,907621
1790903374.764,api,0.000
1790903374.764,client,0.000
1790903374.764,enginecore,0.010
1790903374.764,other_total,0.059
1790903374.764,store_0,0.000
1790903374.764,avail_mb,50074
1790903374.764,pswpin,907621
1790903375.774,api,0.000
1790903375.774,client,0.000
1790903375.774,enginecore,0.020
1790903375.774,other_total,0.059
1790903375.774,store_0,0.000
1790903375.774,avail_mb,50074
1790903375.774,pswpin,907621
1790903376.785,api,0.010
1790903376.785,client,0.010
1790903376.785,enginecore,1.158
1790903376.785,other_total,0.109
1790903376.785,store_0,0.030
1790903376.785,avail_mb,50077
1790903376.785,pswpin,907621
1790903377.795,api,0.000
1790903377.795,client,0.000
1790903377.795,enginecore,0.020
1790903377.795,other_total,0.049
1790903377.795,store_0,0.000
1790903377.795,avail_mb,50091
1790903377.795,pswpin,907621
1790903378.806,api,0.000
1790903378.806,client,0.000
1790903378.806,enginecore,1.168
1790903378.806,other_total,0.030
1790903378.806,store_0,0.020
1790903378.806,avail_mb,50097
1790903378.806,pswpin,907621
1790903379.816,api,0.020
1790903379.816,client,0.000
1790903379.816,enginecore,1.158
1790903379.816,other_total,0.030
1790903379.816,store_0,0.030
1790903379.816,avail_mb,50101
1790903379.816,pswpin,907621
1790903380.827,api,0.000
1790903380.827,client,0.000
1790903380.827,enginecore,0.020
1790903380.827,other_total,0.030
1790903380.827,store_0,0.000
1790903380.827,avail_mb,50100
1790903380.827,pswpin,907621
1790903381.837,api,0.000
1790903381.837,client,0.000
1790903381.837,enginecore,0.010
1790903381.837,other_total,0.040
1790903381.837,store_0,0.000
1790903381.837,avail_mb,50096
1790903381.837,pswpin,907621
1790903382.848,api,0.000
1790903382.848,client,0.000
1790903382.848,enginecore,0.010
1790903382.848,other_total,0.079
1790903382.848,store_0,0.000
1790903382.848,avail_mb,50095
1790903382.848,pswpin,907621
1790903383.858,api,0.000
1790903383.858,client,0.000
1790903383.858,enginecore,0.020
1790903383.858,other_total,0.010
1790903383.858,store_0,0.000
1790903383.858,avail_mb,50095
1790903383.858,pswpin,907621
1790903384.869,api,0.010
1790903384.869,enginecore,1.188
1790903384.869,other_total,0.059
1790903384.869,store_0,0.030
1790903384.869,avail_mb,50147
1790903384.869,pswpin,907621
1790903385.879,api,0.000
1790903385.879,enginecore,0.010
1790903385.879,other_total,0.059
1790903385.879,store_0,0.000
1790903385.879,avail_mb,50144
1790903385.879,pswpin,907621
1790903386.890,api,0.010
1790903386.890,enginecore,0.030
1790903386.890,other_total,2.108
1790903386.890,store_0,0.000
1790903386.890,avail_mb,50103
1790903386.890,pswpin,907621
1790903387.900,api,0.000
1790903387.900,client,0.000
1790903387.900,enginecore,0.010
1790903387.900,other_total,0.049
1790903387.900,store_0,0.000
1790903387.900,avail_mb,50101
1790903387.900,pswpin,907621
1790903388.911,api,0.000
1790903388.911,client,0.000
1790903388.911,enginecore,0.020
1790903388.911,other_total,0.040
1790903388.911,store_0,0.000
1790903388.911,avail_mb,50097
1790903388.911,pswpin,907621
1790903389.921,api,0.010
1790903389.921,client,0.010
1790903389.921,enginecore,1.217
1790903389.921,other_total,0.079
1790903389.921,store_0,0.049
1790903389.921,avail_mb,50100
1790903389.921,pswpin,907621
1790903390.932,api,0.030
1790903390.932,client,0.010
1790903390.932,enginecore,3.057
1790903390.932,other_total,0.000
1790903390.932,store_0,0.030
1790903390.932,avail_mb,50108
1790903390.932,pswpin,907621
1790903391.941,api,0.030
1790903391.941,client,0.000
1790903391.941,enginecore,2.815
1790903391.941,other_total,0.069
1790903391.941,store_0,0.050
1790903391.941,avail_mb,50102
1790903391.941,pswpin,907621
1790903392.949,api,0.030
1790903392.949,client,0.010
1790903392.949,enginecore,2.043
1790903392.949,other_total,0.010
1790903392.949,store_0,0.030
1790903392.949,avail_mb,50102
1790903392.949,pswpin,907621
1790903393.958,api,0.040
1790903393.958,client,0.010
1790903393.958,enginecore,3.757
1790903393.958,other_total,0.030
1790903393.958,store_0,0.059
1790903393.958,avail_mb,50103
1790903393.958,pswpin,907621
1790903394.967,api,0.030
1790903394.967,client,0.000
1790903394.967,enginecore,2.796
1790903394.967,other_total,0.069
1790903394.967,store_0,0.030
1790903394.967,avail_mb,50101
1790903394.967,pswpin,907621
1790903395.975,api,0.040
1790903395.975,client,0.010
1790903395.975,enginecore,3.579
1790903395.975,other_total,0.040
1790903395.975,store_0,0.040
1790903395.975,avail_mb,50100
1790903395.975,pswpin,907621
1790903396.985,api,0.050
1790903396.985,client,0.010
1790903396.985,enginecore,2.110
1790903396.985,other_total,0.010
1790903396.985,store_0,0.030
1790903396.985,avail_mb,50102
1790903396.985,pswpin,907621
1790903397.993,api,0.020
1790903397.993,client,0.000
1790903397.993,enginecore,0.892
1790903397.993,other_total,0.040
1790903397.993,store_0,0.000
1790903397.993,avail_mb,50100
1790903397.993,pswpin,907621
1790903399.002,api,0.040
1790903399.002,client,0.010
1790903399.002,enginecore,1.726
1790903399.002,other_total,0.020
1790903399.002,store_0,0.010
1790903399.002,avail_mb,50099
1790903399.002,pswpin,907621
1790903400.010,api,0.030
1790903400.010,client,0.010
1790903400.010,enginecore,3.064
1790903400.010,other_total,0.010
1790903400.010,store_0,0.059
1790903400.010,avail_mb,50101
1790903400.010,pswpin,907621
1790903401.019,api,0.020
1790903401.019,client,0.000
1790903401.019,enginecore,1.745
1790903401.019,other_total,0.059
1790903401.019,store_0,0.020
1790903401.019,avail_mb,50098
1790903401.019,pswpin,907621
1790903402.027,api,0.030
1790903402.027,client,0.010
1790903402.027,enginecore,2.815
1790903402.027,other_total,0.030
1790903402.027,store_0,0.030
1790903402.027,avail_mb,50098
1790903402.027,pswpin,907621
1790903403.036,api,0.050
1790903403.036,client,0.010
1790903403.036,enginecore,2.022
1790903403.036,other_total,0.030
1790903403.036,store_0,0.020
1790903403.036,avail_mb,50096
1790903403.036,pswpin,907621
1790903404.045,api,0.050
1790903404.045,client,0.010
1790903404.045,enginecore,1.130
1790903404.045,other_total,0.000
1790903404.045,store_0,0.000
1790903404.045,avail_mb,50095
1790903404.045,pswpin,907621
1790903405.056,api,0.030
1790903405.056,client,0.000
1790903405.056,enginecore,2.492
1790903405.056,other_total,0.049
1790903405.056,store_0,0.049
1790903405.056,avail_mb,50098
1790903405.056,pswpin,907621
1790903406.064,api,0.030
1790903406.064,client,0.010
1790903406.064,enginecore,1.537
1790903406.064,other_total,0.000
1790903406.064,store_0,0.000
1790903406.064,avail_mb,50096
1790903406.064,pswpin,907621
1790903407.073,api,0.030
1790903407.073,client,0.000
1790903407.073,enginecore,0.724
1790903407.073,other_total,0.050
1790903407.073,store_0,0.000
1790903407.073,avail_mb,50093
1790903407.073,pswpin,907621
1790903408.081,api,0.040
1790903408.081,client,0.010
1790903408.081,enginecore,1.091
1790903408.081,other_total,0.000
1790903408.081,store_0,0.000
1790903408.081,avail_mb,50093
1790903408.081,pswpin,907621
1790903409.090,api,0.040
1790903409.090,client,0.000
1790903409.090,enginecore,2.955
1790903409.090,other_total,0.050
1790903409.090,store_0,0.040
1790903409.090,avail_mb,50094
1790903409.090,pswpin,907621
1790903410.098,api,0.050
1790903410.098,client,0.010
1790903410.098,enginecore,2.727
1790903410.098,other_total,0.000
1790903410.098,store_0,0.030
1790903410.098,avail_mb,50093
1790903410.098,pswpin,907621
1790903411.107,api,0.030
1790903411.107,client,0.010
1790903411.107,enginecore,2.022
1790903411.107,other_total,0.000
1790903411.107,store_0,0.020
1790903411.107,avail_mb,50094
1790903411.107,pswpin,907621
1790903412.117,api,0.020
1790903412.117,client,0.010
1790903412.117,enginecore,0.654
1790903412.117,other_total,0.030
1790903412.117,store_0,0.000
1790903412.117,avail_mb,50090
1790903412.117,pswpin,907621
1790903413.127,api,0.010
1790903413.127,client,0.000
1790903413.127,enginecore,0.218
1790903413.127,other_total,0.010
1790903413.127,store_0,0.000
1790903413.127,avail_mb,50090
1790903413.127,pswpin,907621
1790903414.136,api,0.010
1790903414.136,client,0.000
1790903414.136,enginecore,1.140
1790903414.136,other_total,0.030
1790903414.136,store_0,0.010
1790903414.136,avail_mb,50089
1790903414.136,pswpin,907621
1790903415.145,api,0.040
1790903415.145,client,0.000
1790903415.145,enginecore,1.963
1790903415.145,other_total,0.000
1790903415.145,store_0,0.010
1790903415.145,avail_mb,50091
1790903415.145,pswpin,907621
1790903416.154,api,0.030
1790903416.154,client,0.010
1790903416.154,enginecore,2.003
1790903416.154,other_total,0.040
1790903416.154,store_0,0.020
1790903416.154,avail_mb,50089
1790903416.154,pswpin,907621
1790903417.167,api,0.049
1790903417.167,client,0.000
1790903417.167,enginecore,3.327
1790903417.167,other_total,0.000
1790903417.167,store_0,0.059
1790903417.167,avail_mb,50094
1790903417.167,pswpin,907621
1790903418.175,api,0.030
1790903418.175,client,0.010
1790903418.175,enginecore,1.904
1790903418.175,other_total,0.010
1790903418.175,store_0,0.010
1790903418.175,avail_mb,50089
1790903418.175,pswpin,907621
1790903419.184,api,0.020
1790903419.184,client,0.000
1790903419.184,enginecore,0.902
1790903419.184,other_total,0.040
1790903419.184,store_0,0.000
1790903419.184,avail_mb,50087
1790903419.184,pswpin,907621
1790903420.192,api,0.020
1790903420.192,client,0.010
1790903420.192,enginecore,1.804
1790903420.192,other_total,0.020
1790903420.192,store_0,0.020
1790903420.192,avail_mb,50090
1790903420.192,pswpin,907621
1790903421.201,api,0.020
1790903421.201,client,0.000
1790903421.201,enginecore,0.258
1790903421.201,other_total,0.059
1790903421.201,store_0,0.000
1790903421.201,avail_mb,50084
1790903421.201,pswpin,907621
1790903422.210,api,0.040
1790903422.210,client,0.010
1790903422.210,enginecore,2.003
1790903422.210,other_total,0.040
1790903422.210,store_0,0.030
1790903422.210,avail_mb,50085
1790903422.210,pswpin,907621
1790903423.220,api,0.040
1790903423.220,client,0.010
1790903423.220,enginecore,2.020
1790903423.220,other_total,0.000
1790903423.220,store_0,0.020
1790903423.220,avail_mb,50086
1790903423.220,pswpin,907621
1790903424.228,api,0.030
1790903424.228,client,0.010
1790903424.228,enginecore,2.658
1790903424.228,other_total,0.030
1790903424.228,store_0,0.030
1790903424.228,avail_mb,50086
1790903424.228,pswpin,907621
1790903425.241,api,0.030
1790903425.241,client,0.000
1790903425.241,enginecore,0.938
1790903425.241,other_total,0.059
1790903425.241,store_0,0.020
1790903425.241,avail_mb,50086
1790903425.241,pswpin,907621
1790903426.250,api,0.040
1790903426.250,client,0.010
1790903426.250,enginecore,1.745
1790903426.250,other_total,0.000
1790903426.250,store_0,0.000
1790903426.250,avail_mb,50086
1790903426.250,pswpin,907621
1790903427.258,api,0.020
1790903427.258,client,0.000
1790903427.258,enginecore,1.675
1790903427.258,other_total,0.169
1790903427.258,store_0,0.030
1790903427.258,avail_mb,50084
1790903427.258,pswpin,907621
1790903428.267,api,0.030
1790903428.267,client,0.010
1790903428.267,enginecore,3.300
1790903428.267,other_total,0.040
1790903428.267,store_0,0.050
1790903428.267,avail_mb,50082
1790903428.267,pswpin,907621
1790903429.276,api,0.040
1790903429.276,client,0.000
1790903429.276,enginecore,1.804
1790903429.276,other_total,0.010
1790903429.276,store_0,0.000
1790903429.276,avail_mb,50081
1790903429.276,pswpin,907621
1790903430.287,api,0.030
1790903430.287,client,0.010
1790903430.287,enginecore,1.930
1790903430.287,other_total,0.030
1790903430.287,store_0,0.020
1790903430.287,avail_mb,50082
1790903430.287,pswpin,907621
1790903431.295,api,0.040
1790903431.295,client,0.000
1790903431.295,enginecore,1.844
1790903431.295,other_total,0.059
1790903431.295,store_0,0.010
1790903431.295,avail_mb,50080
1790903431.295,pswpin,907621
1790903432.309,api,0.000
1790903432.309,client,0.000
1790903432.309,enginecore,0.059
1790903432.309,other_total,0.059
1790903432.309,store_0,0.000
1790903432.309,avail_mb,50076
1790903432.309,pswpin,907621
1790903433.318,api,0.050
1790903433.318,client,0.020
1790903433.318,enginecore,3.153
1790903433.318,other_total,0.000
1790903433.318,store_0,0.050
1790903433.318,avail_mb,50078
1790903433.318,pswpin,907621
1790903434.331,api,0.039
1790903434.331,client,0.010
1790903434.331,enginecore,1.817
1790903434.331,other_total,0.030
1790903434.331,store_0,0.000
1790903434.331,avail_mb,50074
1790903434.331,pswpin,907621
1790903435.339,api,0.050
1790903435.339,client,0.010
1790903435.339,enginecore,2.280
1790903435.339,other_total,0.040
1790903435.339,store_0,0.020
1790903435.339,avail_mb,50074
1790903435.339,pswpin,907621
1790903436.348,api,0.040
1790903436.348,client,0.010
1790903436.348,enginecore,2.032
1790903436.348,other_total,0.040
1790903436.348,store_0,0.030
1790903436.348,avail_mb,50071
1790903436.348,pswpin,907621
1790903437.358,api,0.030
1790903437.358,client,0.000
1790903437.358,enginecore,0.881
1790903437.358,other_total,0.010
1790903437.358,store_0,0.000
1790903437.358,avail_mb,50071
1790903437.358,pswpin,907621
1790903438.366,api,0.050
1790903438.366,client,0.010
1790903438.366,enginecore,1.091
1790903438.366,other_total,0.000
1790903438.366,store_0,0.000
1790903438.366,avail_mb,50070
1790903438.366,pswpin,907621
1790903439.375,api,0.010
1790903439.375,client,0.010
1790903439.375,enginecore,0.912
1790903439.375,other_total,0.020
1790903439.375,store_0,0.000
1790903439.375,avail_mb,50070
1790903439.375,pswpin,907621
1790903440.384,api,0.020
1790903440.384,client,0.010
1790903440.384,enginecore,0.942
1790903440.384,other_total,0.020
1790903440.384,store_0,0.000
1790903440.384,avail_mb,50069
1790903440.384,pswpin,907621
1790903441.392,api,0.020
1790903441.392,client,0.000
1790903441.392,enginecore,0.625
1790903441.392,other_total,0.020
1790903441.392,store_0,0.000
1790903441.392,avail_mb,50069
1790903441.392,pswpin,907621
1790903442.401,api,0.030
1790903442.401,client,0.010
1790903442.401,enginecore,1.983
1790903442.401,other_total,0.030
1790903442.401,store_0,0.030
1790903442.401,avail_mb,50068
1790903442.401,pswpin,907621
1790903443.409,api,0.050
1790903443.409,client,0.000
1790903443.409,enginecore,1.121
1790903443.409,other_total,0.000
1790903443.409,store_0,0.000
1790903443.409,avail_mb,50068
1790903443.409,pswpin,907621
1790903444.418,api,0.020
1790903444.418,client,0.010
1790903444.418,enginecore,3.807
1790903444.418,other_total,0.020
1790903444.418,store_0,0.059
1790903444.418,avail_mb,50072
1790903444.418,pswpin,907621
1790903445.427,api,0.020
1790903445.427,client,0.000
1790903445.427,enginecore,0.545
1790903445.427,other_total,0.020
1790903445.427,store_0,0.000
1790903445.427,avail_mb,50072
1790903445.427,pswpin,907621
1790903446.435,api,0.040
1790903446.435,client,0.000
1790903446.435,enginecore,1.121
1790903446.435,other_total,0.030
1790903446.435,store_0,0.000
1790903446.435,avail_mb,50071
1790903446.435,pswpin,907621
1790903447.444,api,0.040
1790903447.444,client,0.000
1790903447.444,enginecore,1.883
1790903447.444,other_total,0.010
1790903447.444,store_0,0.030
1790903447.444,avail_mb,50072
1790903447.444,pswpin,907621
1790903448.452,api,0.030
1790903448.452,client,0.010
1790903448.452,enginecore,1.120
1790903448.452,other_total,0.050
1790903448.452,store_0,0.000
1790903448.452,avail_mb,50075
1790903448.452,pswpin,907621
1790903449.462,api,0.030
1790903449.462,client,0.010
1790903449.462,enginecore,2.050
1790903449.462,other_total,0.059
1790903449.462,store_0,0.020
1790903449.462,avail_mb,50074
1790903449.462,pswpin,907621
1790903450.472,api,0.040
1790903450.472,client,0.010
1790903450.472,enginecore,2.871
1790903450.472,other_total,0.000
1790903450.472,store_0,0.069
1790903450.472,avail_mb,50073
1790903450.472,pswpin,907621
1790903451.483,api,0.020
1790903451.483,client,0.000
1790903451.483,enginecore,0.890
1790903451.483,other_total,0.059
1790903451.483,store_0,0.020
1790903451.483,avail_mb,50068
1790903451.483,pswpin,907621
1790903452.492,api,0.020
1790903452.492,client,0.010
1790903452.492,enginecore,1.666
1790903452.492,other_total,0.000
1790903452.492,store_0,0.000
1790903452.492,avail_mb,50071
1790903452.492,pswpin,907621
1790903453.502,api,0.000
1790903453.502,client,0.000
1790903453.502,enginecore,0.010
1790903453.502,other_total,0.030
1790903453.502,store_0,0.000
1790903453.502,avail_mb,50070
1790903453.502,pswpin,907621
1790903454.514,api,0.030
1790903454.514,client,0.000
1790903454.514,enginecore,1.957
1790903454.514,other_total,0.079
1790903454.514,store_0,0.030
1790903454.514,avail_mb,50071
1790903454.514,pswpin,907621
1790903455.522,api,0.030
1790903455.522,client,0.010
1790903455.522,enginecore,1.824
1790903455.522,other_total,0.030
1790903455.522,store_0,0.020
1790903455.522,avail_mb,50069
1790903455.522,pswpin,907621
1790903456.533,api,0.030
1790903456.533,client,0.010
1790903456.533,enginecore,3.452
1790903456.533,other_total,0.020
1790903456.533,store_0,0.079
1790903456.533,avail_mb,50069
1790903456.533,pswpin,907621
1790903457.543,api,0.040
1790903457.543,client,0.020
1790903457.543,enginecore,2.436
1790903457.543,other_total,0.030
1790903457.543,store_0,0.030
1790903457.543,avail_mb,50067
1790903457.543,pswpin,907621
1790903458.552,api,0.050
1790903458.552,client,0.020
1790903458.552,enginecore,1.150
1790903458.552,other_total,0.000
1790903458.552,store_0,0.000
1790903458.552,avail_mb,50065
1790903458.552,pswpin,907621
1790903459.561,api,0.030
1790903459.561,client,0.010
1790903459.561,enginecore,0.833
1790903459.561,other_total,0.040
1790903459.561,store_0,0.000
1790903459.561,avail_mb,50065
1790903459.561,pswpin,907621
1790903460.570,api,0.020
1790903460.570,client,0.010
1790903460.570,enginecore,1.894
1790903460.570,other_total,0.089
1790903460.570,store_0,0.020
1790903460.570,avail_mb,50067
1790903460.570,pswpin,907621
1790903461.578,api,0.010
1790903461.578,client,0.000
1790903461.578,enginecore,0.238
1790903461.578,other_total,0.040
1790903461.578,store_0,0.000
1790903461.578,avail_mb,50065
1790903461.578,pswpin,907621
1790903462.589,api,0.000
1790903462.589,client,0.000
1790903462.589,enginecore,0.010
1790903462.589,other_total,0.040
1790903462.589,store_0,0.000
1790903462.589,avail_mb,50061
1790903462.589,pswpin,907621
1790903463.599,api,0.000
1790903463.599,client,0.000
1790903463.599,enginecore,0.020
1790903463.599,other_total,0.040
1790903463.599,store_0,0.000
1790903463.599,avail_mb,50058
1790903463.599,pswpin,907621
1790903464.608,api,0.020
1790903464.608,client,0.010
1790903464.608,enginecore,1.497
1790903464.608,other_total,0.030
1790903464.608,store_0,0.030
1790903464.608,avail_mb,50066
1790903464.608,pswpin,907621
1790903465.619,api,0.040
1790903465.619,client,0.020
1790903465.619,enginecore,2.472
1790903465.619,other_total,0.049
1790903465.619,store_0,0.030
1790903465.619,avail_mb,50057
1790903465.619,pswpin,907621
1790903466.628,api,0.040
1790903466.628,client,0.010
1790903466.628,enginecore,2.537
1790903466.628,other_total,0.030
1790903466.628,store_0,0.030
1790903466.628,avail_mb,50053
1790903466.628,pswpin,907621
1790903467.638,api,0.040
1790903467.638,client,0.020
1790903467.638,enginecore,2.960
1790903467.638,other_total,0.000
1790903467.638,store_0,0.069
1790903467.638,avail_mb,50053
1790903467.638,pswpin,907621
1790903468.647,api,0.040
1790903468.647,client,0.010
1790903468.647,enginecore,2.955
1790903468.647,other_total,0.000
1790903468.647,store_0,0.030
1790903468.647,avail_mb,50052
1790903468.647,pswpin,907621
1790903469.656,api,0.040
1790903469.656,client,0.010
1790903469.656,enginecore,0.892
1790903469.656,other_total,0.000
1790903469.656,store_0,0.000
1790903469.656,avail_mb,50050
1790903469.656,pswpin,907621
1790903470.664,api,0.020
1790903470.664,client,0.010
1790903470.664,enginecore,3.024
1790903470.664,other_total,0.020
1790903470.664,store_0,0.050
1790903470.664,avail_mb,50049
1790903470.664,pswpin,907621
1790903471.673,api,0.050
1790903471.673,client,0.010
1790903471.673,enginecore,2.091
1790903471.673,other_total,0.000
1790903471.673,store_0,0.040
1790903471.673,avail_mb,50046
1790903471.673,pswpin,907621
1790903472.682,api,0.020
1790903472.682,client,0.030
1790903472.682,enginecore,3.588
1790903472.682,other_total,0.030
1790903472.682,store_0,0.059
1790903472.682,avail_mb,50045
1790903472.682,pswpin,907621
1790903473.691,api,0.040
1790903473.691,client,0.010
1790903473.691,enginecore,1.140
1790903473.691,other_total,0.010
1790903473.691,store_0,0.000
1790903473.691,avail_mb,50045
1790903473.691,pswpin,907621
1790903474.700,api,0.030
1790903474.700,client,0.000
1790903474.700,enginecore,2.616
1790903474.700,other_total,0.010
1790903474.700,store_0,0.040
1790903474.700,avail_mb,50049
1790903474.700,pswpin,907621
1790903475.709,api,0.030
1790903475.709,client,0.010
1790903475.709,enginecore,0.743
1790903475.709,other_total,0.030
1790903475.709,store_0,0.000
1790903475.709,avail_mb,50048
1790903475.709,pswpin,907621
1790903476.717,api,0.030
1790903476.717,client,0.010
1790903476.717,enginecore,3.590
1790903476.717,other_total,0.000
1790903476.717,store_0,0.069
1790903476.717,avail_mb,50051
1790903476.717,pswpin,907621
1790903477.726,api,0.040
1790903477.726,client,0.010
1790903477.726,enginecore,2.081
1790903477.726,other_total,0.010
1790903477.726,store_0,0.030
1790903477.726,avail_mb,50052
1790903477.726,pswpin,907621
1790903478.735,api,0.030
1790903478.735,client,0.010
1790903478.735,enginecore,2.042
1790903478.735,other_total,0.030
1790903478.735,store_0,0.030
1790903478.735,avail_mb,50048
1790903478.735,pswpin,907621
1790903479.744,api,0.030
1790903479.744,client,0.010
1790903479.744,enginecore,2.934
1790903479.744,other_total,0.020
1790903479.744,store_0,0.050
1790903479.744,avail_mb,50046
1790903479.744,pswpin,907621
1790903480.753,api,0.030
1790903480.753,client,0.020
1790903480.753,enginecore,2.041
1790903480.753,other_total,0.020
1790903480.753,store_0,0.030
1790903480.753,avail_mb,50048
1790903480.753,pswpin,907621
1790903481.762,api,0.050
1790903481.762,client,0.010
1790903481.762,enginecore,2.954
1790903481.762,other_total,0.069
1790903481.762,store_0,0.050
1790903481.762,avail_mb,50045
1790903481.762,pswpin,907621
1790903482.770,api,0.040
1790903482.770,client,0.010
1790903482.770,enginecore,1.795
1790903482.770,other_total,0.040
1790903482.770,store_0,0.020
1790903482.770,avail_mb,50045
1790903482.770,pswpin,907621
1790903483.779,api,0.030
1790903483.779,client,0.010
1790903483.779,enginecore,1.904
1790903483.779,other_total,0.040
1790903483.779,store_0,0.000
1790903483.779,avail_mb,50044
1790903483.779,pswpin,907621
1790903484.787,api,0.050
1790903484.787,client,0.030
1790903484.787,enginecore,1.140
1790903484.787,other_total,0.050
1790903484.787,store_0,0.000
1790903484.787,avail_mb,50043
1790903484.787,pswpin,907621
1790903485.796,api,0.040
1790903485.796,client,0.000
1790903485.796,enginecore,1.140
1790903485.796,other_total,0.040
1790903485.796,store_0,0.000
1790903485.796,avail_mb,50042
1790903485.796,pswpin,907621
1790903486.805,api,0.030
1790903486.805,client,0.010
1790903486.805,enginecore,0.803
1790903486.805,other_total,0.109
1790903486.805,store_0,0.000
1790903486.805,avail_mb,50042
1790903486.805,pswpin,907621
1790903487.814,api,0.020
1790903487.814,client,0.010
1790903487.814,enginecore,1.943
1790903487.814,other_total,0.109
1790903487.814,store_0,0.020
1790903487.814,avail_mb,50051
1790903487.814,pswpin,907621
1790903488.822,api,0.040
1790903488.822,client,0.010
1790903488.822,enginecore,0.952
1790903488.822,other_total,0.010
1790903488.822,store_0,0.000
1790903488.822,avail_mb,50051
1790903488.822,pswpin,907621
1790903489.831,api,0.030
1790903489.831,client,0.010
1790903489.831,enginecore,0.863
1790903489.831,other_total,0.030
1790903489.831,store_0,0.000
1790903489.831,avail_mb,50067
1790903489.831,pswpin,907621
1790903490.840,api,0.040
1790903490.840,client,0.020
1790903490.840,enginecore,2.072
1790903490.840,other_total,0.050
1790903490.840,store_0,0.030
1790903490.840,avail_mb,50065
1790903490.840,pswpin,907621
1790903491.848,api,0.030
1790903491.848,client,0.010
1790903491.848,enginecore,2.043
1790903491.848,other_total,0.010
1790903491.848,store_0,0.030
1790903491.848,avail_mb,50064
1790903491.848,pswpin,907621
1790903492.860,api,0.030
1790903492.860,client,0.010
1790903492.860,enginecore,0.870
1790903492.860,other_total,0.030
1790903492.860,store_0,0.000
1790903492.860,avail_mb,50062
1790903492.860,pswpin,907621
1790903493.868,api,0.020
1790903493.868,client,0.000
1790903493.868,enginecore,0.734
1790903493.868,other_total,0.079
1790903493.868,store_0,0.000
1790903493.868,avail_mb,50061
1790903493.868,pswpin,907621
1790903494.877,api,0.040
1790903494.877,client,0.010
1790903494.877,enginecore,2.042
1790903494.877,other_total,0.010
1790903494.877,store_0,0.030
1790903494.877,avail_mb,50062
1790903494.877,pswpin,907621
1790903495.886,api,0.030
1790903495.886,client,0.010
1790903495.886,enginecore,2.924
1790903495.886,other_total,0.030
1790903495.886,store_0,0.030
1790903495.886,avail_mb,50063
1790903495.886,pswpin,907621
1790903496.895,api,0.050
1790903496.895,client,0.010
1790903496.895,enginecore,2.962
1790903496.895,other_total,0.020
1790903496.895,store_0,0.059
1790903496.895,avail_mb,50065
1790903496.895,pswpin,907621
1790903497.904,api,0.040
1790903497.904,client,0.030
1790903497.904,enginecore,2.974
1790903497.904,other_total,0.000
1790903497.904,store_0,0.050
1790903497.904,avail_mb,50064
1790903497.904,pswpin,907621
1790903498.913,api,0.030
1790903498.913,client,0.010
1790903498.913,enginecore,2.022
1790903498.913,other_total,0.010
1790903498.913,store_0,0.020
1790903498.913,avail_mb,50063
1790903498.913,pswpin,907621
1790903499.926,api,0.030
1790903499.926,client,0.010
1790903499.926,enginecore,1.570
1790903499.926,other_total,0.000
1790903499.926,store_0,0.030
1790903499.926,avail_mb,50074
1790903499.926,pswpin,907621
1790903500.935,api,0.040
1790903500.935,client,0.010
1790903500.935,enginecore,1.417
1790903500.935,other_total,0.000
1790903500.935,store_0,0.000
1790903500.935,avail_mb,50074
1790903500.935,pswpin,907621
1790903501.944,api,0.010
1790903501.944,client,0.000
1790903501.944,enginecore,0.208
1790903501.944,other_total,0.020
1790903501.944,store_0,0.000
1790903501.944,avail_mb,50071
1790903501.944,pswpin,907621
1790903502.953,api,0.010
1790903502.953,client,0.010
1790903502.953,enginecore,0.743
1790903502.953,other_total,0.020
1790903502.953,store_0,0.000
1790903502.953,avail_mb,50068
1790903502.953,pswpin,907621
1790903503.962,api,0.040
1790903503.962,client,0.000
1790903503.962,enginecore,4.826
1790903503.962,other_total,0.020
1790903503.962,store_0,0.099
1790903503.962,avail_mb,50074
1790903503.962,pswpin,907621
1790903504.971,api,0.050
1790903504.971,client,0.020
1790903504.971,enginecore,2.032
1790903504.971,other_total,0.000
1790903504.971,store_0,0.010
1790903504.971,avail_mb,50075
1790903504.971,pswpin,907621
1790903505.980,api,0.040
1790903505.980,client,0.010
1790903505.980,enginecore,2.101
1790903505.980,other_total,0.030
1790903505.980,store_0,0.020
1790903505.980,avail_mb,50075
1790903505.980,pswpin,907621
1790903506.989,api,0.030
1790903506.989,client,0.010
1790903506.989,enginecore,1.041
1790903506.989,other_total,0.059
1790903506.989,store_0,0.000
1790903506.989,avail_mb,50075
1790903506.989,pswpin,907621
1790903507.997,api,0.040
1790903507.997,client,0.020
1790903507.997,enginecore,1.141
1790903507.997,other_total,0.010
1790903507.997,store_0,0.000
1790903507.997,avail_mb,50073
1790903507.997,pswpin,907621
1790903509.006,api,0.040
1790903509.006,client,0.020
1790903509.006,enginecore,2.092
1790903509.006,other_total,0.030
1790903509.006,store_0,0.030
1790903509.006,avail_mb,50069
1790903509.006,pswpin,907621
1790903510.015,api,0.020
1790903510.015,client,0.000
1790903510.015,enginecore,1.774
1790903510.015,other_total,0.030
1790903510.015,store_0,0.010
1790903510.015,avail_mb,50071
1790903510.015,pswpin,907621
1790903511.024,api,0.040
1790903511.024,client,0.010
1790903511.024,enginecore,1.150
1790903511.024,other_total,0.030
1790903511.024,store_0,0.000
1790903511.024,avail_mb,50069
1790903511.024,pswpin,907621
1790903512.032,api,0.040
1790903512.032,client,0.010
1790903512.032,enginecore,2.945
1790903512.032,other_total,0.040
1790903512.032,store_0,0.050
1790903512.032,avail_mb,50072
1790903512.032,pswpin,907621
1790903513.040,api,0.030
1790903513.040,client,0.010
1790903513.040,enginecore,1.141
1790903513.040,other_total,0.020
1790903513.040,store_0,0.000
1790903513.040,avail_mb,50070
1790903513.040,pswpin,907621
1790903514.049,api,0.030
1790903514.049,client,0.010
1790903514.049,enginecore,2.032
1790903514.049,other_total,0.030
1790903514.049,store_0,0.020
1790903514.049,avail_mb,50069
1790903514.049,pswpin,907621
1790903515.058,api,0.020
1790903515.058,client,0.010
1790903515.058,enginecore,0.645
1790903515.058,other_total,0.040
1790903515.058,store_0,0.000
1790903515.058,avail_mb,50066
1790903515.058,pswpin,907621
1790903516.067,api,0.040
1790903516.067,client,0.010
1790903516.067,enginecore,2.022
1790903516.067,other_total,0.020
1790903516.067,store_0,0.040
1790903516.067,avail_mb,50068
1790903516.067,pswpin,907621
1790903517.075,api,0.040
1790903517.075,client,0.010
1790903517.075,enginecore,2.052
1790903517.075,other_total,0.030
1790903517.075,store_0,0.030
1790903517.075,avail_mb,50067
1790903517.075,pswpin,907621
1790903518.084,api,0.020
1790903518.084,client,0.010
1790903518.084,enginecore,0.942
1790903518.084,other_total,0.040
1790903518.084,store_0,0.000
1790903518.084,avail_mb,50067
1790903518.084,pswpin,907621
1790903519.094,api,0.010
1790903519.094,client,0.000
1790903519.094,enginecore,0.010
1790903519.094,other_total,0.030
1790903519.094,store_0,0.000
1790903519.094,avail_mb,50066
1790903519.094,pswpin,907621
1790903520.103,api,0.030
1790903520.103,client,0.010
1790903520.103,enginecore,1.864
1790903520.103,other_total,0.099
1790903520.103,store_0,0.020
1790903520.103,avail_mb,50067
1790903520.103,pswpin,907621
1790903521.112,api,0.040
1790903521.112,client,0.020
1790903521.112,enginecore,2.765
1790903521.112,other_total,0.010
1790903521.112,store_0,0.050
1790903521.112,avail_mb,50067
1790903521.112,pswpin,907621
1790903522.121,api,0.020
1790903522.121,client,0.000
1790903522.121,enginecore,0.823
1790903522.121,other_total,0.040
1790903522.121,store_0,0.000
1790903522.121,avail_mb,50064
1790903522.121,pswpin,907621
1790903523.130,api,0.040
1790903523.130,client,0.010
1790903523.130,enginecore,1.804
1790903523.130,other_total,0.000
1790903523.130,store_0,0.020
1790903523.130,avail_mb,50063
1790903523.130,pswpin,907621
1790903524.138,api,0.030
1790903524.138,client,0.010
1790903524.138,enginecore,3.520
1790903524.138,other_total,0.010
1790903524.138,store_0,0.050
1790903524.138,avail_mb,50061
1790903524.138,pswpin,907621
1790903525.147,api,0.030
1790903525.147,client,0.010
1790903525.147,enginecore,1.715
1790903525.147,other_total,0.030
1790903525.147,store_0,0.020
1790903525.147,avail_mb,50060
1790903525.147,pswpin,907621
1790903526.155,api,0.020
1790903526.155,client,0.010
1790903526.155,enginecore,0.744
1790903526.155,other_total,0.030
1790903526.155,store_0,0.000
1790903526.155,avail_mb,50060
1790903526.155,pswpin,907621
1790903527.164,api,0.030
1790903527.164,client,0.000
1790903527.164,enginecore,2.765
1790903527.164,other_total,0.040
1790903527.164,store_0,0.050
1790903527.164,avail_mb,50064
1790903527.164,pswpin,907621
1790903528.173,api,0.040
1790903528.173,client,0.010
1790903528.173,enginecore,0.912
1790903528.173,other_total,0.000
1790903528.173,store_0,0.000
1790903528.173,avail_mb,50062
1790903528.173,pswpin,907621
1790903529.182,api,0.020
1790903529.182,client,0.010
1790903529.182,enginecore,1.774
1790903529.182,other_total,0.000
1790903529.182,store_0,0.030
1790903529.182,avail_mb,50061
1790903529.182,pswpin,907621
1790903530.190,api,0.040
1790903530.190,client,0.010
1790903530.190,enginecore,2.102
1790903530.190,other_total,0.010
1790903530.190,store_0,0.020
1790903530.190,avail_mb,50062
1790903530.190,pswpin,907621
1790903531.199,api,0.010
1790903531.199,enginecore,0.188
1790903531.199,other_total,0.050
1790903531.199,store_0,0.000
1790903531.199,avail_mb,50108
1790903531.199,pswpin,907621
1790903532.210,api,0.000
1790903532.210,enginecore,0.020
1790903532.210,other_total,0.059
1790903532.210,store_0,0.000
1790903532.210,avail_mb,50105
1790903532.210,pswpin,907621
1790903533.220,api,0.000
1790903533.220,enginecore,0.010
1790903533.220,other_total,0.059
1790903533.220,store_0,0.000
1790903533.220,avail_mb,50104
1790903533.220,pswpin,907621
1790903534.231,api,0.000
1790903534.231,enginecore,0.020
1790903534.231,other_total,0.020
1790903534.231,store_0,0.000
1790903534.231,avail_mb,50104
1790903534.231,pswpin,907621
1790903535.242,api,0.010
1790903535.242,enginecore,0.010
1790903535.242,other_total,0.010
1790903535.242,store_0,0.000
1790903535.242,avail_mb,50103
1790903535.242,pswpin,907621
1790903536.252,api,0.000
1790903536.252,enginecore,0.020
1790903536.252,other_total,0.040
1790903536.252,store_0,0.000
1790903536.252,avail_mb,50102
1790903536.252,pswpin,907621
