ts,role,cores
1790922409.970,other_total,0.247
1790922409.970,avail_mb,57912
1790922409.970,pswpin,1552213
1790922410.980,other_total,0.079
1790922410.980,avail_mb,57919
1790922410.980,pswpin,1552213
1790922411.991,other_total,0.089
1790922411.991,avail_mb,57918
1790922411.991,pswpin,1552213
1790922413.001,other_total,0.040
1790922413.001,avail_mb,57918
1790922413.001,pswpin,1552213
1790922414.011,other_total,0.089
1790922414.011,avail_mb,57917
1790922414.011,pswpin,1552213
1790922415.022,other_total,0.049
1790922415.022,avail_mb,57917
1790922415.022,pswpin,1552213
1790922416.032,other_total,0.059
1790922416.032,avail_mb,57917
1790922416.032,pswpin,1552213
1790922417.042,other_total,0.040
1790922417.042,avail_mb,57901
1790922417.042,pswpin,1552213
1790922418.053,other_total,0.099
1790922418.053,avail_mb,57924
1790922418.053,pswpin,1552213
1790922419.063,other_total,0.040
1790922419.063,avail_mb,57924
1790922419.063,pswpin,1552213
1790922420.072,other_total,2.895
1790922420.072,avail_mb,57531
1790922420.072,pswpin,1552213
1790922421.082,other_total,0.059
1790922421.082,store_0,0.129
1790922421.082,avail_mb,57496
1790922421.082,pswpin,1552213
1790922422.093,other_total,3.829
1790922422.093,store_0,0.000
1790922422.093,avail_mb,56848
1790922422.093,pswpin,1552233
1790922423.105,api,3.707
1790922423.105,other_total,0.049
1790922423.105,store_0,0.000
1790922423.105,avail_mb,56683
1790922423.105,pswpin,1552237
1790922424.114,api,1.990
1790922424.114,other_total,0.050
1790922424.114,store_0,0.000
1790922424.114,avail_mb,56427
1790922424.114,pswpin,1552239
1790922425.124,api,1.486
1790922425.124,other_total,0.059
1790922425.124,store_0,0.000
1790922425.124,avail_mb,56301
1790922425.124,pswpin,1552241
1790922426.133,api,0.694
1790922426.133,other_total,3.142
1790922426.133,store_0,0.000
1790922426.133,avail_mb,55614
1790922426.133,pswpin,1552241
1790922427.141,api,0.000
1790922427.141,other_total,1.973
1790922427.141,store_0,0.000
1790922427.141,avail_mb,55441
1790922427.141,pswpin,1552242
1790922428.151,api,0.000
1790922428.151,other_total,3.874
1790922428.151,store_0,0.000
1790922428.151,avail_mb,55208
1790922428.151,pswpin,1552243
1790922429.159,api,0.000
1790922429.159,other_total,2.042
1790922429.159,store_0,0.000
1790922429.159,avail_mb,55009
1790922429.159,pswpin,1552245
1790922430.169,api,0.000
1790922430.169,enginecore,2.071
1790922430.169,other_total,1.189
1790922430.169,store_0,0.000
1790922430.169,avail_mb,54290
1790922430.169,pswpin,1552247
1790922431.178,api,0.000
1790922431.178,enginecore,1.615
1790922431.178,other_total,1.367
1790922431.178,store_0,0.000
1790922431.178,avail_mb,54159
1790922431.178,pswpin,1552247
1790922432.187,api,0.000
1790922432.187,enginecore,1.715
1790922432.187,other_total,0.327
1790922432.187,store_0,0.000
1790922432.187,avail_mb,53795
1790922432.187,pswpin,1552247
1790922433.196,api,0.000
1790922433.196,enginecore,1.209
1790922433.196,other_total,0.783
1790922433.196,store_0,0.000
1790922433.196,avail_mb,53766
1790922433.196,pswpin,1552247
1790922434.205,api,0.040
1790922434.205,enginecore,2.081
1790922434.205,other_total,0.069
1790922434.205,store_0,0.000
1790922434.205,avail_mb,52370
1790922434.205,pswpin,1552247
1790922435.214,api,0.347
1790922435.214,enginecore,0.724
1790922435.214,other_total,0.317
1790922435.214,store_0,0.000
1790922435.214,avail_mb,52031
1790922435.214,pswpin,1552247
1790922436.223,api,0.000
1790922436.223,enginecore,0.198
1790922436.223,other_total,0.803
1790922436.223,store_0,0.000
1790922436.223,avail_mb,52037
1790922436.223,pswpin,1552247
1790922437.231,api,0.000
1790922437.231,enginecore,1.517
1790922437.231,other_total,0.030
1790922437.231,store_0,0.000
1790922437.231,avail_mb,50760
1790922437.231,pswpin,1552247
1790922438.242,api,0.069
1790922438.242,enginecore,0.435
1790922438.242,other_total,0.040
1790922438.242,store_0,0.000
1790922438.242,avail_mb,50688
1790922438.242,pswpin,1552249
1790922439.253,api,0.406
1790922439.253,enginecore,0.020
1790922439.253,other_total,0.059
1790922439.253,store_0,0.000
1790922439.253,avail_mb,50640
1790922439.253,pswpin,1552249
1790922440.261,api,0.000
1790922440.261,enginecore,1.388
1790922440.261,other_total,0.288
1790922440.261,store_0,0.109
1790922440.261,avail_mb,52759
1790922440.261,pswpin,1552253
1790922441.272,api,0.000
1790922441.272,enginecore,0.020
1790922441.272,other_total,0.198
1790922441.272,store_0,0.000
1790922441.272,avail_mb,53245
1790922441.272,pswpin,1552253
1790922442.280,api,0.000
1790922442.280,enginecore,0.000
1790922442.280,other_total,0.426
1790922442.280,store_0,0.000
1790922442.280,store_1,2.548
1790922442.280,avail_mb,52883
1790922442.280,pswpin,1552285
1790922443.291,api,0.000
1790922443.291,enginecore,0.010
1790922443.291,other_total,0.198
1790922443.291,store_0,0.000
1790922443.291,store_1,0.000
1790922443.291,avail_mb,52883
1790922443.291,pswpin,1552286
1790922444.300,api,3.865
1790922444.300,enginecore,0.010
1790922444.300,other_total,0.050
1790922444.300,store_0,0.000
1790922444.300,store_1,0.000
1790922444.300,avail_mb,52306
1790922444.300,pswpin,1552286
1790922445.309,api,3.755
1790922445.309,enginecore,0.000
1790922445.309,other_total,0.069
1790922445.309,store_0,0.000
1790922445.309,store_1,0.000
1790922445.309,avail_mb,52134
1790922445.309,pswpin,1552286
1790922446.318,api,2.012
1790922446.318,enginecore,0.010
1790922446.318,other_total,0.010
1790922446.318,store_0,0.000
1790922446.318,store_1,0.000
1790922446.318,avail_mb,51933
1790922446.318,pswpin,1552289
1790922447.327,api,1.457
1790922447.327,enginecore,0.000
1790922447.327,other_total,0.069
1790922447.327,store_0,0.000
1790922447.327,store_1,0.000
1790922447.327,avail_mb,51816
1790922447.327,pswpin,1552293
1790922448.337,api,0.367
1790922448.337,enginecore,0.010
1790922448.337,other_total,3.240
1790922448.337,store_0,0.000
1790922448.337,store_1,0.000
1790922448.337,avail_mb,51070
1790922448.337,pswpin,1552293
1790922449.379,api,0.000
1790922449.379,enginecore,0.010
1790922449.379,other_total,3.818
1790922449.379,store_0,0.000
1790922449.379,store_1,0.000
1790922449.379,avail_mb,50851
1790922449.379,pswpin,1552297
1790922450.389,api,0.000
1790922450.389,enginecore,0.000
1790922450.389,other_total,2.387
1790922450.389,store_0,0.000
1790922450.389,store_1,0.000
1790922450.389,avail_mb,50556
1790922450.389,pswpin,1552329
1790922451.398,api,0.000
1790922451.398,enginecore,0.000
1790922451.398,other_total,2.022
1790922451.398,store_0,0.000
1790922451.398,store_1,0.000
1790922451.398,avail_mb,50323
1790922451.398,pswpin,1552333
1790922452.407,api,0.000
1790922452.407,enginecore,1.803
1790922452.407,other_total,1.397
1790922452.407,store_0,0.000
1790922452.407,store_1,0.000
1790922452.407,avail_mb,49881
1790922452.407,pswpin,1552334
1790922453.417,api,0.000
1790922453.417,enginecore,2.030
1790922453.417,other_total,0.911
1790922453.417,store_0,0.000
1790922453.417,store_1,0.000
1790922453.417,avail_mb,49413
1790922453.417,pswpin,1552334
1790922454.426,api,0.000
1790922454.426,enginecore,1.348
1790922454.426,other_total,1.110
1790922454.426,store_0,0.000
1790922454.426,store_1,0.000
1790922454.426,avail_mb,49338
1790922454.426,pswpin,1552387
1790922455.435,api,0.000
1790922455.435,enginecore,2.031
1790922455.435,other_total,0.436
1790922455.435,store_0,0.000
1790922455.435,store_1,0.000
1790922455.435,avail_mb,48254
1790922455.435,pswpin,1552393
1790922456.444,api,0.059
1790922456.444,enginecore,1.248
1790922456.444,other_total,0.050
1790922456.444,store_0,0.000
1790922456.444,store_1,0.000
1790922456.444,avail_mb,47707
1790922456.444,pswpin,1552393
1790922457.453,api,0.347
1790922457.453,enginecore,0.506
1790922457.453,other_total,0.575
1790922457.453,store_0,0.000
1790922457.453,store_1,0.000
1790922457.453,avail_mb,47626
1790922457.453,pswpin,1552393
1790922458.462,api,0.000
1790922458.462,enginecore,0.981
1790922458.462,other_total,0.575
1790922458.462,store_0,0.000
1790922458.462,store_1,0.000
1790922458.462,avail_mb,46615
1790922458.462,pswpin,1552393
1790922459.471,api,0.010
1790922459.471,enginecore,0.852
1790922459.471,other_total,0.030
1790922459.471,store_0,0.000
1790922459.471,store_1,0.000
1790922459.471,avail_mb,46351
1790922459.471,pswpin,1552393
1790922460.482,api,0.059
1790922460.482,enginecore,0.336
1790922460.482,other_total,0.020
1790922460.482,store_0,0.000
1790922460.482,store_1,0.000
1790922460.482,avail_mb,46321
1790922460.482,pswpin,1552396
1790922461.492,api,0.426
1790922461.492,enginecore,0.149
1790922461.492,other_total,0.050
1790922461.492,store_0,0.000
1790922461.492,store_1,0.000
1790922461.492,avail_mb,46223
1790922461.492,pswpin,1552396
1790922462.500,api,0.010
1790922462.500,enginecore,0.585
1790922462.500,other_total,0.773
1790922462.500,store_0,0.000
1790922462.500,store_1,0.119
1790922462.500,avail_mb,48869
1790922462.500,pswpin,1552396
1790922463.524,api,0.000
1790922463.524,enginecore,0.029
1790922463.524,other_total,1.740
1790922463.524,store_0,0.000
1790922463.524,store_1,0.000
1790922463.524,avail_mb,48666
1790922463.524,pswpin,1552399
1790922464.535,api,0.000
1790922464.535,enginecore,0.000
1790922464.535,other_total,0.138
1790922464.535,store_0,0.000
1790922464.535,store_1,0.000
1790922464.535,store_2,0.979
1790922464.535,avail_mb,48581
1790922464.535,pswpin,1552399
1790922465.561,api,0.019
1790922465.561,enginecore,0.029
1790922465.561,other_total,2.485
1790922465.561,store_0,0.000
1790922465.561,store_1,0.000
1790922465.561,store_2,0.000
1790922465.561,avail_mb,48187
1790922465.561,pswpin,1552403
1790922466.571,api,1.911
1790922466.571,enginecore,0.010
1790922466.571,other_total,0.059
1790922466.571,store_0,0.000
1790922466.571,store_1,0.000
1790922466.571,store_2,0.000
1790922466.571,avail_mb,47883
1790922466.571,pswpin,1552404
1790922467.581,api,4.109
1790922467.581,enginecore,0.010
1790922467.581,other_total,0.059
1790922467.581,store_0,0.000
1790922467.581,store_1,0.000
1790922467.581,store_2,0.000
1790922467.581,avail_mb,47693
1790922467.581,pswpin,1552405
1790922468.590,api,2.000
1790922468.590,enginecore,0.010
1790922468.590,other_total,0.020
1790922468.590,store_0,0.000
1790922468.590,store_1,0.000
1790922468.590,store_2,0.000
1790922468.590,avail_mb,47514
1790922468.590,pswpin,1552407
1790922469.600,api,1.060
1790922469.600,enginecore,0.000
1790922469.600,other_total,0.059
1790922469.600,store_0,0.000
1790922469.600,store_1,0.000
1790922469.600,store_2,0.000
1790922469.600,avail_mb,47338
1790922469.600,pswpin,1552408
1790922470.609,api,0.149
1790922470.609,enginecore,0.010
1790922470.609,other_total,3.814
1790922470.609,store_0,0.000
1790922470.609,store_1,0.000
1790922470.609,store_2,0.000
1790922470.609,avail_mb,46657
1790922470.609,pswpin,1552408
1790922471.618,api,0.000
1790922471.618,enginecore,0.010
1790922471.618,other_total,3.805
1790922471.618,store_0,0.000
1790922471.618,store_1,0.000
1790922471.618,store_2,0.000
1790922471.618,avail_mb,46444
1790922471.618,pswpin,1552408
1790922472.628,api,0.000
1790922472.628,enginecore,0.000
1790922472.628,other_total,4.577
1790922472.628,store_0,0.000
1790922472.628,store_1,0.000
1790922472.628,store_2,0.000
1790922472.628,avail_mb,46161
1790922472.628,pswpin,1552417
1790922473.637,api,0.000
1790922473.637,enginecore,0.020
1790922473.637,other_total,2.248
1790922473.637,store_0,0.000
1790922473.637,store_1,0.000
1790922473.637,store_2,0.000
1790922473.637,avail_mb,45791
1790922473.637,pswpin,1552424
1790922474.647,api,0.000
1790922474.647,enginecore,1.584
1790922474.647,other_total,1.891
1790922474.647,store_0,0.000
1790922474.647,store_1,0.000
1790922474.647,store_2,0.000
1790922474.647,avail_mb,45411
1790922474.647,pswpin,1552424
1790922475.657,api,0.000
1790922475.657,enginecore,2.031
1790922475.657,other_total,0.228
1790922475.657,store_0,0.000
1790922475.657,store_1,0.000
1790922475.657,store_2,0.000
1790922475.657,avail_mb,44950
1790922475.657,pswpin,1552424
1790922476.666,api,0.000
1790922476.666,enginecore,1.070
1790922476.666,other_total,0.981
1790922476.666,store_0,0.000
1790922476.666,store_1,0.000
1790922476.666,store_2,0.000
1790922476.666,avail_mb,44868
1790922476.666,pswpin,1552424
1790922477.676,api,0.000
1790922477.676,enginecore,1.010
1790922477.676,other_total,0.139
1790922477.676,store_0,0.000
1790922477.676,store_1,0.000
1790922477.676,store_2,0.000
1790922477.676,avail_mb,44904
1790922477.676,pswpin,1552424
1790922478.685,api,0.000
1790922478.685,enginecore,0.991
1790922478.685,other_total,0.020
1790922478.685,store_0,0.000
1790922478.685,store_1,0.000
1790922478.685,store_2,0.000
1790922478.685,avail_mb,44384
1790922478.685,pswpin,1552424
1790922479.694,api,0.000
1790922479.694,enginecore,0.149
1790922479.694,other_total,0.912
1790922479.694,store_0,0.000
1790922479.694,store_1,0.000
1790922479.694,store_2,0.000
1790922479.694,avail_mb,44368
1790922479.694,pswpin,1552424
1790922480.704,api,0.000
1790922480.704,enginecore,0.010
1790922480.704,other_total,0.198
1790922480.704,store_0,0.000
1790922480.704,store_1,0.000
1790922480.704,store_2,0.000
1790922480.704,avail_mb,44371
1790922480.704,pswpin,1552424
1790922481.714,api,0.000
1790922481.714,enginecore,0.020
1790922481.714,other_total,0.030
1790922481.714,store_0,0.000
1790922481.714,store_1,0.000
1790922481.714,store_2,0.000
1790922481.714,avail_mb,44376
1790922481.714,pswpin,1552424
1790922482.725,api,0.000
1790922482.725,enginecore,0.010
1790922482.725,other_total,0.040
1790922482.725,store_0,0.000
1790922482.725,store_1,0.000
1790922482.725,store_2,0.000
1790922482.725,avail_mb,44399
1790922482.725,pswpin,1552426
1790922483.736,api,0.000
1790922483.736,enginecore,0.040
1790922483.736,other_total,0.158
1790922483.736,store_0,0.000
1790922483.736,store_1,0.000
1790922483.736,store_2,0.000
1790922483.736,avail_mb,44441
1790922483.736,pswpin,1552429
1790922484.747,api,0.000
1790922484.747,enginecore,1.355
1790922484.747,other_total,0.010
1790922484.747,store_0,0.000
1790922484.747,store_1,0.000
1790922484.747,store_2,0.000
1790922484.747,avail_mb,43312
1790922484.747,pswpin,1552429
1790922485.759,api,0.247
1790922485.759,enginecore,0.010
1790922485.759,other_total,0.089
1790922485.759,store_0,0.000
1790922485.759,store_1,0.000
1790922485.759,store_2,0.000
1790922485.759,avail_mb,43250
1790922485.759,pswpin,1552429
1790922486.769,api,0.188
1790922486.769,enginecore,0.010
1790922486.769,other_total,0.010
1790922486.769,store_0,0.000
1790922486.769,store_1,0.000
1790922486.769,store_2,0.000
1790922486.769,avail_mb,43255
1790922486.769,pswpin,1552429
1790922487.780,api,0.000
1790922487.780,enginecore,0.030
1790922487.780,other_total,0.069
1790922487.780,store_0,0.000
1790922487.780,store_1,0.000
1790922487.780,store_2,0.000
1790922487.780,avail_mb,43256
1790922487.780,pswpin,1552429
1790922488.789,api,0.000
1790922488.789,enginecore,0.020
1790922488.789,other_total,2.577
1790922488.789,store_0,0.000
1790922488.789,store_1,0.000
1790922488.789,store_2,0.000
1790922488.789,avail_mb,43132
1790922488.789,pswpin,1552445
1790922489.799,api,0.000
1790922489.799,enginecore,0.030
1790922489.799,other_total,0.109
1790922489.799,store_0,0.000
1790922489.799,store_1,0.000
1790922489.799,store_2,0.000
1790922489.799,avail_mb,43147
1790922489.799,pswpin,1552445
1790922490.810,api,0.000
1790922490.810,enginecore,1.474
1790922490.810,other_total,0.010
1790922490.810,store_0,0.000
1790922490.810,store_1,0.000
1790922490.810,store_2,0.000
1790922490.810,avail_mb,41931
1790922490.810,pswpin,1552445
1790922491.821,api,0.010
1790922491.821,enginecore,0.811
1790922491.821,other_total,0.079
1790922491.821,store_0,0.000
1790922491.821,store_1,0.000
1790922491.821,store_2,0.000
1790922491.821,avail_mb,41855
1790922491.821,pswpin,1552445
1790922492.832,api,0.247
1790922492.832,enginecore,0.020
1790922492.832,other_total,0.049
1790922492.832,store_0,0.000
1790922492.832,store_1,0.000
1790922492.832,store_2,0.000
1790922492.832,avail_mb,41820
1790922492.832,pswpin,1552445
1790922493.841,api,0.248
1790922493.841,enginecore,0.486
1790922493.841,other_total,0.020
1790922493.841,store_0,0.000
1790922493.841,store_1,0.000
1790922493.841,store_2,0.059
1790922493.841,avail_mb,41503
1790922493.841,pswpin,1552445
1790922494.850,api,0.010
1790922494.850,enginecore,0.575
1790922494.850,other_total,0.515
1790922494.850,store_0,0.000
1790922494.850,store_1,0.000
1790922494.850,store_2,0.050
1790922494.850,avail_mb,44250
1790922494.850,pswpin,1552446
1790922495.859,api,0.010
1790922495.859,enginecore,0.010
1790922495.859,other_total,2.617
1790922495.859,store_0,0.000
1790922495.859,store_1,0.000
1790922495.859,store_2,0.000
1790922495.859,avail_mb,44148
1790922495.859,pswpin,1552446
1790922496.869,api,0.000
1790922496.869,enginecore,0.040
1790922496.869,other_total,0.030
1790922496.869,store_0,0.000
1790922496.869,store_1,0.000
1790922496.869,store_2,0.000
1790922496.869,store_3,0.168
1790922496.869,avail_mb,44138
1790922496.869,pswpin,1552446
1790922497.881,api,0.000
1790922497.881,enginecore,0.030
1790922497.881,other_total,3.165
1790922497.881,store_0,0.000
1790922497.881,store_1,0.000
1790922497.881,store_2,0.000
1790922497.881,store_3,0.000
1790922497.881,avail_mb,43666
1790922497.881,pswpin,1552446
1790922498.890,api,1.932
1790922498.890,enginecore,0.010
1790922498.890,other_total,0.238
1790922498.890,store_0,0.000
1790922498.890,store_1,0.000
1790922498.890,store_2,0.000
1790922498.890,store_3,0.000
1790922498.890,avail_mb,43375
1790922498.890,pswpin,1552446
1790922499.899,api,3.835
1790922499.899,enginecore,0.020
1790922499.899,other_total,0.069
1790922499.899,store_0,0.000
1790922499.899,store_1,0.000
1790922499.899,store_2,0.000
1790922499.899,store_3,0.000
1790922499.899,avail_mb,43178
1790922499.899,pswpin,1552446
1790922500.908,api,1.754
1790922500.908,enginecore,0.010
1790922500.908,other_total,0.109
1790922500.908,store_0,0.000
1790922500.908,store_1,0.000
1790922500.908,store_2,0.000
1790922500.908,store_3,0.000
1790922500.908,avail_mb,42991
1790922500.908,pswpin,1552446
1790922501.922,api,0.898
1790922501.922,enginecore,0.010
1790922501.922,other_total,1.026
1790922501.922,store_0,0.000
1790922501.922,store_1,0.000
1790922501.922,store_2,0.000
1790922501.922,store_3,0.000
1790922501.922,avail_mb,42406
1790922501.922,pswpin,1552446
1790922502.932,api,0.000
1790922502.932,enginecore,0.010
1790922502.932,other_total,3.822
1790922502.932,store_0,0.000
1790922502.932,store_1,0.000
1790922502.932,store_2,0.000
1790922502.932,store_3,0.000
1790922502.932,avail_mb,42072
1790922502.932,pswpin,1552446
1790922503.941,api,0.010
1790922503.941,enginecore,0.010
1790922503.941,other_total,3.874
1790922503.941,store_0,0.000
1790922503.941,store_1,0.000
1790922503.941,store_2,0.000
1790922503.941,store_3,0.000
1790922503.941,avail_mb,41866
1790922503.941,pswpin,1552446
1790922504.951,api,0.000
1790922504.951,enginecore,0.010
1790922504.951,other_total,2.040
1790922504.951,store_0,0.000
1790922504.951,store_1,0.000
1790922504.951,store_2,0.000
1790922504.951,store_3,0.000
1790922504.951,avail_mb,41684
1790922504.951,pswpin,1552446
1790922505.960,api,0.000
1790922505.960,enginecore,0.020
1790922505.960,other_total,2.555
1790922505.960,store_0,0.000
1790922505.960,store_1,0.000
1790922505.960,store_2,0.000
1790922505.960,store_3,0.000
1790922505.960,avail_mb,41050
1790922505.960,pswpin,1552448
1790922506.970,api,0.000
1790922506.970,enginecore,1.496
1790922506.970,other_total,2.051
1790922506.970,store_0,0.000
1790922506.970,store_1,0.000
1790922506.970,store_2,0.000
1790922506.970,store_3,0.000
1790922506.970,avail_mb,40942
1790922506.970,pswpin,1552452
1790922507.979,api,0.000
1790922507.979,enginecore,1.853
1790922507.979,other_total,0.485
1790922507.979,store_0,0.000
1790922507.979,store_1,0.000
1790922507.979,store_2,0.000
1790922507.979,store_3,0.000
1790922507.979,avail_mb,40472
1790922507.979,pswpin,1552702
1790922508.988,api,0.000
1790922508.988,enginecore,1.011
1790922508.988,other_total,0.882
1790922508.988,store_0,0.000
1790922508.988,store_1,0.000
1790922508.988,store_2,0.000
1790922508.988,store_3,0.000
1790922508.988,avail_mb,40431
1790922508.988,pswpin,1552702
1790922509.997,api,0.010
1790922509.997,enginecore,1.021
1790922509.997,other_total,0.050
1790922509.997,store_0,0.000
1790922509.997,store_1,0.000
1790922509.997,store_2,0.000
1790922509.997,store_3,0.000
1790922509.997,avail_mb,40444
1790922509.997,pswpin,1552702
1790922511.006,api,0.000
1790922511.006,enginecore,0.942
1790922511.006,other_total,0.099
1790922511.006,store_0,0.000
1790922511.006,store_1,0.000
1790922511.006,store_2,0.000
1790922511.006,store_3,0.000
1790922511.006,avail_mb,39893
1790922511.006,pswpin,1552702
1790922512.015,api,0.000
1790922512.015,enginecore,0.010
1790922512.015,other_total,1.001
1790922512.015,store_0,0.000
1790922512.015,store_1,0.000
1790922512.015,store_2,0.000
1790922512.015,store_3,0.000
1790922512.015,avail_mb,39897
1790922512.015,pswpin,1552702
1790922513.026,api,0.000
1790922513.026,enginecore,0.040
1790922513.026,other_total,0.020
1790922513.026,store_0,0.000
1790922513.026,store_1,0.000
1790922513.026,store_2,0.000
1790922513.026,store_3,0.000
1790922513.026,avail_mb,39904
1790922513.026,pswpin,1552702
1790922514.036,api,0.010
1790922514.036,enginecore,0.010
1790922514.036,other_total,0.040
1790922514.036,store_0,0.000
1790922514.036,store_1,0.000
1790922514.036,store_2,0.000
1790922514.036,store_3,0.000
1790922514.036,avail_mb,39912
1790922514.036,pswpin,1552702
1790922515.047,api,0.000
1790922515.047,enginecore,0.020
1790922515.047,other_total,0.020
1790922515.047,store_0,0.000
1790922515.047,store_1,0.000
1790922515.047,store_2,0.000
1790922515.047,store_3,0.000
1790922515.047,avail_mb,39923
1790922515.047,pswpin,1552725
1790922516.058,api,0.000
1790922516.058,enginecore,0.020
1790922516.058,other_total,0.287
1790922516.058,store_0,0.000
1790922516.058,store_1,0.000
1790922516.058,store_2,0.000
1790922516.058,store_3,0.000
1790922516.058,avail_mb,39862
1790922516.058,pswpin,1552726
1790922517.069,api,0.000
1790922517.069,enginecore,0.020
1790922517.069,other_total,0.000
1790922517.069,store_0,0.000
1790922517.069,store_1,0.000
1790922517.069,store_2,0.000
1790922517.069,store_3,0.000
1790922517.069,avail_mb,39871
1790922517.069,pswpin,1552726
1790922518.080,api,0.000
1790922518.080,enginecore,0.040
1790922518.080,other_total,0.079
1790922518.080,store_0,0.000
1790922518.080,store_1,0.000
1790922518.080,store_2,0.000
1790922518.080,store_3,0.000
1790922518.080,avail_mb,39931
1790922518.080,pswpin,1552726
1790922519.091,api,0.000
1790922519.091,enginecore,0.198
1790922519.091,other_total,0.030
1790922519.091,store_0,0.000
1790922519.091,store_1,0.000
1790922519.091,store_2,0.000
1790922519.091,store_3,0.000
1790922519.091,avail_mb,39952
1790922519.091,pswpin,1552726
1790922520.103,api,0.000
1790922520.103,enginecore,1.197
1790922520.103,other_total,0.069
1790922520.103,store_0,0.000
1790922520.103,store_1,0.000
1790922520.103,store_2,0.000
1790922520.103,store_3,0.000
1790922520.103,avail_mb,38886
1790922520.103,pswpin,1552726
1790922521.117,api,0.385
1790922521.117,enginecore,0.010
1790922521.117,other_total,0.020
1790922521.117,store_0,0.000
1790922521.117,store_1,0.000
1790922521.117,store_2,0.000
1790922521.117,store_3,0.000
1790922521.117,avail_mb,38843
1790922521.117,pswpin,1552726
1790922522.128,api,0.059
1790922522.128,enginecore,0.099
1790922522.128,other_total,0.059
1790922522.128,store_0,0.000
1790922522.128,store_1,0.000
1790922522.128,store_2,0.000
1790922522.128,store_3,0.000
1790922522.128,avail_mb,38847
1790922522.128,pswpin,1552726
1790922523.138,api,0.000
1790922523.138,enginecore,1.625
1790922523.138,other_total,0.000
1790922523.138,store_0,0.000
1790922523.138,store_1,0.000
1790922523.138,store_2,0.000
1790922523.138,store_3,0.000
1790922523.138,avail_mb,37558
1790922523.138,pswpin,1552726
1790922524.149,api,0.000
1790922524.149,enginecore,0.593
1790922524.149,other_total,0.059
1790922524.149,store_0,0.000
1790922524.149,store_1,0.000
1790922524.149,store_2,0.000
1790922524.149,store_3,0.000
1790922524.149,avail_mb,37474
1790922524.149,pswpin,1552726
1790922525.160,api,0.415
1790922525.160,enginecore,0.030
1790922525.160,other_total,0.030
1790922525.160,store_0,0.000
1790922525.160,store_1,0.000
1790922525.160,store_2,0.000
1790922525.160,store_3,0.000
1790922525.160,avail_mb,37424
1790922525.160,pswpin,1552726
1790922526.173,api,0.079
1790922526.173,enginecore,0.997
1790922526.173,other_total,0.049
1790922526.173,store_0,0.000
1790922526.173,store_1,0.000
1790922526.173,store_2,0.000
1790922526.173,store_3,0.099
1790922526.173,avail_mb,36797
1790922526.173,pswpin,1552726
1790922527.185,api,0.000
1790922527.185,enginecore,0.366
1790922527.185,other_total,0.237
1790922527.185,store_0,0.000
1790922527.185,store_1,0.000
1790922527.185,store_2,0.000
1790922527.185,store_3,0.000
1790922527.185,avail_mb,39906
1790922527.185,pswpin,1552726
1790922528.194,api,0.000
1790922528.194,enginecore,0.020
1790922528.194,other_total,2.795
1790922528.194,store_0,0.000
1790922528.194,store_1,0.000
1790922528.194,store_2,0.000
1790922528.194,store_3,0.000
1790922528.194,avail_mb,39586
1790922528.194,pswpin,1552738
1790922529.205,api,0.010
1790922529.205,enginecore,0.020
1790922529.205,other_total,0.010
1790922529.205,store_0,0.000
1790922529.205,store_1,0.000
1790922529.205,store_2,0.000
1790922529.205,store_3,0.000
1790922529.205,store_4,0.000
1790922529.205,avail_mb,39594
1790922529.205,pswpin,1552738
1790922530.217,api,0.000
1790922530.217,enginecore,0.010
1790922530.217,other_total,3.793
1790922530.217,store_0,0.000
1790922530.217,store_1,0.000
1790922530.217,store_2,0.000
1790922530.217,store_3,0.000
1790922530.217,store_4,0.000
1790922530.217,avail_mb,39034
1790922530.217,pswpin,1552738
1790922531.226,api,4.786
1790922531.226,enginecore,0.030
1790922531.226,other_total,0.030
1790922531.226,store_0,0.000
1790922531.226,store_1,0.000
1790922531.226,store_2,0.000
1790922531.226,store_3,0.000
1790922531.226,store_4,0.000
1790922531.226,avail_mb,38902
1790922531.226,pswpin,1552738
1790922532.235,api,1.992
1790922532.235,enginecore,0.020
1790922532.235,other_total,0.040
1790922532.235,store_0,0.000
1790922532.235,store_1,0.000
1790922532.235,store_2,0.000
1790922532.235,store_3,0.000
1790922532.235,store_4,0.000
1790922532.235,avail_mb,38679
1790922532.235,pswpin,1552738
1790922533.245,api,1.485
1790922533.245,enginecore,0.000
1790922533.245,other_total,0.020
1790922533.245,store_0,0.000
1790922533.245,store_1,0.000
1790922533.245,store_2,0.000
1790922533.245,store_3,0.000
1790922533.245,store_4,0.000
1790922533.245,avail_mb,38554
1790922533.245,pswpin,1552738
1790922534.254,api,0.495
1790922534.254,enginecore,0.010
1790922534.254,other_total,4.231
1790922534.254,store_0,0.000
1790922534.254,store_1,0.000
1790922534.254,store_2,0.000
1790922534.254,store_3,0.000
1790922534.254,store_4,0.000
1790922534.254,avail_mb,37856
1790922534.254,pswpin,1552738
1790922535.264,api,0.000
1790922535.264,enginecore,0.030
1790922535.264,other_total,1.942
1790922535.264,store_0,0.000
1790922535.264,store_1,0.000
1790922535.264,store_2,0.000
1790922535.264,store_3,0.000
1790922535.264,store_4,0.000
1790922535.264,avail_mb,37655
1790922535.264,pswpin,1552738
1790922536.273,api,0.000
1790922536.273,enginecore,0.020
1790922536.273,other_total,4.121
1790922536.273,store_0,0.000
1790922536.273,store_1,0.000
1790922536.273,store_2,0.000
1790922536.273,store_3,0.000
1790922536.273,store_4,0.000
1790922536.273,avail_mb,37461
1790922536.273,pswpin,1552738
1790922537.282,api,0.000
1790922537.282,enginecore,0.010
1790922537.282,other_total,1.922
1790922537.282,store_0,0.000
1790922537.282,store_1,0.000
1790922537.282,store_2,0.000
1790922537.282,store_3,0.000
1790922537.282,store_4,0.000
1790922537.282,avail_mb,37095
1790922537.282,pswpin,1552738
1790922538.293,api,0.000
1790922538.293,enginecore,1.732
1790922538.293,other_total,1.326
1790922538.293,store_0,0.000
1790922538.293,store_1,0.000
1790922538.293,store_2,0.000
1790922538.293,store_3,0.000
1790922538.293,store_4,0.000
1790922538.293,avail_mb,36644
1790922538.293,pswpin,1552738
1790922539.303,api,0.000
1790922539.303,enginecore,1.971
1790922539.303,other_total,0.832
1790922539.303,store_0,0.000
1790922539.303,store_1,0.000
1790922539.303,store_2,0.000
1790922539.303,store_3,0.000
1790922539.303,store_4,0.000
1790922539.303,avail_mb,36156
1790922539.303,pswpin,1552746
1790922540.312,api,0.000
1790922540.312,enginecore,1.556
1790922540.312,other_total,0.595
1790922540.312,store_0,0.000
1790922540.312,store_1,0.000
1790922540.312,store_2,0.000
1790922540.312,store_3,0.000
1790922540.312,store_4,0.000
1790922540.312,avail_mb,36134
1790922540.312,pswpin,1552749
1790922541.321,api,0.000
1790922541.321,enginecore,1.040
1790922541.321,other_total,0.594
1790922541.321,store_0,0.000
1790922541.321,store_1,0.000
1790922541.321,store_2,0.000
1790922541.321,store_3,0.000
1790922541.321,store_4,0.000
1790922541.321,avail_mb,36109
1790922541.321,pswpin,1552749
1790922542.331,api,0.000
1790922542.331,enginecore,1.011
1790922542.331,other_total,0.040
1790922542.331,store_0,0.000
1790922542.331,store_1,0.000
1790922542.331,store_2,0.000
1790922542.331,store_3,0.000
1790922542.331,store_4,0.000
1790922542.331,avail_mb,35597
1790922542.331,pswpin,1552752
1790922543.340,api,0.010
1790922543.340,enginecore,0.505
1790922543.340,other_total,0.704
1790922543.340,store_0,0.000
1790922543.340,store_1,0.000
1790922543.340,store_2,0.000
1790922543.340,store_3,0.000
1790922543.340,store_4,0.000
1790922543.340,avail_mb,35602
1790922543.340,pswpin,1552806
1790922544.349,api,0.000
1790922544.349,enginecore,0.030
1790922544.349,other_total,2.963
1790922544.349,store_0,0.000
1790922544.349,store_1,0.000
1790922544.349,store_2,0.000
1790922544.349,store_3,0.000
1790922544.349,store_4,0.000
1790922544.349,avail_mb,35556
1790922544.349,pswpin,1552817
1790922545.360,api,0.000
1790922545.360,enginecore,0.030
1790922545.360,other_total,0.356
1790922545.360,store_0,0.000
1790922545.360,store_1,0.000
1790922545.360,store_2,0.000
1790922545.360,store_3,0.000
1790922545.360,store_4,0.000
1790922545.360,avail_mb,35518
1790922545.360,pswpin,1552817
1790922546.371,api,0.000
1790922546.371,enginecore,0.020
1790922546.371,other_total,0.138
1790922546.371,store_0,0.000
1790922546.371,store_1,0.000
1790922546.371,store_2,0.000
1790922546.371,store_3,0.000
1790922546.371,store_4,0.000
1790922546.371,avail_mb,35521
1790922546.371,pswpin,1552933
1790922547.382,api,0.000
1790922547.382,enginecore,0.020
1790922547.382,other_total,0.020
1790922547.382,store_0,0.000
1790922547.382,store_1,0.000
1790922547.382,store_2,0.000
1790922547.382,store_3,0.000
1790922547.382,store_4,0.000
1790922547.382,avail_mb,35533
1790922547.382,pswpin,1552933
1790922548.393,api,0.010
1790922548.393,enginecore,0.040
1790922548.393,other_total,0.049
1790922548.393,store_0,0.000
1790922548.393,store_1,0.000
1790922548.393,store_2,0.000
1790922548.393,store_3,0.000
1790922548.393,store_4,0.000
1790922548.393,avail_mb,35542
1790922548.393,pswpin,1552952
1790922549.405,api,0.010
1790922549.405,enginecore,0.020
1790922549.405,other_total,0.049
1790922549.405,store_0,0.000
1790922549.405,store_1,0.000
1790922549.405,store_2,0.000
1790922549.405,store_3,0.000
1790922549.405,store_4,0.000
1790922549.405,avail_mb,35548
1790922549.405,pswpin,1552952
1790922550.416,api,0.000
1790922550.416,enginecore,0.040
1790922550.416,other_total,0.040
1790922550.416,store_0,0.000
1790922550.416,store_1,0.000
1790922550.416,store_2,0.000
1790922550.416,store_3,0.000
1790922550.416,store_4,0.000
1790922550.416,avail_mb,35557
1790922550.416,pswpin,1552952
1790922551.425,api,0.010
1790922551.425,enginecore,0.971
1790922551.425,other_total,2.210
1790922551.425,store_0,0.000
1790922551.425,store_1,0.000
1790922551.425,store_2,0.000
1790922551.425,store_3,0.000
1790922551.425,store_4,0.000
1790922551.425,avail_mb,34477
1790922551.425,pswpin,1552952
1790922552.436,api,0.040
1790922552.436,enginecore,0.405
1790922552.436,other_total,0.366
1790922552.436,store_0,0.000
1790922552.436,store_1,0.000
1790922552.436,store_2,0.000
1790922552.436,store_3,0.000
1790922552.436,store_4,0.000
1790922552.436,avail_mb,34378
1790922552.436,pswpin,1552952
1790922553.447,api,0.376
1790922553.447,enginecore,0.020
1790922553.447,other_total,0.119
1790922553.447,store_0,0.000
1790922553.447,store_1,0.000
1790922553.447,store_2,0.000
1790922553.447,store_3,0.000
1790922553.447,store_4,0.000
1790922553.447,avail_mb,34340
1790922553.447,pswpin,1552952
1790922554.459,api,0.000
1790922554.459,enginecore,1.107
1790922554.459,other_total,0.059
1790922554.459,store_0,0.000
1790922554.459,store_1,0.000
1790922554.459,store_2,0.000
1790922554.459,store_3,0.000
1790922554.459,store_4,0.000
1790922554.459,avail_mb,33325
1790922554.459,pswpin,1552953
1790922555.468,api,0.000
1790922555.468,enginecore,0.902
1790922555.468,other_total,0.347
1790922555.468,store_0,0.000
1790922555.468,store_1,0.000
1790922555.468,store_2,0.000
1790922555.468,store_3,0.000
1790922555.468,store_4,0.000
1790922555.468,avail_mb,32961
1790922555.468,pswpin,1552954
1790922556.479,api,0.069
1790922556.479,enginecore,0.316
1790922556.479,other_total,0.158
1790922556.479,store_0,0.000
1790922556.479,store_1,0.000
1790922556.479,store_2,0.000
1790922556.479,store_3,0.000
1790922556.479,store_4,0.000
1790922556.479,avail_mb,32933
1790922556.479,pswpin,1552954
1790922557.491,api,0.435
1790922557.491,enginecore,0.089
1790922557.491,other_total,0.000
1790922557.491,store_0,0.000
1790922557.491,store_1,0.000
1790922557.491,store_2,0.000
1790922557.491,store_3,0.000
1790922557.491,store_4,0.000
1790922557.491,avail_mb,32886
1790922557.491,pswpin,1552954
1790922558.500,api,0.010
1790922558.500,enginecore,0.595
1790922558.500,other_total,0.941
1790922558.500,store_0,0.000
1790922558.500,store_1,0.000
1790922558.500,store_2,0.000
1790922558.500,store_3,0.000
1790922558.500,store_4,0.099
1790922558.500,avail_mb,35625
1790922558.500,pswpin,1552954
1790922559.509,api,0.000
1790922559.509,enginecore,0.020
1790922559.509,other_total,0.248
1790922559.509,store_0,0.000
1790922559.509,store_1,0.000
1790922559.509,store_2,0.000
1790922559.509,store_3,0.000
1790922559.509,store_4,0.000
1790922559.509,avail_mb,35494
1790922559.509,pswpin,1552954
1790922560.518,api,0.000
1790922560.518,enginecore,0.030
1790922560.518,other_total,0.059
1790922560.518,store_0,0.000
1790922560.518,store_1,0.000
1790922560.518,store_2,0.000
1790922560.518,store_3,0.000
1790922560.518,store_4,0.000
1790922560.518,store_5,2.467
1790922560.518,avail_mb,35352
1790922560.518,pswpin,1552954
1790922561.532,api,0.000
1790922561.532,enginecore,0.030
1790922561.532,other_total,0.404
1790922561.532,store_0,0.000
1790922561.532,store_1,0.000
1790922561.532,store_2,0.000
1790922561.532,store_3,0.000
1790922561.532,store_4,0.000
1790922561.532,store_5,0.000
1790922561.532,avail_mb,35019
1790922561.532,pswpin,1552954
1790922562.542,api,4.058
1790922562.542,enginecore,0.000
1790922562.542,other_total,0.030
1790922562.542,store_0,0.000
1790922562.542,store_1,0.000
1790922562.542,store_2,0.000
1790922562.542,store_3,0.000
1790922562.542,store_4,0.000
1790922562.542,store_5,0.000
1790922562.542,avail_mb,34615
1790922562.542,pswpin,1552954
1790922563.552,api,4.566
1790922563.552,enginecore,0.040
1790922563.552,other_total,0.040
1790922563.552,store_0,0.000
1790922563.552,store_1,0.000
1790922563.552,store_2,0.000
1790922563.552,store_3,0.000
1790922563.552,store_4,0.000
1790922563.552,store_5,0.000
1790922563.552,avail_mb,34407
1790922563.552,pswpin,1552954
1790922564.562,api,2.020
1790922564.562,enginecore,0.020
1790922564.562,other_total,0.030
1790922564.562,store_0,0.000
1790922564.562,store_1,0.000
1790922564.562,store_2,0.000
1790922564.562,store_3,0.000
1790922564.562,store_4,0.000
1790922564.562,store_5,0.000
1790922564.562,avail_mb,34214
1790922564.562,pswpin,1552954
1790922565.571,api,1.060
1790922565.571,enginecore,0.010
1790922565.571,other_total,0.050
1790922565.571,store_0,0.000
1790922565.571,store_1,0.000
1790922565.571,store_2,0.000
1790922565.571,store_3,0.000
1790922565.571,store_4,0.000
1790922565.571,store_5,0.000
1790922565.571,avail_mb,34056
1790922565.571,pswpin,1552954
1790922566.581,api,0.297
1790922566.581,enginecore,0.030
1790922566.581,other_total,3.605
1790922566.581,store_0,0.000
1790922566.581,store_1,0.000
1790922566.581,store_2,0.000
1790922566.581,store_3,0.000
1790922566.581,store_4,0.000
1790922566.581,store_5,0.000
1790922566.581,avail_mb,33348
1790922566.581,pswpin,1552954
1790922567.591,api,0.010
1790922567.591,enginecore,0.020
1790922567.591,other_total,3.763
1790922567.591,store_0,0.000
1790922567.591,store_1,0.000
1790922567.591,store_2,0.000
1790922567.591,store_3,0.000
1790922567.591,store_4,0.000
1790922567.591,store_5,0.000
1790922567.591,avail_mb,33171
1790922567.591,pswpin,1552954
1790922568.601,api,0.000
1790922568.601,enginecore,0.000
1790922568.601,other_total,2.129
1790922568.601,store_0,0.000
1790922568.601,store_1,0.000
1790922568.601,store_2,0.000
1790922568.601,store_3,0.000
1790922568.601,store_4,0.000
1790922568.601,store_5,0.000
1790922568.601,avail_mb,32955
1790922568.601,pswpin,1552954
1790922569.610,api,0.000
1790922569.610,enginecore,0.020
1790922569.610,other_total,2.150
1790922569.610,store_0,0.000
1790922569.610,store_1,0.000
1790922569.610,store_2,0.000
1790922569.610,store_3,0.000
1790922569.610,store_4,0.000
1790922569.610,store_5,0.000
1790922569.610,avail_mb,32623
1790922569.610,pswpin,1552954
1790922570.623,api,0.000
1790922570.623,enginecore,1.569
1790922570.623,other_total,1.707
1790922570.623,store_0,0.000
1790922570.623,store_1,0.000
1790922570.623,store_2,0.000
1790922570.623,store_3,0.000
1790922570.623,store_4,0.000
1790922570.623,store_5,0.000
1790922570.623,avail_mb,32214
1790922570.623,pswpin,1552954
1790922571.633,api,0.010
1790922571.633,enginecore,2.039
1790922571.633,other_total,0.495
1790922571.633,store_0,0.000
1790922571.633,store_1,0.000
1790922571.633,store_2,0.000
1790922571.633,store_3,0.000
1790922571.633,store_4,0.000
1790922571.633,store_5,0.000
1790922571.633,avail_mb,31763
1790922571.633,pswpin,1552954
1790922572.643,api,0.000
1790922572.643,enginecore,1.109
1790922572.643,other_total,0.911
1790922572.643,store_0,0.000
1790922572.643,store_1,0.000
1790922572.643,store_2,0.000
1790922572.643,store_3,0.000
1790922572.643,store_4,0.000
1790922572.643,store_5,0.000
1790922572.643,avail_mb,31702
1790922572.643,pswpin,1552954
1790922573.653,api,0.010
1790922573.653,enginecore,1.020
1790922573.653,other_total,0.208
1790922573.653,store_0,0.000
1790922573.653,store_1,0.000
1790922573.653,store_2,0.000
1790922573.653,store_3,0.000
1790922573.653,store_4,0.000
1790922573.653,store_5,0.000
1790922573.653,avail_mb,31712
1790922573.653,pswpin,1552954
1790922574.662,api,0.000
1790922574.662,enginecore,0.971
1790922574.662,other_total,0.050
1790922574.662,store_0,0.000
1790922574.662,store_1,0.000
1790922574.662,store_2,0.000
1790922574.662,store_3,0.000
1790922574.662,store_4,0.000
1790922574.662,store_5,0.000
1790922574.662,avail_mb,31157
1790922574.662,pswpin,1552954
1790922575.672,api,0.000
1790922575.672,enginecore,0.218
1790922575.672,other_total,0.822
1790922575.672,store_0,0.000
1790922575.672,store_1,0.000
1790922575.672,store_2,0.000
1790922575.672,store_3,0.000
1790922575.672,store_4,0.000
1790922575.672,store_5,0.000
1790922575.672,avail_mb,31114
1790922575.672,pswpin,1552954
1790922576.680,api,0.000
1790922576.680,enginecore,0.030
1790922576.680,other_total,0.278
1790922576.680,store_0,0.000
1790922576.680,store_1,0.000
1790922576.680,store_2,0.000
1790922576.680,store_3,0.000
1790922576.680,store_4,0.000
1790922576.680,store_5,0.000
1790922576.680,avail_mb,31120
1790922576.680,pswpin,1552954
1790922577.691,api,0.000
1790922577.691,enginecore,0.020
1790922577.691,other_total,0.010
1790922577.691,store_0,0.000
1790922577.691,store_1,0.000
1790922577.691,store_2,0.000
1790922577.691,store_3,0.000
1790922577.691,store_4,0.000
1790922577.691,store_5,0.000
1790922577.691,avail_mb,31134
1790922577.691,pswpin,1552954
1790922578.720,api,0.000
1790922578.720,enginecore,0.049
1790922578.720,other_total,0.010
1790922578.720,store_0,0.000
1790922578.720,store_1,0.000
1790922578.720,store_2,0.000
1790922578.720,store_3,0.000
1790922578.720,store_4,0.000
1790922578.720,store_5,0.000
1790922578.720,avail_mb,31150
1790922578.720,pswpin,1552954
1790922579.731,api,0.000
1790922579.731,enginecore,0.040
1790922579.731,other_total,0.069
1790922579.731,store_0,0.000
1790922579.731,store_1,0.000
1790922579.731,store_2,0.000
1790922579.731,store_3,0.000
1790922579.731,store_4,0.000
1790922579.731,store_5,0.000
1790922579.731,avail_mb,31154
1790922579.731,pswpin,1552954
1790922580.741,api,0.000
1790922580.741,enginecore,0.030
1790922580.741,other_total,0.030
1790922580.741,store_0,0.000
1790922580.741,store_1,0.000
1790922580.741,store_2,0.000
1790922580.741,store_3,0.000
1790922580.741,store_4,0.000
1790922580.741,store_5,0.000
1790922580.741,avail_mb,31169
1790922580.741,pswpin,1552954
1790922581.753,api,0.010
1790922581.753,enginecore,0.020
1790922581.753,other_total,0.000
1790922581.753,store_0,0.000
1790922581.753,store_1,0.000
1790922581.753,store_2,0.000
1790922581.753,store_3,0.000
1790922581.753,store_4,0.000
1790922581.753,store_5,0.000
1790922581.753,avail_mb,31186
1790922581.753,pswpin,1552954
1790922582.764,api,0.000
1790922582.764,enginecore,0.049
1790922582.764,other_total,0.049
1790922582.764,store_0,0.000
1790922582.764,store_1,0.000
1790922582.764,store_2,0.000
1790922582.764,store_3,0.000
1790922582.764,store_4,0.000
1790922582.764,store_5,0.000
1790922582.764,avail_mb,31194
1790922582.764,pswpin,1552954
1790922583.811,api,0.010
1790922583.811,enginecore,1.298
1790922583.811,other_total,0.010
1790922583.811,store_0,0.000
1790922583.811,store_1,0.000
1790922583.811,store_2,0.000
1790922583.811,store_3,0.000
1790922583.811,store_4,0.000
1790922583.811,store_5,0.000
1790922583.811,avail_mb,30071
1790922583.811,pswpin,1552954
1790922584.822,api,0.227
1790922584.822,enginecore,0.040
1790922584.822,other_total,0.030
1790922584.822,store_0,0.000
1790922584.822,store_1,0.000
1790922584.822,store_2,0.000
1790922584.822,store_3,0.000
1790922584.822,store_4,0.000
1790922584.822,store_5,0.000
1790922584.822,avail_mb,30029
1790922584.822,pswpin,1552954
1790922585.834,api,0.227
1790922585.834,enginecore,0.040
1790922585.834,other_total,0.030
1790922585.834,store_0,0.000
1790922585.834,store_1,0.000
1790922585.834,store_2,0.000
1790922585.834,store_3,0.000
1790922585.834,store_4,0.000
1790922585.834,store_5,0.000
1790922585.834,avail_mb,30032
1790922585.834,pswpin,1552954
1790922586.843,api,0.000
1790922586.843,enginecore,1.447
1790922586.843,other_total,0.079
1790922586.843,store_0,0.000
1790922586.843,store_1,0.000
1790922586.843,store_2,0.000
1790922586.843,store_3,0.000
1790922586.843,store_4,0.000
1790922586.843,store_5,0.000
1790922586.843,avail_mb,28755
1790922586.843,pswpin,1552954
1790922587.855,api,0.000
1790922587.855,enginecore,0.830
1790922587.855,other_total,0.000
1790922587.855,store_0,0.000
1790922587.855,store_1,0.000
1790922587.855,store_2,0.000
1790922587.855,store_3,0.000
1790922587.855,store_4,0.000
1790922587.855,store_5,0.000
1790922587.855,avail_mb,28686
1790922587.855,pswpin,1552954
1790922588.866,api,0.208
1790922588.866,enginecore,0.030
1790922588.866,other_total,0.079
1790922588.866,store_0,0.000
1790922588.866,store_1,0.000
1790922588.866,store_2,0.000
1790922588.866,store_3,0.000
1790922588.866,store_4,0.000
1790922588.866,store_5,0.000
1790922588.866,avail_mb,28634
1790922588.866,pswpin,1552954
1790922589.877,api,0.277
1790922589.877,enginecore,0.426
1790922589.877,other_total,0.040
1790922589.877,store_0,0.000
1790922589.877,store_1,0.000
1790922589.877,store_2,0.000
1790922589.877,store_3,0.000
1790922589.877,store_4,0.000
1790922589.877,store_5,0.049
1790922589.877,avail_mb,28264
1790922589.877,pswpin,1552954
1790922590.886,api,0.010
1790922590.886,enginecore,0.674
1790922590.886,other_total,0.525
1790922590.886,store_0,0.000
1790922590.886,store_1,0.000
1790922590.886,store_2,0.000
1790922590.886,store_3,0.000
1790922590.886,store_4,0.000
1790922590.886,store_5,0.050
1790922590.886,avail_mb,31053
1790922590.886,pswpin,1552954
1790922591.895,api,0.010
1790922591.895,enginecore,0.030
1790922591.895,other_total,2.537
1790922591.895,store_0,0.000
1790922591.895,store_1,0.000
1790922591.895,store_2,0.000
1790922591.895,store_3,0.000
1790922591.895,store_4,0.000
1790922591.895,store_5,0.000
1790922591.895,avail_mb,30825
1790922591.895,pswpin,1552954
1790922592.906,api,0.000
1790922592.906,enginecore,0.020
1790922592.906,other_total,0.040
1790922592.906,store_0,0.000
1790922592.906,store_1,0.000
1790922592.906,store_2,0.000
1790922592.906,store_3,0.000
1790922592.906,store_4,0.000
1790922592.906,store_5,0.000
1790922592.906,store_6,0.198
1790922592.906,avail_mb,30788
1790922592.906,pswpin,1552954
1790922593.916,api,0.010
1790922593.916,enginecore,0.030
1790922593.916,other_total,3.001
1790922593.916,store_0,0.000
1790922593.916,store_1,0.000
1790922593.916,store_2,0.000
1790922593.916,store_3,0.000
1790922593.916,store_4,0.000
1790922593.916,store_5,0.000
1790922593.916,store_6,0.000
1790922593.916,avail_mb,30443
1790922593.916,pswpin,1552954
1790922594.925,api,1.922
1790922594.925,enginecore,0.040
1790922594.925,other_total,0.040
1790922594.925,store_0,0.000
1790922594.925,store_1,0.000
1790922594.925,store_2,0.000
1790922594.925,store_3,0.000
1790922594.925,store_4,0.000
1790922594.925,store_5,0.000
1790922594.925,store_6,0.000
1790922594.925,avail_mb,30207
1790922594.925,pswpin,1552954
1790922595.935,api,4.368
1790922595.935,enginecore,0.010
1790922595.935,other_total,0.069
1790922595.935,store_0,0.000
1790922595.935,store_1,0.000
1790922595.935,store_2,0.000
1790922595.935,store_3,0.000
1790922595.935,store_4,0.000
1790922595.935,store_5,0.000
1790922595.935,store_6,0.000
1790922595.935,avail_mb,30031
1790922595.935,pswpin,1552954
1790922596.945,api,1.773
1790922596.945,enginecore,0.010
1790922596.945,other_total,0.030
1790922596.945,store_0,0.000
1790922596.945,store_1,0.000
1790922596.945,store_2,0.000
1790922596.945,store_3,0.000
1790922596.945,store_4,0.000
1790922596.945,store_5,0.000
1790922596.945,store_6,0.000
1790922596.945,avail_mb,29817
1790922596.945,pswpin,1552954
1790922597.955,api,0.921
1790922597.955,enginecore,0.030
1790922597.955,other_total,0.317
1790922597.955,store_0,0.000
1790922597.955,store_1,0.000
1790922597.955,store_2,0.000
1790922597.955,store_3,0.000
1790922597.955,store_4,0.000
1790922597.955,store_5,0.000
1790922597.955,store_6,0.000
1790922597.955,avail_mb,29296
1790922597.955,pswpin,1552954
1790922598.964,api,0.000
1790922598.964,enginecore,0.020
1790922598.964,other_total,3.872
1790922598.964,store_0,0.000
1790922598.964,store_1,0.000
1790922598.964,store_2,0.000
1790922598.964,store_3,0.000
1790922598.964,store_4,0.000
1790922598.964,store_5,0.000
1790922598.964,store_6,0.000
1790922598.964,avail_mb,28890
1790922598.964,pswpin,1552954
1790922599.974,api,0.000
1790922599.974,enginecore,0.010
1790922599.974,other_total,3.913
1790922599.974,store_0,0.000
1790922599.974,store_1,0.000
1790922599.974,store_2,0.000
1790922599.974,store_3,0.000
1790922599.974,store_4,0.000
1790922599.974,store_5,0.000
1790922599.974,store_6,0.000
1790922599.974,avail_mb,28702
1790922599.974,pswpin,1552954
1790922600.983,api,0.000
1790922600.983,enginecore,0.030
1790922600.983,other_total,2.051
1790922600.983,store_0,0.000
1790922600.983,store_1,0.000
1790922600.983,store_2,0.000
1790922600.983,store_3,0.000
1790922600.983,store_4,0.000
1790922600.983,store_5,0.000
1790922600.983,store_6,0.000
1790922600.983,avail_mb,28511
1790922600.983,pswpin,1552954
1790922601.994,api,0.010
1790922601.994,enginecore,0.030
1790922601.994,other_total,2.899
1790922601.994,store_0,0.000
1790922601.994,store_1,0.000
1790922601.994,store_2,0.000
1790922601.994,store_3,0.000
1790922601.994,store_4,0.000
1790922601.994,store_5,0.000
1790922601.994,store_6,0.000
1790922601.994,avail_mb,27873
1790922601.994,pswpin,1552954
1790922603.004,api,0.000
1790922603.004,enginecore,1.456
1790922603.004,other_total,1.357
1790922603.004,store_0,0.000
1790922603.004,store_1,0.000
1790922603.004,store_2,0.000
1790922603.004,store_3,0.000
1790922603.004,store_4,0.000
1790922603.004,store_5,0.000
1790922603.004,store_6,0.000
1790922603.004,avail_mb,27852
1790922603.004,pswpin,1552954
1790922604.014,api,0.000
1790922604.014,enginecore,1.881
1790922604.014,other_total,0.168
1790922604.014,store_0,0.000
1790922604.014,store_1,0.000
1790922604.014,store_2,0.000
1790922604.014,store_3,0.000
1790922604.014,store_4,0.000
1790922604.014,store_5,0.000
1790922604.014,store_6,0.000
1790922604.014,avail_mb,27341
1790922604.014,pswpin,1552954
1790922605.024,api,0.000
1790922605.024,enginecore,1.050
1790922605.024,other_total,0.961
1790922605.024,store_0,0.000
1790922605.024,store_1,0.000
1790922605.024,store_2,0.000
1790922605.024,store_3,0.000
1790922605.024,store_4,0.000
1790922605.024,store_5,0.000
1790922605.024,store_6,0.000
1790922605.024,avail_mb,27323
1790922605.024,pswpin,1552954
1790922606.035,api,0.000
1790922606.035,enginecore,0.999
1790922606.035,other_total,0.030
1790922606.035,store_0,0.000
1790922606.035,store_1,0.000
1790922606.035,store_2,0.000
1790922606.035,store_3,0.000
1790922606.035,store_4,0.000
1790922606.035,store_5,0.000
1790922606.035,store_6,0.000
1790922606.035,avail_mb,27090
1790922606.035,pswpin,1552954
1790922607.044,api,0.010
1790922607.044,enginecore,0.733
1790922607.044,other_total,0.297
1790922607.044,store_0,0.000
1790922607.044,store_1,0.000
1790922607.044,store_2,0.000
1790922607.044,store_3,0.000
1790922607.044,store_4,0.000
1790922607.044,store_5,0.000
1790922607.044,store_6,0.000
1790922607.044,avail_mb,26778
1790922607.044,pswpin,1552954
1790922608.054,api,0.000
1790922608.054,enginecore,0.050
1790922608.054,other_total,0.812
1790922608.054,store_0,0.000
1790922608.054,store_1,0.000
1790922608.054,store_2,0.000
1790922608.054,store_3,0.000
1790922608.054,store_4,0.000
1790922608.054,store_5,0.000
1790922608.054,store_6,0.000
1790922608.054,avail_mb,26766
1790922608.054,pswpin,1552954
1790922609.064,api,0.000
1790922609.064,enginecore,0.049
1790922609.064,other_total,0.020
1790922609.064,store_0,0.000
1790922609.064,store_1,0.000
1790922609.064,store_2,0.000
1790922609.064,store_3,0.000
1790922609.064,store_4,0.000
1790922609.064,store_5,0.000
1790922609.064,store_6,0.000
1790922609.064,avail_mb,26771
1790922609.064,pswpin,1552954
1790922610.076,api,0.000
1790922610.076,enginecore,0.010
1790922610.076,other_total,0.069
1790922610.076,store_0,0.000
1790922610.076,store_1,0.000
1790922610.076,store_2,0.000
1790922610.076,store_3,0.000
1790922610.076,store_4,0.000
1790922610.076,store_5,0.000
1790922610.076,store_6,0.000
1790922610.076,avail_mb,26779
1790922610.076,pswpin,1552954
1790922611.086,api,0.000
1790922611.086,enginecore,0.049
1790922611.086,other_total,0.020
1790922611.086,store_0,0.000
1790922611.086,store_1,0.000
1790922611.086,store_2,0.000
1790922611.086,store_3,0.000
1790922611.086,store_4,0.000
1790922611.086,store_5,0.000
1790922611.086,store_6,0.000
1790922611.086,avail_mb,26784
1790922611.086,pswpin,1552954
1790922612.098,api,0.000
1790922612.098,enginecore,0.030
1790922612.098,other_total,0.030
1790922612.098,store_0,0.000
1790922612.098,store_1,0.000
1790922612.098,store_2,0.000
1790922612.098,store_3,0.000
1790922612.098,store_4,0.000
1790922612.098,store_5,0.000
1790922612.098,store_6,0.000
1790922612.098,avail_mb,26794
1790922612.098,pswpin,1552954
1790922613.109,api,0.000
1790922613.109,enginecore,0.040
1790922613.109,other_total,0.069
1790922613.109,store_0,0.000
1790922613.109,store_1,0.000
1790922613.109,store_2,0.000
1790922613.109,store_3,0.000
1790922613.109,store_4,0.000
1790922613.109,store_5,0.000
1790922613.109,store_6,0.000
1790922613.109,avail_mb,26799
1790922613.109,pswpin,1552954
1790922614.119,api,0.000
1790922614.119,enginecore,0.040
1790922614.119,other_total,0.000
1790922614.119,store_0,0.000
1790922614.119,store_1,0.000
1790922614.119,store_2,0.000
1790922614.119,store_3,0.000
1790922614.119,store_4,0.000
1790922614.119,store_5,0.000
1790922614.119,store_6,0.000
1790922614.119,avail_mb,26805
1790922614.119,pswpin,1552954
1790922615.132,api,0.000
1790922615.132,enginecore,0.148
1790922615.132,other_total,0.030
1790922615.132,store_0,0.000
1790922615.132,store_1,0.000
1790922615.132,store_2,0.000
1790922615.132,store_3,0.000
1790922615.132,store_4,0.000
1790922615.132,store_5,0.000
1790922615.132,store_6,0.000
1790922615.132,avail_mb,26813
1790922615.132,pswpin,1552954
1790922616.143,api,0.020
1790922616.143,enginecore,1.275
1790922616.143,other_total,0.040
1790922616.143,store_0,0.000
1790922616.143,store_1,0.000
1790922616.143,store_2,0.000
1790922616.143,store_3,0.000
1790922616.143,store_4,0.000
1790922616.143,store_5,0.000
1790922616.143,store_6,0.000
1790922616.143,avail_mb,25665
1790922616.143,pswpin,1552954
1790922617.155,api,0.415
1790922617.155,enginecore,0.040
1790922617.155,other_total,0.000
1790922617.155,store_0,0.000
1790922617.155,store_1,0.000
1790922617.155,store_2,0.000
1790922617.155,store_3,0.000
1790922617.155,store_4,0.000
1790922617.155,store_5,0.000
1790922617.155,store_6,0.000
1790922617.155,avail_mb,25626
1790922617.155,pswpin,1552954
1790922618.167,api,0.030
1790922618.167,enginecore,0.267
1790922618.167,other_total,0.020
1790922618.167,store_0,0.000
1790922618.167,store_1,0.000
1790922618.167,store_2,0.000
1790922618.167,store_3,0.000
1790922618.167,store_4,0.000
1790922618.167,store_5,0.000
1790922618.167,store_6,0.000
1790922618.167,avail_mb,25629
1790922618.167,pswpin,1552954
1790922619.177,api,0.000
1790922619.177,enginecore,1.584
1790922619.177,other_total,0.109
1790922619.177,store_0,0.000
1790922619.177,store_1,0.000
1790922619.177,store_2,0.000
1790922619.177,store_3,0.000
1790922619.177,store_4,0.000
1790922619.177,store_5,0.000
1790922619.177,store_6,0.000
1790922619.177,avail_mb,24347
1790922619.177,pswpin,1552955
1790922620.189,api,0.040
1790922620.189,enginecore,0.494
1790922620.189,other_total,0.000
1790922620.189,store_0,0.000
1790922620.189,store_1,0.000
1790922620.189,store_2,0.000
1790922620.189,store_3,0.000
1790922620.189,store_4,0.000
1790922620.189,store_5,0.000
1790922620.189,store_6,0.000
1790922620.189,avail_mb,24274
1790922620.189,pswpin,1552955
1790922621.200,api,0.395
1790922621.200,enginecore,0.040
1790922621.200,other_total,0.010
1790922621.200,store_0,0.000
1790922621.200,store_1,0.000
1790922621.200,store_2,0.000
1790922621.200,store_3,0.000
1790922621.200,store_4,0.000
1790922621.200,store_5,0.000
1790922621.200,store_6,0.000
1790922621.200,avail_mb,24227
1790922621.200,pswpin,1552955
1790922622.210,api,0.059
1790922622.210,enginecore,0.713
1790922622.210,other_total,0.079
1790922622.210,store_0,0.000
1790922622.210,store_1,0.000
1790922622.210,store_2,0.000
1790922622.210,store_3,0.000
1790922622.210,store_4,0.000
1790922622.210,store_5,0.000
1790922622.210,store_6,0.089
1790922622.210,avail_mb,23678
1790922622.210,pswpin,1552955
1790922623.221,api,0.010
1790922623.221,enginecore,0.593
1790922623.221,other_total,0.227
1790922623.221,store_0,0.000
1790922623.221,store_1,0.000
1790922623.221,store_2,0.000
1790922623.221,store_3,0.000
1790922623.221,store_4,0.000
1790922623.221,store_5,0.000
1790922623.221,store_6,0.010
1790922623.221,avail_mb,26873
1790922623.221,pswpin,1552955
1790922624.231,api,0.000
1790922624.231,enginecore,0.010
1790922624.231,other_total,2.754
1790922624.231,store_0,0.000
1790922624.231,store_1,0.000
1790922624.231,store_2,0.000
1790922624.231,store_3,0.000
1790922624.231,store_4,0.000
1790922624.231,store_5,0.000
1790922624.231,store_6,0.000
1790922624.231,avail_mb,26603
1790922624.231,pswpin,1552955
1790922625.241,api,0.000
1790922625.241,enginecore,0.030
1790922625.241,other_total,0.089
1790922625.241,store_0,0.000
1790922625.241,store_1,0.000
1790922625.241,store_2,0.000
1790922625.241,store_3,0.000
1790922625.241,store_4,0.000
1790922625.241,store_5,0.000
1790922625.241,store_6,0.000
1790922625.241,store_7,0.000
1790922625.241,avail_mb,26601
1790922625.241,pswpin,1552955
1790922626.251,api,0.000
1790922626.251,enginecore,0.069
1790922626.251,other_total,3.526
1790922626.251,store_0,0.000
1790922626.251,store_1,0.000
1790922626.251,store_2,0.000
1790922626.251,store_3,0.000
1790922626.251,store_4,0.000
1790922626.251,store_5,0.000
1790922626.251,store_6,0.000
1790922626.251,store_7,0.000
1790922626.251,avail_mb,25974
1790922626.251,pswpin,1552955
1790922627.261,api,3.882
1790922627.261,enginecore,0.010
1790922627.261,other_total,0.089
1790922627.261,store_0,0.000
1790922627.261,store_1,0.000
1790922627.261,store_2,0.000
1790922627.261,store_3,0.000
1790922627.261,store_4,0.000
1790922627.261,store_5,0.000
1790922627.261,store_6,0.000
1790922627.261,store_7,0.000
1790922627.261,avail_mb,25785
1790922627.261,pswpin,1552973
1790922628.271,api,1.990
1790922628.271,enginecore,0.020
1790922628.271,other_total,0.059
1790922628.271,store_0,0.000
1790922628.271,store_1,0.000
1790922628.271,store_2,0.000
1790922628.271,store_3,0.000
1790922628.271,store_4,0.000
1790922628.271,store_5,0.000
1790922628.271,store_6,0.000
1790922628.271,store_7,0.000
1790922628.271,avail_mb,25531
1790922628.271,pswpin,1552973
1790922629.281,api,1.327
1790922629.281,enginecore,0.030
1790922629.281,other_total,0.030
1790922629.281,store_0,0.000
1790922629.281,store_1,0.000
1790922629.281,store_2,0.000
1790922629.281,store_3,0.000
1790922629.281,store_4,0.000
1790922629.281,store_5,0.000
1790922629.281,store_6,0.000
1790922629.281,store_7,0.000
1790922629.281,avail_mb,25410
1790922629.281,pswpin,1552973
1790922630.291,api,0.792
1790922630.291,enginecore,0.000
1790922630.291,other_total,3.525
1790922630.291,store_0,0.000
1790922630.291,store_1,0.000
1790922630.291,store_2,0.000
1790922630.291,store_3,0.000
1790922630.291,store_4,0.000
1790922630.291,store_5,0.000
1790922630.291,store_6,0.000
1790922630.291,store_7,0.000
1790922630.291,avail_mb,24719
1790922630.291,pswpin,1552973
1790922631.300,api,0.000
1790922631.300,enginecore,0.030
1790922631.300,other_total,1.961
1790922631.300,store_0,0.000
1790922631.300,store_1,0.000
1790922631.300,store_2,0.000
1790922631.300,store_3,0.000
1790922631.300,store_4,0.000
1790922631.300,store_5,0.000
1790922631.300,store_6,0.000
1790922631.300,store_7,0.000
1790922631.300,avail_mb,24478
1790922631.300,pswpin,1552973
1790922632.310,api,0.000
1790922632.310,enginecore,0.020
1790922632.310,other_total,3.882
1790922632.310,store_0,0.000
1790922632.310,store_1,0.000
1790922632.310,store_2,0.000
1790922632.310,store_3,0.000
1790922632.310,store_4,0.000
1790922632.310,store_5,0.000
1790922632.310,store_6,0.000
1790922632.310,store_7,0.000
1790922632.310,avail_mb,24269
1790922632.310,pswpin,1552973
1790922633.320,api,0.000
1790922633.320,enginecore,0.030
1790922633.320,other_total,1.990
1790922633.320,store_0,0.000
1790922633.320,store_1,0.000
1790922633.320,store_2,0.000
1790922633.320,store_3,0.000
1790922633.320,store_4,0.000
1790922633.320,store_5,0.000
1790922633.320,store_6,0.000
1790922633.320,store_7,0.000
1790922633.320,avail_mb,24053
1790922633.320,pswpin,1552973
1790922634.330,api,0.000
1790922634.330,enginecore,2.030
1790922634.330,other_total,1.010
1790922634.330,store_0,0.000
1790922634.330,store_1,0.000
1790922634.330,store_2,0.000
1790922634.330,store_3,0.000
1790922634.330,store_4,0.000
1790922634.330,store_5,0.000
1790922634.330,store_6,0.000
1790922634.330,store_7,0.000
1790922634.330,avail_mb,23419
1790922634.330,pswpin,1552973
1790922635.340,api,0.000
1790922635.340,enginecore,1.743
1790922635.340,other_total,1.168
1790922635.340,store_0,0.000
1790922635.340,store_1,0.000
1790922635.340,store_2,0.000
1790922635.340,store_3,0.000
1790922635.340,store_4,0.000
1790922635.340,store_5,0.000
1790922635.340,store_6,0.000
1790922635.340,store_7,0.000
1790922635.340,avail_mb,23127
1790922635.340,pswpin,1552973
1790922636.350,api,0.000
1790922636.350,enginecore,1.643
1790922636.350,other_total,0.416
1790922636.350,store_0,0.000
1790922636.350,store_1,0.000
1790922636.350,store_2,0.000
1790922636.350,store_3,0.000
1790922636.350,store_4,0.000
1790922636.350,store_5,0.000
1790922636.350,store_6,0.000
1790922636.350,store_7,0.000
1790922636.350,avail_mb,22910
1790922636.350,pswpin,1552973
1790922637.359,api,0.020
1790922637.359,enginecore,1.040
1790922637.359,other_total,0.704
1790922637.359,store_0,0.000
1790922637.359,store_1,0.000
1790922637.359,store_2,0.000
1790922637.359,store_3,0.000
1790922637.359,store_4,0.000
1790922637.359,store_5,0.000
1790922637.359,store_6,0.000
1790922637.359,store_7,0.000
1790922637.359,avail_mb,22877
1790922637.359,pswpin,1552973
1790922638.370,api,0.010
1790922638.370,enginecore,1.019
1790922638.370,other_total,0.049
1790922638.370,store_0,0.000
1790922638.370,store_1,0.000
1790922638.370,store_2,0.000
1790922638.370,store_3,0.000
1790922638.370,store_4,0.000
1790922638.370,store_5,0.000
1790922638.370,store_6,0.000
1790922638.370,store_7,0.000
1790922638.370,avail_mb,22382
1790922638.370,pswpin,1552973
1790922639.379,api,0.000
1790922639.379,enginecore,0.634
1790922639.379,other_total,0.436
1790922639.379,store_0,0.000
1790922639.379,store_1,0.000
1790922639.379,store_2,0.000
1790922639.379,store_3,0.000
1790922639.379,store_4,0.000
1790922639.379,store_5,0.000
1790922639.379,store_6,0.000
1790922639.379,store_7,0.000
1790922639.379,avail_mb,22292
1790922639.379,pswpin,1552973
1790922640.388,api,0.010
1790922640.388,enginecore,0.040
1790922640.388,other_total,0.674
1790922640.388,store_0,0.000
1790922640.388,store_1,0.000
1790922640.388,store_2,0.000
1790922640.388,store_3,0.000
1790922640.388,store_4,0.000
1790922640.388,store_5,0.000
1790922640.388,store_6,0.000
1790922640.388,store_7,0.000
1790922640.388,avail_mb,22292
1790922640.388,pswpin,1552973
1790922641.399,api,0.010
1790922641.399,enginecore,0.030
1790922641.399,other_total,0.030
1790922641.399,store_0,0.000
1790922641.399,store_1,0.000
1790922641.399,store_2,0.000
1790922641.399,store_3,0.000
1790922641.399,store_4,0.000
1790922641.399,store_5,0.000
1790922641.399,store_6,0.000
1790922641.399,store_7,0.000
1790922641.399,avail_mb,22303
1790922641.399,pswpin,1552973
1790922642.410,api,0.010
1790922642.410,enginecore,0.020
1790922642.410,other_total,0.000
1790922642.410,store_0,0.000
1790922642.410,store_1,0.000
1790922642.410,store_2,0.000
1790922642.410,store_3,0.000
1790922642.410,store_4,0.000
1790922642.410,store_5,0.000
1790922642.410,store_6,0.000
1790922642.410,store_7,0.000
1790922642.410,avail_mb,22312
1790922642.410,pswpin,1552973
1790922643.421,api,0.010
1790922643.421,enginecore,0.049
1790922643.421,other_total,0.059
1790922643.421,store_0,0.000
1790922643.421,store_1,0.000
1790922643.421,store_2,0.000
1790922643.421,store_3,0.000
1790922643.421,store_4,0.000
1790922643.421,store_5,0.000
1790922643.421,store_6,0.000
1790922643.421,store_7,0.000
1790922643.421,avail_mb,22326
1790922643.421,pswpin,1552973
1790922644.433,api,0.000
1790922644.433,enginecore,0.040
1790922644.433,other_total,0.020
1790922644.433,store_0,0.000
1790922644.433,store_1,0.000
1790922644.433,store_2,0.000
1790922644.433,store_3,0.000
1790922644.433,store_4,0.000
1790922644.433,store_5,0.000
1790922644.433,store_6,0.000
1790922644.433,store_7,0.000
1790922644.433,avail_mb,22336
1790922644.433,pswpin,1552973
1790922645.444,api,0.000
1790922645.444,enginecore,0.010
1790922645.444,other_total,0.049
1790922645.444,store_0,0.000
1790922645.444,store_1,0.000
1790922645.444,store_2,0.000
1790922645.444,store_3,0.000
1790922645.444,store_4,0.000
1790922645.444,store_5,0.000
1790922645.444,store_6,0.000
1790922645.444,store_7,0.000
1790922645.444,avail_mb,22347
1790922645.444,pswpin,1552973
1790922646.455,api,0.000
1790922646.455,enginecore,0.049
1790922646.455,other_total,0.010
1790922646.455,store_0,0.000
1790922646.455,store_1,0.000
1790922646.455,store_2,0.000
1790922646.455,store_3,0.000
1790922646.455,store_4,0.000
1790922646.455,store_5,0.000
1790922646.455,store_6,0.000
1790922646.455,store_7,0.000
1790922646.455,avail_mb,22364
1790922646.455,pswpin,1552973
1790922647.466,api,0.000
1790922647.466,enginecore,0.979
1790922647.466,other_total,0.000
1790922647.466,store_0,0.000
1790922647.466,store_1,0.000
1790922647.466,store_2,0.000
1790922647.466,store_3,0.000
1790922647.466,store_4,0.000
1790922647.466,store_5,0.000
1790922647.466,store_6,0.000
1790922647.466,store_7,0.000
1790922647.466,avail_mb,21310
1790922647.466,pswpin,1552973
1790922648.478,api,0.049
1790922648.478,enginecore,0.405
1790922648.478,other_total,0.049
1790922648.478,store_0,0.000
1790922648.478,store_1,0.000
1790922648.478,store_2,0.000
1790922648.478,store_3,0.000
1790922648.478,store_4,0.000
1790922648.478,store_5,0.000
1790922648.478,store_6,0.000
1790922648.478,store_7,0.000
1790922648.478,avail_mb,21230
1790922648.478,pswpin,1552983
1790922649.489,api,0.396
1790922649.489,enginecore,0.049
1790922649.489,other_total,0.049
1790922649.489,store_0,0.000
1790922649.489,store_1,0.000
1790922649.489,store_2,0.000
1790922649.489,store_3,0.000
1790922649.489,store_4,0.000
1790922649.489,store_5,0.000
1790922649.489,store_6,0.000
1790922649.489,store_7,0.000
1790922649.489,avail_mb,21198
1790922649.489,pswpin,1552983
1790922650.501,api,0.000
1790922650.501,enginecore,1.196
1790922650.501,other_total,0.010
1790922650.501,store_0,0.000
1790922650.501,store_1,0.000
1790922650.501,store_2,0.000
1790922650.501,store_3,0.000
1790922650.501,store_4,0.000
1790922650.501,store_5,0.000
1790922650.501,store_6,0.000
1790922650.501,store_7,0.000
1790922650.501,avail_mb,20165
1790922650.501,pswpin,1552983
1790922651.511,api,0.000
1790922651.511,enginecore,0.851
1790922651.511,other_total,0.040
1790922651.511,store_0,0.000
1790922651.511,store_1,0.000
1790922651.511,store_2,0.000
1790922651.511,store_3,0.000
1790922651.511,store_4,0.000
1790922651.511,store_5,0.000
1790922651.511,store_6,0.000
1790922651.511,store_7,0.000
1790922651.511,avail_mb,19898
1790922651.511,pswpin,1552983
1790922652.523,api,0.059
1790922652.523,enginecore,0.316
1790922652.523,other_total,0.099
1790922652.523,store_0,0.000
1790922652.523,store_1,0.000
1790922652.523,store_2,0.000
1790922652.523,store_3,0.000
1790922652.523,store_4,0.000
1790922652.523,store_5,0.000
1790922652.523,store_6,0.000
1790922652.523,store_7,0.000
1790922652.523,avail_mb,19849
1790922652.523,pswpin,1552983
1790922653.535,api,0.415
1790922653.535,enginecore,0.069
1790922653.535,other_total,0.000
1790922653.535,store_0,0.000
1790922653.535,store_1,0.000
1790922653.535,store_2,0.000
1790922653.535,store_3,0.000
1790922653.535,store_4,0.000
1790922653.535,store_5,0.000
1790922653.535,store_6,0.000
1790922653.535,store_7,0.000
1790922653.535,avail_mb,19802
1790922653.535,pswpin,1552983
1790922654.545,api,0.010
1790922654.545,enginecore,0.584
1790922654.545,other_total,0.971
1790922654.545,store_0,0.000
1790922654.545,store_1,0.000
1790922654.545,store_2,0.000
1790922654.545,store_3,0.000
1790922654.545,store_4,0.000
1790922654.545,store_5,0.000
1790922654.545,store_6,0.000
1790922654.545,store_7,0.109
1790922654.545,avail_mb,22463
1790922654.545,pswpin,1552983
1790922655.597,api,0.000
1790922655.597,enginecore,0.010
1790922655.597,other_total,2.300
1790922655.597,store_0,0.000
1790922655.597,store_1,0.000
1790922655.597,store_2,0.000
1790922655.597,store_3,0.000
1790922655.597,store_4,0.000
1790922655.597,store_5,0.000
1790922655.597,store_6,0.000
1790922655.597,store_7,0.000
1790922655.597,avail_mb,22293
1790922655.597,pswpin,1552983
1790922656.615,api,0.000
1790922656.615,client,2.123
1790922656.615,enginecore,0.029
1790922656.615,other_total,0.010
1790922656.615,store_0,0.000
1790922656.615,store_1,0.000
1790922656.615,store_2,0.000
1790922656.615,store_3,0.000
1790922656.615,store_4,0.000
1790922656.615,store_5,0.000
1790922656.615,store_6,0.000
1790922656.615,store_7,0.000
1790922656.615,avail_mb,22124
1790922656.615,pswpin,1552983
1790922657.626,api,0.010
1790922657.626,client,0.000
1790922657.626,enginecore,0.040
1790922657.626,other_total,0.000
1790922657.626,store_0,0.000
1790922657.626,store_1,0.000
1790922657.626,store_2,0.000
1790922657.626,store_3,0.000
1790922657.626,store_4,0.000
1790922657.626,store_5,0.000
1790922657.626,store_6,0.000
1790922657.626,store_7,0.000
1790922657.626,avail_mb,22124
1790922657.626,pswpin,1552983
1790922658.638,api,0.010
1790922658.638,client,0.020
1790922658.638,enginecore,0.138
1790922658.638,other_total,0.069
1790922658.638,store_0,0.000
1790922658.638,store_1,0.000
1790922658.638,store_2,0.000
1790922658.638,store_3,0.000
1790922658.638,store_4,0.000
1790922658.638,store_5,0.000
1790922658.638,store_6,0.000
1790922658.638,store_7,0.000
1790922658.638,avail_mb,22123
1790922658.638,pswpin,1552983
1790922659.650,api,0.030
1790922659.650,client,0.010
1790922659.650,enginecore,1.018
1790922659.650,other_total,0.010
1790922659.650,store_0,0.000
1790922659.650,store_1,0.000
1790922659.650,store_2,0.000
1790922659.650,store_3,0.000
1790922659.650,store_4,0.000
1790922659.650,store_5,0.010
1790922659.650,store_6,0.000
1790922659.650,store_7,0.000
1790922659.650,avail_mb,22132
1790922659.650,pswpin,1552983
1790922660.662,api,0.010
1790922660.662,client,0.010
1790922660.662,enginecore,2.204
1790922660.662,other_total,0.030
1790922660.662,store_0,0.000
1790922660.662,store_1,0.010
1790922660.662,store_2,0.020
1790922660.662,store_3,0.010
1790922660.662,store_4,0.000
1790922660.662,store_5,0.000
1790922660.662,store_6,0.000
1790922660.662,store_7,0.000
1790922660.662,avail_mb,22156
1790922660.662,pswpin,1552987
1790922661.674,api,0.049
1790922661.674,client,0.000
1790922661.674,enginecore,0.741
1790922661.674,other_total,0.010
1790922661.674,store_0,0.000
1790922661.674,store_1,0.000
1790922661.674,store_2,0.000
1790922661.674,store_3,0.000
1790922661.674,store_4,0.000
1790922661.674,store_5,0.000
1790922661.674,store_6,0.000
1790922661.674,store_7,0.000
1790922661.674,avail_mb,22148
1790922661.674,pswpin,1552987
1790922662.685,api,0.030
1790922662.685,client,0.000
1790922662.685,enginecore,3.114
1790922662.685,other_total,0.020
1790922662.685,store_0,0.010
1790922662.685,store_1,0.000
1790922662.685,store_2,0.010
1790922662.685,store_3,0.000
1790922662.685,store_4,0.000
1790922662.685,store_5,0.010
1790922662.685,store_6,0.010
1790922662.685,store_7,0.010
1790922662.685,avail_mb,22158
1790922662.685,pswpin,1552987
1790922663.701,api,0.010
1790922663.701,client,0.010
1790922663.701,enginecore,3.693
1790922663.701,other_total,0.049
1790922663.701,store_0,0.000
1790922663.701,store_1,0.000
1790922663.701,store_2,0.020
1790922663.701,store_3,0.000
1790922663.701,store_4,0.010
1790922663.701,store_5,0.010
1790922663.701,store_6,0.000
1790922663.701,store_7,0.020
1790922663.701,avail_mb,22166
1790922663.701,pswpin,1552987
1790922664.713,api,0.020
1790922664.713,client,0.000
1790922664.713,enginecore,3.103
1790922664.713,other_total,0.128
1790922664.713,store_0,0.000
1790922664.713,store_1,0.020
1790922664.713,store_2,0.010
1790922664.713,store_3,0.000
1790922664.713,store_4,0.000
1790922664.713,store_5,0.010
1790922664.713,store_6,0.000
1790922664.713,store_7,0.010
1790922664.713,avail_mb,22166
1790922664.713,pswpin,1552987
1790922665.724,api,0.059
1790922665.724,client,0.010
1790922665.724,enginecore,3.532
1790922665.724,other_total,0.010
1790922665.724,store_0,0.000
1790922665.724,store_1,0.010
1790922665.724,store_2,0.010
1790922665.724,store_3,0.010
1790922665.724,store_4,0.010
1790922665.724,store_5,0.000
1790922665.724,store_6,0.010
1790922665.724,store_7,0.000
1790922665.724,avail_mb,22231
1790922665.724,pswpin,1552990
1790922666.735,api,0.010
1790922666.735,client,0.010
1790922666.735,enginecore,3.143
1790922666.735,other_total,0.040
1790922666.735,store_0,0.020
1790922666.735,store_1,0.010
1790922666.735,store_2,0.000
1790922666.735,store_3,0.010
1790922666.735,store_4,0.020
1790922666.735,store_5,0.000
1790922666.735,store_6,0.000
1790922666.735,store_7,0.000
1790922666.735,avail_mb,22240
1790922666.735,pswpin,1552990
1790922667.751,api,0.020
1790922667.751,client,0.000
1790922667.751,enginecore,2.334
1790922667.751,other_total,0.089
1790922667.751,store_0,0.000
1790922667.751,store_1,0.000
1790922667.751,store_2,0.000
1790922667.751,store_3,0.010
1790922667.751,store_4,0.010
1790922667.751,store_5,0.000
1790922667.751,store_6,0.030
1790922667.751,store_7,0.000
1790922667.751,avail_mb,22244
1790922667.751,pswpin,1552990
1790922668.763,api,0.020
1790922668.763,client,0.000
1790922668.763,enginecore,1.591
1790922668.763,other_total,0.020
1790922668.763,store_0,0.000
1790922668.763,store_1,0.010
1790922668.763,store_2,0.000
1790922668.763,store_3,0.000
1790922668.763,store_4,0.000
1790922668.763,store_5,0.000
1790922668.763,store_6,0.000
1790922668.763,store_7,0.000
1790922668.763,avail_mb,22293
1790922668.763,pswpin,1552993
1790922669.775,api,0.010
1790922669.775,client,0.000
1790922669.775,enginecore,1.354
1790922669.775,other_total,0.020
1790922669.775,store_0,0.010
1790922669.775,store_1,0.000
1790922669.775,store_2,0.000
1790922669.775,store_3,0.000
1790922669.775,store_4,0.000
1790922669.775,store_5,0.010
1790922669.775,store_6,0.000
1790922669.775,store_7,0.000
1790922669.775,avail_mb,22293
1790922669.775,pswpin,1552993
1790922670.790,api,0.000
1790922670.790,client,0.000
1790922670.790,enginecore,1.152
1790922670.790,other_total,0.128
1790922670.790,store_0,0.010
1790922670.790,store_1,0.000
1790922670.790,store_2,0.000
1790922670.790,store_3,0.000
1790922670.790,store_4,0.010
1790922670.790,store_5,0.000
1790922670.790,store_6,0.000
1790922670.790,store_7,0.000
1790922670.790,avail_mb,22301
1790922670.790,pswpin,1552993
1790922671.802,api,0.000
1790922671.802,client,0.000
1790922671.802,enginecore,2.283
1790922671.802,other_total,0.020
1790922671.802,store_0,0.010
1790922671.802,store_1,0.000
1790922671.802,store_2,0.000
1790922671.802,store_3,0.010
1790922671.802,store_4,0.000
1790922671.802,store_5,0.000
1790922671.802,store_6,0.010
1790922671.802,store_7,0.000
1790922671.802,avail_mb,22307
1790922671.802,pswpin,1552993
1790922672.814,api,0.020
1790922672.814,client,0.000
1790922672.814,enginecore,1.917
1790922672.814,other_total,0.030
1790922672.814,store_0,0.000
1790922672.814,store_1,0.000
1790922672.814,store_2,0.000
1790922672.814,store_3,0.000
1790922672.814,store_4,0.000
1790922672.814,store_5,0.000
1790922672.814,store_6,0.010
1790922672.814,store_7,0.020
1790922672.814,avail_mb,22311
1790922672.814,pswpin,1552993
1790922673.826,api,0.020
1790922673.826,client,0.010
1790922673.826,enginecore,0.613
1790922673.826,other_total,0.049
1790922673.826,store_0,0.000
1790922673.826,store_1,0.000
1790922673.826,store_2,0.000
1790922673.826,store_3,0.010
1790922673.826,store_4,0.000
1790922673.826,store_5,0.000
1790922673.826,store_6,0.000
1790922673.826,store_7,0.000
1790922673.826,avail_mb,22305
1790922673.826,pswpin,1552993
1790922674.837,api,0.000
1790922674.837,client,0.000
1790922674.837,enginecore,1.927
1790922674.837,other_total,0.099
1790922674.837,store_0,0.000
1790922674.837,store_1,0.000
1790922674.837,store_2,0.000
1790922674.837,store_3,0.010
1790922674.837,store_4,0.000
1790922674.837,store_5,0.000
1790922674.837,store_6,0.010
1790922674.837,store_7,0.010
1790922674.837,avail_mb,22437
1790922674.837,pswpin,1552999
1790922675.850,api,0.030
1790922675.850,client,0.000
1790922675.850,enginecore,0.632
1790922675.850,other_total,0.000
1790922675.850,store_0,0.000
1790922675.850,store_1,0.000
1790922675.850,store_2,0.000
1790922675.850,store_3,0.000
1790922675.850,store_4,0.000
1790922675.850,store_5,0.010
1790922675.850,store_6,0.000
1790922675.850,store_7,0.000
1790922675.850,avail_mb,22442
1790922675.850,pswpin,1552999
1790922676.862,api,0.020
1790922676.862,enginecore,2.095
1790922676.862,other_total,0.148
1790922676.862,store_0,0.010
1790922676.862,store_1,0.000
1790922676.862,store_2,0.000
1790922676.862,store_3,0.000
1790922676.862,store_4,0.010
1790922676.862,store_5,0.010
1790922676.862,store_6,0.000
1790922676.862,store_7,0.000
1790922676.862,avail_mb,22561
1790922676.862,pswpin,1553004
1790922677.874,api,0.000
1790922677.874,enginecore,0.030
1790922677.874,other_total,0.010
1790922677.874,store_0,0.000
1790922677.874,store_1,0.000
1790922677.874,store_2,0.000
1790922677.874,store_3,0.000
1790922677.874,store_4,0.000
1790922677.874,store_5,0.000
1790922677.874,store_6,0.000
1790922677.874,store_7,0.000
1790922677.874,avail_mb,22564
1790922677.874,pswpin,1553004
1790922678.885,api,0.000
1790922678.885,enginecore,0.059
1790922678.885,other_total,0.099
1790922678.885,store_0,0.000
1790922678.885,store_1,0.000
1790922678.885,store_2,0.000
1790922678.885,store_3,0.000
1790922678.885,store_4,0.000
1790922678.885,store_5,0.000
1790922678.885,store_6,0.000
1790922678.885,store_7,0.000
1790922678.885,avail_mb,22592
1790922678.885,pswpin,1553004
1790922679.897,api,0.020
1790922679.897,enginecore,0.020
1790922679.897,other_total,0.040
1790922679.897,store_0,0.000
1790922679.897,store_1,0.000
1790922679.897,store_2,0.000
1790922679.897,store_3,0.000
1790922679.897,store_4,0.000
1790922679.897,store_5,0.000
1790922679.897,store_6,0.000
1790922679.897,store_7,0.000
1790922679.897,avail_mb,22583
1790922679.897,pswpin,1553004
1790922680.907,api,0.010
1790922680.907,enginecore,0.040
1790922680.907,other_total,0.010
1790922680.907,store_0,0.000
1790922680.907,store_1,0.000
1790922680.907,store_2,0.000
1790922680.907,store_3,0.000
1790922680.907,store_4,0.000
1790922680.907,store_5,0.000
1790922680.907,store_6,0.000
1790922680.907,store_7,0.000
1790922680.907,avail_mb,22586
1790922680.907,pswpin,1553004
1790922681.918,api,0.000
1790922681.918,enginecore,0.040
1790922681.918,other_total,0.000
1790922681.918,store_0,0.000
1790922681.918,store_1,0.000
1790922681.918,store_2,0.000
1790922681.918,store_3,0.000
1790922681.918,store_4,0.000
1790922681.918,store_5,0.000
1790922681.918,store_6,0.000
1790922681.918,store_7,0.000
1790922681.918,avail_mb,22588
1790922681.918,pswpin,1553004
1790922682.930,api,0.000
1790922682.930,enginecore,0.049
1790922682.930,other_total,0.059
1790922682.930,store_0,0.000
1790922682.930,store_1,0.000
1790922682.930,store_2,0.000
1790922682.930,store_3,0.000
1790922682.930,store_4,0.000
1790922682.930,store_5,0.000
1790922682.930,store_6,0.000
1790922682.930,store_7,0.000
1790922682.930,avail_mb,22585
1790922682.930,pswpin,1553004
1790922683.941,api,0.000
1790922683.941,enginecore,0.040
1790922683.941,other_total,0.010
1790922683.941,store_0,0.000
1790922683.941,store_1,0.000
1790922683.941,store_2,0.000
1790922683.941,store_3,0.000
1790922683.941,store_4,0.000
1790922683.941,store_5,0.000
1790922683.941,store_6,0.000
1790922683.941,store_7,0.000
1790922683.941,avail_mb,22583
1790922683.941,pswpin,1553004
1790922684.952,api,0.010
1790922684.952,enginecore,0.040
1790922684.952,other_total,0.020
1790922684.952,store_0,0.000
1790922684.952,store_1,0.000
1790922684.952,store_2,0.000
1790922684.952,store_3,0.000
1790922684.952,store_4,0.000
1790922684.952,store_5,0.000
1790922684.952,store_6,0.000
1790922684.952,store_7,0.000
1790922684.952,avail_mb,22583
1790922684.952,pswpin,1553004
1790922685.962,api,0.030
1790922685.962,enginecore,0.010
1790922685.962,other_total,3.912
1790922685.962,store_0,0.000
1790922685.962,store_1,0.000
1790922685.962,store_2,0.000
1790922685.962,store_3,0.000
1790922685.962,store_4,0.000
1790922685.962,store_5,0.000
1790922685.962,store_6,0.000
1790922685.962,store_7,0.000
1790922685.962,avail_mb,22084
1790922685.962,pswpin,1553004
1790922686.974,api,0.010
1790922686.974,client,0.000
1790922686.974,enginecore,0.059
1790922686.974,other_total,0.010
1790922686.974,store_0,0.000
1790922686.974,store_1,0.000
1790922686.974,store_2,0.000
1790922686.974,store_3,0.000
1790922686.974,store_4,0.000
1790922686.974,store_5,0.000
1790922686.974,store_6,0.000
1790922686.974,store_7,0.000
1790922686.974,avail_mb,22088
1790922686.974,pswpin,1553004
1790922687.986,api,0.000
1790922687.986,client,0.000
1790922687.986,enginecore,0.020
1790922687.986,other_total,0.040
1790922687.986,store_0,0.000
1790922687.986,store_1,0.000
1790922687.986,store_2,0.000
1790922687.986,store_3,0.000
1790922687.986,store_4,0.000
1790922687.986,store_5,0.000
1790922687.986,store_6,0.000
1790922687.986,store_7,0.000
1790922687.986,avail_mb,22080
1790922687.986,pswpin,1553004
1790922688.995,api,0.050
1790922688.995,client,0.020
1790922688.995,enginecore,1.584
1790922688.995,other_total,0.139
1790922688.995,store_0,0.000
1790922688.995,store_1,0.000
1790922688.995,store_2,0.000
1790922688.995,store_3,0.000
1790922688.995,store_4,0.000
1790922688.995,store_5,0.000
1790922688.995,store_6,0.000
1790922688.995,store_7,0.000
1790922688.995,avail_mb,22078
1790922688.995,pswpin,1553004
1790922690.006,api,0.178
1790922690.006,client,0.049
1790922690.006,enginecore,6.256
1790922690.006,other_total,0.307
1790922690.006,store_0,0.000
1790922690.006,store_1,0.000
1790922690.006,store_2,0.000
1790922690.006,store_3,0.000
1790922690.006,store_4,0.000
1790922690.006,store_5,0.000
1790922690.006,store_6,0.000
1790922690.006,store_7,0.000
1790922690.006,avail_mb,22042
1790922690.006,pswpin,1553004
1790922691.016,api,0.168
1790922691.016,client,0.069
1790922691.016,enginecore,5.126
1790922691.016,other_total,0.059
1790922691.016,store_0,0.000
1790922691.016,store_1,0.000
1790922691.016,store_2,0.000
1790922691.016,store_3,0.000
1790922691.016,store_4,0.000
1790922691.016,store_5,0.000
1790922691.016,store_6,0.000
1790922691.016,store_7,0.000
1790922691.016,avail_mb,22044
1790922691.016,pswpin,1553004
1790922692.029,api,0.168
1790922692.029,client,0.079
1790922692.029,enginecore,9.008
1790922692.029,other_total,0.109
1790922692.029,store_0,0.000
1790922692.029,store_1,0.000
1790922692.029,store_2,0.000
1790922692.029,store_3,0.000
1790922692.029,store_4,0.000
1790922692.029,store_5,0.000
1790922692.029,store_6,0.000
1790922692.029,store_7,0.000
1790922692.029,avail_mb,22016
1790922692.029,pswpin,1553006
1790922693.039,api,0.178
1790922693.039,client,0.069
1790922693.039,enginecore,5.902
1790922693.039,other_total,0.000
1790922693.039,store_0,0.000
1790922693.039,store_1,0.000
1790922693.039,store_2,0.000
1790922693.039,store_3,0.000
1790922693.039,store_4,0.000
1790922693.039,store_5,0.000
1790922693.039,store_6,0.000
1790922693.039,store_7,0.000
1790922693.039,avail_mb,22016
1790922693.039,pswpin,1553011
1790922694.050,api,0.178
1790922694.050,client,0.069
1790922694.050,enginecore,7.849
1790922694.050,other_total,0.188
1790922694.050,store_0,0.000
1790922694.050,store_1,0.000
1790922694.050,store_2,0.000
1790922694.050,store_3,0.000
1790922694.050,store_4,0.000
1790922694.050,store_5,0.000
1790922694.050,store_6,0.000
1790922694.050,store_7,0.000
1790922694.050,avail_mb,22017
1790922694.050,pswpin,1553013
1790922695.060,api,0.208
1790922695.060,client,0.089
1790922695.060,enginecore,7.346
1790922695.060,other_total,0.010
1790922695.060,store_0,0.000
1790922695.060,store_1,0.000
1790922695.060,store_2,0.000
1790922695.060,store_3,0.000
1790922695.060,store_4,0.000
1790922695.060,store_5,0.000
1790922695.060,store_6,0.000
1790922695.060,store_7,0.000
1790922695.060,avail_mb,22018
1790922695.060,pswpin,1553013
1790922696.071,api,0.188
1790922696.071,client,0.059
1790922696.071,enginecore,6.462
1790922696.071,other_total,0.040
1790922696.071,store_0,0.000
1790922696.071,store_1,0.000
1790922696.071,store_2,0.000
1790922696.071,store_3,0.000
1790922696.071,store_4,0.000
1790922696.071,store_5,0.000
1790922696.071,store_6,0.000
1790922696.071,store_7,0.000
1790922696.071,avail_mb,22032
1790922696.071,pswpin,1553013
1790922697.082,api,0.208
1790922697.082,client,0.089
1790922697.082,enginecore,9.155
1790922697.082,other_total,0.000
1790922697.082,store_0,0.000
1790922697.082,store_1,0.000
1790922697.082,store_2,0.000
1790922697.082,store_3,0.000
1790922697.082,store_4,0.000
1790922697.082,store_5,0.000
1790922697.082,store_6,0.000
1790922697.082,store_7,0.000
1790922697.082,avail_mb,22037
1790922697.082,pswpin,1553013
1790922698.093,api,0.178
1790922698.093,client,0.069
1790922698.093,enginecore,9.014
1790922698.093,other_total,0.059
1790922698.093,store_0,0.000
1790922698.093,store_1,0.000
1790922698.093,store_2,0.000
1790922698.093,store_3,0.000
1790922698.093,store_4,0.000
1790922698.093,store_5,0.000
1790922698.093,store_6,0.000
1790922698.093,store_7,0.000
1790922698.093,avail_mb,22049
1790922698.093,pswpin,1553013
1790922699.103,api,0.257
1790922699.103,client,0.089
1790922699.103,enginecore,10.175
1790922699.103,other_total,0.010
1790922699.103,store_0,0.000
1790922699.103,store_1,0.000
1790922699.103,store_2,0.000
1790922699.103,store_3,0.000
1790922699.103,store_4,0.000
1790922699.103,store_5,0.000
1790922699.103,store_6,0.000
1790922699.103,store_7,0.000
1790922699.103,avail_mb,22048
1790922699.103,pswpin,1553013
1790922700.115,api,0.208
1790922700.115,client,0.109
1790922700.115,enginecore,7.660
1790922700.115,other_total,0.000
1790922700.115,store_0,0.000
1790922700.115,store_1,0.000
1790922700.115,store_2,0.000
1790922700.115,store_3,0.000
1790922700.115,store_4,0.000
1790922700.115,store_5,0.000
1790922700.115,store_6,0.000
1790922700.115,store_7,0.000
1790922700.115,avail_mb,22051
1790922700.115,pswpin,1553013
1790922701.126,api,0.198
1790922701.126,client,0.059
1790922701.126,enginecore,8.623
1790922701.126,other_total,0.148
1790922701.126,store_0,0.000
1790922701.126,store_1,0.000
1790922701.126,store_2,0.000
1790922701.126,store_3,0.000
1790922701.126,store_4,0.000
1790922701.126,store_5,0.000
1790922701.126,store_6,0.000
1790922701.126,store_7,0.000
1790922701.126,avail_mb,22053
1790922701.126,pswpin,1553013
1790922702.136,api,0.168
1790922702.136,client,0.049
1790922702.136,enginecore,5.900
1790922702.136,other_total,0.000
1790922702.136,store_0,0.000
1790922702.136,store_1,0.000
1790922702.136,store_2,0.000
1790922702.136,store_3,0.000
1790922702.136,store_4,0.000
1790922702.136,store_5,0.000
1790922702.136,store_6,0.000
1790922702.136,store_7,0.000
1790922702.136,avail_mb,22056
1790922702.136,pswpin,1553013
1790922703.150,api,0.178
1790922703.150,client,0.089
1790922703.150,enginecore,6.877
1790922703.150,other_total,0.000
1790922703.150,store_0,0.000
1790922703.150,store_1,0.000
1790922703.150,store_2,0.000
1790922703.150,store_3,0.000
1790922703.150,store_4,0.000
1790922703.150,store_5,0.000
1790922703.150,store_6,0.000
1790922703.150,store_7,0.000
1790922703.150,avail_mb,22056
1790922703.150,pswpin,1553013
1790922704.160,api,0.257
1790922704.160,client,0.089
1790922704.160,enginecore,8.343
1790922704.160,other_total,0.000
1790922704.160,store_0,0.000
1790922704.160,store_1,0.000
1790922704.160,store_2,0.000
1790922704.160,store_3,0.000
1790922704.160,store_4,0.000
1790922704.160,store_5,0.000
1790922704.160,store_6,0.000
1790922704.160,store_7,0.000
1790922704.160,avail_mb,22051
1790922704.160,pswpin,1553013
1790922705.174,api,0.197
1790922705.174,client,0.099
1790922705.174,enginecore,8.869
1790922705.174,other_total,0.020
1790922705.174,store_0,0.000
1790922705.174,store_1,0.000
1790922705.174,store_2,0.000
1790922705.174,store_3,0.000
1790922705.174,store_4,0.000
1790922705.174,store_5,0.000
1790922705.174,store_6,0.000
1790922705.174,store_7,0.000
1790922705.174,avail_mb,22051
1790922705.174,pswpin,1553013
1790922706.185,api,0.257
1790922706.185,client,0.049
1790922706.185,enginecore,8.999
1790922706.185,other_total,0.000
1790922706.185,store_0,0.000
1790922706.185,store_1,0.000
1790922706.185,store_2,0.000
1790922706.185,store_3,0.000
1790922706.185,store_4,0.000
1790922706.185,store_5,0.000
1790922706.185,store_6,0.000
1790922706.185,store_7,0.000
1790922706.185,avail_mb,22053
1790922706.185,pswpin,1553013
1790922707.195,api,0.139
1790922707.195,client,0.089
1790922707.195,enginecore,5.951
1790922707.195,other_total,0.000
1790922707.195,store_0,0.000
1790922707.195,store_1,0.000
1790922707.195,store_2,0.000
1790922707.195,store_3,0.000
1790922707.195,store_4,0.000
1790922707.195,store_5,0.000
1790922707.195,store_6,0.000
1790922707.195,store_7,0.000
1790922707.195,avail_mb,22057
1790922707.195,pswpin,1553013
1790922708.206,api,0.227
1790922708.206,client,0.069
1790922708.206,enginecore,9.187
1790922708.206,other_total,0.049
1790922708.206,store_0,0.000
1790922708.206,store_1,0.000
1790922708.206,store_2,0.000
1790922708.206,store_3,0.000
1790922708.206,store_4,0.000
1790922708.206,store_5,0.000
1790922708.206,store_6,0.000
1790922708.206,store_7,0.000
1790922708.206,avail_mb,22064
1790922708.206,pswpin,1553013
1790922709.220,api,0.237
1790922709.220,client,0.109
1790922709.220,enginecore,10.045
1790922709.220,other_total,0.030
1790922709.220,store_0,0.000
1790922709.220,store_1,0.000
1790922709.220,store_2,0.000
1790922709.220,store_3,0.000
1790922709.220,store_4,0.000
1790922709.220,store_5,0.000
1790922709.220,store_6,0.000
1790922709.220,store_7,0.000
1790922709.220,avail_mb,22109
1790922709.220,pswpin,1553013
1790922710.231,api,0.228
1790922710.231,client,0.079
1790922710.231,enginecore,9.390
1790922710.231,other_total,0.000
1790922710.231,store_0,0.000
1790922710.231,store_1,0.000
1790922710.231,store_2,0.000
1790922710.231,store_3,0.000
1790922710.231,store_4,0.000
1790922710.231,store_5,0.000
1790922710.231,store_6,0.000
1790922710.231,store_7,0.000
1790922710.231,avail_mb,22107
1790922710.231,pswpin,1553013
1790922711.240,api,0.198
1790922711.240,client,0.089
1790922711.240,enginecore,6.466
1790922711.240,other_total,0.020
1790922711.240,store_0,0.000
1790922711.240,store_1,0.000
1790922711.240,store_2,0.000
1790922711.240,store_3,0.000
1790922711.240,store_4,0.000
1790922711.240,store_5,0.000
1790922711.240,store_6,0.000
1790922711.240,store_7,0.000
1790922711.240,avail_mb,22111
1790922711.240,pswpin,1553013
1790922712.253,api,0.178
1790922712.253,client,0.059
1790922712.253,enginecore,7.865
1790922712.253,other_total,0.000
1790922712.253,store_0,0.000
1790922712.253,store_1,0.000
1790922712.253,store_2,0.000
1790922712.253,store_3,0.000
1790922712.253,store_4,0.000
1790922712.253,store_5,0.000
1790922712.253,store_6,0.000
1790922712.253,store_7,0.000
1790922712.253,avail_mb,22112
1790922712.253,pswpin,1553013
1790922713.264,api,0.198
1790922713.264,client,0.059
1790922713.264,enginecore,7.116
1790922713.264,other_total,0.049
1790922713.264,store_0,0.000
1790922713.264,store_1,0.000
1790922713.264,store_2,0.000
1790922713.264,store_3,0.000
1790922713.264,store_4,0.000
1790922713.264,store_5,0.000
1790922713.264,store_6,0.000
1790922713.264,store_7,0.000
1790922713.264,avail_mb,22109
1790922713.264,pswpin,1553013
1790922714.275,api,0.138
1790922714.275,client,0.059
1790922714.275,enginecore,7.202
1790922714.275,other_total,0.000
1790922714.275,store_0,0.000
1790922714.275,store_1,0.000
1790922714.275,store_2,0.000
1790922714.275,store_3,0.000
1790922714.275,store_4,0.000
1790922714.275,store_5,0.000
1790922714.275,store_6,0.000
1790922714.275,store_7,0.000
1790922714.275,avail_mb,22105
1790922714.275,pswpin,1553013
1790922715.286,api,0.188
1790922715.286,client,0.059
1790922715.286,enginecore,5.948
1790922715.286,other_total,0.000
1790922715.286,store_0,0.000
1790922715.286,store_1,0.000
1790922715.286,store_2,0.000
1790922715.286,store_3,0.000
1790922715.286,store_4,0.000
1790922715.286,store_5,0.000
1790922715.286,store_6,0.000
1790922715.286,store_7,0.000
1790922715.286,avail_mb,22107
1790922715.286,pswpin,1553013
1790922716.299,api,0.197
1790922716.299,client,0.079
1790922716.299,enginecore,7.005
1790922716.299,other_total,0.010
1790922716.299,store_0,0.000
1790922716.299,store_1,0.000
1790922716.299,store_2,0.000
1790922716.299,store_3,0.000
1790922716.299,store_4,0.000
1790922716.299,store_5,0.000
1790922716.299,store_6,0.000
1790922716.299,store_7,0.000
1790922716.299,avail_mb,22102
1790922716.299,pswpin,1553013
1790922717.313,api,0.187
1790922717.313,client,0.049
1790922717.313,enginecore,6.877
1790922717.313,other_total,0.000
1790922717.313,store_0,0.000
1790922717.313,store_1,0.000
1790922717.313,store_2,0.000
1790922717.313,store_3,0.000
1790922717.313,store_4,0.000
1790922717.313,store_5,0.000
1790922717.313,store_6,0.000
1790922717.313,store_7,0.000
1790922717.313,avail_mb,22104
1790922717.313,pswpin,1553013
1790922718.323,api,0.198
1790922718.323,client,0.109
1790922718.323,enginecore,8.939
1790922718.323,other_total,0.079
1790922718.323,store_0,0.000
1790922718.323,store_1,0.000
1790922718.323,store_2,0.000
1790922718.323,store_3,0.000
1790922718.323,store_4,0.000
1790922718.323,store_5,0.000
1790922718.323,store_6,0.000
1790922718.323,store_7,0.000
1790922718.323,avail_mb,22104
1790922718.323,pswpin,1553013
1790922719.334,api,0.188
1790922719.334,client,0.040
1790922719.334,enginecore,7.011
1790922719.334,other_total,0.069
1790922719.334,store_0,0.000
1790922719.334,store_1,0.000
1790922719.334,store_2,0.000
1790922719.334,store_3,0.000
1790922719.334,store_4,0.000
1790922719.334,store_5,0.000
1790922719.334,store_6,0.000
1790922719.334,store_7,0.000
1790922719.334,avail_mb,22102
1790922719.334,pswpin,1553013
1790922720.345,api,0.188
1790922720.345,client,0.059
1790922720.345,enginecore,6.582
1790922720.345,other_total,0.000
1790922720.345,store_0,0.000
1790922720.345,store_1,0.000
1790922720.345,store_2,0.000
1790922720.345,store_3,0.000
1790922720.345,store_4,0.000
1790922720.345,store_5,0.000
1790922720.345,store_6,0.000
1790922720.345,store_7,0.000
1790922720.345,avail_mb,22102
1790922720.345,pswpin,1553013
1790922721.356,api,0.257
1790922721.356,client,0.099
1790922721.356,enginecore,11.215
1790922721.356,other_total,0.000
1790922721.356,store_0,0.000
1790922721.356,store_1,0.000
1790922721.356,store_2,0.000
1790922721.356,store_3,0.000
1790922721.356,store_4,0.000
1790922721.356,store_5,0.000
1790922721.356,store_6,0.000
1790922721.356,store_7,0.000
1790922721.356,avail_mb,22100
1790922721.356,pswpin,1553013
1790922722.366,api,0.198
1790922722.366,client,0.089
1790922722.366,enginecore,8.361
1790922722.366,other_total,0.010
1790922722.366,store_0,0.000
1790922722.366,store_1,0.000
1790922722.366,store_2,0.000
1790922722.366,store_3,0.000
1790922722.366,store_4,0.000
1790922722.366,store_5,0.000
1790922722.366,store_6,0.000
1790922722.366,store_7,0.000
1790922722.366,avail_mb,22103
1790922722.366,pswpin,1553013
1790922723.379,api,0.198
1790922723.379,client,0.109
1790922723.379,enginecore,9.381
1790922723.379,other_total,0.030
1790922723.379,store_0,0.000
1790922723.379,store_1,0.000
1790922723.379,store_2,0.000
1790922723.379,store_3,0.000
1790922723.379,store_4,0.000
1790922723.379,store_5,0.000
1790922723.379,store_6,0.000
1790922723.379,store_7,0.000
1790922723.379,avail_mb,22104
1790922723.379,pswpin,1553013
1790922724.398,api,0.216
1790922724.398,client,0.069
1790922724.398,enginecore,9.549
1790922724.398,other_total,0.029
1790922724.398,store_0,0.000
1790922724.398,store_1,0.000
1790922724.398,store_2,0.000
1790922724.398,store_3,0.000
1790922724.398,store_4,0.000
1790922724.398,store_5,0.000
1790922724.398,store_6,0.000
1790922724.398,store_7,0.000
1790922724.398,avail_mb,22105
1790922724.398,pswpin,1553013
1790922725.408,api,0.198
1790922725.408,client,0.069
1790922725.408,enginecore,11.238
1790922725.408,other_total,0.000
1790922725.408,store_0,0.000
1790922725.408,store_1,0.000
1790922725.408,store_2,0.000
1790922725.408,store_3,0.000
1790922725.408,store_4,0.000
1790922725.408,store_5,0.000
1790922725.408,store_6,0.000
1790922725.408,store_7,0.000
1790922725.408,avail_mb,22096
1790922725.408,pswpin,1553013
1790922726.419,api,0.148
1790922726.419,client,0.040
1790922726.419,enginecore,4.590
1790922726.419,other_total,0.010
1790922726.419,store_0,0.000
1790922726.419,store_1,0.000
1790922726.419,store_2,0.000
1790922726.419,store_3,0.000
1790922726.419,store_4,0.000
1790922726.419,store_5,0.000
1790922726.419,store_6,0.000
1790922726.419,store_7,0.000
1790922726.419,avail_mb,22099
1790922726.419,pswpin,1553013
1790922727.432,api,0.187
1790922727.432,client,0.069
1790922727.432,enginecore,7.893
1790922727.432,other_total,0.020
1790922727.432,store_0,0.000
1790922727.432,store_1,0.000
1790922727.432,store_2,0.000
1790922727.432,store_3,0.000
1790922727.432,store_4,0.000
1790922727.432,store_5,0.000
1790922727.432,store_6,0.000
1790922727.432,store_7,0.000
1790922727.432,avail_mb,22097
1790922727.432,pswpin,1553013
1790922728.443,api,0.247
1790922728.443,client,0.059
1790922728.443,enginecore,9.895
1790922728.443,other_total,0.040
1790922728.443,store_0,0.000
1790922728.443,store_1,0.000
1790922728.443,store_2,0.000
1790922728.443,store_3,0.000
1790922728.443,store_4,0.000
1790922728.443,store_5,0.000
1790922728.443,store_6,0.000
1790922728.443,store_7,0.000
1790922728.443,avail_mb,22099
1790922728.443,pswpin,1553013
1790922729.454,api,0.198
1790922729.454,client,0.099
1790922729.454,enginecore,9.024
1790922729.454,other_total,0.040
1790922729.454,store_0,0.000
1790922729.454,store_1,0.000
1790922729.454,store_2,0.000
1790922729.454,store_3,0.000
1790922729.454,store_4,0.000
1790922729.454,store_5,0.000
1790922729.454,store_6,0.000
1790922729.454,store_7,0.000
1790922729.454,avail_mb,22098
1790922729.454,pswpin,1553013
1790922730.466,api,0.227
1790922730.466,client,0.099
1790922730.466,enginecore,10.272
1790922730.466,other_total,0.000
1790922730.466,store_0,0.000
1790922730.466,store_1,0.000
1790922730.466,store_2,0.000
1790922730.466,store_3,0.000
1790922730.466,store_4,0.000
1790922730.466,store_5,0.000
1790922730.466,store_6,0.000
1790922730.466,store_7,0.000
1790922730.466,avail_mb,22096
1790922730.466,pswpin,1553013
1790922731.477,api,0.218
1790922731.477,client,0.109
1790922731.477,enginecore,9.719
1790922731.477,other_total,0.040
1790922731.477,store_0,0.000
1790922731.477,store_1,0.000
1790922731.477,store_2,0.000
1790922731.477,store_3,0.000
1790922731.477,store_4,0.000
1790922731.477,store_5,0.000
1790922731.477,store_6,0.000
1790922731.477,store_7,0.000
1790922731.477,avail_mb,22091
1790922731.477,pswpin,1553013
1790922732.488,api,0.227
1790922732.488,client,0.069
1790922732.488,enginecore,9.020
1790922732.488,other_total,0.020
1790922732.488,store_0,0.000
1790922732.488,store_1,0.000
1790922732.488,store_2,0.000
1790922732.488,store_3,0.000
1790922732.488,store_4,0.000
1790922732.488,store_5,0.000
1790922732.488,store_6,0.000
1790922732.488,store_7,0.000
1790922732.488,avail_mb,22091
1790922732.488,pswpin,1553013
1790922733.498,api,0.208
1790922733.498,client,0.079
1790922733.498,enginecore,9.083
1790922733.498,other_total,0.049
1790922733.498,store_0,0.000
1790922733.498,store_1,0.000
1790922733.498,store_2,0.000
1790922733.498,store_3,0.000
1790922733.498,store_4,0.000
1790922733.498,store_5,0.000
1790922733.498,store_6,0.000
1790922733.498,store_7,0.000
1790922733.498,avail_mb,22089
1790922733.498,pswpin,1553013
1790922734.510,api,0.207
1790922734.510,client,0.109
1790922734.510,enginecore,9.929
1790922734.510,other_total,0.000
1790922734.510,store_0,0.000
1790922734.510,store_1,0.000
1790922734.510,store_2,0.000
1790922734.510,store_3,0.000
1790922734.510,store_4,0.000
1790922734.510,store_5,0.000
1790922734.510,store_6,0.000
1790922734.510,store_7,0.000
1790922734.510,avail_mb,22093
1790922734.510,pswpin,1553013
1790922735.521,api,0.218
1790922735.521,client,0.089
1790922735.521,enginecore,9.057
1790922735.521,other_total,0.020
1790922735.521,store_0,0.000
1790922735.521,store_1,0.000
1790922735.521,store_2,0.000
1790922735.521,store_3,0.000
1790922735.521,store_4,0.000
1790922735.521,store_5,0.000
1790922735.521,store_6,0.000
1790922735.521,store_7,0.000
1790922735.521,avail_mb,22091
1790922735.521,pswpin,1553013
1790922736.531,api,0.208
1790922736.531,client,0.020
1790922736.531,enginecore,7.997
1790922736.531,other_total,0.040
1790922736.531,store_0,0.000
1790922736.531,store_1,0.000
1790922736.531,store_2,0.000
1790922736.531,store_3,0.000
1790922736.531,store_4,0.000
1790922736.531,store_5,0.000
1790922736.531,store_6,0.000
1790922736.531,store_7,0.000
1790922736.531,avail_mb,22090
1790922736.531,pswpin,1553013
1790922737.541,api,0.188
1790922737.541,client,0.079
1790922737.541,enginecore,8.177
1790922737.541,other_total,0.000
1790922737.541,store_0,0.000
1790922737.541,store_1,0.000
1790922737.541,store_2,0.000
1790922737.541,store_3,0.000
1790922737.541,store_4,0.000
1790922737.541,store_5,0.000
1790922737.541,store_6,0.000
1790922737.541,store_7,0.000
1790922737.541,avail_mb,22096
1790922737.541,pswpin,1553013
1790922738.551,api,0.188
1790922738.551,client,0.109
1790922738.551,enginecore,6.692
1790922738.551,other_total,0.000
1790922738.551,store_0,0.000
1790922738.551,store_1,0.000
1790922738.551,store_2,0.000
1790922738.551,store_3,0.000
1790922738.551,store_4,0.000
1790922738.551,store_5,0.000
1790922738.551,store_6,0.000
1790922738.551,store_7,0.000
1790922738.551,avail_mb,22099
1790922738.551,pswpin,1553013
1790922739.564,api,0.217
1790922739.564,client,0.059
1790922739.564,enginecore,8.535
1790922739.564,other_total,0.010
1790922739.564,store_0,0.000
1790922739.564,store_1,0.000
1790922739.564,store_2,0.000
1790922739.564,store_3,0.000
1790922739.564,store_4,0.000
1790922739.564,store_5,0.000
1790922739.564,store_6,0.000
1790922739.564,store_7,0.000
1790922739.564,avail_mb,22098
1790922739.564,pswpin,1553013
1790922740.575,api,0.257
1790922740.575,client,0.099
1790922740.575,enginecore,9.406
1790922740.575,other_total,0.000
1790922740.575,store_0,0.000
1790922740.575,store_1,0.000
1790922740.575,store_2,0.000
1790922740.575,store_3,0.000
1790922740.575,store_4,0.000
1790922740.575,store_5,0.000
1790922740.575,store_6,0.000
1790922740.575,store_7,0.000
1790922740.575,avail_mb,22096
1790922740.575,pswpin,1553013
1790922741.585,api,0.158
1790922741.585,client,0.049
1790922741.585,enginecore,6.206
1790922741.585,other_total,0.030
1790922741.585,store_0,0.000
1790922741.585,store_1,0.000
1790922741.585,store_2,0.000
1790922741.585,store_3,0.000
1790922741.585,store_4,0.000
1790922741.585,store_5,0.000
1790922741.585,store_6,0.000
1790922741.585,store_7,0.000
1790922741.585,avail_mb,22095
1790922741.585,pswpin,1553013
1790922742.595,api,0.158
1790922742.595,client,0.050
1790922742.595,enginecore,5.594
1790922742.595,other_total,0.000
1790922742.595,store_0,0.000
1790922742.595,store_1,0.000
1790922742.595,store_2,0.000
1790922742.595,store_3,0.000
1790922742.595,store_4,0.000
1790922742.595,store_5,0.000
1790922742.595,store_6,0.000
1790922742.595,store_7,0.000
1790922742.595,avail_mb,22094
1790922742.595,pswpin,1553013
1790922743.606,api,0.178
1790922743.606,client,0.059
1790922743.606,enginecore,5.609
1790922743.606,other_total,0.049
1790922743.606,store_0,0.000
1790922743.606,store_1,0.000
1790922743.606,store_2,0.000
1790922743.606,store_3,0.000
1790922743.606,store_4,0.000
1790922743.606,store_5,0.000
1790922743.606,store_6,0.000
1790922743.606,store_7,0.000
1790922743.606,avail_mb,22085
1790922743.606,pswpin,1553013
1790922744.619,api,0.168
1790922744.619,client,0.069
1790922744.619,enginecore,6.774
1790922744.619,other_total,0.000
1790922744.619,store_0,0.000
1790922744.619,store_1,0.000
1790922744.619,store_2,0.000
1790922744.619,store_3,0.000
1790922744.619,store_4,0.000
1790922744.619,store_5,0.000
1790922744.619,store_6,0.000
1790922744.619,store_7,0.000
1790922744.619,avail_mb,22093
1790922744.619,pswpin,1553013
1790922745.630,api,0.218
1790922745.630,client,0.069
1790922745.630,enginecore,8.082
1790922745.630,other_total,0.000
1790922745.630,store_0,0.000
1790922745.630,store_1,0.000
1790922745.630,store_2,0.000
1790922745.630,store_3,0.000
1790922745.630,store_4,0.000
1790922745.630,store_5,0.000
1790922745.630,store_6,0.000
1790922745.630,store_7,0.000
1790922745.630,avail_mb,22092
1790922745.630,pswpin,1553013
1790922746.641,api,0.237
1790922746.641,client,0.069
1790922746.641,enginecore,9.554
1790922746.641,other_total,0.020
1790922746.641,store_0,0.000
1790922746.641,store_1,0.000
1790922746.641,store_2,0.000
1790922746.641,store_3,0.000
1790922746.641,store_4,0.000
1790922746.641,store_5,0.000
1790922746.641,store_6,0.000
1790922746.641,store_7,0.000
1790922746.641,avail_mb,22085
1790922746.641,pswpin,1553013
1790922747.654,api,0.207
1790922747.654,client,0.069
1790922747.654,enginecore,8.890
1790922747.654,other_total,0.148
1790922747.654,store_0,0.000
1790922747.654,store_1,0.000
1790922747.654,store_2,0.000
1790922747.654,store_3,0.000
1790922747.654,store_4,0.000
1790922747.654,store_5,0.000
1790922747.654,store_6,0.000
1790922747.654,store_7,0.000
1790922747.654,avail_mb,22091
1790922747.654,pswpin,1553022
1790922748.665,api,0.168
1790922748.665,client,0.099
1790922748.665,enginecore,5.580
1790922748.665,other_total,0.000
1790922748.665,store_0,0.000
1790922748.665,store_1,0.000
1790922748.665,store_2,0.000
1790922748.665,store_3,0.000
1790922748.665,store_4,0.000
1790922748.665,store_5,0.000
1790922748.665,store_6,0.000
1790922748.665,store_7,0.000
1790922748.665,avail_mb,22090
1790922748.665,pswpin,1553022
1790922749.678,api,0.197
1790922749.678,client,0.049
1790922749.678,enginecore,7.956
1790922749.678,other_total,0.099
1790922749.678,store_0,0.000
1790922749.678,store_1,0.000
1790922749.678,store_2,0.000
1790922749.678,store_3,0.000
1790922749.678,store_4,0.000
1790922749.678,store_5,0.000
1790922749.678,store_6,0.000
1790922749.678,store_7,0.000
1790922749.678,avail_mb,22089
1790922749.678,pswpin,1553022
1790922750.688,api,0.188
1790922750.688,client,0.040
1790922750.688,enginecore,6.404
1790922750.688,other_total,0.000
1790922750.688,store_0,0.000
1790922750.688,store_1,0.000
1790922750.688,store_2,0.000
1790922750.688,store_3,0.000
1790922750.688,store_4,0.000
1790922750.688,store_5,0.000
1790922750.688,store_6,0.000
1790922750.688,store_7,0.000
1790922750.688,avail_mb,22089
1790922750.688,pswpin,1553022
1790922751.699,api,0.168
1790922751.699,client,0.069
1790922751.699,enginecore,8.076
1790922751.699,other_total,0.000
1790922751.699,store_0,0.000
1790922751.699,store_1,0.000
1790922751.699,store_2,0.000
1790922751.699,store_3,0.000
1790922751.699,store_4,0.000
1790922751.699,store_5,0.000
1790922751.699,store_6,0.000
1790922751.699,store_7,0.000
1790922751.699,avail_mb,22088
1790922751.699,pswpin,1553022
1790922752.710,api,0.168
1790922752.710,client,0.059
1790922752.710,enginecore,6.237
1790922752.710,other_total,0.000
1790922752.710,store_0,0.000
1790922752.710,store_1,0.000
1790922752.710,store_2,0.000
1790922752.710,store_3,0.000
1790922752.710,store_4,0.000
1790922752.710,store_5,0.000
1790922752.710,store_6,0.000
1790922752.710,store_7,0.000
1790922752.710,avail_mb,22092
1790922752.710,pswpin,1553022
1790922753.721,api,0.188
1790922753.721,client,0.059
1790922753.721,enginecore,8.568
1790922753.721,other_total,0.000
1790922753.721,store_0,0.000
1790922753.721,store_1,0.000
1790922753.721,store_2,0.000
1790922753.721,store_3,0.000
1790922753.721,store_4,0.000
1790922753.721,store_5,0.000
1790922753.721,store_6,0.000
1790922753.721,store_7,0.000
1790922753.721,avail_mb,22088
1790922753.721,pswpin,1553022
1790922754.732,api,0.228
1790922754.732,client,0.069
1790922754.732,enginecore,8.161
1790922754.732,other_total,0.000
1790922754.732,store_0,0.000
1790922754.732,store_1,0.000
1790922754.732,store_2,0.000
1790922754.732,store_3,0.000
1790922754.732,store_4,0.000
1790922754.732,store_5,0.000
1790922754.732,store_6,0.000
1790922754.732,store_7,0.000
1790922754.732,avail_mb,22092
1790922754.732,pswpin,1553022
1790922755.742,api,0.208
1790922755.742,client,0.059
1790922755.742,enginecore,6.928
1790922755.742,other_total,0.059
1790922755.742,store_0,0.000
1790922755.742,store_1,0.000
1790922755.742,store_2,0.000
1790922755.742,store_3,0.000
1790922755.742,store_4,0.000
1790922755.742,store_5,0.000
1790922755.742,store_6,0.000
1790922755.742,store_7,0.000
1790922755.742,avail_mb,22088
1790922755.742,pswpin,1553022
1790922756.753,api,0.208
1790922756.753,client,0.049
1790922756.753,enginecore,7.261
1790922756.753,other_total,0.010
1790922756.753,store_0,0.000
1790922756.753,store_1,0.000
1790922756.753,store_2,0.000
1790922756.753,store_3,0.000
1790922756.753,store_4,0.000
1790922756.753,store_5,0.000
1790922756.753,store_6,0.000
1790922756.753,store_7,0.000
1790922756.753,avail_mb,22090
1790922756.753,pswpin,1553022
1790922757.764,api,0.188
1790922757.764,client,0.109
1790922757.764,enginecore,9.333
1790922757.764,other_total,0.000
1790922757.764,store_0,0.000
1790922757.764,store_1,0.000
1790922757.764,store_2,0.000
1790922757.764,store_3,0.000
1790922757.764,store_4,0.000
1790922757.764,store_5,0.000
1790922757.764,store_6,0.000
1790922757.764,store_7,0.000
1790922757.764,avail_mb,22090
1790922757.764,pswpin,1553022
1790922758.775,api,0.208
1790922758.775,client,0.049
1790922758.775,enginecore,6.725
1790922758.775,other_total,0.000
1790922758.775,store_0,0.000
1790922758.775,store_1,0.000
1790922758.775,store_2,0.000
1790922758.775,store_3,0.000
1790922758.775,store_4,0.000
1790922758.775,store_5,0.000
1790922758.775,store_6,0.000
1790922758.775,store_7,0.000
1790922758.775,avail_mb,22087
1790922758.775,pswpin,1553022
1790922759.785,api,0.198
1790922759.785,client,0.069
1790922759.785,enginecore,6.870
1790922759.785,other_total,0.000
1790922759.785,store_0,0.000
1790922759.785,store_1,0.000
1790922759.785,store_2,0.000
1790922759.785,store_3,0.000
1790922759.785,store_4,0.000
1790922759.785,store_5,0.000
1790922759.785,store_6,0.000
1790922759.785,store_7,0.000
1790922759.785,avail_mb,22086
1790922759.785,pswpin,1553022
1790922760.796,api,0.129
1790922760.796,client,0.030
1790922760.796,enginecore,3.265
1790922760.796,other_total,0.000
1790922760.796,store_0,0.000
1790922760.796,store_1,0.000
1790922760.796,store_2,0.000
1790922760.796,store_3,0.000
1790922760.796,store_4,0.000
1790922760.796,store_5,0.000
1790922760.796,store_6,0.000
1790922760.796,store_7,0.000
1790922760.796,avail_mb,22086
1790922760.796,pswpin,1553022
1790922761.806,api,0.168
1790922761.806,client,0.049
1790922761.806,enginecore,5.979
1790922761.806,other_total,0.069
1790922761.806,store_0,0.000
1790922761.806,store_1,0.000
1790922761.806,store_2,0.000
1790922761.806,store_3,0.000
1790922761.806,store_4,0.000
1790922761.806,store_5,0.000
1790922761.806,store_6,0.000
1790922761.806,store_7,0.000
1790922761.806,avail_mb,22084
1790922761.806,pswpin,1553022
1790922762.816,api,0.198
1790922762.816,client,0.069
1790922762.816,enginecore,6.237
1790922762.816,other_total,0.000
1790922762.816,store_0,0.000
1790922762.816,store_1,0.000
1790922762.816,store_2,0.000
1790922762.816,store_3,0.000
1790922762.816,store_4,0.000
1790922762.816,store_5,0.000
1790922762.816,store_6,0.000
1790922762.816,store_7,0.000
1790922762.816,avail_mb,22086
1790922762.816,pswpin,1553022
1790922763.826,api,0.198
1790922763.826,client,0.050
1790922763.826,enginecore,7.990
1790922763.826,other_total,0.099
1790922763.826,store_0,0.000
1790922763.826,store_1,0.000
1790922763.826,store_2,0.000
1790922763.826,store_3,0.000
1790922763.826,store_4,0.000
1790922763.826,store_5,0.000
1790922763.826,store_6,0.000
1790922763.826,store_7,0.000
1790922763.826,avail_mb,22088
1790922763.826,pswpin,1553022
1790922764.839,api,0.188
1790922764.839,client,0.079
1790922764.839,enginecore,7.926
1790922764.839,other_total,0.000
1790922764.839,store_0,0.000
1790922764.839,store_1,0.000
1790922764.839,store_2,0.000
1790922764.839,store_3,0.000
1790922764.839,store_4,0.000
1790922764.839,store_5,0.000
1790922764.839,store_6,0.000
1790922764.839,store_7,0.000
1790922764.839,avail_mb,22083
1790922764.839,pswpin,1553022
1790922765.851,api,0.217
1790922765.851,client,0.049
1790922765.851,enginecore,7.315
1790922765.851,other_total,0.059
1790922765.851,store_0,0.000
1790922765.851,store_1,0.000
1790922765.851,store_2,0.000
1790922765.851,store_3,0.000
1790922765.851,store_4,0.000
1790922765.851,store_5,0.000
1790922765.851,store_6,0.000
1790922765.851,store_7,0.000
1790922765.851,avail_mb,22089
1790922765.851,pswpin,1553022
1790922766.862,api,0.267
1790922766.862,client,0.099
1790922766.862,enginecore,10.388
1790922766.862,other_total,0.000
1790922766.862,store_0,0.000
1790922766.862,store_1,0.000
1790922766.862,store_2,0.000
1790922766.862,store_3,0.000
1790922766.862,store_4,0.000
1790922766.862,store_5,0.000
1790922766.862,store_6,0.000
1790922766.862,store_7,0.000
1790922766.862,avail_mb,22094
1790922766.862,pswpin,1553022
1790922767.872,api,0.228
1790922767.872,client,0.079
1790922767.872,enginecore,9.651
1790922767.872,other_total,0.020
1790922767.872,store_0,0.000
1790922767.872,store_1,0.000
1790922767.872,store_2,0.000
1790922767.872,store_3,0.000
1790922767.872,store_4,0.000
1790922767.872,store_5,0.000
1790922767.872,store_6,0.000
1790922767.872,store_7,0.000
1790922767.872,avail_mb,22087
1790922767.872,pswpin,1553022
1790922768.883,api,0.208
1790922768.883,client,0.049
1790922768.883,enginecore,7.755
1790922768.883,other_total,0.020
1790922768.883,store_0,0.000
1790922768.883,store_1,0.000
1790922768.883,store_2,0.000
1790922768.883,store_3,0.000
1790922768.883,store_4,0.000
1790922768.883,store_5,0.000
1790922768.883,store_6,0.000
1790922768.883,store_7,0.000
1790922768.883,avail_mb,22087
1790922768.883,pswpin,1553022
1790922769.894,api,0.198
1790922769.894,client,0.069
1790922769.894,enginecore,8.130
1790922769.894,other_total,0.000
1790922769.894,store_0,0.000
1790922769.894,store_1,0.000
1790922769.894,store_2,0.000
1790922769.894,store_3,0.000
1790922769.894,store_4,0.000
1790922769.894,store_5,0.000
1790922769.894,store_6,0.000
1790922769.894,store_7,0.000
1790922769.894,avail_mb,22087
1790922769.894,pswpin,1553022
1790922770.906,api,0.207
1790922770.906,client,0.049
1790922770.906,enginecore,8.092
1790922770.906,other_total,0.000
1790922770.906,store_0,0.000
1790922770.906,store_1,0.000
1790922770.906,store_2,0.000
1790922770.906,store_3,0.000
1790922770.906,store_4,0.000
1790922770.906,store_5,0.000
1790922770.906,store_6,0.000
1790922770.906,store_7,0.000
1790922770.906,avail_mb,22078
1790922770.906,pswpin,1553022
1790922771.918,api,0.208
1790922771.918,client,0.099
1790922771.918,enginecore,8.666
1790922771.918,other_total,0.000
1790922771.918,store_0,0.000
1790922771.918,store_1,0.000
1790922771.918,store_2,0.000
1790922771.918,store_3,0.000
1790922771.918,store_4,0.000
1790922771.918,store_5,0.000
1790922771.918,store_6,0.000
1790922771.918,store_7,0.000
1790922771.918,avail_mb,22081
1790922771.918,pswpin,1553022
1790922772.928,api,0.168
1790922772.928,client,0.059
1790922772.928,enginecore,6.662
1790922772.928,other_total,0.000
1790922772.928,store_0,0.000
1790922772.928,store_1,0.000
1790922772.928,store_2,0.000
1790922772.928,store_3,0.000
1790922772.928,store_4,0.000
1790922772.928,store_5,0.000
1790922772.928,store_6,0.000
1790922772.928,store_7,0.000
1790922772.928,avail_mb,22080
1790922772.928,pswpin,1553022
1790922773.940,api,0.188
1790922773.940,client,0.049
1790922773.940,enginecore,5.397
1790922773.940,other_total,0.040
1790922773.940,store_0,0.000
1790922773.940,store_1,0.000
1790922773.940,store_2,0.000
1790922773.940,store_3,0.000
1790922773.940,store_4,0.000
1790922773.940,store_5,0.000
1790922773.940,store_6,0.000
1790922773.940,store_7,0.000
1790922773.940,avail_mb,22076
1790922773.940,pswpin,1553022
1790922774.952,api,0.168
1790922774.952,client,0.049
1790922774.952,enginecore,6.078
1790922774.952,other_total,0.030
1790922774.952,store_0,0.000
1790922774.952,store_1,0.000
1790922774.952,store_2,0.000
1790922774.952,store_3,0.000
1790922774.952,store_4,0.000
1790922774.952,store_5,0.000
1790922774.952,store_6,0.000
1790922774.952,store_7,0.000
1790922774.952,avail_mb,22078
1790922774.952,pswpin,1553022
1790922775.965,api,0.237
1790922775.965,client,0.079
1790922775.965,enginecore,6.443
1790922775.965,other_total,0.030
1790922775.965,store_0,0.000
1790922775.965,store_1,0.000
1790922775.965,store_2,0.000
1790922775.965,store_3,0.000
1790922775.965,store_4,0.000
1790922775.965,store_5,0.000
1790922775.965,store_6,0.000
1790922775.965,store_7,0.000
1790922775.965,avail_mb,22078
1790922775.965,pswpin,1553022
1790922776.975,api,0.188
1790922776.975,client,0.059
1790922776.975,enginecore,6.523
1790922776.975,other_total,0.000
1790922776.975,store_0,0.000
1790922776.975,store_1,0.000
1790922776.975,store_2,0.000
1790922776.975,store_3,0.000
1790922776.975,store_4,0.000
1790922776.975,store_5,0.000
1790922776.975,store_6,0.000
1790922776.975,store_7,0.000
1790922776.975,avail_mb,22073
1790922776.975,pswpin,1553022
1790922777.986,api,0.129
1790922777.986,client,0.049
1790922777.986,enginecore,5.225
1790922777.986,other_total,0.049
1790922777.986,store_0,0.000
1790922777.986,store_1,0.000
1790922777.986,store_2,0.000
1790922777.986,store_3,0.000
1790922777.986,store_4,0.000
1790922777.986,store_5,0.000
1790922777.986,store_6,0.000
1790922777.986,store_7,0.000
1790922777.986,avail_mb,22079
1790922777.986,pswpin,1553022
1790922778.998,api,0.168
1790922778.998,client,0.049
1790922778.998,enginecore,8.059
1790922778.998,other_total,0.000
1790922778.998,store_0,0.000
1790922778.998,store_1,0.000
1790922778.998,store_2,0.000
1790922778.998,store_3,0.000
1790922778.998,store_4,0.000
1790922778.998,store_5,0.000
1790922778.998,store_6,0.000
1790922778.998,store_7,0.000
1790922778.998,avail_mb,22079
1790922778.998,pswpin,1553022
1790922780.009,api,0.237
1790922780.009,client,0.069
1790922780.009,enginecore,8.221
1790922780.009,other_total,0.040
1790922780.009,store_0,0.000
1790922780.009,store_1,0.000
1790922780.009,store_2,0.000
1790922780.009,store_3,0.000
1790922780.009,store_4,0.000
1790922780.009,store_5,0.000
1790922780.009,store_6,0.000
1790922780.009,store_7,0.000
1790922780.009,avail_mb,22073
1790922780.009,pswpin,1553022
1790922781.019,api,0.158
1790922781.019,client,0.049
1790922781.019,enginecore,7.088
1790922781.019,other_total,0.000
1790922781.019,store_0,0.000
1790922781.019,store_1,0.000
1790922781.019,store_2,0.000
1790922781.019,store_3,0.000
1790922781.019,store_4,0.000
1790922781.019,store_5,0.000
1790922781.019,store_6,0.000
1790922781.019,store_7,0.000
1790922781.019,avail_mb,22072
1790922781.019,pswpin,1553022
1790922782.030,api,0.218
1790922782.030,client,0.079
1790922782.030,enginecore,8.765
1790922782.030,other_total,0.000
1790922782.030,store_0,0.000
1790922782.030,store_1,0.000
1790922782.030,store_2,0.000
1790922782.030,store_3,0.000
1790922782.030,store_4,0.000
1790922782.030,store_5,0.000
1790922782.030,store_6,0.000
1790922782.030,store_7,0.000
1790922782.030,avail_mb,22072
1790922782.030,pswpin,1553022
1790922783.041,api,0.208
1790922783.041,client,0.059
1790922783.041,enginecore,8.805
1790922783.041,other_total,0.030
1790922783.041,store_0,0.000
1790922783.041,store_1,0.000
1790922783.041,store_2,0.000
1790922783.041,store_3,0.000
1790922783.041,store_4,0.000
1790922783.041,store_5,0.000
1790922783.041,store_6,0.000
1790922783.041,store_7,0.000
1790922783.041,avail_mb,22070
1790922783.041,pswpin,1553022
1790922784.051,api,0.208
1790922784.051,client,0.079
1790922784.051,enginecore,8.919
1790922784.051,other_total,0.010
1790922784.051,store_0,0.000
1790922784.051,store_1,0.000
1790922784.051,store_2,0.000
1790922784.051,store_3,0.000
1790922784.051,store_4,0.000
1790922784.051,store_5,0.000
1790922784.051,store_6,0.000
1790922784.051,store_7,0.000
1790922784.051,avail_mb,22079
1790922784.051,pswpin,1553022
1790922785.062,api,0.237
1790922785.062,client,0.049
1790922785.062,enginecore,10.021
1790922785.062,other_total,0.049
1790922785.062,store_0,0.000
1790922785.062,store_1,0.000
1790922785.062,store_2,0.000
1790922785.062,store_3,0.000
1790922785.062,store_4,0.000
1790922785.062,store_5,0.000
1790922785.062,store_6,0.000
1790922785.062,store_7,0.000
1790922785.062,avail_mb,22079
1790922785.062,pswpin,1553022
1790922786.072,api,0.188
1790922786.072,client,0.059
1790922786.072,enginecore,6.050
1790922786.072,other_total,0.010
1790922786.072,store_0,0.000
1790922786.072,store_1,0.000
1790922786.072,store_2,0.000
1790922786.072,store_3,0.000
1790922786.072,store_4,0.000
1790922786.072,store_5,0.000
1790922786.072,store_6,0.000
1790922786.072,store_7,0.000
1790922786.072,avail_mb,22074
1790922786.072,pswpin,1553022
1790922787.082,api,0.109
1790922787.082,client,0.040
1790922787.082,enginecore,3.456
1790922787.082,other_total,0.000
1790922787.082,store_0,0.000
1790922787.082,store_1,0.000
1790922787.082,store_2,0.000
1790922787.082,store_3,0.000
1790922787.082,store_4,0.000
1790922787.082,store_5,0.000
1790922787.082,store_6,0.000
1790922787.082,store_7,0.000
1790922787.082,avail_mb,22079
1790922787.082,pswpin,1553022
1790922788.097,api,0.148
1790922788.097,client,0.049
1790922788.097,enginecore,5.961
1790922788.097,other_total,0.099
1790922788.097,store_0,0.000
1790922788.097,store_1,0.000
1790922788.097,store_2,0.000
1790922788.097,store_3,0.000
1790922788.097,store_4,0.000
1790922788.097,store_5,0.000
1790922788.097,store_6,0.000
1790922788.097,store_7,0.000
1790922788.097,avail_mb,22083
1790922788.097,pswpin,1553022
1790922789.107,api,0.208
1790922789.107,client,0.059
1790922789.107,enginecore,9.253
1790922789.107,other_total,0.020
1790922789.107,store_0,0.000
1790922789.107,store_1,0.000
1790922789.107,store_2,0.000
1790922789.107,store_3,0.000
1790922789.107,store_4,0.000
1790922789.107,store_5,0.000
1790922789.107,store_6,0.000
1790922789.107,store_7,0.000
1790922789.107,avail_mb,22083
1790922789.107,pswpin,1553022
1790922790.120,api,0.217
1790922790.120,client,0.079
1790922790.120,enginecore,8.244
1790922790.120,other_total,0.020
1790922790.120,store_0,0.000
1790922790.120,store_1,0.000
1790922790.120,store_2,0.000
1790922790.120,store_3,0.000
1790922790.120,store_4,0.000
1790922790.120,store_5,0.000
1790922790.120,store_6,0.000
1790922790.120,store_7,0.000
1790922790.120,avail_mb,22083
1790922790.120,pswpin,1553022
1790922791.130,api,0.228
1790922791.130,client,0.069
1790922791.130,enginecore,8.148
1790922791.130,other_total,0.000
1790922791.130,store_0,0.000
1790922791.130,store_1,0.000
1790922791.130,store_2,0.000
1790922791.130,store_3,0.000
1790922791.130,store_4,0.000
1790922791.130,store_5,0.000
1790922791.130,store_6,0.000
1790922791.130,store_7,0.000
1790922791.130,avail_mb,22082
1790922791.130,pswpin,1553022
1790922792.140,api,0.158
1790922792.140,client,0.059
1790922792.140,enginecore,6.483
1790922792.140,other_total,0.040
1790922792.140,store_0,0.000
1790922792.140,store_1,0.000
1790922792.140,store_2,0.000
1790922792.140,store_3,0.000
1790922792.140,store_4,0.000
1790922792.140,store_5,0.000
1790922792.140,store_6,0.000
1790922792.140,store_7,0.000
1790922792.140,avail_mb,22084
1790922792.140,pswpin,1553022
1790922793.152,api,0.208
1790922793.152,client,0.049
1790922793.152,enginecore,6.998
1790922793.152,other_total,0.000
1790922793.152,store_0,0.000
1790922793.152,store_1,0.000
1790922793.152,store_2,0.000
1790922793.152,store_3,0.000
1790922793.152,store_4,0.000
1790922793.152,store_5,0.000
1790922793.152,store_6,0.000
1790922793.152,store_7,0.000
1790922793.152,avail_mb,22089
1790922793.152,pswpin,1553022
1790922794.162,api,0.178
1790922794.162,client,0.059
1790922794.162,enginecore,8.911
1790922794.162,other_total,0.010
1790922794.162,store_0,0.000
1790922794.162,store_1,0.000
1790922794.162,store_2,0.000
1790922794.162,store_3,0.000
1790922794.162,store_4,0.000
1790922794.162,store_5,0.000
1790922794.162,store_6,0.000
1790922794.162,store_7,0.000
1790922794.162,avail_mb,22086
1790922794.162,pswpin,1553022
1790922795.173,api,0.247
1790922795.173,client,0.069
1790922795.173,enginecore,9.281
1790922795.173,other_total,0.000
1790922795.173,store_0,0.000
1790922795.173,store_1,0.000
1790922795.173,store_2,0.000
1790922795.173,store_3,0.000
1790922795.173,store_4,0.000
1790922795.173,store_5,0.000
1790922795.173,store_6,0.000
1790922795.173,store_7,0.000
1790922795.173,avail_mb,22077
1790922795.173,pswpin,1553022
1790922796.186,api,0.217
1790922796.186,client,0.059
1790922796.186,enginecore,8.397
1790922796.186,other_total,0.000
1790922796.186,store_0,0.000
1790922796.186,store_1,0.000
1790922796.186,store_2,0.000
1790922796.186,store_3,0.000
1790922796.186,store_4,0.000
1790922796.186,store_5,0.000
1790922796.186,store_6,0.000
1790922796.186,store_7,0.000
1790922796.186,avail_mb,22077
1790922796.186,pswpin,1553022
1790922797.197,api,0.198
1790922797.197,client,0.069
1790922797.197,enginecore,7.233
1790922797.197,other_total,0.000
1790922797.197,store_0,0.000
1790922797.197,store_1,0.000
1790922797.197,store_2,0.000
1790922797.197,store_3,0.000
1790922797.197,store_4,0.000
1790922797.197,store_5,0.000
1790922797.197,store_6,0.000
1790922797.197,store_7,0.000
1790922797.197,avail_mb,22076
1790922797.197,pswpin,1553022
1790922798.210,api,0.178
1790922798.210,client,0.059
1790922798.210,enginecore,7.630
1790922798.210,other_total,0.030
1790922798.210,store_0,0.000
1790922798.210,store_1,0.000
1790922798.210,store_2,0.000
1790922798.210,store_3,0.000
1790922798.210,store_4,0.000
1790922798.210,store_5,0.000
1790922798.210,store_6,0.000
1790922798.210,store_7,0.000
1790922798.210,avail_mb,22073
1790922798.210,pswpin,1553022
1790922799.221,api,0.228
1790922799.221,client,0.099
1790922799.221,enginecore,9.674
1790922799.221,other_total,0.000
1790922799.221,store_0,0.000
1790922799.221,store_1,0.000
1790922799.221,store_2,0.000
1790922799.221,store_3,0.000
1790922799.221,store_4,0.000
1790922799.221,store_5,0.000
1790922799.221,store_6,0.000
1790922799.221,store_7,0.000
1790922799.221,avail_mb,22072
1790922799.221,pswpin,1553022
1790922800.232,api,0.208
1790922800.232,client,0.040
1790922800.232,enginecore,8.119
1790922800.232,other_total,0.030
1790922800.232,store_0,0.000
1790922800.232,store_1,0.000
1790922800.232,store_2,0.000
1790922800.232,store_3,0.000
1790922800.232,store_4,0.000
1790922800.232,store_5,0.000
1790922800.232,store_6,0.000
1790922800.232,store_7,0.000
1790922800.232,avail_mb,22074
1790922800.232,pswpin,1553022
1790922801.242,api,0.178
1790922801.242,client,0.069
1790922801.242,enginecore,5.633
1790922801.242,other_total,0.000
1790922801.242,store_0,0.000
1790922801.242,store_1,0.000
1790922801.242,store_2,0.000
1790922801.242,store_3,0.000
1790922801.242,store_4,0.000
1790922801.242,store_5,0.000
1790922801.242,store_6,0.000
1790922801.242,store_7,0.000
1790922801.242,avail_mb,22072
1790922801.242,pswpin,1553022
1790922802.255,api,0.158
1790922802.255,client,0.039
1790922802.255,enginecore,4.343
1790922802.255,other_total,0.000
1790922802.255,store_0,0.000
1790922802.255,store_1,0.000
1790922802.255,store_2,0.000
1790922802.255,store_3,0.000
1790922802.255,store_4,0.000
1790922802.255,store_5,0.000
1790922802.255,store_6,0.000
1790922802.255,store_7,0.000
1790922802.255,avail_mb,22076
1790922802.255,pswpin,1553022
1790922803.267,api,0.188
1790922803.267,client,0.059
1790922803.267,enginecore,8.102
1790922803.267,other_total,0.000
1790922803.267,store_0,0.000
1790922803.267,store_1,0.000
1790922803.267,store_2,0.000
1790922803.267,store_3,0.000
1790922803.267,store_4,0.000
1790922803.267,store_5,0.000
1790922803.267,store_6,0.000
1790922803.267,store_7,0.000
1790922803.267,avail_mb,22077
1790922803.267,pswpin,1553022
1790922804.277,api,0.188
1790922804.277,client,0.040
1790922804.277,enginecore,7.752
1790922804.277,other_total,0.000
1790922804.277,store_0,0.000
1790922804.277,store_1,0.000
1790922804.277,store_2,0.000
1790922804.277,store_3,0.000
1790922804.277,store_4,0.000
1790922804.277,store_5,0.000
1790922804.277,store_6,0.000
1790922804.277,store_7,0.000
1790922804.277,avail_mb,22076
1790922804.277,pswpin,1553022
1790922805.290,api,0.237
1790922805.290,client,0.089
1790922805.290,enginecore,10.264
1790922805.290,other_total,0.000
1790922805.290,store_0,0.000
1790922805.290,store_1,0.000
1790922805.290,store_2,0.000
1790922805.290,store_3,0.000
1790922805.290,store_4,0.000
1790922805.290,store_5,0.000
1790922805.290,store_6,0.000
1790922805.290,store_7,0.000
1790922805.290,avail_mb,22076
1790922805.290,pswpin,1553022
1790922806.301,api,0.208
1790922806.301,client,0.079
1790922806.301,enginecore,9.238
1790922806.301,other_total,0.000
1790922806.301,store_0,0.000
1790922806.301,store_1,0.000
1790922806.301,store_2,0.000
1790922806.301,store_3,0.000
1790922806.301,store_4,0.000
1790922806.301,store_5,0.000
1790922806.301,store_6,0.000
1790922806.301,store_7,0.000
1790922806.301,avail_mb,22078
1790922806.301,pswpin,1553022
1790922807.312,api,0.198
1790922807.312,client,0.059
1790922807.312,enginecore,9.395
1790922807.312,other_total,0.020
1790922807.312,store_0,0.000
1790922807.312,store_1,0.000
1790922807.312,store_2,0.000
1790922807.312,store_3,0.000
1790922807.312,store_4,0.000
1790922807.312,store_5,0.000
1790922807.312,store_6,0.000
1790922807.312,store_7,0.000
1790922807.312,avail_mb,22077
1790922807.312,pswpin,1553027
1790922808.322,api,0.218
1790922808.322,client,0.089
1790922808.322,enginecore,8.590
1790922808.322,other_total,0.000
1790922808.322,store_0,0.000
1790922808.322,store_1,0.000
1790922808.322,store_2,0.000
1790922808.322,store_3,0.000
1790922808.322,store_4,0.000
1790922808.322,store_5,0.000
1790922808.322,store_6,0.000
1790922808.322,store_7,0.000
1790922808.322,avail_mb,22074
1790922808.322,pswpin,1553027
1790922809.333,api,0.198
1790922809.333,client,0.040
1790922809.333,enginecore,7.235
1790922809.333,other_total,0.000
1790922809.333,store_0,0.000
1790922809.333,store_1,0.000
1790922809.333,store_2,0.000
1790922809.333,store_3,0.000
1790922809.333,store_4,0.000
1790922809.333,store_5,0.000
1790922809.333,store_6,0.000
1790922809.333,store_7,0.000
1790922809.333,avail_mb,22075
1790922809.333,pswpin,1553027
1790922810.343,api,0.208
1790922810.343,client,0.069
1790922810.343,enginecore,8.504
1790922810.343,other_total,0.000
1790922810.343,store_0,0.000
1790922810.343,store_1,0.000
1790922810.343,store_2,0.000
1790922810.343,store_3,0.000
1790922810.343,store_4,0.000
1790922810.343,store_5,0.000
1790922810.343,store_6,0.000
1790922810.343,store_7,0.000
1790922810.343,avail_mb,22070
1790922810.343,pswpin,1553027
1790922811.353,api,0.208
1790922811.353,client,0.049
1790922811.353,enginecore,8.352
1790922811.353,other_total,0.000
1790922811.353,store_0,0.000
1790922811.353,store_1,0.000
1790922811.353,store_2,0.000
1790922811.353,store_3,0.000
1790922811.353,store_4,0.000
1790922811.353,store_5,0.000
1790922811.353,store_6,0.000
1790922811.353,store_7,0.000
1790922811.353,avail_mb,22074
1790922811.353,pswpin,1553027
1790922812.364,api,0.188
1790922812.364,client,0.079
1790922812.364,enginecore,8.922
1790922812.364,other_total,0.079
1790922812.364,store_0,0.000
1790922812.364,store_1,0.000
1790922812.364,store_2,0.000
1790922812.364,store_3,0.000
1790922812.364,store_4,0.000
1790922812.364,store_5,0.000
1790922812.364,store_6,0.000
1790922812.364,store_7,0.000
1790922812.364,avail_mb,22073
1790922812.364,pswpin,1553027
1790922813.378,api,0.247
1790922813.378,client,0.079
1790922813.378,enginecore,9.776
1790922813.378,other_total,0.000
1790922813.378,store_0,0.000
1790922813.378,store_1,0.000
1790922813.378,store_2,0.000
1790922813.378,store_3,0.000
1790922813.378,store_4,0.000
1790922813.378,store_5,0.000
1790922813.378,store_6,0.000
1790922813.378,store_7,0.000
1790922813.378,avail_mb,22066
1790922813.378,pswpin,1553027
1790922814.388,api,0.188
1790922814.388,client,0.069
1790922814.388,enginecore,8.109
1790922814.388,other_total,0.000
1790922814.388,store_0,0.000
1790922814.388,store_1,0.000
1790922814.388,store_2,0.000
1790922814.388,store_3,0.000
1790922814.388,store_4,0.000
1790922814.388,store_5,0.000
1790922814.388,store_6,0.000
1790922814.388,store_7,0.000
1790922814.388,avail_mb,22066
1790922814.388,pswpin,1553027
1790922815.399,api,0.227
1790922815.399,client,0.079
1790922815.399,enginecore,8.890
1790922815.399,other_total,0.000
1790922815.399,store_0,0.000
1790922815.399,store_1,0.000
1790922815.399,store_2,0.000
1790922815.399,store_3,0.000
1790922815.399,store_4,0.000
1790922815.399,store_5,0.000
1790922815.399,store_6,0.000
1790922815.399,store_7,0.000
1790922815.399,avail_mb,22067
1790922815.399,pswpin,1553027
1790922816.411,api,0.208
1790922816.411,client,0.049
1790922816.411,enginecore,9.283
1790922816.411,other_total,0.109
1790922816.411,store_0,0.000
1790922816.411,store_1,0.000
1790922816.411,store_2,0.000
1790922816.411,store_3,0.000
1790922816.411,store_4,0.000
1790922816.411,store_5,0.000
1790922816.411,store_6,0.000
1790922816.411,store_7,0.000
1790922816.411,avail_mb,22071
1790922816.411,pswpin,1553027
1790922817.422,api,0.178
1790922817.422,client,0.069
1790922817.422,enginecore,7.755
1790922817.422,other_total,0.000
1790922817.422,store_0,0.000
1790922817.422,store_1,0.000
1790922817.422,store_2,0.000
1790922817.422,store_3,0.000
1790922817.422,store_4,0.000
1790922817.422,store_5,0.000
1790922817.422,store_6,0.000
1790922817.422,store_7,0.000
1790922817.422,avail_mb,22074
1790922817.422,pswpin,1553027
1790922818.432,api,0.208
1790922818.432,client,0.079
1790922818.432,enginecore,6.900
1790922818.432,other_total,0.000
1790922818.432,store_0,0.000
1790922818.432,store_1,0.000
1790922818.432,store_2,0.000
1790922818.432,store_3,0.000
1790922818.432,store_4,0.000
1790922818.432,store_5,0.000
1790922818.432,store_6,0.000
1790922818.432,store_7,0.000
1790922818.432,avail_mb,22074
1790922818.432,pswpin,1553027
1790922819.442,api,0.198
1790922819.442,client,0.049
1790922819.442,enginecore,8.038
1790922819.442,other_total,0.030
1790922819.442,store_0,0.000
1790922819.442,store_1,0.000
1790922819.442,store_2,0.000
1790922819.442,store_3,0.000
1790922819.442,store_4,0.000
1790922819.442,store_5,0.000
1790922819.442,store_6,0.000
1790922819.442,store_7,0.000
1790922819.442,avail_mb,22065
1790922819.442,pswpin,1553027
1790922820.453,api,0.218
1790922820.453,client,0.059
1790922820.453,enginecore,9.611
1790922820.453,other_total,0.000
1790922820.453,store_0,0.000
1790922820.453,store_1,0.000
1790922820.453,store_2,0.000
1790922820.453,store_3,0.000
1790922820.453,store_4,0.000
1790922820.453,store_5,0.000
1790922820.453,store_6,0.000
1790922820.453,store_7,0.000
1790922820.453,avail_mb,22063
1790922820.453,pswpin,1553027
1790922821.464,api,0.218
1790922821.464,client,0.079
1790922821.464,enginecore,9.706
1790922821.464,other_total,0.049
1790922821.464,store_0,0.000
1790922821.464,store_1,0.000
1790922821.464,store_2,0.000
1790922821.464,store_3,0.000
1790922821.464,store_4,0.000
1790922821.464,store_5,0.000
1790922821.464,store_6,0.000
1790922821.464,store_7,0.000
1790922821.464,avail_mb,22063
1790922821.464,pswpin,1553027
1790922822.475,api,0.178
1790922822.475,client,0.079
1790922822.475,enginecore,6.767
1790922822.475,other_total,0.000
1790922822.475,store_0,0.000
1790922822.475,store_1,0.000
1790922822.475,store_2,0.000
1790922822.475,store_3,0.000
1790922822.475,store_4,0.000
1790922822.475,store_5,0.000
1790922822.475,store_6,0.000
1790922822.475,store_7,0.000
1790922822.475,avail_mb,22062
1790922822.475,pswpin,1553027
1790922823.485,api,0.178
1790922823.485,client,0.069
1790922823.485,enginecore,8.481
1790922823.485,other_total,0.000
1790922823.485,store_0,0.000
1790922823.485,store_1,0.000
1790922823.485,store_2,0.000
1790922823.485,store_3,0.000
1790922823.485,store_4,0.000
1790922823.485,store_5,0.000
1790922823.485,store_6,0.000
1790922823.485,store_7,0.000
1790922823.485,avail_mb,22062
1790922823.485,pswpin,1553027
1790922824.495,api,0.228
1790922824.495,client,0.050
1790922824.495,enginecore,9.148
1790922824.495,other_total,0.000
1790922824.495,store_0,0.000
1790922824.495,store_1,0.000
1790922824.495,store_2,0.000
1790922824.495,store_3,0.000
1790922824.495,store_4,0.000
1790922824.495,store_5,0.000
1790922824.495,store_6,0.000
1790922824.495,store_7,0.000
1790922824.495,avail_mb,22063
1790922824.495,pswpin,1553027
1790922825.509,api,0.187
1790922825.509,client,0.069
1790922825.509,enginecore,8.416
1790922825.509,other_total,0.000
1790922825.509,store_0,0.000
1790922825.509,store_1,0.000
1790922825.509,store_2,0.000
1790922825.509,store_3,0.000
1790922825.509,store_4,0.000
1790922825.509,store_5,0.000
1790922825.509,store_6,0.000
1790922825.509,store_7,0.000
1790922825.509,avail_mb,22059
1790922825.509,pswpin,1553027
1790922826.520,api,0.227
1790922826.520,client,0.069
1790922826.520,enginecore,8.107
1790922826.520,other_total,0.000
1790922826.520,store_0,0.000
1790922826.520,store_1,0.000
1790922826.520,store_2,0.000
1790922826.520,store_3,0.000
1790922826.520,store_4,0.000
1790922826.520,store_5,0.000
1790922826.520,store_6,0.000
1790922826.520,store_7,0.000
1790922826.520,avail_mb,22064
1790922826.520,pswpin,1553028
1790922827.531,api,0.228
1790922827.531,client,0.069
1790922827.531,enginecore,9.004
1790922827.531,other_total,0.059
1790922827.531,store_0,0.000
1790922827.531,store_1,0.000
1790922827.531,store_2,0.000
1790922827.531,store_3,0.000
1790922827.531,store_4,0.000
1790922827.531,store_5,0.000
1790922827.531,store_6,0.000
1790922827.531,store_7,0.000
1790922827.531,avail_mb,22065
1790922827.531,pswpin,1553028
1790922828.542,api,0.237
1790922828.542,client,0.079
1790922828.542,enginecore,9.526
1790922828.542,other_total,0.208
1790922828.542,store_0,0.000
1790922828.542,store_1,0.000
1790922828.542,store_2,0.000
1790922828.542,store_3,0.000
1790922828.542,store_4,0.000
1790922828.542,store_5,0.000
1790922828.542,store_6,0.000
1790922828.542,store_7,0.000
1790922828.542,avail_mb,22073
1790922828.542,pswpin,1553028
1790922829.552,api,0.238
1790922829.552,client,0.069
1790922829.552,enginecore,10.095
1790922829.552,other_total,0.000
1790922829.552,store_0,0.000
1790922829.552,store_1,0.000
1790922829.552,store_2,0.000
1790922829.552,store_3,0.000
1790922829.552,store_4,0.000
1790922829.552,store_5,0.000
1790922829.552,store_6,0.000
1790922829.552,store_7,0.000
1790922829.552,avail_mb,22117
1790922829.552,pswpin,1553030
1790922830.562,api,0.218
1790922830.562,client,0.069
1790922830.562,enginecore,8.486
1790922830.562,other_total,0.000
1790922830.562,store_0,0.000
1790922830.562,store_1,0.000
1790922830.562,store_2,0.000
1790922830.562,store_3,0.000
1790922830.562,store_4,0.000
1790922830.562,store_5,0.000
1790922830.562,store_6,0.000
1790922830.562,store_7,0.000
1790922830.562,avail_mb,22120
1790922830.562,pswpin,1553030
1790922831.572,api,0.178
1790922831.572,client,0.040
1790922831.572,enginecore,5.051
1790922831.572,other_total,0.020
1790922831.572,store_0,0.000
1790922831.572,store_1,0.000
1790922831.572,store_2,0.000
1790922831.572,store_3,0.000
1790922831.572,store_4,0.000
1790922831.572,store_5,0.000
1790922831.572,store_6,0.000
1790922831.572,store_7,0.000
1790922831.572,avail_mb,22116
1790922831.572,pswpin,1553030
1790922832.582,api,0.188
1790922832.582,client,0.079
1790922832.582,enginecore,6.791
1790922832.582,other_total,0.000
1790922832.582,store_0,0.000
1790922832.582,store_1,0.000
1790922832.582,store_2,0.000
1790922832.582,store_3,0.000
1790922832.582,store_4,0.000
1790922832.582,store_5,0.000
1790922832.582,store_6,0.000
1790922832.582,store_7,0.000
1790922832.582,avail_mb,22124
1790922832.582,pswpin,1553030
1790922833.593,api,0.168
1790922833.593,client,0.049
1790922833.593,enginecore,5.609
1790922833.593,other_total,0.000
1790922833.593,store_0,0.000
1790922833.593,store_1,0.000
1790922833.593,store_2,0.000
1790922833.593,store_3,0.000
1790922833.593,store_4,0.000
1790922833.593,store_5,0.000
1790922833.593,store_6,0.000
1790922833.593,store_7,0.000
1790922833.593,avail_mb,22119
1790922833.593,pswpin,1553030
1790922834.603,api,0.149
1790922834.603,client,0.059
1790922834.603,enginecore,5.803
1790922834.603,other_total,0.139
1790922834.603,store_0,0.000
1790922834.603,store_1,0.000
1790922834.603,store_2,0.000
1790922834.603,store_3,0.000
1790922834.603,store_4,0.000
1790922834.603,store_5,0.000
1790922834.603,store_6,0.000
1790922834.603,store_7,0.000
1790922834.603,avail_mb,22116
1790922834.603,pswpin,1553030
1790922835.612,api,0.178
1790922835.612,client,0.020
1790922835.612,enginecore,4.446
1790922835.612,other_total,0.000
1790922835.612,store_0,0.000
1790922835.612,store_1,0.000
1790922835.612,store_2,0.000
1790922835.612,store_3,0.000
1790922835.612,store_4,0.000
1790922835.612,store_5,0.000
1790922835.612,store_6,0.000
1790922835.612,store_7,0.000
1790922835.612,avail_mb,22214
1790922835.612,pswpin,1553036
1790922836.622,api,0.149
1790922836.622,client,0.040
1790922836.622,enginecore,3.378
1790922836.622,other_total,0.000
1790922836.622,store_0,0.000
1790922836.622,store_1,0.000
1790922836.622,store_2,0.000
1790922836.622,store_3,0.000
1790922836.622,store_4,0.000
1790922836.622,store_5,0.000
1790922836.622,store_6,0.000
1790922836.622,store_7,0.000
1790922836.622,avail_mb,22219
1790922836.622,pswpin,1553036
1790922837.632,api,0.178
1790922837.632,client,0.049
1790922837.632,enginecore,5.108
1790922837.632,other_total,0.000
1790922837.632,store_0,0.000
1790922837.632,store_1,0.000
1790922837.632,store_2,0.000
1790922837.632,store_3,0.000
1790922837.632,store_4,0.000
1790922837.632,store_5,0.000
1790922837.632,store_6,0.000
1790922837.632,store_7,0.000
1790922837.632,avail_mb,22213
1790922837.632,pswpin,1553036
1790922838.641,api,0.069
1790922838.641,client,0.000
1790922838.641,enginecore,2.220
1790922838.641,other_total,0.089
1790922838.641,store_0,0.000
1790922838.641,store_1,0.000
1790922838.641,store_2,0.000
1790922838.641,store_3,0.000
1790922838.641,store_4,0.000
1790922838.641,store_5,0.000
1790922838.641,store_6,0.000
1790922838.641,store_7,0.000
1790922838.641,avail_mb,22255
1790922838.641,pswpin,1553039
1790922839.651,api,0.050
1790922839.651,client,0.030
1790922839.651,enginecore,1.377
1790922839.651,other_total,0.000
1790922839.651,store_0,0.000
1790922839.651,store_1,0.000
1790922839.651,store_2,0.000
1790922839.651,store_3,0.000
1790922839.651,store_4,0.000
1790922839.651,store_5,0.000
1790922839.651,store_6,0.000
1790922839.651,store_7,0.000
1790922839.651,avail_mb,22259
1790922839.651,pswpin,1553039
1790922840.662,api,0.089
1790922840.662,client,0.010
1790922840.662,enginecore,1.997
1790922840.662,other_total,0.099
1790922840.662,store_0,0.000
1790922840.662,store_1,0.000
1790922840.662,store_2,0.000
1790922840.662,store_3,0.000
1790922840.662,store_4,0.000
1790922840.662,store_5,0.000
1790922840.662,store_6,0.000
1790922840.662,store_7,0.000
1790922840.662,avail_mb,22263
1790922840.662,pswpin,1553039
1790922841.673,api,0.079
1790922841.673,client,0.020
1790922841.673,enginecore,2.167
1790922841.673,other_total,0.030
1790922841.673,store_0,0.000
1790922841.673,store_1,0.000
1790922841.673,store_2,0.000
1790922841.673,store_3,0.000
1790922841.673,store_4,0.000
1790922841.673,store_5,0.000
1790922841.673,store_6,0.000
1790922841.673,store_7,0.000
1790922841.673,avail_mb,22306
1790922841.673,pswpin,1553040
1790922842.682,api,0.069
1790922842.682,client,0.030
1790922842.682,enginecore,2.467
1790922842.682,other_total,0.010
1790922842.682,store_0,0.000
1790922842.682,store_1,0.000
1790922842.682,store_2,0.000
1790922842.682,store_3,0.000
1790922842.682,store_4,0.000
1790922842.682,store_5,0.000
1790922842.682,store_6,0.000
1790922842.682,store_7,0.000
1790922842.682,avail_mb,22306
1790922842.682,pswpin,1553040
1790922843.692,api,0.119
1790922843.692,client,0.049
1790922843.692,enginecore,3.366
1790922843.692,other_total,0.000
1790922843.692,store_0,0.000
1790922843.692,store_1,0.000
1790922843.692,store_2,0.000
1790922843.692,store_3,0.000
1790922843.692,store_4,0.000
1790922843.692,store_5,0.000
1790922843.692,store_6,0.000
1790922843.692,store_7,0.000
1790922843.692,avail_mb,22301
1790922843.692,pswpin,1553045
1790922844.701,api,0.040
1790922844.701,client,0.010
1790922844.701,enginecore,1.279
1790922844.701,other_total,0.069
1790922844.701,store_0,0.000
1790922844.701,store_1,0.000
1790922844.701,store_2,0.000
1790922844.701,store_3,0.000
1790922844.701,store_4,0.000
1790922844.701,store_5,0.000
1790922844.701,store_6,0.000
1790922844.701,store_7,0.000
1790922844.701,avail_mb,22353
1790922844.701,pswpin,1553046
1790922845.712,api,0.020
1790922845.712,client,0.000
1790922845.712,enginecore,0.643
1790922845.712,other_total,0.178
1790922845.712,store_0,0.000
1790922845.712,store_1,0.000
1790922845.712,store_2,0.000
1790922845.712,store_3,0.000
1790922845.712,store_4,0.000
1790922845.712,store_5,0.000
1790922845.712,store_6,0.000
1790922845.712,store_7,0.000
1790922845.712,avail_mb,22279
1790922845.712,pswpin,1553046
1790922846.721,api,0.050
1790922846.721,client,0.010
1790922846.721,enginecore,0.495
1790922846.721,other_total,0.079
1790922846.721,store_0,0.000
1790922846.721,store_1,0.000
1790922846.721,store_2,0.000
1790922846.721,store_3,0.000
1790922846.721,store_4,0.000
1790922846.721,store_5,0.000
1790922846.721,store_6,0.000
1790922846.721,store_7,0.000
1790922846.721,avail_mb,22271
1790922846.721,pswpin,1553046
1790922847.731,api,0.089
1790922847.731,client,0.020
1790922847.731,enginecore,1.614
1790922847.731,other_total,0.050
1790922847.731,store_0,0.000
1790922847.731,store_1,0.000
1790922847.731,store_2,0.000
1790922847.731,store_3,0.000
1790922847.731,store_4,0.000
1790922847.731,store_5,0.000
1790922847.731,store_6,0.000
1790922847.731,store_7,0.000
1790922847.731,avail_mb,22260
1790922847.731,pswpin,1553046
1790922848.741,api,0.030
1790922848.741,client,0.000
1790922848.741,enginecore,0.892
1790922848.741,other_total,0.000
1790922848.741,store_0,0.000
1790922848.741,store_1,0.000
1790922848.741,store_2,0.000
1790922848.741,store_3,0.000
1790922848.741,store_4,0.000
1790922848.741,store_5,0.000
1790922848.741,store_6,0.000
1790922848.741,store_7,0.000
1790922848.741,avail_mb,22247
1790922848.741,pswpin,1553065
1790922849.751,api,0.040
1790922849.751,client,0.020
1790922849.751,enginecore,1.287
1790922849.751,other_total,0.079
1790922849.751,store_0,0.000
1790922849.751,store_1,0.000
1790922849.751,store_2,0.000
1790922849.751,store_3,0.000
1790922849.751,store_4,0.000
1790922849.751,store_5,0.000
1790922849.751,store_6,0.000
1790922849.751,store_7,0.000
1790922849.751,avail_mb,22241
1790922849.751,pswpin,1553065
1790922850.761,api,0.050
1790922850.761,client,0.000
1790922850.761,enginecore,1.060
1790922850.761,other_total,0.327
1790922850.761,store_0,0.000
1790922850.761,store_1,0.000
1790922850.761,store_2,0.000
1790922850.761,store_3,0.000
1790922850.761,store_4,0.000
1790922850.761,store_5,0.000
1790922850.761,store_6,0.000
1790922850.761,store_7,0.000
1790922850.761,avail_mb,22207
1790922850.761,pswpin,1553065
1790922851.773,api,0.079
1790922851.773,client,0.020
1790922851.773,enginecore,2.312
1790922851.773,other_total,0.020
1790922851.773,store_0,0.000
1790922851.773,store_1,0.000
1790922851.773,store_2,0.000
1790922851.773,store_3,0.000
1790922851.773,store_4,0.000
1790922851.773,store_5,0.000
1790922851.773,store_6,0.000
1790922851.773,store_7,0.000
1790922851.773,avail_mb,22212
1790922851.773,pswpin,1553065
1790922852.783,api,0.030
1790922852.783,client,0.010
1790922852.783,enginecore,0.990
1790922852.783,other_total,0.010
1790922852.783,store_0,0.000
1790922852.783,store_1,0.000
1790922852.783,store_2,0.000
1790922852.783,store_3,0.000
1790922852.783,store_4,0.000
1790922852.783,store_5,0.000
1790922852.783,store_6,0.000
1790922852.783,store_7,0.000
1790922852.783,avail_mb,22219
1790922852.783,pswpin,1553065
1790922853.793,api,0.050
1790922853.793,client,0.020
1790922853.793,enginecore,1.218
1790922853.793,other_total,0.406
1790922853.793,store_0,0.000
1790922853.793,store_1,0.000
1790922853.793,store_2,0.000
1790922853.793,store_3,0.000
1790922853.793,store_4,0.000
1790922853.793,store_5,0.000
1790922853.793,store_6,0.000
1790922853.793,store_7,0.000
1790922853.793,avail_mb,22218
1790922853.793,pswpin,1553067
1790922854.803,api,0.030
1790922854.803,client,0.010
1790922854.803,enginecore,0.653
1790922854.803,other_total,0.049
1790922854.803,store_0,0.000
1790922854.803,store_1,0.000
1790922854.803,store_2,0.000
1790922854.803,store_3,0.000
1790922854.803,store_4,0.000
1790922854.803,store_5,0.000
1790922854.803,store_6,0.000
1790922854.803,store_7,0.000
1790922854.803,avail_mb,22223
1790922854.803,pswpin,1553067
1790922855.812,api,0.030
1790922855.812,enginecore,0.535
1790922855.812,other_total,0.050
1790922855.812,store_0,0.000
1790922855.812,store_1,0.000
1790922855.812,store_2,0.000
1790922855.812,store_3,0.000
1790922855.812,store_4,0.000
1790922855.812,store_5,0.000
1790922855.812,store_6,0.000
1790922855.812,store_7,0.000
1790922855.812,avail_mb,22259
1790922855.812,pswpin,1553067
