ts,role,cores
1790910751.196,other_total,0.386
1790910751.196,avail_mb,58078
1790910751.196,pswpin,1528817
1790910752.206,other_total,0.030
1790910752.206,avail_mb,58078
1790910752.206,pswpin,1528829
1790910753.217,other_total,0.416
1790910753.217,avail_mb,57994
1790910753.217,pswpin,1528831
1790910754.228,other_total,0.277
1790910754.228,avail_mb,57982
1790910754.228,pswpin,1528842
1790910755.239,other_total,0.089
1790910755.239,avail_mb,57977
1790910755.239,pswpin,1529112
1790910756.249,other_total,0.059
1790910756.249,avail_mb,57976
1790910756.249,pswpin,1529120
1790910757.260,other_total,0.040
1790910757.260,avail_mb,57976
1790910757.260,pswpin,1529120
1790910758.270,other_total,0.049
1790910758.270,avail_mb,57963
1790910758.270,pswpin,1529120
1790910759.280,other_total,0.109
1790910759.280,avail_mb,57980
1790910759.280,pswpin,1529120
1790910760.291,other_total,0.059
1790910760.291,avail_mb,57982
1790910760.291,pswpin,1529120
1790910761.300,other_total,1.150
1790910761.300,avail_mb,57593
1790910761.300,pswpin,1529123
1790910762.310,other_total,0.049
1790910762.310,store_0,0.129
1790910762.310,avail_mb,57563
1790910762.310,pswpin,1529123
1790910763.321,other_total,2.226
1790910763.321,store_0,0.000
1790910763.321,avail_mb,56942
1790910763.321,pswpin,1529123
1790910764.330,api,2.141
1790910764.330,other_total,0.059
1790910764.330,store_0,0.000
1790910764.330,avail_mb,56767
1790910764.330,pswpin,1529126
1790910765.339,api,1.982
1790910765.339,other_total,0.050
1790910765.339,store_0,0.000
1790910765.339,avail_mb,56511
1790910765.339,pswpin,1529127
1790910766.348,api,1.249
1790910766.348,other_total,0.040
1790910766.348,store_0,0.000
1790910766.348,avail_mb,56405
1790910766.348,pswpin,1529127
1790910767.359,api,0.930
1790910767.359,other_total,0.791
1790910767.359,store_0,0.000
1790910767.359,avail_mb,55773
1790910767.359,pswpin,1529128
1790910768.367,api,0.000
1790910768.367,other_total,1.943
1790910768.367,store_0,0.000
1790910768.367,avail_mb,55488
1790910768.367,pswpin,1529128
1790910769.376,api,0.000
1790910769.376,other_total,2.359
1790910769.376,store_0,0.000
1790910769.376,avail_mb,55272
1790910769.376,pswpin,1529128
1790910770.385,api,0.000
1790910770.385,other_total,2.052
1790910770.385,store_0,0.000
1790910770.385,avail_mb,55081
1790910770.385,pswpin,1529128
1790910771.410,api,0.000
1790910771.410,other_total,2.108
1790910771.410,store_0,0.000
1790910771.410,avail_mb,54448
1790910771.410,pswpin,1529129
1790910772.419,api,0.000
1790910772.419,enginecore,1.368
1790910772.419,other_total,1.883
1790910772.419,store_0,0.000
1790910772.419,avail_mb,54398
1790910772.419,pswpin,1529129
1790910773.428,api,0.000
1790910773.428,enginecore,1.913
1790910773.428,other_total,0.119
1790910773.428,store_0,0.000
1790910773.428,avail_mb,53971
1790910773.428,pswpin,1529129
1790910774.436,api,0.000
1790910774.436,enginecore,1.011
1790910774.436,other_total,1.001
1790910774.436,store_0,0.000
1790910774.436,avail_mb,53941
1790910774.436,pswpin,1529129
1790910775.445,api,0.000
1790910775.445,enginecore,1.001
1790910775.445,other_total,0.050
1790910775.445,store_0,0.000
1790910775.445,avail_mb,53942
1790910775.445,pswpin,1529129
1790910776.454,api,0.000
1790910776.454,enginecore,0.981
1790910776.454,other_total,0.079
1790910776.454,store_0,0.000
1790910776.454,avail_mb,53387
1790910776.454,pswpin,1529129
1790910777.462,api,0.000
1790910777.462,enginecore,0.000
1790910777.462,other_total,1.051
1790910777.462,store_0,0.000
1790910777.462,avail_mb,53380
1790910777.462,pswpin,1529129
1790910778.471,api,0.000
1790910778.471,enginecore,0.565
1790910778.471,other_total,0.050
1790910778.471,store_0,0.000
1790910778.471,avail_mb,52272
1790910778.471,pswpin,1529129
1790910779.482,api,0.049
1790910779.482,enginecore,1.227
1790910779.482,other_total,0.010
1790910779.482,store_0,0.000
1790910779.482,avail_mb,51154
1790910779.482,pswpin,1529129
1790910780.490,api,0.367
1790910780.490,enginecore,0.753
1790910780.490,other_total,0.050
1790910780.490,store_0,0.000
1790910780.490,avail_mb,50855
1790910780.490,pswpin,1529131
1790910781.501,api,0.059
1790910781.501,enginecore,0.198
1790910781.501,other_total,0.030
1790910781.501,store_0,0.000
1790910781.501,avail_mb,50857
1790910781.501,pswpin,1529131
1790910782.512,api,0.416
1790910782.512,enginecore,0.030
1790910782.512,other_total,0.059
1790910782.512,store_0,0.000
1790910782.512,avail_mb,50816
1790910782.512,pswpin,1529131
1790910783.520,api,0.059
1790910783.520,enginecore,1.002
1790910783.520,other_total,0.119
1790910783.520,store_0,0.139
1790910783.520,avail_mb,50020
1790910783.520,pswpin,1529131
1790910784.529,api,0.020
1790910784.529,enginecore,1.021
1790910784.529,other_total,0.030
1790910784.529,store_0,0.139
1790910784.529,avail_mb,49157
1790910784.529,pswpin,1529131
1790910785.538,api,0.020
1790910785.538,enginecore,0.991
1790910785.538,other_total,0.040
1790910785.538,store_0,0.139
1790910785.538,avail_mb,48361
1790910785.538,pswpin,1529131
1790910786.547,api,0.010
1790910786.547,enginecore,1.011
1790910786.547,other_total,0.059
1790910786.547,store_0,0.139
1790910786.547,avail_mb,47503
1790910786.547,pswpin,1529131
1790910787.557,api,0.050
1790910787.557,enginecore,0.178
1790910787.557,other_total,0.297
1790910787.557,store_0,0.040
1790910787.557,avail_mb,50520
1790910787.557,pswpin,1529131
1790910788.566,api,0.000
1790910788.566,enginecore,0.010
1790910788.566,other_total,0.951
1790910788.566,store_0,0.000
1790910788.566,avail_mb,50229
1790910788.566,pswpin,1529131
1790910789.577,api,0.000
1790910789.577,enginecore,0.020
1790910789.577,other_total,0.059
1790910789.577,store_0,0.000
1790910789.577,store_1,0.000
1790910789.577,avail_mb,50240
1790910789.577,pswpin,1529131
1790910790.586,api,0.000
1790910790.586,enginecore,0.010
1790910790.586,other_total,1.952
1790910790.586,store_0,0.000
1790910790.586,store_1,0.000
1790910790.586,avail_mb,49677
1790910790.586,pswpin,1529131
1790910791.595,api,2.270
1790910791.595,enginecore,0.000
1790910791.595,other_total,0.020
1790910791.595,store_0,0.000
1790910791.595,store_1,0.000
1790910791.595,avail_mb,49479
1790910791.595,pswpin,1529131
1790910792.604,api,1.972
1790910792.604,enginecore,0.010
1790910792.604,other_total,0.059
1790910792.604,store_0,0.000
1790910792.604,store_1,0.000
1790910792.604,avail_mb,49230
1790910792.604,pswpin,1529131
1790910793.613,api,1.467
1790910793.613,enginecore,0.000
1790910793.613,other_total,0.030
1790910793.613,store_0,0.000
1790910793.613,store_1,0.000
1790910793.613,avail_mb,49120
1790910793.613,pswpin,1529131
1790910794.622,api,0.664
1790910794.622,enginecore,0.010
1790910794.622,other_total,1.249
1790910794.622,store_0,0.000
1790910794.622,store_1,0.000
1790910794.622,avail_mb,48439
1790910794.622,pswpin,1529131
1790910795.631,api,0.000
1790910795.631,enginecore,0.000
1790910795.631,other_total,1.952
1790910795.631,store_0,0.000
1790910795.631,store_1,0.000
1790910795.631,avail_mb,48218
1790910795.631,pswpin,1529131
1790910796.640,api,0.000
1790910796.640,enginecore,0.010
1790910796.640,other_total,2.379
1790910796.640,store_0,0.000
1790910796.640,store_1,0.000
1790910796.640,avail_mb,47997
1790910796.640,pswpin,1529131
1790910797.649,api,0.000
1790910797.649,enginecore,0.000
1790910797.649,other_total,1.913
1790910797.649,store_0,0.000
1790910797.649,store_1,0.000
1790910797.649,avail_mb,47636
1790910797.649,pswpin,1529131
1790910798.662,api,0.000
1790910798.662,enginecore,1.608
1790910798.662,other_total,1.016
1790910798.662,store_0,0.000
1790910798.662,store_1,0.000
1790910798.662,avail_mb,47151
1790910798.662,pswpin,1529131
1790910799.671,api,0.000
1790910799.671,enginecore,1.992
1790910799.671,other_total,1.160
1790910799.671,store_0,0.000
1790910799.671,store_1,0.000
1790910799.671,avail_mb,46694
1790910799.671,pswpin,1529131
1790910800.680,api,0.000
1790910800.680,enginecore,1.457
1790910800.680,other_total,0.585
1790910800.680,store_0,0.000
1790910800.680,store_1,0.000
1790910800.680,avail_mb,46651
1790910800.680,pswpin,1529131
1790910801.689,api,0.000
1790910801.689,enginecore,1.497
1790910801.689,other_total,0.525
1790910801.689,store_0,0.000
1790910801.689,store_1,0.000
1790910801.689,avail_mb,45610
1790910801.689,pswpin,1529131
1790910802.699,api,0.069
1790910802.699,enginecore,1.387
1790910802.699,other_total,0.020
1790910802.699,store_0,0.000
1790910802.699,store_1,0.000
1790910802.699,avail_mb,45020
1790910802.699,pswpin,1529131
1790910803.707,api,0.347
1790910803.707,enginecore,0.595
1790910803.707,other_total,0.456
1790910803.707,store_0,0.000
1790910803.707,store_1,0.000
1790910803.707,avail_mb,44943
1790910803.707,pswpin,1529131
1790910804.716,api,0.000
1790910804.716,enginecore,0.466
1790910804.716,other_total,0.664
1790910804.716,store_0,0.000
1790910804.716,store_1,0.000
1790910804.716,avail_mb,43891
1790910804.716,pswpin,1529131
1790910805.726,api,0.000
1790910805.726,enginecore,0.872
1790910805.726,other_total,0.030
1790910805.726,store_0,0.000
1790910805.726,store_1,0.000
1790910805.726,avail_mb,43643
1790910805.726,pswpin,1529131
1790910806.736,api,0.059
1790910806.736,enginecore,0.406
1790910806.736,other_total,0.020
1790910806.736,store_0,0.000
1790910806.736,store_1,0.000
1790910806.736,avail_mb,43616
1790910806.736,pswpin,1529131
1790910807.747,api,0.376
1790910807.747,enginecore,0.020
1790910807.747,other_total,0.049
1790910807.747,store_0,0.000
1790910807.747,store_1,0.000
1790910807.747,avail_mb,43572
1790910807.747,pswpin,1529145
1790910808.756,api,0.109
1790910808.756,enginecore,0.863
1790910808.756,other_total,0.050
1790910808.756,store_0,0.000
1790910808.756,store_1,0.109
1790910808.756,avail_mb,42888
1790910808.756,pswpin,1529145
1790910809.764,api,0.020
1790910809.764,enginecore,1.021
1790910809.764,other_total,0.059
1790910809.764,store_0,0.000
1790910809.764,store_1,0.139
1790910809.764,avail_mb,42009
1790910809.764,pswpin,1529145
1790910810.774,api,0.020
1790910810.774,enginecore,0.980
1790910810.774,other_total,0.030
1790910810.774,store_0,0.000
1790910810.774,store_1,0.149
1790910810.774,avail_mb,41153
1790910810.774,pswpin,1529145
1790910811.783,api,0.020
1790910811.783,enginecore,1.021
1790910811.783,other_total,0.020
1790910811.783,store_0,0.000
1790910811.783,store_1,0.129
1790910811.783,avail_mb,40357
1790910811.783,pswpin,1529145
1790910812.792,api,0.040
1790910812.792,enginecore,0.178
1790910812.792,other_total,0.446
1790910812.792,store_0,0.000
1790910812.792,store_1,0.050
1790910812.792,avail_mb,43368
1790910812.792,pswpin,1529145
1790910813.800,api,0.010
1790910813.800,enginecore,0.020
1790910813.800,other_total,0.843
1790910813.800,store_0,0.000
1790910813.800,store_1,0.000
1790910813.800,avail_mb,43095
1790910813.800,pswpin,1529145
1790910814.811,api,0.010
1790910814.811,enginecore,0.040
1790910814.811,other_total,0.069
1790910814.811,store_0,0.000
1790910814.811,store_1,0.000
1790910814.811,store_2,0.109
1790910814.811,avail_mb,43072
1790910814.811,pswpin,1529145
1790910815.820,api,0.000
1790910815.820,enginecore,0.020
1790910815.820,other_total,1.616
1790910815.820,store_0,0.000
1790910815.820,store_1,0.000
1790910815.820,store_2,0.000
1790910815.820,avail_mb,42544
1790910815.820,pswpin,1529145
1790910816.829,api,1.941
1790910816.829,enginecore,0.000
1790910816.829,other_total,0.020
1790910816.829,store_0,0.000
1790910816.829,store_1,0.000
1790910816.829,store_2,0.000
1790910816.829,avail_mb,42307
1790910816.829,pswpin,1529145
1790910817.839,api,2.299
1790910817.839,enginecore,0.010
1790910817.839,other_total,0.069
1790910817.839,store_0,0.000
1790910817.839,store_1,0.000
1790910817.839,store_2,0.000
1790910817.839,avail_mb,42066
1790910817.839,pswpin,1529145
1790910818.847,api,1.576
1790910818.847,enginecore,0.010
1790910818.847,other_total,0.010
1790910818.847,store_0,0.000
1790910818.847,store_1,0.000
1790910818.847,store_2,0.000
1790910818.847,avail_mb,41915
1790910818.847,pswpin,1529145
1790910819.857,api,0.882
1790910819.857,enginecore,0.020
1790910819.857,other_total,0.713
1790910819.857,store_0,0.000
1790910819.857,store_1,0.000
1790910819.857,store_2,0.000
1790910819.857,avail_mb,41290
1790910819.857,pswpin,1529145
1790910820.866,api,0.000
1790910820.866,enginecore,0.000
1790910820.866,other_total,2.131
1790910820.866,store_0,0.000
1790910820.866,store_1,0.000
1790910820.866,store_2,0.000
1790910820.866,avail_mb,40987
1790910820.866,pswpin,1529145
1790910821.875,api,0.000
1790910821.875,enginecore,0.020
1790910821.875,other_total,2.349
1790910821.875,store_0,0.000
1790910821.875,store_1,0.000
1790910821.875,store_2,0.000
1790910821.875,avail_mb,40767
1790910821.875,pswpin,1529145
1790910822.884,api,0.000
1790910822.884,enginecore,0.000
1790910822.884,other_total,2.051
1790910822.884,store_0,0.000
1790910822.884,store_1,0.000
1790910822.884,store_2,0.000
1790910822.884,avail_mb,40590
1790910822.884,pswpin,1529145
1790910823.893,api,0.000
1790910823.893,enginecore,1.764
1790910823.893,other_total,0.714
1790910823.893,store_0,0.000
1790910823.893,store_1,0.000
1790910823.893,store_2,0.000
1790910823.893,avail_mb,39914
1790910823.893,pswpin,1529145
1790910824.902,api,0.000
1790910824.902,enginecore,1.715
1790910824.902,other_total,1.427
1790910824.902,store_0,0.000
1790910824.902,store_1,0.000
1790910824.902,store_2,0.000
1790910824.902,avail_mb,39740
1790910824.902,pswpin,1529145
1790910825.911,api,0.000
1790910825.911,enginecore,1.616
1790910825.911,other_total,0.456
1790910825.911,store_0,0.000
1790910825.911,store_1,0.000
1790910825.911,store_2,0.000
1790910825.911,avail_mb,39429
1790910825.911,pswpin,1529145
1790910826.920,api,0.000
1790910826.920,enginecore,1.031
1790910826.920,other_total,0.674
1790910826.920,store_0,0.000
1790910826.920,store_1,0.000
1790910826.920,store_2,0.000
1790910826.920,avail_mb,39433
1790910826.920,pswpin,1529145
1790910827.929,api,0.000
1790910827.929,enginecore,1.001
1790910827.929,other_total,0.020
1790910827.929,store_0,0.000
1790910827.929,store_1,0.000
1790910827.929,store_2,0.000
1790910827.929,avail_mb,39033
1790910827.929,pswpin,1529145
1790910828.938,api,0.000
1790910828.938,enginecore,0.664
1790910828.938,other_total,0.367
1790910828.938,store_0,0.000
1790910828.938,store_1,0.000
1790910828.938,store_2,0.000
1790910828.938,avail_mb,38892
1790910828.938,pswpin,1529145
1790910829.947,api,0.000
1790910829.947,enginecore,0.109
1790910829.947,other_total,0.723
1790910829.947,store_0,0.000
1790910829.947,store_1,0.000
1790910829.947,store_2,0.000
1790910829.947,avail_mb,38897
1790910829.947,pswpin,1529145
1790910830.958,api,0.010
1790910830.958,enginecore,0.772
1790910830.958,other_total,0.010
1790910830.958,store_0,0.000
1790910830.958,store_1,0.000
1790910830.958,store_2,0.010
1790910830.958,avail_mb,37749
1790910830.958,pswpin,1529145
1790910831.969,api,0.386
1790910831.969,enginecore,0.049
1790910831.969,other_total,0.000
1790910831.969,store_0,0.000
1790910831.969,store_1,0.000
1790910831.969,store_2,0.000
1790910831.969,avail_mb,37701
1790910831.969,pswpin,1529145
1790910832.980,api,0.069
1790910832.980,enginecore,0.049
1790910832.980,other_total,0.030
1790910832.980,store_0,0.000
1790910832.980,store_1,0.000
1790910832.980,store_2,0.000
1790910832.980,avail_mb,37704
1790910832.980,pswpin,1529145
1790910833.991,api,0.000
1790910833.991,enginecore,0.069
1790910833.991,other_total,0.020
1790910833.991,store_0,0.000
1790910833.991,store_1,0.000
1790910833.991,store_2,0.000
1790910833.991,avail_mb,37708
1790910833.991,pswpin,1529145
1790910835.002,api,0.000
1790910835.002,enginecore,0.049
1790910835.002,other_total,0.020
1790910835.002,store_0,0.000
1790910835.002,store_1,0.000
1790910835.002,store_2,0.000
1790910835.002,avail_mb,37710
1790910835.002,pswpin,1529145
1790910836.013,api,0.000
1790910836.013,enginecore,0.069
1790910836.013,other_total,0.040
1790910836.013,store_0,0.000
1790910836.013,store_1,0.000
1790910836.013,store_2,0.000
1790910836.013,avail_mb,37709
1790910836.013,pswpin,1529145
1790910837.024,api,0.000
1790910837.024,enginecore,0.059
1790910837.024,other_total,0.000
1790910837.024,store_0,0.000
1790910837.024,store_1,0.000
1790910837.024,store_2,0.000
1790910837.024,avail_mb,37711
1790910837.024,pswpin,1529145
1790910838.034,api,0.000
1790910838.034,enginecore,0.841
1790910838.034,other_total,0.040
1790910838.034,store_0,0.000
1790910838.034,store_1,0.000
1790910838.034,store_2,0.000
1790910838.034,avail_mb,36643
1790910838.034,pswpin,1529145
1790910839.046,api,0.010
1790910839.046,enginecore,0.781
1790910839.046,other_total,0.000
1790910839.046,store_0,0.000
1790910839.046,store_1,0.000
1790910839.046,store_2,0.000
1790910839.046,avail_mb,36386
1790910839.046,pswpin,1529145
1790910840.057,api,0.079
1790910840.057,enginecore,0.386
1790910840.057,other_total,0.000
1790910840.057,store_0,0.000
1790910840.057,store_1,0.000
1790910840.057,store_2,0.000
1790910840.057,avail_mb,36363
1790910840.057,pswpin,1529148
1790910841.068,api,0.376
1790910841.068,enginecore,0.020
1790910841.068,other_total,0.049
1790910841.068,store_0,0.000
1790910841.068,store_1,0.000
1790910841.068,store_2,0.000
1790910841.068,avail_mb,36317
1790910841.068,pswpin,1529148
1790910842.077,api,0.109
1790910842.077,enginecore,0.743
1790910842.077,other_total,0.050
1790910842.077,store_0,0.000
1790910842.077,store_1,0.000
1790910842.077,store_2,0.089
1790910842.077,avail_mb,35758
1790910842.077,pswpin,1529148
1790910843.086,api,0.010
1790910843.086,enginecore,1.011
1790910843.086,other_total,0.040
1790910843.086,store_0,0.000
1790910843.086,store_1,0.000
1790910843.086,store_2,0.139
1790910843.086,avail_mb,34887
1790910843.086,pswpin,1529148
1790910844.095,api,0.020
1790910844.095,enginecore,0.991
1790910844.095,other_total,0.010
1790910844.095,store_0,0.000
1790910844.095,store_1,0.000
1790910844.095,store_2,0.129
1790910844.095,avail_mb,34032
1790910844.095,pswpin,1529148
1790910845.104,api,0.020
1790910845.104,enginecore,0.991
1790910845.104,other_total,0.069
1790910845.104,store_0,0.000
1790910845.104,store_1,0.000
1790910845.104,store_2,0.129
1790910845.104,avail_mb,33180
1790910845.104,pswpin,1529148
1790910846.113,api,0.040
1790910846.113,enginecore,0.188
1790910846.113,other_total,0.555
1790910846.113,store_0,0.000
1790910846.113,store_1,0.000
1790910846.113,store_2,0.079
1790910846.113,avail_mb,35961
1790910846.113,pswpin,1529148
1790910847.124,api,0.000
1790910847.124,enginecore,0.049
1790910847.124,other_total,0.989
1790910847.124,store_0,0.000
1790910847.124,store_1,0.000
1790910847.124,store_2,0.000
1790910847.124,avail_mb,35851
1790910847.124,pswpin,1529148
1790910848.135,api,0.010
1790910848.135,client,0.000
1790910848.135,enginecore,0.040
1790910848.135,other_total,0.020
1790910848.135,store_0,0.000
1790910848.135,store_1,0.000
1790910848.135,store_2,0.000
1790910848.135,avail_mb,35848
1790910848.135,pswpin,1529192
1790910849.146,api,0.010
1790910849.146,client,0.000
1790910849.146,enginecore,0.040
1790910849.146,other_total,0.010
1790910849.146,store_0,0.000
1790910849.146,store_1,0.000
1790910849.146,store_2,0.000
1790910849.146,avail_mb,35854
1790910849.146,pswpin,1529192
1790910850.157,api,0.000
1790910850.157,client,0.000
1790910850.157,enginecore,0.079
1790910850.157,other_total,0.079
1790910850.157,store_0,0.000
1790910850.157,store_1,0.000
1790910850.157,store_2,0.000
1790910850.157,avail_mb,35859
1790910850.157,pswpin,1529192
1790910851.168,api,0.020
1790910851.168,client,0.000
1790910851.168,enginecore,0.079
1790910851.168,other_total,0.030
1790910851.168,store_0,0.000
1790910851.168,store_1,0.000
1790910851.168,store_2,0.000
1790910851.168,avail_mb,35864
1790910851.168,pswpin,1529192
1790910852.179,api,0.020
1790910852.179,client,0.010
1790910852.179,enginecore,0.386
1790910852.179,other_total,0.000
1790910852.179,store_0,0.000
1790910852.179,store_1,0.010
1790910852.179,store_2,0.010
1790910852.179,avail_mb,35877
1790910852.179,pswpin,1529192
1790910853.190,api,0.010
1790910853.190,client,0.010
1790910853.190,enginecore,0.425
1790910853.190,other_total,0.020
1790910853.190,store_0,0.000
1790910853.190,store_1,0.000
1790910853.190,store_2,0.020
1790910853.190,avail_mb,35899
1790910853.190,pswpin,1529192
1790910854.201,api,0.020
1790910854.201,client,0.010
1790910854.201,enginecore,0.356
1790910854.201,other_total,0.020
1790910854.201,store_0,0.010
1790910854.201,store_1,0.000
1790910854.201,store_2,0.010
1790910854.201,avail_mb,35913
1790910854.201,pswpin,1529192
1790910855.212,api,0.000
1790910855.212,client,0.000
1790910855.212,enginecore,0.208
1790910855.212,other_total,0.030
1790910855.212,store_0,0.000
1790910855.212,store_1,0.000
1790910855.212,store_2,0.010
1790910855.212,avail_mb,35918
1790910855.212,pswpin,1529192
1790910856.223,api,0.020
1790910856.223,client,0.000
1790910856.223,enginecore,0.534
1790910856.223,other_total,0.030
1790910856.223,store_0,0.000
1790910856.223,store_1,0.030
1790910856.223,store_2,0.010
1790910856.223,avail_mb,35956
1790910856.223,pswpin,1529192
1790910857.234,api,0.020
1790910857.234,client,0.000
1790910857.234,enginecore,0.673
1790910857.234,other_total,0.059
1790910857.234,store_0,0.010
1790910857.234,store_1,0.010
1790910857.234,store_2,0.010
1790910857.234,avail_mb,35964
1790910857.234,pswpin,1529192
1790910858.245,api,0.000
1790910858.245,client,0.000
1790910858.245,enginecore,0.366
1790910858.245,other_total,0.000
1790910858.245,store_0,0.010
1790910858.245,store_1,0.020
1790910858.245,store_2,0.000
1790910858.245,avail_mb,35968
1790910858.245,pswpin,1529192
1790910859.256,api,0.010
1790910859.256,client,0.000
1790910859.256,enginecore,0.198
1790910859.256,other_total,0.059
1790910859.256,store_0,0.000
1790910859.256,store_1,0.010
1790910859.256,store_2,0.000
1790910859.256,avail_mb,35968
1790910859.256,pswpin,1529192
1790910860.267,api,0.020
1790910860.267,client,0.000
1790910860.267,enginecore,0.376
1790910860.267,other_total,0.030
1790910860.267,store_0,0.000
1790910860.267,store_1,0.010
1790910860.267,store_2,0.010
1790910860.267,avail_mb,35967
1790910860.267,pswpin,1529192
1790910861.278,api,0.000
1790910861.278,client,0.000
1790910861.278,enginecore,0.346
1790910861.278,other_total,0.049
1790910861.278,store_0,0.020
1790910861.278,store_1,0.000
1790910861.278,store_2,0.000
1790910861.278,avail_mb,35976
1790910861.278,pswpin,1529192
1790910862.289,api,0.030
1790910862.289,client,0.010
1790910862.289,enginecore,0.366
1790910862.289,other_total,0.010
1790910862.289,store_0,0.000
1790910862.289,store_1,0.010
1790910862.289,store_2,0.010
1790910862.289,avail_mb,35977
1790910862.289,pswpin,1529192
1790910863.300,api,0.020
1790910863.300,client,0.000
1790910863.300,enginecore,0.188
1790910863.300,other_total,0.069
1790910863.300,store_0,0.000
1790910863.300,store_1,0.000
1790910863.300,store_2,0.000
1790910863.300,avail_mb,35970
1790910863.300,pswpin,1529192
1790910864.310,api,0.000
1790910864.310,client,0.000
1790910864.310,enginecore,0.534
1790910864.310,other_total,0.119
1790910864.310,store_0,0.000
1790910864.310,store_1,0.020
1790910864.310,store_2,0.010
1790910864.310,avail_mb,35972
1790910864.310,pswpin,1529192
1790910865.321,api,0.010
1790910865.321,client,0.010
1790910865.321,enginecore,0.198
1790910865.321,other_total,0.030
1790910865.321,store_0,0.000
1790910865.321,store_1,0.000
1790910865.321,store_2,0.010
1790910865.321,avail_mb,35973
1790910865.321,pswpin,1529192
1790910866.334,api,0.010
1790910866.334,client,0.000
1790910866.334,enginecore,0.336
1790910866.334,other_total,0.049
1790910866.334,store_0,0.000
1790910866.334,store_1,0.010
1790910866.334,store_2,0.000
1790910866.334,avail_mb,35973
1790910866.334,pswpin,1529192
1790910867.345,api,0.010
1790910867.345,client,0.000
1790910867.345,enginecore,0.208
1790910867.345,other_total,0.030
1790910867.345,store_0,0.010
1790910867.345,store_1,0.000
1790910867.345,store_2,0.000
1790910867.345,avail_mb,35971
1790910867.345,pswpin,1529192
1790910868.355,api,0.010
1790910868.355,client,0.000
1790910868.355,enginecore,0.346
1790910868.355,other_total,0.030
1790910868.355,store_0,0.000
1790910868.355,store_1,0.020
1790910868.355,store_2,0.000
1790910868.355,avail_mb,35976
1790910868.355,pswpin,1529192
1790910869.367,api,0.010
1790910869.367,client,0.010
1790910869.367,enginecore,0.198
1790910869.367,other_total,0.059
1790910869.367,store_0,0.010
1790910869.367,store_1,0.000
1790910869.367,store_2,0.000
1790910869.367,avail_mb,35971
1790910869.367,pswpin,1529192
1790910870.379,api,0.020
1790910870.379,client,0.000
1790910870.379,enginecore,0.208
1790910870.379,other_total,0.020
1790910870.379,store_0,0.000
1790910870.379,store_1,0.000
1790910870.379,store_2,0.010
1790910870.379,avail_mb,35970
1790910870.379,pswpin,1529196
1790910871.389,api,0.000
1790910871.389,client,0.000
1790910871.389,enginecore,0.178
1790910871.389,other_total,0.049
1790910871.389,store_0,0.010
1790910871.389,store_1,0.000
1790910871.389,store_2,0.000
1790910871.389,avail_mb,35971
1790910871.389,pswpin,1529196
1790910872.401,api,0.000
1790910872.401,client,0.000
1790910872.401,enginecore,0.049
1790910872.401,other_total,0.079
1790910872.401,store_0,0.000
1790910872.401,store_1,0.000
1790910872.401,store_2,0.000
1790910872.401,avail_mb,35967
1790910872.401,pswpin,1529200
1790910873.412,api,0.020
1790910873.412,client,0.010
1790910873.412,enginecore,0.524
1790910873.412,other_total,0.020
1790910873.412,store_0,0.000
1790910873.412,store_1,0.020
1790910873.412,store_2,0.000
1790910873.412,avail_mb,35973
1790910873.412,pswpin,1529200
1790910874.422,api,0.010
1790910874.422,client,0.000
1790910874.422,enginecore,0.198
1790910874.422,other_total,0.010
1790910874.422,store_0,0.000
1790910874.422,store_1,0.000
1790910874.422,store_2,0.010
1790910874.422,avail_mb,35974
1790910874.422,pswpin,1529200
1790910875.433,api,0.010
1790910875.433,client,0.000
1790910875.433,enginecore,0.030
1790910875.433,other_total,0.059
1790910875.433,store_0,0.000
1790910875.433,store_1,0.000
1790910875.433,store_2,0.000
1790910875.433,avail_mb,35969
1790910875.433,pswpin,1529200
1790910876.445,api,0.000
1790910876.445,client,0.000
1790910876.445,enginecore,0.188
1790910876.445,other_total,0.079
1790910876.445,store_0,0.010
1790910876.445,store_1,0.000
1790910876.445,store_2,0.000
1790910876.445,avail_mb,35967
1790910876.445,pswpin,1529200
1790910877.456,api,0.000
1790910877.456,client,0.000
1790910877.456,enginecore,0.040
1790910877.456,other_total,0.059
1790910877.456,store_0,0.000
1790910877.456,store_1,0.000
1790910877.456,store_2,0.000
1790910877.456,avail_mb,35967
1790910877.456,pswpin,1529200
1790910878.488,api,0.029
1790910878.488,client,0.000
1790910878.488,enginecore,0.039
1790910878.488,other_total,0.029
1790910878.488,store_0,0.000
1790910878.488,store_1,0.000
1790910878.488,store_2,0.000
1790910878.488,avail_mb,35964
1790910878.488,pswpin,1529201
1790910879.499,api,0.010
1790910879.499,client,0.000
1790910879.499,enginecore,0.683
1790910879.499,other_total,0.059
1790910879.499,store_0,0.010
1790910879.499,store_1,0.010
1790910879.499,store_2,0.010
1790910879.499,avail_mb,35981
1790910879.499,pswpin,1529201
1790910880.510,api,0.010
1790910880.510,client,0.000
1790910880.510,enginecore,0.188
1790910880.510,other_total,0.020
1790910880.510,store_0,0.020
1790910880.510,store_1,0.000
1790910880.510,store_2,0.000
1790910880.510,avail_mb,35979
1790910880.510,pswpin,1529201
1790910881.521,api,0.010
1790910881.521,client,0.000
1790910881.521,enginecore,0.218
1790910881.521,other_total,0.030
1790910881.521,store_0,0.000
1790910881.521,store_1,0.010
1790910881.521,store_2,0.000
1790910881.521,avail_mb,35978
1790910881.521,pswpin,1529201
1790910882.532,api,0.010
1790910882.532,client,0.000
1790910882.532,enginecore,0.356
1790910882.532,other_total,0.089
1790910882.532,store_0,0.000
1790910882.532,store_1,0.000
1790910882.532,store_2,0.020
1790910882.532,avail_mb,35978
1790910882.532,pswpin,1529201
1790910883.543,api,0.000
1790910883.543,client,0.000
1790910883.543,enginecore,0.040
1790910883.543,other_total,0.040
1790910883.543,store_0,0.000
1790910883.543,store_1,0.000
1790910883.543,store_2,0.000
1790910883.543,avail_mb,35989
1790910883.543,pswpin,1529206
1790910884.554,api,0.000
1790910884.554,client,0.000
1790910884.554,enginecore,0.178
1790910884.554,other_total,0.079
1790910884.554,store_0,0.010
1790910884.554,store_1,0.000
1790910884.554,store_2,0.000
1790910884.554,avail_mb,35990
1790910884.554,pswpin,1529206
1790910885.565,api,0.020
1790910885.565,client,0.000
1790910885.565,enginecore,0.386
1790910885.565,other_total,0.020
1790910885.565,store_0,0.010
1790910885.565,store_1,0.010
1790910885.565,store_2,0.000
1790910885.565,avail_mb,35993
1790910885.565,pswpin,1529206
1790910886.577,api,0.030
1790910886.577,client,0.010
1790910886.577,enginecore,0.958
1790910886.577,other_total,0.020
1790910886.577,store_0,0.020
1790910886.577,store_1,0.030
1790910886.577,store_2,0.020
1790910886.577,avail_mb,35999
1790910886.577,pswpin,1529206
1790910887.588,api,0.000
1790910887.588,client,0.000
1790910887.588,enginecore,0.138
1790910887.588,other_total,0.030
1790910887.588,store_0,0.000
1790910887.588,store_1,0.000
1790910887.588,store_2,0.000
1790910887.588,avail_mb,35994
1790910887.588,pswpin,1529206
1790910888.600,api,0.000
1790910888.600,client,0.000
1790910888.600,enginecore,0.040
1790910888.600,other_total,0.040
1790910888.600,store_0,0.000
1790910888.600,store_1,0.020
1790910888.600,store_2,0.000
1790910888.600,avail_mb,35993
1790910888.600,pswpin,1529206
1790910889.610,api,0.010
1790910889.610,client,0.000
1790910889.610,enginecore,0.198
1790910889.610,other_total,0.010
1790910889.610,store_0,0.000
1790910889.610,store_1,0.000
1790910889.610,store_2,0.000
1790910889.610,avail_mb,35994
1790910889.610,pswpin,1529206
1790910890.621,api,0.010
1790910890.621,client,0.000
1790910890.621,enginecore,0.198
1790910890.621,other_total,0.089
1790910890.621,store_0,0.000
1790910890.621,store_1,0.000
1790910890.621,store_2,0.010
1790910890.621,avail_mb,35994
1790910890.621,pswpin,1529206
1790910891.632,api,0.020
1790910891.632,client,0.020
1790910891.632,enginecore,0.861
1790910891.632,other_total,0.000
1790910891.632,store_0,0.010
1790910891.632,store_1,0.010
1790910891.632,store_2,0.030
1790910891.632,avail_mb,35996
1790910891.632,pswpin,1529207
1790910892.643,api,0.020
1790910892.643,client,0.000
1790910892.643,enginecore,0.841
1790910892.643,other_total,0.030
1790910892.643,store_0,0.010
1790910892.643,store_1,0.020
1790910892.643,store_2,0.010
1790910892.643,avail_mb,36000
1790910892.643,pswpin,1529207
1790910893.654,api,0.020
1790910893.654,client,0.000
1790910893.654,enginecore,0.198
1790910893.654,other_total,0.129
1790910893.654,store_0,0.010
1790910893.654,store_1,0.000
1790910893.654,store_2,0.000
1790910893.654,avail_mb,35999
1790910893.654,pswpin,1529207
1790910894.665,api,0.000
1790910894.665,client,0.000
1790910894.665,enginecore,0.059
1790910894.665,other_total,0.040
1790910894.665,store_0,0.000
1790910894.665,store_1,0.000
1790910894.665,store_2,0.000
1790910894.665,avail_mb,35997
1790910894.665,pswpin,1529207
1790910895.676,api,0.010
1790910895.676,client,0.000
1790910895.676,enginecore,0.346
1790910895.676,other_total,0.040
1790910895.676,store_0,0.000
1790910895.676,store_1,0.010
1790910895.676,store_2,0.000
1790910895.676,avail_mb,35995
1790910895.676,pswpin,1529207
1790910896.687,api,0.030
1790910896.687,client,0.000
1790910896.687,enginecore,1.068
1790910896.687,other_total,0.049
1790910896.687,store_0,0.040
1790910896.687,store_1,0.020
1790910896.687,store_2,0.000
1790910896.687,avail_mb,35997
1790910896.687,pswpin,1529207
1790910897.699,api,0.010
1790910897.699,client,0.010
1790910897.699,enginecore,0.514
1790910897.699,other_total,0.030
1790910897.699,store_0,0.030
1790910897.699,store_1,0.000
1790910897.699,store_2,0.010
1790910897.699,avail_mb,36000
1790910897.699,pswpin,1529207
1790910898.711,api,0.010
1790910898.711,client,0.000
1790910898.711,enginecore,0.069
1790910898.711,other_total,0.000
1790910898.711,store_0,0.000
1790910898.711,store_1,0.000
1790910898.711,store_2,0.000
1790910898.711,avail_mb,35998
1790910898.711,pswpin,1529207
1790910899.722,api,0.000
1790910899.722,client,0.000
1790910899.722,enginecore,0.020
1790910899.722,other_total,0.049
1790910899.722,store_0,0.000
1790910899.722,store_1,0.000
1790910899.722,store_2,0.000
1790910899.722,avail_mb,35991
1790910899.722,pswpin,1529207
1790910900.733,api,0.010
1790910900.733,client,0.000
1790910900.733,enginecore,0.366
1790910900.733,other_total,0.030
1790910900.733,store_0,0.010
1790910900.733,store_1,0.010
1790910900.733,store_2,0.000
1790910900.733,avail_mb,35994
1790910900.733,pswpin,1529213
1790910901.745,api,0.020
1790910901.745,client,0.000
1790910901.745,enginecore,0.336
1790910901.745,other_total,0.020
1790910901.745,store_0,0.010
1790910901.745,store_1,0.010
1790910901.745,store_2,0.000
1790910901.745,avail_mb,35998
1790910901.745,pswpin,1529213
1790910902.756,api,0.010
1790910902.756,client,0.010
1790910902.756,enginecore,0.405
1790910902.756,other_total,0.059
1790910902.756,store_0,0.010
1790910902.756,store_1,0.000
1790910902.756,store_2,0.000
1790910902.756,avail_mb,35992
1790910902.756,pswpin,1529214
1790910903.767,api,0.020
1790910903.767,client,0.000
1790910903.767,enginecore,0.208
1790910903.767,other_total,0.010
1790910903.767,store_0,0.000
1790910903.767,store_1,0.010
1790910903.767,store_2,0.000
1790910903.767,avail_mb,35992
1790910903.767,pswpin,1529214
1790910904.778,api,0.000
1790910904.778,client,0.000
1790910904.778,enginecore,0.198
1790910904.778,other_total,0.059
1790910904.778,store_0,0.010
1790910904.778,store_1,0.000
1790910904.778,store_2,0.000
1790910904.778,avail_mb,35992
1790910904.778,pswpin,1529214
1790910905.789,api,0.020
1790910905.789,client,0.000
1790910905.789,enginecore,0.910
1790910905.789,other_total,0.059
1790910905.789,store_0,0.030
1790910905.789,store_1,0.020
1790910905.789,store_2,0.000
1790910905.789,avail_mb,35984
1790910905.789,pswpin,1529214
1790910906.800,api,0.020
1790910906.800,client,0.010
1790910906.800,enginecore,0.514
1790910906.800,other_total,0.000
1790910906.800,store_0,0.010
1790910906.800,store_1,0.020
1790910906.800,store_2,0.010
1790910906.800,avail_mb,35991
1790910906.800,pswpin,1529214
1790910907.811,api,0.010
1790910907.811,client,0.000
1790910907.811,enginecore,0.376
1790910907.811,other_total,0.040
1790910907.811,store_0,0.010
1790910907.811,store_1,0.000
1790910907.811,store_2,0.010
1790910907.811,avail_mb,35991
1790910907.811,pswpin,1529214
1790910908.822,api,0.010
1790910908.822,client,0.000
1790910908.822,enginecore,0.020
1790910908.822,other_total,0.089
1790910908.822,store_0,0.000
1790910908.822,store_1,0.000
1790910908.822,store_2,0.000
1790910908.822,avail_mb,35987
1790910908.822,pswpin,1529214
1790910909.833,api,0.000
1790910909.833,client,0.000
1790910909.833,enginecore,0.040
1790910909.833,other_total,0.040
1790910909.833,store_0,0.000
1790910909.833,store_1,0.000
1790910909.833,store_2,0.000
1790910909.833,avail_mb,35986
1790910909.833,pswpin,1529214
1790910910.844,api,0.010
1790910910.844,client,0.000
1790910910.844,enginecore,0.366
1790910910.844,other_total,0.069
1790910910.844,store_0,0.000
1790910910.844,store_1,0.010
1790910910.844,store_2,0.000
1790910910.844,avail_mb,35989
1790910910.844,pswpin,1529214
1790910911.855,api,0.010
1790910911.855,client,0.000
1790910911.855,enginecore,0.030
1790910911.855,other_total,0.069
1790910911.855,store_0,0.000
1790910911.855,store_1,0.000
1790910911.855,store_2,0.000
1790910911.855,avail_mb,35982
1790910911.855,pswpin,1529214
1790910912.867,api,0.020
1790910912.867,client,0.020
1790910912.867,enginecore,0.988
1790910912.867,other_total,0.010
1790910912.867,store_0,0.000
1790910912.867,store_1,0.040
1790910912.867,store_2,0.020
1790910912.867,avail_mb,35983
1790910912.867,pswpin,1529214
1790910913.879,api,0.000
1790910913.879,client,0.000
1790910913.879,enginecore,0.395
1790910913.879,other_total,0.040
1790910913.879,store_0,0.000
1790910913.879,store_1,0.010
1790910913.879,store_2,0.010
1790910913.879,avail_mb,35983
1790910913.879,pswpin,1529214
1790910914.890,api,0.010
1790910914.890,client,0.000
1790910914.890,enginecore,0.030
1790910914.890,other_total,0.099
1790910914.890,store_0,0.000
1790910914.890,store_1,0.000
1790910914.890,store_2,0.000
1790910914.890,avail_mb,35977
1790910914.890,pswpin,1529214
1790910915.902,api,0.000
1790910915.902,client,0.000
1790910915.902,enginecore,0.049
1790910915.902,other_total,0.059
1790910915.902,store_0,0.000
1790910915.902,store_1,0.000
1790910915.902,store_2,0.000
1790910915.902,avail_mb,35974
1790910915.902,pswpin,1529214
1790910916.913,api,0.020
1790910916.913,client,0.000
1790910916.913,enginecore,0.504
1790910916.913,other_total,0.049
1790910916.913,store_0,0.010
1790910916.913,store_1,0.000
1790910916.913,store_2,0.010
1790910916.913,avail_mb,35982
1790910916.913,pswpin,1529214
1790910917.924,api,0.030
1790910917.924,client,0.000
1790910917.924,enginecore,0.188
1790910917.924,other_total,0.040
1790910917.924,store_0,0.000
1790910917.924,store_1,0.000
1790910917.924,store_2,0.010
1790910917.924,avail_mb,35977
1790910917.924,pswpin,1529214
1790910918.935,api,0.010
1790910918.935,client,0.000
1790910918.935,enginecore,0.386
1790910918.935,other_total,0.049
1790910918.935,store_0,0.010
1790910918.935,store_1,0.000
1790910918.935,store_2,0.000
1790910918.935,avail_mb,35978
1790910918.935,pswpin,1529214
1790910919.945,api,0.000
1790910919.945,client,0.000
1790910919.945,enginecore,0.178
1790910919.945,other_total,0.049
1790910919.945,store_0,0.000
1790910919.945,store_1,0.010
1790910919.945,store_2,0.000
1790910919.945,avail_mb,35978
1790910919.945,pswpin,1529214
1790910920.956,api,0.010
1790910920.956,client,0.000
1790910920.956,enginecore,0.692
1790910920.956,other_total,0.049
1790910920.956,store_0,0.030
1790910920.956,store_1,0.000
1790910920.956,store_2,0.010
1790910920.956,avail_mb,35986
1790910920.956,pswpin,1529215
1790910921.967,api,0.030
1790910921.967,client,0.020
1790910921.967,enginecore,0.880
1790910921.967,other_total,0.000
1790910921.967,store_0,0.020
1790910921.967,store_1,0.010
1790910921.967,store_2,0.030
1790910921.967,avail_mb,36038
1790910921.967,pswpin,1529215
1790910922.978,api,0.000
1790910922.978,client,0.000
1790910922.978,enginecore,0.030
1790910922.978,other_total,0.049
1790910922.978,store_0,0.000
1790910922.978,store_1,0.000
1790910922.978,store_2,0.000
1790910922.978,avail_mb,36037
1790910922.978,pswpin,1529215
1790910923.988,api,0.010
1790910923.988,client,0.000
1790910923.988,enginecore,0.188
1790910923.988,other_total,0.079
1790910923.988,store_0,0.000
1790910923.988,store_1,0.000
1790910923.988,store_2,0.000
1790910923.988,avail_mb,36031
1790910923.988,pswpin,1529215
1790910924.999,api,0.000
1790910924.999,client,0.000
1790910924.999,enginecore,0.049
1790910924.999,other_total,0.020
1790910924.999,store_0,0.000
1790910924.999,store_1,0.000
1790910924.999,store_2,0.000
1790910924.999,avail_mb,36031
1790910924.999,pswpin,1529215
1790910926.010,api,0.000
1790910926.010,client,0.000
1790910926.010,enginecore,0.030
1790910926.010,other_total,0.099
1790910926.010,store_0,0.000
1790910926.010,store_1,0.000
1790910926.010,store_2,0.000
1790910926.010,avail_mb,36028
1790910926.010,pswpin,1529215
1790910927.021,api,0.020
1790910927.021,client,0.000
1790910927.021,enginecore,0.030
1790910927.021,other_total,0.049
1790910927.021,store_0,0.000
1790910927.021,store_1,0.000
1790910927.021,store_2,0.000
1790910927.021,avail_mb,36026
1790910927.021,pswpin,1529215
1790910928.032,api,0.000
1790910928.032,client,0.000
1790910928.032,enginecore,0.188
1790910928.032,other_total,0.059
1790910928.032,store_0,0.010
1790910928.032,store_1,0.000
1790910928.032,store_2,0.000
1790910928.032,avail_mb,36027
1790910928.032,pswpin,1529215
1790910929.043,api,0.020
1790910929.043,client,0.000
1790910929.043,enginecore,0.218
1790910929.043,other_total,0.000
1790910929.043,store_0,0.020
1790910929.043,store_1,0.000
1790910929.043,store_2,0.000
1790910929.043,avail_mb,36030
1790910929.043,pswpin,1529215
1790910930.054,api,0.010
1790910930.054,client,0.000
1790910930.054,enginecore,0.030
1790910930.054,other_total,0.020
1790910930.054,store_0,0.000
1790910930.054,store_1,0.000
1790910930.054,store_2,0.000
1790910930.054,avail_mb,36026
1790910930.054,pswpin,1529215
1790910931.065,api,0.000
1790910931.065,client,0.010
1790910931.065,enginecore,0.188
1790910931.065,other_total,0.040
1790910931.065,store_0,0.000
1790910931.065,store_1,0.000
1790910931.065,store_2,0.010
1790910931.065,avail_mb,36026
1790910931.065,pswpin,1529215
1790910932.076,api,0.010
1790910932.076,client,0.000
1790910932.076,enginecore,0.366
1790910932.076,other_total,0.040
1790910932.076,store_0,0.010
1790910932.076,store_1,0.000
1790910932.076,store_2,0.010
1790910932.076,avail_mb,36032
1790910932.076,pswpin,1529215
1790910933.087,api,0.010
1790910933.087,client,0.000
1790910933.087,enginecore,0.198
1790910933.087,other_total,0.059
1790910933.087,store_0,0.000
1790910933.087,store_1,0.000
1790910933.087,store_2,0.010
1790910933.087,avail_mb,36028
1790910933.087,pswpin,1529215
1790910934.098,api,0.010
1790910934.098,client,0.000
1790910934.098,enginecore,0.208
1790910934.098,other_total,0.020
1790910934.098,store_0,0.000
1790910934.098,store_1,0.000
1790910934.098,store_2,0.010
1790910934.098,avail_mb,36028
1790910934.098,pswpin,1529215
1790910935.109,api,0.000
1790910935.109,client,0.000
1790910935.109,enginecore,0.366
1790910935.109,other_total,0.119
1790910935.109,store_0,0.010
1790910935.109,store_1,0.000
1790910935.109,store_2,0.010
1790910935.109,avail_mb,36082
1790910935.109,pswpin,1529216
1790910936.119,api,0.000
1790910936.119,client,0.000
1790910936.119,enginecore,0.040
1790910936.119,other_total,0.040
1790910936.119,store_0,0.000
1790910936.119,store_1,0.000
1790910936.119,store_2,0.000
1790910936.119,avail_mb,36075
1790910936.119,pswpin,1529216
1790910937.130,api,0.030
1790910937.130,client,0.000
1790910937.130,enginecore,0.178
1790910937.130,other_total,0.069
1790910937.130,store_0,0.000
1790910937.130,store_1,0.000
1790910937.130,store_2,0.010
1790910937.130,avail_mb,36077
1790910937.130,pswpin,1529216
1790910938.141,api,0.000
1790910938.141,client,0.000
1790910938.141,enginecore,0.040
1790910938.141,other_total,0.040
1790910938.141,store_0,0.000
1790910938.141,store_1,0.000
1790910938.141,store_2,0.000
1790910938.141,avail_mb,36076
1790910938.141,pswpin,1529216
1790910939.153,api,0.010
1790910939.153,client,0.000
1790910939.153,enginecore,0.208
1790910939.153,other_total,0.069
1790910939.153,store_0,0.000
1790910939.153,store_1,0.000
1790910939.153,store_2,0.010
1790910939.153,avail_mb,36075
1790910939.153,pswpin,1529216
1790910940.165,api,0.000
1790910940.165,client,0.000
1790910940.165,enginecore,0.040
1790910940.165,other_total,0.030
1790910940.165,store_0,0.000
1790910940.165,store_1,0.000
1790910940.165,store_2,0.000
1790910940.165,avail_mb,36076
1790910940.165,pswpin,1529216
1790910941.175,api,0.000
1790910941.175,client,0.010
1790910941.175,enginecore,0.356
1790910941.175,other_total,0.129
1790910941.175,store_0,0.000
1790910941.175,store_1,0.000
1790910941.175,store_2,0.020
1790910941.175,avail_mb,36077
1790910941.175,pswpin,1529216
1790910942.186,api,0.000
1790910942.186,client,0.000
1790910942.186,enginecore,0.049
1790910942.186,other_total,0.020
1790910942.186,store_0,0.000
1790910942.186,store_1,0.000
1790910942.186,store_2,0.000
1790910942.186,avail_mb,36075
1790910942.186,pswpin,1529216
1790910943.197,api,0.010
1790910943.197,client,0.000
1790910943.197,enginecore,0.188
1790910943.197,other_total,0.030
1790910943.197,store_0,0.000
1790910943.197,store_1,0.000
1790910943.197,store_2,0.010
1790910943.197,avail_mb,36079
1790910943.197,pswpin,1529216
1790910944.208,api,0.010
1790910944.208,enginecore,0.208
1790910944.208,other_total,0.079
1790910944.208,store_0,0.000
1790910944.208,store_1,0.000
1790910944.208,store_2,0.010
1790910944.208,avail_mb,36130
1790910944.208,pswpin,1529222
1790910945.219,api,0.020
1790910945.219,enginecore,0.020
1790910945.219,other_total,0.049
1790910945.219,store_0,0.000
1790910945.219,store_1,0.000
1790910945.219,store_2,0.000
1790910945.219,avail_mb,36126
1790910945.219,pswpin,1529222
1790910946.230,api,0.000
1790910946.230,enginecore,0.040
1790910946.230,other_total,0.020
1790910946.230,store_0,0.000
1790910946.230,store_1,0.000
1790910946.230,store_2,0.000
1790910946.230,avail_mb,36120
1790910946.230,pswpin,1529222
1790910947.241,api,0.000
1790910947.241,enginecore,0.040
1790910947.241,other_total,0.979
1790910947.241,store_0,0.000
1790910947.241,store_1,0.000
1790910947.241,store_2,0.000
1790910947.241,avail_mb,35960
1790910947.241,pswpin,1529222
1790910948.252,api,0.020
1790910948.252,client,0.000
1790910948.252,enginecore,0.010
1790910948.252,other_total,0.059
1790910948.252,store_0,0.000
1790910948.252,store_1,0.000
1790910948.252,store_2,0.000
1790910948.252,avail_mb,35957
1790910948.252,pswpin,1529222
1790910949.264,api,0.010
1790910949.264,client,0.000
1790910949.264,enginecore,0.040
1790910949.264,other_total,0.020
1790910949.264,store_0,0.000
1790910949.264,store_1,0.000
1790910949.264,store_2,0.000
1790910949.264,avail_mb,35957
1790910949.264,pswpin,1529222
1790910950.275,api,0.020
1790910950.275,client,0.000
1790910950.275,enginecore,0.623
1790910950.275,other_total,0.030
1790910950.275,store_0,0.020
1790910950.275,store_1,0.000
1790910950.275,store_2,0.010
1790910950.275,avail_mb,35977
1790910950.275,pswpin,1529222
1790910951.285,api,0.119
1790910951.285,client,0.069
1790910951.285,enginecore,3.534
1790910951.285,other_total,0.000
1790910951.285,store_0,0.030
1790910951.285,store_1,0.020
1790910951.285,store_2,0.010
1790910951.285,avail_mb,35988
1790910951.285,pswpin,1529222
1790910952.294,api,0.020
1790910952.294,client,0.000
1790910952.294,enginecore,0.991
1790910952.294,other_total,0.089
1790910952.294,store_0,0.020
1790910952.294,store_1,0.000
1790910952.294,store_2,0.000
1790910952.294,avail_mb,35987
1790910952.294,pswpin,1529222
1790910953.303,api,0.069
1790910953.303,client,0.030
1790910953.303,enginecore,1.933
1790910953.303,other_total,0.000
1790910953.303,store_0,0.010
1790910953.303,store_1,0.000
1790910953.303,store_2,0.000
1790910953.303,avail_mb,35982
1790910953.303,pswpin,1529222
1790910954.313,api,0.089
1790910954.313,client,0.010
1790910954.313,enginecore,2.424
1790910954.313,other_total,0.020
1790910954.313,store_0,0.030
1790910954.313,store_1,0.000
1790910954.313,store_2,0.040
1790910954.313,avail_mb,35984
1790910954.313,pswpin,1529222
1790910955.324,api,0.069
1790910955.324,client,0.020
1790910955.324,enginecore,2.683
1790910955.324,other_total,0.059
1790910955.324,store_0,0.030
1790910955.324,store_1,0.010
1790910955.324,store_2,0.010
1790910955.324,avail_mb,35981
1790910955.324,pswpin,1529222
1790910956.333,api,0.069
1790910956.333,client,0.030
1790910956.333,enginecore,1.348
1790910956.333,other_total,0.000
1790910956.333,store_0,0.020
1790910956.333,store_1,0.000
1790910956.333,store_2,0.000
1790910956.333,avail_mb,35972
1790910956.333,pswpin,1529223
1790910957.342,api,0.079
1790910957.342,client,0.030
1790910957.342,enginecore,2.012
1790910957.342,other_total,0.000
1790910957.342,store_0,0.010
1790910957.342,store_1,0.010
1790910957.342,store_2,0.020
1790910957.342,avail_mb,35969
1790910957.342,pswpin,1529223
1790910958.351,api,0.069
1790910958.351,client,0.030
1790910958.351,enginecore,2.022
1790910958.351,other_total,0.020
1790910958.351,store_0,0.010
1790910958.351,store_1,0.010
1790910958.351,store_2,0.000
1790910958.351,avail_mb,35970
1790910958.351,pswpin,1529223
1790910959.360,api,0.079
1790910959.360,client,0.020
1790910959.360,enginecore,2.595
1790910959.360,other_total,0.000
1790910959.360,store_0,0.020
1790910959.360,store_1,0.010
1790910959.360,store_2,0.040
1790910959.360,avail_mb,35971
1790910959.360,pswpin,1529223
1790910960.369,api,0.178
1790910960.369,client,0.069
1790910960.369,enginecore,3.975
1790910960.369,other_total,0.000
1790910960.369,store_0,0.020
1790910960.369,store_1,0.030
1790910960.369,store_2,0.000
1790910960.369,avail_mb,35967
1790910960.369,pswpin,1529225
1790910961.378,api,0.030
1790910961.378,client,0.000
1790910961.378,enginecore,0.694
1790910961.378,other_total,0.030
1790910961.378,store_0,0.000
1790910961.378,store_1,0.000
1790910961.378,store_2,0.000
1790910961.378,avail_mb,35965
1790910961.378,pswpin,1529225
1790910962.387,api,0.069
1790910962.387,client,0.030
1790910962.387,enginecore,1.943
1790910962.387,other_total,0.059
1790910962.387,store_0,0.020
1790910962.387,store_1,0.000
1790910962.387,store_2,0.010
1790910962.387,avail_mb,35966
1790910962.387,pswpin,1529225
1790910963.396,api,0.050
1790910963.396,client,0.010
1790910963.396,enginecore,1.666
1790910963.396,other_total,0.000
1790910963.396,store_0,0.050
1790910963.396,store_1,0.000
1790910963.396,store_2,0.000
1790910963.396,avail_mb,35961
1790910963.396,pswpin,1529225
1790910964.407,api,0.059
1790910964.407,client,0.000
1790910964.407,enginecore,2.076
1790910964.407,other_total,0.079
1790910964.407,store_0,0.010
1790910964.407,store_1,0.020
1790910964.407,store_2,0.000
1790910964.407,avail_mb,35961
1790910964.407,pswpin,1529225
1790910965.418,api,0.099
1790910965.418,client,0.040
1790910965.418,enginecore,2.789
1790910965.418,other_total,0.000
1790910965.418,store_0,0.020
1790910965.418,store_1,0.040
1790910965.418,store_2,0.020
1790910965.418,avail_mb,35958
1790910965.418,pswpin,1529225
1790910966.427,api,0.089
1790910966.427,client,0.040
1790910966.427,enginecore,2.983
1790910966.427,other_total,0.010
1790910966.427,store_0,0.000
1790910966.427,store_1,0.010
1790910966.427,store_2,0.010
1790910966.427,avail_mb,35961
1790910966.427,pswpin,1529227
1790910967.437,api,0.069
1790910967.437,client,0.010
1790910967.437,enginecore,1.446
1790910967.437,other_total,0.000
1790910967.437,store_0,0.010
1790910967.437,store_1,0.010
1790910967.437,store_2,0.010
1790910967.437,avail_mb,35963
1790910967.437,pswpin,1529227
1790910968.446,api,0.069
1790910968.446,client,0.040
1790910968.446,enginecore,1.685
1790910968.446,other_total,0.000
1790910968.446,store_0,0.000
1790910968.446,store_1,0.010
1790910968.446,store_2,0.000
1790910968.446,avail_mb,35959
1790910968.446,pswpin,1529227
1790910969.456,api,0.139
1790910969.456,client,0.040
1790910969.456,enginecore,3.861
1790910969.456,other_total,0.059
1790910969.456,store_0,0.020
1790910969.456,store_1,0.030
1790910969.456,store_2,0.000
1790910969.456,avail_mb,35957
1790910969.456,pswpin,1529227
1790910970.466,api,0.099
1790910970.466,client,0.040
1790910970.466,enginecore,3.139
1790910970.466,other_total,0.000
1790910970.466,store_0,0.030
1790910970.466,store_1,0.010
1790910970.466,store_2,0.010
1790910970.466,avail_mb,35956
1790910970.466,pswpin,1529227
1790910971.476,api,0.109
1790910971.476,client,0.040
1790910971.476,enginecore,2.407
1790910971.476,other_total,0.000
1790910971.476,store_0,0.000
1790910971.476,store_1,0.010
1790910971.476,store_2,0.020
1790910971.476,avail_mb,35957
1790910971.476,pswpin,1529227
1790910972.485,api,0.059
1790910972.485,client,0.010
1790910972.485,enginecore,1.596
1790910972.485,other_total,0.050
1790910972.485,store_0,0.000
1790910972.485,store_1,0.020
1790910972.485,store_2,0.000
1790910972.485,avail_mb,35956
1790910972.485,pswpin,1529227
1790910973.496,api,0.049
1790910973.496,client,0.030
1790910973.496,enginecore,1.918
1790910973.496,other_total,0.000
1790910973.496,store_0,0.000
1790910973.496,store_1,0.020
1790910973.496,store_2,0.020
1790910973.496,avail_mb,35956
1790910973.496,pswpin,1529227
1790910974.506,api,0.049
1790910974.506,client,0.010
1790910974.506,enginecore,1.544
1790910974.506,other_total,0.010
1790910974.506,store_0,0.030
1790910974.506,store_1,0.000
1790910974.506,store_2,0.010
1790910974.506,avail_mb,35953
1790910974.506,pswpin,1529227
1790910975.515,api,0.069
1790910975.515,client,0.020
1790910975.515,enginecore,1.933
1790910975.515,other_total,0.020
1790910975.515,store_0,0.010
1790910975.515,store_1,0.020
1790910975.515,store_2,0.000
1790910975.515,avail_mb,35948
1790910975.515,pswpin,1529227
1790910976.524,api,0.050
1790910976.524,client,0.000
1790910976.524,enginecore,1.358
1790910976.524,other_total,0.069
1790910976.524,store_0,0.010
1790910976.524,store_1,0.010
1790910976.524,store_2,0.000
1790910976.524,avail_mb,35944
1790910976.524,pswpin,1529227
1790910977.533,api,0.109
1790910977.533,client,0.050
1790910977.533,enginecore,2.944
1790910977.533,other_total,0.000
1790910977.533,store_0,0.010
1790910977.533,store_1,0.020
1790910977.533,store_2,0.030
1790910977.533,avail_mb,35946
1790910977.533,pswpin,1529227
1790910978.543,api,0.079
1790910978.543,client,0.040
1790910978.543,enginecore,2.721
1790910978.543,other_total,0.030
1790910978.543,store_0,0.020
1790910978.543,store_1,0.010
1790910978.543,store_2,0.020
1790910978.543,avail_mb,35943
1790910978.543,pswpin,1529227
1790910979.552,api,0.059
1790910979.552,client,0.010
1790910979.552,enginecore,2.082
1790910979.552,other_total,0.000
1790910979.552,store_0,0.000
1790910979.552,store_1,0.010
1790910979.552,store_2,0.010
1790910979.552,avail_mb,35939
1790910979.552,pswpin,1529227
1790910980.561,api,0.059
1790910980.561,client,0.010
1790910980.561,enginecore,1.249
1790910980.561,other_total,0.020
1790910980.561,store_0,0.010
1790910980.561,store_1,0.000
1790910980.561,store_2,0.000
1790910980.561,avail_mb,35938
1790910980.561,pswpin,1529227
1790910981.571,api,0.059
1790910981.571,client,0.030
1790910981.571,enginecore,1.793
1790910981.571,other_total,0.040
1790910981.571,store_0,0.020
1790910981.571,store_1,0.010
1790910981.571,store_2,0.010
1790910981.571,avail_mb,35935
1790910981.571,pswpin,1529227
1790910982.580,api,0.109
1790910982.580,client,0.030
1790910982.580,enginecore,3.211
1790910982.580,other_total,0.000
1790910982.580,store_0,0.020
1790910982.580,store_1,0.010
1790910982.580,store_2,0.010
1790910982.580,avail_mb,35938
1790910982.580,pswpin,1529228
1790910983.589,api,0.069
1790910983.589,client,0.030
1790910983.589,enginecore,2.130
1790910983.589,other_total,0.000
1790910983.589,store_0,0.020
1790910983.589,store_1,0.010
1790910983.589,store_2,0.010
1790910983.589,avail_mb,35935
1790910983.589,pswpin,1529228
1790910984.598,api,0.099
1790910984.598,client,0.020
1790910984.598,enginecore,2.637
1790910984.598,other_total,0.020
1790910984.598,store_0,0.010
1790910984.598,store_1,0.010
1790910984.598,store_2,0.010
1790910984.598,avail_mb,35927
1790910984.598,pswpin,1529228
1790910985.607,api,0.079
1790910985.607,client,0.020
1790910985.607,enginecore,2.666
1790910985.607,other_total,0.000
1790910985.607,store_0,0.010
1790910985.607,store_1,0.020
1790910985.607,store_2,0.010
1790910985.607,avail_mb,35923
1790910985.607,pswpin,1529229
1790910986.617,api,0.040
1790910986.617,client,0.010
1790910986.617,enginecore,1.595
1790910986.617,other_total,0.000
1790910986.617,store_0,0.000
1790910986.617,store_1,0.010
1790910986.617,store_2,0.010
1790910986.617,avail_mb,35921
1790910986.617,pswpin,1529229
1790910987.626,api,0.020
1790910987.626,client,0.010
1790910987.626,enginecore,0.535
1790910987.626,other_total,0.040
1790910987.626,store_0,0.000
1790910987.626,store_1,0.010
1790910987.626,store_2,0.010
1790910987.626,avail_mb,35920
1790910987.626,pswpin,1529229
1790910988.636,api,0.119
1790910988.636,client,0.040
1790910988.636,enginecore,3.187
1790910988.636,other_total,0.000
1790910988.636,store_0,0.030
1790910988.636,store_1,0.010
1790910988.636,store_2,0.040
1790910988.636,avail_mb,35923
1790910988.636,pswpin,1529229
1790910989.646,api,0.069
1790910989.646,client,0.030
1790910989.646,enginecore,1.971
1790910989.646,other_total,0.000
1790910989.646,store_0,0.010
1790910989.646,store_1,0.010
1790910989.646,store_2,0.000
1790910989.646,avail_mb,35920
1790910989.646,pswpin,1529229
1790910990.655,api,0.069
1790910990.655,client,0.020
1790910990.655,enginecore,2.169
1790910990.655,other_total,0.040
1790910990.655,store_0,0.020
1790910990.655,store_1,0.000
1790910990.655,store_2,0.010
1790910990.655,avail_mb,35921
1790910990.655,pswpin,1529229
1790910991.667,api,0.079
1790910991.667,client,0.010
1790910991.667,enginecore,1.927
1790910991.667,other_total,0.000
1790910991.667,store_0,0.010
1790910991.667,store_1,0.030
1790910991.667,store_2,0.010
1790910991.667,avail_mb,35921
1790910991.667,pswpin,1529229
1790910992.677,api,0.050
1790910992.677,client,0.020
1790910992.677,enginecore,2.139
1790910992.677,other_total,0.050
1790910992.677,store_0,0.010
1790910992.677,store_1,0.020
1790910992.677,store_2,0.020
1790910992.677,avail_mb,35914
1790910992.677,pswpin,1529229
1790910993.686,api,0.129
1790910993.686,client,0.030
1790910993.686,enginecore,3.023
1790910993.686,other_total,0.000
1790910993.686,store_0,0.030
1790910993.686,store_1,0.010
1790910993.686,store_2,0.010
1790910993.686,avail_mb,35913
1790910993.686,pswpin,1529229
1790910994.697,api,0.119
1790910994.697,client,0.059
1790910994.697,enginecore,3.444
1790910994.697,other_total,0.000
1790910994.697,store_0,0.020
1790910994.697,store_1,0.010
1790910994.697,store_2,0.020
1790910994.697,avail_mb,35909
1790910994.697,pswpin,1529229
1790910995.706,api,0.109
1790910995.706,client,0.050
1790910995.706,enginecore,3.073
1790910995.706,other_total,0.000
1790910995.706,store_0,0.000
1790910995.706,store_1,0.030
1790910995.706,store_2,0.030
1790910995.706,avail_mb,35907
1790910995.706,pswpin,1529229
1790910996.714,api,0.109
1790910996.714,client,0.020
1790910996.714,enginecore,3.083
1790910996.714,other_total,0.000
1790910996.714,store_0,0.040
1790910996.714,store_1,0.010
1790910996.714,store_2,0.010
1790910996.714,avail_mb,35905
1790910996.714,pswpin,1529229
1790910997.724,api,0.079
1790910997.724,client,0.010
1790910997.724,enginecore,1.486
1790910997.724,other_total,0.000
1790910997.724,store_0,0.000
1790910997.724,store_1,0.010
1790910997.724,store_2,0.010
1790910997.724,avail_mb,35904
1790910997.724,pswpin,1529229
1790910998.733,api,0.050
1790910998.733,client,0.010
1790910998.733,enginecore,1.487
1790910998.733,other_total,0.040
1790910998.733,store_0,0.020
1790910998.733,store_1,0.000
1790910998.733,store_2,0.000
1790910998.733,avail_mb,35903
1790910998.733,pswpin,1529230
1790910999.741,api,0.050
1790910999.741,client,0.030
1790910999.741,enginecore,1.566
1790910999.741,other_total,0.000
1790910999.741,store_0,0.010
1790910999.741,store_1,0.010
1790910999.741,store_2,0.010
1790910999.741,avail_mb,35904
1790910999.741,pswpin,1529230
1790911000.752,api,0.099
1790911000.752,client,0.030
1790911000.752,enginecore,2.910
1790911000.752,other_total,0.000
1790911000.752,store_0,0.010
1790911000.752,store_1,0.030
1790911000.752,store_2,0.020
1790911000.752,avail_mb,35899
1790911000.752,pswpin,1529230
1790911001.760,api,0.099
1790911001.760,client,0.040
1790911001.760,enginecore,3.073
1790911001.760,other_total,0.000
1790911001.760,store_0,0.020
1790911001.760,store_1,0.010
1790911001.760,store_2,0.030
1790911001.760,avail_mb,35902
1790911001.760,pswpin,1529230
1790911002.769,api,0.089
1790911002.769,client,0.030
1790911002.769,enginecore,2.488
1790911002.769,other_total,0.069
1790911002.769,store_0,0.000
1790911002.769,store_1,0.000
1790911002.769,store_2,0.010
1790911002.769,avail_mb,35893
1790911002.769,pswpin,1529230
1790911003.778,api,0.079
1790911003.778,client,0.030
1790911003.778,enginecore,2.457
1790911003.778,other_total,0.000
1790911003.778,store_0,0.020
1790911003.778,store_1,0.010
1790911003.778,store_2,0.030
1790911003.778,avail_mb,35891
1790911003.778,pswpin,1529230
1790911004.788,api,0.079
1790911004.788,client,0.010
1790911004.788,enginecore,1.723
1790911004.788,other_total,0.030
1790911004.788,store_0,0.000
1790911004.788,store_1,0.000
1790911004.788,store_2,0.000
1790911004.788,avail_mb,35891
1790911004.788,pswpin,1529230
1790911005.797,api,0.059
1790911005.797,client,0.030
1790911005.797,enginecore,1.298
1790911005.797,other_total,0.010
1790911005.797,store_0,0.000
1790911005.797,store_1,0.010
1790911005.797,store_2,0.010
1790911005.797,avail_mb,35886
1790911005.797,pswpin,1529230
1790911006.806,api,0.040
1790911006.806,client,0.010
1790911006.806,enginecore,1.884
1790911006.806,other_total,0.050
1790911006.806,store_0,0.020
1790911006.806,store_1,0.010
1790911006.806,store_2,0.000
1790911006.806,avail_mb,35891
1790911006.806,pswpin,1529230
1790911007.815,api,0.059
1790911007.815,client,0.010
1790911007.815,enginecore,1.586
1790911007.815,other_total,0.059
1790911007.815,store_0,0.020
1790911007.815,store_1,0.010
1790911007.815,store_2,0.000
1790911007.815,avail_mb,35889
1790911007.815,pswpin,1529230
1790911008.824,api,0.079
1790911008.824,client,0.030
1790911008.824,enginecore,2.141
1790911008.824,other_total,0.000
1790911008.824,store_0,0.010
1790911008.824,store_1,0.030
1790911008.824,store_2,0.000
1790911008.824,avail_mb,35889
1790911008.824,pswpin,1529230
1790911009.833,api,0.030
1790911009.833,client,0.010
1790911009.833,enginecore,1.079
1790911009.833,other_total,0.000
1790911009.833,store_0,0.020
1790911009.833,store_1,0.010
1790911009.833,store_2,0.000
1790911009.833,avail_mb,35887
1790911009.833,pswpin,1529230
1790911010.842,api,0.069
1790911010.842,client,0.040
1790911010.842,enginecore,2.002
1790911010.842,other_total,0.000
1790911010.842,store_0,0.010
1790911010.842,store_1,0.010
1790911010.842,store_2,0.010
1790911010.842,avail_mb,35889
1790911010.842,pswpin,1529230
1790911011.852,api,0.059
1790911011.852,client,0.000
1790911011.852,enginecore,1.525
1790911011.852,other_total,0.030
1790911011.852,store_0,0.010
1790911011.852,store_1,0.010
1790911011.852,store_2,0.020
1790911011.852,avail_mb,35887
1790911011.852,pswpin,1529230
1790911012.861,api,0.069
1790911012.861,client,0.020
1790911012.861,enginecore,2.052
1790911012.861,other_total,0.000
1790911012.861,store_0,0.000
1790911012.861,store_1,0.010
1790911012.861,store_2,0.010
1790911012.861,avail_mb,35890
1790911012.861,pswpin,1529230
1790911013.870,api,0.069
1790911013.870,client,0.020
1790911013.870,enginecore,1.903
1790911013.870,other_total,0.050
1790911013.870,store_0,0.000
1790911013.870,store_1,0.010
1790911013.870,store_2,0.030
1790911013.870,avail_mb,35890
1790911013.870,pswpin,1529230
1790911014.881,api,0.079
1790911014.881,client,0.020
1790911014.881,enginecore,2.403
1790911014.881,other_total,0.020
1790911014.881,store_0,0.020
1790911014.881,store_1,0.000
1790911014.881,store_2,0.020
1790911014.881,avail_mb,35884
1790911014.881,pswpin,1529230
1790911015.890,api,0.079
1790911015.890,client,0.010
1790911015.890,enginecore,2.874
1790911015.890,other_total,0.030
1790911015.890,store_0,0.020
1790911015.890,store_1,0.020
1790911015.890,store_2,0.020
1790911015.890,avail_mb,35882
1790911015.890,pswpin,1529230
1790911016.899,api,0.129
1790911016.899,client,0.069
1790911016.899,enginecore,3.370
1790911016.899,other_total,0.000
1790911016.899,store_0,0.010
1790911016.899,store_1,0.010
1790911016.899,store_2,0.030
1790911016.899,avail_mb,35878
1790911016.899,pswpin,1529230
1790911017.909,api,0.099
1790911017.909,client,0.010
1790911017.909,enginecore,3.090
1790911017.909,other_total,0.020
1790911017.909,store_0,0.020
1790911017.909,store_1,0.010
1790911017.909,store_2,0.040
1790911017.909,avail_mb,35877
1790911017.909,pswpin,1529230
1790911018.918,api,0.099
1790911018.918,client,0.030
1790911018.918,enginecore,2.913
1790911018.918,other_total,0.040
1790911018.918,store_0,0.000
1790911018.918,store_1,0.020
1790911018.918,store_2,0.010
1790911018.918,avail_mb,35874
1790911018.918,pswpin,1529230
1790911019.927,api,0.040
1790911019.927,client,0.020
1790911019.927,enginecore,1.150
1790911019.927,other_total,0.000
1790911019.927,store_0,0.000
1790911019.927,store_1,0.020
1790911019.927,store_2,0.000
1790911019.927,avail_mb,35873
1790911019.927,pswpin,1529230
1790911020.936,api,0.089
1790911020.936,client,0.030
1790911020.936,enginecore,2.507
1790911020.936,other_total,0.040
1790911020.936,store_0,0.010
1790911020.936,store_1,0.000
1790911020.936,store_2,0.030
1790911020.936,avail_mb,35868
1790911020.936,pswpin,1529231
1790911021.945,api,0.020
1790911021.945,client,0.020
1790911021.945,enginecore,0.486
1790911021.945,other_total,0.000
1790911021.945,store_0,0.000
1790911021.945,store_1,0.000
1790911021.945,store_2,0.010
1790911021.945,avail_mb,35868
1790911021.945,pswpin,1529231
1790911022.954,api,0.030
1790911022.954,client,0.010
1790911022.954,enginecore,1.288
1790911022.954,other_total,0.010
1790911022.954,store_0,0.000
1790911022.954,store_1,0.000
1790911022.954,store_2,0.030
1790911022.954,avail_mb,35866
1790911022.954,pswpin,1529231
1790911023.963,api,0.030
1790911023.963,client,0.000
1790911023.963,enginecore,0.525
1790911023.963,other_total,0.050
1790911023.963,store_0,0.000
1790911023.963,store_1,0.000
1790911023.963,store_2,0.010
1790911023.963,avail_mb,35862
1790911023.963,pswpin,1529231
1790911024.973,api,0.099
1790911024.973,client,0.030
1790911024.973,enginecore,2.585
1790911024.973,other_total,0.000
1790911024.973,store_0,0.010
1790911024.973,store_1,0.010
1790911024.973,store_2,0.000
1790911024.973,avail_mb,35864
1790911024.973,pswpin,1529231
1790911025.982,api,0.109
1790911025.982,client,0.030
1790911025.982,enginecore,3.528
1790911025.982,other_total,0.000
1790911025.982,store_0,0.040
1790911025.982,store_1,0.040
1790911025.982,store_2,0.000
1790911025.982,avail_mb,35864
1790911025.982,pswpin,1529231
1790911026.991,api,0.079
1790911026.991,client,0.010
1790911026.991,enginecore,2.031
1790911026.991,other_total,0.069
1790911026.991,store_0,0.020
1790911026.991,store_1,0.010
1790911026.991,store_2,0.020
1790911026.991,avail_mb,35863
1790911026.991,pswpin,1529231
1790911028.001,api,0.109
1790911028.001,client,0.040
1790911028.001,enginecore,3.517
1790911028.001,other_total,0.000
1790911028.001,store_0,0.030
1790911028.001,store_1,0.020
1790911028.001,store_2,0.000
1790911028.001,avail_mb,35864
1790911028.001,pswpin,1529231
1790911029.009,api,0.109
1790911029.009,client,0.040
1790911029.009,enginecore,2.984
1790911029.009,other_total,0.000
1790911029.009,store_0,0.010
1790911029.009,store_1,0.000
1790911029.009,store_2,0.020
1790911029.009,avail_mb,35860
1790911029.009,pswpin,1529231
1790911030.019,api,0.089
1790911030.019,client,0.030
1790911030.019,enginecore,2.268
1790911030.019,other_total,0.030
1790911030.019,store_0,0.000
1790911030.019,store_1,0.030
1790911030.019,store_2,0.010
1790911030.019,avail_mb,35855
1790911030.019,pswpin,1529231
1790911031.029,api,0.089
1790911031.029,client,0.020
1790911031.029,enginecore,2.821
1790911031.029,other_total,0.020
1790911031.029,store_0,0.030
1790911031.029,store_1,0.020
1790911031.029,store_2,0.000
1790911031.029,avail_mb,35852
1790911031.029,pswpin,1529231
1790911032.040,api,0.069
1790911032.040,client,0.010
1790911032.040,enginecore,1.881
1790911032.040,other_total,0.000
1790911032.040,store_0,0.010
1790911032.040,store_1,0.010
1790911032.040,store_2,0.010
1790911032.040,avail_mb,35853
1790911032.040,pswpin,1529231
1790911033.049,api,0.119
1790911033.049,client,0.030
1790911033.049,enginecore,3.815
1790911033.049,other_total,0.010
1790911033.049,store_0,0.020
1790911033.049,store_1,0.010
1790911033.049,store_2,0.010
1790911033.049,avail_mb,35850
1790911033.049,pswpin,1529231
1790911034.058,api,0.069
1790911034.058,client,0.030
1790911034.058,enginecore,2.280
1790911034.058,other_total,0.000
1790911034.058,store_0,0.010
1790911034.058,store_1,0.020
1790911034.058,store_2,0.010
1790911034.058,avail_mb,35851
1790911034.058,pswpin,1529239
1790911035.066,api,0.059
1790911035.066,client,0.020
1790911035.066,enginecore,2.250
1790911035.066,other_total,0.000
1790911035.066,store_0,0.020
1790911035.066,store_1,0.010
1790911035.066,store_2,0.020
1790911035.066,avail_mb,35848
1790911035.066,pswpin,1529239
1790911036.075,api,0.050
1790911036.075,client,0.010
1790911036.075,enginecore,1.477
1790911036.075,other_total,0.050
1790911036.075,store_0,0.000
1790911036.075,store_1,0.000
1790911036.075,store_2,0.030
1790911036.075,avail_mb,35837
1790911036.075,pswpin,1529239
1790911037.084,api,0.079
1790911037.084,client,0.030
1790911037.084,enginecore,2.181
1790911037.084,other_total,0.000
1790911037.084,store_0,0.030
1790911037.084,store_1,0.010
1790911037.084,store_2,0.020
1790911037.084,avail_mb,35839
1790911037.084,pswpin,1529239
1790911038.093,api,0.059
1790911038.093,client,0.010
1790911038.093,enginecore,0.991
1790911038.093,other_total,0.000
1790911038.093,store_0,0.010
1790911038.093,store_1,0.000
1790911038.093,store_2,0.000
1790911038.093,avail_mb,35836
1790911038.093,pswpin,1529239
1790911039.102,api,0.050
1790911039.102,client,0.010
1790911039.102,enginecore,1.110
1790911039.102,other_total,0.010
1790911039.102,store_0,0.020
1790911039.102,store_1,0.010
1790911039.102,store_2,0.000
1790911039.102,avail_mb,35835
1790911039.102,pswpin,1529239
1790911040.111,api,0.089
1790911040.111,client,0.010
1790911040.111,enginecore,2.676
1790911040.111,other_total,0.010
1790911040.111,store_0,0.010
1790911040.111,store_1,0.010
1790911040.111,store_2,0.010
1790911040.111,avail_mb,35838
1790911040.111,pswpin,1529239
1790911041.120,api,0.040
1790911041.120,client,0.030
1790911041.120,enginecore,1.239
1790911041.120,other_total,0.040
1790911041.120,store_0,0.000
1790911041.120,store_1,0.000
1790911041.120,store_2,0.010
1790911041.120,avail_mb,35835
1790911041.120,pswpin,1529239
1790911042.131,api,0.089
1790911042.131,client,0.000
1790911042.131,enginecore,2.326
1790911042.131,other_total,0.000
1790911042.131,store_0,0.030
1790911042.131,store_1,0.010
1790911042.131,store_2,0.010
1790911042.131,avail_mb,35834
1790911042.131,pswpin,1529239
1790911043.139,api,0.069
1790911043.139,client,0.030
1790911043.139,enginecore,2.101
1790911043.139,other_total,0.000
1790911043.139,store_0,0.010
1790911043.139,store_1,0.010
1790911043.139,store_2,0.000
1790911043.139,avail_mb,35833
1790911043.139,pswpin,1529240
1790911044.148,api,0.079
1790911044.148,client,0.030
1790911044.148,enginecore,2.875
1790911044.148,other_total,0.089
1790911044.148,store_0,0.030
1790911044.148,store_1,0.000
1790911044.148,store_2,0.010
1790911044.148,avail_mb,35833
1790911044.148,pswpin,1529240
1790911045.158,api,0.099
1790911045.158,client,0.040
1790911045.158,enginecore,2.665
1790911045.158,other_total,0.000
1790911045.158,store_0,0.010
1790911045.158,store_1,0.000
1790911045.158,store_2,0.020
1790911045.158,avail_mb,35838
1790911045.158,pswpin,1529240
1790911046.167,api,0.089
1790911046.167,client,0.020
1790911046.167,enginecore,1.735
1790911046.167,other_total,0.000
1790911046.167,store_0,0.000
1790911046.167,store_1,0.020
1790911046.167,store_2,0.010
1790911046.167,avail_mb,35831
1790911046.167,pswpin,1529240
1790911047.176,api,0.059
1790911047.176,client,0.010
1790911047.176,enginecore,1.823
1790911047.176,other_total,0.099
1790911047.176,store_0,0.020
1790911047.176,store_1,0.010
1790911047.176,store_2,0.020
1790911047.176,avail_mb,35825
1790911047.176,pswpin,1529251
1790911048.185,api,0.030
1790911048.185,client,0.010
1790911048.185,enginecore,0.783
1790911048.185,other_total,0.000
1790911048.185,store_0,0.020
1790911048.185,store_1,0.000
1790911048.185,store_2,0.000
1790911048.185,avail_mb,35824
1790911048.185,pswpin,1529251
1790911049.194,api,0.059
1790911049.194,client,0.010
1790911049.194,enginecore,2.061
1790911049.194,other_total,0.030
1790911049.194,store_0,0.000
1790911049.194,store_1,0.040
1790911049.194,store_2,0.010
1790911049.194,avail_mb,35825
1790911049.194,pswpin,1529251
1790911050.203,api,0.069
1790911050.203,client,0.030
1790911050.203,enginecore,2.389
1790911050.203,other_total,0.010
1790911050.203,store_0,0.020
1790911050.203,store_1,0.020
1790911050.203,store_2,0.000
1790911050.203,avail_mb,35824
1790911050.203,pswpin,1529251
1790911051.213,api,0.079
1790911051.213,client,0.010
1790911051.213,enginecore,1.861
1790911051.213,other_total,0.000
1790911051.213,store_0,0.010
1790911051.213,store_1,0.010
1790911051.213,store_2,0.010
1790911051.213,avail_mb,35821
1790911051.213,pswpin,1529253
1790911052.222,api,0.050
1790911052.222,client,0.020
1790911052.222,enginecore,1.993
1790911052.222,other_total,0.000
1790911052.222,store_0,0.010
1790911052.222,store_1,0.000
1790911052.222,store_2,0.020
1790911052.222,avail_mb,35820
1790911052.222,pswpin,1529253
1790911053.231,api,0.050
1790911053.231,client,0.010
1790911053.231,enginecore,1.091
1790911053.231,other_total,0.099
1790911053.231,store_0,0.010
1790911053.231,store_1,0.000
1790911053.231,store_2,0.010
1790911053.231,avail_mb,35813
1790911053.231,pswpin,1529253
1790911054.240,api,0.050
1790911054.240,client,0.010
1790911054.240,enginecore,1.755
1790911054.240,other_total,0.010
1790911054.240,store_0,0.010
1790911054.240,store_1,0.020
1790911054.240,store_2,0.010
1790911054.240,avail_mb,35816
1790911054.240,pswpin,1529253
1790911055.248,api,0.099
1790911055.248,client,0.040
1790911055.248,enginecore,2.785
1790911055.248,other_total,0.000
1790911055.248,store_0,0.020
1790911055.248,store_1,0.010
1790911055.248,store_2,0.010
1790911055.248,avail_mb,35816
1790911055.248,pswpin,1529253
1790911056.257,api,0.079
1790911056.257,client,0.030
1790911056.257,enginecore,2.696
1790911056.257,other_total,0.010
1790911056.257,store_0,0.020
1790911056.257,store_1,0.010
1790911056.257,store_2,0.020
1790911056.257,avail_mb,35813
1790911056.257,pswpin,1529253
1790911057.266,api,0.099
1790911057.266,client,0.030
1790911057.266,enginecore,2.120
1790911057.266,other_total,0.000
1790911057.266,store_0,0.000
1790911057.266,store_1,0.000
1790911057.266,store_2,0.020
1790911057.266,avail_mb,35812
1790911057.266,pswpin,1529253
1790911058.275,api,0.089
1790911058.275,client,0.020
1790911058.275,enginecore,2.260
1790911058.275,other_total,0.000
1790911058.275,store_0,0.000
1790911058.275,store_1,0.000
1790911058.275,store_2,0.030
1790911058.275,avail_mb,35813
1790911058.275,pswpin,1529253
1790911059.285,api,0.069
1790911059.285,client,0.020
1790911059.285,enginecore,2.001
1790911059.285,other_total,0.010
1790911059.285,store_0,0.030
1790911059.285,store_1,0.010
1790911059.285,store_2,0.000
1790911059.285,avail_mb,35808
1790911059.285,pswpin,1529253
1790911060.294,api,0.069
1790911060.294,client,0.020
1790911060.294,enginecore,2.161
1790911060.294,other_total,0.000
1790911060.294,store_0,0.010
1790911060.294,store_1,0.050
1790911060.294,store_2,0.000
1790911060.294,avail_mb,35809
1790911060.294,pswpin,1529253
1790911061.303,api,0.079
1790911061.303,client,0.010
1790911061.303,enginecore,1.685
1790911061.303,other_total,0.010
1790911061.303,store_0,0.010
1790911061.303,store_1,0.020
1790911061.303,store_2,0.000
1790911061.303,avail_mb,35809
1790911061.303,pswpin,1529253
1790911062.312,api,0.050
1790911062.312,client,0.020
1790911062.312,enginecore,1.764
1790911062.312,other_total,0.020
1790911062.312,store_0,0.010
1790911062.312,store_1,0.020
1790911062.312,store_2,0.010
1790911062.312,avail_mb,35805
1790911062.312,pswpin,1529253
1790911063.321,api,0.040
1790911063.321,client,0.020
1790911063.321,enginecore,0.853
1790911063.321,other_total,0.000
1790911063.321,store_0,0.000
1790911063.321,store_1,0.000
1790911063.321,store_2,0.010
1790911063.321,avail_mb,35804
1790911063.321,pswpin,1529253
1790911064.331,api,0.139
1790911064.331,client,0.030
1790911064.331,enginecore,3.575
1790911064.331,other_total,0.020
1790911064.331,store_0,0.020
1790911064.331,store_1,0.020
1790911064.331,store_2,0.020
1790911064.331,avail_mb,35805
1790911064.331,pswpin,1529253
1790911065.340,api,0.079
1790911065.340,client,0.020
1790911065.340,enginecore,3.131
1790911065.340,other_total,0.050
1790911065.340,store_0,0.030
1790911065.340,store_1,0.020
1790911065.340,store_2,0.010
1790911065.340,avail_mb,35793
1790911065.340,pswpin,1529253
1790911066.349,api,0.119
1790911066.349,client,0.030
1790911066.349,enginecore,3.270
1790911066.349,other_total,0.010
1790911066.349,store_0,0.000
1790911066.349,store_1,0.030
1790911066.349,store_2,0.020
1790911066.349,avail_mb,35795
1790911066.349,pswpin,1529253
1790911067.358,api,0.089
1790911067.358,client,0.020
1790911067.358,enginecore,2.250
1790911067.358,other_total,0.010
1790911067.358,store_0,0.010
1790911067.358,store_1,0.020
1790911067.358,store_2,0.010
1790911067.358,avail_mb,35796
1790911067.358,pswpin,1529253
1790911068.367,api,0.099
1790911068.367,client,0.030
1790911068.367,enginecore,3.032
1790911068.367,other_total,0.020
1790911068.367,store_0,0.010
1790911068.367,store_1,0.000
1790911068.367,store_2,0.010
1790911068.367,avail_mb,35790
1790911068.367,pswpin,1529253
1790911069.376,api,0.109
1790911069.376,client,0.040
1790911069.376,enginecore,3.381
1790911069.376,other_total,0.030
1790911069.376,store_0,0.010
1790911069.376,store_1,0.030
1790911069.376,store_2,0.040
1790911069.376,avail_mb,35799
1790911069.376,pswpin,1529253
1790911070.385,api,0.059
1790911070.385,client,0.010
1790911070.385,enginecore,1.348
1790911070.385,other_total,0.010
1790911070.385,store_0,0.010
1790911070.385,store_1,0.000
1790911070.385,store_2,0.020
1790911070.385,avail_mb,35798
1790911070.385,pswpin,1529253
1790911071.394,api,0.050
1790911071.394,client,0.020
1790911071.394,enginecore,1.426
1790911071.394,other_total,0.020
1790911071.394,store_0,0.010
1790911071.394,store_1,0.010
1790911071.394,store_2,0.000
1790911071.394,avail_mb,35791
1790911071.394,pswpin,1529253
1790911072.403,api,0.069
1790911072.403,client,0.020
1790911072.403,enginecore,2.131
1790911072.403,other_total,0.000
1790911072.403,store_0,0.010
1790911072.403,store_1,0.020
1790911072.403,store_2,0.010
1790911072.403,avail_mb,35793
1790911072.403,pswpin,1529253
1790911073.412,api,0.079
1790911073.412,client,0.020
1790911073.412,enginecore,2.429
1790911073.412,other_total,0.059
1790911073.412,store_0,0.010
1790911073.412,store_1,0.010
1790911073.412,store_2,0.030
1790911073.412,avail_mb,35791
1790911073.412,pswpin,1529253
1790911074.421,api,0.099
1790911074.421,client,0.030
1790911074.421,enginecore,2.884
1790911074.421,other_total,0.000
1790911074.421,store_0,0.020
1790911074.421,store_1,0.010
1790911074.421,store_2,0.020
1790911074.421,avail_mb,35785
1790911074.421,pswpin,1529253
1790911075.430,api,0.040
1790911075.430,client,0.010
1790911075.430,enginecore,1.199
1790911075.430,other_total,0.059
1790911075.430,store_0,0.000
1790911075.430,store_1,0.010
1790911075.430,store_2,0.000
1790911075.430,avail_mb,35783
1790911075.430,pswpin,1529253
1790911076.439,api,0.059
1790911076.439,client,0.010
1790911076.439,enginecore,1.685
1790911076.439,other_total,0.020
1790911076.439,store_0,0.020
1790911076.439,store_1,0.000
1790911076.439,store_2,0.010
1790911076.439,avail_mb,35781
1790911076.439,pswpin,1529253
1790911077.447,api,0.059
1790911077.447,client,0.020
1790911077.447,enginecore,1.943
1790911077.447,other_total,0.000
1790911077.447,store_0,0.040
1790911077.447,store_1,0.000
1790911077.447,store_2,0.030
1790911077.447,avail_mb,35775
1790911077.447,pswpin,1529253
1790911078.456,api,0.050
1790911078.456,client,0.020
1790911078.456,enginecore,1.437
1790911078.456,other_total,0.000
1790911078.456,store_0,0.000
1790911078.456,store_1,0.020
1790911078.456,store_2,0.010
1790911078.456,avail_mb,35775
1790911078.456,pswpin,1529253
1790911079.465,api,0.040
1790911079.465,client,0.000
1790911079.465,enginecore,1.160
1790911079.465,other_total,0.079
1790911079.465,store_0,0.000
1790911079.465,store_1,0.020
1790911079.465,store_2,0.000
1790911079.465,avail_mb,35773
1790911079.465,pswpin,1529253
1790911080.474,api,0.159
1790911080.474,client,0.059
1790911080.474,enginecore,3.837
1790911080.474,other_total,0.000
1790911080.474,store_0,0.020
1790911080.474,store_1,0.010
1790911080.474,store_2,0.020
1790911080.474,avail_mb,35773
1790911080.474,pswpin,1529254
1790911081.493,api,0.078
1790911081.493,client,0.029
1790911081.493,enginecore,2.432
1790911081.493,other_total,0.000
1790911081.493,store_0,0.010
1790911081.493,store_1,0.000
1790911081.493,store_2,0.020
1790911081.493,avail_mb,35776
1790911081.493,pswpin,1529254
1790911082.503,api,0.089
1790911082.503,client,0.030
1790911082.503,enginecore,2.120
1790911082.503,other_total,0.000
1790911082.503,store_0,0.000
1790911082.503,store_1,0.020
1790911082.503,store_2,0.010
1790911082.503,avail_mb,35774
1790911082.503,pswpin,1529254
1790911083.512,api,0.050
1790911083.512,client,0.020
1790911083.512,enginecore,1.715
1790911083.512,other_total,0.010
1790911083.512,store_0,0.010
1790911083.512,store_1,0.000
1790911083.512,store_2,0.010
1790911083.512,avail_mb,35768
1790911083.512,pswpin,1529254
1790911084.521,api,0.099
1790911084.521,client,0.020
1790911084.521,enginecore,2.953
1790911084.521,other_total,0.000
1790911084.521,store_0,0.010
1790911084.521,store_1,0.020
1790911084.521,store_2,0.020
1790911084.521,avail_mb,35766
1790911084.521,pswpin,1529254
1790911085.530,api,0.069
1790911085.530,client,0.020
1790911085.530,enginecore,2.201
1790911085.530,other_total,0.010
1790911085.530,store_0,0.000
1790911085.530,store_1,0.000
1790911085.530,store_2,0.020
1790911085.530,avail_mb,35767
1790911085.530,pswpin,1529254
1790911086.575,api,0.048
1790911086.575,client,0.019
1790911086.575,enginecore,1.071
1790911086.575,other_total,0.010
1790911086.575,store_0,0.000
1790911086.575,store_1,0.029
1790911086.575,store_2,0.000
1790911086.575,avail_mb,35762
1790911086.575,pswpin,1529254
1790911087.584,api,0.089
1790911087.584,client,0.020
1790911087.584,enginecore,2.518
1790911087.584,other_total,0.000
1790911087.584,store_0,0.010
1790911087.584,store_1,0.030
1790911087.584,store_2,0.000
1790911087.584,avail_mb,35763
1790911087.584,pswpin,1529254
1790911088.594,api,0.050
1790911088.594,client,0.020
1790911088.594,enginecore,1.238
1790911088.594,other_total,0.000
1790911088.594,store_0,0.000
1790911088.594,store_1,0.010
1790911088.594,store_2,0.010
1790911088.594,avail_mb,35762
1790911088.594,pswpin,1529254
1790911089.606,api,0.128
1790911089.606,client,0.040
1790911089.606,enginecore,4.270
1790911089.606,other_total,0.059
1790911089.606,store_0,0.010
1790911089.606,store_1,0.030
1790911089.606,store_2,0.020
1790911089.606,avail_mb,35760
1790911089.606,pswpin,1529254
1790911090.614,api,0.089
1790911090.614,client,0.020
1790911090.614,enginecore,2.647
1790911090.614,other_total,0.050
1790911090.614,store_0,0.010
1790911090.614,store_1,0.010
1790911090.614,store_2,0.020
1790911090.614,avail_mb,35799
1790911090.614,pswpin,1529254
1790911091.623,api,0.069
1790911091.623,client,0.020
1790911091.623,enginecore,2.042
1790911091.623,other_total,0.000
1790911091.623,store_0,0.000
1790911091.623,store_1,0.010
1790911091.623,store_2,0.030
1790911091.623,avail_mb,35803
1790911091.623,pswpin,1529254
1790911092.632,api,0.089
1790911092.632,client,0.010
1790911092.632,enginecore,2.022
1790911092.632,other_total,0.040
1790911092.632,store_0,0.000
1790911092.632,store_1,0.010
1790911092.632,store_2,0.020
1790911092.632,avail_mb,35800
1790911092.632,pswpin,1529254
1790911093.641,api,0.040
1790911093.641,client,0.010
1790911093.641,enginecore,1.031
1790911093.641,other_total,0.000
1790911093.641,store_0,0.000
1790911093.641,store_1,0.030
1790911093.641,store_2,0.010
1790911093.641,avail_mb,35801
1790911093.641,pswpin,1529254
1790911094.649,api,0.059
1790911094.649,client,0.020
1790911094.649,enginecore,1.428
1790911094.649,other_total,0.010
1790911094.649,store_0,0.000
1790911094.649,store_1,0.020
1790911094.649,store_2,0.010
1790911094.649,avail_mb,35801
1790911094.649,pswpin,1529254
1790911095.658,api,0.030
1790911095.658,client,0.020
1790911095.658,enginecore,0.853
1790911095.658,other_total,0.000
1790911095.658,store_0,0.000
1790911095.658,store_1,0.000
1790911095.658,store_2,0.030
1790911095.658,avail_mb,35792
1790911095.658,pswpin,1529254
1790911096.667,api,0.020
1790911096.667,client,0.000
1790911096.667,enginecore,0.565
1790911096.667,other_total,0.059
1790911096.667,store_0,0.000
1790911096.667,store_1,0.000
1790911096.667,store_2,0.000
1790911096.667,avail_mb,35841
1790911096.667,pswpin,1529255
1790911097.676,api,0.050
1790911097.676,client,0.000
1790911097.676,enginecore,0.793
1790911097.676,other_total,0.000
1790911097.676,store_0,0.000
1790911097.676,store_1,0.010
1790911097.676,store_2,0.000
1790911097.676,avail_mb,35839
1790911097.676,pswpin,1529255
1790911098.685,api,0.040
1790911098.685,client,0.010
1790911098.685,enginecore,1.170
1790911098.685,other_total,0.079
1790911098.685,store_0,0.000
1790911098.685,store_1,0.030
1790911098.685,store_2,0.000
1790911098.685,avail_mb,35843
1790911098.685,pswpin,1529255
1790911099.694,api,0.020
1790911099.694,client,0.020
1790911099.694,enginecore,0.763
1790911099.694,other_total,0.000
1790911099.694,store_0,0.000
1790911099.694,store_1,0.020
1790911099.694,store_2,0.000
1790911099.694,avail_mb,35842
1790911099.694,pswpin,1529255
1790911100.705,api,0.000
1790911100.705,client,0.000
1790911100.705,enginecore,0.040
1790911100.705,other_total,0.030
1790911100.705,store_0,0.000
1790911100.705,store_1,0.000
1790911100.705,store_2,0.000
1790911100.705,avail_mb,35840
1790911100.705,pswpin,1529255
1790911101.715,api,0.030
1790911101.715,client,0.000
1790911101.715,enginecore,0.218
1790911101.715,other_total,0.049
1790911101.715,store_0,0.000
1790911101.715,store_1,0.000
1790911101.715,store_2,0.000
1790911101.715,avail_mb,35840
1790911101.715,pswpin,1529255
1790911102.724,api,0.020
1790911102.724,enginecore,0.555
1790911102.724,other_total,0.079
1790911102.724,store_0,0.000
1790911102.724,store_1,0.010
1790911102.724,store_2,0.000
1790911102.724,avail_mb,35889
1790911102.724,pswpin,1529255
1790911103.735,api,0.000
1790911103.735,enginecore,0.040
1790911103.735,other_total,0.020
1790911103.735,store_0,0.000
1790911103.735,store_1,0.000
1790911103.735,store_2,0.000
1790911103.735,avail_mb,35888
1790911103.735,pswpin,1529255
1790911104.746,api,0.010
1790911104.746,enginecore,0.040
1790911104.746,other_total,0.020
1790911104.746,store_0,0.000
1790911104.746,store_1,0.000
1790911104.746,store_2,0.000
1790911104.746,avail_mb,35883
1790911104.746,pswpin,1529255
1790911105.757,api,0.000
1790911105.757,enginecore,0.030
1790911105.757,other_total,0.059
1790911105.757,store_0,0.000
1790911105.757,store_1,0.000
1790911105.757,store_2,0.000
1790911105.757,avail_mb,35881
1790911105.757,pswpin,1529255
1790911106.768,api,0.010
1790911106.768,enginecore,0.040
1790911106.768,other_total,0.000
1790911106.768,store_0,0.000
1790911106.768,store_1,0.000
1790911106.768,store_2,0.000
1790911106.768,avail_mb,35880
1790911106.768,pswpin,1529255
1790911107.779,api,0.020
1790911107.779,enginecore,0.020
1790911107.779,other_total,1.058
1790911107.779,store_0,0.000
1790911107.779,store_1,0.000
1790911107.779,store_2,0.000
1790911107.779,avail_mb,35689
1790911107.779,pswpin,1529257
1790911108.790,api,0.000
1790911108.790,client,0.000
1790911108.790,enginecore,0.030
1790911108.790,other_total,0.020
1790911108.790,store_0,0.000
1790911108.790,store_1,0.000
1790911108.790,store_2,0.000
1790911108.790,avail_mb,35689
1790911108.790,pswpin,1529257
1790911109.801,api,0.000
1790911109.801,client,0.000
1790911109.801,enginecore,0.040
1790911109.801,other_total,0.040
1790911109.801,store_0,0.000
1790911109.801,store_1,0.000
1790911109.801,store_2,0.000
1790911109.801,avail_mb,35688
1790911109.801,pswpin,1529257
1790911110.812,api,0.010
1790911110.812,client,0.010
1790911110.812,enginecore,0.049
1790911110.812,other_total,0.059
1790911110.812,store_0,0.000
1790911110.812,store_1,0.000
1790911110.812,store_2,0.000
1790911110.812,avail_mb,35686
1790911110.812,pswpin,1529257
1790911111.823,api,0.010
1790911111.823,client,0.010
1790911111.823,enginecore,0.396
1790911111.823,other_total,0.049
1790911111.823,store_0,0.000
1790911111.823,store_1,0.010
1790911111.823,store_2,0.010
1790911111.823,avail_mb,35688
1790911111.823,pswpin,1529257
1790911112.834,api,0.000
1790911112.834,client,0.010
1790911112.834,enginecore,0.228
1790911112.834,other_total,0.030
1790911112.834,store_0,0.000
1790911112.834,store_1,0.000
1790911112.834,store_2,0.010
1790911112.834,avail_mb,35689
1790911112.834,pswpin,1529257
1790911113.845,api,0.030
1790911113.845,client,0.000
1790911113.845,enginecore,0.049
1790911113.845,other_total,0.010
1790911113.845,store_0,0.000
1790911113.845,store_1,0.000
1790911113.845,store_2,0.000
1790911113.845,avail_mb,35687
1790911113.845,pswpin,1529257
1790911114.855,api,0.010
1790911114.855,client,0.000
1790911114.855,enginecore,0.366
1790911114.855,other_total,0.040
1790911114.855,store_0,0.010
1790911114.855,store_1,0.000
1790911114.855,store_2,0.000
1790911114.855,avail_mb,35697
1790911114.855,pswpin,1529257
1790911115.866,api,0.010
1790911115.866,client,0.010
1790911115.866,enginecore,0.406
1790911115.866,other_total,0.030
1790911115.866,store_0,0.000
1790911115.866,store_1,0.010
1790911115.866,store_2,0.010
1790911115.866,avail_mb,35661
1790911115.866,pswpin,1529257
1790911116.877,api,0.010
1790911116.877,client,0.010
1790911116.877,enginecore,0.534
1790911116.877,other_total,0.040
1790911116.877,store_0,0.000
1790911116.877,store_1,0.020
1790911116.877,store_2,0.010
1790911116.877,avail_mb,35674
1790911116.877,pswpin,1529257
1790911117.888,api,0.020
1790911117.888,client,0.000
1790911117.888,enginecore,0.376
1790911117.888,other_total,0.020
1790911117.888,store_0,0.020
1790911117.888,store_1,0.000
1790911117.888,store_2,0.000
1790911117.888,avail_mb,35677
1790911117.888,pswpin,1529257
1790911118.900,api,0.010
1790911118.900,client,0.000
1790911118.900,enginecore,0.198
1790911118.900,other_total,0.069
1790911118.900,store_0,0.000
1790911118.900,store_1,0.010
1790911118.900,store_2,0.000
1790911118.900,avail_mb,35675
1790911118.900,pswpin,1529258
1790911119.910,api,0.000
1790911119.910,client,0.000
1790911119.910,enginecore,0.198
1790911119.910,other_total,0.069
1790911119.910,store_0,0.000
1790911119.910,store_1,0.010
1790911119.910,store_2,0.000
1790911119.910,avail_mb,35676
1790911119.910,pswpin,1529258
1790911120.922,api,0.020
1790911120.922,client,0.000
1790911120.922,enginecore,0.524
1790911120.922,other_total,0.089
1790911120.922,store_0,0.010
1790911120.922,store_1,0.010
1790911120.922,store_2,0.010
1790911120.922,avail_mb,35680
1790911120.922,pswpin,1529258
1790911121.932,api,0.010
1790911121.932,client,0.000
1790911121.932,enginecore,0.208
1790911121.932,other_total,0.000
1790911121.932,store_0,0.010
1790911121.932,store_1,0.000
1790911121.932,store_2,0.000
1790911121.932,avail_mb,35679
1790911121.932,pswpin,1529258
1790911122.943,api,0.010
1790911122.943,client,0.000
1790911122.943,enginecore,0.406
1790911122.943,other_total,0.069
1790911122.943,store_0,0.000
1790911122.943,store_1,0.010
1790911122.943,store_2,0.000
1790911122.943,avail_mb,35689
1790911122.943,pswpin,1529258
1790911123.955,api,0.010
1790911123.955,client,0.000
1790911123.955,enginecore,0.376
1790911123.955,other_total,0.030
1790911123.955,store_0,0.000
1790911123.955,store_1,0.010
1790911123.955,store_2,0.010
1790911123.955,avail_mb,35688
1790911123.955,pswpin,1529258
1790911124.966,api,0.010
1790911124.966,client,0.000
1790911124.966,enginecore,0.366
1790911124.966,other_total,0.040
1790911124.966,store_0,0.000
1790911124.966,store_1,0.000
1790911124.966,store_2,0.010
1790911124.966,avail_mb,35688
1790911124.966,pswpin,1529267
1790911125.976,api,0.000
1790911125.976,client,0.000
1790911125.976,enginecore,0.030
1790911125.976,other_total,0.049
1790911125.976,store_0,0.000
1790911125.976,store_1,0.000
1790911125.976,store_2,0.000
1790911125.976,avail_mb,35684
1790911125.976,pswpin,1529268
1790911126.988,api,0.020
1790911126.988,client,0.000
1790911126.988,enginecore,0.217
1790911126.988,other_total,0.020
1790911126.988,store_0,0.000
1790911126.988,store_1,0.010
1790911126.988,store_2,0.000
1790911126.988,avail_mb,35684
1790911126.988,pswpin,1529268
1790911127.999,api,0.020
1790911127.999,client,0.010
1790911127.999,enginecore,0.376
1790911127.999,other_total,0.000
1790911127.999,store_0,0.010
1790911127.999,store_1,0.010
1790911127.999,store_2,0.000
1790911127.999,avail_mb,35682
1790911127.999,pswpin,1529268
1790911129.010,api,0.000
1790911129.010,client,0.010
1790911129.010,enginecore,0.208
1790911129.010,other_total,0.089
1790911129.010,store_0,0.000
1790911129.010,store_1,0.010
1790911129.010,store_2,0.000
1790911129.010,avail_mb,35684
1790911129.010,pswpin,1529271
1790911130.021,api,0.010
1790911130.021,client,0.000
1790911130.021,enginecore,0.376
1790911130.021,other_total,0.030
1790911130.021,store_0,0.010
1790911130.021,store_1,0.000
1790911130.021,store_2,0.010
1790911130.021,avail_mb,35688
1790911130.021,pswpin,1529271
1790911131.032,api,0.000
1790911131.032,client,0.000
1790911131.032,enginecore,0.020
1790911131.032,other_total,0.040
1790911131.032,store_0,0.000
1790911131.032,store_1,0.000
1790911131.032,store_2,0.000
1790911131.032,avail_mb,35687
1790911131.032,pswpin,1529271
1790911132.043,api,0.020
1790911132.043,client,0.000
1790911132.043,enginecore,0.198
1790911132.043,other_total,0.049
1790911132.043,store_0,0.010
1790911132.043,store_1,0.000
1790911132.043,store_2,0.000
1790911132.043,avail_mb,35682
1790911132.043,pswpin,1529271
1790911133.053,api,0.000
1790911133.053,client,0.000
1790911133.053,enginecore,0.386
1790911133.053,other_total,0.040
1790911133.053,store_0,0.000
1790911133.053,store_1,0.010
1790911133.053,store_2,0.010
1790911133.053,avail_mb,35688
1790911133.053,pswpin,1529271
1790911134.064,api,0.020
1790911134.064,client,0.000
1790911134.064,enginecore,0.198
1790911134.064,other_total,0.020
1790911134.064,store_0,0.000
1790911134.064,store_1,0.010
1790911134.064,store_2,0.000
1790911134.064,avail_mb,35687
1790911134.064,pswpin,1529271
1790911135.075,api,0.010
1790911135.075,client,0.000
1790911135.075,enginecore,0.208
1790911135.075,other_total,0.059
1790911135.075,store_0,0.000
1790911135.075,store_1,0.000
1790911135.075,store_2,0.010
1790911135.075,avail_mb,35681
1790911135.075,pswpin,1529271
1790911136.086,api,0.000
1790911136.086,client,0.000
1790911136.086,enginecore,0.040
1790911136.086,other_total,0.030
1790911136.086,store_0,0.000
1790911136.086,store_1,0.000
1790911136.086,store_2,0.000
1790911136.086,avail_mb,35677
1790911136.086,pswpin,1529271
1790911137.097,api,0.010
1790911137.097,client,0.000
1790911137.097,enginecore,0.198
1790911137.097,other_total,0.049
1790911137.097,store_0,0.010
1790911137.097,store_1,0.000
1790911137.097,store_2,0.000
1790911137.097,avail_mb,35683
1790911137.097,pswpin,1529271
1790911138.108,api,0.010
1790911138.108,client,0.000
1790911138.108,enginecore,0.040
1790911138.108,other_total,0.059
1790911138.108,store_0,0.000
1790911138.108,store_1,0.000
1790911138.108,store_2,0.000
1790911138.108,avail_mb,35678
1790911138.108,pswpin,1529271
1790911139.119,api,0.000
1790911139.119,client,0.000
1790911139.119,enginecore,0.198
1790911139.119,other_total,0.040
1790911139.119,store_0,0.010
1790911139.119,store_1,0.000
1790911139.119,store_2,0.000
1790911139.119,avail_mb,35682
1790911139.119,pswpin,1529271
1790911140.130,api,0.020
1790911140.130,client,0.000
1790911140.130,enginecore,0.702
1790911140.130,other_total,0.030
1790911140.130,store_0,0.010
1790911140.130,store_1,0.020
1790911140.130,store_2,0.010
1790911140.130,avail_mb,35685
1790911140.130,pswpin,1529273
1790911141.142,api,0.000
1790911141.142,client,0.000
1790911141.142,enginecore,0.030
1790911141.142,other_total,0.049
1790911141.142,store_0,0.000
1790911141.142,store_1,0.000
1790911141.142,store_2,0.000
1790911141.142,avail_mb,35680
1790911141.142,pswpin,1529273
1790911142.152,api,0.020
1790911142.152,client,0.000
1790911142.152,enginecore,0.386
1790911142.152,other_total,0.000
1790911142.152,store_0,0.000
1790911142.152,store_1,0.010
1790911142.152,store_2,0.010
1790911142.152,avail_mb,35681
1790911142.152,pswpin,1529273
1790911143.163,api,0.000
1790911143.163,client,0.010
1790911143.163,enginecore,0.208
1790911143.163,other_total,0.020
1790911143.163,store_0,0.000
1790911143.163,store_1,0.000
1790911143.163,store_2,0.010
1790911143.163,avail_mb,35682
1790911143.163,pswpin,1529273
1790911144.174,api,0.000
1790911144.174,client,0.000
1790911144.174,enginecore,0.020
1790911144.174,other_total,0.079
1790911144.174,store_0,0.000
1790911144.174,store_1,0.000
1790911144.174,store_2,0.000
1790911144.174,avail_mb,35678
1790911144.174,pswpin,1529273
1790911145.185,api,0.020
1790911145.185,client,0.000
1790911145.185,enginecore,0.376
1790911145.185,other_total,0.020
1790911145.185,store_0,0.020
1790911145.185,store_1,0.020
1790911145.185,store_2,0.000
1790911145.185,avail_mb,35683
1790911145.185,pswpin,1529273
1790911146.197,api,0.020
1790911146.197,client,0.000
1790911146.197,enginecore,0.534
1790911146.197,other_total,0.040
1790911146.197,store_0,0.010
1790911146.197,store_1,0.000
1790911146.197,store_2,0.010
1790911146.197,avail_mb,35684
1790911146.197,pswpin,1529273
1790911147.208,api,0.020
1790911147.208,client,0.010
1790911147.208,enginecore,0.732
1790911147.208,other_total,0.040
1790911147.208,store_0,0.020
1790911147.208,store_1,0.030
1790911147.208,store_2,0.000
1790911147.208,avail_mb,35689
1790911147.208,pswpin,1529273
1790911148.219,api,0.000
1790911148.219,client,0.000
1790911148.219,enginecore,0.049
1790911148.219,other_total,0.040
1790911148.219,store_0,0.000
1790911148.219,store_1,0.000
1790911148.219,store_2,0.000
1790911148.219,avail_mb,35688
1790911148.219,pswpin,1529548
1790911149.230,api,0.000
1790911149.230,client,0.010
1790911149.230,enginecore,0.228
1790911149.230,other_total,0.040
1790911149.230,store_0,0.000
1790911149.230,store_1,0.000
1790911149.230,store_2,0.000
1790911149.230,avail_mb,35691
1790911149.230,pswpin,1529548
1790911150.241,api,0.010
1790911150.241,client,0.000
1790911150.241,enginecore,0.010
1790911150.241,other_total,0.069
1790911150.241,store_0,0.000
1790911150.241,store_1,0.000
1790911150.241,store_2,0.000
1790911150.241,avail_mb,35686
1790911150.241,pswpin,1529548
1790911151.252,api,0.020
1790911151.252,client,0.000
1790911151.252,enginecore,0.722
1790911151.252,other_total,0.099
1790911151.252,store_0,0.000
1790911151.252,store_1,0.000
1790911151.252,store_2,0.020
1790911151.252,avail_mb,35695
1790911151.252,pswpin,1529548
1790911152.261,api,0.020
1790911152.261,client,0.000
1790911152.261,enginecore,1.190
1790911152.261,other_total,0.020
1790911152.261,store_0,0.010
1790911152.261,store_1,0.030
1790911152.261,store_2,0.030
1790911152.261,avail_mb,35694
1790911152.261,pswpin,1529548
1790911153.271,api,0.020
1790911153.271,client,0.000
1790911153.271,enginecore,0.040
1790911153.271,other_total,0.059
1790911153.271,store_0,0.000
1790911153.271,store_1,0.000
1790911153.271,store_2,0.000
1790911153.271,avail_mb,35687
1790911153.271,pswpin,1529548
1790911154.283,api,0.010
1790911154.283,client,0.000
1790911154.283,enginecore,0.198
1790911154.283,other_total,0.079
1790911154.283,store_0,0.010
1790911154.283,store_1,0.000
1790911154.283,store_2,0.000
1790911154.283,avail_mb,35685
1790911154.283,pswpin,1529548
1790911155.294,api,0.000
1790911155.294,client,0.000
1790911155.294,enginecore,0.049
1790911155.294,other_total,0.010
1790911155.294,store_0,0.000
1790911155.294,store_1,0.000
1790911155.294,store_2,0.000
1790911155.294,avail_mb,35684
1790911155.294,pswpin,1529548
1790911156.304,api,0.010
1790911156.304,client,0.000
1790911156.304,enginecore,0.732
1790911156.304,other_total,0.089
1790911156.304,store_0,0.020
1790911156.304,store_1,0.020
1790911156.304,store_2,0.000
1790911156.304,avail_mb,35688
1790911156.304,pswpin,1529548
1790911157.315,api,0.020
1790911157.315,client,0.010
1790911157.315,enginecore,0.871
1790911157.315,other_total,0.049
1790911157.315,store_0,0.040
1790911157.315,store_1,0.010
1790911157.315,store_2,0.000
1790911157.315,avail_mb,35651
1790911157.315,pswpin,1529548
1790911158.326,api,0.010
1790911158.326,client,0.000
1790911158.326,enginecore,0.366
1790911158.326,other_total,0.020
1790911158.326,store_0,0.020
1790911158.326,store_1,0.000
1790911158.326,store_2,0.010
1790911158.326,avail_mb,35651
1790911158.326,pswpin,1529548
1790911159.337,api,0.010
1790911159.337,client,0.000
1790911159.337,enginecore,0.040
1790911159.337,other_total,0.059
1790911159.337,store_0,0.000
1790911159.337,store_1,0.000
1790911159.337,store_2,0.000
1790911159.337,avail_mb,35647
1790911159.337,pswpin,1529548
1790911160.348,api,0.010
1790911160.348,client,0.000
1790911160.348,enginecore,0.188
1790911160.348,other_total,0.040
1790911160.348,store_0,0.010
1790911160.348,store_1,0.000
1790911160.348,store_2,0.000
1790911160.348,avail_mb,35654
1790911160.348,pswpin,1529548
1790911161.359,api,0.000
1790911161.359,client,0.000
1790911161.359,enginecore,0.198
1790911161.359,other_total,0.040
1790911161.359,store_0,0.000
1790911161.359,store_1,0.010
1790911161.359,store_2,0.000
1790911161.359,avail_mb,35654
1790911161.359,pswpin,1529548
1790911162.370,api,0.040
1790911162.370,client,0.000
1790911162.370,enginecore,0.584
1790911162.370,other_total,0.000
1790911162.370,store_0,0.020
1790911162.370,store_1,0.010
1790911162.370,store_2,0.000
1790911162.370,avail_mb,35650
1790911162.370,pswpin,1529548
1790911163.381,api,0.000
1790911163.381,client,0.010
1790911163.381,enginecore,0.188
1790911163.381,other_total,0.049
1790911163.381,store_0,0.000
1790911163.381,store_1,0.010
1790911163.381,store_2,0.000
1790911163.381,avail_mb,35653
1790911163.381,pswpin,1529548
1790911164.394,api,0.000
1790911164.394,client,0.000
1790911164.394,enginecore,0.375
1790911164.394,other_total,0.039
1790911164.394,store_0,0.000
1790911164.394,store_1,0.010
1790911164.394,store_2,0.000
1790911164.394,avail_mb,35651
1790911164.394,pswpin,1529548
1790911165.405,api,0.020
1790911165.405,client,0.000
1790911165.405,enginecore,0.396
1790911165.405,other_total,0.040
1790911165.405,store_0,0.010
1790911165.405,store_1,0.010
1790911165.405,store_2,0.000
1790911165.405,avail_mb,35648
1790911165.405,pswpin,1529548
1790911166.415,api,0.010
1790911166.415,client,0.000
1790911166.415,enginecore,0.534
1790911166.415,other_total,0.040
1790911166.415,store_0,0.020
1790911166.415,store_1,0.010
1790911166.415,store_2,0.000
1790911166.415,avail_mb,35648
1790911166.415,pswpin,1529548
1790911167.426,api,0.030
1790911167.426,client,0.010
1790911167.426,enginecore,0.722
1790911167.426,other_total,0.158
1790911167.426,store_0,0.010
1790911167.426,store_1,0.010
1790911167.426,store_2,0.020
1790911167.426,avail_mb,35652
1790911167.426,pswpin,1529840
1790911168.437,api,0.020
1790911168.437,client,0.000
1790911168.437,enginecore,0.198
1790911168.437,other_total,0.040
1790911168.437,store_0,0.010
1790911168.437,store_1,0.000
1790911168.437,store_2,0.000
1790911168.437,avail_mb,35648
1790911168.437,pswpin,1529840
1790911169.448,api,0.000
1790911169.448,client,0.000
1790911169.448,enginecore,0.030
1790911169.448,other_total,0.049
1790911169.448,store_0,0.000
1790911169.448,store_1,0.000
1790911169.448,store_2,0.000
1790911169.448,avail_mb,35646
1790911169.448,pswpin,1529840
1790911170.460,api,0.000
1790911170.460,client,0.000
1790911170.460,enginecore,0.030
1790911170.460,other_total,0.059
1790911170.460,store_0,0.000
1790911170.460,store_1,0.000
1790911170.460,store_2,0.000
1790911170.460,avail_mb,35646
1790911170.460,pswpin,1529849
1790911171.471,api,0.010
1790911171.471,client,0.000
1790911171.471,enginecore,0.376
1790911171.471,other_total,0.059
1790911171.471,store_0,0.000
1790911171.471,store_1,0.010
1790911171.471,store_2,0.010
1790911171.471,avail_mb,35642
1790911171.471,pswpin,1529849
1790911172.482,api,0.020
1790911172.482,client,0.000
1790911172.482,enginecore,0.524
1790911172.482,other_total,0.020
1790911172.482,store_0,0.000
1790911172.482,store_1,0.020
1790911172.482,store_2,0.010
1790911172.482,avail_mb,35651
1790911172.482,pswpin,1529849
1790911173.493,api,0.010
1790911173.493,client,0.020
1790911173.493,enginecore,0.722
1790911173.493,other_total,0.000
1790911173.493,store_0,0.000
1790911173.493,store_1,0.030
1790911173.493,store_2,0.010
1790911173.493,avail_mb,35648
1790911173.493,pswpin,1529849
1790911174.504,api,0.010
1790911174.504,client,0.010
1790911174.504,enginecore,0.198
1790911174.504,other_total,0.049
1790911174.504,store_0,0.000
1790911174.504,store_1,0.000
1790911174.504,store_2,0.010
1790911174.504,avail_mb,35644
1790911174.504,pswpin,1529849
1790911175.515,api,0.000
1790911175.515,client,0.000
1790911175.515,enginecore,0.040
1790911175.515,other_total,0.010
1790911175.515,store_0,0.000
1790911175.515,store_1,0.000
1790911175.515,store_2,0.000
1790911175.515,avail_mb,35644
1790911175.515,pswpin,1529849
1790911176.526,api,0.010
1790911176.526,client,0.000
1790911176.526,enginecore,0.030
1790911176.526,other_total,0.069
1790911176.526,store_0,0.000
1790911176.526,store_1,0.000
1790911176.526,store_2,0.000
1790911176.526,avail_mb,35640
1790911176.526,pswpin,1529849
1790911177.537,api,0.020
1790911177.537,client,0.000
1790911177.537,enginecore,0.693
1790911177.537,other_total,0.089
1790911177.537,store_0,0.020
1790911177.537,store_1,0.000
1790911177.537,store_2,0.020
1790911177.537,avail_mb,35641
1790911177.537,pswpin,1529849
1790911178.547,api,0.010
1790911178.547,client,0.000
1790911178.547,enginecore,0.030
1790911178.547,other_total,0.010
1790911178.547,store_0,0.000
1790911178.547,store_1,0.000
1790911178.547,store_2,0.000
1790911178.547,avail_mb,35641
1790911178.547,pswpin,1529849
1790911179.558,api,0.000
1790911179.558,client,0.000
1790911179.558,enginecore,0.544
1790911179.558,other_total,0.099
1790911179.558,store_0,0.010
1790911179.558,store_1,0.010
1790911179.558,store_2,0.000
1790911179.558,avail_mb,35648
1790911179.558,pswpin,1529849
1790911180.569,api,0.010
1790911180.569,client,0.000
1790911180.569,enginecore,0.356
1790911180.569,other_total,0.049
1790911180.569,store_0,0.020
1790911180.569,store_1,0.000
1790911180.569,store_2,0.000
1790911180.569,avail_mb,35641
1790911180.569,pswpin,1529849
1790911181.580,api,0.020
1790911181.580,client,0.000
1790911181.580,enginecore,0.544
1790911181.580,other_total,0.030
1790911181.580,store_0,0.010
1790911181.580,store_1,0.000
1790911181.580,store_2,0.010
1790911181.580,avail_mb,35642
1790911181.580,pswpin,1529849
1790911182.591,api,0.010
1790911182.591,client,0.020
1790911182.591,enginecore,0.712
1790911182.591,other_total,0.049
1790911182.591,store_0,0.030
1790911182.591,store_1,0.010
1790911182.591,store_2,0.010
1790911182.591,avail_mb,35699
1790911182.591,pswpin,1529855
1790911183.601,api,0.010
1790911183.601,client,0.000
1790911183.601,enginecore,0.040
1790911183.601,other_total,0.069
1790911183.601,store_0,0.000
1790911183.601,store_1,0.000
1790911183.601,store_2,0.000
1790911183.601,avail_mb,35692
1790911183.601,pswpin,1529855
1790911184.612,api,0.000
1790911184.612,client,0.000
1790911184.612,enginecore,0.218
1790911184.612,other_total,0.030
1790911184.612,store_0,0.000
1790911184.612,store_1,0.000
1790911184.612,store_2,0.010
1790911184.612,avail_mb,35695
1790911184.612,pswpin,1529855
1790911185.623,api,0.010
1790911185.623,client,0.000
1790911185.623,enginecore,0.030
1790911185.623,other_total,0.020
1790911185.623,store_0,0.000
1790911185.623,store_1,0.000
1790911185.623,store_2,0.000
1790911185.623,avail_mb,35694
1790911185.623,pswpin,1529855
1790911186.634,api,0.000
1790911186.634,client,0.000
1790911186.634,enginecore,0.020
1790911186.634,other_total,0.079
1790911186.634,store_0,0.000
1790911186.634,store_1,0.000
1790911186.634,store_2,0.000
1790911186.634,avail_mb,35688
1790911186.634,pswpin,1529855
1790911187.645,api,0.020
1790911187.645,client,0.000
1790911187.645,enginecore,0.040
1790911187.645,other_total,0.040
1790911187.645,store_0,0.000
1790911187.645,store_1,0.000
1790911187.645,store_2,0.000
1790911187.645,avail_mb,35687
1790911187.645,pswpin,1529855
1790911188.655,api,0.010
1790911188.655,client,0.000
1790911188.655,enginecore,0.188
1790911188.655,other_total,0.030
1790911188.655,store_0,0.000
1790911188.655,store_1,0.000
1790911188.655,store_2,0.000
1790911188.655,avail_mb,35689
1790911188.655,pswpin,1529881
1790911189.667,api,0.000
1790911189.667,client,0.000
1790911189.667,enginecore,0.208
1790911189.667,other_total,0.079
1790911189.667,store_0,0.010
1790911189.667,store_1,0.000
1790911189.667,store_2,0.000
1790911189.667,avail_mb,35690
1790911189.667,pswpin,1529881
1790911190.678,api,0.000
1790911190.678,client,0.000
1790911190.678,enginecore,0.208
1790911190.678,other_total,0.040
1790911190.678,store_0,0.000
1790911190.678,store_1,0.000
1790911190.678,store_2,0.010
1790911190.678,avail_mb,35689
1790911190.678,pswpin,1529881
1790911191.689,api,0.000
1790911191.689,client,0.000
1790911191.689,enginecore,0.020
1790911191.689,other_total,0.049
1790911191.689,store_0,0.000
1790911191.689,store_1,0.000
1790911191.689,store_2,0.000
1790911191.689,avail_mb,35689
1790911191.689,pswpin,1529881
1790911192.700,api,0.020
1790911192.700,client,0.010
1790911192.700,enginecore,0.544
1790911192.700,other_total,0.040
1790911192.700,store_0,0.010
1790911192.700,store_1,0.000
1790911192.700,store_2,0.020
1790911192.700,avail_mb,35692
1790911192.700,pswpin,1529881
1790911193.711,api,0.000
1790911193.711,client,0.000
1790911193.711,enginecore,0.010
1790911193.711,other_total,0.059
1790911193.711,store_0,0.000
1790911193.711,store_1,0.000
1790911193.711,store_2,0.000
1790911193.711,avail_mb,35690
1790911193.711,pswpin,1529881
1790911194.721,api,0.000
1790911194.721,client,0.000
1790911194.721,enginecore,0.376
1790911194.721,other_total,0.040
1790911194.721,store_0,0.010
1790911194.721,store_1,0.000
1790911194.721,store_2,0.010
1790911194.721,avail_mb,35742
1790911194.721,pswpin,1529883
1790911195.732,api,0.020
1790911195.732,client,0.000
1790911195.732,enginecore,0.188
1790911195.732,other_total,0.059
1790911195.732,store_0,0.000
1790911195.732,store_1,0.000
1790911195.732,store_2,0.010
1790911195.732,avail_mb,35733
1790911195.732,pswpin,1529883
1790911196.743,api,0.000
1790911196.743,client,0.000
1790911196.743,enginecore,0.218
1790911196.743,other_total,0.049
1790911196.743,store_0,0.000
1790911196.743,store_1,0.000
1790911196.743,store_2,0.010
1790911196.743,avail_mb,35735
1790911196.743,pswpin,1529883
1790911197.754,api,0.020
1790911197.754,client,0.000
1790911197.754,enginecore,0.030
1790911197.754,other_total,0.020
1790911197.754,store_0,0.000
1790911197.754,store_1,0.000
1790911197.754,store_2,0.000
1790911197.754,avail_mb,35735
1790911197.754,pswpin,1529883
1790911198.765,api,0.000
1790911198.765,client,0.000
1790911198.765,enginecore,0.188
1790911198.765,other_total,0.079
1790911198.765,store_0,0.000
1790911198.765,store_1,0.000
1790911198.765,store_2,0.010
1790911198.765,avail_mb,35735
1790911198.765,pswpin,1529883
1790911199.775,api,0.000
1790911199.775,client,0.000
1790911199.775,enginecore,0.020
1790911199.775,other_total,0.326
1790911199.775,store_0,0.000
1790911199.775,store_1,0.000
1790911199.775,store_2,0.000
1790911199.775,avail_mb,35663
1790911199.775,pswpin,1529887
1790911200.786,api,0.010
1790911200.786,client,0.000
1790911200.786,enginecore,0.218
1790911200.786,other_total,0.000
1790911200.786,store_0,0.000
1790911200.786,store_1,0.000
1790911200.786,store_2,0.020
1790911200.786,avail_mb,35673
1790911200.786,pswpin,1529890
1790911201.797,api,0.020
1790911201.797,client,0.010
1790911201.797,enginecore,0.188
1790911201.797,other_total,0.148
1790911201.797,store_0,0.000
1790911201.797,store_1,0.000
1790911201.797,store_2,0.010
1790911201.797,avail_mb,35692
1790911201.797,pswpin,1529891
1790911202.808,api,0.010
1790911202.808,client,0.000
1790911202.808,enginecore,0.020
1790911202.808,other_total,0.257
1790911202.808,store_0,0.000
1790911202.808,store_1,0.000
1790911202.808,store_2,0.000
1790911202.808,avail_mb,35600
1790911202.808,pswpin,1529893
1790911203.819,api,0.010
1790911203.819,client,0.000
1790911203.819,enginecore,0.366
1790911203.819,other_total,0.356
1790911203.819,store_0,0.000
1790911203.819,store_1,0.000
1790911203.819,store_2,0.010
1790911203.819,avail_mb,35646
1790911203.819,pswpin,1529906
1790911204.830,api,0.010
1790911204.830,enginecore,0.010
1790911204.830,other_total,0.148
1790911204.830,store_0,0.000
1790911204.830,store_1,0.000
1790911204.830,store_2,0.000
1790911204.830,avail_mb,35679
1790911204.830,pswpin,1529906
1790911205.840,api,0.000
1790911205.840,enginecore,0.020
1790911205.840,other_total,0.030
1790911205.840,store_0,0.000
1790911205.840,store_1,0.000
1790911205.840,store_2,0.000
1790911205.840,avail_mb,35678
1790911205.840,pswpin,1529906
1790911206.851,api,0.000
1790911206.851,enginecore,0.040
1790911206.851,other_total,0.000
1790911206.851,store_0,0.000
1790911206.851,store_1,0.000
1790911206.851,store_2,0.000
1790911206.851,avail_mb,35679
1790911206.851,pswpin,1529906
1790911207.862,api,0.020
1790911207.862,enginecore,0.040
1790911207.862,other_total,1.009
1790911207.862,store_0,0.000
1790911207.862,store_1,0.000
1790911207.862,store_2,0.000
1790911207.862,avail_mb,35524
1790911207.862,pswpin,1529906
1790911208.873,api,0.010
1790911208.873,client,0.000
1790911208.873,enginecore,0.030
1790911208.873,other_total,0.030
1790911208.873,store_0,0.000
1790911208.873,store_1,0.000
1790911208.873,store_2,0.000
1790911208.873,avail_mb,35525
1790911208.873,pswpin,1529906
1790911209.884,api,0.000
1790911209.884,client,0.000
1790911209.884,enginecore,0.030
1790911209.884,other_total,0.030
1790911209.884,store_0,0.000
1790911209.884,store_1,0.000
1790911209.884,store_2,0.000
1790911209.884,avail_mb,35524
1790911209.884,pswpin,1529906
1790911210.893,api,0.069
1790911210.893,client,0.059
1790911210.893,enginecore,1.962
1790911210.893,other_total,0.050
1790911210.893,store_0,0.020
1790911210.893,store_1,0.020
1790911210.893,store_2,0.020
1790911210.893,avail_mb,35517
1790911210.893,pswpin,1529906
1790911211.903,api,0.079
1790911211.903,client,0.030
1790911211.903,enginecore,2.110
1790911211.903,other_total,0.000
1790911211.903,store_0,0.030
1790911211.903,store_1,0.000
1790911211.903,store_2,0.010
1790911211.903,avail_mb,35518
1790911211.903,pswpin,1529906
1790911212.912,api,0.089
1790911212.912,client,0.010
1790911212.912,enginecore,1.963
1790911212.912,other_total,0.030
1790911212.912,store_0,0.010
1790911212.912,store_1,0.010
1790911212.912,store_2,0.010
1790911212.912,avail_mb,35514
1790911212.912,pswpin,1529906
1790911213.921,api,0.050
1790911213.921,client,0.010
1790911213.921,enginecore,1.209
1790911213.921,other_total,0.020
1790911213.921,store_0,0.000
1790911213.921,store_1,0.000
1790911213.921,store_2,0.010
1790911213.921,avail_mb,35508
1790911213.921,pswpin,1529906
1790911214.930,api,0.089
1790911214.930,client,0.030
1790911214.930,enginecore,2.597
1790911214.930,other_total,0.020
1790911214.930,store_0,0.020
1790911214.930,store_1,0.000
1790911214.930,store_2,0.020
1790911214.930,avail_mb,35505
1790911214.930,pswpin,1529906
1790911215.938,api,0.069
1790911215.938,client,0.040
1790911215.938,enginecore,2.429
1790911215.938,other_total,0.000
1790911215.938,store_0,0.030
1790911215.938,store_1,0.020
1790911215.938,store_2,0.000
1790911215.938,avail_mb,35509
1790911215.938,pswpin,1530084
1790911216.947,api,0.069
1790911216.947,client,0.010
1790911216.947,enginecore,1.606
1790911216.947,other_total,0.059
1790911216.947,store_0,0.000
1790911216.947,store_1,0.010
1790911216.947,store_2,0.000
1790911216.947,avail_mb,35500
1790911216.947,pswpin,1530084
1790911217.956,api,0.069
1790911217.956,client,0.020
1790911217.956,enginecore,1.794
1790911217.956,other_total,0.000
1790911217.956,store_0,0.000
1790911217.956,store_1,0.020
1790911217.956,store_2,0.000
1790911217.956,avail_mb,35496
1790911217.956,pswpin,1530084
1790911218.966,api,0.059
1790911218.966,client,0.020
1790911218.966,enginecore,1.456
1790911218.966,other_total,0.000
1790911218.966,store_0,0.000
1790911218.966,store_1,0.000
1790911218.966,store_2,0.020
1790911218.966,avail_mb,35494
1790911218.966,pswpin,1530084
1790911219.974,api,0.099
1790911219.974,client,0.020
1790911219.974,enginecore,2.825
1790911219.974,other_total,0.050
1790911219.974,store_0,0.020
1790911219.974,store_1,0.010
1790911219.974,store_2,0.010
1790911219.974,avail_mb,35500
1790911219.974,pswpin,1530084
1790911220.983,api,0.109
1790911220.983,client,0.050
1790911220.983,enginecore,2.439
1790911220.983,other_total,0.020
1790911220.983,store_0,0.000
1790911220.983,store_1,0.010
1790911220.983,store_2,0.010
1790911220.983,avail_mb,35496
1790911220.983,pswpin,1530084
1790911221.992,api,0.059
1790911221.992,client,0.020
1790911221.992,enginecore,1.219
1790911221.992,other_total,0.000
1790911221.992,store_0,0.010
1790911221.992,store_1,0.000
1790911221.992,store_2,0.010
1790911221.992,avail_mb,35500
1790911221.992,pswpin,1530084
1790911223.001,api,0.069
1790911223.001,client,0.000
1790911223.001,enginecore,1.893
1790911223.001,other_total,0.149
1790911223.001,store_0,0.020
1790911223.001,store_1,0.000
1790911223.001,store_2,0.000
1790911223.001,avail_mb,35494
1790911223.001,pswpin,1530084
1790911224.009,api,0.050
1790911224.009,client,0.010
1790911224.009,enginecore,1.051
1790911224.009,other_total,0.000
1790911224.009,store_0,0.000
1790911224.009,store_1,0.000
1790911224.009,store_2,0.020
1790911224.009,avail_mb,35523
1790911224.009,pswpin,1530084
1790911225.020,api,0.069
1790911225.020,client,0.049
1790911225.020,enginecore,2.683
1790911225.020,other_total,0.000
1790911225.020,store_0,0.030
1790911225.020,store_1,0.000
1790911225.020,store_2,0.000
1790911225.020,avail_mb,35527
1790911225.020,pswpin,1530084
1790911226.029,api,0.119
1790911226.029,client,0.030
1790911226.029,enginecore,2.210
1790911226.029,other_total,0.000
1790911226.029,store_0,0.010
1790911226.029,store_1,0.000
1790911226.029,store_2,0.010
1790911226.029,avail_mb,35533
1790911226.029,pswpin,1530084
1790911227.038,api,0.069
1790911227.038,client,0.030
1790911227.038,enginecore,2.101
1790911227.038,other_total,0.020
1790911227.038,store_0,0.010
1790911227.038,store_1,0.000
1790911227.038,store_2,0.010
1790911227.038,avail_mb,35533
1790911227.038,pswpin,1530084
1790911228.047,api,0.079
1790911228.047,client,0.010
1790911228.047,enginecore,1.734
1790911228.047,other_total,0.000
1790911228.047,store_0,0.000
1790911228.047,store_1,0.010
1790911228.047,store_2,0.000
1790911228.047,avail_mb,35533
1790911228.047,pswpin,1530084
1790911229.056,api,0.069
1790911229.056,client,0.020
1790911229.056,enginecore,1.824
1790911229.056,other_total,0.050
1790911229.056,store_0,0.000
1790911229.056,store_1,0.000
1790911229.056,store_2,0.010
1790911229.056,avail_mb,35531
1790911229.056,pswpin,1530084
1790911230.065,api,0.129
1790911230.065,client,0.040
1790911230.065,enginecore,3.152
1790911230.065,other_total,0.050
1790911230.065,store_0,0.020
1790911230.065,store_1,0.010
1790911230.065,store_2,0.000
1790911230.065,avail_mb,35524
1790911230.065,pswpin,1530085
1790911231.074,api,0.119
1790911231.074,client,0.040
1790911231.074,enginecore,2.942
1790911231.074,other_total,0.000
1790911231.074,store_0,0.000
1790911231.074,store_1,0.010
1790911231.074,store_2,0.010
1790911231.074,avail_mb,35526
1790911231.074,pswpin,1530085
1790911232.083,api,0.069
1790911232.083,client,0.020
1790911232.083,enginecore,1.388
1790911232.083,other_total,0.000
1790911232.083,store_0,0.000
1790911232.083,store_1,0.000
1790911232.083,store_2,0.000
1790911232.083,avail_mb,35520
1790911232.083,pswpin,1530085
1790911233.093,api,0.050
1790911233.093,client,0.030
1790911233.093,enginecore,1.436
1790911233.093,other_total,0.059
1790911233.093,store_0,0.000
1790911233.093,store_1,0.010
1790911233.093,store_2,0.000
1790911233.093,avail_mb,35524
1790911233.093,pswpin,1530085
1790911234.102,api,0.059
1790911234.102,client,0.020
1790911234.102,enginecore,1.517
1790911234.102,other_total,0.020
1790911234.102,store_0,0.000
1790911234.102,store_1,0.000
1790911234.102,store_2,0.000
1790911234.102,avail_mb,35524
1790911234.102,pswpin,1530085
1790911235.111,api,0.069
1790911235.111,client,0.010
1790911235.111,enginecore,1.714
1790911235.111,other_total,0.010
1790911235.111,store_0,0.020
1790911235.111,store_1,0.000
1790911235.111,store_2,0.010
1790911235.111,avail_mb,35527
1790911235.111,pswpin,1530085
1790911236.120,api,0.069
1790911236.120,client,0.020
1790911236.120,enginecore,1.348
1790911236.120,other_total,0.040
1790911236.120,store_0,0.000
1790911236.120,store_1,0.000
1790911236.120,store_2,0.000
1790911236.120,avail_mb,35526
1790911236.120,pswpin,1530085
1790911237.132,api,0.069
1790911237.132,client,0.000
1790911237.132,enginecore,1.147
1790911237.132,other_total,0.000
1790911237.132,store_0,0.000
1790911237.132,store_1,0.000
1790911237.132,store_2,0.000
1790911237.132,avail_mb,35523
1790911237.132,pswpin,1530085
1790911238.141,api,0.099
1790911238.141,client,0.050
1790911238.141,enginecore,2.409
1790911238.141,other_total,0.000
1790911238.141,store_0,0.000
1790911238.141,store_1,0.000
1790911238.141,store_2,0.000
1790911238.141,avail_mb,35519
1790911238.141,pswpin,1530085
1790911239.150,api,0.089
1790911239.150,client,0.020
1790911239.150,enginecore,2.437
1790911239.150,other_total,0.040
1790911239.150,store_0,0.000
1790911239.150,store_1,0.000
1790911239.150,store_2,0.010
1790911239.150,avail_mb,35518
1790911239.150,pswpin,1530086
1790911240.159,api,0.030
1790911240.159,client,0.020
1790911240.159,enginecore,1.428
1790911240.159,other_total,0.000
1790911240.159,store_0,0.010
1790911240.159,store_1,0.010
1790911240.159,store_2,0.010
1790911240.159,avail_mb,35525
1790911240.159,pswpin,1530086
1790911241.167,api,0.099
1790911241.167,client,0.020
1790911241.167,enginecore,1.735
1790911241.167,other_total,0.020
1790911241.167,store_0,0.000
1790911241.167,store_1,0.020
1790911241.167,store_2,0.010
1790911241.167,avail_mb,35525
1790911241.167,pswpin,1530086
1790911242.177,api,0.069
1790911242.177,client,0.000
1790911242.177,enginecore,2.020
1790911242.177,other_total,0.109
1790911242.177,store_0,0.010
1790911242.177,store_1,0.020
1790911242.177,store_2,0.010
1790911242.177,avail_mb,35525
1790911242.177,pswpin,1530086
1790911243.186,api,0.099
1790911243.186,client,0.040
1790911243.186,enginecore,2.052
1790911243.186,other_total,0.000
1790911243.186,store_0,0.000
1790911243.186,store_1,0.000
1790911243.186,store_2,0.000
1790911243.186,avail_mb,35525
1790911243.186,pswpin,1530086
1790911244.195,api,0.069
1790911244.195,client,0.030
1790911244.195,enginecore,1.923
1790911244.195,other_total,0.030
1790911244.195,store_0,0.000
1790911244.195,store_1,0.020
1790911244.195,store_2,0.000
1790911244.195,avail_mb,35519
1790911244.195,pswpin,1530086
1790911245.204,api,0.069
1790911245.204,client,0.010
1790911245.204,enginecore,1.884
1790911245.204,other_total,0.000
1790911245.204,store_0,0.000
1790911245.204,store_1,0.010
1790911245.204,store_2,0.000
1790911245.204,avail_mb,35521
1790911245.204,pswpin,1530087
1790911246.215,api,0.089
1790911246.215,client,0.040
1790911246.215,enginecore,2.372
1790911246.215,other_total,0.000
1790911246.215,store_0,0.000
1790911246.215,store_1,0.010
1790911246.215,store_2,0.010
1790911246.215,avail_mb,35519
1790911246.215,pswpin,1530087
1790911247.224,api,0.050
1790911247.224,client,0.000
1790911247.224,enginecore,0.823
1790911247.224,other_total,0.059
1790911247.224,store_0,0.000
1790911247.224,store_1,0.000
1790911247.224,store_2,0.000
1790911247.224,avail_mb,35517
1790911247.224,pswpin,1530087
1790911248.236,api,0.079
1790911248.236,client,0.020
1790911248.236,enginecore,1.670
1790911248.236,other_total,0.030
1790911248.236,store_0,0.010
1790911248.236,store_1,0.000
1790911248.236,store_2,0.000
1790911248.236,avail_mb,35518
1790911248.236,pswpin,1530087
1790911249.245,api,0.069
1790911249.245,client,0.010
1790911249.245,enginecore,2.082
1790911249.245,other_total,0.030
1790911249.245,store_0,0.000
1790911249.245,store_1,0.000
1790911249.245,store_2,0.000
1790911249.245,avail_mb,35517
1790911249.245,pswpin,1530087
1790911250.255,api,0.069
1790911250.255,client,0.040
1790911250.255,enginecore,1.535
1790911250.255,other_total,0.000
1790911250.255,store_0,0.000
1790911250.255,store_1,0.000
1790911250.255,store_2,0.010
1790911250.255,avail_mb,35512
1790911250.255,pswpin,1530087
1790911251.264,api,0.059
1790911251.264,client,0.020
1790911251.264,enginecore,2.032
1790911251.264,other_total,0.000
1790911251.264,store_0,0.020
1790911251.264,store_1,0.030
1790911251.264,store_2,0.010
1790911251.264,avail_mb,35524
1790911251.264,pswpin,1530087
1790911252.273,api,0.040
1790911252.273,client,0.010
1790911252.273,enginecore,0.942
1790911252.273,other_total,0.020
1790911252.273,store_0,0.000
1790911252.273,store_1,0.000
1790911252.273,store_2,0.000
1790911252.273,avail_mb,35522
1790911252.273,pswpin,1530087
1790911253.305,api,0.097
1790911253.305,client,0.029
1790911253.305,enginecore,2.141
1790911253.305,other_total,0.019
1790911253.305,store_0,0.010
1790911253.305,store_1,0.010
1790911253.305,store_2,0.010
1790911253.305,avail_mb,35521
1790911253.305,pswpin,1530087
1790911254.314,api,0.109
1790911254.314,client,0.040
1790911254.314,enginecore,3.270
1790911254.314,other_total,0.000
1790911254.314,store_0,0.030
1790911254.314,store_1,0.010
1790911254.314,store_2,0.010
1790911254.314,avail_mb,35521
1790911254.314,pswpin,1530087
1790911255.323,api,0.129
1790911255.323,client,0.050
1790911255.323,enginecore,3.202
1790911255.323,other_total,0.000
1790911255.323,store_0,0.020
1790911255.323,store_1,0.020
1790911255.323,store_2,0.000
1790911255.323,avail_mb,35517
1790911255.323,pswpin,1530087
1790911256.332,api,0.089
1790911256.332,client,0.030
1790911256.332,enginecore,2.538
1790911256.332,other_total,0.059
1790911256.332,store_0,0.000
1790911256.332,store_1,0.000
1790911256.332,store_2,0.000
1790911256.332,avail_mb,35513
1790911256.332,pswpin,1530087
1790911257.341,api,0.089
1790911257.341,client,0.030
1790911257.341,enginecore,2.052
1790911257.341,other_total,0.000
1790911257.341,store_0,0.010
1790911257.341,store_1,0.000
1790911257.341,store_2,0.000
1790911257.341,avail_mb,35511
1790911257.341,pswpin,1530087
1790911258.349,api,0.069
1790911258.349,client,0.020
1790911258.349,enginecore,1.279
1790911258.349,other_total,0.000
1790911258.349,store_0,0.000
1790911258.349,store_1,0.000
1790911258.349,store_2,0.010
1790911258.349,avail_mb,35510
1790911258.349,pswpin,1530087
1790911259.359,api,0.040
1790911259.359,client,0.020
1790911259.359,enginecore,1.427
1790911259.359,other_total,0.000
1790911259.359,store_0,0.000
1790911259.359,store_1,0.030
1790911259.359,store_2,0.000
1790911259.359,avail_mb,35513
1790911259.359,pswpin,1530087
1790911260.369,api,0.079
1790911260.369,client,0.020
1790911260.369,enginecore,1.365
1790911260.369,other_total,0.000
1790911260.369,store_0,0.000
1790911260.369,store_1,0.000
1790911260.369,store_2,0.000
1790911260.369,avail_mb,35511
1790911260.369,pswpin,1530091
1790911261.379,api,0.089
1790911261.379,client,0.040
1790911261.379,enginecore,2.802
1790911261.379,other_total,0.010
1790911261.379,store_0,0.000
1790911261.379,store_1,0.000
1790911261.379,store_2,0.040
1790911261.379,avail_mb,35509
1790911261.379,pswpin,1530091
1790911262.390,api,0.119
1790911262.390,client,0.020
1790911262.390,enginecore,2.682
1790911262.390,other_total,0.059
1790911262.390,store_0,0.000
1790911262.390,store_1,0.000
1790911262.390,store_2,0.000
1790911262.390,avail_mb,35506
1790911262.390,pswpin,1530091
1790911263.420,api,0.058
1790911263.420,client,0.019
1790911263.420,enginecore,1.698
1790911263.420,other_total,0.000
1790911263.420,store_0,0.010
1790911263.420,store_1,0.010
1790911263.420,store_2,0.000
1790911263.420,avail_mb,35508
1790911263.420,pswpin,1530091
1790911264.429,api,0.089
1790911264.429,client,0.020
1790911264.429,enginecore,2.428
1790911264.429,other_total,0.010
1790911264.429,store_0,0.000
1790911264.429,store_1,0.020
1790911264.429,store_2,0.000
1790911264.429,avail_mb,35507
1790911264.429,pswpin,1530091
1790911265.438,api,0.040
1790911265.438,client,0.030
1790911265.438,enginecore,0.981
1790911265.438,other_total,0.010
1790911265.438,store_0,0.000
1790911265.438,store_1,0.000
1790911265.438,store_2,0.000
1790911265.438,avail_mb,35502
1790911265.438,pswpin,1530091
1790911266.446,api,0.079
1790911266.446,client,0.000
1790911266.446,enginecore,1.170
1790911266.446,other_total,0.020
1790911266.446,store_0,0.000
1790911266.446,store_1,0.000
1790911266.446,store_2,0.000
1790911266.446,avail_mb,35500
1790911266.446,pswpin,1530091
1790911267.455,api,0.050
1790911267.455,client,0.020
1790911267.455,enginecore,0.991
1790911267.455,other_total,0.020
1790911267.455,store_0,0.010
1790911267.455,store_1,0.000
1790911267.455,store_2,0.000
1790911267.455,avail_mb,35501
1790911267.455,pswpin,1530091
1790911268.484,api,0.058
1790911268.484,client,0.029
1790911268.484,enginecore,1.808
1790911268.484,other_total,0.000
1790911268.484,store_0,0.010
1790911268.484,store_1,0.019
1790911268.484,store_2,0.000
1790911268.484,avail_mb,35498
1790911268.484,pswpin,1530091
1790911269.493,api,0.059
1790911269.493,client,0.010
1790911269.493,enginecore,1.676
1790911269.493,other_total,0.099
1790911269.493,store_0,0.000
1790911269.493,store_1,0.000
1790911269.493,store_2,0.000
1790911269.493,avail_mb,35499
1790911269.493,pswpin,1530091
1790911270.501,api,0.059
1790911270.501,client,0.020
1790911270.501,enginecore,1.557
1790911270.501,other_total,0.000
1790911270.501,store_0,0.010
1790911270.501,store_1,0.010
1790911270.501,store_2,0.000
1790911270.501,avail_mb,35500
1790911270.501,pswpin,1530091
1790911271.510,api,0.069
1790911271.510,client,0.020
1790911271.510,enginecore,1.328
1790911271.510,other_total,0.020
1790911271.510,store_0,0.020
1790911271.510,store_1,0.000
1790911271.510,store_2,0.000
1790911271.510,avail_mb,35494
1790911271.510,pswpin,1530091
1790911272.520,api,0.069
1790911272.520,client,0.020
1790911272.520,enginecore,2.259
1790911272.520,other_total,0.000
1790911272.520,store_0,0.010
1790911272.520,store_1,0.000
1790911272.520,store_2,0.020
1790911272.520,avail_mb,35496
1790911272.520,pswpin,1530091
1790911273.528,api,0.030
1790911273.528,client,0.020
1790911273.528,enginecore,0.892
1790911273.528,other_total,0.000
1790911273.528,store_0,0.000
1790911273.528,store_1,0.000
1790911273.528,store_2,0.010
1790911273.528,avail_mb,35495
1790911273.528,pswpin,1530091
1790911274.539,api,0.099
1790911274.539,client,0.020
1790911274.539,enginecore,2.524
1790911274.539,other_total,0.040
1790911274.539,store_0,0.010
1790911274.539,store_1,0.010
1790911274.539,store_2,0.020
1790911274.539,avail_mb,35496
1790911274.539,pswpin,1530091
1790911275.548,api,0.069
1790911275.548,client,0.010
1790911275.548,enginecore,1.942
1790911275.548,other_total,0.020
1790911275.548,store_0,0.010
1790911275.548,store_1,0.000
1790911275.548,store_2,0.010
1790911275.548,avail_mb,35496
1790911275.548,pswpin,1530091
1790911276.557,api,0.079
1790911276.557,client,0.030
1790911276.557,enginecore,2.318
1790911276.557,other_total,0.000
1790911276.557,store_0,0.010
1790911276.557,store_1,0.000
1790911276.557,store_2,0.000
1790911276.557,avail_mb,35494
1790911276.557,pswpin,1530091
1790911277.567,api,0.149
1790911277.567,client,0.040
1790911277.567,enginecore,3.227
1790911277.567,other_total,0.020
1790911277.567,store_0,0.000
1790911277.567,store_1,0.020
1790911277.567,store_2,0.000
1790911277.567,avail_mb,35496
1790911277.567,pswpin,1530091
1790911278.576,api,0.099
1790911278.576,client,0.050
1790911278.576,enginecore,2.438
1790911278.576,other_total,0.000
1790911278.576,store_0,0.000
1790911278.576,store_1,0.010
1790911278.576,store_2,0.000
1790911278.576,avail_mb,35495
1790911278.576,pswpin,1530091
1790911279.585,api,0.089
1790911279.585,client,0.020
1790911279.585,enginecore,2.220
1790911279.585,other_total,0.010
1790911279.585,store_0,0.000
1790911279.585,store_1,0.010
1790911279.585,store_2,0.000
1790911279.585,avail_mb,35494
1790911279.585,pswpin,1530091
1790911280.595,api,0.050
1790911280.595,client,0.010
1790911280.595,enginecore,1.614
1790911280.595,other_total,0.020
1790911280.595,store_0,0.020
1790911280.595,store_1,0.000
1790911280.595,store_2,0.010
1790911280.595,avail_mb,35494
1790911280.595,pswpin,1530091
1790911281.604,api,0.069
1790911281.604,client,0.030
1790911281.604,enginecore,1.536
1790911281.604,other_total,0.000
1790911281.604,store_0,0.000
1790911281.604,store_1,0.000
1790911281.604,store_2,0.000
1790911281.604,avail_mb,35494
1790911281.604,pswpin,1530091
1790911282.612,api,0.000
1790911282.612,client,0.000
1790911282.612,enginecore,0.208
1790911282.612,other_total,0.040
1790911282.612,store_0,0.000
1790911282.612,store_1,0.000
1790911282.612,store_2,0.010
1790911282.612,avail_mb,35494
1790911282.612,pswpin,1530091
1790911283.621,api,0.040
1790911283.621,client,0.010
1790911283.621,enginecore,0.872
1790911283.621,other_total,0.020
1790911283.621,store_0,0.000
1790911283.621,store_1,0.000
1790911283.621,store_2,0.000
1790911283.621,avail_mb,35495
1790911283.621,pswpin,1530091
1790911284.630,api,0.040
1790911284.630,client,0.000
1790911284.630,enginecore,0.724
1790911284.630,other_total,0.000
1790911284.630,store_0,0.000
1790911284.630,store_1,0.000
1790911284.630,store_2,0.000
1790911284.630,avail_mb,35493
1790911284.630,pswpin,1530091
1790911285.640,api,0.089
1790911285.640,client,0.030
1790911285.640,enginecore,2.872
1790911285.640,other_total,0.000
1790911285.640,store_0,0.020
1790911285.640,store_1,0.030
1790911285.640,store_2,0.000
1790911285.640,avail_mb,35495
1790911285.640,pswpin,1530091
1790911286.649,api,0.139
1790911286.649,client,0.040
1790911286.649,enginecore,2.865
1790911286.649,other_total,0.040
1790911286.649,store_0,0.000
1790911286.649,store_1,0.010
1790911286.649,store_2,0.010
1790911286.649,avail_mb,35496
1790911286.649,pswpin,1530091
1790911287.658,api,0.089
1790911287.658,client,0.040
1790911287.658,enginecore,2.131
1790911287.658,other_total,0.010
1790911287.658,store_0,0.020
1790911287.658,store_1,0.000
1790911287.658,store_2,0.010
1790911287.658,avail_mb,35495
1790911287.658,pswpin,1530106
1790911288.668,api,0.148
1790911288.668,client,0.040
1790911288.668,enginecore,3.504
1790911288.668,other_total,0.000
1790911288.668,store_0,0.020
1790911288.668,store_1,0.000
1790911288.668,store_2,0.020
1790911288.668,avail_mb,35495
1790911288.668,pswpin,1530106
1790911289.677,api,0.079
1790911289.677,client,0.030
1790911289.677,enginecore,2.587
1790911289.677,other_total,0.030
1790911289.677,store_0,0.020
1790911289.677,store_1,0.000
1790911289.677,store_2,0.000
1790911289.677,avail_mb,35493
1790911289.677,pswpin,1530106
1790911290.686,api,0.089
1790911290.686,client,0.040
1790911290.686,enginecore,2.429
1790911290.686,other_total,0.000
1790911290.686,store_0,0.000
1790911290.686,store_1,0.010
1790911290.686,store_2,0.010
1790911290.686,avail_mb,35491
1790911290.686,pswpin,1530106
1790911291.695,api,0.059
1790911291.695,client,0.010
1790911291.695,enginecore,1.387
1790911291.695,other_total,0.020
1790911291.695,store_0,0.020
1790911291.695,store_1,0.000
1790911291.695,store_2,0.000
1790911291.695,avail_mb,35490
1790911291.695,pswpin,1530106
1790911292.704,api,0.109
1790911292.704,client,0.020
1790911292.704,enginecore,2.428
1790911292.704,other_total,0.040
1790911292.704,store_0,0.020
1790911292.704,store_1,0.000
1790911292.704,store_2,0.000
1790911292.704,avail_mb,35490
1790911292.704,pswpin,1530106
1790911293.713,api,0.089
1790911293.713,client,0.030
1790911293.713,enginecore,2.766
1790911293.713,other_total,0.010
1790911293.713,store_0,0.010
1790911293.713,store_1,0.000
1790911293.713,store_2,0.010
1790911293.713,avail_mb,35490
1790911293.713,pswpin,1530106
1790911294.722,api,0.089
1790911294.722,client,0.020
1790911294.722,enginecore,2.409
1790911294.722,other_total,0.030
1790911294.722,store_0,0.010
1790911294.722,store_1,0.020
1790911294.722,store_2,0.010
1790911294.722,avail_mb,35493
1790911294.722,pswpin,1530106
1790911295.731,api,0.089
1790911295.731,client,0.020
1790911295.731,enginecore,1.784
1790911295.731,other_total,0.010
1790911295.731,store_0,0.030
1790911295.731,store_1,0.000
1790911295.731,store_2,0.020
1790911295.731,avail_mb,35487
1790911295.731,pswpin,1530106
1790911296.739,api,0.050
1790911296.739,client,0.010
1790911296.739,enginecore,1.447
1790911296.739,other_total,0.040
1790911296.739,store_0,0.000
1790911296.739,store_1,0.000
1790911296.739,store_2,0.020
1790911296.739,avail_mb,35491
1790911296.739,pswpin,1530106
1790911297.748,api,0.099
1790911297.748,client,0.030
1790911297.748,enginecore,1.973
1790911297.748,other_total,0.000
1790911297.748,store_0,0.010
1790911297.748,store_1,0.000
1790911297.748,store_2,0.000
1790911297.748,avail_mb,35491
1790911297.748,pswpin,1530106
1790911298.757,api,0.030
1790911298.757,client,0.020
1790911298.757,enginecore,0.882
1790911298.757,other_total,0.040
1790911298.757,store_0,0.000
1790911298.757,store_1,0.020
1790911298.757,store_2,0.000
1790911298.757,avail_mb,35487
1790911298.757,pswpin,1530106
1790911299.766,api,0.059
1790911299.766,client,0.000
1790911299.766,enginecore,1.289
1790911299.766,other_total,0.040
1790911299.766,store_0,0.000
1790911299.766,store_1,0.010
1790911299.766,store_2,0.000
1790911299.766,avail_mb,35486
1790911299.766,pswpin,1530106
1790911300.774,api,0.069
1790911300.774,client,0.030
1790911300.774,enginecore,1.586
1790911300.774,other_total,0.010
1790911300.774,store_0,0.000
1790911300.774,store_1,0.000
1790911300.774,store_2,0.000
1790911300.774,avail_mb,35485
1790911300.774,pswpin,1530106
1790911301.784,api,0.050
1790911301.784,client,0.010
1790911301.784,enginecore,1.030
1790911301.784,other_total,0.069
1790911301.784,store_0,0.010
1790911301.784,store_1,0.000
1790911301.784,store_2,0.000
1790911301.784,avail_mb,35483
1790911301.784,pswpin,1530106
1790911302.794,api,0.109
1790911302.794,client,0.020
1790911302.794,enginecore,2.485
1790911302.794,other_total,0.030
1790911302.794,store_0,0.000
1790911302.794,store_1,0.010
1790911302.794,store_2,0.000
1790911302.794,avail_mb,35487
1790911302.794,pswpin,1530106
1790911303.803,api,0.050
1790911303.803,client,0.020
1790911303.803,enginecore,1.754
1790911303.803,other_total,0.000
1790911303.803,store_0,0.010
1790911303.803,store_1,0.000
1790911303.803,store_2,0.010
1790911303.803,avail_mb,35485
1790911303.803,pswpin,1530106
1790911304.812,api,0.139
1790911304.812,client,0.050
1790911304.812,enginecore,3.182
1790911304.812,other_total,0.000
1790911304.812,store_0,0.010
1790911304.812,store_1,0.000
1790911304.812,store_2,0.020
1790911304.812,avail_mb,35482
1790911304.812,pswpin,1530106
1790911305.822,api,0.089
1790911305.822,client,0.030
1790911305.822,enginecore,1.702
1790911305.822,other_total,0.020
1790911305.822,store_0,0.000
1790911305.822,store_1,0.000
1790911305.822,store_2,0.000
1790911305.822,avail_mb,35474
1790911305.822,pswpin,1530106
1790911306.831,api,0.089
1790911306.831,client,0.020
1790911306.831,enginecore,1.635
1790911306.831,other_total,0.000
1790911306.831,store_0,0.000
1790911306.831,store_1,0.010
1790911306.831,store_2,0.010
1790911306.831,avail_mb,35481
1790911306.831,pswpin,1530106
1790911307.840,api,0.040
1790911307.840,client,0.000
1790911307.840,enginecore,0.724
1790911307.840,other_total,0.030
1790911307.840,store_0,0.000
1790911307.840,store_1,0.000
1790911307.840,store_2,0.000
1790911307.840,avail_mb,35480
1790911307.840,pswpin,1530106
1790911308.849,api,0.030
1790911308.849,client,0.010
1790911308.849,enginecore,0.912
1790911308.849,other_total,0.050
1790911308.849,store_0,0.010
1790911308.849,store_1,0.010
1790911308.849,store_2,0.000
1790911308.849,avail_mb,35480
1790911308.849,pswpin,1530107
1790911309.858,api,0.089
1790911309.858,client,0.020
1790911309.858,enginecore,2.160
1790911309.858,other_total,0.000
1790911309.858,store_0,0.000
1790911309.858,store_1,0.000
1790911309.858,store_2,0.000
1790911309.858,avail_mb,35477
1790911309.858,pswpin,1530107
1790911310.867,api,0.099
1790911310.867,client,0.020
1790911310.867,enginecore,1.646
1790911310.867,other_total,0.000
1790911310.867,store_0,0.010
1790911310.867,store_1,0.010
1790911310.867,store_2,0.000
1790911310.867,avail_mb,35478
1790911310.867,pswpin,1530107
1790911311.878,api,0.049
1790911311.878,client,0.000
1790911311.878,enginecore,1.315
1790911311.878,other_total,0.020
1790911311.878,store_0,0.010
1790911311.878,store_1,0.000
1790911311.878,store_2,0.010
1790911311.878,avail_mb,35479
1790911311.878,pswpin,1530107
1790911312.887,api,0.059
1790911312.887,client,0.020
1790911312.887,enginecore,1.328
1790911312.887,other_total,0.000
1790911312.887,store_0,0.010
1790911312.887,store_1,0.000
1790911312.887,store_2,0.000
1790911312.887,avail_mb,35479
1790911312.887,pswpin,1530107
1790911313.895,api,0.030
1790911313.895,client,0.010
1790911313.895,enginecore,0.962
1790911313.895,other_total,0.059
1790911313.895,store_0,0.000
1790911313.895,store_1,0.000
1790911313.895,store_2,0.010
1790911313.895,avail_mb,35475
1790911313.895,pswpin,1530107
1790911314.906,api,0.099
1790911314.906,client,0.020
1790911314.906,enginecore,2.068
1790911314.906,other_total,0.010
1790911314.906,store_0,0.000
1790911314.906,store_1,0.000
1790911314.906,store_2,0.010
1790911314.906,avail_mb,35472
1790911314.906,pswpin,1530107
1790911315.916,api,0.050
1790911315.916,client,0.020
1790911315.916,enginecore,1.793
1790911315.916,other_total,0.010
1790911315.916,store_0,0.020
1790911315.916,store_1,0.000
1790911315.916,store_2,0.010
1790911315.916,avail_mb,35470
1790911315.916,pswpin,1530107
1790911316.925,api,0.089
1790911316.925,client,0.020
1790911316.925,enginecore,2.428
1790911316.925,other_total,0.020
1790911316.925,store_0,0.000
1790911316.925,store_1,0.010
1790911316.925,store_2,0.010
1790911316.925,avail_mb,35474
1790911316.925,pswpin,1530107
1790911317.933,api,0.119
1790911317.933,client,0.040
1790911317.933,enginecore,2.250
1790911317.933,other_total,0.000
1790911317.933,store_0,0.010
1790911317.933,store_1,0.000
1790911317.933,store_2,0.000
1790911317.933,avail_mb,35472
1790911317.933,pswpin,1530107
1790911318.943,api,0.050
1790911318.943,client,0.030
1790911318.943,enginecore,1.516
1790911318.943,other_total,0.000
1790911318.943,store_0,0.010
1790911318.943,store_1,0.000
1790911318.943,store_2,0.000
1790911318.943,avail_mb,35475
1790911318.943,pswpin,1530107
1790911319.951,api,0.069
1790911319.951,client,0.010
1790911319.951,enginecore,1.656
1790911319.951,other_total,0.030
1790911319.951,store_0,0.010
1790911319.951,store_1,0.000
1790911319.951,store_2,0.000
1790911319.951,avail_mb,35473
1790911319.951,pswpin,1530107
1790911320.960,api,0.109
1790911320.960,client,0.030
1790911320.960,enginecore,2.002
1790911320.960,other_total,0.010
1790911320.960,store_0,0.000
1790911320.960,store_1,0.000
1790911320.960,store_2,0.000
1790911320.960,avail_mb,35472
1790911320.960,pswpin,1530108
1790911321.972,api,0.030
1790911321.972,client,0.010
1790911321.972,enginecore,0.979
1790911321.972,other_total,0.040
1790911321.972,store_0,0.000
1790911321.972,store_1,0.020
1790911321.972,store_2,0.010
1790911321.972,avail_mb,35472
1790911321.972,pswpin,1530108
1790911322.981,api,0.069
1790911322.981,client,0.010
1790911322.981,enginecore,1.783
1790911322.981,other_total,0.079
1790911322.981,store_0,0.000
1790911322.981,store_1,0.010
1790911322.981,store_2,0.000
1790911322.981,avail_mb,35469
1790911322.981,pswpin,1530108
1790911323.990,api,0.050
1790911323.990,client,0.020
1790911323.990,enginecore,1.189
1790911323.990,other_total,0.000
1790911323.990,store_0,0.030
1790911323.990,store_1,0.000
1790911323.990,store_2,0.010
1790911323.990,avail_mb,35475
1790911323.990,pswpin,1530108
1790911324.999,api,0.109
1790911324.999,client,0.020
1790911324.999,enginecore,3.242
1790911324.999,other_total,0.020
1790911324.999,store_0,0.010
1790911324.999,store_1,0.010
1790911324.999,store_2,0.000
1790911324.999,avail_mb,35474
1790911324.999,pswpin,1530108
1790911326.008,api,0.129
1790911326.008,client,0.040
1790911326.008,enginecore,3.083
1790911326.008,other_total,0.000
1790911326.008,store_0,0.030
1790911326.008,store_1,0.010
1790911326.008,store_2,0.000
1790911326.008,avail_mb,35465
1790911326.008,pswpin,1530108
1790911327.017,api,0.079
1790911327.017,client,0.020
1790911327.017,enginecore,2.081
1790911327.017,other_total,0.000
1790911327.017,store_0,0.000
1790911327.017,store_1,0.000
1790911327.017,store_2,0.010
1790911327.017,avail_mb,35462
1790911327.017,pswpin,1530108
1790911328.026,api,0.079
1790911328.026,client,0.050
1790911328.026,enginecore,1.912
1790911328.026,other_total,0.010
1790911328.026,store_0,0.000
1790911328.026,store_1,0.010
1790911328.026,store_2,0.000
1790911328.026,avail_mb,35462
1790911328.026,pswpin,1530204
1790911329.036,api,0.119
1790911329.036,client,0.030
1790911329.036,enginecore,3.031
1790911329.036,other_total,0.030
1790911329.036,store_0,0.010
1790911329.036,store_1,0.010
1790911329.036,store_2,0.000
1790911329.036,avail_mb,35462
1790911329.036,pswpin,1530204
1790911330.045,api,0.079
1790911330.045,client,0.030
1790911330.045,enginecore,2.369
1790911330.045,other_total,0.010
1790911330.045,store_0,0.000
1790911330.045,store_1,0.010
1790911330.045,store_2,0.020
1790911330.045,avail_mb,35464
1790911330.045,pswpin,1530204
1790911331.054,api,0.050
1790911331.054,client,0.000
1790911331.054,enginecore,1.269
1790911331.054,other_total,0.030
1790911331.054,store_0,0.020
1790911331.054,store_1,0.000
1790911331.054,store_2,0.000
1790911331.054,avail_mb,35461
1790911331.054,pswpin,1530204
1790911332.062,api,0.059
1790911332.062,client,0.010
1790911332.062,enginecore,1.080
1790911332.062,other_total,0.030
1790911332.062,store_0,0.000
1790911332.062,store_1,0.000
1790911332.062,store_2,0.000
1790911332.062,avail_mb,35459
1790911332.062,pswpin,1530204
1790911333.071,api,0.050
1790911333.071,client,0.020
1790911333.071,enginecore,1.328
1790911333.071,other_total,0.000
1790911333.071,store_0,0.000
1790911333.071,store_1,0.000
1790911333.071,store_2,0.010
1790911333.071,avail_mb,35458
1790911333.071,pswpin,1530204
1790911334.081,api,0.099
1790911334.081,client,0.020
1790911334.081,enginecore,2.614
1790911334.081,other_total,0.049
1790911334.081,store_0,0.010
1790911334.081,store_1,0.010
1790911334.081,store_2,0.010
1790911334.081,avail_mb,35464
1790911334.081,pswpin,1530204
1790911335.090,api,0.069
1790911335.090,client,0.020
1790911335.090,enginecore,1.844
1790911335.090,other_total,0.000
1790911335.090,store_0,0.000
1790911335.090,store_1,0.000
1790911335.090,store_2,0.020
1790911335.090,avail_mb,35462
1790911335.090,pswpin,1530204
1790911336.099,api,0.050
1790911336.099,client,0.020
1790911336.099,enginecore,1.428
1790911336.099,other_total,0.050
1790911336.099,store_0,0.000
1790911336.099,store_1,0.010
1790911336.099,store_2,0.000
1790911336.099,avail_mb,35463
1790911336.099,pswpin,1530204
1790911337.108,api,0.079
1790911337.108,client,0.020
1790911337.108,enginecore,1.536
1790911337.108,other_total,0.000
1790911337.108,store_0,0.000
1790911337.108,store_1,0.000
1790911337.108,store_2,0.000
1790911337.108,avail_mb,35461
1790911337.108,pswpin,1530204
1790911338.118,api,0.049
1790911338.118,client,0.010
1790911338.118,enginecore,1.287
1790911338.118,other_total,0.030
1790911338.118,store_0,0.010
1790911338.118,store_1,0.000
1790911338.118,store_2,0.000
1790911338.118,avail_mb,35459
1790911338.118,pswpin,1530204
1790911339.127,api,0.059
1790911339.127,client,0.010
1790911339.127,enginecore,1.140
1790911339.127,other_total,0.000
1790911339.127,store_0,0.000
1790911339.127,store_1,0.000
1790911339.127,store_2,0.000
1790911339.127,avail_mb,35457
1790911339.127,pswpin,1530204
1790911340.138,api,0.069
1790911340.138,client,0.010
1790911340.138,enginecore,1.643
1790911340.138,other_total,0.030
1790911340.138,store_0,0.010
1790911340.138,store_1,0.000
1790911340.138,store_2,0.000
1790911340.138,avail_mb,35460
1790911340.138,pswpin,1530204
1790911341.147,api,0.119
1790911341.147,client,0.050
1790911341.147,enginecore,3.168
1790911341.147,other_total,0.000
1790911341.147,store_0,0.010
1790911341.147,store_1,0.000
1790911341.147,store_2,0.000
1790911341.147,avail_mb,35454
1790911341.147,pswpin,1530204
1790911342.156,api,0.089
1790911342.156,client,0.010
1790911342.156,enginecore,1.923
1790911342.156,other_total,0.020
1790911342.156,store_0,0.020
1790911342.156,store_1,0.010
1790911342.156,store_2,0.000
1790911342.156,avail_mb,35452
1790911342.156,pswpin,1530204
1790911343.166,api,0.109
1790911343.166,client,0.030
1790911343.166,enginecore,2.249
1790911343.166,other_total,0.079
1790911343.166,store_0,0.000
1790911343.166,store_1,0.010
1790911343.166,store_2,0.000
1790911343.166,avail_mb,35456
1790911343.166,pswpin,1530204
1790911344.174,api,0.050
1790911344.174,client,0.010
1790911344.174,enginecore,1.358
1790911344.174,other_total,0.050
1790911344.174,store_0,0.010
1790911344.174,store_1,0.000
1790911344.174,store_2,0.020
1790911344.174,avail_mb,35459
1790911344.174,pswpin,1530204
1790911345.184,api,0.099
1790911345.184,client,0.040
1790911345.184,enginecore,2.695
1790911345.184,other_total,0.000
1790911345.184,store_0,0.030
1790911345.184,store_1,0.010
1790911345.184,store_2,0.000
1790911345.184,avail_mb,35462
1790911345.184,pswpin,1530204
1790911346.193,api,0.069
1790911346.193,client,0.020
1790911346.193,enginecore,1.695
1790911346.193,other_total,0.000
1790911346.193,store_0,0.010
1790911346.193,store_1,0.010
1790911346.193,store_2,0.010
1790911346.193,avail_mb,35459
1790911346.193,pswpin,1530204
1790911347.202,api,0.059
1790911347.202,client,0.010
1790911347.202,enginecore,1.496
1790911347.202,other_total,0.059
1790911347.202,store_0,0.000
1790911347.202,store_1,0.020
1790911347.202,store_2,0.000
1790911347.202,avail_mb,35457
1790911347.202,pswpin,1530217
1790911348.211,api,0.069
1790911348.211,client,0.010
1790911348.211,enginecore,1.606
1790911348.211,other_total,0.000
1790911348.211,store_0,0.000
1790911348.211,store_1,0.010
1790911348.211,store_2,0.000
1790911348.211,avail_mb,35454
1790911348.211,pswpin,1530217
1790911349.221,api,0.069
1790911349.221,client,0.020
1790911349.221,enginecore,2.167
1790911349.221,other_total,0.010
1790911349.221,store_0,0.010
1790911349.221,store_1,0.030
1790911349.221,store_2,0.010
1790911349.221,avail_mb,35453
1790911349.221,pswpin,1530217
1790911350.230,api,0.139
1790911350.230,client,0.050
1790911350.230,enginecore,3.390
1790911350.230,other_total,0.030
1790911350.230,store_0,0.020
1790911350.230,store_1,0.020
1790911350.230,store_2,0.010
1790911350.230,avail_mb,35451
1790911350.230,pswpin,1530217
1790911351.239,api,0.089
1790911351.239,client,0.020
1790911351.239,enginecore,1.943
1790911351.239,other_total,0.040
1790911351.239,store_0,0.000
1790911351.239,store_1,0.000
1790911351.239,store_2,0.010
1790911351.239,avail_mb,35504
1790911351.239,pswpin,1530219
1790911352.248,api,0.069
1790911352.248,client,0.020
1790911352.248,enginecore,1.626
1790911352.248,other_total,0.000
1790911352.248,store_0,0.000
1790911352.248,store_1,0.000
1790911352.248,store_2,0.010
1790911352.248,avail_mb,35502
1790911352.248,pswpin,1530219
1790911353.257,api,0.079
1790911353.257,client,0.030
1790911353.257,enginecore,1.368
1790911353.257,other_total,0.000
1790911353.257,store_0,0.000
1790911353.257,store_1,0.010
1790911353.257,store_2,0.000
1790911353.257,avail_mb,35502
1790911353.257,pswpin,1530219
1790911354.267,api,0.059
1790911354.267,client,0.010
1790911354.267,enginecore,1.524
1790911354.267,other_total,0.049
1790911354.267,store_0,0.000
1790911354.267,store_1,0.020
1790911354.267,store_2,0.010
1790911354.267,avail_mb,35503
1790911354.267,pswpin,1530219
1790911355.276,api,0.030
1790911355.276,client,0.000
1790911355.276,enginecore,0.634
1790911355.276,other_total,0.020
1790911355.276,store_0,0.000
1790911355.276,store_1,0.000
1790911355.276,store_2,0.000
1790911355.276,avail_mb,35502
1790911355.276,pswpin,1530219
1790911356.285,api,0.030
1790911356.285,client,0.010
1790911356.285,enginecore,0.724
1790911356.285,other_total,0.050
1790911356.285,store_0,0.000
1790911356.285,store_1,0.000
1790911356.285,store_2,0.010
1790911356.285,avail_mb,35498
1790911356.285,pswpin,1530219
1790911357.293,api,0.030
1790911357.293,client,0.000
1790911357.293,enginecore,0.456
1790911357.293,other_total,0.020
1790911357.293,store_0,0.000
1790911357.293,store_1,0.000
1790911357.293,store_2,0.000
1790911357.293,avail_mb,35556
1790911357.293,pswpin,1530223
1790911358.302,api,0.059
1790911358.302,client,0.030
1790911358.302,enginecore,1.160
1790911358.302,other_total,0.000
1790911358.302,store_0,0.000
1790911358.302,store_1,0.010
1790911358.302,store_2,0.000
1790911358.302,avail_mb,35556
1790911358.302,pswpin,1530223
1790911359.311,api,0.030
1790911359.311,client,0.000
1790911359.311,enginecore,0.545
1790911359.311,other_total,0.069
1790911359.311,store_0,0.000
1790911359.311,store_1,0.000
1790911359.311,store_2,0.000
1790911359.311,avail_mb,35557
1790911359.311,pswpin,1530223
1790911360.320,api,0.020
1790911360.320,client,0.010
1790911360.320,enginecore,0.575
1790911360.320,other_total,0.000
1790911360.320,store_0,0.000
1790911360.320,store_1,0.000
1790911360.320,store_2,0.000
1790911360.320,avail_mb,35556
1790911360.320,pswpin,1530223
1790911361.331,api,0.000
1790911361.331,client,0.000
1790911361.331,enginecore,0.030
1790911361.331,other_total,0.010
1790911361.331,store_0,0.000
1790911361.331,store_1,0.000
1790911361.331,store_2,0.000
1790911361.331,avail_mb,35553
1790911361.331,pswpin,1530223
1790911362.340,api,0.030
1790911362.340,client,0.000
1790911362.340,enginecore,0.406
1790911362.340,other_total,0.030
1790911362.340,store_0,0.000
1790911362.340,store_1,0.000
1790911362.340,store_2,0.000
1790911362.340,avail_mb,35547
1790911362.340,pswpin,1530223
1790911363.351,api,0.000
1790911363.351,enginecore,0.148
1790911363.351,other_total,0.069
1790911363.351,store_0,0.000
1790911363.351,store_1,0.000
1790911363.351,store_2,0.000
1790911363.351,avail_mb,35604
1790911363.351,pswpin,1530227
1790911364.363,api,0.000
1790911364.363,enginecore,0.040
1790911364.363,other_total,0.010
1790911364.363,store_0,0.000
1790911364.363,store_1,0.000
1790911364.363,store_2,0.000
1790911364.363,avail_mb,35604
1790911364.363,pswpin,1530227
1790911365.373,api,0.010
1790911365.373,enginecore,0.049
1790911365.373,other_total,0.049
1790911365.373,store_0,0.000
1790911365.373,store_1,0.000
1790911365.373,store_2,0.000
1790911365.373,avail_mb,35602
1790911365.373,pswpin,1530230
1790911366.385,api,0.000
1790911366.385,enginecore,0.010
1790911366.385,other_total,0.099
1790911366.385,store_0,0.000
1790911366.385,store_1,0.000
1790911366.385,store_2,0.000
1790911366.385,avail_mb,35601
1790911366.385,pswpin,1530230
