ts,gpu,sm_active,sm_occupancy,dram_active,fb_used_mib
1790893527.7,0,0.0000,0.0000,0.0000,164
1790893527.7,1,0.0000,0.0000,0.0000,17
1790893528.7,0,0.0000,0.0000,0.0000,164
1790893528.7,1,0.0000,0.0000,0.0000,17
1790893529.7,0,0.0000,0.0000,0.0000,164
1790893529.7,1,0.0000,0.0000,0.0000,17
1790893530.8,0,0.0000,0.0000,0.0000,164
1790893530.8,1,0.0000,0.0000,0.0000,17
1790893531.8,0,0.0000,0.0000,0.0000,164
1790893531.8,1,0.0000,0.0000,0.0000,17
1790893532.8,0,0.0000,0.0000,0.0000,164
1790893532.8,1,0.0000,0.0000,0.0000,17
1790893533.8,0,0.0000,0.0000,0.0000,164
1790893533.8,1,0.0000,0.0000,0.0000,17
1790893534.8,0,0.0000,0.0000,0.0000,164
1790893534.8,1,0.0000,0.0000,0.0000,17
1790893535.8,0,0.0000,0.0000,0.0000,164
1790893535.8,1,0.0000,0.0000,0.0000,17
1790893536.8,0,0.0000,0.0000,0.0000,164
1790893536.8,1,0.0000,0.0000,0.0000,17
1790893537.8,0,0.0000,0.0000,0.0000,164
1790893537.8,1,0.0000,0.0000,0.0000,17
1790893538.8,0,0.0000,0.0000,0.0000,197
1790893538.8,1,0.0000,0.0000,0.0000,34
1790893539.8,0,0.0000,0.0000,0.0000,225
1790893539.8,1,0.0000,0.0000,0.0000,78
1790893540.8,0,0.0000,0.0000,0.0000,225
1790893540.8,1,0.0000,0.0000,0.0000,78
1790893541.8,0,0.0000,0.0000,0.0000,225
1790893541.8,1,0.0000,0.0000,0.0000,78
1790893542.8,0,0.0000,0.0000,0.0000,225
1790893542.8,1,0.0000,0.0000,0.0000,78
1790893543.8,0,0.0000,0.0000,0.0000,225
1790893543.8,1,0.0000,0.0000,0.0000,78
1790893544.8,0,0.0000,0.0000,0.0000,225
1790893544.8,1,0.0000,0.0000,0.0000,78
1790893545.8,0,0.0000,0.0000,0.0000,225
1790893545.8,1,0.0000,0.0000,0.0000,78
1790893546.8,0,0.0000,0.0000,0.0000,225
1790893546.8,1,0.0000,0.0000,0.0000,78
1790893547.8,0,0.0000,0.0000,0.0000,225
1790893547.8,1,0.0000,0.0000,0.0000,78
1790893548.8,0,0.0000,0.0000,0.0000,805
1790893548.8,1,0.0000,0.0000,0.0000,750
1790893549.8,0,0.0000,0.0000,0.0000,1857
1790893549.8,1,0.0000,0.0000,0.0000,1690
1790893550.8,0,0.0350,0.0060,0.0090,2369
1790893550.8,1,0.0000,0.0000,0.0010,1690
1790893551.8,0,0.0000,0.0000,0.0000,1889
1790893551.8,1,0.0000,0.0000,0.0000,1690
1790893552.8,0,0.0370,0.0060,0.0100,3411
1790893552.8,1,0.0000,0.0000,0.0000,1690
1790893553.8,0,0.0000,0.0000,0.0000,3411
1790893553.8,1,0.0040,0.0010,0.0010,2182
1790893554.8,0,0.0000,0.0000,0.0000,3411
1790893554.8,1,0.0060,0.0010,0.0020,1722
1790893555.8,0,0.0000,0.0000,0.0000,3411
1790893555.8,1,0.0000,0.0000,0.0000,2862
1790893556.8,0,0.0000,0.0000,0.0000,3411
1790893556.8,1,0.0310,0.0040,0.0140,3360
1790893557.8,0,0.0000,0.0000,0.0000,3411
1790893557.8,1,0.0020,0.0010,0.0020,3360
1790893558.8,0,0.0000,0.0000,0.0000,3411
1790893558.8,1,0.0000,0.0000,0.0000,3360
1790893559.8,0,0.0000,0.0000,0.0000,3411
1790893559.8,1,0.0000,0.0000,0.0000,3360
1790893560.8,0,0.1850,0.0260,0.0270,3413
1790893560.8,1,0.0000,0.0000,0.0000,3360
1790893561.8,0,0.4450,0.0620,0.0660,3413
1790893561.8,1,0.0000,0.0000,0.0000,3360
1790893562.8,0,0.4280,0.0600,0.0640,3413
1790893562.8,1,0.0000,0.0000,0.0000,3360
1790893563.8,0,0.4390,0.0610,0.0650,3413
1790893563.8,1,0.0000,0.0000,0.0000,3360
1790893564.8,0,0.2840,0.0400,0.0440,225
1790893564.8,1,0.0030,0.0000,0.0010,3362
1790893565.8,0,0.0000,0.0000,0.0000,225
1790893565.8,1,0.0000,0.0000,0.0000,3362
1790893566.8,0,0.0000,0.0000,0.0000,225
1790893566.8,1,0.0000,0.0000,0.0000,3362
1790893567.8,0,0.0000,0.0000,0.0000,225
1790893567.8,1,0.0000,0.0000,0.0000,3362
1790893568.8,0,0.0000,0.0000,0.0000,225
1790893568.8,1,0.0000,0.0000,0.0000,3362
1790893569.8,0,0.0000,0.0000,0.0000,225
1790893569.8,1,0.0000,0.0000,0.0000,3362
1790893570.8,0,0.0000,0.0000,0.0000,225
1790893570.8,1,0.0000,0.0000,0.0000,3362
1790893571.8,0,0.0000,0.0000,0.0000,225
1790893571.8,1,0.0000,0.0000,0.0000,3362
1790893572.8,0,0.0000,0.0000,0.0000,225
1790893572.8,1,0.0000,0.0000,0.0000,3362
1790893573.8,0,0.0000,0.0000,0.0000,225
1790893573.8,1,0.0000,0.0000,0.0000,3362
1790893574.8,0,0.0000,0.0000,0.0000,225
1790893574.8,1,0.0000,0.0000,0.0000,3362
1790893575.8,0,0.0000,0.0000,0.0000,807
1790893575.8,1,0.0000,0.0000,0.0000,3943
1790893576.8,0,0.0000,0.0000,0.0000,1857
1790893576.8,1,0.0000,0.0000,0.0000,4975
1790893577.8,0,0.0350,0.0060,0.0090,2369
1790893577.8,1,0.0000,0.0000,0.0010,4975
1790893578.8,0,0.0000,0.0000,0.0000,1889
1790893578.8,1,0.0000,0.0000,0.0000,4975
1790893579.8,0,0.0370,0.0060,0.0100,3411
1790893579.8,1,0.0000,0.0000,0.0000,4975
1790893580.8,0,0.0000,0.0000,0.0000,3411
1790893580.8,1,0.0000,0.0000,0.0000,5467
1790893581.8,0,0.0000,0.0000,0.0000,3411
1790893581.8,1,0.0100,0.0020,0.0030,5007
1790893582.8,0,0.0000,0.0000,0.0000,3411
1790893582.8,1,0.0000,0.0000,0.0000,5007
1790893583.8,0,0.0000,0.0000,0.0000,3411
1790893583.8,1,0.0230,0.0030,0.0090,6645
1790893584.8,0,0.0000,0.0000,0.0000,3411
1790893584.8,1,0.0100,0.0010,0.0060,6645
1790893585.8,0,0.0000,0.0000,0.0000,3411
1790893585.8,1,0.0000,0.0000,0.0000,6645
1790893586.8,0,0.0000,0.0000,0.0000,3411
1790893586.8,1,0.0000,0.0000,0.0000,6645
1790893587.8,0,0.0000,0.0000,0.0000,3413
1790893587.8,1,0.0000,0.0000,0.0000,6645
1790893588.8,0,0.4440,0.0620,0.0660,3413
1790893588.8,1,0.0000,0.0000,0.0000,6645
1790893589.8,0,0.4420,0.0620,0.0660,3413
1790893589.8,1,0.0000,0.0000,0.0000,6645
1790893590.8,0,0.4240,0.0590,0.0630,3413
1790893590.8,1,0.0000,0.0000,0.0000,6645
1790893591.8,0,0.4340,0.0600,0.0640,3413
1790893591.8,1,0.0000,0.0000,0.0000,6647
1790893592.8,0,0.0370,0.0050,0.0070,225
1790893592.8,1,0.0030,0.0000,0.0010,6647
1790893593.8,0,0.0000,0.0000,0.0000,225
1790893593.8,1,0.0000,0.0000,0.0000,6647
1790893594.8,0,0.0000,0.0000,0.0000,225
1790893594.8,1,0.0000,0.0000,0.0000,6647
1790893595.8,0,0.0000,0.0000,0.0000,225
1790893595.8,1,0.0000,0.0000,0.0000,6647
1790893596.8,0,0.0000,0.0000,0.0000,225
1790893596.8,1,0.0000,0.0000,0.0000,6647
1790893597.8,0,0.0000,0.0000,0.0000,225
1790893597.8,1,0.0000,0.0000,0.0000,6647
1790893598.8,0,0.0000,0.0000,0.0000,225
1790893598.8,1,0.0000,0.0000,0.0000,6647
1790893599.8,0,0.0000,0.0000,0.0000,225
1790893599.8,1,0.0000,0.0000,0.0000,6647
1790893600.8,0,0.0000,0.0000,0.0000,225
1790893600.8,1,0.0000,0.0000,0.0000,6647
1790893601.8,0,0.0000,0.0000,0.0000,225
1790893601.8,1,0.0000,0.0000,0.0000,6647
1790893602.8,0,0.0000,0.0000,0.0000,225
1790893602.8,1,0.0000,0.0000,0.0000,6647
1790893603.8,0,0.0000,0.0000,0.0000,1617
1790893603.8,1,0.0000,0.0000,0.0000,8260
1790893604.8,0,0.0000,0.0000,0.0010,1857
1790893604.8,1,0.0000,0.0000,0.0010,8260
1790893605.8,0,0.0350,0.0060,0.0090,1889
1790893605.8,1,0.0000,0.0000,0.0000,8260
1790893606.8,0,0.0000,0.0000,0.0000,1889
1790893606.8,1,0.0000,0.0000,0.0000,8260
1790893607.8,0,0.0000,0.0000,0.0000,1889
1790893607.8,1,0.0000,0.0000,0.0000,8352
1790893608.8,0,0.0000,0.0000,0.0000,1889
1790893608.8,1,0.0100,0.0020,0.0030,8292
1790893609.8,0,0.0000,0.0000,0.0000,1889
1790893609.8,1,0.0000,0.0000,0.0000,8292
1790893610.8,0,0.0000,0.0000,0.0000,1889
1790893610.8,1,0.0000,0.0000,0.0000,8292
1790893611.8,0,0.0000,0.0000,0.0000,1889
1790893611.8,1,0.0000,0.0000,0.0000,8292
1790893612.8,0,0.0370,0.0060,0.0100,3411
1790893612.8,1,0.0000,0.0000,0.0000,8292
1790893613.8,0,0.0000,0.0000,0.0000,3411
1790893613.8,1,0.0000,0.0000,0.0000,8292
1790893614.8,0,0.0000,0.0000,0.0000,3411
1790893614.8,1,0.0000,0.0000,0.0000,8292
1790893615.8,0,0.0000,0.0000,0.0000,3411
1790893615.8,1,0.0090,0.0020,0.0020,9420
1790893616.8,0,0.0000,0.0000,0.0000,3411
1790893616.8,1,0.0240,0.0030,0.0140,9930
1790893617.8,0,0.0000,0.0000,0.0000,3411
1790893617.8,1,0.0000,0.0000,0.0000,9930
1790893618.8,0,0.0000,0.0000,0.0000,3411
1790893618.8,1,0.0000,0.0000,0.0000,9930
1790893619.8,0,0.2970,0.0410,0.0440,3413
1790893619.8,1,0.0000,0.0000,0.0000,9930
1790893620.8,0,0.4390,0.0610,0.0650,3413
1790893620.8,1,0.0000,0.0000,0.0000,9930
1790893621.8,0,0.4420,0.0620,0.0660,3413
1790893621.8,1,0.0000,0.0000,0.0000,9930
1790893622.8,0,0.4180,0.0580,0.0620,3413
1790893622.8,1,0.0000,0.0000,0.0000,9930
1790893623.8,0,0.1850,0.0260,0.0300,225
1790893623.8,1,0.0030,0.0000,0.0010,9932
1790893624.8,0,0.0000,0.0000,0.0000,225
1790893624.8,1,0.0000,0.0000,0.0000,9932
1790893625.8,0,0.0000,0.0000,0.0000,225
1790893625.8,1,0.0000,0.0000,0.0000,9932
1790893626.8,0,0.0000,0.0000,0.0000,225
1790893626.8,1,0.0000,0.0000,0.0000,9932
1790893627.8,0,0.0000,0.0000,0.0000,225
1790893627.8,1,0.0000,0.0000,0.0000,9932
1790893628.8,0,0.0000,0.0000,0.0000,225
1790893628.8,1,0.0000,0.0000,0.0000,9932
1790893629.8,0,0.0000,0.0000,0.0000,225
1790893629.8,1,0.0000,0.0000,0.0000,9932
1790893630.8,0,0.0000,0.0000,0.0000,225
1790893630.8,1,0.0000,0.0000,0.0000,9932
1790893631.8,0,0.0000,0.0000,0.0000,225
1790893631.8,1,0.0000,0.0000,0.0000,9932
1790893632.8,0,0.0000,0.0000,0.0000,225
1790893632.8,1,0.0000,0.0000,0.0000,9932
1790893633.8,0,0.0000,0.0000,0.0000,225
1790893633.8,1,0.0000,0.0000,0.0000,9932
1790893634.8,0,0.0000,0.0000,0.0000,877
1790893634.8,1,0.0000,0.0000,0.0000,10605
1790893635.8,0,0.0000,0.0000,0.0010,1857
1790893635.8,1,0.0000,0.0000,0.0000,11545
1790893636.8,0,0.0350,0.0060,0.0090,2369
1790893636.8,1,0.0000,0.0000,0.0010,11545
1790893637.8,0,0.0000,0.0000,0.0000,1889
1790893637.8,1,0.0000,0.0000,0.0000,11545
1790893638.8,0,0.0000,0.0000,0.0000,1889
1790893638.8,1,0.0000,0.0000,0.0000,11545
1790893639.8,0,0.0000,0.0000,0.0000,1889
1790893639.8,1,0.0090,0.0020,0.0020,12037
1790893640.8,0,0.0000,0.0000,0.0000,1889
1790893640.8,1,0.0000,0.0000,0.0010,11577
1790893641.8,0,0.0000,0.0000,0.0000,1889
1790893641.8,1,0.0000,0.0000,0.0000,11577
1790893642.8,0,0.0000,0.0000,0.0000,1889
1790893642.8,1,0.0000,0.0000,0.0000,11577
1790893643.8,0,0.0000,0.0000,0.0010,3411
1790893643.8,1,0.0000,0.0000,0.0000,11577
1790893644.8,0,0.0360,0.0060,0.0090,3411
1790893644.8,1,0.0000,0.0000,0.0000,11577
1790893645.8,0,0.0000,0.0000,0.0000,3411
1790893645.8,1,0.0000,0.0000,0.0000,11577
1790893646.8,0,0.0000,0.0000,0.0000,3411
1790893646.8,1,0.0000,0.0000,0.0000,11577
1790893647.8,0,0.0000,0.0000,0.0000,3411
1790893647.8,1,0.0000,0.0000,0.0000,12717
1790893648.8,0,0.0000,0.0000,0.0000,3411
1790893648.8,1,0.0340,0.0040,0.0150,13215
1790893649.8,0,0.0000,0.0000,0.0000,3411
1790893649.8,1,0.0020,0.0010,0.0020,13215
1790893650.8,0,0.0000,0.0000,0.0000,3411
1790893650.8,1,0.0000,0.0000,0.0000,13215
1790893651.8,0,0.0000,0.0000,0.0000,3411
1790893651.8,1,0.0000,0.0000,0.0000,13215
1790893652.8,0,0.0550,0.0080,0.0080,3413
1790893652.8,1,0.0000,0.0000,0.0000,13215
1790893653.8,0,0.4270,0.0600,0.0630,3413
1790893653.8,1,0.0000,0.0000,0.0000,13215
1790893654.8,0,0.4400,0.0610,0.0650,3413
1790893654.8,1,0.0000,0.0000,0.0000,13215
1790893655.8,0,0.4170,0.0580,0.0620,3413
1790893655.8,1,0.0000,0.0000,0.0000,13215
1790893656.8,0,0.4410,0.0620,0.0650,3413
1790893656.8,1,0.0000,0.0000,0.0000,13217
1790893657.8,0,0.0010,0.0000,0.0020,225
1790893657.8,1,0.0030,0.0000,0.0010,13217
1790893658.8,0,0.0000,0.0000,0.0000,225
1790893658.8,1,0.0000,0.0000,0.0000,13217
1790893659.8,0,0.0000,0.0000,0.0000,225
1790893659.8,1,0.0000,0.0000,0.0000,13217
1790893660.8,0,0.0000,0.0000,0.0000,225
1790893660.8,1,0.0000,0.0000,0.0000,13217
1790893661.8,0,0.0000,0.0000,0.0000,225
1790893661.8,1,0.0080,0.0010,0.0050,13217
1790893662.8,0,0.0000,0.0000,0.0000,225
1790893662.8,1,0.0160,0.0020,0.0090,13217
1790893663.8,0,0.0000,0.0000,0.0000,225
1790893663.8,1,0.0260,0.0020,0.0140,13217
1790893664.8,0,0.0000,0.0000,0.0000,225
1790893664.8,1,0.0250,0.0020,0.0140,13217
1790893665.8,0,0.0000,0.0000,0.0000,225
1790893665.8,1,0.0170,0.0020,0.0090,13217
1790893666.8,0,0.0000,0.0000,0.0000,225
1790893666.8,1,0.0090,0.0010,0.0050,13217
1790893667.8,0,0.0000,0.0000,0.0000,225
1790893667.8,1,0.0180,0.0010,0.0100,13217
1790893668.8,0,0.0000,0.0000,0.0000,225
1790893668.8,1,0.0420,0.0040,0.0230,13217
1790893669.8,0,0.0000,0.0000,0.0000,225
1790893669.8,1,0.0260,0.0020,0.0140,13217
1790893670.8,0,0.0000,0.0000,0.0000,225
1790893670.8,1,0.0170,0.0020,0.0090,13217
1790893671.8,0,0.0000,0.0000,0.0000,225
1790893671.8,1,0.0000,0.0000,0.0000,13217
1790893672.8,0,0.0000,0.0000,0.0000,225
1790893672.8,1,0.0170,0.0020,0.0090,13217
1790893673.8,0,0.0000,0.0000,0.0000,225
1790893673.8,1,0.0000,0.0000,0.0000,13217
1790893674.8,0,0.0000,0.0000,0.0000,225
1790893674.8,1,0.0170,0.0020,0.0090,13217
1790893675.8,0,0.0000,0.0000,0.0000,225
1790893675.8,1,0.0090,0.0010,0.0050,13217
1790893676.8,0,0.0000,0.0000,0.0000,225
1790893676.8,1,0.0000,0.0000,0.0000,13217
1790893677.8,0,0.0000,0.0000,0.0000,225
1790893677.8,1,0.0090,0.0010,0.0050,13217
1790893678.8,0,0.0000,0.0000,0.0000,225
1790893678.8,1,0.0080,0.0010,0.0050,13217
1790893679.8,0,0.0000,0.0000,0.0000,225
1790893679.8,1,0.0010,0.0000,0.0000,13217
1790893680.8,0,0.0000,0.0000,0.0000,225
1790893680.8,1,0.0000,0.0000,0.0000,13217
1790893681.8,0,0.0000,0.0000,0.0000,225
1790893681.8,1,0.0000,0.0000,0.0000,13217
1790893682.8,0,0.0000,0.0000,0.0000,225
1790893682.8,1,0.0000,0.0000,0.0000,13217
1790893683.8,0,0.0000,0.0000,0.0000,225
1790893683.8,1,0.0000,0.0000,0.0000,13217
1790893684.8,0,0.0000,0.0000,0.0000,225
1790893684.8,1,0.0000,0.0000,0.0000,13217
1790893685.8,0,0.0000,0.0000,0.0000,225
1790893685.8,1,0.0000,0.0000,0.0000,13217
1790893686.8,0,0.0000,0.0000,0.0000,225
1790893686.8,1,0.0000,0.0000,0.0000,13217
1790893687.8,0,0.0000,0.0000,0.0000,225
1790893687.8,1,0.0000,0.0000,0.0000,13217
1790893688.8,0,0.0000,0.0000,0.0000,225
1790893688.8,1,0.0000,0.0000,0.0000,13217
1790893689.8,0,0.0000,0.0000,0.0000,225
1790893689.8,1,0.0000,0.0000,0.0000,13217
1790893690.8,0,0.0000,0.0000,0.0000,225
1790893690.8,1,0.0000,0.0000,0.0000,13217
1790893691.8,0,0.0000,0.0000,0.0000,225
1790893691.8,1,0.2190,0.0180,0.1400,13217
1790893692.8,0,0.0000,0.0000,0.0000,225
1790893692.8,1,0.7050,0.0600,0.5180,13217
1790893693.8,0,0.0000,0.0000,0.0000,225
1790893693.8,1,0.4360,0.0380,0.3060,13217
1790893694.8,0,0.0000,0.0000,0.0000,225
1790893694.8,1,0.6160,0.0580,0.4570,13217
1790893695.8,0,0.0000,0.0000,0.0000,225
1790893695.8,1,0.5780,0.0520,0.4110,13217
1790893696.8,0,0.0000,0.0000,0.0000,225
1790893696.8,1,0.7340,0.0660,0.5350,13217
1790893697.8,0,0.0000,0.0000,0.0000,225
1790893697.8,1,0.5790,0.0490,0.4260,13217
1790893698.8,0,0.0000,0.0000,0.0000,225
1790893698.8,1,0.5660,0.0530,0.4020,13217
1790893699.8,0,0.0000,0.0000,0.0000,225
1790893699.8,1,0.6120,0.0580,0.4380,13217
1790893700.8,0,0.0000,0.0000,0.0000,225
1790893700.8,1,0.6590,0.0630,0.4760,13217
1790893701.8,0,0.0000,0.0000,0.0000,225
1790893701.8,1,0.8980,0.0810,0.6600,13217
1790893702.8,0,0.0000,0.0000,0.0000,225
1790893702.8,1,0.4420,0.0360,0.3100,13217
1790893703.8,0,0.0000,0.0000,0.0000,225
1790893703.8,1,0.5750,0.0520,0.3990,13217
1790893704.8,0,0.0000,0.0000,0.0000,225
1790893704.8,1,0.5890,0.0510,0.4180,13217
1790893705.8,0,0.0000,0.0000,0.0000,225
1790893705.8,1,0.4410,0.0420,0.3140,13217
1790893706.8,0,0.0000,0.0000,0.0000,225
1790893706.8,1,0.6150,0.0550,0.4460,13217
1790893707.8,0,0.0000,0.0000,0.0000,225
1790893707.8,1,0.7850,0.0750,0.5740,13217
1790893708.8,0,0.0000,0.0000,0.0000,225
1790893708.8,1,0.6770,0.0640,0.4700,13217
1790893709.8,0,0.0000,0.0000,0.0000,225
1790893709.8,1,0.6380,0.0600,0.4600,13217
1790893710.8,0,0.0000,0.0000,0.0000,225
1790893710.8,1,0.7630,0.0720,0.5680,13217
1790893711.8,0,0.0000,0.0000,0.0000,225
1790893711.8,1,0.8140,0.0750,0.6060,13217
1790893712.8,0,0.0000,0.0000,0.0000,225
1790893712.8,1,0.8010,0.0740,0.5960,13217
1790893713.8,0,0.0000,0.0000,0.0000,225
1790893713.8,1,0.5890,0.0480,0.4300,13217
1790893714.8,0,0.0000,0.0000,0.0000,225
1790893714.8,1,0.5740,0.0530,0.4100,13217
1790893715.8,0,0.0000,0.0000,0.0000,225
1790893715.8,1,0.4420,0.0400,0.3110,13217
1790893716.8,0,0.0000,0.0000,0.0000,225
1790893716.8,1,0.6600,0.0630,0.4550,13217
1790893717.8,0,0.0000,0.0000,0.0000,225
1790893717.8,1,0.6300,0.0580,0.4380,13217
1790893718.8,0,0.0000,0.0000,0.0000,225
1790893718.8,1,0.7250,0.0760,0.5180,13217
1790893719.8,0,0.0000,0.0000,0.0000,225
1790893719.8,1,0.5400,0.0490,0.3940,13217
1790893720.8,0,0.0000,0.0000,0.0000,225
1790893720.8,1,0.8080,0.0740,0.6000,13217
1790893721.8,0,0.0000,0.0000,0.0000,225
1790893721.8,1,0.4480,0.0400,0.3080,13217
1790893722.8,0,0.0000,0.0000,0.0000,225
1790893722.8,1,0.5380,0.0460,0.4000,13217
1790893723.8,0,0.0000,0.0000,0.0000,225
1790893723.8,1,0.8510,0.0820,0.6360,13217
1790893724.8,0,0.0000,0.0000,0.0000,225
1790893724.8,1,0.6980,0.0640,0.4910,13217
1790893725.8,0,0.0000,0.0000,0.0000,225
1790893725.8,1,0.8130,0.0850,0.5860,13217
1790893726.8,0,0.0000,0.0000,0.0000,225
1790893726.8,1,0.6760,0.0640,0.4950,13217
1790893727.8,0,0.0000,0.0000,0.0000,225
1790893727.8,1,0.8150,0.0790,0.6040,13217
1790893728.8,0,0.0000,0.0000,0.0000,225
1790893728.8,1,0.1130,0.0110,0.0720,13217
1790893729.8,0,0.0000,0.0000,0.0000,225
1790893729.8,1,0.3730,0.0320,0.2730,13217
1790893730.8,0,0.0000,0.0000,0.0000,225
1790893730.8,1,0.8340,0.0820,0.6180,13217
1790893731.8,0,0.0000,0.0000,0.0000,225
1790893731.8,1,0.4890,0.0490,0.3360,13217
1790893732.8,0,0.0000,0.0000,0.0000,225
1790893732.8,1,0.7770,0.0730,0.5650,13217
1790893733.9,0,0.0000,0.0000,0.0000,225
1790893733.9,1,0.6510,0.0600,0.4550,13217
1790893734.9,0,0.0000,0.0000,0.0000,225
1790893734.9,1,0.7790,0.0730,0.5710,13217
1790893735.9,0,0.0000,0.0000,0.0000,225
1790893735.9,1,0.7660,0.0690,0.5620,13217
1790893736.9,0,0.0000,0.0000,0.0000,225
1790893736.9,1,0.8630,0.0770,0.6470,13217
1790893737.9,0,0.0000,0.0000,0.0000,225
1790893737.9,1,0.7560,0.0700,0.5580,13217
1790893738.9,0,0.0000,0.0000,0.0000,225
1790893738.9,1,0.6450,0.0650,0.4550,13217
1790893739.9,0,0.0000,0.0000,0.0000,225
1790893739.9,1,0.6190,0.0590,0.4290,13217
1790893740.9,0,0.0000,0.0000,0.0000,225
1790893740.9,1,0.5610,0.0510,0.3770,13217
1790893741.9,0,0.0000,0.0000,0.0000,225
1790893741.9,1,0.6260,0.0590,0.4340,13217
1790893742.9,0,0.0000,0.0000,0.0000,225
1790893742.9,1,0.8140,0.0690,0.6010,13217
1790893743.9,0,0.0000,0.0000,0.0000,225
1790893743.9,1,0.7610,0.0650,0.5620,13217
1790893744.9,0,0.0000,0.0000,0.0000,225
1790893744.9,1,0.6160,0.0590,0.4290,13217
1790893745.9,0,0.0000,0.0000,0.0000,225
1790893745.9,1,0.6240,0.0550,0.4350,13217
1790893746.9,0,0.0000,0.0000,0.0000,225
1790893746.9,1,0.3410,0.0320,0.2190,13217
1790893747.9,0,0.0000,0.0000,0.0000,225
1790893747.9,1,0.7450,0.0690,0.5450,13217
1790893748.9,0,0.0000,0.0000,0.0000,225
1790893748.9,1,0.5550,0.0550,0.3910,13217
1790893749.9,0,0.0000,0.0000,0.0000,225
1790893749.9,1,0.6730,0.0660,0.4790,13217
1790893750.9,0,0.0000,0.0000,0.0000,225
1790893750.9,1,0.5060,0.0460,0.3560,13217
1790893751.9,0,0.0000,0.0000,0.0000,225
1790893751.9,1,0.6350,0.0550,0.4620,13217
1790893752.9,0,0.0000,0.0000,0.0000,225
1790893752.9,1,0.5050,0.0470,0.3470,13217
1790893753.9,0,0.0000,0.0000,0.0000,225
1790893753.9,1,0.6280,0.0560,0.4640,13217
1790893754.9,0,0.0000,0.0000,0.0000,225
1790893754.9,1,0.4110,0.0370,0.2860,13217
1790893755.9,0,0.0000,0.0000,0.0000,225
1790893755.9,1,0.7620,0.0710,0.5580,13217
1790893756.9,0,0.0000,0.0000,0.0000,225
1790893756.9,1,0.6850,0.0640,0.4910,13217
1790893757.9,0,0.0000,0.0000,0.0000,225
1790893757.9,1,0.7200,0.0640,0.5320,13217
1790893758.9,0,0.0000,0.0000,0.0000,225
1790893758.9,1,0.7480,0.0700,0.6000,13217
1790893759.9,0,0.0000,0.0000,0.0000,225
1790893759.9,1,0.6600,0.0610,0.4780,13217
1790893760.9,0,0.0000,0.0000,0.0000,225
1790893760.9,1,0.6610,0.0640,0.4530,13217
1790893761.9,0,0.0000,0.0000,0.0000,225
1790893761.9,1,0.4360,0.0450,0.3140,13217
1790893762.9,0,0.0000,0.0000,0.0000,225
1790893762.9,1,0.4890,0.0400,0.3460,13217
1790893763.9,0,0.0000,0.0000,0.0000,225
1790893763.9,1,0.4260,0.0390,0.2830,13217
1790893764.9,0,0.0000,0.0000,0.0000,225
1790893764.9,1,0.6580,0.0550,0.4630,13217
1790893765.9,0,0.0000,0.0000,0.0000,225
1790893765.9,1,0.5890,0.0550,0.3960,13217
1790893766.9,0,0.0000,0.0000,0.0000,225
1790893766.9,1,0.8300,0.0790,0.6200,13217
1790893767.9,0,0.0000,0.0000,0.0000,225
1790893767.9,1,0.7980,0.0760,0.5910,13217
1790893768.9,0,0.0000,0.0000,0.0000,225
1790893768.9,1,0.7740,0.0720,0.5720,13217
1790893769.9,0,0.0000,0.0000,0.0000,225
1790893769.9,1,0.8370,0.0760,0.6230,13217
1790893770.9,0,0.0000,0.0000,0.0000,225
1790893770.9,1,0.6110,0.0560,0.4330,13217
1790893771.9,0,0.0000,0.0000,0.0000,225
1790893771.9,1,0.6810,0.0670,0.4670,13217
1790893772.9,0,0.0000,0.0000,0.0000,225
1790893772.9,1,0.5670,0.0510,0.3790,13217
1790893773.9,0,0.0000,0.0000,0.0000,225
1790893773.9,1,0.5580,0.0540,0.4140,13217
1790893774.9,0,0.0000,0.0000,0.0000,225
1790893774.9,1,0.7740,0.0750,0.5680,13217
1790893775.9,0,0.0000,0.0000,0.0000,225
1790893775.9,1,0.7370,0.0690,0.5260,13217
1790893776.9,0,0.0000,0.0000,0.0000,225
1790893776.9,1,0.6530,0.0540,0.4780,13217
1790893777.9,0,0.0000,0.0000,0.0000,225
1790893777.9,1,0.6670,0.0570,0.4730,13217
1790893778.9,0,0.0000,0.0000,0.0000,225
1790893778.9,1,0.5780,0.0490,0.4080,13217
1790893779.9,0,0.0000,0.0000,0.0000,225
1790893779.9,1,0.3930,0.0360,0.2800,13217
1790893780.9,0,0.0000,0.0000,0.0000,225
1790893780.9,1,0.4140,0.0400,0.2740,13217
1790893781.9,0,0.0000,0.0000,0.0000,225
1790893781.9,1,0.6590,0.0600,0.4630,13217
1790893782.9,0,0.0000,0.0000,0.0000,225
1790893782.9,1,0.4700,0.0440,0.3300,13217
1790893783.9,0,0.0000,0.0000,0.0000,225
1790893783.9,1,0.7970,0.0790,0.5800,13217
1790893784.9,0,0.0000,0.0000,0.0000,225
1790893784.9,1,0.8230,0.0850,0.5920,13217
1790893785.9,0,0.0000,0.0000,0.0000,225
1790893785.9,1,0.7890,0.0740,0.5820,13217
1790893786.9,0,0.0000,0.0000,0.0000,225
1790893786.9,1,0.7600,0.0740,0.5520,13217
1790893787.9,0,0.0000,0.0000,0.0000,225
1790893787.9,1,0.6260,0.0540,0.4540,13217
1790893788.9,0,0.0000,0.0000,0.0000,225
1790893788.9,1,0.3890,0.0350,0.2500,13217
1790893789.9,0,0.0000,0.0000,0.0000,225
1790893789.9,1,0.4110,0.0380,0.2850,13217
1790893790.9,0,0.0000,0.0000,0.0000,225
1790893790.9,1,0.7340,0.0700,0.5280,13217
1790893791.9,0,0.0000,0.0000,0.0000,225
1790893791.9,1,0.6850,0.0670,0.4790,13217
1790893792.9,0,0.0000,0.0000,0.0000,225
1790893792.9,1,0.4890,0.0440,0.3250,13217
1790893793.9,0,0.0000,0.0000,0.0000,225
1790893793.9,1,0.5150,0.0510,0.3590,13217
1790893794.9,0,0.0000,0.0000,0.0000,225
1790893794.9,1,0.5350,0.0490,0.3680,13217
1790893795.9,0,0.0000,0.0000,0.0000,225
1790893795.9,1,0.7040,0.0600,0.5150,13217
1790893796.9,0,0.0000,0.0000,0.0000,225
1790893796.9,1,0.6570,0.0620,0.4640,13217
1790893797.9,0,0.0000,0.0000,0.0000,225
1790893797.9,1,0.7480,0.0700,0.5490,13217
1790893798.9,0,0.0000,0.0000,0.0000,225
1790893798.9,1,0.7260,0.0650,0.5290,13217
1790893799.9,0,0.0000,0.0000,0.0000,225
1790893799.9,1,0.7060,0.0690,0.4830,13217
1790893800.9,0,0.0000,0.0000,0.0000,225
1790893800.9,1,0.6010,0.0560,0.4200,13217
1790893801.9,0,0.0000,0.0000,0.0000,225
1790893801.9,1,0.7400,0.0660,0.5490,13217
1790893802.9,0,0.0000,0.0000,0.0000,225
1790893802.9,1,0.5560,0.0500,0.4090,13217
1790893803.9,0,0.0000,0.0000,0.0000,225
1790893803.9,1,0.5000,0.0440,0.3670,13217
1790893804.9,0,0.0000,0.0000,0.0000,225
1790893804.9,1,0.3930,0.0350,0.2750,13217
1790893805.9,0,0.0000,0.0000,0.0000,225
1790893805.9,1,0.8520,0.0790,0.6340,13217
1790893806.9,0,0.0000,0.0000,0.0000,225
1790893806.9,1,0.7440,0.0690,0.5420,13217
1790893807.9,0,0.0000,0.0000,0.0000,225
1790893807.9,1,0.8220,0.0730,0.6170,13217
1790893808.9,0,0.0000,0.0000,0.0000,225
1790893808.9,1,0.6870,0.0690,0.4870,13217
1790893809.9,0,0.0000,0.0000,0.0000,225
1790893809.9,1,0.8180,0.0770,0.6100,13217
1790893810.9,0,0.0000,0.0000,0.0000,225
1790893810.9,1,0.7780,0.0740,0.5690,13217
1790893811.9,0,0.0000,0.0000,0.0000,225
1790893811.9,1,0.5220,0.0450,0.3510,13217
1790893812.9,0,0.0000,0.0000,0.0000,225
1790893812.9,1,0.5190,0.0510,0.3440,13217
1790893813.9,0,0.0000,0.0000,0.0000,225
1790893813.9,1,0.6300,0.0580,0.4540,13217
1790893814.9,0,0.0000,0.0000,0.0000,225
1790893814.9,1,0.5990,0.0580,0.4300,13217
1790893815.9,0,0.0000,0.0000,0.0000,225
1790893815.9,1,0.7780,0.0730,0.5730,13217
1790893816.9,0,0.0000,0.0000,0.0000,225
1790893816.9,1,0.5190,0.0450,0.3610,13217
1790893817.9,0,0.0000,0.0000,0.0000,225
1790893817.9,1,0.5890,0.0570,0.3920,13217
1790893818.9,0,0.0000,0.0000,0.0000,225
1790893818.9,1,0.6300,0.0560,0.4450,13217
1790893819.9,0,0.0000,0.0000,0.0000,225
1790893819.9,1,0.6700,0.0600,0.4790,13217
1790893820.9,0,0.0000,0.0000,0.0000,225
1790893820.9,1,0.4710,0.0420,0.3480,13217
1790893821.9,0,0.0000,0.0000,0.0000,225
1790893821.9,1,0.8770,0.0810,0.6440,13217
1790893822.9,0,0.0000,0.0000,0.0000,225
1790893822.9,1,0.7170,0.0710,0.4990,13217
1790893823.9,0,0.0000,0.0000,0.0000,225
1790893823.9,1,0.7660,0.0690,0.5690,13217
1790893824.9,0,0.0000,0.0000,0.0000,225
1790893824.9,1,0.7060,0.0720,0.4960,13217
1790893825.9,0,0.0000,0.0000,0.0000,225
1790893825.9,1,0.5990,0.0530,0.4420,13217
1790893826.9,0,0.0000,0.0000,0.0000,225
1790893826.9,1,0.6650,0.0600,0.4950,13217
1790893827.9,0,0.0000,0.0000,0.0000,225
1790893827.9,1,0.6180,0.0580,0.4210,13217
1790893828.9,0,0.0000,0.0000,0.0000,225
1790893828.9,1,0.6970,0.0650,0.5080,13217
1790893829.9,0,0.0000,0.0000,0.0000,225
1790893829.9,1,0.5320,0.0430,0.3710,13217
1790893830.9,0,0.0000,0.0000,0.0000,225
1790893830.9,1,0.8110,0.0650,0.5930,13217
1790893831.9,0,0.0000,0.0000,0.0000,225
1790893831.9,1,0.8180,0.0760,0.6110,13217
1790893832.9,0,0.0000,0.0000,0.0000,225
1790893832.9,1,0.7700,0.0740,0.5570,13217
1790893833.9,0,0.0000,0.0000,0.0000,225
1790893833.9,1,0.6130,0.0560,0.4180,13217
1790893834.9,0,0.0000,0.0000,0.0000,225
1790893834.9,1,0.5150,0.0440,0.3700,13217
1790893835.9,0,0.0000,0.0000,0.0000,225
1790893835.9,1,0.5570,0.0510,0.3720,13217
1790893836.9,0,0.0000,0.0000,0.0000,225
1790893836.9,1,0.4070,0.0380,0.2750,13217
1790893837.9,0,0.0000,0.0000,0.0000,225
1790893837.9,1,0.3390,0.0330,0.2210,13217
1790893838.9,0,0.0000,0.0000,0.0000,225
1790893838.9,1,0.3610,0.0330,0.2290,13217
1790893839.9,0,0.0000,0.0000,0.0000,225
1790893839.9,1,0.5620,0.0490,0.3760,13217
1790893840.9,0,0.0000,0.0000,0.0000,225
1790893840.9,1,0.5430,0.0440,0.3920,13217
1790893841.9,0,0.0000,0.0000,0.0000,225
1790893841.9,1,0.1140,0.0110,0.0710,13217
1790893842.9,0,0.0000,0.0000,0.0000,225
1790893842.9,1,0.0000,0.0000,0.0000,13217
1790893843.9,0,0.0000,0.0000,0.0000,225
1790893843.9,1,0.2350,0.0220,0.1430,13217
1790893844.9,0,0.0000,0.0000,0.0000,225
1790893844.9,1,0.0000,0.0000,0.0000,13217
1790893845.9,0,0.0000,0.0000,0.0000,225
1790893845.9,1,0.0000,0.0000,0.0000,13217
1790893846.9,0,0.0000,0.0000,0.0000,225
1790893846.9,1,0.0000,0.0000,0.0000,13217
1790893847.9,0,0.0000,0.0000,0.0000,225
1790893847.9,1,0.0000,0.0000,0.0000,13217
1790893848.9,0,0.0000,0.0000,0.0000,225
1790893848.9,1,0.0000,0.0000,0.0000,13217
1790893849.9,0,0.0000,0.0000,0.0000,225
1790893849.9,1,0.0000,0.0000,0.0000,13217
1790893850.9,0,0.0000,0.0000,0.0000,225
1790893850.9,1,0.0000,0.0000,0.0000,13217
1790893851.9,0,0.0000,0.0000,0.0000,225
1790893851.9,1,0.0080,0.0010,0.0050,13217
1790893852.9,0,0.0000,0.0000,0.0000,225
1790893852.9,1,0.0160,0.0020,0.0090,13217
1790893853.9,0,0.0000,0.0000,0.0000,225
1790893853.9,1,0.0240,0.0020,0.0140,13217
1790893854.9,0,0.0000,0.0000,0.0000,225
1790893854.9,1,0.0240,0.0020,0.0140,13217
1790893855.9,0,0.0000,0.0000,0.0000,225
1790893855.9,1,0.0160,0.0020,0.0090,13217
1790893856.9,0,0.0000,0.0000,0.0000,225
1790893856.9,1,0.0080,0.0010,0.0050,13217
1790893857.9,0,0.0000,0.0000,0.0000,225
1790893857.9,1,0.0240,0.0020,0.0140,13217
1790893858.9,0,0.0000,0.0000,0.0000,225
1790893858.9,1,0.0400,0.0040,0.0220,13217
1790893859.9,0,0.0000,0.0000,0.0000,225
1790893859.9,1,0.0250,0.0020,0.0140,13217
1790893860.9,0,0.0000,0.0000,0.0000,225
1790893860.9,1,0.0080,0.0010,0.0050,13217
1790893861.9,0,0.0000,0.0000,0.0000,225
1790893861.9,1,0.0250,0.0020,0.0140,13217
1790893862.9,0,0.0000,0.0000,0.0000,225
1790893862.9,1,0.0160,0.0010,0.0090,13217
1790893863.9,0,0.0000,0.0000,0.0000,225
1790893863.9,1,0.0090,0.0010,0.0050,13217
1790893864.9,0,0.0000,0.0000,0.0000,225
1790893864.9,1,0.0250,0.0020,0.0140,13217
1790893865.9,0,0.0000,0.0000,0.0000,225
1790893865.9,1,0.0220,0.0020,0.0120,13217
1790893866.9,0,0.0000,0.0000,0.0000,225
1790893866.9,1,0.0210,0.0020,0.0110,13217
1790893867.9,0,0.0000,0.0000,0.0000,225
1790893867.9,1,0.0250,0.0020,0.0140,13217
1790893868.9,0,0.0000,0.0000,0.0000,225
1790893868.9,1,0.0190,0.0010,0.0100,13217
1790893869.9,0,0.0000,0.0000,0.0000,225
1790893869.9,1,0.0260,0.0020,0.0140,13217
1790893870.9,0,0.0000,0.0000,0.0000,225
1790893870.9,1,0.0170,0.0020,0.0090,13217
1790893871.9,0,0.0000,0.0000,0.0000,225
1790893871.9,1,0.0090,0.0010,0.0050,13217
1790893872.9,0,0.0000,0.0000,0.0000,225
1790893872.9,1,0.0090,0.0010,0.0050,13217
1790893873.9,0,0.0000,0.0000,0.0000,225
1790893873.9,1,0.0180,0.0010,0.0100,13217
1790893874.9,0,0.0000,0.0000,0.0000,225
1790893874.9,1,0.0260,0.0020,0.0140,13217
1790893875.9,0,0.0000,0.0000,0.0000,225
1790893875.9,1,0.0090,0.0010,0.0050,13217
1790893876.9,0,0.0000,0.0000,0.0000,225
1790893876.9,1,0.0000,0.0000,0.0000,13217
1790893877.9,0,0.0000,0.0000,0.0000,225
1790893877.9,1,0.0000,0.0000,0.0000,13217
1790893878.9,0,0.0000,0.0000,0.0000,225
1790893878.9,1,0.0260,0.0020,0.0140,13217
1790893879.9,0,0.0000,0.0000,0.0000,225
1790893879.9,1,0.0000,0.0000,0.0000,13217
1790893880.9,0,0.0000,0.0000,0.0000,225
1790893880.9,1,0.0170,0.0020,0.0090,13217
1790893881.9,0,0.0000,0.0000,0.0000,225
1790893881.9,1,0.0260,0.0020,0.0140,13217
1790893882.9,0,0.0000,0.0000,0.0000,225
1790893882.9,1,0.0090,0.0010,0.0050,13217
1790893883.9,0,0.0000,0.0000,0.0000,225
1790893883.9,1,0.0220,0.0020,0.0120,13217
1790893884.9,0,0.0000,0.0000,0.0000,225
1790893884.9,1,0.0040,0.0000,0.0010,13217
1790893885.9,0,0.0000,0.0000,0.0000,225
1790893885.9,1,0.0000,0.0000,0.0000,13217
1790893886.9,0,0.0000,0.0000,0.0000,225
1790893886.9,1,0.0170,0.0020,0.0090,13217
1790893887.9,0,0.0000,0.0000,0.0000,225
1790893887.9,1,0.0260,0.0020,0.0140,13217
1790893888.9,0,0.0000,0.0000,0.0000,225
1790893888.9,1,0.0420,0.0040,0.0230,13217
1790893889.9,0,0.0000,0.0000,0.0000,225
1790893889.9,1,0.0090,0.0010,0.0050,13217
1790893890.9,0,0.0000,0.0000,0.0000,225
1790893890.9,1,0.0170,0.0020,0.0090,13217
1790893891.9,0,0.0000,0.0000,0.0000,225
1790893891.9,1,0.0010,0.0000,0.0010,13217
1790893892.9,0,0.0000,0.0000,0.0000,225
1790893892.9,1,0.0330,0.0030,0.0180,13217
1790893893.9,0,0.0000,0.0000,0.0000,225
1790893893.9,1,0.0180,0.0020,0.0090,13217
1790893894.9,0,0.0000,0.0000,0.0000,225
1790893894.9,1,0.0250,0.0020,0.0150,13217
1790893895.9,0,0.0000,0.0000,0.0000,225
1790893895.9,1,0.0170,0.0020,0.0090,13217
1790893896.9,0,0.0000,0.0000,0.0000,225
1790893896.9,1,0.0090,0.0010,0.0050,13217
1790893897.9,0,0.0000,0.0000,0.0000,225
1790893897.9,1,0.0340,0.0030,0.0180,13217
1790893898.9,0,0.0000,0.0000,0.0000,225
1790893898.9,1,0.0350,0.0030,0.0200,13217
1790893899.9,0,0.0000,0.0000,0.0000,225
1790893899.9,1,0.0170,0.0020,0.0090,13217
1790893900.9,0,0.0000,0.0000,0.0000,225
1790893900.9,1,0.0000,0.0000,0.0000,13217
1790893901.9,0,0.0000,0.0000,0.0000,225
1790893901.9,1,0.0170,0.0020,0.0090,13217
1790893902.9,0,0.0000,0.0000,0.0000,225
1790893902.9,1,0.0090,0.0010,0.0050,13217
1790893903.9,0,0.0000,0.0000,0.0000,225
1790893903.9,1,0.0260,0.0020,0.0140,13217
1790893904.9,0,0.0000,0.0000,0.0000,225
1790893904.9,1,0.0090,0.0010,0.0050,13217
1790893905.9,0,0.0000,0.0000,0.0000,225
1790893905.9,1,0.0090,0.0010,0.0050,13217
1790893906.9,0,0.0000,0.0000,0.0000,225
1790893906.9,1,0.0260,0.0020,0.0140,13217
1790893907.9,0,0.0000,0.0000,0.0000,225
1790893907.9,1,0.0260,0.0020,0.0140,13217
1790893908.9,0,0.0000,0.0000,0.0000,225
1790893908.9,1,0.0340,0.0030,0.0180,13217
1790893909.9,0,0.0000,0.0000,0.0000,225
1790893909.9,1,0.0090,0.0010,0.0050,13217
1790893910.9,0,0.0000,0.0000,0.0000,225
1790893910.9,1,0.0000,0.0000,0.0000,13217
1790893911.9,0,0.0000,0.0000,0.0000,225
1790893911.9,1,0.0000,0.0000,0.0000,13217
1790893912.9,0,0.0000,0.0000,0.0000,225
1790893912.9,1,0.0170,0.0020,0.0090,13217
1790893913.9,0,0.0000,0.0000,0.0000,225
1790893913.9,1,0.0090,0.0010,0.0050,13217
1790893914.9,0,0.0000,0.0000,0.0000,225
1790893914.9,1,0.0600,0.0050,0.0330,13217
1790893915.9,0,0.0000,0.0000,0.0000,225
1790893915.9,1,0.0090,0.0010,0.0050,13217
1790893916.9,0,0.0000,0.0000,0.0000,225
1790893916.9,1,0.0000,0.0000,0.0000,13217
1790893917.9,0,0.0000,0.0000,0.0000,225
1790893917.9,1,0.0000,0.0000,0.0000,13217
1790893918.9,0,0.0000,0.0000,0.0000,225
1790893918.9,1,0.0270,0.0020,0.0150,13217
1790893919.9,0,0.0000,0.0000,0.0000,225
1790893919.9,1,0.0000,0.0000,0.0000,13217
1790893920.9,0,0.0000,0.0000,0.0000,225
1790893920.9,1,0.0180,0.0020,0.0090,13217
1790893921.9,0,0.0000,0.0000,0.0000,225
1790893921.9,1,0.0170,0.0020,0.0090,13217
1790893922.9,0,0.0000,0.0000,0.0000,225
1790893922.9,1,0.0440,0.0040,0.0240,13217
1790893923.9,0,0.0000,0.0000,0.0000,225
1790893923.9,1,0.0510,0.0050,0.0270,13217
1790893924.9,0,0.0000,0.0000,0.0000,225
1790893924.9,1,0.0090,0.0010,0.0050,13217
1790893925.9,0,0.0000,0.0000,0.0000,225
1790893925.9,1,0.0090,0.0010,0.0050,13217
1790893926.9,0,0.0000,0.0000,0.0000,225
1790893926.9,1,0.0000,0.0000,0.0000,13217
1790893927.9,0,0.0000,0.0000,0.0000,225
1790893927.9,1,0.0000,0.0000,0.0000,13217
1790893928.9,0,0.0000,0.0000,0.0000,225
1790893928.9,1,0.0100,0.0010,0.0050,13217
1790893929.9,0,0.0000,0.0000,0.0000,225
1790893929.9,1,0.0090,0.0010,0.0050,13217
1790893930.9,0,0.0000,0.0000,0.0000,225
1790893930.9,1,0.0260,0.0020,0.0140,13217
1790893931.9,0,0.0000,0.0000,0.0000,225
1790893931.9,1,0.0000,0.0000,0.0000,13217
1790893932.9,0,0.0000,0.0000,0.0000,225
1790893932.9,1,0.0090,0.0010,0.0050,13217
1790893933.9,0,0.0000,0.0000,0.0000,225
1790893933.9,1,0.0260,0.0020,0.0140,13217
1790893934.9,0,0.0000,0.0000,0.0000,225
1790893934.9,1,0.0090,0.0010,0.0050,13217
1790893935.9,0,0.0000,0.0000,0.0000,225
1790893935.9,1,0.0090,0.0010,0.0050,13217
1790893936.9,0,0.0000,0.0000,0.0000,225
1790893936.9,1,0.0090,0.0010,0.0050,13217
1790893937.9,0,0.0000,0.0000,0.0000,225
1790893937.9,1,0.0090,0.0010,0.0050,13217
1790893938.9,0,0.0000,0.0000,0.0000,225
1790893938.9,1,0.0090,0.0010,0.0050,13217
1790893939.9,0,0.0000,0.0000,0.0000,225
1790893939.9,1,0.0000,0.0000,0.0000,13217
1790893940.9,0,0.0000,0.0000,0.0000,225
1790893940.9,1,0.0090,0.0010,0.0050,13217
1790893941.9,0,0.0000,0.0000,0.0000,225
1790893941.9,1,0.0170,0.0020,0.0090,13217
1790893942.9,0,0.0000,0.0000,0.0000,225
1790893942.9,1,0.0260,0.0020,0.0140,13217
1790893943.9,0,0.0000,0.0000,0.0000,225
1790893943.9,1,0.0090,0.0010,0.0050,13217
1790893944.9,0,0.0000,0.0000,0.0000,225
1790893944.9,1,0.0090,0.0010,0.0050,13217
1790893945.9,0,0.0000,0.0000,0.0000,225
1790893945.9,1,0.0170,0.0020,0.0090,13217
1790893946.9,0,0.0000,0.0000,0.0000,225
1790893946.9,1,0.0000,0.0000,0.0000,13217
1790893947.9,0,0.0000,0.0000,0.0000,225
1790893947.9,1,0.0090,0.0010,0.0050,13217
1790893948.9,0,0.0000,0.0000,0.0000,225
1790893948.9,1,0.0000,0.0000,0.0000,13217
1790893949.9,0,0.0000,0.0000,0.0000,225
1790893949.9,1,0.0090,0.0010,0.0050,13217
1790893950.9,0,0.0000,0.0000,0.0000,225
1790893950.9,1,0.0090,0.0010,0.0050,13217
1790893951.9,0,0.0000,0.0000,0.0000,225
1790893951.9,1,0.0000,0.0000,0.0000,13217
1790893952.9,0,0.0000,0.0000,0.0000,225
1790893952.9,1,0.0170,0.0020,0.0090,13217
1790893953.9,0,0.0000,0.0000,0.0000,225
1790893953.9,1,0.0090,0.0010,0.0050,13217
1790893954.9,0,0.0000,0.0000,0.0000,225
1790893954.9,1,0.0000,0.0000,0.0000,13217
1790893956.0,0,0.0000,0.0000,0.0000,225
1790893956.0,1,0.0000,0.0000,0.0000,13217
1790893957.0,0,0.0000,0.0000,0.0000,225
1790893957.0,1,0.0000,0.0000,0.0000,13217
1790893958.0,0,0.0000,0.0000,0.0000,225
1790893958.0,1,0.0090,0.0010,0.0050,13217
1790893959.0,0,0.0000,0.0000,0.0000,225
1790893959.0,1,0.0090,0.0010,0.0050,13217
1790893960.0,0,0.0000,0.0000,0.0000,225
1790893960.0,1,0.0000,0.0000,0.0000,13217
1790893961.0,0,0.0000,0.0000,0.0000,225
1790893961.0,1,0.0000,0.0000,0.0000,13217
1790893962.0,0,0.0000,0.0000,0.0000,225
1790893962.0,1,0.0000,0.0000,0.0000,13217
1790893963.0,0,0.0000,0.0000,0.0000,225
1790893963.0,1,0.0000,0.0000,0.0000,13217
1790893964.0,0,0.0000,0.0000,0.0000,225
1790893964.0,1,0.0000,0.0000,0.0000,13217
1790893965.0,0,0.0000,0.0000,0.0000,225
1790893965.0,1,0.0000,0.0000,0.0000,13217
1790893966.0,0,0.0000,0.0000,0.0000,225
1790893966.0,1,0.0000,0.0000,0.0000,13217
1790893967.0,0,0.0000,0.0000,0.0000,225
1790893967.0,1,0.0000,0.0000,0.0000,13217
1790893968.0,0,0.0000,0.0000,0.0000,225
1790893968.0,1,0.0000,0.0000,0.0000,13217
1790893969.0,0,0.0000,0.0000,0.0000,225
1790893969.0,1,0.0000,0.0000,0.0000,13217
1790893970.0,0,0.0000,0.0000,0.0000,225
1790893970.0,1,0.0000,0.0000,0.0000,13217
1790893971.0,0,0.0000,0.0000,0.0000,225
1790893971.0,1,0.0000,0.0000,0.0000,13217
1790893972.0,0,0.0000,0.0000,0.0000,225
1790893972.0,1,0.0040,0.0000,0.0030,13217
1790893973.0,0,0.0000,0.0000,0.0000,225
1790893973.0,1,0.5850,0.0470,0.4250,13217
1790893974.0,0,0.0000,0.0000,0.0000,225
1790893974.0,1,0.4520,0.0400,0.3140,13217
1790893975.0,0,0.0000,0.0000,0.0000,225
1790893975.0,1,0.6160,0.0530,0.4600,13217
1790893976.0,0,0.0000,0.0000,0.0000,225
1790893976.0,1,0.4240,0.0380,0.2940,13217
1790893977.0,0,0.0000,0.0000,0.0000,225
1790893977.0,1,0.6290,0.0560,0.4550,13217
1790893978.0,0,0.0000,0.0000,0.0000,225
1790893978.0,1,0.6860,0.0530,0.5180,13217
1790893979.0,0,0.0000,0.0000,0.0000,225
1790893979.0,1,0.5260,0.0490,0.3790,13217
1790893980.0,0,0.0000,0.0000,0.0000,225
1790893980.0,1,0.5880,0.0550,0.4210,13217
1790893981.0,0,0.0000,0.0000,0.0000,225
1790893981.0,1,0.5160,0.0520,0.3640,13217
1790893982.0,0,0.0000,0.0000,0.0000,225
1790893982.0,1,0.7290,0.0640,0.5310,13217
1790893983.0,0,0.0000,0.0000,0.0000,225
1790893983.0,1,0.5980,0.0470,0.4420,13217
1790893984.0,0,0.0000,0.0000,0.0000,225
1790893984.0,1,0.4930,0.0460,0.3210,13217
1790893985.0,0,0.0000,0.0000,0.0000,225
1790893985.0,1,0.5850,0.0490,0.4340,13217
1790893986.0,0,0.0000,0.0000,0.0000,225
1790893986.0,1,0.3870,0.0380,0.2610,13217
1790893987.0,0,0.0000,0.0000,0.0000,225
1790893987.0,1,0.6830,0.0620,0.4970,13217
1790893988.0,0,0.0000,0.0000,0.0000,225
1790893988.0,1,0.5900,0.0500,0.4280,13217
1790893989.0,0,0.0000,0.0000,0.0000,225
1790893989.0,1,0.6650,0.0600,0.4750,13217
1790893990.0,0,0.0000,0.0000,0.0000,225
1790893990.0,1,0.5920,0.0570,0.4170,13217
1790893991.0,0,0.0000,0.0000,0.0000,225
1790893991.0,1,0.6920,0.0660,0.5110,13217
1790893992.0,0,0.0000,0.0000,0.0000,225
1790893992.0,1,0.7490,0.0640,0.5540,13217
1790893993.0,0,0.0000,0.0000,0.0000,225
1790893993.0,1,0.8190,0.0800,0.6050,13217
1790893994.0,0,0.0000,0.0000,0.0000,225
1790893994.0,1,0.5410,0.0380,0.4110,13217
1790893995.0,0,0.0000,0.0000,0.0000,225
1790893995.0,1,0.4660,0.0410,0.3220,13217
1790893996.0,0,0.0000,0.0000,0.0000,225
1790893996.0,1,0.6140,0.0580,0.4440,13217
1790893997.0,0,0.0000,0.0000,0.0000,225
1790893997.0,1,0.5120,0.0440,0.3650,13217
1790893998.0,0,0.0000,0.0000,0.0000,225
1790893998.0,1,0.5800,0.0540,0.3920,13217
1790893999.0,0,0.0000,0.0000,0.0000,225
1790893999.0,1,0.6040,0.0580,0.4250,13217
1790894000.0,0,0.0000,0.0000,0.0000,225
1790894000.0,1,0.7390,0.0720,0.5400,13217
1790894001.0,0,0.0000,0.0000,0.0000,225
1790894001.0,1,0.5700,0.0540,0.4160,13217
1790894002.0,0,0.0000,0.0000,0.0000,225
1790894002.0,1,0.4800,0.0400,0.3430,13217
1790894003.0,0,0.0000,0.0000,0.0000,225
1790894003.0,1,0.7070,0.0630,0.5080,13217
1790894004.0,0,0.0000,0.0000,0.0000,225
1790894004.0,1,0.5090,0.0460,0.3700,13217
1790894005.0,0,0.0000,0.0000,0.0000,225
1790894005.0,1,0.0000,0.0000,0.0000,13217
1790894006.0,0,0.0000,0.0000,0.0000,225
1790894006.0,1,0.0010,0.0000,0.0010,13217
1790894007.0,0,0.0000,0.0000,0.0000,225
1790894007.0,1,0.0010,0.0000,0.0000,13217
1790894008.0,0,0.0000,0.0000,0.0000,225
1790894008.0,1,0.0010,0.0000,0.0010,13217
1790894009.0,0,0.0000,0.0000,0.0000,225
1790894009.0,1,0.0020,0.0000,0.0010,13217
1790894010.0,0,0.0000,0.0000,0.0000,225
1790894010.0,1,0.0010,0.0000,0.0000,13217
1790894011.0,0,0.0000,0.0000,0.0000,225
1790894011.0,1,0.0010,0.0000,0.0000,13217
1790894012.0,0,0.0000,0.0000,0.0000,225
1790894012.0,1,0.0010,0.0000,0.0000,13217
1790894013.0,0,0.0000,0.0000,0.0000,225
1790894013.0,1,0.0000,0.0000,0.0000,13217
1790894014.0,0,0.0000,0.0000,0.0000,225
1790894014.0,1,0.0000,0.0000,0.0000,13217
1790894015.0,0,0.0000,0.0000,0.0000,225
1790894015.0,1,0.0000,0.0000,0.0000,13217
1790894016.0,0,0.0000,0.0000,0.0000,225
1790894016.0,1,0.0020,0.0000,0.0010,13217
1790894017.0,0,0.0000,0.0000,0.0000,225
1790894017.0,1,0.0000,0.0000,0.0000,13217
1790894018.0,0,0.0000,0.0000,0.0000,225
1790894018.0,1,0.0000,0.0000,0.0000,13217
1790894019.0,0,0.0000,0.0000,0.0000,225
1790894019.0,1,0.0000,0.0000,0.0000,13217
1790894020.0,0,0.0000,0.0000,0.0000,225
1790894020.0,1,0.0010,0.0000,0.0000,13217
1790894021.0,0,0.0000,0.0000,0.0000,225
1790894021.0,1,0.0000,0.0000,0.0000,13217
1790894022.0,0,0.0000,0.0000,0.0000,225
1790894022.0,1,0.0000,0.0000,0.0000,13217
1790894023.0,0,0.0000,0.0000,0.0000,225
1790894023.0,1,0.0000,0.0000,0.0000,13217
1790894024.0,0,0.0000,0.0000,0.0000,225
1790894024.0,1,0.0000,0.0000,0.0000,13217
1790894025.0,0,0.0000,0.0000,0.0000,225
1790894025.0,1,0.0000,0.0000,0.0000,13217
1790894026.0,0,0.0000,0.0000,0.0000,225
1790894026.0,1,0.0010,0.0000,0.0000,13217
1790894027.0,0,0.0000,0.0000,0.0000,225
1790894027.0,1,0.0020,0.0000,0.0010,13217
1790894028.0,0,0.0000,0.0000,0.0000,225
1790894028.0,1,0.0000,0.0000,0.0000,13217
1790894029.0,0,0.0000,0.0000,0.0000,225
1790894029.0,1,0.0000,0.0000,0.0000,13217
1790894030.0,0,0.0000,0.0000,0.0000,225
1790894030.0,1,0.0010,0.0000,0.0000,13217
1790894031.0,0,0.0000,0.0000,0.0000,225
1790894031.0,1,0.0000,0.0000,0.0000,13217
1790894032.0,0,0.0000,0.0000,0.0000,225
1790894032.0,1,0.0000,0.0000,0.0000,13217
1790894033.0,0,0.0000,0.0000,0.0000,225
1790894033.0,1,0.0000,0.0000,0.0000,13217
1790894034.0,0,0.0000,0.0000,0.0000,225
1790894034.0,1,0.0010,0.0000,0.0000,13217
1790894035.0,0,0.0000,0.0000,0.0000,225
1790894035.0,1,0.0020,0.0000,0.0010,13217
1790894036.0,0,0.0000,0.0000,0.0000,225
1790894036.0,1,0.0000,0.0000,0.0000,13217
1790894037.0,0,0.0000,0.0000,0.0000,225
1790894037.0,1,0.0010,0.0000,0.0000,13217
1790894038.0,0,0.0000,0.0000,0.0000,225
1790894038.0,1,0.0010,0.0000,0.0000,13217
1790894039.0,0,0.0000,0.0000,0.0000,225
1790894039.0,1,0.0000,0.0000,0.0000,13217
1790894040.0,0,0.0000,0.0000,0.0000,225
1790894040.0,1,0.0010,0.0000,0.0000,13217
1790894041.0,0,0.0000,0.0000,0.0000,225
1790894041.0,1,0.0020,0.0000,0.0010,13217
1790894042.0,0,0.0000,0.0000,0.0000,225
1790894042.0,1,0.0010,0.0000,0.0000,13217
1790894043.0,0,0.0000,0.0000,0.0000,225
1790894043.0,1,0.2030,0.0260,0.1470,13217
1790894044.0,0,0.0000,0.0000,0.0000,225
1790894044.0,1,0.0250,0.0020,0.0210,13217
1790894045.0,0,0.0000,0.0000,0.0000,225
1790894045.0,1,0.0000,0.0000,0.0000,13217
1790894046.0,0,0.0000,0.0000,0.0000,225
1790894046.0,1,0.0020,0.0000,0.0010,13217
1790894047.0,0,0.0000,0.0000,0.0000,225
1790894047.0,1,0.0010,0.0000,0.0000,13217
1790894048.0,0,0.0000,0.0000,0.0000,225
1790894048.0,1,0.0010,0.0000,0.0000,13217
1790894049.0,0,0.0000,0.0000,0.0000,225
1790894049.0,1,0.1570,0.0100,0.1280,13217
1790894050.0,0,0.0000,0.0000,0.0000,225
1790894050.0,1,0.0020,0.0000,0.0010,13217
1790894051.0,0,0.0000,0.0000,0.0000,225
1790894051.0,1,0.0000,0.0000,0.0000,13217
1790894052.0,0,0.0000,0.0000,0.0000,225
1790894052.0,1,0.0000,0.0000,0.0000,13217
1790894053.0,0,0.0000,0.0000,0.0000,225
1790894053.0,1,0.0010,0.0000,0.0000,13217
1790894054.0,0,0.0000,0.0000,0.0000,225
1790894054.0,1,0.0010,0.0000,0.0000,13217
1790894055.0,0,0.0000,0.0000,0.0000,225
1790894055.0,1,0.0000,0.0000,0.0000,13217
1790894056.0,0,0.0000,0.0000,0.0000,225
1790894056.0,1,0.0000,0.0000,0.0000,13217
1790894057.0,0,0.0000,0.0000,0.0000,225
1790894057.0,1,0.0050,0.0000,0.0040,13217
1790894058.0,0,0.0000,0.0000,0.0000,225
1790894058.0,1,0.0010,0.0000,0.0000,13217
1790894059.1,0,0.0000,0.0000,0.0000,225
1790894059.1,1,0.0000,0.0000,0.0000,13217
1790894060.1,0,0.0000,0.0000,0.0000,225
1790894060.1,1,0.0000,0.0000,0.0000,13217
1790894061.1,0,0.0000,0.0000,0.0000,225
1790894061.1,1,0.2080,0.0130,0.1700,13217
1790894062.1,0,0.0000,0.0000,0.0000,225
1790894062.1,1,0.0570,0.0040,0.0450,13217
1790894063.1,0,0.0000,0.0000,0.0000,225
1790894063.1,1,0.0660,0.0040,0.0570,13217
1790894064.1,0,0.0000,0.0000,0.0000,225
1790894064.1,1,0.0260,0.0020,0.0190,13217
1790894065.1,0,0.0000,0.0000,0.0000,225
1790894065.1,1,0.0000,0.0000,0.0000,13217
1790894066.1,0,0.0000,0.0000,0.0000,225
1790894066.1,1,0.0000,0.0000,0.0000,13217
1790894067.1,0,0.0000,0.0000,0.0000,225
1790894067.1,1,0.0020,0.0000,0.0010,13217
1790894068.1,0,0.0000,0.0000,0.0000,225
1790894068.1,1,0.0010,0.0000,0.0010,13217
1790894069.1,0,0.0000,0.0000,0.0000,225
1790894069.1,1,0.0020,0.0000,0.0010,13217
1790894070.1,0,0.0000,0.0000,0.0000,225
1790894070.1,1,0.0010,0.0000,0.0000,13217
1790894071.1,0,0.0000,0.0000,0.0000,225
1790894071.1,1,0.0020,0.0000,0.0010,13217
1790894072.1,0,0.0000,0.0000,0.0000,225
1790894072.1,1,0.0000,0.0000,0.0000,13217
1790894073.1,0,0.0000,0.0000,0.0000,225
1790894073.1,1,0.0010,0.0000,0.0000,13217
1790894074.1,0,0.0000,0.0000,0.0000,225
1790894074.1,1,0.0000,0.0000,0.0000,13217
1790894075.1,0,0.0000,0.0000,0.0000,225
1790894075.1,1,0.0010,0.0000,0.0000,13217
1790894076.1,0,0.0000,0.0000,0.0000,225
1790894076.1,1,0.0000,0.0000,0.0000,13217
1790894077.1,0,0.0000,0.0000,0.0000,225
1790894077.1,1,0.0000,0.0000,0.0000,13217
1790894078.1,0,0.0000,0.0000,0.0000,225
1790894078.1,1,0.0000,0.0000,0.0000,13217
1790894079.1,0,0.0000,0.0000,0.0000,225
1790894079.1,1,0.0000,0.0000,0.0000,13217
1790894080.1,0,0.0000,0.0000,0.0000,225
1790894080.1,1,0.0000,0.0000,0.0000,13217
1790894081.1,0,0.0000,0.0000,0.0000,225
1790894081.1,1,0.0000,0.0000,0.0000,13217
1790894082.1,0,0.0000,0.0000,0.0000,225
1790894082.1,1,0.0000,0.0000,0.0000,13217
1790894083.1,0,0.0000,0.0000,0.0000,225
1790894083.1,1,0.0010,0.0000,0.0000,13217
1790894084.1,0,0.0000,0.0000,0.0000,225
1790894084.1,1,0.0010,0.0000,0.0000,13217
1790894085.1,0,0.0000,0.0000,0.0000,225
1790894085.1,1,0.0010,0.0000,0.0000,13217
1790894086.1,0,0.0000,0.0000,0.0000,225
1790894086.1,1,0.0000,0.0000,0.0000,13217
1790894087.1,0,0.0000,0.0000,0.0000,225
1790894087.1,1,0.0000,0.0000,0.0000,13217
1790894088.1,0,0.0000,0.0000,0.0000,225
1790894088.1,1,0.0000,0.0000,0.0000,13217
1790894089.1,0,0.0000,0.0000,0.0000,225
1790894089.1,1,0.1850,0.0120,0.1470,13217
1790894090.1,0,0.0000,0.0000,0.0000,225
1790894090.1,1,0.0010,0.0000,0.0000,13217
1790894091.1,0,0.0000,0.0000,0.0000,225
1790894091.1,1,0.0010,0.0000,0.0000,13217
1790894092.1,0,0.0000,0.0000,0.0000,225
1790894092.1,1,0.0000,0.0000,0.0000,13217
1790894093.1,0,0.0000,0.0000,0.0000,225
1790894093.1,1,0.0000,0.0000,0.0000,13217
1790894094.1,0,0.0000,0.0000,0.0000,225
1790894094.1,1,0.0030,0.0000,0.0020,13217
1790894095.1,0,0.0000,0.0000,0.0000,225
1790894095.1,1,0.0000,0.0000,0.0000,13217
1790894096.1,0,0.0000,0.0000,0.0000,225
1790894096.1,1,0.0000,0.0000,0.0000,13217
1790894097.1,0,0.0000,0.0000,0.0000,225
1790894097.1,1,0.0010,0.0000,0.0000,13217
1790894098.1,0,0.0000,0.0000,0.0000,225
1790894098.1,1,0.0000,0.0000,0.0000,13217
1790894099.1,0,0.0000,0.0000,0.0000,225
1790894099.1,1,0.0000,0.0000,0.0000,13217
1790894100.1,0,0.0000,0.0000,0.0000,225
1790894100.1,1,0.0000,0.0000,0.0000,13217
1790894101.1,0,0.0000,0.0000,0.0000,225
1790894101.1,1,0.0010,0.0000,0.0000,13217
1790894102.1,0,0.0000,0.0000,0.0000,225
1790894102.1,1,0.2080,0.0260,0.1500,13217
1790894103.1,0,0.0000,0.0000,0.0000,225
1790894103.1,1,0.0050,0.0010,0.0040,13217
1790894104.1,0,0.0000,0.0000,0.0000,225
1790894104.1,1,0.0010,0.0000,0.0000,13217
1790894105.1,0,0.0000,0.0000,0.0000,225
1790894105.1,1,0.0010,0.0000,0.0000,13217
1790894106.1,0,0.0000,0.0000,0.0000,225
1790894106.1,1,0.0000,0.0000,0.0000,13217
1790894107.1,0,0.0000,0.0000,0.0000,225
1790894107.2,1,0.0000,0.0000,0.0000,13217
1790894108.1,0,0.0000,0.0000,0.0000,225
1790894108.1,1,0.1960,0.0250,0.1450,13217
1790894109.1,0,0.0000,0.0000,0.0000,225
1790894109.1,1,0.0000,0.0000,0.0000,13217
1790894110.1,0,0.0000,0.0000,0.0000,225
1790894110.1,1,0.0000,0.0000,0.0000,13217
1790894111.1,0,0.0000,0.0000,0.0000,225
1790894111.1,1,0.0010,0.0000,0.0010,13217
1790894112.1,0,0.0000,0.0000,0.0000,225
1790894112.1,1,0.0000,0.0000,0.0000,13217
1790894113.1,0,0.0000,0.0000,0.0000,225
1790894113.1,1,0.0000,0.0000,0.0000,13217
1790894114.1,0,0.0000,0.0000,0.0000,225
1790894114.1,1,0.0000,0.0000,0.0000,13217
1790894115.1,0,0.0000,0.0000,0.0000,225
1790894115.1,1,0.0020,0.0000,0.0010,13217
1790894116.1,0,0.0000,0.0000,0.0000,225
1790894116.1,1,0.0000,0.0000,0.0000,13217
1790894117.1,0,0.0000,0.0000,0.0000,225
1790894117.1,1,0.0000,0.0000,0.0000,13217
1790894118.1,0,0.0000,0.0000,0.0000,225
1790894118.1,1,0.0000,0.0000,0.0000,13217
1790894119.1,0,0.0000,0.0000,0.0000,225
1790894119.1,1,0.0000,0.0000,0.0000,13217
1790894120.1,0,0.0000,0.0000,0.0000,225
1790894120.1,1,0.2040,0.0260,0.1480,13217
1790894121.1,0,0.0000,0.0000,0.0000,225
1790894121.1,1,0.0010,0.0000,0.0000,13217
1790894122.1,0,0.0000,0.0000,0.0000,225
1790894122.1,1,0.0010,0.0000,0.0000,13217
1790894123.1,0,0.0000,0.0000,0.0000,225
1790894123.1,1,0.0000,0.0000,0.0000,13217
1790894124.1,0,0.0000,0.0000,0.0000,225
1790894124.1,1,0.0020,0.0000,0.0010,13217
1790894125.1,0,0.0000,0.0000,0.0000,225
1790894125.1,1,0.0000,0.0000,0.0000,13217
1790894126.1,0,0.0000,0.0000,0.0000,225
1790894126.1,1,0.0000,0.0000,0.0000,13217
1790894127.1,0,0.0000,0.0000,0.0000,225
1790894127.1,1,0.0000,0.0000,0.0000,13217
1790894128.1,0,0.0000,0.0000,0.0000,225
1790894128.1,1,0.0000,0.0000,0.0000,13217
1790894129.1,0,0.0000,0.0000,0.0000,225
1790894129.1,1,0.0010,0.0000,0.0000,13217
1790894130.1,0,0.0000,0.0000,0.0000,225
1790894130.1,1,0.0010,0.0000,0.0000,13217
1790894131.1,0,0.0000,0.0000,0.0000,225
1790894131.1,1,0.0010,0.0000,0.0000,13217
1790894132.1,0,0.0000,0.0000,0.0000,225
1790894132.1,1,0.0000,0.0000,0.0000,13217
1790894133.1,0,0.0000,0.0000,0.0000,225
1790894133.1,1,0.0000,0.0000,0.0000,13217
1790894134.1,0,0.0000,0.0000,0.0000,225
1790894134.1,1,0.0000,0.0000,0.0000,13217
1790894135.1,0,0.0000,0.0000,0.0000,225
1790894135.1,1,0.0000,0.0000,0.0000,13217
1790894136.1,0,0.0000,0.0000,0.0000,225
1790894136.1,1,0.0010,0.0000,0.0000,13217
1790894137.1,0,0.0000,0.0000,0.0000,225
1790894137.1,1,0.0000,0.0000,0.0000,13217
1790894138.1,0,0.0000,0.0000,0.0000,225
1790894138.1,1,0.0000,0.0000,0.0000,13217
1790894139.1,0,0.0000,0.0000,0.0000,225
1790894139.1,1,0.0010,0.0000,0.0000,13217
1790894140.2,0,0.0000,0.0000,0.0000,225
1790894140.2,1,0.0010,0.0000,0.0000,13217
1790894141.2,0,0.0000,0.0000,0.0000,225
1790894141.2,1,0.0010,0.0000,0.0000,13217
1790894142.2,0,0.0000,0.0000,0.0000,225
1790894142.2,1,0.0000,0.0000,0.0000,13217
1790894143.2,0,0.0000,0.0000,0.0000,225
1790894143.2,1,0.2040,0.0260,0.1480,13217
1790894144.2,0,0.0000,0.0000,0.0000,225
1790894144.2,1,0.0000,0.0000,0.0000,13217
1790894145.2,0,0.0000,0.0000,0.0000,225
1790894145.2,1,0.0000,0.0000,0.0000,13217
1790894146.2,0,0.0000,0.0000,0.0000,225
1790894146.2,1,0.0020,0.0000,0.0010,13217
1790894147.2,0,0.0000,0.0000,0.0000,225
1790894147.2,1,0.0020,0.0000,0.0010,13217
1790894148.2,0,0.0000,0.0000,0.0000,225
1790894148.2,1,0.0020,0.0000,0.0010,13217
1790894149.2,0,0.0000,0.0000,0.0000,225
1790894149.2,1,0.0010,0.0000,0.0000,13217
1790894150.2,0,0.0000,0.0000,0.0000,225
1790894150.2,1,0.0010,0.0000,0.0000,13217
1790894151.2,0,0.0000,0.0000,0.0000,225
1790894151.2,1,0.0010,0.0000,0.0000,13217
1790894152.2,0,0.0000,0.0000,0.0000,225
1790894152.2,1,0.0000,0.0000,0.0000,13217
1790894153.2,0,0.0000,0.0000,0.0000,225
1790894153.2,1,0.0000,0.0000,0.0000,13217
1790894154.2,0,0.0000,0.0000,0.0000,225
1790894154.2,1,0.0000,0.0000,0.0000,13217
1790894155.2,0,0.0000,0.0000,0.0000,225
1790894155.2,1,0.0000,0.0000,0.0000,13217
1790894156.2,0,0.0000,0.0000,0.0000,225
1790894156.2,1,0.1300,0.0170,0.0940,13217
1790894157.2,0,0.0000,0.0000,0.0000,225
1790894157.2,1,0.2570,0.0210,0.2020,13217
1790894158.2,0,0.0000,0.0000,0.0000,225
1790894158.2,1,0.0010,0.0000,0.0000,13217
1790894159.2,0,0.0000,0.0000,0.0000,225
1790894159.2,1,0.0000,0.0000,0.0000,13217
1790894160.2,0,0.0000,0.0000,0.0000,225
1790894160.2,1,0.0000,0.0000,0.0000,13217
1790894161.2,0,0.0000,0.0000,0.0000,225
1790894161.2,1,0.0060,0.0010,0.0040,13217
1790894162.2,0,0.0000,0.0000,0.0000,225
1790894162.2,1,0.0010,0.0000,0.0010,13217
1790894163.2,0,0.0000,0.0000,0.0000,225
1790894163.2,1,0.0010,0.0000,0.0000,13217
1790894164.2,0,0.0000,0.0000,0.0000,225
1790894164.2,1,0.0020,0.0000,0.0010,13217
1790894165.2,0,0.0000,0.0000,0.0000,225
1790894165.2,1,0.0000,0.0000,0.0000,13217
1790894166.2,0,0.0000,0.0000,0.0000,225
1790894166.2,1,0.0010,0.0000,0.0000,13217
1790894167.2,0,0.0000,0.0000,0.0000,225
1790894167.2,1,0.0010,0.0000,0.0000,13217
1790894168.2,0,0.0000,0.0000,0.0000,225
1790894168.2,1,0.0010,0.0000,0.0000,13217
1790894169.2,0,0.0000,0.0000,0.0000,225
1790894169.2,1,0.0010,0.0000,0.0000,13217
1790894170.2,0,0.0000,0.0000,0.0000,225
1790894170.2,1,0.1980,0.0250,0.1450,13217
1790894171.2,0,0.0000,0.0000,0.0000,225
1790894171.2,1,0.0000,0.0000,0.0000,13217
1790894172.2,0,0.0000,0.0000,0.0000,225
1790894172.2,1,0.0000,0.0000,0.0000,13217
1790894173.2,0,0.0000,0.0000,0.0000,225
1790894173.2,1,0.0000,0.0000,0.0000,13217
1790894174.2,0,0.0000,0.0000,0.0000,225
1790894174.2,1,0.0000,0.0000,0.0000,13217
1790894175.2,0,0.0000,0.0000,0.0000,225
1790894175.2,1,0.0000,0.0000,0.0000,13217
1790894176.2,0,0.0000,0.0000,0.0000,225
1790894176.2,1,0.0000,0.0000,0.0000,13217
1790894177.2,0,0.0000,0.0000,0.0000,225
1790894177.2,1,0.0010,0.0000,0.0000,13217
1790894178.2,0,0.0000,0.0000,0.0000,225
1790894178.2,1,0.0010,0.0000,0.0000,13217
1790894179.2,0,0.0000,0.0000,0.0000,225
1790894179.2,1,0.0010,0.0000,0.0000,13217
1790894180.2,0,0.0000,0.0000,0.0000,225
1790894180.2,1,0.0000,0.0000,0.0000,13217
1790894181.2,0,0.0000,0.0000,0.0000,225
1790894181.2,1,0.0000,0.0000,0.0000,13217
1790894182.2,0,0.0000,0.0000,0.0000,225
1790894182.2,1,0.0000,0.0000,0.0000,13217
1790894183.2,0,0.0000,0.0000,0.0000,225
1790894183.2,1,0.0000,0.0000,0.0000,13217
1790894184.2,0,0.0000,0.0000,0.0000,225
1790894184.2,1,0.0000,0.0000,0.0000,13217
1790894185.2,0,0.0000,0.0000,0.0000,225
1790894185.2,1,0.0000,0.0000,0.0000,13217
1790894186.2,0,0.0000,0.0000,0.0000,225
1790894186.2,1,0.0000,0.0000,0.0000,13217
1790894187.2,0,0.0000,0.0000,0.0000,225
1790894187.2,1,0.0010,0.0000,0.0000,13217
1790894188.2,0,0.0000,0.0000,0.0000,225
1790894188.2,1,0.0000,0.0000,0.0000,13217
1790894189.2,0,0.0000,0.0000,0.0000,225
1790894189.2,1,0.0010,0.0000,0.0000,13217
1790894190.2,0,0.0000,0.0000,0.0000,225
1790894190.2,1,0.0010,0.0000,0.0000,13217
1790894191.2,0,0.0000,0.0000,0.0000,225
1790894191.2,1,0.0020,0.0000,0.0010,13217
1790894192.2,0,0.0000,0.0000,0.0000,225
1790894192.2,1,0.0000,0.0000,0.0000,13217
1790894193.2,0,0.0000,0.0000,0.0000,225
1790894193.2,1,0.0000,0.0000,0.0000,13217
1790894194.2,0,0.0000,0.0000,0.0000,225
1790894194.2,1,0.0010,0.0000,0.0000,13217
1790894195.2,0,0.0000,0.0000,0.0000,225
1790894195.2,1,0.0000,0.0000,0.0000,13217
1790894196.2,0,0.0000,0.0000,0.0000,225
1790894196.2,1,0.1860,0.0120,0.1480,13217
1790894197.2,0,0.0000,0.0000,0.0000,225
1790894197.2,1,0.0000,0.0000,0.0000,13217
1790894198.2,0,0.0000,0.0000,0.0000,225
1790894198.2,1,0.0000,0.0000,0.0000,13217
1790894199.2,0,0.0000,0.0000,0.0000,225
1790894199.2,1,0.0000,0.0000,0.0000,13217
1790894200.2,0,0.0000,0.0000,0.0000,225
1790894200.2,1,0.0020,0.0000,0.0010,13217
1790894201.2,0,0.0000,0.0000,0.0000,225
1790894201.2,1,0.0930,0.0060,0.0710,13217
1790894202.2,0,0.0000,0.0000,0.0000,225
1790894202.2,1,0.0970,0.0060,0.0760,13217
1790894203.2,0,0.0000,0.0000,0.0000,225
1790894203.2,1,0.0000,0.0000,0.0000,13217
1790894204.2,0,0.0000,0.0000,0.0000,225
1790894204.2,1,0.0020,0.0000,0.0010,13217
1790894205.2,0,0.0000,0.0000,0.0000,225
1790894205.2,1,0.0000,0.0000,0.0000,13217
1790894206.2,0,0.0000,0.0000,0.0000,225
1790894206.2,1,0.0010,0.0000,0.0000,13217
1790894207.2,0,0.0000,0.0000,0.0000,225
1790894207.2,1,0.0010,0.0000,0.0000,13217
1790894208.2,0,0.0000,0.0000,0.0000,225
1790894208.2,1,0.0000,0.0000,0.0000,13217
1790894209.2,0,0.0000,0.0000,0.0000,225
1790894209.2,1,0.0000,0.0000,0.0000,13217
1790894210.2,0,0.0000,0.0000,0.0000,225
1790894210.2,1,0.0050,0.0000,0.0030,13217
1790894211.2,0,0.0000,0.0000,0.0000,225
1790894211.2,1,0.0000,0.0000,0.0000,13217
1790894212.2,0,0.0000,0.0000,0.0000,225
1790894212.2,1,0.0080,0.0010,0.0070,13217
1790894213.2,0,0.0000,0.0000,0.0000,225
1790894213.2,1,0.1900,0.0240,0.1420,13217
1790894214.2,0,0.0000,0.0000,0.0000,225
1790894214.2,1,0.0010,0.0000,0.0010,13217
1790894215.2,0,0.0000,0.0000,0.0000,225
1790894215.2,1,0.1830,0.0120,0.1450,13217
1790894216.2,0,0.0000,0.0000,0.0000,225
1790894216.2,1,0.0000,0.0000,0.0000,13217
1790894217.2,0,0.0000,0.0000,0.0000,225
1790894217.2,1,0.0010,0.0000,0.0000,13217
1790894218.2,0,0.0000,0.0000,0.0000,225
1790894218.2,1,0.0010,0.0000,0.0000,13217
1790894219.2,0,0.0000,0.0000,0.0000,225
1790894219.2,1,0.0000,0.0000,0.0000,13217
1790894220.2,0,0.0000,0.0000,0.0000,225
1790894220.2,1,0.0010,0.0000,0.0000,13217
1790894221.2,0,0.0000,0.0000,0.0000,225
1790894221.2,1,0.0000,0.0000,0.0000,13217
1790894222.3,0,0.0000,0.0000,0.0000,225
1790894222.3,1,0.0010,0.0000,0.0010,13217
1790894223.3,0,0.0000,0.0000,0.0000,225
1790894223.3,1,0.0010,0.0000,0.0000,13217
1790894224.3,0,0.0000,0.0000,0.0000,225
1790894224.3,1,0.0010,0.0000,0.0000,13217
1790894225.3,0,0.0000,0.0000,0.0000,225
1790894225.3,1,0.0010,0.0000,0.0000,13217
1790894226.3,0,0.0000,0.0000,0.0000,225
1790894226.3,1,0.0010,0.0000,0.0000,13217
1790894227.3,0,0.0000,0.0000,0.0000,225
1790894227.3,1,0.0000,0.0000,0.0000,13217
1790894228.3,0,0.0000,0.0000,0.0000,225
1790894228.3,1,0.0000,0.0000,0.0000,13217
1790894229.3,0,0.0000,0.0000,0.0000,225
1790894229.3,1,0.0000,0.0000,0.0000,13217
1790894230.3,0,0.0000,0.0000,0.0000,225
1790894230.3,1,0.0010,0.0000,0.0000,13217
1790894231.3,0,0.0000,0.0000,0.0000,225
1790894231.3,1,0.0000,0.0000,0.0000,13217
1790894232.3,0,0.0000,0.0000,0.0000,225
1790894232.3,1,0.0000,0.0000,0.0000,13217
1790894233.3,0,0.0000,0.0000,0.0000,225
1790894233.3,1,0.0000,0.0000,0.0000,13217
1790894234.3,0,0.0000,0.0000,0.0000,225
1790894234.3,1,0.0000,0.0000,0.0000,13217
1790894235.3,0,0.0000,0.0000,0.0000,225
1790894235.3,1,0.0010,0.0000,0.0000,13217
1790894236.3,0,0.0000,0.0000,0.0000,225
1790894236.3,1,0.0010,0.0000,0.0000,13217
1790894237.3,0,0.0000,0.0000,0.0000,225
1790894237.3,1,0.0000,0.0000,0.0000,13217
1790894238.3,0,0.0000,0.0000,0.0000,225
1790894238.3,1,0.0000,0.0000,0.0000,13217
1790894239.3,0,0.0000,0.0000,0.0000,225
1790894239.3,1,0.0000,0.0000,0.0000,13217
1790894240.3,0,0.0000,0.0000,0.0000,225
1790894240.3,1,0.0000,0.0000,0.0000,13217
1790894241.3,0,0.0000,0.0000,0.0000,225
1790894241.3,1,0.0010,0.0000,0.0000,13217
1790894242.3,0,0.0000,0.0000,0.0000,225
1790894242.3,1,0.0010,0.0000,0.0000,13217
1790894243.3,0,0.0000,0.0000,0.0000,225
1790894243.3,1,0.0010,0.0000,0.0000,13217
1790894244.3,0,0.0000,0.0000,0.0000,225
1790894244.3,1,0.0000,0.0000,0.0000,13217
1790894245.3,0,0.0000,0.0000,0.0000,225
1790894245.3,1,0.0000,0.0000,0.0000,13217
1790894246.3,0,0.0000,0.0000,0.0000,225
1790894246.3,1,0.0620,0.0080,0.0450,13217
1790894247.3,0,0.0000,0.0000,0.0000,225
1790894247.3,1,0.1420,0.0180,0.1040,13217
1790894248.3,0,0.0000,0.0000,0.0000,225
1790894248.3,1,0.0000,0.0000,0.0000,13217
1790894249.3,0,0.0000,0.0000,0.0000,225
1790894249.3,1,0.0000,0.0000,0.0000,13217
1790894250.3,0,0.0000,0.0000,0.0000,225
1790894250.3,1,0.0000,0.0000,0.0000,13217
1790894251.3,0,0.0000,0.0000,0.0000,225
1790894251.3,1,0.2020,0.0260,0.1490,13217
1790894252.3,0,0.0000,0.0000,0.0000,225
1790894252.3,1,0.0000,0.0000,0.0000,13217
1790894253.3,0,0.0000,0.0000,0.0000,225
1790894253.3,1,0.0020,0.0000,0.0010,13217
1790894254.3,0,0.0000,0.0000,0.0000,225
1790894254.3,1,0.0010,0.0000,0.0000,13217
1790894255.3,0,0.0000,0.0000,0.0000,225
1790894255.3,1,0.0000,0.0000,0.0000,13217
1790894256.3,0,0.0000,0.0000,0.0000,225
1790894256.3,1,0.0000,0.0000,0.0000,13217
1790894257.3,0,0.0000,0.0000,0.0000,225
1790894257.3,1,0.0000,0.0000,0.0000,13217
1790894258.3,0,0.0000,0.0000,0.0000,225
1790894258.3,1,0.0000,0.0000,0.0000,13217
1790894259.3,0,0.0000,0.0000,0.0000,225
1790894259.3,1,0.0000,0.0000,0.0000,13217
1790894260.3,0,0.0000,0.0000,0.0000,225
1790894260.3,1,0.2090,0.0260,0.1520,13217
1790894261.3,0,0.0000,0.0000,0.0000,225
1790894261.3,1,0.0020,0.0000,0.0010,13217
1790894262.3,0,0.0000,0.0000,0.0000,225
1790894262.4,1,0.0000,0.0000,0.0000,13217
1790894263.3,0,0.0000,0.0000,0.0000,225
1790894263.3,1,0.0000,0.0000,0.0000,13217
1790894264.3,0,0.0000,0.0000,0.0000,225
1790894264.3,1,0.0010,0.0000,0.0000,13217
1790894265.3,0,0.0000,0.0000,0.0000,225
1790894265.3,1,0.0010,0.0000,0.0010,13217
1790894266.3,0,0.0000,0.0000,0.0000,225
1790894266.3,1,0.0000,0.0000,0.0000,13217
1790894267.3,0,0.0000,0.0000,0.0000,225
1790894267.4,1,0.0000,0.0000,0.0000,13217
1790894268.3,0,0.0000,0.0000,0.0000,225
1790894268.3,1,0.1980,0.0250,0.1450,13217
1790894269.3,0,0.0000,0.0000,0.0000,225
1790894269.3,1,0.0000,0.0000,0.0000,13217
1790894270.3,0,0.0000,0.0000,0.0000,225
1790894270.3,1,0.0000,0.0000,0.0000,13217
1790894271.3,0,0.0000,0.0000,0.0000,225
1790894271.3,1,0.0000,0.0000,0.0000,13217
1790894272.3,0,0.0000,0.0000,0.0000,225
1790894272.3,1,0.0000,0.0000,0.0000,13217
1790894273.3,0,0.0000,0.0000,0.0000,225
1790894273.3,1,0.0000,0.0000,0.0000,13217
1790894274.3,0,0.0000,0.0000,0.0000,225
1790894274.3,1,0.0000,0.0000,0.0000,13217
1790894275.3,0,0.0000,0.0000,0.0000,225
1790894275.3,1,0.0010,0.0000,0.0000,13217
1790894276.3,0,0.0000,0.0000,0.0000,225
1790894276.3,1,0.0010,0.0000,0.0000,13217
1790894277.3,0,0.0000,0.0000,0.0000,225
1790894277.3,1,0.0000,0.0000,0.0000,13217
1790894278.3,0,0.0000,0.0000,0.0000,225
1790894278.3,1,0.0010,0.0000,0.0000,13217
1790894279.3,0,0.0000,0.0000,0.0000,225
1790894279.3,1,0.0010,0.0000,0.0000,13217
1790894280.3,0,0.0000,0.0000,0.0000,225
1790894280.3,1,0.0000,0.0000,0.0000,13217
1790894281.3,0,0.0000,0.0000,0.0000,225
1790894281.3,1,0.0000,0.0000,0.0000,13217
1790894282.3,0,0.0000,0.0000,0.0000,225
1790894282.3,1,0.0000,0.0000,0.0000,13217
1790894283.3,0,0.0000,0.0000,0.0000,225
1790894283.3,1,0.0000,0.0000,0.0000,13217
1790894284.3,0,0.0000,0.0000,0.0000,225
1790894284.3,1,0.0000,0.0000,0.0000,13217
1790894285.3,0,0.0000,0.0000,0.0000,225
1790894285.3,1,0.0000,0.0000,0.0000,13217
1790894286.4,0,0.0000,0.0000,0.0000,225
1790894286.4,1,0.0010,0.0000,0.0000,13217
1790894287.4,0,0.0000,0.0000,0.0000,225
1790894287.4,1,0.0010,0.0000,0.0000,13217
1790894288.4,0,0.0000,0.0000,0.0000,225
1790894288.4,1,0.0010,0.0000,0.0000,13217
1790894289.4,0,0.0000,0.0000,0.0000,225
1790894289.4,1,0.0010,0.0000,0.0000,13217
1790894290.4,0,0.0000,0.0000,0.0000,225
1790894290.4,1,0.0010,0.0000,0.0000,13217
1790894291.4,0,0.0000,0.0000,0.0000,225
1790894291.4,1,0.0000,0.0000,0.0000,13217
1790894292.4,0,0.0000,0.0000,0.0000,225
1790894292.4,1,0.0000,0.0000,0.0000,13217
1790894293.4,0,0.0000,0.0000,0.0000,225
1790894293.4,1,0.0010,0.0000,0.0000,13217
1790894294.4,0,0.0000,0.0000,0.0000,225
1790894294.4,1,0.0010,0.0000,0.0000,13217
1790894295.4,0,0.0000,0.0000,0.0000,225
1790894295.4,1,0.0000,0.0000,0.0000,13217
1790894296.4,0,0.0000,0.0000,0.0000,225
1790894296.4,1,0.0000,0.0000,0.0000,13217
1790894297.4,0,0.0000,0.0000,0.0000,225
1790894297.4,1,0.0000,0.0000,0.0000,13217
1790894298.4,0,0.0000,0.0000,0.0000,225
1790894298.4,1,0.0020,0.0000,0.0010,13217
1790894299.4,0,0.0000,0.0000,0.0000,225
1790894299.4,1,0.0000,0.0000,0.0000,13217
1790894300.4,0,0.0000,0.0000,0.0000,225
1790894300.4,1,0.0000,0.0000,0.0000,13217
1790894301.4,0,0.0000,0.0000,0.0000,225
1790894301.4,1,0.0000,0.0000,0.0000,13217
1790894302.4,0,0.0000,0.0000,0.0000,225
1790894302.4,1,0.0000,0.0000,0.0000,13217
1790894303.4,0,0.0000,0.0000,0.0000,225
1790894303.4,1,0.0000,0.0000,0.0000,13217
1790894304.4,0,0.0000,0.0000,0.0000,225
1790894304.4,1,0.0000,0.0000,0.0000,13217
1790894305.4,0,0.0000,0.0000,0.0000,225
1790894305.4,1,0.0000,0.0000,0.0000,13217
1790894306.4,0,0.0000,0.0000,0.0000,225
1790894306.4,1,0.0050,0.0000,0.0030,13217
1790894307.4,0,0.0000,0.0000,0.0000,225
1790894307.4,1,0.0000,0.0000,0.0000,13217
1790894308.4,0,0.0000,0.0000,0.0000,225
1790894308.4,1,0.0020,0.0000,0.0010,13217
1790894309.4,0,0.0000,0.0000,0.0000,225
1790894309.4,1,0.0000,0.0000,0.0000,13217
1790894310.4,0,0.0000,0.0000,0.0000,225
1790894310.4,1,0.0000,0.0000,0.0000,13217
1790894311.4,0,0.0000,0.0000,0.0000,225
1790894311.4,1,0.2650,0.0180,0.1960,13217
1790894312.4,0,0.0000,0.0000,0.0000,225
1790894312.4,1,0.5820,0.0530,0.4030,13217
1790894313.4,0,0.0000,0.0000,0.0000,225
1790894313.4,1,0.0000,0.0000,0.0000,13217
1790894314.4,0,0.0000,0.0000,0.0000,225
1790894314.4,1,0.0000,0.0000,0.0000,13217
1790894315.4,0,0.0000,0.0000,0.0000,225
1790894315.4,1,0.0000,0.0000,0.0000,13217
1790894316.4,0,0.0000,0.0000,0.0000,225
1790894316.4,1,0.0000,0.0000,0.0000,13217
1790894317.4,0,0.0000,0.0000,0.0000,225
1790894317.4,1,0.0000,0.0000,0.0000,13217
1790894318.4,0,0.0000,0.0000,0.0000,225
1790894318.4,1,0.0020,0.0000,0.0010,13217
1790894319.4,0,0.0000,0.0000,0.0000,225
1790894319.4,1,0.0000,0.0000,0.0000,13217
1790894320.4,0,0.0000,0.0000,0.0000,225
1790894320.4,1,0.0010,0.0000,0.0000,13217
1790894321.4,0,0.0000,0.0000,0.0000,225
1790894321.4,1,0.0010,0.0000,0.0000,13217
1790894322.4,0,0.0000,0.0000,0.0000,225
1790894322.4,1,0.0000,0.0000,0.0000,13217
1790894323.4,0,0.0000,0.0000,0.0000,225
1790894323.4,1,0.0010,0.0000,0.0000,13217
1790894324.4,0,0.0000,0.0000,0.0000,225
1790894324.4,1,0.0000,0.0000,0.0000,13217
1790894325.4,0,0.0000,0.0000,0.0000,225
1790894325.4,1,0.0000,0.0000,0.0000,13217
1790894326.4,0,0.0000,0.0000,0.0000,225
1790894326.4,1,0.0010,0.0000,0.0000,13217
1790894327.4,0,0.0000,0.0000,0.0000,225
1790894327.4,1,0.0000,0.0000,0.0000,13217
1790894328.4,0,0.0000,0.0000,0.0000,225
1790894328.4,1,0.0000,0.0000,0.0000,13217
1790894329.4,0,0.0000,0.0000,0.0000,225
1790894329.4,1,0.0000,0.0000,0.0000,13217
1790894330.4,0,0.0000,0.0000,0.0000,225
1790894330.4,1,0.0010,0.0000,0.0000,13217
1790894331.4,0,0.0000,0.0000,0.0000,225
1790894331.4,1,0.2020,0.0260,0.1490,13217
1790894332.4,0,0.0000,0.0000,0.0000,225
1790894332.4,1,0.0000,0.0000,0.0000,13217
1790894333.4,0,0.0000,0.0000,0.0000,225
1790894333.4,1,0.0000,0.0000,0.0000,13217
1790894334.4,0,0.0000,0.0000,0.0000,225
1790894334.4,1,0.0000,0.0000,0.0000,13217
1790894335.4,0,0.0000,0.0000,0.0000,225
1790894335.4,1,0.0000,0.0000,0.0000,13217
1790894336.4,0,0.0000,0.0000,0.0000,225
1790894336.4,1,0.0070,0.0010,0.0040,13217
1790894337.4,0,0.0000,0.0000,0.0000,225
1790894337.4,1,0.0010,0.0000,0.0000,13217
1790894338.4,0,0.0000,0.0000,0.0000,225
1790894338.4,1,0.0000,0.0000,0.0000,13217
1790894339.4,0,0.0000,0.0000,0.0000,225
1790894339.4,1,0.0000,0.0000,0.0000,13217
1790894340.4,0,0.0000,0.0000,0.0000,225
1790894340.4,1,0.0000,0.0000,0.0000,13217
1790894341.4,0,0.0000,0.0000,0.0000,225
1790894341.4,1,0.0010,0.0000,0.0010,13217
1790894342.4,0,0.0000,0.0000,0.0000,225
1790894342.4,1,0.0000,0.0000,0.0000,13217
1790894343.4,0,0.0000,0.0000,0.0000,225
1790894343.4,1,0.0000,0.0000,0.0000,13217
1790894344.4,0,0.0000,0.0000,0.0000,225
1790894344.4,1,0.0010,0.0000,0.0000,13217
1790894345.4,0,0.0000,0.0000,0.0000,225
1790894345.4,1,0.0010,0.0000,0.0000,13217
1790894346.4,0,0.0000,0.0000,0.0000,225
1790894346.4,1,0.0010,0.0000,0.0000,13217
1790894347.4,0,0.0000,0.0000,0.0000,225
1790894347.5,1,0.0010,0.0000,0.0000,13217
1790894348.4,0,0.0000,0.0000,0.0000,225
1790894348.4,1,0.0000,0.0000,0.0000,13217
1790894349.5,0,0.0000,0.0000,0.0000,225
1790894349.5,1,0.2060,0.0260,0.1410,13217
1790894350.5,0,0.0000,0.0000,0.0000,225
1790894350.5,1,0.0150,0.0020,0.0080,13217
1790894351.5,0,0.0000,0.0000,0.0000,225
1790894351.5,1,0.0000,0.0000,0.0000,13217
1790894352.5,0,0.0000,0.0000,0.0000,225
1790894352.5,1,0.0010,0.0000,0.0000,13217
1790894353.5,0,0.0000,0.0000,0.0000,225
1790894353.5,1,0.0010,0.0000,0.0000,13217
1790894354.5,0,0.0000,0.0000,0.0000,225
1790894354.5,1,0.0010,0.0000,0.0000,13217
1790894355.5,0,0.0000,0.0000,0.0000,225
1790894355.5,1,0.0010,0.0000,0.0000,13217
1790894356.5,0,0.0000,0.0000,0.0000,225
1790894356.5,1,0.0010,0.0000,0.0000,13217
1790894357.5,0,0.0000,0.0000,0.0000,225
1790894357.5,1,0.0010,0.0000,0.0000,13217
1790894358.5,0,0.0000,0.0000,0.0000,225
1790894358.5,1,0.0010,0.0000,0.0000,13217
1790894359.5,0,0.0000,0.0000,0.0000,225
1790894359.5,1,0.0010,0.0000,0.0000,13217
1790894360.5,0,0.0000,0.0000,0.0000,225
1790894360.5,1,0.0010,0.0000,0.0000,13217
1790894361.5,0,0.0000,0.0000,0.0000,225
1790894361.5,1,0.0010,0.0000,0.0000,13217
1790894362.5,0,0.0000,0.0000,0.0000,225
1790894362.5,1,0.0000,0.0000,0.0000,13217
1790894363.5,0,0.0000,0.0000,0.0000,225
1790894363.5,1,0.0000,0.0000,0.0000,13217
1790894364.5,0,0.0000,0.0000,0.0000,225
1790894364.5,1,0.0000,0.0000,0.0010,13217
1790894365.5,0,0.0000,0.0000,0.0000,225
1790894365.5,1,0.0020,0.0000,0.0000,13217
1790894366.5,0,0.0000,0.0000,0.0000,225
1790894366.5,1,0.0000,0.0000,0.0000,13217
1790894367.5,0,0.0000,0.0000,0.0000,225
1790894367.5,1,0.0000,0.0000,0.0000,13217
1790894368.5,0,0.0000,0.0000,0.0000,225
1790894368.5,1,0.0000,0.0000,0.0000,13217
1790894369.5,0,0.0000,0.0000,0.0000,225
1790894369.5,1,0.0010,0.0000,0.0000,13217
1790894370.5,0,0.0000,0.0000,0.0000,225
1790894370.5,1,0.0010,0.0000,0.0010,13217
1790894371.5,0,0.0000,0.0000,0.0000,225
1790894371.5,1,0.0020,0.0000,0.0000,13217
1790894372.5,0,0.0000,0.0000,0.0000,225
1790894372.5,1,0.0000,0.0000,0.0000,13217
1790894373.5,0,0.0000,0.0000,0.0000,225
1790894373.5,1,0.0010,0.0000,0.0000,13217
1790894374.5,0,0.0000,0.0000,0.0000,225
1790894374.5,1,0.0010,0.0000,0.0000,13217
1790894375.5,0,0.0000,0.0000,0.0000,225
1790894375.5,1,0.0010,0.0000,0.0000,13217
1790894376.5,0,0.0000,0.0000,0.0000,225
1790894376.5,1,0.0000,0.0000,0.0000,13217
1790894377.5,0,0.0000,0.0000,0.0000,225
1790894377.5,1,0.0000,0.0000,0.0000,13217
1790894378.5,0,0.0000,0.0000,0.0000,225
1790894378.5,1,0.0000,0.0000,0.0000,13217
1790894379.5,0,0.0000,0.0000,0.0000,225
1790894379.5,1,0.0010,0.0000,0.0010,13217
1790894380.5,0,0.0000,0.0000,0.0000,225
1790894380.5,1,0.0020,0.0000,0.0000,13217
1790894381.5,0,0.0000,0.0000,0.0000,225
1790894381.5,1,0.0000,0.0000,0.0000,13217
1790894382.5,0,0.0000,0.0000,0.0000,225
1790894382.5,1,0.0000,0.0000,0.0000,13217
1790894383.5,0,0.0000,0.0000,0.0000,225
1790894383.5,1,0.0000,0.0000,0.0000,13217
1790894384.5,0,0.0000,0.0000,0.0000,225
1790894384.5,1,0.0010,0.0000,0.0000,13217
1790894385.5,0,0.0000,0.0000,0.0000,225
1790894385.5,1,0.0000,0.0000,0.0000,13217
1790894386.5,0,0.0000,0.0000,0.0000,225
1790894386.5,1,0.0000,0.0000,0.0000,13217
1790894387.5,0,0.0000,0.0000,0.0000,225
1790894387.5,1,0.0010,0.0000,0.0000,13217
1790894388.5,0,0.0000,0.0000,0.0000,225
1790894388.5,1,0.0000,0.0000,0.0000,13217
1790894389.5,0,0.0000,0.0000,0.0000,225
1790894389.5,1,0.0000,0.0000,0.0000,13217
1790894390.5,0,0.0000,0.0000,0.0000,225
1790894390.5,1,0.0010,0.0000,0.0000,13217
1790894391.5,0,0.0000,0.0000,0.0000,225
1790894391.5,1,0.0010,0.0000,0.0000,13217
1790894392.5,0,0.0000,0.0000,0.0000,225
1790894392.5,1,0.0010,0.0000,0.0000,13217
1790894393.5,0,0.0000,0.0000,0.0000,225
1790894393.5,1,0.0000,0.0000,0.0000,13217
1790894394.5,0,0.0000,0.0000,0.0000,225
1790894394.5,1,0.0000,0.0000,0.0000,13217
1790894395.5,0,0.0000,0.0000,0.0000,225
1790894395.5,1,0.0010,0.0000,0.0000,13217
1790894396.5,0,0.0000,0.0000,0.0000,225
1790894396.5,1,0.0000,0.0000,0.0000,13217
1790894397.5,0,0.0000,0.0000,0.0000,225
1790894397.6,1,0.0010,0.0000,0.0010,13217
1790894398.5,0,0.0000,0.0000,0.0000,225
1790894398.5,1,0.0020,0.0000,0.0000,13217
1790894399.5,0,0.0000,0.0000,0.0000,225
1790894399.5,1,0.0000,0.0000,0.0000,13217
1790894400.5,0,0.0000,0.0000,0.0000,225
1790894400.5,1,0.0000,0.0000,0.0000,13217
1790894401.5,0,0.0000,0.0000,0.0000,225
1790894401.5,1,0.0000,0.0000,0.0000,13217
1790894402.5,0,0.0000,0.0000,0.0000,225
1790894402.5,1,0.0000,0.0000,0.0000,13217
1790894403.5,0,0.0000,0.0000,0.0000,225
1790894403.5,1,0.0000,0.0000,0.0000,13217
1790894404.5,0,0.0000,0.0000,0.0000,225
1790894404.5,1,0.0000,0.0000,0.0000,13217
1790894405.5,0,0.0000,0.0000,0.0000,225
1790894405.5,1,0.0000,0.0000,0.0000,13217
1790894406.5,0,0.0000,0.0000,0.0000,225
1790894406.5,1,0.0000,0.0000,0.0000,13217
1790894407.5,0,0.0000,0.0000,0.0000,225
1790894407.5,1,0.0000,0.0000,0.0000,13217
1790894408.5,0,0.0000,0.0000,0.0000,225
1790894408.5,1,0.0010,0.0000,0.0010,13217
1790894409.5,0,0.0000,0.0000,0.0000,225
1790894409.5,1,0.0020,0.0000,0.0000,13217
1790894410.5,0,0.0000,0.0000,0.0000,225
1790894410.5,1,0.0010,0.0000,0.0000,13217
1790894411.5,0,0.0000,0.0000,0.0000,225
1790894411.5,1,0.0000,0.0000,0.0000,13217
1790894412.5,0,0.0000,0.0000,0.0000,225
1790894412.5,1,0.0000,0.0000,0.0000,13217
1790894413.5,0,0.0000,0.0000,0.0000,225
1790894413.5,1,0.0000,0.0000,0.0000,13217
1790894414.5,0,0.0000,0.0000,0.0000,225
1790894414.5,1,0.0010,0.0000,0.0000,13217
1790894415.5,0,0.0000,0.0000,0.0000,225
1790894415.5,1,0.0000,0.0000,0.0000,13217
1790894416.5,0,0.0000,0.0000,0.0000,225
1790894416.5,1,0.0000,0.0000,0.0000,13217
1790894417.5,0,0.0000,0.0000,0.0000,225
1790894417.6,1,0.0010,0.0000,0.0000,13217
1790894418.6,0,0.0000,0.0000,0.0000,225
1790894418.6,1,0.0000,0.0000,0.0000,13217
1790894419.6,0,0.0000,0.0000,0.0000,225
1790894419.6,1,0.0000,0.0000,0.0000,13217
1790894420.6,0,0.0000,0.0000,0.0000,225
1790894420.6,1,0.0010,0.0000,0.0000,13217
1790894421.6,0,0.0000,0.0000,0.0000,225
1790894421.6,1,0.0000,0.0000,0.0000,13217
1790894422.6,0,0.0000,0.0000,0.0000,225
1790894422.6,1,0.0010,0.0000,0.0000,13217
1790894423.6,0,0.0000,0.0000,0.0000,225
1790894423.6,1,0.0000,0.0000,0.0010,13217
1790894424.6,0,0.0000,0.0000,0.0000,225
1790894424.6,1,0.0020,0.0000,0.0000,13217
1790894425.6,0,0.0000,0.0000,0.0000,225
1790894425.6,1,0.0010,0.0000,0.0000,13217
1790894426.6,0,0.0000,0.0000,0.0000,225
1790894426.6,1,0.0010,0.0000,0.0000,13217
1790894427.6,0,0.0000,0.0000,0.0000,225
1790894427.6,1,0.0010,0.0000,0.0040,13217
1790894428.6,0,0.0000,0.0000,0.0000,225
1790894428.6,1,0.0110,0.0010,0.0000,13217
1790894429.6,0,0.0000,0.0000,0.0000,225
1790894429.6,1,0.0000,0.0000,0.0000,13217
1790894430.6,0,0.0000,0.0000,0.0000,225
1790894430.6,1,0.0000,0.0000,0.0000,13217
1790894431.6,0,0.0000,0.0000,0.0000,225
1790894431.6,1,0.0000,0.0000,0.0000,13217
1790894432.6,0,0.0000,0.0000,0.0000,225
1790894432.6,1,0.0000,0.0000,0.0000,13217
1790894433.6,0,0.0000,0.0000,0.0000,225
1790894433.6,1,0.0000,0.0000,0.0050,13217
1790894434.6,0,0.0000,0.0000,0.0000,225
1790894434.6,1,0.0090,0.0010,0.0230,13217
1790894435.6,0,0.0000,0.0000,0.0000,225
1790894435.6,1,0.0440,0.0040,0.0090,13217
1790894436.6,0,0.0000,0.0000,0.0000,225
1790894436.6,1,0.0170,0.0020,0.0050,13217
1790894437.6,0,0.0000,0.0000,0.0000,225
1790894437.6,1,0.0090,0.0010,0.0090,13217
1790894438.6,0,0.0000,0.0000,0.0000,225
1790894438.6,1,0.0180,0.0020,0.0150,13217
1790894439.6,0,0.0000,0.0000,0.0000,225
1790894439.6,1,0.0300,0.0030,0.0190,13217
1790894440.6,0,0.0000,0.0000,0.0000,225
1790894440.6,1,0.0360,0.0030,0.0140,13217
1790894441.6,0,0.0000,0.0000,0.0000,225
1790894441.6,1,0.0270,0.0020,0.0090,13217
1790894442.6,0,0.0000,0.0000,0.0000,225
1790894442.6,1,0.0180,0.0020,0.0050,13217
1790894443.6,0,0.0000,0.0000,0.0000,225
1790894443.6,1,0.0080,0.0010,0.0050,13217
1790894444.6,0,0.0000,0.0000,0.0000,225
1790894444.6,1,0.0090,0.0010,0.0050,13217
1790894445.6,0,0.0000,0.0000,0.0000,225
1790894445.6,1,0.0090,0.0010,0.0050,13217
1790894446.6,0,0.0000,0.0000,0.0000,225
1790894446.6,1,0.0090,0.0010,0.0050,13217
1790894447.6,0,0.0000,0.0000,0.0000,225
1790894447.6,1,0.0090,0.0010,0.0050,13217
1790894448.6,0,0.0000,0.0000,0.0000,225
1790894448.6,1,0.0090,0.0010,0.0050,13217
1790894449.6,0,0.0000,0.0000,0.0000,225
1790894449.6,1,0.0090,0.0010,0.0000,13217
1790894450.6,0,0.0000,0.0000,0.0000,225
1790894450.6,1,0.0000,0.0000,0.0050,13217
1790894451.6,0,0.0000,0.0000,0.0000,225
1790894451.6,1,0.0090,0.0010,0.0000,13217
1790894452.6,0,0.0000,0.0000,0.0000,225
1790894452.6,1,0.0000,0.0000,0.0000,13217
1790894453.6,0,0.0000,0.0000,0.0000,225
1790894453.6,1,0.0000,0.0000,0.0000,13217
1790894454.6,0,0.0000,0.0000,0.0000,225
1790894454.6,1,0.0000,0.0000,0.0000,13217
1790894455.6,0,0.0000,0.0000,0.0000,225
1790894455.6,1,0.0000,0.0000,0.0000,13217
1790894456.6,0,0.0000,0.0000,0.0000,225
1790894456.6,1,0.0000,0.0000,0.0000,13217
1790894457.6,0,0.0000,0.0000,0.0000,225
1790894457.6,1,0.0000,0.0000,0.0000,13217
1790894458.6,0,0.0000,0.0000,0.0000,225
1790894458.6,1,0.0000,0.0000,0.0000,13217
1790894459.6,0,0.0000,0.0000,0.0000,225
1790894459.6,1,0.0000,0.0000,0.0000,13217
1790894460.6,0,0.0000,0.0000,0.0000,225
1790894460.6,1,0.0000,0.0000,0.0000,13217
1790894461.6,0,0.0000,0.0000,0.0000,225
1790894461.6,1,0.0000,0.0000,0.0000,13217
1790894462.6,0,0.0000,0.0000,0.0000,225
1790894462.6,1,0.0000,0.0000,0.0000,13217
1790894463.6,0,0.0000,0.0000,0.0000,225
1790894463.6,1,0.0000,0.0000,0.4360,13217
1790894464.6,0,0.0000,0.0000,0.0000,225
1790894464.6,1,0.6120,0.0520,0.3440,13217
1790894465.6,0,0.0000,0.0000,0.0000,225
1790894465.6,1,0.5060,0.0470,0.5080,13217
1790894466.6,0,0.0000,0.0000,0.0000,225
1790894466.6,1,0.6840,0.0630,0.2830,13217
1790894467.6,0,0.0000,0.0000,0.0000,225
1790894467.6,1,0.4130,0.0400,0.5110,13217
1790894468.6,0,0.0000,0.0000,0.0000,225
1790894468.6,1,0.7100,0.0650,0.5480,13217
1790894469.6,0,0.0000,0.0000,0.0000,225
1790894469.6,1,0.7420,0.0640,0.4000,13217
1790894470.6,0,0.0000,0.0000,0.0000,225
1790894470.6,1,0.5580,0.0530,0.4350,13217
1790894471.6,0,0.0000,0.0000,0.0000,225
1790894471.6,1,0.6170,0.0600,0.3730,13217
1790894472.6,0,0.0000,0.0000,0.0000,225
1790894472.6,1,0.5300,0.0530,0.5980,13217
1790894473.6,0,0.0000,0.0000,0.0000,225
1790894473.6,1,0.8220,0.0780,0.4850,13217
1790894474.6,0,0.0000,0.0000,0.0000,225
1790894474.6,1,0.6730,0.0570,0.2790,13217
1790894475.6,0,0.0000,0.0000,0.0000,225
1790894475.6,1,0.4340,0.0410,0.4910,13217
1790894476.6,0,0.0000,0.0000,0.0000,225
1790894476.6,1,0.6730,0.0570,0.2460,13217
1790894477.6,0,0.0000,0.0000,0.0000,225
1790894477.6,1,0.3680,0.0360,0.5580,13217
1790894478.6,0,0.0000,0.0000,0.0000,225
1790894478.6,1,0.7640,0.0730,0.4390,13217
1790894479.6,0,0.0000,0.0000,0.0000,225
1790894479.6,1,0.6180,0.0560,0.5020,13217
1790894480.6,0,0.0000,0.0000,0.0000,225
1790894480.6,1,0.7090,0.0670,0.4270,13217
1790894481.6,0,0.0000,0.0000,0.0000,225
1790894481.6,1,0.6140,0.0600,0.5330,13217
1790894482.6,0,0.0000,0.0000,0.0000,225
1790894482.6,1,0.7290,0.0720,0.6050,13217
1790894483.6,0,0.0000,0.0000,0.0000,225
1790894483.6,1,0.8290,0.0770,0.6240,13217
1790894484.6,0,0.0000,0.0000,0.0000,225
1790894484.6,1,0.8490,0.0860,0.4820,13217
1790894485.6,0,0.0000,0.0000,0.0000,225
1790894485.6,1,0.6480,0.0520,0.3380,13217
1790894486.6,0,0.0000,0.0000,0.0000,225
1790894486.6,1,0.4910,0.0440,0.4740,13217
1790894487.6,0,0.0000,0.0000,0.0000,225
1790894487.6,1,0.6640,0.0650,0.4040,13217
1790894488.6,0,0.0000,0.0000,0.0000,225
1790894488.6,1,0.5670,0.0510,0.4070,13217
1790894489.6,0,0.0000,0.0000,0.0000,225
1790894489.6,1,0.6100,0.0600,0.4250,13217
1790894490.6,0,0.0000,0.0000,0.0000,225
1790894490.6,1,0.6030,0.0570,0.5940,13217
1790894491.6,0,0.0000,0.0000,0.0000,225
1790894491.6,1,0.8160,0.0820,0.4180,13217
1790894492.6,0,0.0000,0.0000,0.0000,225
1790894492.6,1,0.5750,0.0550,0.4050,13217
1790894493.6,0,0.0000,0.0000,0.0000,225
1790894493.6,1,0.5680,0.0500,0.4710,13217
1790894494.6,0,0.0000,0.0000,0.0000,225
1790894494.6,1,0.6500,0.0590,0.4180,13217
1790894495.6,0,0.0000,0.0000,0.0000,225
1790894495.6,1,0.5750,0.0540,0.5910,13217
1790894496.6,0,0.0000,0.0000,0.0000,225
1790894496.6,1,0.8080,0.0780,0.5050,13217
1790894497.6,0,0.0000,0.0000,0.0000,225
1790894497.6,1,0.7260,0.0720,0.6190,13217
1790894498.6,0,0.0000,0.0000,0.0000,225
1790894498.6,1,0.8430,0.0850,0.5150,13217
1790894499.6,0,0.0000,0.0000,0.0000,225
1790894499.6,1,0.6980,0.0670,0.2730,13217
1790894500.6,0,0.0000,0.0000,0.0000,225
1790894500.6,1,0.3770,0.0390,0.2080,13217
1790894501.6,0,0.0000,0.0000,0.0000,225
1790894501.6,1,0.3020,0.0280,0.4640,13217
1790894502.6,0,0.0000,0.0000,0.0000,225
1790894502.6,1,0.6270,0.0600,0.5060,13217
1790894503.6,0,0.0000,0.0000,0.0000,225
1790894503.6,1,0.7120,0.0710,0.4090,13217
1790894504.6,0,0.0000,0.0000,0.0000,225
1790894504.6,1,0.5800,0.0590,0.4870,13217
1790894505.6,0,0.0000,0.0000,0.0000,225
1790894505.6,1,0.7000,0.0660,0.5360,13217
1790894506.6,0,0.0000,0.0000,0.0000,225
1790894506.6,1,0.7350,0.0660,0.6070,13217
1790894507.6,0,0.0000,0.0000,0.0000,225
1790894507.6,1,0.8210,0.0810,0.5710,13217
1790894508.6,0,0.0000,0.0000,0.0000,225
1790894508.6,1,0.7880,0.0720,0.5990,13217
1790894509.6,0,0.0000,0.0000,0.0000,225
1790894509.6,1,0.8100,0.0760,0.5230,13217
1790894510.6,0,0.0000,0.0000,0.0000,225
1790894510.6,1,0.7420,0.0720,0.3630,13217
1790894511.6,0,0.0000,0.0000,0.0000,225
1790894511.6,1,0.5290,0.0540,0.4710,13217
1790894512.6,0,0.0000,0.0000,0.0000,225
1790894512.6,1,0.6720,0.0630,0.3450,13217
1790894513.6,0,0.0000,0.0000,0.0000,225
1790894513.6,1,0.5290,0.0500,0.5620,13217
1790894514.6,0,0.0000,0.0000,0.0000,225
1790894514.6,1,0.7780,0.0680,0.5510,13217
1790894515.6,0,0.0000,0.0000,0.0000,225
1790894515.6,1,0.7540,0.0680,0.5150,13217
1790894516.6,0,0.0000,0.0000,0.0000,225
1790894516.6,1,0.7230,0.0660,0.4100,13217
1790894517.6,0,0.0000,0.0000,0.0000,225
1790894517.6,1,0.5940,0.0560,0.3320,13217
1790894518.6,0,0.0000,0.0000,0.0000,225
1790894518.6,1,0.4900,0.0440,0.3830,13217
1790894519.6,0,0.0000,0.0000,0.0000,225
1790894519.6,1,0.5490,0.0520,0.5360,13217
1790894520.6,0,0.0000,0.0000,0.0000,225
1790894520.6,1,0.7480,0.0730,0.3910,13217
1790894521.6,0,0.0000,0.0000,0.0000,225
1790894521.6,1,0.5400,0.0540,0.4960,13217
1790894522.6,0,0.0000,0.0000,0.0000,225
1790894522.6,1,0.7020,0.0670,0.2650,13217
1790894523.6,0,0.0000,0.0000,0.0000,225
1790894523.6,1,0.3960,0.0360,0.4530,13217
1790894524.6,0,0.0000,0.0000,0.0000,225
1790894524.6,1,0.6160,0.0550,0.3180,13217
1790894525.6,0,0.0000,0.0000,0.0000,225
1790894525.6,1,0.4650,0.0440,0.5240,13217
1790894526.6,0,0.0000,0.0000,0.0000,225
1790894526.6,1,0.7170,0.0650,0.3690,13217
1790894527.6,0,0.0000,0.0000,0.0000,225
1790894527.6,1,0.5210,0.0470,0.5520,13217
1790894528.6,0,0.0000,0.0000,0.0000,225
1790894528.6,1,0.7690,0.0760,0.4900,13217
1790894529.6,0,0.0000,0.0000,0.0000,225
1790894529.6,1,0.6820,0.0630,0.5420,13217
1790894530.6,0,0.0000,0.0000,0.0000,225
1790894530.6,1,0.7440,0.0680,0.4710,13217
1790894531.6,0,0.0000,0.0000,0.0000,225
1790894531.6,1,0.6620,0.0620,0.5640,13217
1790894532.6,0,0.0000,0.0000,0.0000,225
1790894532.6,1,0.7680,0.0740,0.2190,13217
1790894533.6,0,0.0000,0.0000,0.0000,225
1790894533.6,1,0.3420,0.0320,0.4850,13217
1790894534.6,0,0.0000,0.0000,0.0000,225
1790894534.6,1,0.6690,0.0650,0.3090,13217
1790894535.6,0,0.0000,0.0000,0.0000,225
1790894535.6,1,0.4660,0.0400,0.3510,13217
1790894536.6,0,0.0000,0.0000,0.0000,225
1790894536.6,1,0.4980,0.0460,0.4330,13217
1790894537.6,0,0.0000,0.0000,0.0000,225
1790894537.6,1,0.6360,0.0580,0.4530,13217
1790894538.6,0,0.0000,0.0000,0.0000,225
1790894538.6,1,0.6460,0.0600,0.6200,13217
1790894539.6,0,0.0000,0.0000,0.0000,225
1790894539.6,1,0.8420,0.0820,0.5310,13217
1790894540.6,0,0.0000,0.0000,0.0000,225
1790894540.6,1,0.7370,0.0750,0.6480,13217
1790894541.6,0,0.0000,0.0000,0.0000,225
1790894541.6,1,0.8730,0.0860,0.5840,13217
1790894542.6,0,0.0000,0.0000,0.0000,225
1790894542.6,1,0.7920,0.0690,0.3610,13217
1790894543.6,0,0.0000,0.0000,0.0000,225
1790894543.6,1,0.5390,0.0520,0.4710,13217
1790894544.6,0,0.0000,0.0000,0.0000,225
1790894544.6,1,0.6940,0.0690,0.2730,13217
1790894545.6,0,0.0000,0.0000,0.0000,225
1790894545.6,1,0.3950,0.0360,0.6380,13217
1790894546.6,0,0.0000,0.0000,0.0000,225
1790894546.6,1,0.8620,0.0870,0.4650,13217
1790894547.6,0,0.0000,0.0000,0.0000,225
1790894547.6,1,0.6730,0.0650,0.5450,13217
1790894548.6,0,0.0000,0.0000,0.0000,225
1790894548.6,1,0.7470,0.0680,0.4750,13217
1790894549.6,0,0.0000,0.0000,0.0000,225
1790894549.6,1,0.6620,0.0570,0.4210,13217
1790894550.6,0,0.0000,0.0000,0.0000,225
1790894550.6,1,0.5940,0.0510,0.3190,13217
1790894551.6,0,0.0000,0.0000,0.0000,225
1790894551.6,1,0.4760,0.0440,0.2500,13217
1790894552.6,0,0.0000,0.0000,0.0000,225
1790894552.6,1,0.3520,0.0320,0.4010,13217
1790894553.6,0,0.0000,0.0000,0.0000,225
1790894553.6,1,0.6040,0.0580,0.4250,13219
1790894554.6,0,0.0000,0.0000,0.0000,225
1790894554.6,1,0.6120,0.0560,0.4080,13219
1790894555.6,0,0.0000,0.0000,0.0000,225
1790894555.6,1,0.5660,0.0530,0.6050,13219
1790894556.6,0,0.0000,0.0000,0.0000,225
1790894556.6,1,0.8420,0.0890,0.5620,13219
1790894557.6,0,0.0000,0.0000,0.0000,225
1790894557.6,1,0.7860,0.0800,0.6430,13219
1790894558.6,0,0.0000,0.0000,0.0000,225
1790894558.6,1,0.8590,0.0840,0.5000,13219
1790894559.6,0,0.0000,0.0000,0.0000,225
1790894559.6,1,0.6970,0.0630,0.3350,13219
1790894560.6,0,0.0000,0.0000,0.0000,225
1790894560.6,1,0.4910,0.0440,0.1660,13219
1790894561.6,0,0.0000,0.0000,0.0000,225
1790894561.6,1,0.2610,0.0240,0.4350,13219
1790894562.6,0,0.0000,0.0000,0.0000,225
1790894562.6,1,0.6310,0.0580,0.5850,13219
1790894563.6,0,0.0000,0.0000,0.0000,225
1790894563.6,1,0.8060,0.0820,0.4220,13219
1790894564.6,0,0.0000,0.0000,0.0000,225
1790894564.6,1,0.6100,0.0570,0.3840,13219
1790894565.6,0,0.0000,0.0000,0.0000,225
1790894565.6,1,0.5710,0.0560,0.2220,13219
1790894566.6,0,0.0000,0.0000,0.0000,225
1790894566.6,1,0.3310,0.0320,0.4490,13219
1790894567.6,0,0.0000,0.0000,0.0000,225
1790894567.6,1,0.6530,0.0590,0.6160,13219
1790894568.6,0,0.0000,0.0000,0.0000,225
1790894568.6,1,0.8260,0.0770,0.3740,13219
1790894569.6,0,0.0000,0.0000,0.0000,225
1790894569.6,1,0.5570,0.0520,0.5370,13219
1790894570.6,0,0.0000,0.0000,0.0000,225
1790894570.6,1,0.7400,0.0700,0.5720,13219
1790894571.6,0,0.0000,0.0000,0.0000,225
1790894571.6,1,0.7920,0.0750,0.4160,13219
1790894572.6,0,0.0000,0.0000,0.0000,225
1790894572.6,1,0.6160,0.0610,0.4590,13219
1790894573.6,0,0.0000,0.0000,0.0000,225
1790894573.6,1,0.6530,0.0580,0.6000,13219
1790894574.6,0,0.0000,0.0000,0.0000,225
1790894574.6,1,0.8170,0.0770,0.2160,13219
1790894575.6,0,0.0000,0.0000,0.0000,225
1790894575.6,1,0.2950,0.0230,0.3490,13219
1790894576.6,0,0.0000,0.0000,0.0000,225
1790894576.6,1,0.4920,0.0470,0.4730,13219
1790894577.6,0,0.0000,0.0000,0.0000,225
1790894577.6,1,0.6630,0.0600,0.6210,13219
1790894578.6,0,0.0000,0.0000,0.0000,225
1790894578.6,1,0.8440,0.0800,0.5410,13219
1790894579.6,0,0.0000,0.0000,0.0000,225
1790894579.6,1,0.7410,0.0690,0.5820,13219
1790894580.6,0,0.0000,0.0000,0.0000,225
1790894580.6,1,0.7970,0.0740,0.5320,13219
1790894581.6,0,0.0000,0.0000,0.0000,225
1790894581.6,1,0.7290,0.0730,0.6110,13219
1790894582.6,0,0.0000,0.0000,0.0000,225
1790894582.6,1,0.8270,0.0820,0.4380,13219
1790894583.6,0,0.0000,0.0000,0.0000,225
1790894583.6,1,0.6180,0.0550,0.4050,13219
1790894584.6,0,0.0000,0.0000,0.0000,225
1790894584.6,1,0.6070,0.0580,0.3240,13219
1790894585.6,0,0.0000,0.0000,0.0000,225
1790894585.6,1,0.4850,0.0430,0.4270,13219
1790894586.6,0,0.0000,0.0000,0.0000,225
1790894586.6,1,0.6070,0.0590,0.5290,13219
1790894587.6,0,0.0000,0.0000,0.0000,225
1790894587.6,1,0.7150,0.0700,0.4930,13219
1790894588.6,0,0.0000,0.0000,0.0000,225
1790894588.6,1,0.7010,0.0680,0.3760,13219
1790894589.6,0,0.0000,0.0000,0.0000,225
1790894589.6,1,0.5480,0.0480,0.4230,13219
1790894590.6,0,0.0000,0.0000,0.0000,225
1790894590.6,1,0.6090,0.0570,0.4740,13219
1790894591.6,0,0.0000,0.0000,0.0000,225
1790894591.6,1,0.6590,0.0600,0.4840,13219
1790894592.6,0,0.0000,0.0000,0.0000,225
1790894592.6,1,0.6820,0.0630,0.3610,13219
1790894593.6,0,0.0000,0.0000,0.0000,225
1790894593.6,1,0.4990,0.0450,0.6490,13219
1790894594.6,0,0.0000,0.0000,0.0000,225
1790894594.6,1,0.8880,0.0900,0.4850,13219
1790894595.6,0,0.0000,0.0000,0.0000,225
1790894595.6,1,0.7030,0.0690,0.5360,13219
1790894596.6,0,0.0000,0.0000,0.0000,225
1790894596.6,1,0.7420,0.0690,0.3760,13219
1790894597.6,0,0.0000,0.0000,0.0000,225
1790894597.6,1,0.5350,0.0530,0.5150,13219
1790894598.6,0,0.0000,0.0000,0.0000,225
1790894598.6,1,0.7010,0.0660,0.5370,13219
1790894599.6,0,0.0000,0.0000,0.0000,225
1790894599.6,1,0.7420,0.0700,0.4160,13219
1790894600.6,0,0.0000,0.0000,0.0000,225
1790894600.6,1,0.5910,0.0520,0.4680,13219
1790894601.6,0,0.0000,0.0000,0.0000,225
1790894601.6,1,0.6670,0.0620,0.4040,13219
1790894602.6,0,0.0000,0.0000,0.0000,225
1790894602.6,1,0.5740,0.0490,0.6290,13219
1790894603.6,0,0.0000,0.0000,0.0000,225
1790894603.6,1,0.8720,0.0770,0.5940,13219
1790894604.6,0,0.0000,0.0000,0.0000,225
1790894604.6,1,0.8000,0.0750,0.5000,13219
1790894605.6,0,0.0000,0.0000,0.0000,225
1790894605.6,1,0.7190,0.0710,0.4280,13219
1790894606.6,0,0.0000,0.0000,0.0000,225
1790894606.6,1,0.6150,0.0540,0.3360,13219
1790894607.6,0,0.0000,0.0000,0.0000,225
1790894607.6,1,0.4850,0.0440,0.2740,13219
1790894608.6,0,0.0000,0.0000,0.0000,225
1790894608.6,1,0.4310,0.0390,0.3540,13219
1790894609.6,0,0.0000,0.0000,0.0000,225
1790894609.6,1,0.5190,0.0500,0.1720,13219
1790894610.6,0,0.0000,0.0000,0.0000,225
1790894610.6,1,0.2720,0.0250,0.2590,13219
1790894611.6,0,0.0000,0.0000,0.0000,225
1790894611.6,1,0.4130,0.0380,0.4190,13219
1790894612.6,0,0.0000,0.0000,0.0000,225
1790894612.6,1,0.6050,0.0510,0.3270,13219
1790894613.6,0,0.0000,0.0000,0.0000,225
1790894613.6,1,0.4760,0.0420,0.0000,13219
1790894614.6,0,0.0000,0.0000,0.0000,225
1790894614.6,1,0.0000,0.0000,0.0300,13219
1790894615.6,0,0.0000,0.0000,0.0000,225
1790894615.6,1,0.0470,0.0040,0.1140,13219
1790894616.6,0,0.0000,0.0000,0.0000,225
1790894616.6,1,0.1860,0.0170,0.0000,13219
1790894617.6,0,0.0000,0.0000,0.0000,225
1790894617.6,1,0.0000,0.0000,0.0000,13219
1790894618.6,0,0.0000,0.0000,0.0000,225
1790894618.6,1,0.0000,0.0000,0.0000,13219
1790894619.6,0,0.0000,0.0000,0.0000,225
1790894619.6,1,0.0000,0.0000,0.0000,13219
1790894620.6,0,0.0000,0.0000,0.0000,225
1790894620.6,1,0.0000,0.0000,0.0000,13219
1790894621.6,0,0.0000,0.0000,0.0000,225
1790894621.6,1,0.0000,0.0000,0.0000,13219
1790894622.6,0,0.0000,0.0000,0.0000,225
1790894622.6,1,0.0000,0.0000,0.0000,13219
1790894623.6,0,0.0000,0.0000,0.0000,225
1790894623.6,1,0.0000,0.0000,0.0050,13219
1790894624.6,0,0.0000,0.0000,0.0000,225
1790894624.6,1,0.0090,0.0010,0.0180,13219
1790894625.6,0,0.0000,0.0000,0.0000,225
1790894625.6,1,0.0350,0.0030,0.0090,13219
1790894626.6,0,0.0000,0.0000,0.0000,225
1790894626.6,1,0.0170,0.0020,0.0090,13219
1790894627.6,0,0.0000,0.0000,0.0000,225
1790894627.6,1,0.0170,0.0020,0.0090,13219
1790894628.6,0,0.0000,0.0000,0.0000,225
1790894628.6,1,0.0170,0.0020,0.0090,13219
1790894629.6,0,0.0000,0.0000,0.0000,225
1790894629.6,1,0.0170,0.0020,0.0180,13219
1790894630.6,0,0.0000,0.0000,0.0000,225
1790894630.6,1,0.0350,0.0030,0.0180,13219
1790894631.6,0,0.0000,0.0000,0.0000,225
1790894631.6,1,0.0350,0.0030,0.0090,13219
1790894632.6,0,0.0000,0.0000,0.0000,225
1790894632.6,1,0.0170,0.0020,0.0090,13219
1790894633.6,0,0.0000,0.0000,0.0000,225
1790894633.6,1,0.0170,0.0020,0.0090,13219
1790894634.6,0,0.0000,0.0000,0.0000,225
1790894634.6,1,0.0180,0.0020,0.0090,13219
1790894635.6,0,0.0000,0.0000,0.0000,225
1790894635.6,1,0.0170,0.0020,0.0090,13219
1790894636.6,0,0.0000,0.0000,0.0000,225
1790894636.6,1,0.0180,0.0020,0.0090,13219
1790894637.6,0,0.0000,0.0000,0.0000,225
1790894637.6,1,0.0170,0.0020,0.0190,13219
1790894638.6,0,0.0000,0.0000,0.0000,225
1790894638.6,1,0.0360,0.0030,0.0090,13219
1790894639.6,0,0.0000,0.0000,0.0000,225
1790894639.6,1,0.0180,0.0020,0.0150,13219
1790894640.6,0,0.0000,0.0000,0.0000,225
1790894640.6,1,0.0290,0.0030,0.0090,13219
1790894641.6,0,0.0000,0.0000,0.0000,225
1790894641.6,1,0.0190,0.0020,0.0090,13219
1790894642.6,0,0.0000,0.0000,0.0000,225
1790894642.6,1,0.0180,0.0020,0.0090,13219
1790894643.6,0,0.0000,0.0000,0.0000,225
1790894643.6,1,0.0180,0.0020,0.0050,13219
1790894644.6,0,0.0000,0.0000,0.0000,225
1790894644.6,1,0.0090,0.0010,0.0090,13219
1790894645.6,0,0.0000,0.0000,0.0000,225
1790894645.6,1,0.0180,0.0020,0.0060,13219
1790894646.6,0,0.0000,0.0000,0.0000,225
1790894646.6,1,0.0110,0.0010,0.0140,13219
1790894647.6,0,0.0000,0.0000,0.0000,225
1790894647.6,1,0.0270,0.0020,0.0050,13219
1790894648.6,0,0.0000,0.0000,0.0000,225
1790894648.6,1,0.0090,0.0010,0.0000,13219
1790894649.6,0,0.0000,0.0000,0.0000,225
1790894649.7,1,0.0000,0.0000,0.0090,13219
1790894650.7,0,0.0000,0.0000,0.0000,225
1790894650.7,1,0.0190,0.0020,0.0050,13219
1790894651.7,0,0.0000,0.0000,0.0000,225
1790894651.7,1,0.0090,0.0010,0.0000,13219
1790894652.7,0,0.0000,0.0000,0.0000,225
1790894652.7,1,0.0000,0.0000,0.0160,13219
1790894653.7,0,0.0000,0.0000,0.0000,225
1790894653.7,1,0.0300,0.0030,0.0080,13219
1790894654.7,0,0.0000,0.0000,0.0000,225
1790894654.7,1,0.0160,0.0010,0.0090,13219
1790894655.7,0,0.0000,0.0000,0.0000,225
1790894655.7,1,0.0180,0.0020,0.0090,13219
1790894656.7,0,0.0000,0.0000,0.0000,225
1790894656.7,1,0.0180,0.0020,0.0000,13219
1790894657.7,0,0.0000,0.0000,0.0000,225
1790894657.7,1,0.0000,0.0000,0.0000,13219
1790894658.7,0,0.0000,0.0000,0.0000,225
1790894658.7,1,0.0000,0.0000,0.0090,13219
1790894659.7,0,0.0000,0.0000,0.0000,225
1790894659.7,1,0.0190,0.0020,0.0280,13219
1790894660.7,0,0.0000,0.0000,0.0000,225
1790894660.7,1,0.0530,0.0050,0.0090,13219
1790894661.7,0,0.0000,0.0000,0.0000,225
1790894661.7,1,0.0200,0.0020,0.0050,13219
1790894662.7,0,0.0000,0.0000,0.0000,225
1790894662.7,1,0.0090,0.0010,0.0090,13219
1790894663.7,0,0.0000,0.0000,0.0000,225
1790894663.7,1,0.0180,0.0020,0.0050,13219
1790894664.7,0,0.0000,0.0000,0.0000,225
1790894664.7,1,0.0090,0.0010,0.0140,13219
1790894665.7,0,0.0000,0.0000,0.0000,225
1790894665.7,1,0.0280,0.0020,0.0250,13219
1790894666.7,0,0.0000,0.0000,0.0000,225
1790894666.7,1,0.0470,0.0040,0.0050,13219
1790894667.7,0,0.0000,0.0000,0.0000,225
1790894667.7,1,0.0090,0.0010,0.0050,13219
1790894668.7,0,0.0000,0.0000,0.0000,225
1790894668.7,1,0.0100,0.0010,0.0050,13219
1790894669.7,0,0.0000,0.0000,0.0000,225
1790894669.7,1,0.0090,0.0010,0.0290,13219
1790894670.7,0,0.0000,0.0000,0.0000,225
1790894670.7,1,0.0560,0.0050,0.0090,13219
1790894671.7,0,0.0000,0.0000,0.0000,225
1790894671.7,1,0.0180,0.0020,0.0090,13219
1790894672.7,0,0.0000,0.0000,0.0000,225
1790894672.7,1,0.0180,0.0020,0.0000,13219
1790894673.7,0,0.0000,0.0000,0.0000,225
1790894673.7,1,0.0000,0.0000,0.0090,13219
1790894674.7,0,0.0000,0.0000,0.0000,225
1790894674.7,1,0.0180,0.0020,0.0050,13219
1790894675.7,0,0.0000,0.0000,0.0000,225
1790894675.7,1,0.0090,0.0010,0.0140,13219
1790894676.7,0,0.0000,0.0000,0.0000,225
1790894676.7,1,0.0270,0.0020,0.0050,13219
1790894677.7,0,0.0000,0.0000,0.0000,225
1790894677.7,1,0.0090,0.0010,0.0090,13219
1790894678.7,0,0.0000,0.0000,0.0000,225
1790894678.7,1,0.0180,0.0020,0.0140,13219
1790894679.7,0,0.0000,0.0000,0.0000,225
1790894679.7,1,0.0280,0.0020,0.0090,13219
1790894680.7,0,0.0000,0.0000,0.0000,225
1790894680.7,1,0.0180,0.0020,0.0190,13219
1790894681.7,0,0.0000,0.0000,0.0000,225
1790894681.7,1,0.0360,0.0030,0.0050,13219
1790894682.7,0,0.0000,0.0000,0.0000,225
1790894682.7,1,0.0080,0.0010,0.0000,13219
1790894683.7,0,0.0000,0.0000,0.0000,225
1790894683.7,1,0.0000,0.0000,0.0000,13219
1790894684.7,0,0.0000,0.0000,0.0000,225
1790894684.7,1,0.0000,0.0000,0.0090,13219
1790894685.7,0,0.0000,0.0000,0.0000,225
1790894685.7,1,0.0180,0.0020,0.0150,13219
1790894686.7,0,0.0000,0.0000,0.0000,225
1790894686.7,1,0.0290,0.0030,0.0230,13219
1790894687.7,0,0.0000,0.0000,0.0000,225
1790894687.7,1,0.0450,0.0040,0.0050,13219
1790894688.7,0,0.0000,0.0000,0.0000,225
1790894688.7,1,0.0090,0.0010,0.0000,13219
1790894689.7,0,0.0000,0.0000,0.0000,225
1790894689.7,1,0.0000,0.0000,0.0000,13219
1790894690.7,0,0.0000,0.0000,0.0000,225
1790894690.7,1,0.0000,0.0000,0.0150,13219
1790894691.7,0,0.0000,0.0000,0.0000,225
1790894691.7,1,0.0290,0.0030,0.0050,13219
1790894692.7,0,0.0000,0.0000,0.0000,225
1790894692.7,1,0.0090,0.0010,0.0140,13219
1790894693.7,0,0.0000,0.0000,0.0000,225
1790894693.7,1,0.0280,0.0020,0.0060,13219
1790894694.7,0,0.0000,0.0000,0.0000,225
1790894694.7,1,0.0120,0.0010,0.0370,13219
1790894695.7,0,0.0000,0.0000,0.0000,225
1790894695.7,1,0.0710,0.0060,0.0140,13219
1790894696.7,0,0.0000,0.0000,0.0000,225
1790894696.7,1,0.0270,0.0020,0.0000,13219
1790894697.7,0,0.0000,0.0000,0.0000,225
1790894697.7,1,0.0000,0.0000,0.0050,13219
1790894698.7,0,0.0000,0.0000,0.0000,225
1790894698.7,1,0.0090,0.0010,0.0000,13219
1790894699.7,0,0.0000,0.0000,0.0000,225
1790894699.7,1,0.0000,0.0000,0.0050,13219
1790894700.7,0,0.0000,0.0000,0.0000,225
1790894700.7,1,0.0090,0.0010,0.0000,13219
1790894701.7,0,0.0000,0.0000,0.0000,225
1790894701.7,1,0.0000,0.0000,0.0090,13219
1790894702.7,0,0.0000,0.0000,0.0000,225
1790894702.7,1,0.0180,0.0020,0.0090,13219
1790894703.7,0,0.0000,0.0000,0.0000,225
1790894703.7,1,0.0180,0.0020,0.0050,13219
1790894704.7,0,0.0000,0.0000,0.0000,225
1790894704.7,1,0.0090,0.0010,0.0000,13219
1790894705.7,0,0.0000,0.0000,0.0000,225
1790894705.7,1,0.0000,0.0000,0.0190,13219
1790894706.7,0,0.0000,0.0000,0.0000,225
1790894706.7,1,0.0370,0.0030,0.0000,13219
1790894707.7,0,0.0000,0.0000,0.0000,225
1790894707.7,1,0.0180,0.0000,0.0090,13219
1790894708.7,0,0.0000,0.0000,0.0000,225
1790894708.7,1,0.0090,0.0020,0.0050,13219
1790894709.7,0,0.0000,0.0000,0.0000,225
1790894709.7,1,0.0090,0.0010,0.0050,13219
1790894710.7,0,0.0000,0.0000,0.0000,225
1790894710.7,1,0.0000,0.0010,0.0000,13219
1790894711.7,0,0.0000,0.0000,0.0000,225
1790894711.7,1,0.0090,0.0000,0.0050,13219
1790894712.7,0,0.0000,0.0000,0.0000,225
1790894712.7,1,0.0180,0.0010,0.0090,13219
1790894713.7,0,0.0000,0.0000,0.0000,225
1790894713.7,1,0.0180,0.0020,0.0090,13219
1790894714.7,0,0.0000,0.0000,0.0000,225
1790894714.7,1,0.0180,0.0020,0.0090,13219
1790894715.7,0,0.0000,0.0000,0.0000,225
1790894715.7,1,0.0090,0.0020,0.0050,13219
1790894716.7,0,0.0000,0.0000,0.0000,225
1790894716.7,1,0.0090,0.0010,0.0050,13219
1790894717.7,0,0.0000,0.0000,0.0000,225
1790894717.7,1,0.0090,0.0010,0.0050,13219
1790894718.7,0,0.0000,0.0000,0.0000,225
1790894718.7,1,0.0090,0.0010,0.0050,13219
1790894719.7,0,0.0000,0.0000,0.0000,225
1790894719.7,1,0.0000,0.0010,0.0000,13219
1790894720.7,0,0.0000,0.0000,0.0000,225
1790894720.7,1,0.0000,0.0000,0.0000,13219
1790894721.7,0,0.0000,0.0000,0.0000,225
1790894721.7,1,0.0180,0.0000,0.0090,13219
1790894722.7,0,0.0000,0.0000,0.0000,225
1790894722.7,1,0.0000,0.0020,0.0000,13219
1790894723.7,0,0.0000,0.0000,0.0000,225
1790894723.7,1,0.0090,0.0000,0.0050,13219
1790894724.7,0,0.0000,0.0000,0.0000,225
1790894724.7,1,0.0090,0.0010,0.0050,13219
1790894725.7,0,0.0000,0.0000,0.0000,225
1790894725.7,1,0.0090,0.0010,0.0050,13219
1790894726.7,0,0.0000,0.0000,0.0000,225
1790894726.7,1,0.0000,0.0010,0.0000,13219
1790894727.7,0,0.0000,0.0000,0.0000,225
1790894727.7,1,0.0000,0.0000,0.0000,13219
1790894728.7,0,0.0000,0.0000,0.0000,225
1790894728.7,1,0.0090,0.0000,0.0050,13219
1790894729.7,0,0.0000,0.0000,0.0000,225
1790894729.7,1,0.0000,0.0010,0.0000,13219
1790894730.7,0,0.0000,0.0000,0.0000,225
1790894730.7,1,0.0090,0.0000,0.0050,13219
1790894731.7,0,0.0000,0.0000,0.0000,225
1790894731.7,1,0.0000,0.0010,0.0000,13219
1790894732.7,0,0.0000,0.0000,0.0000,225
1790894732.7,1,0.0000,0.0000,0.0000,13219
1790894733.7,0,0.0000,0.0000,0.0000,225
1790894733.7,1,0.0000,0.0000,0.0000,13219
1790894734.7,0,0.0000,0.0000,0.0000,225
1790894734.7,1,0.0000,0.0000,0.0000,13219
1790894735.7,0,0.0000,0.0000,0.0000,225
1790894735.7,1,0.0000,0.0000,0.0000,13219
1790894736.7,0,0.0000,0.0000,0.0000,225
1790894736.7,1,0.0000,0.0000,0.0000,13219
1790894737.7,0,0.0000,0.0000,0.0000,225
1790894737.7,1,0.0000,0.0000,0.0000,13219
1790894738.7,0,0.0000,0.0000,0.0000,225
1790894738.7,1,0.0000,0.0000,0.0000,13219
1790894739.7,0,0.0000,0.0000,0.0000,225
1790894739.7,1,0.0000,0.0000,0.0000,13219
1790894740.7,0,0.0000,0.0000,0.0000,225
1790894740.7,1,0.0000,0.0000,0.0000,13219
1790894741.7,0,0.0000,0.0000,0.0000,225
1790894741.7,1,0.0000,0.0000,0.0000,13219
1790894742.7,0,0.0000,0.0000,0.0000,225
1790894742.7,1,0.0000,0.0000,0.0000,13219
1790894743.7,0,0.0000,0.0000,0.0000,225
1790894743.7,1,0.2550,0.0000,0.1610,13219
1790894744.7,0,0.0000,0.0000,0.0000,225
1790894744.7,1,0.5800,0.0230,0.4270,13219
1790894745.7,0,0.0000,0.0000,0.0000,225
1790894745.7,1,0.4750,0.0460,0.3280,13219
1790894746.7,0,0.0000,0.0000,0.0000,225
1790894746.7,1,0.5870,0.0420,0.4270,13219
1790894747.7,0,0.0000,0.0000,0.0000,225
1790894747.7,1,0.5460,0.0550,0.3890,13219
1790894748.7,0,0.0000,0.0000,0.0000,225
1790894748.7,1,0.6960,0.0490,0.5020,13219
1790894749.7,0,0.0000,0.0000,0.0000,225
1790894749.7,1,0.5100,0.0610,0.3690,13219
1790894750.7,0,0.0000,0.0000,0.0000,225
1790894750.7,1,0.5800,0.0430,0.4070,13219
1790894751.7,0,0.0000,0.0000,0.0000,225
1790894751.7,1,0.5650,0.0540,0.4000,13219
1790894752.7,0,0.0000,0.0000,0.0000,225
1790894752.7,1,0.7240,0.0540,0.5160,13219
1790894753.7,0,0.0000,0.0000,0.0000,225
1790894753.7,1,0.8630,0.0700,0.6200,13219
1790894754.7,0,0.0000,0.0000,0.0000,225
1790894754.7,1,0.3970,0.0800,0.2760,13219
1790894755.7,0,0.0000,0.0000,0.0000,225
1790894755.7,1,0.6430,0.0330,0.4480,13219
1790894756.7,0,0.0000,0.0000,0.0000,225
1790894756.7,1,0.5430,0.0590,0.3760,13219
1790894757.7,0,0.0000,0.0000,0.0000,225
1790894757.7,1,0.4700,0.0480,0.3390,13219
1790894758.7,0,0.0000,0.0000,0.0000,225
1790894758.7,1,0.5680,0.0470,0.4090,13219
1790894759.7,0,0.0000,0.0000,0.0000,225
1790894759.7,1,0.7780,0.0500,0.5630,13219
1790894760.7,0,0.0000,0.0000,0.0000,225
1790894760.7,1,0.6180,0.0750,0.4280,13219
1790894761.7,0,0.0000,0.0000,0.0000,225
1790894761.7,1,0.6900,0.0590,0.4910,13219
1790894762.7,0,0.0000,0.0000,0.0000,225
1790894762.7,1,0.7620,0.0650,0.5590,13219
1790894763.7,0,0.0000,0.0000,0.0000,225
1790894763.7,1,0.8150,0.0750,0.5990,13219
1790894764.7,0,0.0000,0.0000,0.0000,225
1790894764.7,1,0.7770,0.0790,0.5700,13219
1790894765.7,0,0.0000,0.0000,0.0000,225
1790894765.7,1,0.5750,0.0710,0.4110,13219
1790894766.7,0,0.0000,0.0000,0.0000,225
1790894766.7,1,0.5750,0.0480,0.4060,13219
1790894767.7,0,0.0000,0.0000,0.0000,225
1790894767.7,1,0.4590,0.0540,0.3160,13219
1790894768.7,0,0.0000,0.0000,0.0000,225
1790894768.7,1,0.6440,0.0420,0.4420,13219
1790894769.7,0,0.0000,0.0000,0.0000,225
1790894769.7,1,0.6100,0.0610,0.4200,13219
1790894770.7,0,0.0000,0.0000,0.0000,225
1790894770.7,1,0.7400,0.0570,0.5310,13219
1790894771.7,0,0.0000,0.0000,0.0000,225
1790894771.7,1,0.5350,0.0770,0.3850,13219
1790894772.7,0,0.0000,0.0000,0.0000,225
1790894772.7,1,0.7470,0.0490,0.5480,13219
1790894773.7,0,0.0000,0.0000,0.0000,225
1790894773.7,1,0.4380,0.0680,0.3000,13219
1790894774.7,0,0.0000,0.0000,0.0000,225
1790894774.7,1,0.5120,0.0380,0.3810,13219
1790894775.7,0,0.0000,0.0000,0.0000,225
1790894775.7,1,0.8190,0.0430,0.6050,13219
1790894776.7,0,0.0000,0.0000,0.0000,225
1790894776.7,1,0.7170,0.0780,0.5050,13219
1790894777.7,0,0.0000,0.0000,0.0000,225
1790894777.7,1,0.8150,0.0680,0.5860,13219
1790894778.7,0,0.0000,0.0000,0.0000,225
1790894778.7,1,0.6870,0.0850,0.5000,13219
1790894779.7,0,0.0000,0.0000,0.0000,225
1790894779.7,1,0.7370,0.0660,0.5380,13219
1790894780.7,0,0.0000,0.0000,0.0000,225
1790894780.7,1,0.1150,0.0710,0.0720,13219
1790894781.7,0,0.0000,0.0000,0.0000,225
1790894781.7,1,0.4260,0.0110,0.3100,13219
1790894782.7,0,0.0000,0.0000,0.0000,225
1790894782.7,1,0.8200,0.0370,0.5940,13219
1790894783.7,0,0.0000,0.0000,0.0000,225
1790894783.7,1,0.4920,0.0810,0.3370,13219
1790894784.7,0,0.0000,0.0000,0.0000,225
1790894784.7,1,0.7680,0.0500,0.5540,13219
1790894785.7,0,0.0000,0.0000,0.0000,225
1790894785.7,1,0.6740,0.0720,0.4750,13219
1790894786.7,0,0.0000,0.0000,0.0000,225
1790894786.7,1,0.7820,0.0610,0.5700,13219
1790894787.7,0,0.0000,0.0000,0.0000,225
1790894787.7,1,0.7030,0.0750,0.5040,13219
1790894788.7,0,0.0000,0.0000,0.0000,225
1790894788.7,1,0.8550,0.0630,0.6310,13219
1790894789.7,0,0.0000,0.0000,0.0000,225
1790894789.7,1,0.7290,0.0800,0.5300,13219
1790894790.7,0,0.0000,0.0000,0.0000,225
1790894790.7,1,0.6390,0.0690,0.4460,13219
1790894791.7,0,0.0000,0.0000,0.0000,225
1790894791.7,1,0.6140,0.0640,0.4260,13219
1790894792.7,0,0.0000,0.0000,0.0000,225
1790894792.7,1,0.5900,0.0570,0.3910,13219
1790894793.7,0,0.0000,0.0000,0.0000,225
1790894793.7,1,0.6210,0.0560,0.4260,13219
1790894794.7,0,0.0000,0.0000,0.0000,225
1790894794.7,1,0.7740,0.0570,0.5610,13219
1790894795.7,0,0.0000,0.0000,0.0000,225
1790894795.7,1,0.7680,0.0690,0.5640,13219
1790894796.7,0,0.0000,0.0000,0.0000,225
1790894796.7,1,0.6110,0.0680,0.4280,13219
1790894797.7,0,0.0000,0.0000,0.0000,225
1790894797.7,1,0.5990,0.0580,0.4140,13219
1790894798.7,0,0.0000,0.0000,0.0000,225
1790894798.7,1,0.3800,0.0540,0.2480,13219
1790894799.7,0,0.0000,0.0000,0.0000,225
1790894799.7,1,0.7320,0.0360,0.5310,13219
1790894800.7,0,0.0000,0.0000,0.0000,225
1790894800.7,1,0.5830,0.0690,0.4100,13219
1790894801.7,0,0.0000,0.0000,0.0000,225
1790894801.7,1,0.6860,0.0590,0.4820,13219
1790894802.7,0,0.0000,0.0000,0.0000,225
1790894802.7,1,0.4600,0.0670,0.3170,13219
1790894803.7,0,0.0000,0.0000,0.0000,225
1790894803.7,1,0.6310,0.0410,0.4590,13219
1790894804.7,0,0.0000,0.0000,0.0000,225
1790894804.7,1,0.4490,0.0550,0.3040,13219
1790894805.7,0,0.0000,0.0000,0.0000,225
1790894805.7,1,0.6650,0.0410,0.4880,13219
1790894806.7,0,0.0000,0.0000,0.0000,225
1790894806.7,1,0.4250,0.0590,0.2930,13219
1790894807.7,0,0.0000,0.0000,0.0000,225
1790894807.7,1,0.7190,0.0380,0.5190,13219
1790894808.7,0,0.0000,0.0000,0.0000,225
1790894808.7,1,0.6830,0.0660,0.4870,13219
1790894809.7,0,0.0000,0.0000,0.0000,225
1790894809.7,1,0.7500,0.0640,0.5460,13221
1790894810.7,0,0.0000,0.0000,0.0000,225
1790894810.7,1,0.7390,0.0690,0.5350,13221
1790894811.7,0,0.0000,0.0000,0.0000,225
1790894811.7,1,0.6710,0.0690,0.4780,13221
1790894812.7,0,0.0000,0.0000,0.0000,225
1790894812.7,1,0.6620,0.0620,0.4520,13221
1790894813.7,0,0.0000,0.0000,0.0000,225
1790894813.7,1,0.4220,0.0650,0.2930,13221
1790894814.7,0,0.0000,0.0000,0.0000,225
1790894814.7,1,0.4630,0.0430,0.3330,13221
1790894815.7,0,0.0000,0.0000,0.0000,225
1790894815.7,1,0.3840,0.0380,0.2560,13221
1790894816.7,0,0.0000,0.0000,0.0000,225
1790894816.7,1,0.6480,0.0350,0.4520,13221
1790894817.7,0,0.0000,0.0000,0.0000,225
1790894817.7,1,0.5850,0.0550,0.3880,13221
1790894818.7,0,0.0000,0.0000,0.0000,225
1790894818.7,1,0.8060,0.0550,0.5890,13221
1790894819.7,0,0.0000,0.0000,0.0000,225
1790894819.7,1,0.8110,0.0780,0.5910,13221
1790894820.7,0,0.0000,0.0000,0.0000,225
1790894820.7,1,0.7240,0.0800,0.5200,13221
1790894821.7,0,0.0000,0.0000,0.0000,225
1790894821.7,1,0.8050,0.0690,0.5970,13221
1790894822.7,0,0.0000,0.0000,0.0000,225
1790894822.7,1,0.6090,0.0730,0.4350,13221
1790894823.7,0,0.0000,0.0000,0.0000,225
1790894823.7,1,0.6730,0.0570,0.4590,13221
1790894824.7,0,0.0000,0.0000,0.0000,225
1790894824.7,1,0.5500,0.0660,0.3690,13221
1790894825.7,0,0.0000,0.0000,0.0000,225
1790894825.7,1,0.5440,0.0490,0.3970,13221
1790894826.7,0,0.0000,0.0000,0.0000,225
1790894826.7,1,0.7570,0.0530,0.5530,13221
1790894827.7,0,0.0000,0.0000,0.0000,225
1790894827.7,1,0.7210,0.0730,0.5010,13221
1790894828.7,0,0.0000,0.0000,0.0000,225
1790894828.7,1,0.6130,0.0680,0.4370,13221
1790894829.7,0,0.0000,0.0000,0.0000,225
1790894829.7,1,0.6350,0.0510,0.4570,13221
1790894830.7,0,0.0000,0.0000,0.0000,225
1790894830.7,1,0.5660,0.0550,0.4000,13221
1790894831.7,0,0.0000,0.0000,0.0000,225
1790894831.7,1,0.3590,0.0470,0.2530,13221
1790894832.7,0,0.0000,0.0000,0.0000,225
1790894832.7,1,0.4450,0.0340,0.2990,13221
1790894833.7,0,0.0000,0.0000,0.0000,225
1790894833.7,1,0.6640,0.0420,0.4660,13221
1790894834.7,0,0.0000,0.0000,0.0000,225
1790894834.7,1,0.4720,0.0610,0.3300,13221
1790894835.7,0,0.0000,0.0000,0.0000,225
1790894835.7,1,0.7670,0.0440,0.5520,13221
1790894836.7,0,0.0000,0.0000,0.0000,225
1790894836.7,1,0.8090,0.0750,0.5760,13221
1790894837.7,0,0.0000,0.0000,0.0000,225
1790894837.7,1,0.7840,0.0830,0.5690,13221
1790894838.7,0,0.0000,0.0000,0.0000,225
1790894838.7,1,0.7540,0.0750,0.5440,13221
1790894839.7,0,0.0000,0.0000,0.0000,225
1790894839.7,1,0.6060,0.0730,0.4280,13221
1790894840.7,0,0.0000,0.0000,0.0000,225
1790894840.7,1,0.4100,0.0530,0.2670,13221
1790894841.7,0,0.0000,0.0000,0.0000,225
1790894841.7,1,0.4030,0.0370,0.2810,13221
1790894842.7,0,0.0000,0.0000,0.0000,225
1790894842.7,1,0.7150,0.0380,0.5130,13221
1790894843.7,0,0.0000,0.0000,0.0000,225
1790894843.7,1,0.6770,0.0690,0.4670,13221
1790894844.7,0,0.0000,0.0000,0.0000,225
1790894844.7,1,0.4820,0.0660,0.3200,13221
1790894845.7,0,0.0000,0.0000,0.0000,225
1790894845.7,1,0.5010,0.0430,0.3470,13221
1790894846.7,0,0.0000,0.0000,0.0000,225
1790894846.7,1,0.5350,0.0480,0.3650,13221
1790894847.7,0,0.0000,0.0000,0.0000,225
1790894847.7,1,0.6870,0.0490,0.4950,13221
1790894848.7,0,0.0000,0.0000,0.0000,225
1790894848.7,1,0.6440,0.0600,0.4530,13221
1790894849.7,0,0.0000,0.0000,0.0000,225
1790894849.7,1,0.6930,0.0600,0.5030,13221
1790894850.7,0,0.0000,0.0000,0.0000,225
1790894850.7,1,0.7360,0.0650,0.5310,13221
1790894851.7,0,0.0000,0.0000,0.0000,225
1790894851.7,1,0.7050,0.0680,0.4820,13221
1790894852.7,0,0.0000,0.0000,0.0000,225
1790894852.7,1,0.6020,0.0680,0.4120,13221
1790894853.7,0,0.0000,0.0000,0.0000,225
1790894853.7,1,0.7480,0.0560,0.5470,13221
1790894854.7,0,0.0000,0.0000,0.0000,225
1790894854.7,1,0.5380,0.0680,0.3940,13221
1790894855.7,0,0.0000,0.0000,0.0000,225
1790894855.7,1,0.4550,0.0480,0.3310,13221
1790894856.7,0,0.0000,0.0000,0.0000,225
1790894856.7,1,0.3720,0.0390,0.2560,13221
1790894857.7,0,0.0000,0.0000,0.0000,225
1790894857.7,1,0.8140,0.0320,0.5920,13221
1790894858.7,0,0.0000,0.0000,0.0000,225
1790894858.7,1,0.6900,0.0740,0.4950,13221
1790894859.7,0,0.0000,0.0000,0.0000,225
1790894859.7,1,0.8210,0.0630,0.6130,13221
1790894860.7,0,0.0000,0.0000,0.0000,225
1790894860.7,1,0.6640,0.0740,0.4700,13221
1790894861.7,0,0.0000,0.0000,0.0000,225
1790894861.7,1,0.8200,0.0680,0.6060,13221
1790894862.7,0,0.0000,0.0000,0.0000,225
1790894862.7,1,0.7790,0.0770,0.5550,13221
1790894863.7,0,0.0000,0.0000,0.0000,225
1790894863.7,1,0.5130,0.0750,0.3490,13221
1790894864.7,0,0.0000,0.0000,0.0000,225
1790894864.7,1,0.5240,0.0440,0.3440,13221
1790894865.7,0,0.0000,0.0000,0.0000,225
1790894865.7,1,0.6280,0.0510,0.4460,13221
1790894866.7,0,0.0000,0.0000,0.0000,225
1790894866.7,1,0.6040,0.0570,0.4320,13221
1790894867.7,0,0.0000,0.0000,0.0000,225
1790894867.7,1,0.7520,0.0600,0.5460,13221
1790894868.7,0,0.0000,0.0000,0.0000,225
1790894868.7,1,0.5040,0.0700,0.3520,13221
1790894869.7,0,0.0000,0.0000,0.0000,225
1790894869.7,1,0.6240,0.0440,0.4210,13221
1790894870.7,0,0.0000,0.0000,0.0000,225
1790894870.7,1,0.6090,0.0620,0.4310,13221
1790894871.7,0,0.0000,0.0000,0.0000,225
1790894871.7,1,0.6650,0.0550,0.4720,13221
1790894872.8,0,0.0000,0.0000,0.0000,225
1790894872.8,1,0.4430,0.0590,0.3240,13221
1790894873.8,0,0.0000,0.0000,0.0000,225
1790894873.8,1,0.7860,0.0390,0.5830,13221
1790894874.8,0,0.0000,0.0000,0.0000,225
1790894874.8,1,0.6840,0.0700,0.4810,13221
1790894875.8,0,0.0000,0.0000,0.0000,225
1790894875.8,1,0.7640,0.0680,0.5610,13221
1790894876.8,0,0.0000,0.0000,0.0000,225
1790894876.8,1,0.7040,0.0710,0.4950,13221
1790894877.8,0,0.0000,0.0000,0.0000,225
1790894877.8,1,0.5640,0.0730,0.4070,13221
1790894878.8,0,0.0000,0.0000,0.0000,225
1790894878.8,1,0.6240,0.0510,0.4580,13221
1790894879.8,0,0.0000,0.0000,0.0000,225
1790894879.8,1,0.6160,0.0550,0.4220,13221
1790894880.8,0,0.0000,0.0000,0.0000,225
1790894880.8,1,0.6730,0.0580,0.4830,13221
1790894881.8,0,0.0000,0.0000,0.0000,225
1790894881.8,1,0.5280,0.0620,0.3660,13221
1790894882.8,0,0.0000,0.0000,0.0000,225
1790894882.8,1,0.7450,0.0440,0.5370,13221
1790894883.8,0,0.0000,0.0000,0.0000,225
1790894883.8,1,0.8160,0.0620,0.6070,13221
1790894884.8,0,0.0000,0.0000,0.0000,225
1790894884.8,1,0.7620,0.0750,0.5480,13221
1790894885.8,0,0.0000,0.0000,0.0000,225
1790894885.8,1,0.6050,0.0730,0.4120,13221
1790894886.8,0,0.0000,0.0000,0.0000,225
1790894886.8,1,0.4840,0.0550,0.3460,13221
1790894887.8,0,0.0000,0.0000,0.0000,225
1790894887.8,1,0.5550,0.0410,0.3790,13221
1790894888.8,0,0.0000,0.0000,0.0000,225
1790894888.8,1,0.3830,0.0500,0.2520,13221
1790894889.8,0,0.0000,0.0000,0.0000,225
1790894889.8,1,0.4180,0.0360,0.2760,13221
1790894890.8,0,0.0000,0.0000,0.0000,225
1790894890.8,1,0.3450,0.0320,0.2160,13221
1790894891.8,0,0.0000,0.0000,0.0000,225
1790894891.8,1,0.4850,0.0410,0.3200,13221
1790894892.8,0,0.0000,0.0000,0.0000,225
1790894892.8,1,0.6010,0.0500,0.4330,13221
1790894893.8,0,0.0000,0.0000,0.0000,225
1790894893.8,1,0.1150,0.0110,0.0720,13221
1790894894.8,0,0.0000,0.0000,0.0000,225
1790894894.8,1,0.0000,0.0000,0.0000,13221
1790894895.8,0,0.0000,0.0000,0.0000,225
1790894895.8,1,0.2360,0.0220,0.1440,13221
1790894896.8,0,0.0000,0.0000,0.0000,225
1790894896.8,1,0.0000,0.0000,0.0000,13221
1790894897.8,0,0.0000,0.0000,0.0000,225
1790894897.8,1,0.0000,0.0000,0.0000,13221
1790894898.8,0,0.0000,0.0000,0.0000,225
1790894898.8,1,0.0000,0.0000,0.0000,13221
1790894899.8,0,0.0000,0.0000,0.0000,225
1790894899.8,1,0.0000,0.0000,0.0000,13221
