ts,role,cores
1790910175.336,other_total,0.386
1790910175.336,avail_mb,58080
1790910175.336,pswpin,1528035
1790910176.346,other_total,0.049
1790910176.346,avail_mb,58081
1790910176.346,pswpin,1528035
1790910177.356,other_total,0.129
1790910177.356,avail_mb,58076
1790910177.356,pswpin,1528035
1790910178.366,other_total,0.238
1790910178.366,avail_mb,58007
1790910178.366,pswpin,1528037
1790910179.377,other_total,0.079
1790910179.377,avail_mb,58012
1790910179.377,pswpin,1528037
1790910180.387,other_total,0.059
1790910180.387,avail_mb,58018
1790910180.387,pswpin,1528041
1790910181.398,other_total,0.030
1790910181.398,avail_mb,58020
1790910181.398,pswpin,1528041
1790910182.408,other_total,0.069
1790910182.408,avail_mb,58004
1790910182.408,pswpin,1528041
1790910183.418,other_total,0.099
1790910183.418,avail_mb,58022
1790910183.418,pswpin,1528041
1790910184.428,other_total,0.049
1790910184.428,avail_mb,58023
1790910184.428,pswpin,1528041
1790910185.437,other_total,1.190
1790910185.437,avail_mb,57634
1790910185.437,pswpin,1528041
1790910186.447,other_total,0.049
1790910186.447,store_0,0.099
1790910186.447,avail_mb,57611
1790910186.447,pswpin,1528041
1790910187.456,other_total,2.220
1790910187.456,store_0,0.000
1790910187.456,avail_mb,56961
1790910187.456,pswpin,1528041
1790910188.465,api,2.171
1790910188.465,other_total,0.030
1790910188.465,store_0,0.000
1790910188.465,avail_mb,56792
1790910188.465,pswpin,1528041
1790910189.474,api,1.983
1790910189.474,other_total,0.040
1790910189.474,store_0,0.000
1790910189.474,avail_mb,56530
1790910189.474,pswpin,1528041
1790910190.482,api,1.378
1790910190.482,other_total,0.069
1790910190.482,store_0,0.000
1790910190.482,avail_mb,56424
1790910190.482,pswpin,1528041
1790910191.491,api,0.773
1790910191.491,other_total,1.071
1790910191.491,store_0,0.000
1790910191.491,avail_mb,55784
1790910191.491,pswpin,1528041
1790910192.500,api,0.000
1790910192.500,other_total,1.943
1790910192.500,store_0,0.000
1790910192.500,avail_mb,55509
1790910192.500,pswpin,1528041
1790910193.509,api,0.000
1790910193.509,other_total,2.370
1790910193.509,store_0,0.000
1790910193.509,avail_mb,55290
1790910193.509,pswpin,1528041
1790910194.517,api,0.000
1790910194.517,other_total,2.023
1790910194.517,store_0,0.000
1790910194.517,avail_mb,55080
1790910194.517,pswpin,1528041
1790910195.526,api,0.000
1790910195.526,enginecore,1.715
1790910195.526,other_total,0.783
1790910195.526,store_0,0.000
1790910195.526,avail_mb,54454
1790910195.526,pswpin,1528041
1790910196.534,api,0.000
1790910196.534,enginecore,1.695
1790910196.534,other_total,1.388
1790910196.534,store_0,0.000
1790910196.534,avail_mb,54449
1790910196.534,pswpin,1528041
1790910197.543,api,0.000
1790910197.543,enginecore,1.715
1790910197.543,other_total,0.327
1790910197.543,store_0,0.000
1790910197.543,avail_mb,53957
1790910197.543,pswpin,1528041
1790910198.552,api,0.000
1790910198.552,enginecore,1.190
1790910198.552,other_total,0.813
1790910198.552,store_0,0.000
1790910198.552,avail_mb,53929
1790910198.552,pswpin,1528041
1790910199.561,api,0.030
1790910199.561,enginecore,1.695
1790910199.561,other_total,0.059
1790910199.561,store_0,0.000
1790910199.561,avail_mb,52249
1790910199.561,pswpin,1528041
1790910200.569,api,0.367
1790910200.569,enginecore,0.634
1790910200.569,other_total,0.406
1790910200.569,store_0,0.000
1790910200.569,avail_mb,52157
1790910200.569,pswpin,1528041
1790910201.580,api,0.000
1790910201.580,enginecore,0.287
1790910201.580,other_total,0.703
1790910201.580,store_0,0.000
1790910201.580,avail_mb,52102
1790910201.580,pswpin,1528041
1790910202.589,api,0.000
1790910202.589,enginecore,1.050
1790910202.589,other_total,0.010
1790910202.589,store_0,0.000
1790910202.589,avail_mb,50891
1790910202.589,pswpin,1528041
1790910203.600,api,0.049
1790910203.600,enginecore,0.426
1790910203.600,other_total,0.109
1790910203.600,store_0,0.000
1790910203.600,avail_mb,50825
1790910203.600,pswpin,1528041
1790910204.610,api,0.396
1790910204.610,enginecore,0.010
1790910204.610,other_total,0.030
1790910204.610,store_0,0.000
1790910204.610,avail_mb,50777
1790910204.610,pswpin,1528045
1790910205.619,api,0.099
1790910205.619,enginecore,0.952
1790910205.619,other_total,0.040
1790910205.619,store_0,0.139
1790910205.619,avail_mb,50027
1790910205.619,pswpin,1528045
1790910206.628,api,0.010
1790910206.628,enginecore,0.972
1790910206.628,other_total,0.030
1790910206.628,store_0,0.139
1790910206.628,avail_mb,49264
1790910206.628,pswpin,1528045
1790910207.637,api,0.020
1790910207.637,enginecore,1.001
1790910207.637,other_total,0.059
1790910207.637,store_0,0.149
1790910207.637,avail_mb,48416
1790910207.637,pswpin,1528058
1790910208.645,api,0.020
1790910208.645,enginecore,0.982
1790910208.645,other_total,0.079
1790910208.645,store_0,0.139
1790910208.645,avail_mb,47554
1790910208.645,pswpin,1528058
1790910209.654,api,0.040
1790910209.654,enginecore,0.188
1790910209.654,other_total,0.387
1790910209.654,store_0,0.050
1790910209.654,avail_mb,50617
1790910209.654,pswpin,1528058
1790910210.663,api,0.000
1790910210.663,enginecore,0.000
1790910210.663,other_total,0.912
1790910210.663,store_0,0.000
1790910210.663,avail_mb,50337
1790910210.663,pswpin,1528058
1790910211.673,api,0.010
1790910211.673,enginecore,0.020
1790910211.673,other_total,0.059
1790910211.673,store_0,0.000
1790910211.673,store_1,0.069
1790910211.673,avail_mb,50329
1790910211.673,pswpin,1528058
1790910212.683,api,0.000
1790910212.683,enginecore,0.010
1790910212.683,other_total,1.654
1790910212.683,store_0,0.000
1790910212.683,store_1,0.000
1790910212.683,avail_mb,49805
1790910212.683,pswpin,1528058
1790910213.692,api,1.971
1790910213.692,enginecore,0.000
1790910213.692,other_total,0.069
1790910213.692,store_0,0.000
1790910213.692,store_1,0.000
1790910213.692,avail_mb,49574
1790910213.692,pswpin,1528066
1790910214.701,api,2.269
1790910214.701,enginecore,0.010
1790910214.701,other_total,0.050
1790910214.701,store_0,0.000
1790910214.701,store_1,0.000
1790910214.701,avail_mb,49330
1790910214.701,pswpin,1528066
1790910215.710,api,1.547
1790910215.710,enginecore,0.000
1790910215.710,other_total,0.030
1790910215.710,store_0,0.000
1790910215.710,store_1,0.000
1790910215.710,avail_mb,49175
1790910215.710,pswpin,1528066
1790910216.719,api,0.882
1790910216.719,enginecore,0.010
1790910216.719,other_total,0.892
1790910216.719,store_0,0.000
1790910216.719,store_1,0.000
1790910216.719,avail_mb,48528
1790910216.719,pswpin,1528066
1790910217.728,api,0.000
1790910217.728,enginecore,0.010
1790910217.728,other_total,1.953
1790910217.728,store_0,0.000
1790910217.728,store_1,0.000
1790910217.728,avail_mb,48236
1790910217.728,pswpin,1528066
1790910218.737,api,0.000
1790910218.737,enginecore,0.010
1790910218.737,other_total,2.378
1790910218.737,store_0,0.000
1790910218.737,store_1,0.000
1790910218.737,avail_mb,48048
1790910218.737,pswpin,1528066
1790910219.746,api,0.010
1790910219.746,enginecore,0.000
1790910219.746,other_total,2.013
1790910219.746,store_0,0.000
1790910219.746,store_1,0.000
1790910219.746,avail_mb,47862
1790910219.746,pswpin,1528066
1790910220.757,api,0.000
1790910220.757,enginecore,1.731
1790910220.757,other_total,0.791
1790910220.757,store_0,0.000
1790910220.757,store_1,0.000
1790910220.757,avail_mb,47196
1790910220.757,pswpin,1528066
1790910221.766,api,0.000
1790910221.766,enginecore,1.764
1790910221.766,other_total,1.407
1790910221.766,store_0,0.000
1790910221.766,store_1,0.000
1790910221.766,avail_mb,46915
1790910221.766,pswpin,1528066
1790910222.775,api,0.000
1790910222.775,enginecore,1.625
1790910222.775,other_total,0.436
1790910222.775,store_0,0.000
1790910222.775,store_1,0.000
1790910222.775,avail_mb,46690
1790910222.775,pswpin,1528066
1790910223.785,api,0.000
1790910223.785,enginecore,1.456
1790910223.785,other_total,0.673
1790910223.785,store_0,0.000
1790910223.785,store_1,0.000
1790910223.785,avail_mb,45634
1790910223.785,pswpin,1528066
1790910224.795,api,0.040
1790910224.795,enginecore,1.396
1790910224.795,other_total,0.079
1790910224.795,store_0,0.000
1790910224.795,store_1,0.000
1790910224.795,avail_mb,45267
1790910224.795,pswpin,1528066
1790910225.804,api,0.357
1790910225.804,enginecore,0.763
1790910225.804,other_total,0.287
1790910225.804,store_0,0.000
1790910225.804,store_1,0.000
1790910225.804,avail_mb,44926
1790910225.804,pswpin,1528066
1790910226.813,api,0.000
1790910226.813,enginecore,0.040
1790910226.813,other_total,0.813
1790910226.813,store_0,0.000
1790910226.813,store_1,0.000
1790910226.813,avail_mb,44936
1790910226.813,pswpin,1528066
1790910227.823,api,0.000
1790910227.823,enginecore,0.030
1790910227.823,other_total,0.010
1790910227.823,store_0,0.000
1790910227.823,store_1,0.000
1790910227.823,avail_mb,44940
1790910227.823,pswpin,1528066
1790910228.834,api,0.000
1790910228.834,enginecore,0.059
1790910228.834,other_total,0.030
1790910228.834,store_0,0.000
1790910228.834,store_1,0.000
1790910228.834,avail_mb,44943
1790910228.834,pswpin,1528066
1790910229.845,api,0.010
1790910229.845,enginecore,0.030
1790910229.845,other_total,0.010
1790910229.845,store_0,0.000
1790910229.845,store_1,0.000
1790910229.845,avail_mb,44956
1790910229.845,pswpin,1528066
1790910230.857,api,0.000
1790910230.857,enginecore,0.662
1790910230.857,other_total,0.020
1790910230.857,store_0,0.000
1790910230.857,store_1,0.000
1790910230.857,avail_mb,43913
1790910230.857,pswpin,1528066
1790910231.868,api,0.020
1790910231.868,enginecore,0.911
1790910231.868,other_total,0.000
1790910231.868,store_0,0.000
1790910231.868,store_1,0.000
1790910231.868,avail_mb,43650
1790910231.868,pswpin,1528066
1790910232.879,api,0.059
1790910232.879,enginecore,0.386
1790910232.879,other_total,0.049
1790910232.879,store_0,0.000
1790910232.879,store_1,0.000
1790910232.879,avail_mb,43628
1790910232.879,pswpin,1528066
1790910233.889,api,0.386
1790910233.889,enginecore,0.030
1790910233.889,other_total,0.040
1790910233.889,store_0,0.000
1790910233.889,store_1,0.000
1790910233.889,avail_mb,43597
1790910233.889,pswpin,1528066
1790910234.899,api,0.089
1790910234.899,enginecore,0.753
1790910234.899,other_total,0.020
1790910234.899,store_0,0.000
1790910234.899,store_1,0.099
1790910234.899,avail_mb,43059
1790910234.899,pswpin,1528066
1790910235.907,api,0.030
1790910235.907,enginecore,1.001
1790910235.907,other_total,0.069
1790910235.907,store_0,0.000
1790910235.907,store_1,0.129
1790910235.907,avail_mb,42199
1790910235.907,pswpin,1528066
1790910236.916,api,0.020
1790910236.916,enginecore,1.021
1790910236.916,other_total,0.010
1790910236.916,store_0,0.000
1790910236.916,store_1,0.149
1790910236.916,avail_mb,41338
1790910236.916,pswpin,1528066
1790910237.925,api,0.020
1790910237.925,enginecore,0.981
1790910237.925,other_total,0.040
1790910237.925,store_0,0.000
1790910237.925,store_1,0.149
1790910237.925,avail_mb,40479
1790910237.925,pswpin,1528066
1790910238.934,api,0.050
1790910238.934,enginecore,0.188
1790910238.934,other_total,0.624
1790910238.934,store_0,0.000
1790910238.934,store_1,0.059
1790910238.934,avail_mb,43274
1790910238.934,pswpin,1528066
1790910239.945,api,0.000
1790910239.945,enginecore,0.030
1790910239.945,other_total,0.673
1790910239.945,store_0,0.000
1790910239.945,store_1,0.000
1790910239.945,avail_mb,43225
1790910239.945,pswpin,1528066
1790910240.955,api,0.000
1790910240.955,client,0.000
1790910240.955,enginecore,0.040
1790910240.955,other_total,0.040
1790910240.955,store_0,0.000
1790910240.955,store_1,0.000
1790910240.955,avail_mb,43224
1790910240.955,pswpin,1528073
1790910241.966,api,0.000
1790910241.966,client,0.000
1790910241.966,enginecore,0.030
1790910241.966,other_total,0.059
1790910241.966,store_0,0.000
1790910241.966,store_1,0.000
1790910241.966,avail_mb,43222
1790910241.966,pswpin,1528073
1790910242.977,api,0.010
1790910242.977,client,0.010
1790910242.977,enginecore,0.059
1790910242.977,other_total,0.020
1790910242.977,store_0,0.000
1790910242.977,store_1,0.000
1790910242.977,avail_mb,43228
1790910242.977,pswpin,1528073
1790910243.987,api,0.000
1790910243.987,client,0.000
1790910243.987,enginecore,0.030
1790910243.987,other_total,0.010
1790910243.987,store_0,0.000
1790910243.987,store_1,0.000
1790910243.987,avail_mb,43237
1790910243.987,pswpin,1528073
1790910244.998,api,0.000
1790910244.998,client,0.000
1790910244.998,enginecore,0.198
1790910244.998,other_total,0.059
1790910244.998,store_0,0.000
1790910244.998,store_1,0.010
1790910244.998,avail_mb,43312
1790910244.998,pswpin,1528073
1790910246.009,api,0.020
1790910246.009,client,0.010
1790910246.009,enginecore,0.069
1790910246.009,other_total,0.000
1790910246.009,store_0,0.000
1790910246.009,store_1,0.000
1790910246.009,avail_mb,43316
1790910246.009,pswpin,1528073
1790910247.020,api,0.010
1790910247.020,client,0.000
1790910247.020,enginecore,0.208
1790910247.020,other_total,0.000
1790910247.020,store_0,0.010
1790910247.020,store_1,0.000
1790910247.020,avail_mb,43319
1790910247.020,pswpin,1528073
1790910248.031,api,0.000
1790910248.031,client,0.000
1790910248.031,enginecore,0.010
1790910248.031,other_total,0.119
1790910248.031,store_0,0.000
1790910248.031,store_1,0.000
1790910248.031,avail_mb,43316
1790910248.031,pswpin,1528257
1790910249.042,api,0.010
1790910249.042,client,0.000
1790910249.042,enginecore,0.485
1790910249.042,other_total,0.010
1790910249.042,store_0,0.000
1790910249.042,store_1,0.040
1790910249.042,avail_mb,43325
1790910249.042,pswpin,1528257
1790910250.053,api,0.020
1790910250.053,client,0.000
1790910250.053,enginecore,0.366
1790910250.053,other_total,0.089
1790910250.053,store_0,0.010
1790910250.053,store_1,0.010
1790910250.053,avail_mb,43331
1790910250.053,pswpin,1528260
1790910251.064,api,0.000
1790910251.064,client,0.010
1790910251.064,enginecore,0.376
1790910251.064,other_total,0.020
1790910251.064,store_0,0.010
1790910251.064,store_1,0.000
1790910251.064,avail_mb,43329
1790910251.064,pswpin,1528260
1790910252.074,api,0.010
1790910252.074,client,0.000
1790910252.074,enginecore,0.198
1790910252.074,other_total,0.040
1790910252.074,store_0,0.000
1790910252.074,store_1,0.010
1790910252.074,avail_mb,43332
1790910252.074,pswpin,1528260
1790910253.085,api,0.000
1790910253.085,client,0.000
1790910253.085,enginecore,0.178
1790910253.085,other_total,0.059
1790910253.085,store_0,0.000
1790910253.085,store_1,0.010
1790910253.085,avail_mb,43331
1790910253.085,pswpin,1528260
1790910254.096,api,0.010
1790910254.096,client,0.000
1790910254.096,enginecore,0.356
1790910254.096,other_total,0.030
1790910254.096,store_0,0.020
1790910254.096,store_1,0.000
1790910254.096,avail_mb,43332
1790910254.096,pswpin,1528260
1790910255.106,api,0.010
1790910255.106,client,0.000
1790910255.106,enginecore,0.188
1790910255.106,other_total,0.049
1790910255.106,store_0,0.000
1790910255.106,store_1,0.010
1790910255.106,avail_mb,43331
1790910255.106,pswpin,1528260
1790910256.117,api,0.010
1790910256.117,client,0.000
1790910256.117,enginecore,0.188
1790910256.117,other_total,0.049
1790910256.117,store_0,0.000
1790910256.117,store_1,0.000
1790910256.117,avail_mb,43328
1790910256.117,pswpin,1528260
1790910257.128,api,0.020
1790910257.128,client,0.000
1790910257.128,enginecore,0.356
1790910257.128,other_total,0.049
1790910257.128,store_0,0.000
1790910257.128,store_1,0.020
1790910257.128,avail_mb,43327
1790910257.128,pswpin,1528260
1790910258.138,api,0.000
1790910258.138,client,0.000
1790910258.138,enginecore,0.030
1790910258.138,other_total,0.040
1790910258.138,store_0,0.000
1790910258.138,store_1,0.000
1790910258.138,avail_mb,43327
1790910258.138,pswpin,1528260
1790910259.149,api,0.010
1790910259.149,client,0.000
1790910259.149,enginecore,0.336
1790910259.149,other_total,0.020
1790910259.149,store_0,0.000
1790910259.149,store_1,0.020
1790910259.149,avail_mb,43332
1790910259.149,pswpin,1528260
1790910260.160,api,0.010
1790910260.160,client,0.010
1790910260.160,enginecore,0.188
1790910260.160,other_total,0.030
1790910260.160,store_0,0.010
1790910260.160,store_1,0.000
1790910260.160,avail_mb,43331
1790910260.160,pswpin,1528260
1790910261.171,api,0.010
1790910261.171,client,0.000
1790910261.171,enginecore,0.346
1790910261.171,other_total,0.030
1790910261.171,store_0,0.000
1790910261.171,store_1,0.020
1790910261.171,avail_mb,43335
1790910261.171,pswpin,1528260
1790910262.181,api,0.000
1790910262.181,client,0.000
1790910262.181,enginecore,0.208
1790910262.181,other_total,0.000
1790910262.181,store_0,0.010
1790910262.181,store_1,0.000
1790910262.181,avail_mb,43336
1790910262.181,pswpin,1528260
1790910263.192,api,0.010
1790910263.192,client,0.000
1790910263.192,enginecore,0.020
1790910263.192,other_total,0.069
1790910263.192,store_0,0.000
1790910263.192,store_1,0.000
1790910263.192,avail_mb,43335
1790910263.192,pswpin,1528260
1790910264.203,api,0.000
1790910264.203,client,0.000
1790910264.203,enginecore,0.198
1790910264.203,other_total,0.059
1790910264.203,store_0,0.010
1790910264.203,store_1,0.000
1790910264.203,avail_mb,43335
1790910264.203,pswpin,1528260
1790910265.217,api,0.010
1790910265.217,client,0.010
1790910265.217,enginecore,0.089
1790910265.217,other_total,0.049
1790910265.217,store_0,0.000
1790910265.217,store_1,0.010
1790910265.217,avail_mb,43333
1790910265.217,pswpin,1528260
1790910266.227,api,0.010
1790910266.227,client,0.000
1790910266.227,enginecore,0.307
1790910266.227,other_total,0.020
1790910266.227,store_0,0.000
1790910266.227,store_1,0.000
1790910266.227,avail_mb,43331
1790910266.227,pswpin,1528260
1790910267.238,api,0.000
1790910267.238,client,0.000
1790910267.238,enginecore,0.030
1790910267.238,other_total,0.030
1790910267.238,store_0,0.000
1790910267.238,store_1,0.000
1790910267.238,avail_mb,43333
1790910267.238,pswpin,1528260
1790910268.249,api,0.020
1790910268.249,client,0.000
1790910268.249,enginecore,0.030
1790910268.249,other_total,0.020
1790910268.249,store_0,0.000
1790910268.249,store_1,0.000
1790910268.249,avail_mb,43332
1790910268.249,pswpin,1528260
1790910269.260,api,0.000
1790910269.260,client,0.000
1790910269.260,enginecore,0.198
1790910269.260,other_total,0.040
1790910269.260,store_0,0.010
1790910269.260,store_1,0.000
1790910269.260,avail_mb,43335
1790910269.260,pswpin,1528260
1790910270.271,api,0.010
1790910270.271,client,0.000
1790910270.271,enginecore,0.030
1790910270.271,other_total,0.030
1790910270.271,store_0,0.000
1790910270.271,store_1,0.000
1790910270.271,avail_mb,43335
1790910270.271,pswpin,1528260
1790910271.283,api,0.000
1790910271.283,client,0.000
1790910271.283,enginecore,0.030
1790910271.283,other_total,0.040
1790910271.283,store_0,0.020
1790910271.283,store_1,0.000
1790910271.283,avail_mb,43334
1790910271.283,pswpin,1528260
1790910272.293,api,0.020
1790910272.293,client,0.000
1790910272.293,enginecore,0.514
1790910272.293,other_total,0.059
1790910272.293,store_0,0.000
1790910272.293,store_1,0.020
1790910272.293,avail_mb,43332
1790910272.293,pswpin,1528260
1790910273.304,api,0.010
1790910273.304,client,0.000
1790910273.304,enginecore,0.188
1790910273.304,other_total,0.010
1790910273.304,store_0,0.010
1790910273.304,store_1,0.000
1790910273.304,avail_mb,43332
1790910273.304,pswpin,1528260
1790910274.315,api,0.000
1790910274.315,client,0.000
1790910274.315,enginecore,0.198
1790910274.315,other_total,0.049
1790910274.315,store_0,0.000
1790910274.315,store_1,0.010
1790910274.315,avail_mb,43332
1790910274.315,pswpin,1528260
1790910275.326,api,0.000
1790910275.326,client,0.000
1790910275.326,enginecore,0.020
1790910275.326,other_total,0.040
1790910275.326,store_0,0.000
1790910275.326,store_1,0.000
1790910275.326,avail_mb,43328
1790910275.326,pswpin,1528260
1790910276.336,api,0.000
1790910276.336,client,0.000
1790910276.336,enginecore,0.040
1790910276.336,other_total,0.049
1790910276.336,store_0,0.000
1790910276.336,store_1,0.000
1790910276.336,avail_mb,43328
1790910276.336,pswpin,1528260
1790910277.347,api,0.010
1790910277.347,client,0.010
1790910277.347,enginecore,0.208
1790910277.347,other_total,0.030
1790910277.347,store_0,0.010
1790910277.347,store_1,0.000
1790910277.347,avail_mb,43333
1790910277.347,pswpin,1528260
1790910278.357,api,0.010
1790910278.357,client,0.000
1790910278.357,enginecore,0.346
1790910278.357,other_total,0.030
1790910278.357,store_0,0.010
1790910278.357,store_1,0.020
1790910278.357,avail_mb,43333
1790910278.357,pswpin,1528260
1790910279.368,api,0.020
1790910279.368,client,0.010
1790910279.368,enginecore,0.821
1790910279.368,other_total,0.020
1790910279.368,store_0,0.020
1790910279.368,store_1,0.030
1790910279.368,avail_mb,43335
1790910279.368,pswpin,1528260
1790910280.379,api,0.000
1790910280.379,client,0.000
1790910280.379,enginecore,0.089
1790910280.379,other_total,0.040
1790910280.379,store_0,0.000
1790910280.379,store_1,0.000
1790910280.379,avail_mb,43332
1790910280.379,pswpin,1528260
1790910281.391,api,0.020
1790910281.391,client,0.000
1790910281.391,enginecore,0.040
1790910281.391,other_total,0.030
1790910281.391,store_0,0.000
1790910281.391,store_1,0.010
1790910281.391,avail_mb,43330
1790910281.391,pswpin,1528260
1790910282.402,api,0.000
1790910282.402,client,0.000
1790910282.402,enginecore,0.168
1790910282.402,other_total,0.020
1790910282.402,store_0,0.000
1790910282.402,store_1,0.000
1790910282.402,avail_mb,43329
1790910282.402,pswpin,1528260
1790910283.413,api,0.000
1790910283.413,client,0.000
1790910283.413,enginecore,0.040
1790910283.413,other_total,0.020
1790910283.413,store_0,0.000
1790910283.413,store_1,0.000
1790910283.413,avail_mb,43329
1790910283.413,pswpin,1528260
1790910284.424,api,0.000
1790910284.424,client,0.000
1790910284.424,enginecore,0.376
1790910284.424,other_total,0.059
1790910284.424,store_0,0.010
1790910284.424,store_1,0.010
1790910284.424,avail_mb,43331
1790910284.424,pswpin,1528260
1790910285.434,api,0.020
1790910285.434,client,0.000
1790910285.434,enginecore,0.554
1790910285.434,other_total,0.049
1790910285.434,store_0,0.010
1790910285.434,store_1,0.020
1790910285.434,avail_mb,43328
1790910285.434,pswpin,1528260
1790910286.445,api,0.000
1790910286.445,client,0.000
1790910286.445,enginecore,0.198
1790910286.445,other_total,0.040
1790910286.445,store_0,0.010
1790910286.445,store_1,0.000
1790910286.445,avail_mb,43330
1790910286.445,pswpin,1528261
1790910287.456,api,0.010
1790910287.456,client,0.000
1790910287.456,enginecore,0.030
1790910287.456,other_total,0.030
1790910287.456,store_0,0.000
1790910287.456,store_1,0.000
1790910287.456,avail_mb,43328
1790910287.456,pswpin,1528262
1790910288.467,api,0.010
1790910288.467,client,0.000
1790910288.467,enginecore,0.356
1790910288.467,other_total,0.030
1790910288.467,store_0,0.000
1790910288.467,store_1,0.010
1790910288.467,avail_mb,43336
1790910288.467,pswpin,1528262
1790910289.478,api,0.020
1790910289.478,client,0.010
1790910289.478,enginecore,1.098
1790910289.478,other_total,0.010
1790910289.478,store_0,0.040
1790910289.478,store_1,0.020
1790910289.478,avail_mb,43344
1790910289.478,pswpin,1528262
1790910290.489,api,0.010
1790910290.489,client,0.000
1790910290.489,enginecore,0.346
1790910290.489,other_total,0.059
1790910290.489,store_0,0.020
1790910290.489,store_1,0.000
1790910290.489,avail_mb,43335
1790910290.489,pswpin,1528262
1790910291.501,api,0.010
1790910291.501,client,0.000
1790910291.501,enginecore,0.030
1790910291.501,other_total,0.030
1790910291.501,store_0,0.000
1790910291.501,store_1,0.000
1790910291.501,avail_mb,43334
1790910291.501,pswpin,1528262
1790910292.512,api,0.000
1790910292.512,client,0.000
1790910292.512,enginecore,0.040
1790910292.512,other_total,0.040
1790910292.512,store_0,0.000
1790910292.512,store_1,0.000
1790910292.512,avail_mb,43334
1790910292.512,pswpin,1528262
1790910293.523,api,0.010
1790910293.523,client,0.010
1790910293.523,enginecore,0.346
1790910293.523,other_total,0.099
1790910293.523,store_0,0.010
1790910293.523,store_1,0.010
1790910293.523,avail_mb,43331
1790910293.523,pswpin,1528262
1790910294.534,api,0.010
1790910294.534,client,0.000
1790910294.534,enginecore,0.326
1790910294.534,other_total,0.030
1790910294.534,store_0,0.020
1790910294.534,store_1,0.010
1790910294.534,avail_mb,43328
1790910294.534,pswpin,1528262
1790910295.547,api,0.010
1790910295.547,client,0.000
1790910295.547,enginecore,0.405
1790910295.547,other_total,0.020
1790910295.547,store_0,0.010
1790910295.547,store_1,0.010
1790910295.547,avail_mb,43326
1790910295.547,pswpin,1528262
1790910296.559,api,0.000
1790910296.559,client,0.000
1790910296.559,enginecore,0.188
1790910296.559,other_total,0.069
1790910296.559,store_0,0.000
1790910296.559,store_1,0.000
1790910296.559,avail_mb,43322
1790910296.559,pswpin,1528262
1790910297.569,api,0.010
1790910297.569,client,0.010
1790910297.569,enginecore,0.188
1790910297.569,other_total,0.030
1790910297.569,store_0,0.010
1790910297.569,store_1,0.000
1790910297.569,avail_mb,43324
1790910297.569,pswpin,1528262
1790910298.580,api,0.030
1790910298.580,client,0.000
1790910298.580,enginecore,0.891
1790910298.580,other_total,0.040
1790910298.580,store_0,0.030
1790910298.580,store_1,0.030
1790910298.580,avail_mb,43327
1790910298.580,pswpin,1528262
1790910299.591,api,0.020
1790910299.591,client,0.000
1790910299.591,enginecore,0.366
1790910299.591,other_total,0.049
1790910299.591,store_0,0.010
1790910299.591,store_1,0.010
1790910299.591,avail_mb,43321
1790910299.591,pswpin,1528262
1790910300.601,api,0.000
1790910300.601,client,0.000
1790910300.601,enginecore,0.188
1790910300.601,other_total,0.040
1790910300.601,store_0,0.010
1790910300.601,store_1,0.000
1790910300.601,avail_mb,43320
1790910300.601,pswpin,1528269
1790910301.612,api,0.000
1790910301.612,client,0.000
1790910301.612,enginecore,0.030
1790910301.612,other_total,0.010
1790910301.612,store_0,0.000
1790910301.612,store_1,0.000
1790910301.612,avail_mb,43320
1790910301.612,pswpin,1528269
1790910302.623,api,0.010
1790910302.623,client,0.000
1790910302.623,enginecore,0.030
1790910302.623,other_total,0.049
1790910302.623,store_0,0.000
1790910302.623,store_1,0.000
1790910302.623,avail_mb,43316
1790910302.623,pswpin,1528269
1790910303.634,api,0.010
1790910303.634,client,0.000
1790910303.634,enginecore,0.188
1790910303.634,other_total,0.089
1790910303.634,store_0,0.000
1790910303.634,store_1,0.010
1790910303.634,avail_mb,43321
1790910303.634,pswpin,1528269
1790910304.645,api,0.000
1790910304.645,client,0.000
1790910304.645,enginecore,0.030
1790910304.645,other_total,0.049
1790910304.645,store_0,0.000
1790910304.645,store_1,0.000
1790910304.645,avail_mb,43321
1790910304.645,pswpin,1528269
1790910305.657,api,0.010
1790910305.657,client,0.010
1790910305.657,enginecore,0.642
1790910305.657,other_total,0.059
1790910305.657,store_0,0.000
1790910305.657,store_1,0.040
1790910305.657,avail_mb,43317
1790910305.657,pswpin,1528270
1790910306.668,api,0.010
1790910306.668,client,0.000
1790910306.668,enginecore,0.247
1790910306.668,other_total,0.010
1790910306.668,store_0,0.000
1790910306.668,store_1,0.010
1790910306.668,avail_mb,43317
1790910306.668,pswpin,1528270
1790910307.678,api,0.000
1790910307.678,client,0.000
1790910307.678,enginecore,0.030
1790910307.678,other_total,0.049
1790910307.678,store_0,0.000
1790910307.678,store_1,0.000
1790910307.678,avail_mb,43318
1790910307.678,pswpin,1528270
1790910308.689,api,0.000
1790910308.689,client,0.000
1790910308.689,enginecore,0.020
1790910308.689,other_total,0.040
1790910308.689,store_0,0.000
1790910308.689,store_1,0.000
1790910308.689,avail_mb,43313
1790910308.689,pswpin,1528270
1790910309.700,api,0.010
1790910309.700,client,0.000
1790910309.700,enginecore,0.356
1790910309.700,other_total,0.049
1790910309.700,store_0,0.010
1790910309.700,store_1,0.000
1790910309.700,avail_mb,43318
1790910309.700,pswpin,1528270
1790910310.711,api,0.000
1790910310.711,client,0.000
1790910310.711,enginecore,0.020
1790910310.711,other_total,0.069
1790910310.711,store_0,0.000
1790910310.711,store_1,0.000
1790910310.711,avail_mb,43316
1790910310.711,pswpin,1528270
1790910311.721,api,0.020
1790910311.721,client,0.020
1790910311.721,enginecore,0.356
1790910311.721,other_total,0.000
1790910311.721,store_0,0.010
1790910311.721,store_1,0.010
1790910311.721,avail_mb,43309
1790910311.721,pswpin,1528270
1790910312.732,api,0.000
1790910312.732,client,0.000
1790910312.732,enginecore,0.178
1790910312.732,other_total,0.030
1790910312.732,store_0,0.000
1790910312.732,store_1,0.010
1790910312.732,avail_mb,43309
1790910312.732,pswpin,1528270
1790910313.743,api,0.010
1790910313.743,client,0.000
1790910313.743,enginecore,0.514
1790910313.743,other_total,0.010
1790910313.743,store_0,0.040
1790910313.743,store_1,0.000
1790910313.743,avail_mb,43322
1790910313.743,pswpin,1528270
1790910314.754,api,0.020
1790910314.754,client,0.000
1790910314.754,enginecore,0.544
1790910314.754,other_total,0.119
1790910314.754,store_0,0.020
1790910314.754,store_1,0.000
1790910314.754,avail_mb,43371
1790910314.754,pswpin,1528271
1790910315.765,api,0.000
1790910315.765,client,0.000
1790910315.765,enginecore,0.030
1790910315.765,other_total,0.020
1790910315.765,store_0,0.000
1790910315.765,store_1,0.000
1790910315.765,avail_mb,43371
1790910315.765,pswpin,1528271
1790910316.776,api,0.000
1790910316.776,client,0.000
1790910316.776,enginecore,0.040
1790910316.776,other_total,0.010
1790910316.776,store_0,0.000
1790910316.776,store_1,0.000
1790910316.776,avail_mb,43369
1790910316.776,pswpin,1528271
1790910317.787,api,0.010
1790910317.787,client,0.000
1790910317.787,enginecore,0.030
1790910317.787,other_total,0.049
1790910317.787,store_0,0.000
1790910317.787,store_1,0.000
1790910317.787,avail_mb,43368
1790910317.787,pswpin,1528271
1790910318.797,api,0.000
1790910318.797,client,0.000
1790910318.797,enginecore,0.020
1790910318.797,other_total,0.059
1790910318.797,store_0,0.000
1790910318.797,store_1,0.000
1790910318.797,avail_mb,43368
1790910318.797,pswpin,1528271
1790910319.808,api,0.010
1790910319.808,client,0.000
1790910319.808,enginecore,0.030
1790910319.808,other_total,0.010
1790910319.808,store_0,0.000
1790910319.808,store_1,0.000
1790910319.808,avail_mb,43368
1790910319.808,pswpin,1528271
1790910320.819,api,0.010
1790910320.819,client,0.000
1790910320.819,enginecore,0.188
1790910320.819,other_total,0.069
1790910320.819,store_0,0.010
1790910320.819,store_1,0.000
1790910320.819,avail_mb,43376
1790910320.819,pswpin,1528271
1790910321.829,api,0.010
1790910321.829,client,0.010
1790910321.829,enginecore,0.188
1790910321.829,other_total,0.020
1790910321.829,store_0,0.010
1790910321.829,store_1,0.000
1790910321.829,avail_mb,43377
1790910321.829,pswpin,1528271
1790910322.840,api,0.000
1790910322.840,client,0.000
1790910322.840,enginecore,0.049
1790910322.840,other_total,0.020
1790910322.840,store_0,0.000
1790910322.840,store_1,0.000
1790910322.840,avail_mb,43377
1790910322.840,pswpin,1528271
1790910323.851,api,0.000
1790910323.851,client,0.000
1790910323.851,enginecore,0.020
1790910323.851,other_total,0.119
1790910323.851,store_0,0.000
1790910323.851,store_1,0.000
1790910323.851,avail_mb,43380
1790910323.851,pswpin,1528277
1790910324.862,api,0.000
1790910324.862,client,0.000
1790910324.862,enginecore,0.198
1790910324.862,other_total,0.069
1790910324.862,store_0,0.010
1790910324.862,store_1,0.000
1790910324.862,avail_mb,43381
1790910324.862,pswpin,1528277
1790910325.872,api,0.000
1790910325.872,client,0.000
1790910325.872,enginecore,0.020
1790910325.872,other_total,0.030
1790910325.872,store_0,0.000
1790910325.872,store_1,0.000
1790910325.872,avail_mb,43379
1790910325.872,pswpin,1528277
1790910326.884,api,0.010
1790910326.884,client,0.000
1790910326.884,enginecore,0.020
1790910326.884,other_total,0.079
1790910326.884,store_0,0.000
1790910326.884,store_1,0.000
1790910326.884,avail_mb,43379
1790910326.884,pswpin,1528277
1790910327.896,api,0.000
1790910327.896,enginecore,0.198
1790910327.896,other_total,0.099
1790910327.896,store_0,0.010
1790910327.896,store_1,0.000
1790910327.896,avail_mb,43438
1790910327.896,pswpin,1528309
1790910328.906,api,0.010
1790910328.906,enginecore,0.030
1790910328.906,other_total,0.020
1790910328.906,store_0,0.000
1790910328.906,store_1,0.000
1790910328.906,avail_mb,43437
1790910328.906,pswpin,1528309
1790910329.917,api,0.010
1790910329.917,enginecore,0.030
1790910329.917,other_total,0.712
1790910329.917,store_0,0.000
1790910329.917,store_1,0.000
1790910329.917,avail_mb,43320
1790910329.917,pswpin,1528309
1790910330.928,api,0.000
1790910330.928,client,0.000
1790910330.928,enginecore,0.030
1790910330.928,other_total,0.010
1790910330.928,store_0,0.000
1790910330.928,store_1,0.000
1790910330.928,avail_mb,43320
1790910330.928,pswpin,1528309
1790910331.939,api,0.000
1790910331.939,client,0.000
1790910331.939,enginecore,0.040
1790910331.939,other_total,0.059
1790910331.939,store_0,0.000
1790910331.939,store_1,0.000
1790910331.939,avail_mb,43320
1790910331.939,pswpin,1528309
1790910332.950,api,0.020
1790910332.950,client,0.010
1790910332.950,enginecore,0.326
1790910332.950,other_total,0.040
1790910332.950,store_0,0.010
1790910332.950,store_1,0.000
1790910332.950,avail_mb,43328
1790910332.950,pswpin,1528309
1790910333.959,api,0.059
1790910333.959,client,0.030
1790910333.959,enginecore,2.002
1790910333.959,other_total,0.010
1790910333.959,store_0,0.030
1790910333.959,store_1,0.020
1790910333.959,avail_mb,43332
1790910333.959,pswpin,1528309
1790910334.968,api,0.010
1790910334.968,client,0.000
1790910334.968,enginecore,0.525
1790910334.968,other_total,0.040
1790910334.968,store_0,0.030
1790910334.968,store_1,0.000
1790910334.968,avail_mb,43331
1790910334.968,pswpin,1528309
1790910335.977,api,0.050
1790910335.977,client,0.010
1790910335.977,enginecore,1.289
1790910335.977,other_total,0.040
1790910335.977,store_0,0.020
1790910335.977,store_1,0.000
1790910335.977,avail_mb,43326
1790910335.977,pswpin,1528309
1790910336.986,api,0.030
1790910336.986,client,0.010
1790910336.986,enginecore,0.942
1790910336.986,other_total,0.040
1790910336.986,store_0,0.020
1790910336.986,store_1,0.000
1790910336.986,avail_mb,43326
1790910336.986,pswpin,1528309
1790910337.994,api,0.059
1790910337.994,client,0.020
1790910337.994,enginecore,1.656
1790910337.994,other_total,0.000
1790910337.994,store_0,0.030
1790910337.994,store_1,0.020
1790910337.994,avail_mb,43328
1790910337.994,pswpin,1528309
1790910339.003,api,0.059
1790910339.003,client,0.020
1790910339.003,enginecore,1.438
1790910339.003,other_total,0.010
1790910339.003,store_0,0.030
1790910339.003,store_1,0.000
1790910339.003,avail_mb,43325
1790910339.003,pswpin,1528309
1790910340.011,api,0.040
1790910340.011,client,0.000
1790910340.011,enginecore,1.032
1790910340.011,other_total,0.030
1790910340.011,store_0,0.000
1790910340.011,store_1,0.020
1790910340.011,avail_mb,43323
1790910340.011,pswpin,1528309
1790910341.020,api,0.040
1790910341.020,client,0.020
1790910341.020,enginecore,1.239
1790910341.020,other_total,0.059
1790910341.020,store_0,0.020
1790910341.020,store_1,0.000
1790910341.020,avail_mb,43323
1790910341.020,pswpin,1528309
1790910342.030,api,0.040
1790910342.030,client,0.000
1790910342.030,enginecore,1.090
1790910342.030,other_total,0.050
1790910342.030,store_0,0.020
1790910342.030,store_1,0.010
1790910342.030,avail_mb,43323
1790910342.030,pswpin,1528309
1790910343.039,api,0.099
1790910343.039,client,0.040
1790910343.039,enginecore,2.765
1790910343.039,other_total,0.000
1790910343.039,store_0,0.010
1790910343.039,store_1,0.030
1790910343.039,avail_mb,43323
1790910343.039,pswpin,1528309
1790910344.047,api,0.020
1790910344.047,client,0.000
1790910344.047,enginecore,0.397
1790910344.047,other_total,0.020
1790910344.047,store_0,0.000
1790910344.047,store_1,0.000
1790910344.047,avail_mb,43322
1790910344.047,pswpin,1528309
1790910345.055,api,0.030
1790910345.055,client,0.010
1790910345.055,enginecore,0.883
1790910345.055,other_total,0.050
1790910345.055,store_0,0.030
1790910345.055,store_1,0.000
1790910345.055,avail_mb,43319
1790910345.055,pswpin,1528309
1790910346.064,api,0.059
1790910346.064,client,0.010
1790910346.064,enginecore,1.299
1790910346.064,other_total,0.020
1790910346.064,store_0,0.040
1790910346.064,store_1,0.000
1790910346.064,avail_mb,43317
1790910346.064,pswpin,1528309
1790910347.073,api,0.040
1790910347.073,client,0.010
1790910347.073,enginecore,1.566
1790910347.073,other_total,0.020
1790910347.073,store_0,0.010
1790910347.073,store_1,0.010
1790910347.073,avail_mb,43316
1790910347.073,pswpin,1528309
1790910348.083,api,0.069
1790910348.083,client,0.030
1790910348.083,enginecore,1.991
1790910348.083,other_total,0.000
1790910348.083,store_0,0.020
1790910348.083,store_1,0.020
1790910348.083,avail_mb,43315
1790910348.083,pswpin,1528309
1790910349.092,api,0.069
1790910349.092,client,0.010
1790910349.092,enginecore,1.962
1790910349.092,other_total,0.059
1790910349.092,store_0,0.000
1790910349.092,store_1,0.020
1790910349.092,avail_mb,43315
1790910349.092,pswpin,1528309
1790910350.100,api,0.050
1790910350.100,client,0.030
1790910350.100,enginecore,0.813
1790910350.100,other_total,0.000
1790910350.100,store_0,0.000
1790910350.100,store_1,0.010
1790910350.100,avail_mb,43314
1790910350.100,pswpin,1528309
1790910351.109,api,0.040
1790910351.109,client,0.020
1790910351.109,enginecore,1.369
1790910351.109,other_total,0.040
1790910351.109,store_0,0.010
1790910351.109,store_1,0.010
1790910351.109,avail_mb,43311
1790910351.109,pswpin,1528309
1790910352.118,api,0.079
1790910352.118,client,0.030
1790910352.118,enginecore,2.704
1790910352.118,other_total,0.040
1790910352.118,store_0,0.020
1790910352.118,store_1,0.020
1790910352.118,avail_mb,43313
1790910352.118,pswpin,1528309
1790910353.127,api,0.099
1790910353.127,client,0.010
1790910353.127,enginecore,2.419
1790910353.127,other_total,0.000
1790910353.127,store_0,0.030
1790910353.127,store_1,0.010
1790910353.127,avail_mb,43310
1790910353.127,pswpin,1528309
1790910354.136,api,0.030
1790910354.136,client,0.030
1790910354.136,enginecore,1.159
1790910354.136,other_total,0.010
1790910354.136,store_0,0.000
1790910354.136,store_1,0.010
1790910354.136,avail_mb,43305
1790910354.136,pswpin,1528310
1790910355.144,api,0.040
1790910355.144,client,0.000
1790910355.144,enginecore,1.269
1790910355.144,other_total,0.020
1790910355.144,store_0,0.000
1790910355.144,store_1,0.020
1790910355.144,avail_mb,43310
1790910355.144,pswpin,1528310
1790910356.153,api,0.030
1790910356.153,client,0.010
1790910356.153,enginecore,0.744
1790910356.153,other_total,0.069
1790910356.153,store_0,0.000
1790910356.153,store_1,0.020
1790910356.153,avail_mb,43309
1790910356.153,pswpin,1528310
1790910357.161,api,0.010
1790910357.161,client,0.000
1790910357.161,enginecore,0.535
1790910357.161,other_total,0.050
1790910357.161,store_0,0.030
1790910357.161,store_1,0.000
1790910357.161,avail_mb,43309
1790910357.161,pswpin,1528310
1790910358.170,api,0.059
1790910358.170,client,0.030
1790910358.170,enginecore,1.567
1790910358.170,other_total,0.000
1790910358.170,store_0,0.010
1790910358.170,store_1,0.030
1790910358.170,avail_mb,43309
1790910358.170,pswpin,1528310
1790910359.179,api,0.050
1790910359.179,client,0.010
1790910359.179,enginecore,1.527
1790910359.179,other_total,0.000
1790910359.179,store_0,0.020
1790910359.179,store_1,0.010
1790910359.179,avail_mb,43307
1790910359.179,pswpin,1528310
1790910360.187,api,0.050
1790910360.187,client,0.010
1790910360.187,enginecore,1.586
1790910360.187,other_total,0.050
1790910360.187,store_0,0.010
1790910360.187,store_1,0.010
1790910360.187,avail_mb,43301
1790910360.187,pswpin,1528315
1790910361.196,api,0.059
1790910361.196,client,0.030
1790910361.196,enginecore,1.666
1790910361.196,other_total,0.000
1790910361.196,store_0,0.010
1790910361.196,store_1,0.020
1790910361.196,avail_mb,43302
1790910361.196,pswpin,1528315
1790910362.205,api,0.050
1790910362.205,client,0.000
1790910362.205,enginecore,1.169
1790910362.205,other_total,0.040
1790910362.205,store_0,0.000
1790910362.205,store_1,0.000
1790910362.205,avail_mb,43300
1790910362.205,pswpin,1528315
1790910363.214,api,0.030
1790910363.214,client,0.020
1790910363.214,enginecore,0.981
1790910363.214,other_total,0.000
1790910363.214,store_0,0.020
1790910363.214,store_1,0.000
1790910363.214,avail_mb,43297
1790910363.214,pswpin,1528315
1790910364.223,api,0.040
1790910364.223,client,0.010
1790910364.223,enginecore,1.160
1790910364.223,other_total,0.000
1790910364.223,store_0,0.020
1790910364.223,store_1,0.010
1790910364.223,avail_mb,43296
1790910364.223,pswpin,1528315
1790910365.233,api,0.059
1790910365.233,client,0.020
1790910365.233,enginecore,2.039
1790910365.233,other_total,0.000
1790910365.233,store_0,0.030
1790910365.233,store_1,0.010
1790910365.233,avail_mb,43295
1790910365.233,pswpin,1528315
1790910366.242,api,0.040
1790910366.242,client,0.020
1790910366.242,enginecore,1.318
1790910366.242,other_total,0.050
1790910366.242,store_0,0.000
1790910366.242,store_1,0.020
1790910366.242,avail_mb,43291
1790910366.242,pswpin,1528374
1790910367.251,api,0.059
1790910367.251,client,0.010
1790910367.251,enginecore,1.675
1790910367.251,other_total,0.000
1790910367.251,store_0,0.020
1790910367.251,store_1,0.010
1790910367.251,avail_mb,43290
1790910367.251,pswpin,1528374
1790910368.261,api,0.049
1790910368.261,client,0.020
1790910368.261,enginecore,1.129
1790910368.261,other_total,0.020
1790910368.261,store_0,0.000
1790910368.261,store_1,0.020
1790910368.261,avail_mb,43289
1790910368.261,pswpin,1528374
1790910369.270,api,0.030
1790910369.270,client,0.020
1790910369.270,enginecore,1.219
1790910369.270,other_total,0.327
1790910369.270,store_0,0.000
1790910369.270,store_1,0.010
1790910369.270,avail_mb,43248
1790910369.270,pswpin,1528443
1790910370.278,api,0.020
1790910370.278,client,0.000
1790910370.278,enginecore,0.288
1790910370.278,other_total,0.040
1790910370.278,store_0,0.000
1790910370.278,store_1,0.000
1790910370.278,avail_mb,43248
1790910370.278,pswpin,1528447
1790910371.287,api,0.059
1790910371.287,client,0.010
1790910371.287,enginecore,1.755
1790910371.287,other_total,0.059
1790910371.287,store_0,0.040
1790910371.287,store_1,0.010
1790910371.287,avail_mb,43272
1790910371.287,pswpin,1528447
1790910372.296,api,0.040
1790910372.296,client,0.000
1790910372.296,enginecore,0.823
1790910372.296,other_total,0.030
1790910372.296,store_0,0.010
1790910372.296,store_1,0.000
1790910372.296,avail_mb,43267
1790910372.296,pswpin,1528447
1790910373.304,api,0.050
1790910373.304,client,0.020
1790910373.304,enginecore,1.299
1790910373.304,other_total,0.000
1790910373.304,store_0,0.000
1790910373.304,store_1,0.020
1790910373.304,avail_mb,43268
1790910373.304,pswpin,1528447
1790910374.313,api,0.050
1790910374.313,client,0.020
1790910374.313,enginecore,1.269
1790910374.313,other_total,0.000
1790910374.313,store_0,0.030
1790910374.313,store_1,0.020
1790910374.313,avail_mb,43267
1790910374.313,pswpin,1528447
1790910375.321,api,0.040
1790910375.321,client,0.010
1790910375.321,enginecore,0.823
1790910375.321,other_total,0.000
1790910375.321,store_0,0.000
1790910375.321,store_1,0.030
1790910375.321,avail_mb,43264
1790910375.321,pswpin,1528447
1790910376.330,api,0.059
1790910376.330,client,0.010
1790910376.330,enginecore,1.914
1790910376.330,other_total,0.050
1790910376.330,store_0,0.030
1790910376.330,store_1,0.000
1790910376.330,avail_mb,43263
1790910376.330,pswpin,1528447
1790910377.339,api,0.069
1790910377.339,client,0.020
1790910377.339,enginecore,1.745
1790910377.339,other_total,0.000
1790910377.339,store_0,0.010
1790910377.339,store_1,0.010
1790910377.339,avail_mb,43259
1790910377.339,pswpin,1528447
1790910378.348,api,0.069
1790910378.348,client,0.040
1790910378.348,enginecore,2.021
1790910378.348,other_total,0.000
1790910378.348,store_0,0.010
1790910378.348,store_1,0.040
1790910378.348,avail_mb,43255
1790910378.348,pswpin,1528447
1790910379.357,api,0.059
1790910379.357,client,0.020
1790910379.357,enginecore,2.081
1790910379.357,other_total,0.000
1790910379.357,store_0,0.030
1790910379.357,store_1,0.000
1790910379.357,avail_mb,43255
1790910379.357,pswpin,1528447
1790910380.366,api,0.059
1790910380.366,client,0.000
1790910380.366,enginecore,0.962
1790910380.366,other_total,0.000
1790910380.366,store_0,0.010
1790910380.366,store_1,0.010
1790910380.366,avail_mb,43256
1790910380.366,pswpin,1528447
1790910381.375,api,0.040
1790910381.375,client,0.010
1790910381.375,enginecore,1.586
1790910381.375,other_total,0.069
1790910381.375,store_0,0.020
1790910381.375,store_1,0.010
1790910381.375,avail_mb,43252
1790910381.375,pswpin,1528447
1790910382.384,api,0.030
1790910382.384,client,0.010
1790910382.384,enginecore,1.120
1790910382.384,other_total,0.000
1790910382.384,store_0,0.010
1790910382.384,store_1,0.010
1790910382.384,avail_mb,43251
1790910382.384,pswpin,1528447
1790910383.393,api,0.059
1790910383.393,client,0.010
1790910383.393,enginecore,1.448
1790910383.393,other_total,0.030
1790910383.393,store_0,0.010
1790910383.393,store_1,0.020
1790910383.393,avail_mb,43251
1790910383.393,pswpin,1528447
1790910384.401,api,0.030
1790910384.401,client,0.020
1790910384.401,enginecore,1.120
1790910384.401,other_total,0.000
1790910384.401,store_0,0.030
1790910384.401,store_1,0.000
1790910384.401,avail_mb,43251
1790910384.401,pswpin,1528447
1790910385.411,api,0.079
1790910385.411,client,0.010
1790910385.411,enginecore,1.783
1790910385.411,other_total,0.010
1790910385.411,store_0,0.000
1790910385.411,store_1,0.020
1790910385.411,avail_mb,43245
1790910385.411,pswpin,1528447
1790910386.420,api,0.050
1790910386.420,client,0.040
1790910386.420,enginecore,1.764
1790910386.420,other_total,0.000
1790910386.420,store_0,0.010
1790910386.420,store_1,0.010
1790910386.420,avail_mb,43245
1790910386.420,pswpin,1528447
1790910387.429,api,0.030
1790910387.429,client,0.000
1790910387.429,enginecore,1.130
1790910387.429,other_total,0.050
1790910387.429,store_0,0.010
1790910387.429,store_1,0.000
1790910387.429,avail_mb,43244
1790910387.429,pswpin,1528447
1790910388.437,api,0.040
1790910388.437,client,0.010
1790910388.437,enginecore,0.684
1790910388.437,other_total,0.000
1790910388.437,store_0,0.010
1790910388.437,store_1,0.010
1790910388.437,avail_mb,43244
1790910388.437,pswpin,1528447
1790910389.446,api,0.050
1790910389.446,client,0.020
1790910389.446,enginecore,1.725
1790910389.446,other_total,0.020
1790910389.446,store_0,0.020
1790910389.446,store_1,0.010
1790910389.446,avail_mb,43244
1790910389.446,pswpin,1528447
1790910390.455,api,0.030
1790910390.455,client,0.010
1790910390.455,enginecore,1.041
1790910390.455,other_total,0.030
1790910390.455,store_0,0.010
1790910390.455,store_1,0.010
1790910390.455,avail_mb,43241
1790910390.455,pswpin,1528447
1790910391.465,api,0.079
1790910391.465,client,0.020
1790910391.465,enginecore,2.050
1790910391.465,other_total,0.000
1790910391.465,store_0,0.020
1790910391.465,store_1,0.030
1790910391.465,avail_mb,43240
1790910391.465,pswpin,1528447
1790910392.475,api,0.030
1790910392.475,client,0.010
1790910392.475,enginecore,1.020
1790910392.475,other_total,0.000
1790910392.475,store_0,0.020
1790910392.475,store_1,0.010
1790910392.475,avail_mb,43241
1790910392.475,pswpin,1528447
1790910393.485,api,0.059
1790910393.485,client,0.010
1790910393.485,enginecore,1.297
1790910393.485,other_total,0.000
1790910393.485,store_0,0.010
1790910393.485,store_1,0.010
1790910393.485,avail_mb,43240
1790910393.485,pswpin,1528447
1790910394.494,api,0.020
1790910394.494,client,0.000
1790910394.494,enginecore,0.674
1790910394.494,other_total,0.079
1790910394.494,store_0,0.000
1790910394.494,store_1,0.010
1790910394.494,avail_mb,43239
1790910394.494,pswpin,1528447
1790910395.503,api,0.050
1790910395.503,client,0.020
1790910395.503,enginecore,1.318
1790910395.503,other_total,0.000
1790910395.503,store_0,0.010
1790910395.503,store_1,0.010
1790910395.503,avail_mb,43235
1790910395.503,pswpin,1528447
1790910396.512,api,0.020
1790910396.512,client,0.000
1790910396.512,enginecore,0.575
1790910396.512,other_total,0.030
1790910396.512,store_0,0.000
1790910396.512,store_1,0.010
1790910396.512,avail_mb,43235
1790910396.512,pswpin,1528447
1790910397.521,api,0.020
1790910397.521,client,0.020
1790910397.521,enginecore,0.823
1790910397.521,other_total,0.020
1790910397.521,store_0,0.010
1790910397.521,store_1,0.000
1790910397.521,avail_mb,43238
1790910397.521,pswpin,1528447
1790910398.530,api,0.069
1790910398.530,client,0.030
1790910398.530,enginecore,1.844
1790910398.530,other_total,0.000
1790910398.530,store_0,0.010
1790910398.530,store_1,0.030
1790910398.530,avail_mb,43238
1790910398.530,pswpin,1528448
1790910399.539,api,0.059
1790910399.539,client,0.010
1790910399.539,enginecore,1.596
1790910399.539,other_total,0.040
1790910399.539,store_0,0.030
1790910399.539,store_1,0.000
1790910399.539,avail_mb,43234
1790910399.539,pswpin,1528450
1790910400.547,api,0.069
1790910400.547,client,0.010
1790910400.547,enginecore,1.557
1790910400.547,other_total,0.030
1790910400.547,store_0,0.020
1790910400.547,store_1,0.010
1790910400.547,avail_mb,43236
1790910400.547,pswpin,1528450
1790910401.556,api,0.050
1790910401.556,client,0.020
1790910401.556,enginecore,1.497
1790910401.556,other_total,0.030
1790910401.556,store_0,0.010
1790910401.556,store_1,0.020
1790910401.556,avail_mb,43238
1790910401.556,pswpin,1528450
1790910402.565,api,0.020
1790910402.565,client,0.000
1790910402.565,enginecore,0.654
1790910402.565,other_total,0.050
1790910402.565,store_0,0.000
1790910402.565,store_1,0.010
1790910402.565,avail_mb,43235
1790910402.565,pswpin,1528450
1790910403.574,api,0.059
1790910403.574,client,0.020
1790910403.574,enginecore,1.368
1790910403.574,other_total,0.000
1790910403.574,store_0,0.010
1790910403.574,store_1,0.000
1790910403.574,avail_mb,43234
1790910403.574,pswpin,1528453
1790910404.584,api,0.000
1790910404.584,client,0.000
1790910404.584,enginecore,0.020
1790910404.584,other_total,0.020
1790910404.584,store_0,0.000
1790910404.584,store_1,0.000
1790910404.584,avail_mb,43233
1790910404.584,pswpin,1528453
1790910405.596,api,0.010
1790910405.596,client,0.000
1790910405.596,enginecore,0.020
1790910405.596,other_total,0.010
1790910405.596,store_0,0.000
1790910405.596,store_1,0.000
1790910405.596,avail_mb,43227
1790910405.596,pswpin,1528453
1790910406.607,api,0.000
1790910406.607,client,0.000
1790910406.607,enginecore,0.040
1790910406.607,other_total,0.020
1790910406.607,store_0,0.000
1790910406.607,store_1,0.000
1790910406.607,avail_mb,43227
1790910406.607,pswpin,1528453
1790910407.616,api,0.069
1790910407.616,client,0.020
1790910407.616,enginecore,1.992
1790910407.616,other_total,0.069
1790910407.616,store_0,0.010
1790910407.616,store_1,0.020
1790910407.616,avail_mb,43229
1790910407.616,pswpin,1528453
1790910408.657,api,0.086
1790910408.657,client,0.019
1790910408.657,enginecore,2.669
1790910408.657,other_total,0.000
1790910408.657,store_0,0.038
1790910408.657,store_1,0.038
1790910408.657,avail_mb,43225
1790910408.657,pswpin,1528453
1790910409.666,api,0.050
1790910409.666,client,0.020
1790910409.666,enginecore,1.517
1790910409.666,other_total,0.000
1790910409.666,store_0,0.020
1790910409.666,store_1,0.010
1790910409.666,avail_mb,43227
1790910409.666,pswpin,1528453
1790910410.676,api,0.079
1790910410.676,client,0.030
1790910410.676,enginecore,2.315
1790910410.676,other_total,0.000
1790910410.676,store_0,0.030
1790910410.676,store_1,0.030
1790910410.676,avail_mb,43223
1790910410.676,pswpin,1528453
1790910411.686,api,0.050
1790910411.686,client,0.020
1790910411.686,enginecore,1.635
1790910411.686,other_total,0.000
1790910411.686,store_0,0.010
1790910411.686,store_1,0.010
1790910411.686,avail_mb,43220
1790910411.686,pswpin,1528453
1790910412.694,api,0.069
1790910412.694,client,0.010
1790910412.694,enginecore,1.359
1790910412.694,other_total,0.000
1790910412.694,store_0,0.000
1790910412.694,store_1,0.010
1790910412.694,avail_mb,43222
1790910412.694,pswpin,1528453
1790910413.727,api,0.068
1790910413.727,client,0.019
1790910413.727,enginecore,2.246
1790910413.727,other_total,0.029
1790910413.727,store_0,0.029
1790910413.727,store_1,0.029
1790910413.727,avail_mb,43225
1790910413.727,pswpin,1528453
1790910414.737,api,0.040
1790910414.737,client,0.010
1790910414.737,enginecore,1.298
1790910414.737,other_total,0.040
1790910414.737,store_0,0.020
1790910414.737,store_1,0.010
1790910414.737,avail_mb,43225
1790910414.737,pswpin,1528453
1790910415.746,api,0.089
1790910415.746,client,0.030
1790910415.746,enginecore,2.577
1790910415.746,other_total,0.000
1790910415.746,store_0,0.020
1790910415.746,store_1,0.010
1790910415.746,avail_mb,43219
1790910415.746,pswpin,1528453
1790910416.755,api,0.059
1790910416.755,client,0.020
1790910416.755,enginecore,1.804
1790910416.755,other_total,0.010
1790910416.755,store_0,0.010
1790910416.755,store_1,0.020
1790910416.755,avail_mb,43217
1790910416.755,pswpin,1528453
1790910417.764,api,0.040
1790910417.764,client,0.000
1790910417.764,enginecore,1.071
1790910417.764,other_total,0.020
1790910417.764,store_0,0.020
1790910417.764,store_1,0.010
1790910417.764,avail_mb,43219
1790910417.764,pswpin,1528453
1790910418.772,api,0.020
1790910418.772,client,0.010
1790910418.772,enginecore,0.287
1790910418.772,other_total,0.000
1790910418.772,store_0,0.000
1790910418.772,store_1,0.000
1790910418.772,avail_mb,43218
1790910418.772,pswpin,1528453
1790910419.781,api,0.059
1790910419.781,client,0.010
1790910419.781,enginecore,1.477
1790910419.781,other_total,0.069
1790910419.781,store_0,0.030
1790910419.781,store_1,0.010
1790910419.781,avail_mb,43216
1790910419.781,pswpin,1528453
1790910420.790,api,0.050
1790910420.790,client,0.010
1790910420.790,enginecore,1.041
1790910420.790,other_total,0.030
1790910420.790,store_0,0.010
1790910420.790,store_1,0.000
1790910420.790,avail_mb,43217
1790910420.790,pswpin,1528458
1790910421.800,api,0.040
1790910421.800,client,0.020
1790910421.800,enginecore,1.049
1790910421.800,other_total,0.000
1790910421.800,store_0,0.020
1790910421.800,store_1,0.000
1790910421.800,avail_mb,43215
1790910421.800,pswpin,1528458
1790910422.810,api,0.050
1790910422.810,client,0.020
1790910422.810,enginecore,1.604
1790910422.810,other_total,0.010
1790910422.810,store_0,0.020
1790910422.810,store_1,0.010
1790910422.810,avail_mb,43212
1790910422.810,pswpin,1528458
1790910423.819,api,0.010
1790910423.819,client,0.000
1790910423.819,enginecore,0.625
1790910423.819,other_total,0.020
1790910423.819,store_0,0.000
1790910423.819,store_1,0.000
1790910423.819,avail_mb,43210
1790910423.819,pswpin,1528458
1790910424.827,api,0.050
1790910424.827,client,0.010
1790910424.827,enginecore,1.646
1790910424.827,other_total,0.020
1790910424.827,store_0,0.020
1790910424.827,store_1,0.010
1790910424.827,avail_mb,43212
1790910424.827,pswpin,1528458
1790910425.836,api,0.069
1790910425.836,client,0.020
1790910425.836,enginecore,2.033
1790910425.836,other_total,0.020
1790910425.836,store_0,0.020
1790910425.836,store_1,0.010
1790910425.836,avail_mb,43209
1790910425.836,pswpin,1528458
1790910426.844,api,0.069
1790910426.844,client,0.020
1790910426.844,enginecore,1.547
1790910426.844,other_total,0.030
1790910426.844,store_0,0.020
1790910426.844,store_1,0.000
1790910426.844,avail_mb,43214
1790910426.844,pswpin,1528458
1790910427.853,api,0.059
1790910427.853,client,0.000
1790910427.853,enginecore,1.616
1790910427.853,other_total,0.030
1790910427.853,store_0,0.010
1790910427.853,store_1,0.000
1790910427.853,avail_mb,43212
1790910427.853,pswpin,1528459
1790910428.863,api,0.040
1790910428.863,client,0.020
1790910428.863,enginecore,1.159
1790910428.863,other_total,0.010
1790910428.863,store_0,0.000
1790910428.863,store_1,0.020
1790910428.863,avail_mb,43210
1790910428.863,pswpin,1528459
1790910429.872,api,0.059
1790910429.872,client,0.010
1790910429.872,enginecore,1.060
1790910429.872,other_total,0.010
1790910429.872,store_0,0.020
1790910429.872,store_1,0.020
1790910429.872,avail_mb,43210
1790910429.872,pswpin,1528459
1790910430.880,api,0.030
1790910430.880,client,0.010
1790910430.880,enginecore,0.734
1790910430.880,other_total,0.069
1790910430.880,store_0,0.010
1790910430.880,store_1,0.000
1790910430.880,avail_mb,43208
1790910430.880,pswpin,1528459
1790910431.889,api,0.050
1790910431.889,client,0.020
1790910431.889,enginecore,1.417
1790910431.889,other_total,0.020
1790910431.889,store_0,0.000
1790910431.889,store_1,0.030
1790910431.889,avail_mb,43208
1790910431.889,pswpin,1528459
1790910432.901,api,0.069
1790910432.901,client,0.000
1790910432.901,enginecore,1.769
1790910432.901,other_total,0.010
1790910432.901,store_0,0.030
1790910432.901,store_1,0.020
1790910432.901,avail_mb,43208
1790910432.901,pswpin,1528459
1790910433.911,api,0.050
1790910433.911,client,0.020
1790910433.911,enginecore,1.734
1790910433.911,other_total,0.020
1790910433.911,store_0,0.020
1790910433.911,store_1,0.010
1790910433.911,avail_mb,43206
1790910433.911,pswpin,1528459
1790910434.920,api,0.030
1790910434.920,client,0.010
1790910434.920,enginecore,0.644
1790910434.920,other_total,0.050
1790910434.920,store_0,0.000
1790910434.920,store_1,0.000
1790910434.920,avail_mb,43201
1790910434.920,pswpin,1528459
1790910435.928,api,0.010
1790910435.928,client,0.000
1790910435.928,enginecore,0.426
1790910435.928,other_total,0.030
1790910435.928,store_0,0.010
1790910435.928,store_1,0.000
1790910435.928,avail_mb,43196
1790910435.928,pswpin,1528459
1790910436.938,api,0.040
1790910436.938,client,0.010
1790910436.938,enginecore,1.268
1790910436.938,other_total,0.000
1790910436.938,store_0,0.010
1790910436.938,store_1,0.030
1790910436.938,avail_mb,43198
1790910436.938,pswpin,1528459
1790910437.946,api,0.069
1790910437.946,client,0.010
1790910437.946,enginecore,1.656
1790910437.946,other_total,0.000
1790910437.946,store_0,0.020
1790910437.946,store_1,0.010
1790910437.946,avail_mb,43192
1790910437.946,pswpin,1528459
1790910438.956,api,0.040
1790910438.956,client,0.010
1790910438.956,enginecore,1.496
1790910438.956,other_total,0.020
1790910438.956,store_0,0.020
1790910438.956,store_1,0.000
1790910438.956,avail_mb,43190
1790910438.956,pswpin,1528459
1790910439.965,api,0.069
1790910439.965,client,0.030
1790910439.965,enginecore,1.318
1790910439.965,other_total,0.010
1790910439.965,store_0,0.000
1790910439.965,store_1,0.000
1790910439.965,avail_mb,43189
1790910439.965,pswpin,1528459
1790910440.974,api,0.040
1790910440.974,client,0.000
1790910440.974,enginecore,1.179
1790910440.974,other_total,0.050
1790910440.974,store_0,0.000
1790910440.974,store_1,0.000
1790910440.974,avail_mb,43188
1790910440.974,pswpin,1528459
1790910441.983,api,0.050
1790910441.983,client,0.020
1790910441.983,enginecore,1.447
1790910441.983,other_total,0.000
1790910441.983,store_0,0.030
1790910441.983,store_1,0.010
1790910441.983,avail_mb,43195
1790910441.983,pswpin,1528459
1790910442.993,api,0.050
1790910442.993,client,0.010
1790910442.993,enginecore,1.485
1790910442.993,other_total,0.030
1790910442.993,store_0,0.010
1790910442.993,store_1,0.050
1790910442.993,avail_mb,43193
1790910442.993,pswpin,1528459
1790910444.002,api,0.089
1790910444.002,client,0.020
1790910444.002,enginecore,1.755
1790910444.002,other_total,0.020
1790910444.002,store_0,0.010
1790910444.002,store_1,0.010
1790910444.002,avail_mb,43187
1790910444.002,pswpin,1528459
1790910445.010,api,0.020
1790910445.010,client,0.010
1790910445.010,enginecore,0.981
1790910445.010,other_total,0.050
1790910445.010,store_0,0.010
1790910445.010,store_1,0.040
1790910445.010,avail_mb,43189
1790910445.010,pswpin,1528459
1790910446.021,api,0.030
1790910446.021,client,0.000
1790910446.021,enginecore,0.604
1790910446.021,other_total,0.030
1790910446.021,store_0,0.000
1790910446.021,store_1,0.000
1790910446.021,avail_mb,43185
1790910446.021,pswpin,1528459
1790910447.030,api,0.069
1790910447.030,client,0.030
1790910447.030,enginecore,2.248
1790910447.030,other_total,0.168
1790910447.030,store_0,0.020
1790910447.030,store_1,0.010
1790910447.030,avail_mb,43187
1790910447.030,pswpin,1528464
1790910448.039,api,0.079
1790910448.039,client,0.020
1790910448.039,enginecore,2.389
1790910448.039,other_total,0.010
1790910448.039,store_0,0.030
1790910448.039,store_1,0.030
1790910448.039,avail_mb,43188
1790910448.039,pswpin,1528464
1790910449.048,api,0.050
1790910449.048,client,0.010
1790910449.048,enginecore,1.596
1790910449.048,other_total,0.020
1790910449.048,store_0,0.020
1790910449.048,store_1,0.030
1790910449.048,avail_mb,43184
1790910449.048,pswpin,1528464
1790910450.058,api,0.049
1790910450.058,client,0.010
1790910450.058,enginecore,1.405
1790910450.058,other_total,0.020
1790910450.058,store_0,0.010
1790910450.058,store_1,0.020
1790910450.058,avail_mb,43182
1790910450.058,pswpin,1528464
1790910451.067,api,0.099
1790910451.067,client,0.030
1790910451.067,enginecore,1.745
1790910451.067,other_total,0.010
1790910451.067,store_0,0.000
1790910451.067,store_1,0.010
1790910451.067,avail_mb,43179
1790910451.067,pswpin,1528464
1790910452.076,api,0.050
1790910452.076,client,0.000
1790910452.076,enginecore,1.477
1790910452.076,other_total,0.040
1790910452.076,store_0,0.010
1790910452.076,store_1,0.010
1790910452.076,avail_mb,43179
1790910452.076,pswpin,1528464
1790910453.120,api,0.010
1790910453.120,client,0.000
1790910453.120,enginecore,0.383
1790910453.120,other_total,0.019
1790910453.120,store_0,0.010
1790910453.120,store_1,0.000
1790910453.120,avail_mb,43175
1790910453.120,pswpin,1528464
1790910454.130,api,0.030
1790910454.130,client,0.010
1790910454.130,enginecore,1.099
1790910454.130,other_total,0.030
1790910454.130,store_0,0.020
1790910454.130,store_1,0.010
1790910454.130,avail_mb,43175
1790910454.130,pswpin,1528464
1790910455.139,api,0.050
1790910455.139,client,0.020
1790910455.139,enginecore,1.567
1790910455.139,other_total,0.000
1790910455.139,store_0,0.010
1790910455.139,store_1,0.030
1790910455.139,avail_mb,43174
1790910455.139,pswpin,1528464
1790910456.148,api,0.059
1790910456.148,client,0.010
1790910456.148,enginecore,1.071
1790910456.148,other_total,0.000
1790910456.148,store_0,0.010
1790910456.148,store_1,0.010
1790910456.148,avail_mb,43172
1790910456.148,pswpin,1528465
1790910457.157,api,0.030
1790910457.157,client,0.020
1790910457.157,enginecore,1.070
1790910457.157,other_total,0.040
1790910457.157,store_0,0.010
1790910457.157,store_1,0.010
1790910457.157,avail_mb,43171
1790910457.157,pswpin,1528465
1790910458.166,api,0.050
1790910458.166,client,0.000
1790910458.166,enginecore,1.021
1790910458.166,other_total,0.020
1790910458.166,store_0,0.010
1790910458.166,store_1,0.010
1790910458.166,avail_mb,43171
1790910458.166,pswpin,1528465
1790910459.177,api,0.040
1790910459.177,client,0.020
1790910459.177,enginecore,1.344
1790910459.177,other_total,0.059
1790910459.177,store_0,0.020
1790910459.177,store_1,0.000
1790910459.177,avail_mb,43166
1790910459.177,pswpin,1528465
1790910460.187,api,0.040
1790910460.187,client,0.010
1790910460.187,enginecore,1.040
1790910460.187,other_total,0.040
1790910460.187,store_0,0.020
1790910460.187,store_1,0.000
1790910460.187,avail_mb,43167
1790910460.187,pswpin,1528465
1790910461.196,api,0.030
1790910461.196,client,0.010
1790910461.196,enginecore,0.733
1790910461.196,other_total,0.030
1790910461.196,store_0,0.000
1790910461.196,store_1,0.020
1790910461.196,avail_mb,43168
1790910461.196,pswpin,1528465
1790910462.205,api,0.030
1790910462.205,client,0.010
1790910462.205,enginecore,0.792
1790910462.205,other_total,0.010
1790910462.205,store_0,0.000
1790910462.205,store_1,0.020
1790910462.205,avail_mb,43165
1790910462.205,pswpin,1528465
1790910463.214,api,0.079
1790910463.214,client,0.020
1790910463.214,enginecore,2.072
1790910463.214,other_total,0.000
1790910463.214,store_0,0.020
1790910463.214,store_1,0.010
1790910463.214,avail_mb,43169
1790910463.214,pswpin,1528465
1790910464.226,api,0.040
1790910464.226,client,0.010
1790910464.226,enginecore,1.453
1790910464.226,other_total,0.040
1790910464.226,store_0,0.020
1790910464.226,store_1,0.000
1790910464.226,avail_mb,43170
1790910464.226,pswpin,1528465
1790910465.234,api,0.050
1790910465.234,client,0.010
1790910465.234,enginecore,0.962
1790910465.234,other_total,0.030
1790910465.234,store_0,0.000
1790910465.234,store_1,0.020
1790910465.234,avail_mb,43170
1790910465.234,pswpin,1528465
1790910466.243,api,0.050
1790910466.243,client,0.000
1790910466.243,enginecore,1.001
1790910466.243,other_total,0.089
1790910466.243,store_0,0.000
1790910466.243,store_1,0.000
1790910466.243,avail_mb,43165
1790910466.243,pswpin,1528465
1790910467.254,api,0.069
1790910467.254,client,0.020
1790910467.254,enginecore,1.642
1790910467.254,other_total,0.000
1790910467.254,store_0,0.010
1790910467.254,store_1,0.010
1790910467.254,avail_mb,43165
1790910467.254,pswpin,1528465
1790910468.263,api,0.040
1790910468.263,client,0.010
1790910468.263,enginecore,1.061
1790910468.263,other_total,0.020
1790910468.263,store_0,0.000
1790910468.263,store_1,0.010
1790910468.263,avail_mb,43160
1790910468.263,pswpin,1528465
1790910469.272,api,0.040
1790910469.272,client,0.010
1790910469.272,enginecore,0.990
1790910469.272,other_total,0.020
1790910469.272,store_0,0.000
1790910469.272,store_1,0.020
1790910469.272,avail_mb,43159
1790910469.272,pswpin,1528465
1790910470.281,api,0.089
1790910470.281,client,0.020
1790910470.281,enginecore,2.527
1790910470.281,other_total,0.000
1790910470.281,store_0,0.040
1790910470.281,store_1,0.030
1790910470.281,avail_mb,43165
1790910470.281,pswpin,1528465
1790910471.291,api,0.040
1790910471.291,client,0.020
1790910471.291,enginecore,0.911
1790910471.291,other_total,0.030
1790910471.291,store_0,0.000
1790910471.291,store_1,0.010
1790910471.291,avail_mb,43160
1790910471.291,pswpin,1528465
1790910472.300,api,0.079
1790910472.300,client,0.020
1790910472.300,enginecore,2.419
1790910472.300,other_total,0.000
1790910472.300,store_0,0.000
1790910472.300,store_1,0.050
1790910472.300,avail_mb,43157
1790910472.300,pswpin,1528465
1790910473.309,api,0.040
1790910473.309,client,0.010
1790910473.309,enginecore,1.289
1790910473.309,other_total,0.010
1790910473.309,store_0,0.010
1790910473.309,store_1,0.010
1790910473.309,avail_mb,43202
1790910473.309,pswpin,1528466
1790910474.317,api,0.040
1790910474.317,client,0.010
1790910474.317,enginecore,0.763
1790910474.317,other_total,0.010
1790910474.317,store_0,0.000
1790910474.317,store_1,0.020
1790910474.317,avail_mb,43205
1790910474.317,pswpin,1528466
1790910475.326,api,0.040
1790910475.326,client,0.000
1790910475.326,enginecore,0.744
1790910475.326,other_total,0.020
1790910475.326,store_0,0.000
1790910475.326,store_1,0.010
1790910475.326,avail_mb,43203
1790910475.326,pswpin,1528466
1790910476.336,api,0.030
1790910476.336,client,0.010
1790910476.336,enginecore,0.663
1790910476.336,other_total,0.010
1790910476.336,store_0,0.000
1790910476.336,store_1,0.030
1790910476.336,avail_mb,43205
1790910476.336,pswpin,1528466
1790910477.348,api,0.020
1790910477.348,client,0.000
1790910477.348,enginecore,0.554
1790910477.348,other_total,0.049
1790910477.348,store_0,0.000
1790910477.348,store_1,0.000
1790910477.348,avail_mb,43201
1790910477.348,pswpin,1528466
1790910478.358,api,0.000
1790910478.358,client,0.000
1790910478.358,enginecore,0.020
1790910478.358,other_total,0.059
1790910478.358,store_0,0.000
1790910478.358,store_1,0.000
1790910478.358,avail_mb,43200
1790910478.358,pswpin,1528466
1790910479.367,api,0.020
1790910479.367,client,0.010
1790910479.367,enginecore,0.268
1790910479.367,other_total,0.069
1790910479.367,store_0,0.000
1790910479.367,store_1,0.000
1790910479.367,avail_mb,43200
1790910479.367,pswpin,1528466
1790910480.378,api,0.049
1790910480.378,client,0.000
1790910480.378,enginecore,0.762
1790910480.378,other_total,0.049
1790910480.378,store_0,0.000
1790910480.378,store_1,0.010
1790910480.378,avail_mb,43197
1790910480.378,pswpin,1528473
1790910481.386,api,0.050
1790910481.386,client,0.020
1790910481.386,enginecore,1.200
1790910481.386,other_total,0.010
1790910481.386,store_0,0.000
1790910481.386,store_1,0.030
1790910481.386,avail_mb,43204
1790910481.386,pswpin,1528473
1790910482.395,api,0.020
1790910482.395,client,0.010
1790910482.395,enginecore,0.714
1790910482.395,other_total,0.000
1790910482.395,store_0,0.000
1790910482.395,store_1,0.020
1790910482.395,avail_mb,43202
1790910482.395,pswpin,1528473
1790910483.406,api,0.010
1790910483.406,client,0.000
1790910483.406,enginecore,0.089
1790910483.406,other_total,0.030
1790910483.406,store_0,0.000
1790910483.406,store_1,0.000
1790910483.406,avail_mb,43202
1790910483.406,pswpin,1528473
1790910484.418,api,0.000
1790910484.418,client,0.000
1790910484.418,enginecore,0.158
1790910484.418,other_total,0.030
1790910484.418,store_0,0.000
1790910484.418,store_1,0.010
1790910484.418,avail_mb,43203
1790910484.418,pswpin,1528473
1790910485.427,api,0.020
1790910485.427,enginecore,0.605
1790910485.427,other_total,0.040
1790910485.427,store_0,0.000
1790910485.427,store_1,0.010
1790910485.427,avail_mb,43246
1790910485.427,pswpin,1528473
1790910486.437,api,0.010
1790910486.437,enginecore,0.020
1790910486.437,other_total,0.040
1790910486.437,store_0,0.000
1790910486.437,store_1,0.000
1790910486.437,avail_mb,43246
1790910486.437,pswpin,1528473
1790910487.448,api,0.000
1790910487.448,enginecore,0.040
1790910487.448,other_total,0.030
1790910487.448,store_0,0.000
1790910487.448,store_1,0.000
1790910487.448,avail_mb,43245
1790910487.448,pswpin,1528473
1790910488.459,api,0.000
1790910488.459,enginecore,0.030
1790910488.459,other_total,0.010
1790910488.459,store_0,0.000
1790910488.459,store_1,0.000
1790910488.459,avail_mb,43246
1790910488.459,pswpin,1528473
1790910489.470,api,0.020
1790910489.470,enginecore,0.020
1790910489.470,other_total,0.040
1790910489.470,store_0,0.000
1790910489.470,store_1,0.000
1790910489.470,avail_mb,43246
1790910489.470,pswpin,1528473
1790910490.481,api,0.000
1790910490.481,enginecore,0.020
1790910490.481,other_total,0.702
1790910490.481,store_0,0.000
1790910490.481,store_1,0.000
1790910490.481,avail_mb,43132
1790910490.481,pswpin,1528473
1790910491.491,api,0.000
1790910491.491,client,0.000
1790910491.491,enginecore,0.040
1790910491.491,other_total,0.049
1790910491.491,store_0,0.000
1790910491.491,store_1,0.000
1790910491.491,avail_mb,43132
1790910491.491,pswpin,1528473
1790910492.502,api,0.010
1790910492.502,client,0.000
1790910492.502,enginecore,0.020
1790910492.502,other_total,0.049
1790910492.502,store_0,0.000
1790910492.502,store_1,0.000
1790910492.502,avail_mb,43131
1790910492.502,pswpin,1528473
1790910493.513,api,0.010
1790910493.513,client,0.020
1790910493.513,enginecore,0.049
1790910493.513,other_total,0.010
1790910493.513,store_0,0.000
1790910493.513,store_1,0.000
1790910493.513,avail_mb,43134
1790910493.513,pswpin,1528473
1790910494.524,api,0.000
1790910494.524,client,0.000
1790910494.524,enginecore,0.188
1790910494.524,other_total,0.059
1790910494.524,store_0,0.000
1790910494.524,store_1,0.010
1790910494.524,avail_mb,43132
1790910494.524,pswpin,1528473
1790910495.535,api,0.000
1790910495.535,client,0.010
1790910495.535,enginecore,0.059
1790910495.535,other_total,0.079
1790910495.535,store_0,0.000
1790910495.535,store_1,0.000
1790910495.535,avail_mb,43130
1790910495.535,pswpin,1528473
1790910496.545,api,0.000
1790910496.545,client,0.000
1790910496.545,enginecore,0.020
1790910496.545,other_total,0.000
1790910496.545,store_0,0.000
1790910496.545,store_1,0.000
1790910496.545,avail_mb,43130
1790910496.545,pswpin,1528473
1790910497.556,api,0.020
1790910497.556,client,0.000
1790910497.556,enginecore,0.198
1790910497.556,other_total,0.000
1790910497.556,store_0,0.010
1790910497.556,store_1,0.000
1790910497.556,avail_mb,43133
1790910497.556,pswpin,1528473
1790910498.568,api,0.000
1790910498.568,client,0.000
1790910498.568,enginecore,0.217
1790910498.568,other_total,0.040
1790910498.568,store_0,0.000
1790910498.568,store_1,0.010
1790910498.568,avail_mb,43108
1790910498.568,pswpin,1528473
1790910499.578,api,0.010
1790910499.578,client,0.000
1790910499.578,enginecore,0.376
1790910499.578,other_total,0.010
1790910499.578,store_0,0.000
1790910499.578,store_1,0.020
1790910499.578,avail_mb,43109
1790910499.578,pswpin,1528473
1790910500.589,api,0.020
1790910500.589,client,0.000
1790910500.589,enginecore,0.346
1790910500.589,other_total,0.040
1790910500.589,store_0,0.020
1790910500.589,store_1,0.000
1790910500.589,avail_mb,43119
1790910500.589,pswpin,1528473
1790910501.601,api,0.000
1790910501.601,client,0.000
1790910501.601,enginecore,0.208
1790910501.601,other_total,0.079
1790910501.601,store_0,0.000
1790910501.601,store_1,0.010
1790910501.601,avail_mb,43114
1790910501.601,pswpin,1528473
1790910502.611,api,0.010
1790910502.611,client,0.010
1790910502.611,enginecore,0.198
1790910502.611,other_total,0.020
1790910502.611,store_0,0.000
1790910502.611,store_1,0.010
1790910502.611,avail_mb,43118
1790910502.611,pswpin,1528473
1790910503.622,api,0.010
1790910503.622,client,0.010
1790910503.622,enginecore,0.376
1790910503.622,other_total,0.030
1790910503.622,store_0,0.010
1790910503.622,store_1,0.010
1790910503.622,avail_mb,43118
1790910503.622,pswpin,1528473
1790910504.633,api,0.000
1790910504.633,client,0.000
1790910504.633,enginecore,0.188
1790910504.633,other_total,0.049
1790910504.633,store_0,0.010
1790910504.633,store_1,0.000
1790910504.633,avail_mb,43113
1790910504.633,pswpin,1528473
1790910505.644,api,0.010
1790910505.644,client,0.000
1790910505.644,enginecore,0.376
1790910505.644,other_total,0.079
1790910505.644,store_0,0.010
1790910505.644,store_1,0.010
1790910505.644,avail_mb,43114
1790910505.644,pswpin,1528473
1790910506.654,api,0.010
1790910506.654,client,0.000
1790910506.654,enginecore,0.178
1790910506.654,other_total,0.030
1790910506.654,store_0,0.000
1790910506.654,store_1,0.000
1790910506.654,avail_mb,43112
1790910506.654,pswpin,1528473
1790910507.666,api,0.000
1790910507.666,client,0.000
1790910507.666,enginecore,0.198
1790910507.666,other_total,0.079
1790910507.666,store_0,0.000
1790910507.666,store_1,0.010
1790910507.666,avail_mb,43112
1790910507.666,pswpin,1528611
1790910508.676,api,0.000
1790910508.676,client,0.000
1790910508.676,enginecore,0.030
1790910508.676,other_total,0.010
1790910508.676,store_0,0.000
1790910508.676,store_1,0.000
1790910508.676,avail_mb,43111
1790910508.676,pswpin,1528611
1790910509.687,api,0.020
1790910509.687,client,0.000
1790910509.687,enginecore,0.218
1790910509.687,other_total,0.030
1790910509.687,store_0,0.000
1790910509.687,store_1,0.010
1790910509.687,avail_mb,43110
1790910509.687,pswpin,1528611
1790910510.697,api,0.010
1790910510.697,client,0.000
1790910510.697,enginecore,0.356
1790910510.697,other_total,0.158
1790910510.697,store_0,0.010
1790910510.697,store_1,0.020
1790910510.697,avail_mb,43113
1790910510.697,pswpin,1528611
1790910511.708,api,0.000
1790910511.708,client,0.010
1790910511.708,enginecore,0.198
1790910511.708,other_total,0.059
1790910511.708,store_0,0.000
1790910511.708,store_1,0.010
1790910511.708,avail_mb,43113
1790910511.708,pswpin,1528611
1790910512.719,api,0.010
1790910512.719,client,0.000
1790910512.719,enginecore,0.188
1790910512.719,other_total,0.049
1790910512.719,store_0,0.010
1790910512.719,store_1,0.000
1790910512.719,avail_mb,43112
1790910512.719,pswpin,1528611
1790910513.729,api,0.000
1790910513.729,client,0.000
1790910513.729,enginecore,0.020
1790910513.729,other_total,0.049
1790910513.729,store_0,0.000
1790910513.729,store_1,0.000
1790910513.729,avail_mb,43110
1790910513.729,pswpin,1528611
1790910514.740,api,0.010
1790910514.740,client,0.000
1790910514.740,enginecore,0.198
1790910514.740,other_total,0.049
1790910514.740,store_0,0.010
1790910514.740,store_1,0.000
1790910514.740,avail_mb,43110
1790910514.740,pswpin,1528611
1790910515.751,api,0.000
1790910515.751,client,0.000
1790910515.751,enginecore,0.198
1790910515.751,other_total,0.030
1790910515.751,store_0,0.000
1790910515.751,store_1,0.010
1790910515.751,avail_mb,43111
1790910515.751,pswpin,1528611
1790910516.762,api,0.010
1790910516.762,client,0.000
1790910516.762,enginecore,0.198
1790910516.762,other_total,0.069
1790910516.762,store_0,0.000
1790910516.762,store_1,0.010
1790910516.762,avail_mb,43117
1790910516.762,pswpin,1528611
1790910517.773,api,0.010
1790910517.773,client,0.000
1790910517.773,enginecore,0.030
1790910517.773,other_total,0.010
1790910517.773,store_0,0.000
1790910517.773,store_1,0.000
1790910517.773,avail_mb,43117
1790910517.773,pswpin,1528611
1790910518.783,api,0.000
1790910518.783,client,0.000
1790910518.783,enginecore,0.020
1790910518.783,other_total,0.040
1790910518.783,store_0,0.000
1790910518.783,store_1,0.000
1790910518.783,avail_mb,43117
1790910518.783,pswpin,1528611
1790910519.794,api,0.020
1790910519.794,client,0.000
1790910519.794,enginecore,0.198
1790910519.794,other_total,0.040
1790910519.794,store_0,0.010
1790910519.794,store_1,0.000
1790910519.794,avail_mb,43121
1790910519.794,pswpin,1528611
1790910520.805,api,0.000
1790910520.805,client,0.000
1790910520.805,enginecore,0.040
1790910520.805,other_total,0.040
1790910520.805,store_0,0.000
1790910520.805,store_1,0.000
1790910520.805,avail_mb,43121
1790910520.805,pswpin,1528611
1790910521.816,api,0.010
1790910521.816,client,0.000
1790910521.816,enginecore,0.188
1790910521.816,other_total,0.020
1790910521.816,store_0,0.010
1790910521.816,store_1,0.000
1790910521.816,avail_mb,43121
1790910521.816,pswpin,1528611
1790910522.827,api,0.020
1790910522.827,client,0.010
1790910522.827,enginecore,0.514
1790910522.827,other_total,0.020
1790910522.827,store_0,0.010
1790910522.827,store_1,0.020
1790910522.827,avail_mb,43126
1790910522.827,pswpin,1528611
1790910523.838,api,0.000
1790910523.838,client,0.000
1790910523.838,enginecore,0.040
1790910523.838,other_total,0.040
1790910523.838,store_0,0.000
1790910523.838,store_1,0.000
1790910523.838,avail_mb,43125
1790910523.838,pswpin,1528611
1790910524.848,api,0.000
1790910524.848,client,0.000
1790910524.848,enginecore,0.188
1790910524.848,other_total,0.069
1790910524.848,store_0,0.000
1790910524.848,store_1,0.010
1790910524.848,avail_mb,43125
1790910524.848,pswpin,1528611
1790910525.859,api,0.000
1790910525.859,client,0.000
1790910525.859,enginecore,0.030
1790910525.859,other_total,0.069
1790910525.859,store_0,0.000
1790910525.859,store_1,0.000
1790910525.859,avail_mb,43121
1790910525.859,pswpin,1528611
1790910526.870,api,0.000
1790910526.870,client,0.000
1790910526.870,enginecore,0.030
1790910526.870,other_total,0.020
1790910526.870,store_0,0.000
1790910526.870,store_1,0.000
1790910526.870,avail_mb,43121
1790910526.870,pswpin,1528611
1790910527.881,api,0.010
1790910527.881,client,0.000
1790910527.881,enginecore,0.356
1790910527.881,other_total,0.040
1790910527.881,store_0,0.010
1790910527.881,store_1,0.000
1790910527.881,avail_mb,43122
1790910527.881,pswpin,1528611
1790910528.891,api,0.010
1790910528.891,client,0.010
1790910528.891,enginecore,0.356
1790910528.891,other_total,0.030
1790910528.891,store_0,0.000
1790910528.891,store_1,0.010
1790910528.891,avail_mb,43121
1790910528.891,pswpin,1528611
1790910529.902,api,0.020
1790910529.902,client,0.000
1790910529.902,enginecore,0.732
1790910529.902,other_total,0.040
1790910529.902,store_0,0.020
1790910529.902,store_1,0.020
1790910529.902,avail_mb,43122
1790910529.902,pswpin,1528611
1790910530.913,api,0.000
1790910530.913,client,0.000
1790910530.913,enginecore,0.030
1790910530.913,other_total,0.010
1790910530.913,store_0,0.000
1790910530.913,store_1,0.000
1790910530.913,avail_mb,43121
1790910530.913,pswpin,1528611
1790910531.924,api,0.010
1790910531.924,client,0.000
1790910531.924,enginecore,0.188
1790910531.924,other_total,0.049
1790910531.924,store_0,0.000
1790910531.924,store_1,0.010
1790910531.924,avail_mb,43121
1790910531.924,pswpin,1528617
1790910532.935,api,0.010
1790910532.935,client,0.000
1790910532.935,enginecore,0.020
1790910532.935,other_total,0.030
1790910532.935,store_0,0.000
1790910532.935,store_1,0.000
1790910532.935,avail_mb,43120
1790910532.935,pswpin,1528617
1790910533.946,api,0.000
1790910533.946,client,0.000
1790910533.946,enginecore,0.198
1790910533.946,other_total,0.079
1790910533.946,store_0,0.010
1790910533.946,store_1,0.000
1790910533.946,avail_mb,43122
1790910533.946,pswpin,1528617
1790910534.956,api,0.020
1790910534.956,client,0.000
1790910534.956,enginecore,0.742
1790910534.956,other_total,0.079
1790910534.956,store_0,0.020
1790910534.956,store_1,0.030
1790910534.956,avail_mb,43129
1790910534.956,pswpin,1528617
1790910535.967,api,0.000
1790910535.967,client,0.000
1790910535.967,enginecore,0.040
1790910535.967,other_total,0.030
1790910535.967,store_0,0.000
1790910535.967,store_1,0.000
1790910535.967,avail_mb,43125
1790910535.967,pswpin,1528617
1790910536.978,api,0.000
1790910536.978,client,0.000
1790910536.978,enginecore,0.198
1790910536.978,other_total,0.059
1790910536.978,store_0,0.000
1790910536.978,store_1,0.000
1790910536.978,avail_mb,43131
1790910536.978,pswpin,1528617
1790910537.989,api,0.010
1790910537.989,client,0.000
1790910537.989,enginecore,0.040
1790910537.989,other_total,0.049
1790910537.989,store_0,0.000
1790910537.989,store_1,0.000
1790910537.989,avail_mb,43128
1790910537.989,pswpin,1528617
1790910538.999,api,0.020
1790910538.999,client,0.020
1790910538.999,enginecore,0.742
1790910538.999,other_total,0.000
1790910538.999,store_0,0.030
1790910538.999,store_1,0.020
1790910538.999,avail_mb,43133
1790910538.999,pswpin,1528617
1790910540.010,api,0.020
1790910540.010,client,0.000
1790910540.010,enginecore,0.871
1790910540.010,other_total,0.059
1790910540.010,store_0,0.040
1790910540.010,store_1,0.020
1790910540.010,avail_mb,43091
1790910540.010,pswpin,1528618
1790910541.021,api,0.010
1790910541.021,client,0.000
1790910541.021,enginecore,0.188
1790910541.021,other_total,0.049
1790910541.021,store_0,0.010
1790910541.021,store_1,0.000
1790910541.021,avail_mb,43089
1790910541.021,pswpin,1528620
1790910542.031,api,0.000
1790910542.031,client,0.000
1790910542.031,enginecore,0.030
1790910542.031,other_total,0.030
1790910542.031,store_0,0.000
1790910542.031,store_1,0.000
1790910542.031,avail_mb,43089
1790910542.031,pswpin,1528620
1790910543.042,api,0.010
1790910543.042,client,0.000
1790910543.042,enginecore,0.198
1790910543.042,other_total,0.049
1790910543.042,store_0,0.010
1790910543.042,store_1,0.000
1790910543.042,avail_mb,43089
1790910543.042,pswpin,1528620
1790910544.053,api,0.010
1790910544.053,client,0.000
1790910544.053,enginecore,0.208
1790910544.053,other_total,0.040
1790910544.053,store_0,0.000
1790910544.053,store_1,0.010
1790910544.053,avail_mb,43088
1790910544.053,pswpin,1528620
1790910545.064,api,0.010
1790910545.064,client,0.010
1790910545.064,enginecore,0.544
1790910545.064,other_total,0.049
1790910545.064,store_0,0.020
1790910545.064,store_1,0.010
1790910545.064,avail_mb,43092
1790910545.064,pswpin,1528620
1790910546.074,api,0.010
1790910546.074,client,0.000
1790910546.074,enginecore,0.198
1790910546.074,other_total,0.059
1790910546.074,store_0,0.000
1790910546.074,store_1,0.010
1790910546.074,avail_mb,43089
1790910546.074,pswpin,1528620
1790910547.085,api,0.000
1790910547.085,client,0.000
1790910547.085,enginecore,0.346
1790910547.085,other_total,0.079
1790910547.085,store_0,0.010
1790910547.085,store_1,0.010
1790910547.085,avail_mb,43089
1790910547.085,pswpin,1528620
1790910548.096,api,0.010
1790910548.096,client,0.000
1790910548.096,enginecore,0.396
1790910548.096,other_total,0.049
1790910548.096,store_0,0.010
1790910548.096,store_1,0.010
1790910548.096,avail_mb,43093
1790910548.096,pswpin,1528721
1790910549.107,api,0.010
1790910549.107,client,0.000
1790910549.107,enginecore,0.544
1790910549.107,other_total,0.040
1790910549.107,store_0,0.020
1790910549.107,store_1,0.000
1790910549.107,avail_mb,43093
1790910549.107,pswpin,1528722
1790910550.118,api,0.020
1790910550.118,client,0.010
1790910550.118,enginecore,0.366
1790910550.118,other_total,0.119
1790910550.118,store_0,0.010
1790910550.118,store_1,0.010
1790910550.118,avail_mb,43092
1790910550.118,pswpin,1528722
1790910551.128,api,0.000
1790910551.128,client,0.000
1790910551.128,enginecore,0.198
1790910551.128,other_total,0.079
1790910551.128,store_0,0.010
1790910551.128,store_1,0.000
1790910551.128,avail_mb,43091
1790910551.128,pswpin,1528722
1790910552.139,api,0.000
1790910552.139,client,0.000
1790910552.139,enginecore,0.020
1790910552.139,other_total,0.059
1790910552.139,store_0,0.000
1790910552.139,store_1,0.000
1790910552.139,avail_mb,43090
1790910552.139,pswpin,1528722
1790910553.150,api,0.010
1790910553.150,client,0.000
1790910553.150,enginecore,0.040
1790910553.150,other_total,0.030
1790910553.150,store_0,0.000
1790910553.150,store_1,0.000
1790910553.150,avail_mb,43085
1790910553.150,pswpin,1528722
1790910554.160,api,0.010
1790910554.160,client,0.000
1790910554.160,enginecore,0.188
1790910554.160,other_total,0.040
1790910554.160,store_0,0.000
1790910554.160,store_1,0.010
1790910554.160,avail_mb,43087
1790910554.160,pswpin,1528722
1790910555.171,api,0.000
1790910555.171,client,0.000
1790910555.171,enginecore,0.346
1790910555.171,other_total,0.059
1790910555.171,store_0,0.000
1790910555.171,store_1,0.020
1790910555.171,avail_mb,43090
1790910555.171,pswpin,1528722
1790910556.181,api,0.020
1790910556.181,client,0.000
1790910556.181,enginecore,0.554
1790910556.181,other_total,0.049
1790910556.181,store_0,0.000
1790910556.181,store_1,0.030
1790910556.181,avail_mb,43084
1790910556.181,pswpin,1528722
1790910557.192,api,0.000
1790910557.192,client,0.000
1790910557.192,enginecore,0.020
1790910557.192,other_total,0.069
1790910557.192,store_0,0.000
1790910557.192,store_1,0.000
1790910557.192,avail_mb,43084
1790910557.192,pswpin,1528722
1790910558.203,api,0.000
1790910558.203,client,0.000
1790910558.203,enginecore,0.030
1790910558.203,other_total,0.010
1790910558.203,store_0,0.000
1790910558.203,store_1,0.000
1790910558.203,avail_mb,43084
1790910558.203,pswpin,1528722
1790910559.214,api,0.000
1790910559.214,client,0.000
1790910559.214,enginecore,0.020
1790910559.214,other_total,0.049
1790910559.214,store_0,0.000
1790910559.214,store_1,0.000
1790910559.214,avail_mb,43084
1790910559.214,pswpin,1528722
1790910560.224,api,0.010
1790910560.224,client,0.000
1790910560.224,enginecore,0.356
1790910560.224,other_total,0.010
1790910560.224,store_0,0.020
1790910560.224,store_1,0.000
1790910560.224,avail_mb,43086
1790910560.224,pswpin,1528722
1790910561.235,api,0.000
1790910561.235,client,0.000
1790910561.235,enginecore,0.030
1790910561.235,other_total,0.010
1790910561.235,store_0,0.000
1790910561.235,store_1,0.000
1790910561.235,avail_mb,43084
1790910561.235,pswpin,1528722
1790910562.246,api,0.020
1790910562.246,client,0.000
1790910562.246,enginecore,0.544
1790910562.246,other_total,0.049
1790910562.246,store_0,0.010
1790910562.246,store_1,0.020
1790910562.246,avail_mb,43085
1790910562.246,pswpin,1528722
1790910563.256,api,0.000
1790910563.256,client,0.010
1790910563.256,enginecore,0.356
1790910563.256,other_total,0.010
1790910563.256,store_0,0.020
1790910563.256,store_1,0.000
1790910563.256,avail_mb,43085
1790910563.256,pswpin,1528722
1790910564.267,api,0.010
1790910564.267,client,0.000
1790910564.267,enginecore,0.356
1790910564.267,other_total,0.059
1790910564.267,store_0,0.010
1790910564.267,store_1,0.000
1790910564.267,avail_mb,43085
1790910564.267,pswpin,1528722
1790910565.278,api,0.020
1790910565.278,client,0.000
1790910565.278,enginecore,0.406
1790910565.278,other_total,0.059
1790910565.278,store_0,0.010
1790910565.278,store_1,0.010
1790910565.278,avail_mb,43133
1790910565.278,pswpin,1528722
1790910566.288,api,0.000
1790910566.288,client,0.000
1790910566.288,enginecore,0.030
1790910566.288,other_total,0.030
1790910566.288,store_0,0.000
1790910566.288,store_1,0.000
1790910566.288,avail_mb,43130
1790910566.288,pswpin,1528722
1790910567.299,api,0.000
1790910567.299,client,0.000
1790910567.299,enginecore,0.010
1790910567.299,other_total,0.079
1790910567.299,store_0,0.000
1790910567.299,store_1,0.000
1790910567.299,avail_mb,43130
1790910567.299,pswpin,1528723
1790910568.310,api,0.000
1790910568.310,client,0.000
1790910568.310,enginecore,0.030
1790910568.310,other_total,0.059
1790910568.310,store_0,0.000
1790910568.310,store_1,0.000
1790910568.310,avail_mb,43128
1790910568.310,pswpin,1528723
1790910569.321,api,0.010
1790910569.321,client,0.000
1790910569.321,enginecore,0.040
1790910569.321,other_total,0.030
1790910569.321,store_0,0.000
1790910569.321,store_1,0.000
1790910569.321,avail_mb,43128
1790910569.321,pswpin,1528723
1790910570.331,api,0.000
1790910570.331,client,0.000
1790910570.331,enginecore,0.020
1790910570.331,other_total,0.049
1790910570.331,store_0,0.000
1790910570.331,store_1,0.000
1790910570.331,avail_mb,43129
1790910570.331,pswpin,1528723
1790910571.342,api,0.020
1790910571.342,client,0.000
1790910571.342,enginecore,0.198
1790910571.342,other_total,0.069
1790910571.342,store_0,0.010
1790910571.342,store_1,0.000
1790910571.342,avail_mb,43129
1790910571.342,pswpin,1528723
1790910572.353,api,0.000
1790910572.353,client,0.000
1790910572.353,enginecore,0.198
1790910572.353,other_total,0.030
1790910572.353,store_0,0.010
1790910572.353,store_1,0.000
1790910572.353,avail_mb,43131
1790910572.353,pswpin,1528723
1790910573.363,api,0.000
1790910573.363,client,0.000
1790910573.363,enginecore,0.020
1790910573.363,other_total,0.010
1790910573.363,store_0,0.000
1790910573.363,store_1,0.000
1790910573.363,avail_mb,43131
1790910573.363,pswpin,1528723
1790910574.374,api,0.010
1790910574.374,client,0.000
1790910574.374,enginecore,0.020
1790910574.374,other_total,0.069
1790910574.374,store_0,0.000
1790910574.374,store_1,0.000
1790910574.374,avail_mb,43131
1790910574.374,pswpin,1528723
1790910575.384,api,0.000
1790910575.384,client,0.000
1790910575.384,enginecore,0.198
1790910575.384,other_total,0.040
1790910575.384,store_0,0.010
1790910575.384,store_1,0.000
1790910575.384,avail_mb,43129
1790910575.384,pswpin,1528723
1790910576.395,api,0.000
1790910576.395,client,0.000
1790910576.395,enginecore,0.030
1790910576.395,other_total,0.040
1790910576.395,store_0,0.000
1790910576.395,store_1,0.000
1790910576.395,avail_mb,43130
1790910576.395,pswpin,1528723
1790910577.406,api,0.020
1790910577.406,enginecore,0.198
1790910577.406,other_total,0.049
1790910577.406,store_0,0.010
1790910577.406,store_1,0.000
1790910577.406,avail_mb,43180
1790910577.406,pswpin,1528727
1790910578.416,api,0.000
1790910578.416,enginecore,0.030
1790910578.416,other_total,0.079
1790910578.416,store_0,0.000
1790910578.416,store_1,0.000
1790910578.416,avail_mb,43181
1790910578.416,pswpin,1528727
1790910579.427,api,0.000
1790910579.427,enginecore,0.030
1790910579.427,other_total,0.040
1790910579.427,store_0,0.000
1790910579.427,store_1,0.000
1790910579.427,avail_mb,43182
1790910579.427,pswpin,1528727
1790910580.438,api,0.010
1790910580.438,enginecore,0.030
1790910580.438,other_total,0.692
1790910580.438,store_0,0.000
1790910580.438,store_1,0.000
1790910580.438,avail_mb,43066
1790910580.438,pswpin,1528727
1790910581.449,api,0.010
1790910581.449,client,0.000
1790910581.449,enginecore,0.020
1790910581.449,other_total,0.040
1790910581.449,store_0,0.000
1790910581.449,store_1,0.000
1790910581.449,avail_mb,43065
1790910581.449,pswpin,1528727
1790910582.459,api,0.000
1790910582.459,client,0.000
1790910582.459,enginecore,0.030
1790910582.459,other_total,0.010
1790910582.459,store_0,0.000
1790910582.459,store_1,0.000
1790910582.459,avail_mb,43065
1790910582.459,pswpin,1528727
1790910583.468,api,0.040
1790910583.468,client,0.010
1790910583.468,enginecore,1.111
1790910583.468,other_total,0.050
1790910583.468,store_0,0.020
1790910583.468,store_1,0.020
1790910583.468,avail_mb,43090
1790910583.468,pswpin,1528727
1790910584.476,api,0.020
1790910584.476,client,0.010
1790910584.476,enginecore,1.130
1790910584.476,other_total,0.000
1790910584.476,store_0,0.030
1790910584.476,store_1,0.000
1790910584.476,avail_mb,43089
1790910584.476,pswpin,1528727
1790910585.486,api,0.040
1790910585.486,client,0.020
1790910585.486,enginecore,0.891
1790910585.486,other_total,0.030
1790910585.486,store_0,0.010
1790910585.486,store_1,0.010
1790910585.486,avail_mb,43085
1790910585.486,pswpin,1528727
1790910586.496,api,0.050
1790910586.496,client,0.010
1790910586.496,enginecore,0.723
1790910586.496,other_total,0.000
1790910586.496,store_0,0.010
1790910586.496,store_1,0.000
1790910586.496,avail_mb,43081
1790910586.496,pswpin,1528727
1790910587.505,api,0.030
1790910587.505,client,0.010
1790910587.505,enginecore,1.090
1790910587.505,other_total,0.000
1790910587.505,store_0,0.020
1790910587.505,store_1,0.000
1790910587.505,avail_mb,43080
1790910587.505,pswpin,1528727
1790910588.514,api,0.059
1790910588.514,client,0.030
1790910588.514,enginecore,1.972
1790910588.514,other_total,0.010
1790910588.514,store_0,0.020
1790910588.514,store_1,0.020
1790910588.514,avail_mb,43082
1790910588.514,pswpin,1528727
1790910589.522,api,0.050
1790910589.522,client,0.000
1790910589.522,enginecore,1.150
1790910589.522,other_total,0.050
1790910589.522,store_0,0.000
1790910589.522,store_1,0.010
1790910589.522,avail_mb,43078
1790910589.522,pswpin,1528727
1790910590.531,api,0.059
1790910590.531,client,0.020
1790910590.531,enginecore,1.219
1790910590.531,other_total,0.040
1790910590.531,store_0,0.000
1790910590.531,store_1,0.020
1790910590.531,avail_mb,43080
1790910590.531,pswpin,1528727
1790910591.540,api,0.030
1790910591.540,client,0.010
1790910591.540,enginecore,0.714
1790910591.540,other_total,0.040
1790910591.540,store_0,0.000
1790910591.540,store_1,0.000
1790910591.540,avail_mb,43078
1790910591.540,pswpin,1528727
1790910592.550,api,0.059
1790910592.550,client,0.020
1790910592.550,enginecore,1.683
1790910592.550,other_total,0.000
1790910592.550,store_0,0.020
1790910592.550,store_1,0.010
1790910592.550,avail_mb,43074
1790910592.550,pswpin,1528727
1790910593.559,api,0.079
1790910593.559,client,0.020
1790910593.559,enginecore,1.457
1790910593.559,other_total,0.010
1790910593.559,store_0,0.000
1790910593.559,store_1,0.010
1790910593.559,avail_mb,43075
1790910593.559,pswpin,1528727
1790910594.568,api,0.020
1790910594.568,client,0.010
1790910594.568,enginecore,0.634
1790910594.568,other_total,0.010
1790910594.568,store_0,0.010
1790910594.568,store_1,0.000
1790910594.568,avail_mb,43074
1790910594.568,pswpin,1528727
1790910595.578,api,0.030
1790910595.578,client,0.010
1790910595.578,enginecore,1.010
1790910595.578,other_total,0.030
1790910595.578,store_0,0.030
1790910595.578,store_1,0.000
1790910595.578,avail_mb,43071
1790910595.578,pswpin,1528727
1790910596.587,api,0.030
1790910596.587,client,0.000
1790910596.587,enginecore,0.565
1790910596.587,other_total,0.040
1790910596.587,store_0,0.000
1790910596.587,store_1,0.000
1790910596.587,avail_mb,43070
1790910596.587,pswpin,1528727
1790910597.596,api,0.069
1790910597.596,client,0.030
1790910597.596,enginecore,2.052
1790910597.596,other_total,0.000
1790910597.596,store_0,0.020
1790910597.596,store_1,0.000
1790910597.596,avail_mb,43068
1790910597.596,pswpin,1528727
1790910598.604,api,0.079
1790910598.604,client,0.020
1790910598.604,enginecore,1.487
1790910598.604,other_total,0.020
1790910598.604,store_0,0.000
1790910598.604,store_1,0.000
1790910598.604,avail_mb,43065
1790910598.604,pswpin,1528727
1790910599.613,api,0.040
1790910599.613,client,0.010
1790910599.613,enginecore,1.150
1790910599.613,other_total,0.030
1790910599.613,store_0,0.010
1790910599.613,store_1,0.000
1790910599.613,avail_mb,43064
1790910599.613,pswpin,1528727
1790910600.621,api,0.059
1790910600.621,client,0.020
1790910600.621,enginecore,1.259
1790910600.621,other_total,0.000
1790910600.621,store_0,0.000
1790910600.621,store_1,0.010
1790910600.621,avail_mb,43063
1790910600.621,pswpin,1528732
1790910601.630,api,0.040
1790910601.630,client,0.000
1790910601.630,enginecore,1.180
1790910601.630,other_total,0.040
1790910601.630,store_0,0.010
1790910601.630,store_1,0.000
1790910601.630,avail_mb,43062
1790910601.630,pswpin,1528732
1790910602.639,api,0.099
1790910602.639,client,0.040
1790910602.639,enginecore,2.289
1790910602.639,other_total,0.000
1790910602.639,store_0,0.030
1790910602.639,store_1,0.010
1790910602.639,avail_mb,43062
1790910602.639,pswpin,1528732
1790910603.649,api,0.079
1790910603.649,client,0.030
1790910603.649,enginecore,1.792
1790910603.649,other_total,0.000
1790910603.649,store_0,0.000
1790910603.649,store_1,0.010
1790910603.649,avail_mb,43061
1790910603.649,pswpin,1528732
1790910604.658,api,0.020
1790910604.658,client,0.000
1790910604.658,enginecore,0.545
1790910604.658,other_total,0.040
1790910604.658,store_0,0.000
1790910604.658,store_1,0.000
1790910604.658,avail_mb,43063
1790910604.658,pswpin,1528732
1790910605.667,api,0.040
1790910605.667,client,0.010
1790910605.667,enginecore,1.041
1790910605.667,other_total,0.030
1790910605.667,store_0,0.000
1790910605.667,store_1,0.000
1790910605.667,avail_mb,43060
1790910605.667,pswpin,1528732
1790910606.676,api,0.030
1790910606.676,client,0.000
1790910606.676,enginecore,0.644
1790910606.676,other_total,0.000
1790910606.676,store_0,0.000
1790910606.676,store_1,0.010
1790910606.676,avail_mb,43059
1790910606.676,pswpin,1528732
1790910607.684,api,0.020
1790910607.684,client,0.010
1790910607.684,enginecore,0.773
1790910607.684,other_total,0.050
1790910607.684,store_0,0.010
1790910607.684,store_1,0.000
1790910607.684,avail_mb,43059
1790910607.684,pswpin,1528732
1790910608.693,api,0.059
1790910608.693,client,0.020
1790910608.693,enginecore,1.408
1790910608.693,other_total,0.000
1790910608.693,store_0,0.010
1790910608.693,store_1,0.000
1790910608.693,avail_mb,43060
1790910608.693,pswpin,1528732
1790910609.701,api,0.040
1790910609.701,client,0.020
1790910609.701,enginecore,0.863
1790910609.701,other_total,0.010
1790910609.701,store_0,0.000
1790910609.701,store_1,0.000
1790910609.701,avail_mb,43058
1790910609.701,pswpin,1528732
1790910610.710,api,0.079
1790910610.710,client,0.020
1790910610.710,enginecore,1.666
1790910610.710,other_total,0.020
1790910610.710,store_0,0.000
1790910610.710,store_1,0.000
1790910610.710,avail_mb,43057
1790910610.710,pswpin,1528732
1790910611.719,api,0.040
1790910611.719,client,0.010
1790910611.719,enginecore,1.160
1790910611.719,other_total,0.030
1790910611.719,store_0,0.000
1790910611.719,store_1,0.000
1790910611.719,avail_mb,43055
1790910611.719,pswpin,1528732
1790910612.727,api,0.030
1790910612.727,client,0.010
1790910612.727,enginecore,0.764
1790910612.727,other_total,0.000
1790910612.727,store_0,0.010
1790910612.727,store_1,0.010
1790910612.727,avail_mb,43058
1790910612.727,pswpin,1528732
1790910613.736,api,0.050
1790910613.736,client,0.010
1790910613.736,enginecore,1.051
1790910613.736,other_total,0.040
1790910613.736,store_0,0.000
1790910613.736,store_1,0.020
1790910613.736,avail_mb,43055
1790910613.736,pswpin,1528732
1790910614.746,api,0.050
1790910614.746,client,0.020
1790910614.746,enginecore,1.238
1790910614.746,other_total,0.000
1790910614.746,store_0,0.010
1790910614.746,store_1,0.020
1790910614.746,avail_mb,43054
1790910614.746,pswpin,1528732
1790910615.754,api,0.050
1790910615.754,client,0.010
1790910615.754,enginecore,1.666
1790910615.754,other_total,0.020
1790910615.754,store_0,0.000
1790910615.754,store_1,0.010
1790910615.754,avail_mb,43053
1790910615.754,pswpin,1528732
1790910616.763,api,0.069
1790910616.763,client,0.010
1790910616.763,enginecore,1.239
1790910616.763,other_total,0.030
1790910616.763,store_0,0.000
1790910616.763,store_1,0.000
1790910616.763,avail_mb,43053
1790910616.763,pswpin,1528732
1790910617.771,api,0.020
1790910617.771,client,0.020
1790910617.771,enginecore,0.853
1790910617.771,other_total,0.000
1790910617.771,store_0,0.000
1790910617.771,store_1,0.020
1790910617.771,avail_mb,43053
1790910617.771,pswpin,1528732
1790910618.780,api,0.059
1790910618.780,client,0.030
1790910618.780,enginecore,1.358
1790910618.780,other_total,0.000
1790910618.780,store_0,0.000
1790910618.780,store_1,0.000
1790910618.780,avail_mb,43051
1790910618.780,pswpin,1528732
1790910619.789,api,0.030
1790910619.789,client,0.000
1790910619.789,enginecore,0.406
1790910619.789,other_total,0.040
1790910619.789,store_0,0.000
1790910619.789,store_1,0.010
1790910619.789,avail_mb,43051
1790910619.789,pswpin,1528732
1790910620.797,api,0.030
1790910620.797,client,0.010
1790910620.797,enginecore,0.912
1790910620.797,other_total,0.010
1790910620.797,store_0,0.010
1790910620.797,store_1,0.010
1790910620.797,avail_mb,43053
1790910620.797,pswpin,1528732
1790910621.806,api,0.079
1790910621.806,client,0.010
1790910621.806,enginecore,1.189
1790910621.806,other_total,0.000
1790910621.806,store_0,0.000
1790910621.806,store_1,0.000
1790910621.806,avail_mb,43052
1790910621.806,pswpin,1528732
1790910622.815,api,0.020
1790910622.815,client,0.000
1790910622.815,enginecore,0.724
1790910622.815,other_total,0.010
1790910622.815,store_0,0.000
1790910622.815,store_1,0.000
1790910622.815,avail_mb,43051
1790910622.815,pswpin,1528732
1790910623.824,api,0.030
1790910623.824,client,0.030
1790910623.824,enginecore,1.129
1790910623.824,other_total,0.059
1790910623.824,store_0,0.010
1790910623.824,store_1,0.020
1790910623.824,avail_mb,43057
1790910623.824,pswpin,1528732
1790910624.834,api,0.020
1790910624.834,client,0.000
1790910624.834,enginecore,0.436
1790910624.834,other_total,0.010
1790910624.834,store_0,0.000
1790910624.834,store_1,0.000
1790910624.834,avail_mb,43055
1790910624.834,pswpin,1528732
1790910625.845,api,0.049
1790910625.845,client,0.020
1790910625.845,enginecore,1.039
1790910625.845,other_total,0.000
1790910625.845,store_0,0.010
1790910625.845,store_1,0.010
1790910625.845,avail_mb,43051
1790910625.845,pswpin,1528740
1790910626.854,api,0.069
1790910626.854,client,0.020
1790910626.854,enginecore,2.100
1790910626.854,other_total,0.000
1790910626.854,store_0,0.040
1790910626.854,store_1,0.010
1790910626.854,avail_mb,43050
1790910626.854,pswpin,1528740
1790910627.863,api,0.059
1790910627.863,client,0.030
1790910627.863,enginecore,2.112
1790910627.863,other_total,0.050
1790910627.863,store_0,0.010
1790910627.863,store_1,0.020
1790910627.863,avail_mb,43050
1790910627.863,pswpin,1528749
1790910628.872,api,0.069
1790910628.872,client,0.010
1790910628.872,enginecore,1.388
1790910628.872,other_total,0.000
1790910628.872,store_0,0.000
1790910628.872,store_1,0.000
1790910628.872,avail_mb,43051
1790910628.872,pswpin,1528749
1790910629.880,api,0.069
1790910629.880,client,0.020
1790910629.880,enginecore,1.636
1790910629.880,other_total,0.020
1790910629.880,store_0,0.020
1790910629.880,store_1,0.010
1790910629.880,avail_mb,43051
1790910629.880,pswpin,1528749
1790910630.889,api,0.030
1790910630.889,client,0.010
1790910630.889,enginecore,0.763
1790910630.889,other_total,0.030
1790910630.889,store_0,0.000
1790910630.889,store_1,0.000
1790910630.889,avail_mb,43049
1790910630.889,pswpin,1528749
1790910631.898,api,0.079
1790910631.898,client,0.010
1790910631.898,enginecore,1.269
1790910631.898,other_total,0.000
1790910631.898,store_0,0.000
1790910631.898,store_1,0.030
1790910631.898,avail_mb,43050
1790910631.898,pswpin,1528749
1790910632.907,api,0.030
1790910632.907,client,0.010
1790910632.907,enginecore,0.783
1790910632.907,other_total,0.030
1790910632.907,store_0,0.000
1790910632.907,store_1,0.000
1790910632.907,avail_mb,43049
1790910632.907,pswpin,1528749
1790910633.916,api,0.059
1790910633.916,client,0.020
1790910633.916,enginecore,1.160
1790910633.916,other_total,0.010
1790910633.916,store_0,0.000
1790910633.916,store_1,0.010
1790910633.916,avail_mb,43047
1790910633.916,pswpin,1528749
1790910634.925,api,0.050
1790910634.925,client,0.020
1790910634.925,enginecore,1.338
1790910634.925,other_total,0.040
1790910634.925,store_0,0.000
1790910634.925,store_1,0.000
1790910634.925,avail_mb,43041
1790910634.925,pswpin,1528749
1790910635.934,api,0.050
1790910635.934,client,0.010
1790910635.934,enginecore,1.308
1790910635.934,other_total,0.010
1790910635.934,store_0,0.000
1790910635.934,store_1,0.010
1790910635.934,avail_mb,43038
1790910635.934,pswpin,1528749
1790910636.943,api,0.079
1790910636.943,client,0.020
1790910636.943,enginecore,1.734
1790910636.943,other_total,0.010
1790910636.943,store_0,0.010
1790910636.943,store_1,0.020
1790910636.943,avail_mb,43037
1790910636.943,pswpin,1528749
1790910637.952,api,0.020
1790910637.952,client,0.010
1790910637.952,enginecore,0.734
1790910637.952,other_total,0.020
1790910637.952,store_0,0.000
1790910637.952,store_1,0.000
1790910637.952,avail_mb,43035
1790910637.952,pswpin,1528749
1790910638.961,api,0.030
1790910638.961,client,0.010
1790910638.961,enginecore,0.744
1790910638.961,other_total,0.030
1790910638.961,store_0,0.000
1790910638.961,store_1,0.000
1790910638.961,avail_mb,43035
1790910638.961,pswpin,1528750
1790910639.969,api,0.050
1790910639.969,client,0.020
1790910639.969,enginecore,1.071
1790910639.969,other_total,0.020
1790910639.969,store_0,0.010
1790910639.969,store_1,0.000
1790910639.969,avail_mb,43035
1790910639.969,pswpin,1528750
1790910640.978,api,0.050
1790910640.978,client,0.000
1790910640.978,enginecore,1.180
1790910640.978,other_total,0.069
1790910640.978,store_0,0.000
1790910640.978,store_1,0.000
1790910640.978,avail_mb,43035
1790910640.978,pswpin,1528752
1790910641.988,api,0.069
1790910641.988,client,0.020
1790910641.988,enginecore,1.752
1790910641.988,other_total,0.010
1790910641.988,store_0,0.010
1790910641.988,store_1,0.010
1790910641.988,avail_mb,43044
1790910641.988,pswpin,1528752
1790910642.997,api,0.030
1790910642.997,client,0.010
1790910642.997,enginecore,0.833
1790910642.997,other_total,0.010
1790910642.997,store_0,0.010
1790910642.997,store_1,0.000
1790910642.997,avail_mb,43043
1790910642.997,pswpin,1528752
1790910644.006,api,0.069
1790910644.006,client,0.010
1790910644.006,enginecore,1.219
1790910644.006,other_total,0.069
1790910644.006,store_0,0.010
1790910644.006,store_1,0.010
1790910644.006,avail_mb,43043
1790910644.006,pswpin,1528753
1790910645.015,api,0.059
1790910645.015,client,0.010
1790910645.015,enginecore,1.071
1790910645.015,other_total,0.000
1790910645.015,store_0,0.010
1790910645.015,store_1,0.000
1790910645.015,avail_mb,43042
1790910645.015,pswpin,1528753
1790910646.024,api,0.010
1790910646.024,client,0.000
1790910646.024,enginecore,0.406
1790910646.024,other_total,0.040
1790910646.024,store_0,0.000
1790910646.024,store_1,0.010
1790910646.024,avail_mb,43040
1790910646.024,pswpin,1528753
1790910647.032,api,0.030
1790910647.032,client,0.020
1790910647.032,enginecore,0.882
1790910647.032,other_total,0.010
1790910647.032,store_0,0.010
1790910647.032,store_1,0.010
1790910647.032,avail_mb,43040
1790910647.032,pswpin,1528753
1790910648.042,api,0.040
1790910648.042,client,0.010
1790910648.042,enginecore,0.773
1790910648.042,other_total,0.010
1790910648.042,store_0,0.000
1790910648.042,store_1,0.000
1790910648.042,avail_mb,43039
1790910648.042,pswpin,1528753
1790910649.052,api,0.059
1790910649.052,client,0.030
1790910649.052,enginecore,1.446
1790910649.052,other_total,0.000
1790910649.052,store_0,0.020
1790910649.052,store_1,0.000
1790910649.052,avail_mb,43038
1790910649.052,pswpin,1528753
1790910650.063,api,0.079
1790910650.063,client,0.010
1790910650.063,enginecore,1.641
1790910650.063,other_total,0.079
1790910650.063,store_0,0.010
1790910650.063,store_1,0.010
1790910650.063,avail_mb,43037
1790910650.063,pswpin,1528753
1790910651.073,api,0.050
1790910651.073,client,0.000
1790910651.073,enginecore,1.050
1790910651.073,other_total,0.010
1790910651.073,store_0,0.000
1790910651.073,store_1,0.010
1790910651.073,avail_mb,43039
1790910651.073,pswpin,1528753
1790910652.082,api,0.050
1790910652.082,client,0.020
1790910652.082,enginecore,1.368
1790910652.082,other_total,0.010
1790910652.082,store_0,0.000
1790910652.082,store_1,0.020
1790910652.082,avail_mb,43041
1790910652.082,pswpin,1528753
1790910653.092,api,0.030
1790910653.092,client,0.020
1790910653.092,enginecore,0.901
1790910653.092,other_total,0.010
1790910653.092,store_0,0.010
1790910653.092,store_1,0.000
1790910653.092,avail_mb,43042
1790910653.092,pswpin,1528753
1790910654.101,api,0.020
1790910654.101,client,0.010
1790910654.101,enginecore,0.813
1790910654.101,other_total,0.030
1790910654.101,store_0,0.000
1790910654.101,store_1,0.000
1790910654.101,avail_mb,43040
1790910654.101,pswpin,1528753
1790910655.111,api,0.010
1790910655.111,client,0.000
1790910655.111,enginecore,0.030
1790910655.111,other_total,0.079
1790910655.111,store_0,0.000
1790910655.111,store_1,0.000
1790910655.111,avail_mb,43036
1790910655.111,pswpin,1528753
1790910656.122,api,0.000
1790910656.122,client,0.000
1790910656.122,enginecore,0.020
1790910656.122,other_total,0.030
1790910656.122,store_0,0.000
1790910656.122,store_1,0.000
1790910656.122,avail_mb,43033
1790910656.122,pswpin,1528753
1790910657.131,api,0.030
1790910657.131,client,0.000
1790910657.131,enginecore,0.297
1790910657.131,other_total,0.050
1790910657.131,store_0,0.000
1790910657.131,store_1,0.000
1790910657.131,avail_mb,43032
1790910657.131,pswpin,1528753
1790910658.144,api,0.079
1790910658.144,client,0.020
1790910658.144,enginecore,2.013
1790910658.144,other_total,0.030
1790910658.144,store_0,0.020
1790910658.144,store_1,0.020
1790910658.144,avail_mb,43033
1790910658.144,pswpin,1528753
1790910659.153,api,0.109
1790910659.153,client,0.040
1790910659.153,enginecore,2.577
1790910659.153,other_total,0.000
1790910659.153,store_0,0.010
1790910659.153,store_1,0.010
1790910659.153,avail_mb,43033
1790910659.153,pswpin,1528753
1790910660.162,api,0.050
1790910660.162,client,0.000
1790910660.162,enginecore,1.130
1790910660.162,other_total,0.050
1790910660.162,store_0,0.020
1790910660.162,store_1,0.000
1790910660.162,avail_mb,43031
1790910660.162,pswpin,1528761
1790910661.170,api,0.079
1790910661.170,client,0.030
1790910661.170,enginecore,2.052
1790910661.170,other_total,0.010
1790910661.170,store_0,0.020
1790910661.170,store_1,0.000
1790910661.170,avail_mb,43031
1790910661.170,pswpin,1528761
1790910662.179,api,0.069
1790910662.179,client,0.000
1790910662.179,enginecore,1.656
1790910662.179,other_total,0.030
1790910662.179,store_0,0.020
1790910662.179,store_1,0.000
1790910662.179,avail_mb,43029
1790910662.179,pswpin,1528761
1790910663.188,api,0.050
1790910663.188,client,0.040
1790910663.188,enginecore,1.298
1790910663.188,other_total,0.010
1790910663.188,store_0,0.000
1790910663.188,store_1,0.010
1790910663.188,avail_mb,43027
1790910663.188,pswpin,1528761
1790910664.197,api,0.069
1790910664.197,client,0.010
1790910664.197,enginecore,1.428
1790910664.197,other_total,0.020
1790910664.197,store_0,0.020
1790910664.197,store_1,0.000
1790910664.197,avail_mb,43023
1790910664.197,pswpin,1528761
1790910665.206,api,0.069
1790910665.206,client,0.010
1790910665.206,enginecore,1.526
1790910665.206,other_total,0.050
1790910665.206,store_0,0.010
1790910665.206,store_1,0.000
1790910665.206,avail_mb,43027
1790910665.206,pswpin,1528761
1790910666.215,api,0.059
1790910666.215,client,0.010
1790910666.215,enginecore,1.774
1790910666.215,other_total,0.020
1790910666.215,store_0,0.020
1790910666.215,store_1,0.000
1790910666.215,avail_mb,43023
1790910666.215,pswpin,1528761
1790910667.223,api,0.069
1790910667.223,client,0.010
1790910667.223,enginecore,1.557
1790910667.223,other_total,0.000
1790910667.223,store_0,0.020
1790910667.223,store_1,0.020
1790910667.223,avail_mb,43026
1790910667.223,pswpin,1528761
1790910668.232,api,0.030
1790910668.232,client,0.010
1790910668.232,enginecore,0.704
1790910668.232,other_total,0.020
1790910668.232,store_0,0.020
1790910668.232,store_1,0.000
1790910668.232,avail_mb,43029
1790910668.232,pswpin,1528761
1790910669.242,api,0.020
1790910669.242,client,0.010
1790910669.242,enginecore,0.327
1790910669.242,other_total,0.010
1790910669.242,store_0,0.000
1790910669.242,store_1,0.000
1790910669.242,avail_mb,43028
1790910669.242,pswpin,1528761
1790910670.250,api,0.079
1790910670.250,client,0.020
1790910670.250,enginecore,1.607
1790910670.250,other_total,0.069
1790910670.250,store_0,0.000
1790910670.250,store_1,0.010
1790910670.250,avail_mb,43026
1790910670.250,pswpin,1528761
1790910671.259,api,0.040
1790910671.259,client,0.020
1790910671.259,enginecore,1.041
1790910671.259,other_total,0.000
1790910671.259,store_0,0.000
1790910671.259,store_1,0.010
1790910671.259,avail_mb,43025
1790910671.259,pswpin,1528761
1790910672.268,api,0.050
1790910672.268,client,0.000
1790910672.268,enginecore,1.119
1790910672.268,other_total,0.000
1790910672.268,store_0,0.000
1790910672.268,store_1,0.010
1790910672.268,avail_mb,43024
1790910672.268,pswpin,1528763
1790910673.278,api,0.050
1790910673.278,client,0.020
1790910673.278,enginecore,0.813
1790910673.278,other_total,0.030
1790910673.278,store_0,0.000
1790910673.278,store_1,0.000
1790910673.278,avail_mb,43020
1790910673.278,pswpin,1528763
1790910674.286,api,0.010
1790910674.286,client,0.000
1790910674.286,enginecore,0.387
1790910674.286,other_total,0.010
1790910674.286,store_0,0.010
1790910674.286,store_1,0.000
1790910674.286,avail_mb,43020
1790910674.286,pswpin,1528769
1790910675.296,api,0.089
1790910675.296,client,0.020
1790910675.296,enginecore,2.149
1790910675.296,other_total,0.030
1790910675.296,store_0,0.010
1790910675.296,store_1,0.010
1790910675.296,avail_mb,43022
1790910675.296,pswpin,1528771
1790910676.304,api,0.069
1790910676.304,client,0.020
1790910676.304,enginecore,1.259
1790910676.304,other_total,0.020
1790910676.304,store_0,0.010
1790910676.304,store_1,0.000
1790910676.304,avail_mb,43016
1790910676.304,pswpin,1528771
1790910677.313,api,0.069
1790910677.313,client,0.030
1790910677.313,enginecore,1.665
1790910677.313,other_total,0.020
1790910677.313,store_0,0.010
1790910677.313,store_1,0.000
1790910677.313,avail_mb,43018
1790910677.313,pswpin,1528771
1790910678.322,api,0.050
1790910678.322,client,0.020
1790910678.322,enginecore,1.061
1790910678.322,other_total,0.000
1790910678.322,store_0,0.000
1790910678.322,store_1,0.000
1790910678.322,avail_mb,43016
1790910678.322,pswpin,1528771
1790910679.331,api,0.040
1790910679.331,client,0.020
1790910679.331,enginecore,0.991
1790910679.331,other_total,0.089
1790910679.331,store_0,0.000
1790910679.331,store_1,0.010
1790910679.331,avail_mb,43017
1790910679.331,pswpin,1528771
1790910680.340,api,0.050
1790910680.340,client,0.000
1790910680.340,enginecore,0.763
1790910680.340,other_total,0.010
1790910680.340,store_0,0.000
1790910680.340,store_1,0.000
1790910680.340,avail_mb,43015
1790910680.340,pswpin,1528771
1790910681.348,api,0.040
1790910681.348,client,0.010
1790910681.348,enginecore,0.734
1790910681.348,other_total,0.000
1790910681.348,store_0,0.010
1790910681.348,store_1,0.000
1790910681.348,avail_mb,43014
1790910681.348,pswpin,1528771
1790910682.358,api,0.059
1790910682.358,client,0.020
1790910682.358,enginecore,1.198
1790910682.358,other_total,0.020
1790910682.358,store_0,0.000
1790910682.358,store_1,0.010
1790910682.358,avail_mb,43015
1790910682.358,pswpin,1528771
1790910683.367,api,0.069
1790910683.367,client,0.020
1790910683.367,enginecore,1.596
1790910683.367,other_total,0.040
1790910683.367,store_0,0.000
1790910683.367,store_1,0.010
1790910683.367,avail_mb,43016
1790910683.367,pswpin,1528771
1790910684.376,api,0.030
1790910684.376,client,0.000
1790910684.376,enginecore,0.644
1790910684.376,other_total,0.000
1790910684.376,store_0,0.000
1790910684.376,store_1,0.000
1790910684.376,avail_mb,43015
1790910684.376,pswpin,1528771
1790910685.384,api,0.030
1790910685.384,client,0.010
1790910685.384,enginecore,0.773
1790910685.384,other_total,0.020
1790910685.384,store_0,0.020
1790910685.384,store_1,0.000
1790910685.384,avail_mb,43011
1790910685.384,pswpin,1528771
1790910686.393,api,0.010
1790910686.393,client,0.000
1790910686.393,enginecore,0.287
1790910686.393,other_total,0.059
1790910686.393,store_0,0.000
1790910686.393,store_1,0.000
1790910686.393,avail_mb,43008
1790910686.393,pswpin,1528771
1790910687.404,api,0.079
1790910687.404,client,0.020
1790910687.404,enginecore,1.405
1790910687.404,other_total,0.010
1790910687.404,store_0,0.000
1790910687.404,store_1,0.000
1790910687.404,avail_mb,43010
1790910687.404,pswpin,1528773
1790910688.413,api,0.040
1790910688.413,client,0.010
1790910688.413,enginecore,1.021
1790910688.413,other_total,0.050
1790910688.413,store_0,0.010
1790910688.413,store_1,0.000
1790910688.413,avail_mb,43014
1790910688.413,pswpin,1528773
1790910689.422,api,0.059
1790910689.422,client,0.030
1790910689.422,enginecore,1.349
1790910689.422,other_total,0.010
1790910689.422,store_0,0.010
1790910689.422,store_1,0.000
1790910689.422,avail_mb,43015
1790910689.422,pswpin,1528773
1790910690.431,api,0.079
1790910690.431,client,0.020
1790910690.431,enginecore,1.496
1790910690.431,other_total,0.010
1790910690.431,store_0,0.010
1790910690.431,store_1,0.000
1790910690.431,avail_mb,43015
1790910690.431,pswpin,1528773
1790910691.441,api,0.040
1790910691.441,client,0.000
1790910691.441,enginecore,0.882
1790910691.441,other_total,0.000
1790910691.441,store_0,0.020
1790910691.441,store_1,0.000
1790910691.441,avail_mb,43013
1790910691.441,pswpin,1528773
1790910692.449,api,0.050
1790910692.449,client,0.020
1790910692.449,enginecore,1.309
1790910692.449,other_total,0.010
1790910692.449,store_0,0.010
1790910692.449,store_1,0.000
1790910692.449,avail_mb,43017
1790910692.449,pswpin,1528773
1790910693.458,api,0.069
1790910693.458,client,0.020
1790910693.458,enginecore,1.309
1790910693.458,other_total,0.010
1790910693.458,store_0,0.000
1790910693.458,store_1,0.000
1790910693.458,avail_mb,43015
1790910693.458,pswpin,1528773
1790910694.467,api,0.050
1790910694.467,client,0.010
1790910694.467,enginecore,0.961
1790910694.467,other_total,0.020
1790910694.467,store_0,0.000
1790910694.467,store_1,0.020
1790910694.467,avail_mb,43016
1790910694.467,pswpin,1528773
1790910695.475,api,0.059
1790910695.475,client,0.020
1790910695.475,enginecore,1.388
1790910695.475,other_total,0.010
1790910695.475,store_0,0.010
1790910695.475,store_1,0.010
1790910695.475,avail_mb,43019
1790910695.475,pswpin,1528773
1790910696.485,api,0.020
1790910696.485,client,0.000
1790910696.485,enginecore,0.327
1790910696.485,other_total,0.040
1790910696.485,store_0,0.010
1790910696.485,store_1,0.000
1790910696.485,avail_mb,43017
1790910696.485,pswpin,1528773
1790910697.493,api,0.059
1790910697.493,client,0.020
1790910697.493,enginecore,2.052
1790910697.493,other_total,0.059
1790910697.493,store_0,0.010
1790910697.493,store_1,0.010
1790910697.493,avail_mb,43018
1790910697.493,pswpin,1528773
1790910698.502,api,0.089
1790910698.502,client,0.030
1790910698.502,enginecore,2.498
1790910698.502,other_total,0.000
1790910698.502,store_0,0.030
1790910698.502,store_1,0.020
1790910698.502,avail_mb,43017
1790910698.502,pswpin,1528773
1790910699.511,api,0.050
1790910699.511,client,0.010
1790910699.511,enginecore,0.912
1790910699.511,other_total,0.000
1790910699.511,store_0,0.000
1790910699.511,store_1,0.000
1790910699.511,avail_mb,43016
1790910699.511,pswpin,1528773
1790910700.520,api,0.059
1790910700.520,client,0.020
1790910700.520,enginecore,0.981
1790910700.520,other_total,0.040
1790910700.520,store_0,0.000
1790910700.520,store_1,0.010
1790910700.520,avail_mb,43014
1790910700.520,pswpin,1528773
1790910701.530,api,0.069
1790910701.530,client,0.020
1790910701.530,enginecore,1.674
1790910701.530,other_total,0.020
1790910701.530,store_0,0.010
1790910701.530,store_1,0.010
1790910701.530,avail_mb,43014
1790910701.530,pswpin,1528773
1790910702.538,api,0.040
1790910702.538,client,0.010
1790910702.538,enginecore,1.190
1790910702.538,other_total,0.010
1790910702.538,store_0,0.000
1790910702.538,store_1,0.010
1790910702.538,avail_mb,43018
1790910702.538,pswpin,1528773
1790910703.547,api,0.020
1790910703.547,client,0.000
1790910703.547,enginecore,0.694
1790910703.547,other_total,0.079
1790910703.547,store_0,0.020
1790910703.547,store_1,0.000
1790910703.547,avail_mb,43013
1790910703.547,pswpin,1528773
1790910704.556,api,0.050
1790910704.556,client,0.020
1790910704.556,enginecore,0.971
1790910704.556,other_total,0.040
1790910704.556,store_0,0.000
1790910704.556,store_1,0.000
1790910704.556,avail_mb,43013
1790910704.556,pswpin,1528773
1790910705.566,api,0.040
1790910705.566,client,0.010
1790910705.566,enginecore,0.753
1790910705.566,other_total,0.000
1790910705.566,store_0,0.000
1790910705.566,store_1,0.000
1790910705.566,avail_mb,43011
1790910705.566,pswpin,1528773
1790910706.575,api,0.050
1790910706.575,client,0.000
1790910706.575,enginecore,1.159
1790910706.575,other_total,0.030
1790910706.575,store_0,0.010
1790910706.575,store_1,0.010
1790910706.575,avail_mb,43011
1790910706.575,pswpin,1528773
1790910707.584,api,0.020
1790910707.584,client,0.030
1790910707.584,enginecore,0.585
1790910707.584,other_total,0.000
1790910707.584,store_0,0.000
1790910707.584,store_1,0.000
1790910707.584,avail_mb,43008
1790910707.584,pswpin,1528773
1790910708.593,api,0.050
1790910708.593,client,0.000
1790910708.593,enginecore,1.239
1790910708.593,other_total,0.079
1790910708.593,store_0,0.010
1790910708.593,store_1,0.000
1790910708.593,avail_mb,43012
1790910708.593,pswpin,1528773
1790910709.602,api,0.050
1790910709.602,client,0.020
1790910709.602,enginecore,0.991
1790910709.602,other_total,0.010
1790910709.602,store_0,0.000
1790910709.602,store_1,0.000
1790910709.602,avail_mb,43008
1790910709.602,pswpin,1528773
1790910710.611,api,0.030
1790910710.611,client,0.010
1790910710.611,enginecore,0.724
1790910710.611,other_total,0.040
1790910710.611,store_0,0.010
1790910710.611,store_1,0.000
1790910710.611,avail_mb,43007
1790910710.611,pswpin,1528773
1790910711.621,api,0.040
1790910711.621,client,0.010
1790910711.621,enginecore,0.683
1790910711.621,other_total,0.010
1790910711.621,store_0,0.000
1790910711.621,store_1,0.000
1790910711.621,avail_mb,43006
1790910711.621,pswpin,1528774
1790910712.630,api,0.020
1790910712.630,client,0.000
1790910712.630,enginecore,0.634
1790910712.630,other_total,0.040
1790910712.630,store_0,0.010
1790910712.630,store_1,0.020
1790910712.630,avail_mb,43006
1790910712.630,pswpin,1528774
1790910713.640,api,0.089
1790910713.640,client,0.030
1790910713.640,enginecore,2.050
1790910713.640,other_total,0.000
1790910713.640,store_0,0.010
1790910713.640,store_1,0.000
1790910713.640,avail_mb,43008
1790910713.640,pswpin,1528774
1790910714.649,api,0.040
1790910714.649,client,0.000
1790910714.649,enginecore,1.199
1790910714.649,other_total,0.040
1790910714.649,store_0,0.020
1790910714.649,store_1,0.000
1790910714.649,avail_mb,43007
1790910714.649,pswpin,1528774
1790910715.660,api,0.049
1790910715.660,client,0.010
1790910715.660,enginecore,1.157
1790910715.660,other_total,0.030
1790910715.660,store_0,0.010
1790910715.660,store_1,0.010
1790910715.660,avail_mb,43002
1790910715.660,pswpin,1528774
1790910716.669,api,0.040
1790910716.669,client,0.010
1790910716.669,enginecore,0.753
1790910716.669,other_total,0.040
1790910716.669,store_0,0.000
1790910716.669,store_1,0.000
1790910716.669,avail_mb,43000
1790910716.669,pswpin,1528774
1790910717.677,api,0.059
1790910717.677,client,0.020
1790910717.677,enginecore,1.725
1790910717.677,other_total,0.020
1790910717.677,store_0,0.020
1790910717.677,store_1,0.010
1790910717.677,avail_mb,43002
1790910717.677,pswpin,1528774
1790910718.686,api,0.040
1790910718.686,client,0.000
1790910718.686,enginecore,1.140
1790910718.686,other_total,0.030
1790910718.686,store_0,0.010
1790910718.686,store_1,0.010
1790910718.686,avail_mb,43003
1790910718.686,pswpin,1528774
1790910719.695,api,0.050
1790910719.695,client,0.020
1790910719.695,enginecore,1.239
1790910719.695,other_total,0.000
1790910719.695,store_0,0.010
1790910719.695,store_1,0.020
1790910719.695,avail_mb,43002
1790910719.695,pswpin,1528774
1790910720.704,api,0.079
1790910720.704,client,0.030
1790910720.704,enginecore,1.873
1790910720.704,other_total,0.000
1790910720.704,store_0,0.000
1790910720.704,store_1,0.000
1790910720.704,avail_mb,43000
1790910720.704,pswpin,1528777
1790910721.714,api,0.050
1790910721.714,client,0.010
1790910721.714,enginecore,0.991
1790910721.714,other_total,0.010
1790910721.714,store_0,0.010
1790910721.714,store_1,0.050
1790910721.714,avail_mb,43000
1790910721.714,pswpin,1528777
1790910722.723,api,0.069
1790910722.723,client,0.040
1790910722.723,enginecore,2.270
1790910722.723,other_total,0.000
1790910722.723,store_0,0.010
1790910722.723,store_1,0.020
1790910722.723,avail_mb,42998
1790910722.723,pswpin,1528777
1790910723.732,api,0.040
1790910723.732,client,0.000
1790910723.732,enginecore,0.782
1790910723.732,other_total,0.059
1790910723.732,store_0,0.000
1790910723.732,store_1,0.000
1790910723.732,avail_mb,43049
1790910723.732,pswpin,1528777
1790910724.742,api,0.030
1790910724.742,client,0.010
1790910724.742,enginecore,0.644
1790910724.742,other_total,0.059
1790910724.742,store_0,0.000
1790910724.742,store_1,0.000
1790910724.742,avail_mb,43044
1790910724.742,pswpin,1528777
1790910725.752,api,0.030
1790910725.752,client,0.000
1790910725.752,enginecore,0.604
1790910725.752,other_total,0.030
1790910725.752,store_0,0.000
1790910725.752,store_1,0.010
1790910725.752,avail_mb,43040
1790910725.752,pswpin,1528777
1790910726.761,api,0.050
1790910726.761,client,0.010
1790910726.761,enginecore,0.862
1790910726.761,other_total,0.000
1790910726.761,store_0,0.000
1790910726.761,store_1,0.010
1790910726.761,avail_mb,43041
1790910726.761,pswpin,1528777
1790910727.772,api,0.000
1790910727.772,client,0.000
1790910727.772,enginecore,0.099
1790910727.772,other_total,0.040
1790910727.772,store_0,0.000
1790910727.772,store_1,0.000
1790910727.772,avail_mb,43039
1790910727.772,pswpin,1528777
1790910728.782,api,0.010
1790910728.782,client,0.000
1790910728.782,enginecore,0.030
1790910728.782,other_total,0.010
1790910728.782,store_0,0.000
1790910728.782,store_1,0.000
1790910728.782,avail_mb,43039
1790910728.782,pswpin,1528777
1790910729.791,api,0.020
1790910729.791,client,0.010
1790910729.791,enginecore,0.297
1790910729.791,other_total,0.020
1790910729.791,store_0,0.000
1790910729.791,store_1,0.000
1790910729.791,avail_mb,43038
1790910729.791,pswpin,1528777
1790910730.799,api,0.040
1790910730.799,client,0.010
1790910730.799,enginecore,0.962
1790910730.799,other_total,0.099
1790910730.799,store_0,0.000
1790910730.799,store_1,0.010
1790910730.799,avail_mb,43035
1790910730.799,pswpin,1528777
1790910731.808,api,0.040
1790910731.808,client,0.010
1790910731.808,enginecore,0.664
1790910731.808,other_total,0.000
1790910731.808,store_0,0.000
1790910731.808,store_1,0.010
1790910731.808,avail_mb,43036
1790910731.808,pswpin,1528777
1790910732.817,api,0.020
1790910732.817,client,0.000
1790910732.817,enginecore,0.565
1790910732.817,other_total,0.040
1790910732.817,store_0,0.000
1790910732.817,store_1,0.000
1790910732.817,avail_mb,43036
1790910732.817,pswpin,1528777
1790910733.827,api,0.010
1790910733.827,client,0.000
1790910733.827,enginecore,0.020
1790910733.827,other_total,0.040
1790910733.827,store_0,0.000
1790910733.827,store_1,0.000
1790910733.827,avail_mb,43035
1790910733.827,pswpin,1528777
1790910734.836,api,0.010
1790910734.836,client,0.010
1790910734.836,enginecore,0.278
1790910734.836,other_total,0.050
1790910734.836,store_0,0.000
1790910734.836,store_1,0.000
1790910734.836,avail_mb,43034
1790910734.836,pswpin,1528777
1790910735.847,api,0.020
1790910735.847,enginecore,0.267
1790910735.847,other_total,0.040
1790910735.847,store_0,0.000
1790910735.847,store_1,0.000
1790910735.847,avail_mb,43083
1790910735.847,pswpin,1528780
1790910736.857,api,0.000
1790910736.857,enginecore,0.030
1790910736.857,other_total,0.089
1790910736.857,store_0,0.000
1790910736.857,store_1,0.000
1790910736.857,avail_mb,43084
1790910736.857,pswpin,1528780
1790910737.868,api,0.000
1790910737.868,enginecore,0.020
1790910737.868,other_total,0.020
1790910737.868,store_0,0.000
1790910737.868,store_1,0.000
1790910737.868,avail_mb,43085
1790910737.868,pswpin,1528780
1790910738.879,api,0.000
1790910738.879,enginecore,0.030
1790910738.879,other_total,0.010
1790910738.879,store_0,0.000
1790910738.879,store_1,0.000
1790910738.879,avail_mb,43085
1790910738.879,pswpin,1528780
