ts,role,cores
1790907428.702,other_total,0.307
1790907428.702,avail_mb,57298
1790907428.702,pswpin,920691
1790907429.712,other_total,0.069
1790907429.712,avail_mb,57303
1790907429.712,pswpin,920691
1790907430.722,other_total,0.149
1790907430.722,avail_mb,57290
1790907430.722,pswpin,920691
1790907431.733,other_total,0.079
1790907431.733,avail_mb,57294
1790907431.733,pswpin,920691
1790907432.743,other_total,0.109
1790907432.743,avail_mb,57296
1790907432.743,pswpin,920691
1790907433.754,other_total,0.069
1790907433.754,avail_mb,57301
1790907433.754,pswpin,920691
1790907434.765,other_total,4.557
1790907434.765,avail_mb,57247
1790907434.765,pswpin,920691
1790907435.776,other_total,2.197
1790907435.776,avail_mb,57183
1790907435.776,pswpin,920691
1790907436.786,other_total,0.119
1790907436.786,avail_mb,57192
1790907436.786,pswpin,920691
1790907437.797,other_total,0.040
1790907437.797,avail_mb,57201
1790907437.797,pswpin,920691
1790907438.805,other_total,1.150
1790907438.805,avail_mb,56817
1790907438.805,pswpin,920691
1790907439.816,other_total,0.079
1790907439.816,store_0,0.119
1790907439.816,avail_mb,56836
1790907439.816,pswpin,920691
1790907440.825,other_total,2.220
1790907440.825,store_0,0.000
1790907440.825,avail_mb,56208
1790907440.825,pswpin,920691
1790907441.833,api,2.171
1790907441.833,other_total,0.030
1790907441.833,store_0,0.000
1790907441.833,avail_mb,56039
1790907441.833,pswpin,920691
1790907442.842,api,1.993
1790907442.842,other_total,0.040
1790907442.842,store_0,0.000
1790907442.842,avail_mb,55814
1790907442.842,pswpin,920691
1790907443.851,api,1.240
1790907443.851,other_total,0.050
1790907443.851,store_0,0.000
1790907443.851,avail_mb,55692
1790907443.851,pswpin,920691
1790907444.860,api,0.922
1790907444.860,other_total,0.555
1790907444.860,store_0,0.000
1790907444.860,avail_mb,55092
1790907444.860,pswpin,920691
1790907445.869,api,0.000
1790907445.869,other_total,2.121
1790907445.869,store_0,0.000
1790907445.869,avail_mb,54772
1790907445.869,pswpin,920691
1790907446.877,api,0.000
1790907446.877,other_total,2.359
1790907446.877,store_0,0.000
1790907446.877,avail_mb,54566
1790907446.877,pswpin,920691
1790907447.886,api,0.000
1790907447.886,other_total,2.052
1790907447.886,store_0,0.000
1790907447.886,avail_mb,54363
1790907447.886,pswpin,920691
1790907448.897,api,0.000
1790907448.897,other_total,2.078
1790907448.897,store_0,0.000
1790907448.897,avail_mb,53756
1790907448.897,pswpin,920691
1790907449.905,api,0.000
1790907449.905,enginecore,1.378
1790907449.905,other_total,1.933
1790907449.905,store_0,0.000
1790907449.905,avail_mb,53696
1790907449.905,pswpin,920691
1790907450.914,api,0.000
1790907450.914,enginecore,1.904
1790907450.914,other_total,0.129
1790907450.914,store_0,0.000
1790907450.914,avail_mb,53193
1790907450.914,pswpin,920691
1790907451.923,api,0.000
1790907451.923,enginecore,0.991
1790907451.923,other_total,1.021
1790907451.923,store_0,0.000
1790907451.923,avail_mb,53155
1790907451.923,pswpin,920691
1790907452.932,api,0.000
1790907452.932,enginecore,1.021
1790907452.932,other_total,0.010
1790907452.932,store_0,0.000
1790907452.932,avail_mb,53157
1790907452.932,pswpin,920691
1790907453.940,api,0.000
1790907453.940,enginecore,0.932
1790907453.940,other_total,0.099
1790907453.940,store_0,0.000
1790907453.940,avail_mb,52610
1790907453.940,pswpin,920691
1790907454.949,api,0.000
1790907454.949,enginecore,0.000
1790907454.949,other_total,1.031
1790907454.949,store_0,0.000
1790907454.949,avail_mb,52612
1790907454.949,pswpin,920691
1790907455.959,api,0.000
1790907455.959,enginecore,0.010
1790907455.959,other_total,0.030
1790907455.959,store_0,0.000
1790907455.959,avail_mb,52600
1790907455.959,pswpin,920691
1790907456.970,api,0.000
1790907456.970,enginecore,0.148
1790907456.970,other_total,0.109
1790907456.970,store_0,0.000
1790907456.970,avail_mb,52601
1790907456.970,pswpin,920691
1790907457.981,api,0.000
1790907457.981,enginecore,0.821
1790907457.981,other_total,0.030
1790907457.981,store_0,0.000
1790907457.981,avail_mb,51488
1790907457.981,pswpin,920691
1790907458.991,api,0.208
1790907458.991,enginecore,0.297
1790907458.991,other_total,0.040
1790907458.991,store_0,0.000
1790907458.991,avail_mb,51442
1790907458.991,pswpin,920691
1790907460.000,api,0.248
1790907460.000,enginecore,1.150
1790907460.000,other_total,0.218
1790907460.000,store_0,0.000
1790907460.000,avail_mb,50142
1790907460.000,pswpin,920691
1790907461.010,api,0.049
1790907461.010,enginecore,0.426
1790907461.010,other_total,0.109
1790907461.010,store_0,0.000
1790907461.010,avail_mb,50058
1790907461.010,pswpin,920691
1790907462.021,api,0.168
1790907462.021,enginecore,0.000
1790907462.021,other_total,0.040
1790907462.021,store_0,0.000
1790907462.021,avail_mb,50017
1790907462.021,pswpin,920691
1790907463.032,api,0.228
1790907463.032,enginecore,0.010
1790907463.032,other_total,0.030
1790907463.032,store_0,0.000
1790907463.032,avail_mb,50018
1790907463.032,pswpin,920691
1790907464.042,api,0.040
1790907464.042,enginecore,0.010
1790907464.042,other_total,0.089
1790907464.042,store_0,0.000
1790907464.042,avail_mb,49999
1790907464.042,pswpin,920691
1790907465.051,api,0.069
1790907465.051,enginecore,0.922
1790907465.051,other_total,0.099
1790907465.051,store_0,0.129
1790907465.051,avail_mb,49227
1790907465.051,pswpin,920691
1790907466.060,api,0.020
1790907466.060,enginecore,0.991
1790907466.060,other_total,0.030
1790907466.060,store_0,0.139
1790907466.060,avail_mb,48345
1790907466.060,pswpin,920691
1790907467.068,api,0.010
1790907467.068,enginecore,0.991
1790907467.068,other_total,0.020
1790907467.068,store_0,0.129
1790907467.068,avail_mb,47545
1790907467.068,pswpin,920691
1790907468.077,api,0.020
1790907468.077,enginecore,0.952
1790907468.077,other_total,0.040
1790907468.077,store_0,0.139
1790907468.077,avail_mb,46692
1790907468.077,pswpin,920691
1790907469.086,api,0.040
1790907469.086,enginecore,0.169
1790907469.086,other_total,0.436
1790907469.086,store_0,0.050
1790907469.086,avail_mb,49736
1790907469.086,pswpin,920691
1790907470.094,api,0.000
1790907470.094,enginecore,0.010
1790907470.094,other_total,0.882
1790907470.094,store_0,0.000
1790907470.094,avail_mb,49486
1790907470.094,pswpin,920691
1790907471.105,api,0.000
1790907471.105,enginecore,0.010
1790907471.105,other_total,0.109
1790907471.105,store_0,0.000
1790907471.105,store_1,0.089
1790907471.105,avail_mb,49488
1790907471.105,pswpin,920691
1790907472.114,api,0.000
1790907472.114,enginecore,0.000
1790907472.114,other_total,1.675
1790907472.114,store_0,0.000
1790907472.114,store_1,0.000
1790907472.114,avail_mb,48930
1790907472.114,pswpin,920691
1790907473.125,api,2.067
1790907473.125,enginecore,0.020
1790907473.125,other_total,0.020
1790907473.125,store_0,0.000
1790907473.125,store_1,0.000
1790907473.125,avail_mb,48729
1790907473.125,pswpin,920691
1790907474.133,api,2.191
1790907474.133,enginecore,0.000
1790907474.133,other_total,0.050
1790907474.133,store_0,0.000
1790907474.133,store_1,0.000
1790907474.133,avail_mb,48514
1790907474.133,pswpin,920691
1790907475.144,api,1.514
1790907475.144,enginecore,0.010
1790907475.144,other_total,0.030
1790907475.144,store_0,0.000
1790907475.144,store_1,0.000
1790907475.144,avail_mb,48361
1790907475.144,pswpin,920691
1790907476.153,api,0.942
1790907476.153,enginecore,0.000
1790907476.153,other_total,0.178
1790907476.153,store_0,0.000
1790907476.153,store_1,0.000
1790907476.153,avail_mb,48076
1790907476.153,pswpin,920691
1790907477.162,api,0.000
1790907477.162,enginecore,0.000
1790907477.162,other_total,2.280
1790907477.162,store_0,0.000
1790907477.162,store_1,0.000
1790907477.162,avail_mb,47448
1790907477.162,pswpin,920691
1790907478.171,api,0.000
1790907478.171,enginecore,0.010
1790907478.171,other_total,2.378
1790907478.171,store_0,0.000
1790907478.171,store_1,0.000
1790907478.171,avail_mb,47228
1790907478.171,pswpin,920691
1790907479.180,api,0.000
1790907479.180,enginecore,0.000
1790907479.180,other_total,2.022
1790907479.180,store_0,0.000
1790907479.180,store_1,0.000
1790907479.180,avail_mb,47038
1790907479.180,pswpin,920691
1790907480.189,api,0.000
1790907480.189,enginecore,0.000
1790907480.189,other_total,2.150
1790907480.189,store_0,0.000
1790907480.189,store_1,0.000
1790907480.189,avail_mb,46436
1790907480.189,pswpin,920691
1790907481.198,api,0.000
1790907481.198,enginecore,1.378
1790907481.198,other_total,1.933
1790907481.198,store_0,0.000
1790907481.198,store_1,0.000
1790907481.198,avail_mb,46374
1790907481.198,pswpin,920691
1790907482.207,api,0.000
1790907482.207,enginecore,1.953
1790907482.207,other_total,0.159
1790907482.207,store_0,0.000
1790907482.207,store_1,0.000
1790907482.207,avail_mb,45873
1790907482.207,pswpin,920691
1790907483.216,api,0.000
1790907483.216,enginecore,1.011
1790907483.216,other_total,1.021
1790907483.216,store_0,0.000
1790907483.216,store_1,0.000
1790907483.216,avail_mb,45843
1790907483.216,pswpin,920691
1790907484.225,api,0.000
1790907484.225,enginecore,1.021
1790907484.225,other_total,0.198
1790907484.225,store_0,0.000
1790907484.225,store_1,0.000
1790907484.225,avail_mb,45833
1790907484.225,pswpin,920691
1790907485.234,api,0.000
1790907485.234,enginecore,0.981
1790907485.234,other_total,0.050
1790907485.234,store_0,0.000
1790907485.234,store_1,0.000
1790907485.234,avail_mb,45285
1790907485.234,pswpin,920691
1790907486.243,api,0.000
1790907486.243,enginecore,0.030
1790907486.243,other_total,1.080
1790907486.243,store_0,0.000
1790907486.243,store_1,0.000
1790907486.243,avail_mb,45259
1790907486.243,pswpin,920691
1790907487.253,api,0.000
1790907487.253,enginecore,0.040
1790907487.253,other_total,0.079
1790907487.253,store_0,0.000
1790907487.253,store_1,0.000
1790907487.253,avail_mb,45264
1790907487.253,pswpin,920691
1790907488.264,api,0.000
1790907488.264,enginecore,0.040
1790907488.264,other_total,0.000
1790907488.264,store_0,0.000
1790907488.264,store_1,0.000
1790907488.264,avail_mb,45274
1790907488.264,pswpin,920691
1790907489.275,api,0.010
1790907489.275,enginecore,0.040
1790907489.275,other_total,0.000
1790907489.275,store_0,0.000
1790907489.275,store_1,0.000
1790907489.275,avail_mb,45283
1790907489.275,pswpin,920691
1790907490.286,api,0.000
1790907490.286,enginecore,0.049
1790907490.286,other_total,0.049
1790907490.286,store_0,0.000
1790907490.286,store_1,0.000
1790907490.286,avail_mb,45289
1790907490.286,pswpin,920691
1790907491.296,api,0.000
1790907491.296,enginecore,0.040
1790907491.296,other_total,0.000
1790907491.296,store_0,0.000
1790907491.296,store_1,0.000
1790907491.296,avail_mb,45297
1790907491.296,pswpin,920691
1790907492.307,api,0.000
1790907492.307,enginecore,0.040
1790907492.307,other_total,0.049
1790907492.307,store_0,0.000
1790907492.307,store_1,0.000
1790907492.307,avail_mb,45302
1790907492.307,pswpin,920691
1790907493.318,api,0.000
1790907493.318,enginecore,0.089
1790907493.318,other_total,0.010
1790907493.318,store_0,0.000
1790907493.318,store_1,0.000
1790907493.318,avail_mb,45309
1790907493.318,pswpin,920691
1790907494.329,api,0.000
1790907494.329,enginecore,0.930
1790907494.329,other_total,0.030
1790907494.329,store_0,0.000
1790907494.329,store_1,0.000
1790907494.329,avail_mb,44158
1790907494.329,pswpin,920691
1790907495.339,api,0.059
1790907495.339,enginecore,0.030
1790907495.339,other_total,0.059
1790907495.339,store_0,0.000
1790907495.339,store_1,0.000
1790907495.339,avail_mb,44157
1790907495.339,pswpin,920691
1790907496.350,api,0.386
1790907496.350,enginecore,0.030
1790907496.350,other_total,0.099
1790907496.350,store_0,0.000
1790907496.350,store_1,0.000
1790907496.350,avail_mb,44134
1790907496.350,pswpin,920691
1790907497.359,api,0.010
1790907497.359,enginecore,1.170
1790907497.359,other_total,0.000
1790907497.359,store_0,0.000
1790907497.359,store_1,0.000
1790907497.359,avail_mb,42888
1790907497.359,pswpin,920691
1790907498.370,api,0.000
1790907498.370,enginecore,0.712
1790907498.370,other_total,0.049
1790907498.370,store_0,0.000
1790907498.370,store_1,0.000
1790907498.370,avail_mb,42800
1790907498.370,pswpin,920691
1790907499.381,api,0.178
1790907499.381,enginecore,0.069
1790907499.381,other_total,0.010
1790907499.381,store_0,0.000
1790907499.381,store_1,0.000
1790907499.381,avail_mb,42770
1790907499.381,pswpin,920691
1790907500.392,api,0.257
1790907500.392,enginecore,0.030
1790907500.392,other_total,0.059
1790907500.392,store_0,0.000
1790907500.392,store_1,0.000
1790907500.392,avail_mb,42770
1790907500.392,pswpin,920691
1790907501.403,api,0.000
1790907501.403,enginecore,0.020
1790907501.403,other_total,0.109
1790907501.403,store_0,0.000
1790907501.403,store_1,0.000
1790907501.403,avail_mb,42778
1790907501.403,pswpin,920691
1790907502.412,api,0.119
1790907502.412,enginecore,0.803
1790907502.412,other_total,0.040
1790907502.412,store_0,0.000
1790907502.412,store_1,0.099
1790907502.412,avail_mb,42134
1790907502.412,pswpin,920691
1790907503.422,api,0.020
1790907503.422,enginecore,0.990
1790907503.422,other_total,0.168
1790907503.422,store_0,0.000
1790907503.422,store_1,0.148
1790907503.422,avail_mb,41255
1790907503.422,pswpin,920691
1790907504.432,api,0.020
1790907504.432,enginecore,1.010
1790907504.432,other_total,0.149
1790907504.432,store_0,0.000
1790907504.432,store_1,0.149
1790907504.432,avail_mb,40406
1790907504.432,pswpin,920691
1790907505.441,api,0.020
1790907505.441,enginecore,1.031
1790907505.441,other_total,0.010
1790907505.441,store_0,0.000
1790907505.441,store_1,0.129
1790907505.441,avail_mb,39608
1790907505.441,pswpin,920691
1790907506.450,api,0.050
1790907506.450,enginecore,0.208
1790907506.450,other_total,0.535
1790907506.450,store_0,0.000
1790907506.450,store_1,0.069
1790907506.450,avail_mb,42514
1790907506.450,pswpin,920691
1790907507.462,api,0.000
1790907507.462,enginecore,0.010
1790907507.462,other_total,0.820
1790907507.462,store_0,0.000
1790907507.462,store_1,0.000
1790907507.462,avail_mb,42315
1790907507.462,pswpin,920691
1790907508.473,api,0.000
1790907508.473,enginecore,0.020
1790907508.473,other_total,0.049
1790907508.473,store_0,0.000
1790907508.473,store_1,0.000
1790907508.473,store_2,0.208
1790907508.473,avail_mb,42256
1790907508.473,pswpin,920691
1790907509.484,api,0.010
1790907509.484,enginecore,0.010
1790907509.484,other_total,1.435
1790907509.484,store_0,0.000
1790907509.484,store_1,0.000
1790907509.484,store_2,0.000
1790907509.484,avail_mb,41749
1790907509.484,pswpin,920691
1790907510.497,api,1.935
1790907510.497,enginecore,0.010
1790907510.497,other_total,0.020
1790907510.497,store_0,0.000
1790907510.497,store_1,0.000
1790907510.497,store_2,0.000
1790907510.497,avail_mb,41521
1790907510.497,pswpin,920691
1790907511.506,api,2.318
1790907511.506,enginecore,0.010
1790907511.506,other_total,0.050
1790907511.506,store_0,0.000
1790907511.506,store_1,0.000
1790907511.506,store_2,0.000
1790907511.506,avail_mb,41291
1790907511.506,pswpin,920691
1790907512.515,api,1.745
1790907512.515,enginecore,0.000
1790907512.515,other_total,0.020
1790907512.515,store_0,0.000
1790907512.515,store_1,0.000
1790907512.515,store_2,0.000
1790907512.515,avail_mb,41072
1790907512.515,pswpin,920691
1790907513.524,api,0.803
1790907513.524,enginecore,0.040
1790907513.524,other_total,0.010
1790907513.524,store_0,0.000
1790907513.524,store_1,0.000
1790907513.524,store_2,0.000
1790907513.524,avail_mb,40917
1790907513.524,pswpin,920691
1790907514.533,api,0.109
1790907514.533,enginecore,0.000
1790907514.533,other_total,2.290
1790907514.533,store_0,0.000
1790907514.533,store_1,0.000
1790907514.533,store_2,0.000
1790907514.533,avail_mb,40197
1790907514.533,pswpin,920691
1790907515.543,api,0.000
1790907515.543,enginecore,0.010
1790907515.543,other_total,2.305
1790907515.543,store_0,0.000
1790907515.543,store_1,0.000
1790907515.543,store_2,0.000
1790907515.543,avail_mb,39986
1790907515.543,pswpin,920691
1790907516.552,api,0.000
1790907516.552,enginecore,0.010
1790907516.552,other_total,2.032
1790907516.552,store_0,0.000
1790907516.552,store_1,0.000
1790907516.552,store_2,0.000
1790907516.552,avail_mb,39784
1790907516.552,pswpin,920691
1790907517.561,api,0.000
1790907517.561,enginecore,0.000
1790907517.561,other_total,2.032
1790907517.561,store_0,0.000
1790907517.561,store_1,0.000
1790907517.561,store_2,0.000
1790907517.561,avail_mb,39178
1790907517.561,pswpin,920691
1790907518.573,api,0.000
1790907518.573,enginecore,1.286
1790907518.573,other_total,2.027
1790907518.573,store_0,0.000
1790907518.573,store_1,0.000
1790907518.573,store_2,0.000
1790907518.573,avail_mb,39120
1790907518.573,pswpin,920691
1790907519.583,api,0.000
1790907519.583,enginecore,2.028
1790907519.583,other_total,0.049
1790907519.583,store_0,0.000
1790907519.583,store_1,0.000
1790907519.583,store_2,0.000
1790907519.583,avail_mb,38629
1790907519.583,pswpin,920691
1790907520.592,api,0.000
1790907520.592,enginecore,1.001
1790907520.592,other_total,1.051
1790907520.592,store_0,0.000
1790907520.592,store_1,0.000
1790907520.592,store_2,0.000
1790907520.592,avail_mb,38576
1790907520.592,pswpin,920691
1790907521.601,api,0.000
1790907521.601,enginecore,1.031
1790907521.601,other_total,0.030
1790907521.601,store_0,0.000
1790907521.601,store_1,0.000
1790907521.601,store_2,0.000
1790907521.601,avail_mb,38568
1790907521.601,pswpin,920691
1790907522.610,api,0.000
1790907522.610,enginecore,0.961
1790907522.610,other_total,0.069
1790907522.610,store_0,0.000
1790907522.610,store_1,0.000
1790907522.610,store_2,0.000
1790907522.610,avail_mb,38013
1790907522.610,pswpin,920691
1790907523.620,api,0.000
1790907523.620,enginecore,0.129
1790907523.620,other_total,0.901
1790907523.620,store_0,0.000
1790907523.620,store_1,0.000
1790907523.620,store_2,0.000
1790907523.620,avail_mb,37993
1790907523.620,pswpin,920691
1790907524.631,api,0.000
1790907524.631,enginecore,0.020
1790907524.631,other_total,0.188
1790907524.631,store_0,0.000
1790907524.631,store_1,0.000
1790907524.631,store_2,0.000
1790907524.631,avail_mb,37991
1790907524.631,pswpin,920691
1790907525.641,api,0.000
1790907525.641,enginecore,0.030
1790907525.641,other_total,0.020
1790907525.641,store_0,0.000
1790907525.641,store_1,0.000
1790907525.641,store_2,0.000
1790907525.641,avail_mb,37993
1790907525.641,pswpin,920691
1790907526.651,api,0.000
1790907526.651,enginecore,0.000
1790907526.651,other_total,0.010
1790907526.651,store_0,0.000
1790907526.651,store_1,0.000
1790907526.651,store_2,0.000
1790907526.651,avail_mb,37998
1790907526.651,pswpin,920691
1790907527.661,api,0.010
1790907527.661,enginecore,0.020
1790907527.661,other_total,0.010
1790907527.661,store_0,0.000
1790907527.661,store_1,0.000
1790907527.661,store_2,0.000
1790907527.661,avail_mb,38004
1790907527.661,pswpin,920691
1790907528.672,api,0.000
1790907528.672,enginecore,0.020
1790907528.672,other_total,0.030
1790907528.672,store_0,0.000
1790907528.672,store_1,0.000
1790907528.672,store_2,0.000
1790907528.672,avail_mb,38023
1790907528.672,pswpin,920691
1790907529.682,api,0.000
1790907529.682,enginecore,0.030
1790907529.682,other_total,0.010
1790907529.682,store_0,0.000
1790907529.682,store_1,0.000
1790907529.682,store_2,0.000
1790907529.682,avail_mb,38025
1790907529.682,pswpin,920691
1790907530.693,api,0.000
1790907530.693,enginecore,0.069
1790907530.693,other_total,0.000
1790907530.693,store_0,0.000
1790907530.693,store_1,0.000
1790907530.693,store_2,0.000
1790907530.693,avail_mb,38026
1790907530.693,pswpin,920691
1790907531.705,api,0.010
1790907531.705,enginecore,0.899
1790907531.705,other_total,0.049
1790907531.705,store_0,0.000
1790907531.705,store_1,0.000
1790907531.705,store_2,0.000
1790907531.705,avail_mb,36920
1790907531.705,pswpin,920691
1790907532.716,api,0.059
1790907532.716,enginecore,0.099
1790907532.716,other_total,0.049
1790907532.716,store_0,0.000
1790907532.716,store_1,0.000
1790907532.716,store_2,0.000
1790907532.716,avail_mb,36912
1790907532.716,pswpin,920691
1790907533.727,api,0.376
1790907533.727,enginecore,0.040
1790907533.727,other_total,0.030
1790907533.727,store_0,0.000
1790907533.727,store_1,0.000
1790907533.727,store_2,0.000
1790907533.727,avail_mb,36874
1790907533.727,pswpin,920691
1790907534.737,api,0.010
1790907534.737,enginecore,1.049
1790907534.737,other_total,0.030
1790907534.737,store_0,0.000
1790907534.737,store_1,0.000
1790907534.737,store_2,0.000
1790907534.737,avail_mb,35660
1790907534.737,pswpin,920691
1790907535.748,api,0.000
1790907535.748,enginecore,0.762
1790907535.748,other_total,0.040
1790907535.748,store_0,0.000
1790907535.748,store_1,0.000
1790907535.748,store_2,0.000
1790907535.748,avail_mb,35551
1790907535.748,pswpin,920691
1790907536.760,api,0.079
1790907536.760,enginecore,0.188
1790907536.760,other_total,0.010
1790907536.760,store_0,0.000
1790907536.760,store_1,0.000
1790907536.760,store_2,0.000
1790907536.760,avail_mb,35547
1790907536.760,pswpin,920691
1790907537.770,api,0.376
1790907537.770,enginecore,0.040
1790907537.770,other_total,0.020
1790907537.770,store_0,0.000
1790907537.770,store_1,0.000
1790907537.770,store_2,0.000
1790907537.770,avail_mb,35501
1790907537.770,pswpin,920691
1790907538.781,api,0.000
1790907538.781,enginecore,0.059
1790907538.781,other_total,0.030
1790907538.781,store_0,0.000
1790907538.781,store_1,0.000
1790907538.781,store_2,0.000
1790907538.781,avail_mb,35500
1790907538.781,pswpin,920691
1790907539.791,api,0.099
1790907539.791,enginecore,0.713
1790907539.791,other_total,0.020
1790907539.791,store_0,0.000
1790907539.791,store_1,0.000
1790907539.791,store_2,0.089
1790907539.791,avail_mb,34914
1790907539.791,pswpin,920691
1790907540.799,api,0.020
1790907540.799,enginecore,1.021
1790907540.799,other_total,0.050
1790907540.799,store_0,0.000
1790907540.799,store_1,0.000
1790907540.799,store_2,0.149
1790907540.799,avail_mb,34083
1790907540.799,pswpin,920691
1790907541.808,api,0.020
1790907541.808,enginecore,1.031
1790907541.808,other_total,0.020
1790907541.808,store_0,0.000
1790907541.808,store_1,0.000
1790907541.808,store_2,0.139
1790907541.808,avail_mb,33218
1790907541.808,pswpin,920691
1790907542.817,api,0.020
1790907542.817,enginecore,1.060
1790907542.817,other_total,0.020
1790907542.817,store_0,0.000
1790907542.817,store_1,0.000
1790907542.817,store_2,0.139
1790907542.817,avail_mb,32334
1790907542.817,pswpin,920691
1790907543.826,api,0.050
1790907543.826,enginecore,0.218
1790907543.826,other_total,0.555
1790907543.826,store_0,0.000
1790907543.826,store_1,0.000
1790907543.826,store_2,0.069
1790907543.826,avail_mb,35264
1790907543.826,pswpin,920691
1790907544.835,api,0.000
1790907544.835,enginecore,0.010
1790907544.835,other_total,0.743
1790907544.835,store_0,0.000
1790907544.835,store_1,0.000
1790907544.835,store_2,0.000
1790907544.835,avail_mb,35017
1790907544.835,pswpin,920691
1790907545.846,api,0.000
1790907545.846,enginecore,0.040
1790907545.846,other_total,0.010
1790907545.846,store_0,0.000
1790907545.846,store_1,0.000
1790907545.846,store_2,0.000
1790907545.846,store_3,0.237
1790907545.846,avail_mb,34959
1790907545.846,pswpin,920691
1790907546.855,api,0.000
1790907546.855,enginecore,0.020
1790907546.855,other_total,1.388
1790907546.855,store_0,0.000
1790907546.855,store_1,0.000
1790907546.855,store_2,0.000
1790907546.855,store_3,0.000
1790907546.855,avail_mb,34470
1790907546.855,pswpin,920691
1790907547.864,api,1.922
1790907547.864,enginecore,0.020
1790907547.864,other_total,0.020
1790907547.864,store_0,0.000
1790907547.864,store_1,0.000
1790907547.864,store_2,0.000
1790907547.864,store_3,0.000
1790907547.864,avail_mb,34237
1790907547.864,pswpin,920691
1790907548.874,api,2.347
1790907548.874,enginecore,0.020
1790907548.874,other_total,0.040
1790907548.874,store_0,0.000
1790907548.874,store_1,0.000
1790907548.874,store_2,0.000
1790907548.874,store_3,0.000
1790907548.874,avail_mb,34017
1790907548.874,pswpin,920691
1790907549.883,api,1.754
1790907549.883,enginecore,0.010
1790907549.883,other_total,0.059
1790907549.883,store_0,0.000
1790907549.883,store_1,0.000
1790907549.883,store_2,0.000
1790907549.883,store_3,0.000
1790907549.883,avail_mb,33800
1790907549.883,pswpin,920691
1790907550.892,api,0.842
1790907550.892,enginecore,0.040
1790907550.892,other_total,0.050
1790907550.892,store_0,0.000
1790907550.892,store_1,0.000
1790907550.892,store_2,0.000
1790907550.892,store_3,0.000
1790907550.892,avail_mb,33634
1790907550.892,pswpin,920691
1790907551.902,api,0.089
1790907551.902,enginecore,0.020
1790907551.902,other_total,2.259
1790907551.902,store_0,0.000
1790907551.902,store_1,0.000
1790907551.902,store_2,0.000
1790907551.902,store_3,0.000
1790907551.902,avail_mb,32934
1790907551.902,pswpin,920691
1790907552.911,api,0.000
1790907552.911,enginecore,0.010
1790907552.911,other_total,2.329
1790907552.911,store_0,0.000
1790907552.911,store_1,0.000
1790907552.911,store_2,0.000
1790907552.911,store_3,0.000
1790907552.911,avail_mb,32724
1790907552.911,pswpin,920691
1790907553.920,api,0.000
1790907553.920,enginecore,0.010
1790907553.920,other_total,2.022
1790907553.920,store_0,0.000
1790907553.920,store_1,0.000
1790907553.920,store_2,0.000
1790907553.920,store_3,0.000
1790907553.920,avail_mb,32526
1790907553.920,pswpin,920691
1790907554.930,api,0.020
1790907554.930,enginecore,0.010
1790907554.930,other_total,2.030
1790907554.930,store_0,0.000
1790907554.930,store_1,0.000
1790907554.930,store_2,0.000
1790907554.930,store_3,0.000
1790907554.930,avail_mb,31867
1790907554.930,pswpin,920691
1790907555.939,api,0.010
1790907555.939,enginecore,1.377
1790907555.939,other_total,1.982
1790907555.939,store_0,0.000
1790907555.939,store_1,0.000
1790907555.939,store_2,0.000
1790907555.939,store_3,0.000
1790907555.939,avail_mb,31815
1790907555.939,pswpin,920691
1790907556.949,api,0.000
1790907556.949,enginecore,2.020
1790907556.949,other_total,0.059
1790907556.949,store_0,0.000
1790907556.949,store_1,0.000
1790907556.949,store_2,0.000
1790907556.949,store_3,0.000
1790907556.949,avail_mb,31287
1790907556.949,pswpin,920691
1790907557.958,api,0.000
1790907557.958,enginecore,1.031
1790907557.958,other_total,0.991
1790907557.958,store_0,0.000
1790907557.958,store_1,0.000
1790907557.958,store_2,0.000
1790907557.958,store_3,0.000
1790907557.958,avail_mb,31267
1790907557.958,pswpin,920691
1790907558.967,api,0.000
1790907558.967,enginecore,1.001
1790907558.967,other_total,0.089
1790907558.967,store_0,0.000
1790907558.967,store_1,0.000
1790907558.967,store_2,0.000
1790907558.967,store_3,0.000
1790907558.967,avail_mb,31282
1790907558.967,pswpin,920691
1790907559.976,api,0.010
1790907559.976,enginecore,0.941
1790907559.976,other_total,0.000
1790907559.976,store_0,0.000
1790907559.976,store_1,0.000
1790907559.976,store_2,0.000
1790907559.976,store_3,0.000
1790907559.976,avail_mb,30757
1790907559.976,pswpin,920691
1790907560.985,api,0.000
1790907560.985,enginecore,0.099
1790907560.985,other_total,0.922
1790907560.985,store_0,0.000
1790907560.985,store_1,0.000
1790907560.985,store_2,0.000
1790907560.985,store_3,0.000
1790907560.985,avail_mb,30722
1790907560.985,pswpin,920691
1790907561.996,api,0.000
1790907561.996,enginecore,0.069
1790907561.996,other_total,0.188
1790907561.996,store_0,0.000
1790907561.996,store_1,0.000
1790907561.996,store_2,0.000
1790907561.996,store_3,0.000
1790907561.996,avail_mb,30709
1790907561.996,pswpin,920691
1790907563.009,api,0.000
1790907563.009,enginecore,0.049
1790907563.009,other_total,0.030
1790907563.009,store_0,0.000
1790907563.009,store_1,0.000
1790907563.009,store_2,0.000
1790907563.009,store_3,0.000
1790907563.009,avail_mb,30714
1790907563.009,pswpin,920691
1790907564.020,api,0.010
1790907564.020,enginecore,0.059
1790907564.020,other_total,0.030
1790907564.020,store_0,0.000
1790907564.020,store_1,0.000
1790907564.020,store_2,0.000
1790907564.020,store_3,0.000
1790907564.020,avail_mb,30718
1790907564.020,pswpin,920691
1790907565.031,api,0.000
1790907565.031,enginecore,0.059
1790907565.031,other_total,0.059
1790907565.031,store_0,0.000
1790907565.031,store_1,0.000
1790907565.031,store_2,0.000
1790907565.031,store_3,0.000
1790907565.031,avail_mb,30723
1790907565.031,pswpin,920691
1790907566.042,api,0.000
1790907566.042,enginecore,0.079
1790907566.042,other_total,0.000
1790907566.042,store_0,0.000
1790907566.042,store_1,0.000
1790907566.042,store_2,0.000
1790907566.042,store_3,0.000
1790907566.042,avail_mb,30727
1790907566.042,pswpin,920691
1790907567.053,api,0.000
1790907567.053,enginecore,0.059
1790907567.053,other_total,0.040
1790907567.053,store_0,0.000
1790907567.053,store_1,0.000
1790907567.053,store_2,0.000
1790907567.053,store_3,0.000
1790907567.053,avail_mb,30732
1790907567.053,pswpin,920691
1790907568.064,api,0.010
1790907568.064,enginecore,0.574
1790907568.064,other_total,0.040
1790907568.064,store_0,0.000
1790907568.064,store_1,0.000
1790907568.064,store_2,0.000
1790907568.064,store_3,0.000
1790907568.064,avail_mb,29726
1790907568.064,pswpin,920691
1790907569.075,api,0.069
1790907569.075,enginecore,1.068
1790907569.075,other_total,0.079
1790907569.075,store_0,0.000
1790907569.075,store_1,0.000
1790907569.075,store_2,0.000
1790907569.075,store_3,0.000
1790907569.075,avail_mb,28578
1790907569.075,pswpin,920691
1790907570.085,api,0.327
1790907570.085,enginecore,0.902
1790907570.085,other_total,0.000
1790907570.085,store_0,0.000
1790907570.085,store_1,0.000
1790907570.085,store_2,0.000
1790907570.085,store_3,0.000
1790907570.085,avail_mb,28249
1790907570.085,pswpin,920691
1790907571.096,api,0.099
1790907571.096,enginecore,0.386
1790907571.096,other_total,0.079
1790907571.096,store_0,0.000
1790907571.096,store_1,0.000
1790907571.096,store_2,0.000
1790907571.096,store_3,0.000
1790907571.096,avail_mb,28225
1790907571.096,pswpin,920691
1790907572.107,api,0.386
1790907572.107,enginecore,0.049
1790907572.107,other_total,0.000
1790907572.107,store_0,0.000
1790907572.107,store_1,0.000
1790907572.107,store_2,0.000
1790907572.107,store_3,0.000
1790907572.107,avail_mb,28179
1790907572.107,pswpin,920691
1790907573.116,api,0.109
1790907573.116,enginecore,0.634
1790907573.116,other_total,0.030
1790907573.116,store_0,0.000
1790907573.116,store_1,0.000
1790907573.116,store_2,0.000
1790907573.116,store_3,0.069
1790907573.116,avail_mb,27710
1790907573.116,pswpin,920691
1790907574.127,api,0.020
1790907574.127,enginecore,1.048
1790907574.127,other_total,0.040
1790907574.127,store_0,0.000
1790907574.127,store_1,0.000
1790907574.127,store_2,0.000
1790907574.127,store_3,0.148
1790907574.127,avail_mb,26843
1790907574.127,pswpin,920691
1790907575.137,api,0.020
1790907575.137,enginecore,1.010
1790907575.137,other_total,0.020
1790907575.137,store_0,0.000
1790907575.137,store_1,0.000
1790907575.137,store_2,0.000
1790907575.137,store_3,0.139
1790907575.137,avail_mb,25967
1790907575.137,pswpin,920691
1790907576.146,api,0.030
1790907576.146,enginecore,1.041
1790907576.146,other_total,0.000
1790907576.146,store_0,0.000
1790907576.146,store_1,0.000
1790907576.146,store_2,0.000
1790907576.146,store_3,0.149
1790907576.146,avail_mb,25105
1790907576.146,pswpin,920691
1790907577.155,api,0.040
1790907577.155,enginecore,0.188
1790907577.155,other_total,0.674
1790907577.155,store_0,0.000
1790907577.155,store_1,0.000
1790907577.155,store_2,0.000
1790907577.155,store_3,0.079
1790907577.155,avail_mb,27838
1790907577.155,pswpin,920691
1790907578.164,api,0.000
1790907578.164,enginecore,0.040
1790907578.164,other_total,0.634
1790907578.164,store_0,0.000
1790907578.164,store_1,0.000
1790907578.164,store_2,0.000
1790907578.164,store_3,0.000
1790907578.164,avail_mb,27642
1790907578.164,pswpin,920691
1790907579.176,api,0.000
1790907579.176,enginecore,0.030
1790907579.176,other_total,0.030
1790907579.176,store_0,0.000
1790907579.176,store_1,0.000
1790907579.176,store_2,0.000
1790907579.176,store_3,0.000
1790907579.176,store_4,0.316
1790907579.176,avail_mb,27587
1790907579.176,pswpin,920691
1790907580.185,api,0.010
1790907580.185,enginecore,0.040
1790907580.185,other_total,1.258
1790907580.185,store_0,0.000
1790907580.185,store_1,0.000
1790907580.185,store_2,0.000
1790907580.185,store_3,0.000
1790907580.185,store_4,0.000
1790907580.185,avail_mb,27171
1790907580.185,pswpin,920691
1790907581.194,api,1.912
1790907581.194,enginecore,0.010
1790907581.194,other_total,0.050
1790907581.194,store_0,0.000
1790907581.194,store_1,0.000
1790907581.194,store_2,0.000
1790907581.194,store_3,0.000
1790907581.194,store_4,0.000
1790907581.194,avail_mb,26917
1790907581.194,pswpin,920691
1790907582.203,api,2.329
1790907582.203,enginecore,0.020
1790907582.203,other_total,0.030
1790907582.203,store_0,0.000
1790907582.203,store_1,0.000
1790907582.203,store_2,0.000
1790907582.203,store_3,0.000
1790907582.203,store_4,0.000
1790907582.203,avail_mb,26713
1790907582.203,pswpin,920691
1790907583.212,api,1.953
1790907583.212,enginecore,0.010
1790907583.212,other_total,0.040
1790907583.212,store_0,0.000
1790907583.212,store_1,0.000
1790907583.212,store_2,0.000
1790907583.212,store_3,0.000
1790907583.212,store_4,0.000
1790907583.212,avail_mb,26496
1790907583.212,pswpin,920691
1790907584.222,api,0.733
1790907584.222,enginecore,0.020
1790907584.222,other_total,0.010
1790907584.222,store_0,0.000
1790907584.222,store_1,0.000
1790907584.222,store_2,0.000
1790907584.222,store_3,0.000
1790907584.222,store_4,0.000
1790907584.222,avail_mb,26341
1790907584.222,pswpin,920691
1790907585.231,api,0.188
1790907585.231,enginecore,0.020
1790907585.231,other_total,2.111
1790907585.231,store_0,0.000
1790907585.231,store_1,0.000
1790907585.231,store_2,0.000
1790907585.231,store_3,0.000
1790907585.231,store_4,0.000
1790907585.231,avail_mb,25637
1790907585.231,pswpin,920691
1790907586.240,api,0.000
1790907586.240,enginecore,0.010
1790907586.240,other_total,2.260
1790907586.240,store_0,0.000
1790907586.240,store_1,0.000
1790907586.240,store_2,0.000
1790907586.240,store_3,0.000
1790907586.240,store_4,0.000
1790907586.240,avail_mb,25427
1790907586.240,pswpin,920691
1790907587.249,api,0.000
1790907587.249,enginecore,0.010
1790907587.249,other_total,2.022
1790907587.249,store_0,0.000
1790907587.249,store_1,0.000
1790907587.249,store_2,0.000
1790907587.249,store_3,0.000
1790907587.249,store_4,0.000
1790907587.249,avail_mb,25219
1790907587.249,pswpin,920691
1790907588.258,api,0.000
1790907588.258,enginecore,0.010
1790907588.258,other_total,1.922
1790907588.258,store_0,0.000
1790907588.258,store_1,0.000
1790907588.258,store_2,0.000
1790907588.258,store_3,0.000
1790907588.258,store_4,0.000
1790907588.258,avail_mb,24886
1790907588.258,pswpin,920691
1790907589.268,api,0.000
1790907589.268,enginecore,1.268
1790907589.268,other_total,1.783
1790907589.268,store_0,0.000
1790907589.268,store_1,0.000
1790907589.268,store_2,0.000
1790907589.268,store_3,0.000
1790907589.268,store_4,0.000
1790907589.268,avail_mb,24486
1790907589.268,pswpin,920691
1790907590.277,api,0.000
1790907590.277,enginecore,2.041
1790907590.277,other_total,0.377
1790907590.277,store_0,0.000
1790907590.277,store_1,0.000
1790907590.277,store_2,0.000
1790907590.277,store_3,0.000
1790907590.277,store_4,0.000
1790907590.277,avail_mb,24008
1790907590.277,pswpin,920691
1790907591.286,api,0.010
1790907591.286,enginecore,1.219
1790907591.286,other_total,0.832
1790907591.286,store_0,0.000
1790907591.286,store_1,0.000
1790907591.286,store_2,0.000
1790907591.286,store_3,0.000
1790907591.286,store_4,0.000
1790907591.286,avail_mb,23943
1790907591.286,pswpin,920691
1790907592.296,api,0.000
1790907592.296,enginecore,1.625
1790907592.296,other_total,0.317
1790907592.296,store_0,0.000
1790907592.296,store_1,0.000
1790907592.296,store_2,0.000
1790907592.296,store_3,0.000
1790907592.296,store_4,0.000
1790907592.296,avail_mb,22826
1790907592.296,pswpin,920691
1790907593.305,api,0.059
1790907593.305,enginecore,1.297
1790907593.305,other_total,0.119
1790907593.305,store_0,0.000
1790907593.305,store_1,0.000
1790907593.305,store_2,0.000
1790907593.305,store_3,0.000
1790907593.305,store_4,0.000
1790907593.305,avail_mb,22259
1790907593.305,pswpin,920691
1790907594.315,api,0.337
1790907594.315,enginecore,0.327
1790907594.315,other_total,0.852
1790907594.315,store_0,0.000
1790907594.315,store_1,0.000
1790907594.315,store_2,0.000
1790907594.315,store_3,0.000
1790907594.315,store_4,0.000
1790907594.315,avail_mb,22210
1790907594.315,pswpin,920691
1790907595.324,api,0.000
1790907595.324,enginecore,0.753
1790907595.324,other_total,0.396
1790907595.324,store_0,0.000
1790907595.324,store_1,0.000
1790907595.324,store_2,0.000
1790907595.324,store_3,0.000
1790907595.324,store_4,0.000
1790907595.324,avail_mb,21156
1790907595.324,pswpin,920691
1790907596.333,api,0.010
1790907596.333,enginecore,0.763
1790907596.333,other_total,0.208
1790907596.333,store_0,0.000
1790907596.333,store_1,0.000
1790907596.333,store_2,0.000
1790907596.333,store_3,0.000
1790907596.333,store_4,0.000
1790907596.333,avail_mb,20852
1790907596.333,pswpin,920691
1790907597.344,api,0.079
1790907597.344,enginecore,0.277
1790907597.344,other_total,0.040
1790907597.344,store_0,0.000
1790907597.344,store_1,0.000
1790907597.344,store_2,0.000
1790907597.344,store_3,0.000
1790907597.344,store_4,0.000
1790907597.344,avail_mb,20851
1790907597.344,pswpin,920691
1790907598.355,api,0.386
1790907598.355,enginecore,0.010
1790907598.355,other_total,0.158
1790907598.355,store_0,0.000
1790907598.355,store_1,0.000
1790907598.355,store_2,0.000
1790907598.355,store_3,0.000
1790907598.355,store_4,0.000
1790907598.355,avail_mb,20784
1790907598.355,pswpin,920691
1790907599.366,api,0.000
1790907599.366,enginecore,0.020
1790907599.366,other_total,0.208
1790907599.366,store_0,0.000
1790907599.366,store_1,0.000
1790907599.366,store_2,0.000
1790907599.366,store_3,0.000
1790907599.366,store_4,0.000
1790907599.366,avail_mb,20736
1790907599.366,pswpin,920691
1790907600.375,api,0.099
1790907600.375,enginecore,0.515
1790907600.375,other_total,0.089
1790907600.375,store_0,0.000
1790907600.375,store_1,0.000
1790907600.375,store_2,0.000
1790907600.375,store_3,0.000
1790907600.375,store_4,0.059
1790907600.375,avail_mb,20416
1790907600.375,pswpin,920691
1790907601.385,api,0.010
1790907601.385,enginecore,1.030
1790907601.385,other_total,0.099
1790907601.385,store_0,0.000
1790907601.385,store_1,0.000
1790907601.385,store_2,0.000
1790907601.385,store_3,0.000
1790907601.385,store_4,0.149
1790907601.385,avail_mb,19556
1790907601.385,pswpin,920691
1790907602.394,api,0.020
1790907602.394,enginecore,1.020
1790907602.394,other_total,0.059
1790907602.394,store_0,0.000
1790907602.394,store_1,0.000
1790907602.394,store_2,0.000
1790907602.394,store_3,0.000
1790907602.394,store_4,0.149
1790907602.394,avail_mb,18865
1790907602.394,pswpin,920691
1790907603.403,api,0.030
1790907603.403,enginecore,0.991
1790907603.403,other_total,0.159
1790907603.403,store_0,0.000
1790907603.403,store_1,0.000
1790907603.403,store_2,0.000
1790907603.403,store_3,0.000
1790907603.403,store_4,0.159
1790907603.403,avail_mb,17996
1790907603.403,pswpin,920691
1790907604.412,api,0.059
1790907604.412,enginecore,0.188
1790907604.412,other_total,1.348
1790907604.412,store_0,0.000
1790907604.412,store_1,0.000
1790907604.412,store_2,0.000
1790907604.412,store_3,0.000
1790907604.412,store_4,0.178
1790907604.412,avail_mb,20702
1790907604.412,pswpin,920699
1790907605.423,api,0.000
1790907605.423,enginecore,0.020
1790907605.423,other_total,0.356
1790907605.423,store_0,0.000
1790907605.423,store_1,0.000
1790907605.423,store_2,0.000
1790907605.423,store_3,0.000
1790907605.423,store_4,0.000
1790907605.423,avail_mb,20640
1790907605.423,pswpin,920707
1790907606.433,api,0.000
1790907606.433,client,1.308
1790907606.433,enginecore,0.000
1790907606.433,other_total,4.359
1790907606.433,store_0,0.000
1790907606.433,store_1,0.000
1790907606.433,store_2,0.000
1790907606.433,store_3,0.000
1790907606.433,store_4,0.000
1790907606.433,avail_mb,20433
1790907606.433,pswpin,920711
1790907607.442,api,0.000
1790907607.442,client,0.000
1790907607.442,enginecore,0.020
1790907607.442,other_total,4.926
1790907607.442,store_0,0.000
1790907607.442,store_1,0.000
1790907607.442,store_2,0.000
1790907607.442,store_3,0.000
1790907607.442,store_4,0.000
1790907607.442,avail_mb,20342
1790907607.442,pswpin,920729
1790907608.453,api,0.000
1790907608.453,client,0.000
1790907608.453,enginecore,0.020
1790907608.453,other_total,0.148
1790907608.453,store_0,0.000
1790907608.453,store_1,0.000
1790907608.453,store_2,0.000
1790907608.453,store_3,0.000
1790907608.453,store_4,0.000
1790907608.453,avail_mb,20355
1790907608.453,pswpin,920749
1790907609.464,api,0.010
1790907609.464,client,0.010
1790907609.464,enginecore,0.099
1790907609.464,other_total,0.089
1790907609.464,store_0,0.000
1790907609.464,store_1,0.000
1790907609.464,store_2,0.000
1790907609.464,store_3,0.000
1790907609.464,store_4,0.000
1790907609.464,avail_mb,20359
1790907609.464,pswpin,920749
1790907610.475,api,0.049
1790907610.475,client,0.010
1790907610.475,enginecore,0.623
1790907610.475,other_total,0.059
1790907610.475,store_0,0.000
1790907610.475,store_1,0.010
1790907610.475,store_2,0.010
1790907610.475,store_3,0.010
1790907610.475,store_4,0.000
1790907610.475,avail_mb,20403
1790907610.475,pswpin,920749
1790907611.486,api,0.010
1790907611.486,client,0.000
1790907611.486,enginecore,0.227
1790907611.486,other_total,0.000
1790907611.486,store_0,0.000
1790907611.486,store_1,0.000
1790907611.486,store_2,0.010
1790907611.486,store_3,0.000
1790907611.486,store_4,0.000
1790907611.486,avail_mb,20401
1790907611.486,pswpin,920755
1790907612.497,api,0.000
1790907612.497,client,0.000
1790907612.497,enginecore,0.178
1790907612.497,other_total,0.040
1790907612.497,store_0,0.000
1790907612.497,store_1,0.000
1790907612.497,store_2,0.010
1790907612.497,store_3,0.000
1790907612.497,store_4,0.000
1790907612.497,avail_mb,20404
1790907612.497,pswpin,920775
1790907613.509,api,0.020
1790907613.509,client,0.000
1790907613.509,enginecore,0.672
1790907613.509,other_total,0.030
1790907613.509,store_0,0.010
1790907613.509,store_1,0.000
1790907613.509,store_2,0.030
1790907613.509,store_3,0.000
1790907613.509,store_4,0.010
1790907613.509,avail_mb,20442
1790907613.509,pswpin,920775
1790907614.521,api,0.010
1790907614.521,client,0.020
1790907614.521,enginecore,0.514
1790907614.521,other_total,0.198
1790907614.521,store_0,0.000
1790907614.521,store_1,0.020
1790907614.521,store_2,0.010
1790907614.521,store_3,0.000
1790907614.521,store_4,0.000
1790907614.521,avail_mb,20447
1790907614.521,pswpin,920794
1790907615.532,api,0.049
1790907615.532,client,0.000
1790907615.532,enginecore,0.791
1790907615.532,other_total,0.109
1790907615.532,store_0,0.000
1790907615.532,store_1,0.030
1790907615.532,store_2,0.000
1790907615.532,store_3,0.010
1790907615.532,store_4,0.010
1790907615.532,avail_mb,20475
1790907615.532,pswpin,920794
1790907616.543,api,0.000
1790907616.543,client,0.000
1790907616.543,enginecore,0.722
1790907616.543,other_total,0.079
1790907616.543,store_0,0.020
1790907616.543,store_1,0.000
1790907616.543,store_2,0.000
1790907616.543,store_3,0.010
1790907616.543,store_4,0.010
1790907616.543,avail_mb,20482
1790907616.543,pswpin,920795
1790907617.555,api,0.010
1790907617.555,client,0.010
1790907617.555,enginecore,0.336
1790907617.555,other_total,0.040
1790907617.555,store_0,0.000
1790907617.555,store_1,0.010
1790907617.555,store_2,0.000
1790907617.555,store_3,0.010
1790907617.555,store_4,0.000
1790907617.555,avail_mb,20480
1790907617.555,pswpin,920795
1790907618.565,api,0.020
1790907618.565,client,0.010
1790907618.565,enginecore,0.870
1790907618.565,other_total,0.000
1790907618.565,store_0,0.000
1790907618.565,store_1,0.020
1790907618.565,store_2,0.010
1790907618.565,store_3,0.000
1790907618.565,store_4,0.020
1790907618.565,avail_mb,20483
1790907618.565,pswpin,920795
1790907619.577,api,0.010
1790907619.577,client,0.000
1790907619.577,enginecore,0.188
1790907619.577,other_total,0.030
1790907619.577,store_0,0.010
1790907619.577,store_1,0.000
1790907619.577,store_2,0.000
1790907619.577,store_3,0.000
1790907619.577,store_4,0.000
1790907619.577,avail_mb,20479
1790907619.577,pswpin,920795
1790907620.588,api,0.010
1790907620.588,client,0.000
1790907620.588,enginecore,0.336
1790907620.588,other_total,0.049
1790907620.588,store_0,0.010
1790907620.588,store_1,0.010
1790907620.588,store_2,0.000
1790907620.588,store_3,0.000
1790907620.588,store_4,0.000
1790907620.588,avail_mb,20481
1790907620.588,pswpin,920795
1790907621.599,api,0.020
1790907621.599,client,0.010
1790907621.599,enginecore,0.544
1790907621.599,other_total,0.000
1790907621.599,store_0,0.010
1790907621.599,store_1,0.000
1790907621.599,store_2,0.010
1790907621.599,store_3,0.000
1790907621.599,store_4,0.010
1790907621.599,avail_mb,20483
1790907621.599,pswpin,920795
1790907622.610,api,0.000
1790907622.610,client,0.000
1790907622.610,enginecore,0.514
1790907622.610,other_total,0.089
1790907622.610,store_0,0.000
1790907622.610,store_1,0.020
1790907622.610,store_2,0.010
1790907622.610,store_3,0.010
1790907622.610,store_4,0.000
1790907622.610,avail_mb,20476
1790907622.610,pswpin,920795
1790907623.621,api,0.020
1790907623.621,client,0.000
1790907623.621,enginecore,0.504
1790907623.621,other_total,0.020
1790907623.621,store_0,0.000
1790907623.621,store_1,0.010
1790907623.621,store_2,0.010
1790907623.621,store_3,0.020
1790907623.621,store_4,0.000
1790907623.621,avail_mb,20479
1790907623.621,pswpin,920795
1790907624.633,api,0.010
1790907624.633,client,0.000
1790907624.633,enginecore,0.217
1790907624.633,other_total,0.000
1790907624.633,store_0,0.000
1790907624.633,store_1,0.000
1790907624.633,store_2,0.000
1790907624.633,store_3,0.010
1790907624.633,store_4,0.000
1790907624.633,avail_mb,20478
1790907624.633,pswpin,920795
1790907625.644,api,0.030
1790907625.644,client,0.010
1790907625.644,enginecore,0.831
1790907625.644,other_total,0.119
1790907625.644,store_0,0.000
1790907625.644,store_1,0.020
1790907625.644,store_2,0.000
1790907625.644,store_3,0.020
1790907625.644,store_4,0.000
1790907625.644,avail_mb,20479
1790907625.644,pswpin,920795
1790907626.655,api,0.020
1790907626.655,client,0.000
1790907626.655,enginecore,0.544
1790907626.655,other_total,0.000
1790907626.655,store_0,0.010
1790907626.655,store_1,0.010
1790907626.655,store_2,0.000
1790907626.655,store_3,0.000
1790907626.655,store_4,0.010
1790907626.655,avail_mb,20490
1790907626.655,pswpin,920795
1790907627.666,api,0.020
1790907627.666,client,0.010
1790907627.666,enginecore,0.672
1790907627.666,other_total,0.040
1790907627.666,store_0,0.020
1790907627.666,store_1,0.010
1790907627.666,store_2,0.000
1790907627.666,store_3,0.010
1790907627.666,store_4,0.010
1790907627.666,avail_mb,20486
1790907627.666,pswpin,920795
1790907628.677,api,0.010
1790907628.677,client,0.000
1790907628.677,enginecore,0.198
1790907628.677,other_total,0.020
1790907628.677,store_0,0.000
1790907628.677,store_1,0.000
1790907628.677,store_2,0.010
1790907628.677,store_3,0.000
1790907628.677,store_4,0.000
1790907628.677,avail_mb,20476
1790907628.677,pswpin,920795
1790907629.688,api,0.000
1790907629.688,client,0.010
1790907629.688,enginecore,0.178
1790907629.688,other_total,0.030
1790907629.688,store_0,0.010
1790907629.688,store_1,0.000
1790907629.688,store_2,0.000
1790907629.688,store_3,0.000
1790907629.688,store_4,0.000
1790907629.688,avail_mb,20476
1790907629.688,pswpin,920798
1790907630.699,api,0.010
1790907630.699,client,0.010
1790907630.699,enginecore,0.653
1790907630.699,other_total,0.020
1790907630.699,store_0,0.000
1790907630.699,store_1,0.000
1790907630.699,store_2,0.000
1790907630.699,store_3,0.030
1790907630.699,store_4,0.010
1790907630.699,avail_mb,20480
1790907630.699,pswpin,920798
1790907631.710,api,0.020
1790907631.710,client,0.000
1790907631.710,enginecore,0.514
1790907631.710,other_total,0.049
1790907631.710,store_0,0.000
1790907631.710,store_1,0.020
1790907631.710,store_2,0.010
1790907631.710,store_3,0.000
1790907631.710,store_4,0.000
1790907631.710,avail_mb,20474
1790907631.710,pswpin,920799
1790907632.721,api,0.000
1790907632.721,client,0.000
1790907632.721,enginecore,0.168
1790907632.721,other_total,0.020
1790907632.721,store_0,0.000
1790907632.721,store_1,0.000
1790907632.721,store_2,0.010
1790907632.721,store_3,0.000
1790907632.721,store_4,0.000
1790907632.721,avail_mb,20477
1790907632.721,pswpin,920799
1790907633.732,api,0.000
1790907633.732,client,0.000
1790907633.732,enginecore,0.030
1790907633.732,other_total,0.020
1790907633.732,store_0,0.000
1790907633.732,store_1,0.000
1790907633.732,store_2,0.000
1790907633.732,store_3,0.000
1790907633.732,store_4,0.000
1790907633.732,avail_mb,20476
1790907633.732,pswpin,920799
1790907634.743,api,0.010
1790907634.743,client,0.000
1790907634.743,enginecore,0.040
1790907634.743,other_total,0.030
1790907634.743,store_0,0.000
1790907634.743,store_1,0.000
1790907634.743,store_2,0.000
1790907634.743,store_3,0.000
1790907634.743,store_4,0.000
1790907634.743,avail_mb,20467
1790907634.743,pswpin,920809
1790907635.754,api,0.030
1790907635.754,client,0.000
1790907635.754,enginecore,0.712
1790907635.754,other_total,0.040
1790907635.754,store_0,0.010
1790907635.754,store_1,0.000
1790907635.754,store_2,0.000
1790907635.754,store_3,0.030
1790907635.754,store_4,0.010
1790907635.754,avail_mb,20472
1790907635.754,pswpin,920809
1790907636.765,api,0.000
1790907636.765,client,0.000
1790907636.765,enginecore,0.000
1790907636.765,other_total,0.030
1790907636.765,store_0,0.000
1790907636.765,store_1,0.000
1790907636.765,store_2,0.000
1790907636.765,store_3,0.000
1790907636.765,store_4,0.000
1790907636.765,avail_mb,20471
1790907636.765,pswpin,920809
1790907637.776,api,0.020
1790907637.776,client,0.000
1790907637.776,enginecore,0.544
1790907637.776,other_total,0.000
1790907637.776,store_0,0.010
1790907637.776,store_1,0.010
1790907637.776,store_2,0.000
1790907637.776,store_3,0.000
1790907637.776,store_4,0.010
1790907637.776,avail_mb,20472
1790907637.776,pswpin,920809
1790907638.787,api,0.000
1790907638.787,client,0.000
1790907638.787,enginecore,0.524
1790907638.787,other_total,0.010
1790907638.787,store_0,0.010
1790907638.787,store_1,0.010
1790907638.787,store_2,0.010
1790907638.787,store_3,0.000
1790907638.787,store_4,0.000
1790907638.787,avail_mb,20475
1790907638.787,pswpin,920810
1790907639.798,api,0.020
1790907639.798,client,0.000
1790907639.798,enginecore,0.178
1790907639.798,other_total,0.020
1790907639.798,store_0,0.000
1790907639.798,store_1,0.010
1790907639.798,store_2,0.000
1790907639.798,store_3,0.010
1790907639.798,store_4,0.000
1790907639.798,avail_mb,20478
1790907639.798,pswpin,920817
1790907640.810,api,0.020
1790907640.810,client,0.010
1790907640.810,enginecore,0.682
1790907640.810,other_total,0.030
1790907640.810,store_0,0.000
1790907640.810,store_1,0.000
1790907640.810,store_2,0.020
1790907640.810,store_3,0.000
1790907640.810,store_4,0.010
1790907640.810,avail_mb,20478
1790907640.810,pswpin,920817
1790907641.820,api,0.000
1790907641.820,client,0.000
1790907641.820,enginecore,0.020
1790907641.820,other_total,0.010
1790907641.820,store_0,0.000
1790907641.820,store_1,0.000
1790907641.820,store_2,0.000
1790907641.820,store_3,0.000
1790907641.820,store_4,0.000
1790907641.820,avail_mb,20478
1790907641.820,pswpin,920817
1790907642.832,api,0.000
1790907642.832,client,0.000
1790907642.832,enginecore,0.069
1790907642.832,other_total,0.010
1790907642.832,store_0,0.000
1790907642.832,store_1,0.000
1790907642.832,store_2,0.000
1790907642.832,store_3,0.000
1790907642.832,store_4,0.020
1790907642.832,avail_mb,20478
1790907642.832,pswpin,920817
1790907643.843,api,0.020
1790907643.843,client,0.000
1790907643.843,enginecore,0.801
1790907643.843,other_total,0.069
1790907643.843,store_0,0.000
1790907643.843,store_1,0.010
1790907643.843,store_2,0.000
1790907643.843,store_3,0.000
1790907643.843,store_4,0.020
1790907643.843,avail_mb,20472
1790907643.843,pswpin,920828
1790907644.854,api,0.020
1790907644.854,client,0.010
1790907644.854,enginecore,0.692
1790907644.854,other_total,0.020
1790907644.854,store_0,0.010
1790907644.854,store_1,0.020
1790907644.854,store_2,0.010
1790907644.854,store_3,0.000
1790907644.854,store_4,0.000
1790907644.854,avail_mb,20472
1790907644.854,pswpin,920828
1790907645.866,api,0.030
1790907645.866,client,0.020
1790907645.866,enginecore,0.870
1790907645.866,other_total,0.000
1790907645.866,store_0,0.030
1790907645.866,store_1,0.010
1790907645.866,store_2,0.000
1790907645.866,store_3,0.010
1790907645.866,store_4,0.010
1790907645.866,avail_mb,20478
1790907645.866,pswpin,920828
1790907646.877,api,0.010
1790907646.877,client,0.000
1790907646.877,enginecore,0.198
1790907646.877,other_total,0.040
1790907646.877,store_0,0.000
1790907646.877,store_1,0.000
1790907646.877,store_2,0.000
1790907646.877,store_3,0.010
1790907646.877,store_4,0.000
1790907646.877,avail_mb,20473
1790907646.877,pswpin,920828
1790907647.888,api,0.000
1790907647.888,client,0.000
1790907647.888,enginecore,0.504
1790907647.888,other_total,0.020
1790907647.888,store_0,0.000
1790907647.888,store_1,0.010
1790907647.888,store_2,0.000
1790907647.888,store_3,0.010
1790907647.888,store_4,0.010
1790907647.888,avail_mb,20474
1790907647.888,pswpin,920828
1790907648.899,api,0.020
1790907648.899,client,0.000
1790907648.899,enginecore,0.366
1790907648.899,other_total,0.000
1790907648.899,store_0,0.000
1790907648.899,store_1,0.000
1790907648.899,store_2,0.010
1790907648.899,store_3,0.000
1790907648.899,store_4,0.010
1790907648.899,avail_mb,20476
1790907648.899,pswpin,920828
1790907649.908,api,0.020
1790907649.908,client,0.000
1790907649.908,enginecore,1.020
1790907649.908,other_total,0.020
1790907649.908,store_0,0.010
1790907649.908,store_1,0.000
1790907649.908,store_2,0.040
1790907649.908,store_3,0.000
1790907649.908,store_4,0.030
1790907649.908,avail_mb,20473
1790907649.908,pswpin,920828
1790907650.919,api,0.020
1790907650.919,client,0.000
1790907650.919,enginecore,1.207
1790907650.919,other_total,0.059
1790907650.919,store_0,0.010
1790907650.919,store_1,0.030
1790907650.919,store_2,0.020
1790907650.919,store_3,0.000
1790907650.919,store_4,0.010
1790907650.919,avail_mb,20472
1790907650.919,pswpin,920829
1790907651.930,api,0.030
1790907651.930,client,0.010
1790907651.930,enginecore,0.366
1790907651.930,other_total,0.000
1790907651.930,store_0,0.000
1790907651.930,store_1,0.000
1790907651.930,store_2,0.000
1790907651.930,store_3,0.000
1790907651.930,store_4,0.020
1790907651.930,avail_mb,20471
1790907651.930,pswpin,920830
1790907652.941,api,0.010
1790907652.941,client,0.010
1790907652.941,enginecore,0.524
1790907652.941,other_total,0.148
1790907652.941,store_0,0.010
1790907652.941,store_1,0.000
1790907652.941,store_2,0.000
1790907652.941,store_3,0.010
1790907652.941,store_4,0.010
1790907652.941,avail_mb,20435
1790907652.941,pswpin,920904
1790907653.952,api,0.010
1790907653.952,client,0.000
1790907653.952,enginecore,0.326
1790907653.952,other_total,0.168
1790907653.952,store_0,0.000
1790907653.952,store_1,0.000
1790907653.952,store_2,0.000
1790907653.952,store_3,0.010
1790907653.952,store_4,0.010
1790907653.952,avail_mb,20419
1790907653.952,pswpin,920930
1790907654.961,api,0.030
1790907654.961,client,0.000
1790907654.961,enginecore,1.239
1790907654.961,other_total,0.248
1790907654.961,store_0,0.040
1790907654.961,store_1,0.030
1790907654.961,store_2,0.000
1790907654.961,store_3,0.000
1790907654.961,store_4,0.000
1790907654.961,avail_mb,20410
1790907654.961,pswpin,920982
1790907655.972,api,0.020
1790907655.972,client,0.010
1790907655.972,enginecore,0.326
1790907655.972,other_total,0.109
1790907655.972,store_0,0.030
1790907655.972,store_1,0.000
1790907655.972,store_2,0.000
1790907655.972,store_3,0.000
1790907655.972,store_4,0.000
1790907655.972,avail_mb,20406
1790907655.972,pswpin,920987
1790907656.983,api,0.020
1790907656.983,client,0.000
1790907656.983,enginecore,0.366
1790907656.983,other_total,0.000
1790907656.983,store_0,0.010
1790907656.983,store_1,0.000
1790907656.983,store_2,0.010
1790907656.983,store_3,0.000
1790907656.983,store_4,0.000
1790907656.983,avail_mb,20414
1790907656.983,pswpin,920987
1790907657.994,api,0.010
1790907657.994,client,0.000
1790907657.994,enginecore,0.178
1790907657.994,other_total,0.010
1790907657.994,store_0,0.000
1790907657.994,store_1,0.000
1790907657.994,store_2,0.000
1790907657.994,store_3,0.000
1790907657.994,store_4,0.010
1790907657.994,avail_mb,20418
1790907657.994,pswpin,920987
1790907659.005,api,0.000
1790907659.005,client,0.000
1790907659.005,enginecore,0.346
1790907659.005,other_total,0.059
1790907659.005,store_0,0.010
1790907659.005,store_1,0.000
1790907659.005,store_2,0.000
1790907659.005,store_3,0.010
1790907659.005,store_4,0.000
1790907659.005,avail_mb,20420
1790907659.005,pswpin,920987
1790907660.016,api,0.000
1790907660.016,client,0.010
1790907660.016,enginecore,0.188
1790907660.016,other_total,0.000
1790907660.016,store_0,0.000
1790907660.016,store_1,0.020
1790907660.016,store_2,0.000
1790907660.016,store_3,0.000
1790907660.016,store_4,0.000
1790907660.016,avail_mb,20420
1790907660.016,pswpin,920987
1790907661.027,api,0.020
1790907661.027,client,0.000
1790907661.027,enginecore,0.524
1790907661.027,other_total,0.030
1790907661.027,store_0,0.020
1790907661.027,store_1,0.010
1790907661.027,store_2,0.000
1790907661.027,store_3,0.000
1790907661.027,store_4,0.000
1790907661.027,avail_mb,20420
1790907661.027,pswpin,920987
1790907662.038,api,0.000
1790907662.038,client,0.000
1790907662.038,enginecore,0.188
1790907662.038,other_total,0.049
1790907662.038,store_0,0.000
1790907662.038,store_1,0.010
1790907662.038,store_2,0.000
1790907662.038,store_3,0.000
1790907662.038,store_4,0.000
1790907662.038,avail_mb,20414
1790907662.038,pswpin,920987
1790907663.049,api,0.020
1790907663.049,client,0.000
1790907663.049,enginecore,0.346
1790907663.049,other_total,0.000
1790907663.049,store_0,0.010
1790907663.049,store_1,0.020
1790907663.049,store_2,0.000
1790907663.049,store_3,0.000
1790907663.049,store_4,0.000
1790907663.049,avail_mb,20419
1790907663.049,pswpin,920987
1790907664.060,api,0.010
1790907664.060,client,0.000
1790907664.060,enginecore,0.554
1790907664.060,other_total,0.020
1790907664.060,store_0,0.010
1790907664.060,store_1,0.010
1790907664.060,store_2,0.000
1790907664.060,store_3,0.000
1790907664.060,store_4,0.000
1790907664.060,avail_mb,20419
1790907664.060,pswpin,920987
1790907665.071,api,0.010
1790907665.071,client,0.010
1790907665.071,enginecore,0.514
1790907665.071,other_total,0.040
1790907665.071,store_0,0.020
1790907665.071,store_1,0.000
1790907665.071,store_2,0.000
1790907665.071,store_3,0.000
1790907665.071,store_4,0.030
1790907665.071,avail_mb,20415
1790907665.071,pswpin,920987
1790907666.083,api,0.030
1790907666.083,client,0.010
1790907666.083,enginecore,0.811
1790907666.083,other_total,0.010
1790907666.083,store_0,0.020
1790907666.083,store_1,0.020
1790907666.083,store_2,0.020
1790907666.083,store_3,0.000
1790907666.083,store_4,0.000
1790907666.083,avail_mb,20419
1790907666.083,pswpin,920987
1790907667.094,api,0.010
1790907667.094,client,0.000
1790907667.094,enginecore,0.040
1790907667.094,other_total,0.040
1790907667.094,store_0,0.000
1790907667.094,store_1,0.000
1790907667.094,store_2,0.000
1790907667.094,store_3,0.000
1790907667.094,store_4,0.000
1790907667.094,avail_mb,20417
1790907667.094,pswpin,920987
1790907668.105,api,0.000
1790907668.105,client,0.000
1790907668.105,enginecore,0.030
1790907668.105,other_total,0.030
1790907668.105,store_0,0.000
1790907668.105,store_1,0.000
1790907668.105,store_2,0.000
1790907668.105,store_3,0.000
1790907668.105,store_4,0.000
1790907668.105,avail_mb,20411
1790907668.105,pswpin,920987
1790907669.115,api,0.000
1790907669.115,client,0.000
1790907669.115,enginecore,0.030
1790907669.115,other_total,0.000
1790907669.115,store_0,0.000
1790907669.115,store_1,0.000
1790907669.115,store_2,0.000
1790907669.115,store_3,0.000
1790907669.115,store_4,0.000
1790907669.115,avail_mb,20410
1790907669.115,pswpin,920987
1790907670.126,api,0.010
1790907670.126,client,0.000
1790907670.126,enginecore,0.326
1790907670.126,other_total,0.030
1790907670.126,store_0,0.000
1790907670.126,store_1,0.000
1790907670.126,store_2,0.010
1790907670.126,store_3,0.000
1790907670.126,store_4,0.000
1790907670.126,avail_mb,20416
1790907670.126,pswpin,920987
1790907671.137,api,0.020
1790907671.137,client,0.000
1790907671.137,enginecore,0.673
1790907671.137,other_total,0.040
1790907671.137,store_0,0.000
1790907671.137,store_1,0.030
1790907671.137,store_2,0.010
1790907671.137,store_3,0.010
1790907671.137,store_4,0.000
1790907671.137,avail_mb,20414
1790907671.137,pswpin,920988
1790907672.149,api,0.020
1790907672.149,client,0.010
1790907672.149,enginecore,0.979
1790907672.149,other_total,0.020
1790907672.149,store_0,0.000
1790907672.149,store_1,0.020
1790907672.149,store_2,0.010
1790907672.149,store_3,0.010
1790907672.149,store_4,0.000
1790907672.149,avail_mb,20413
1790907672.149,pswpin,920988
1790907673.160,api,0.010
1790907673.160,client,0.000
1790907673.160,enginecore,0.198
1790907673.160,other_total,0.000
1790907673.160,store_0,0.000
1790907673.160,store_1,0.000
1790907673.160,store_2,0.010
1790907673.160,store_3,0.000
1790907673.160,store_4,0.000
1790907673.160,avail_mb,20412
1790907673.160,pswpin,920988
1790907674.171,api,0.010
1790907674.171,client,0.000
1790907674.171,enginecore,0.020
1790907674.171,other_total,0.069
1790907674.171,store_0,0.000
1790907674.171,store_1,0.000
1790907674.171,store_2,0.000
1790907674.171,store_3,0.000
1790907674.171,store_4,0.000
1790907674.171,avail_mb,20403
1790907674.171,pswpin,920988
1790907675.181,api,0.000
1790907675.181,client,0.000
1790907675.181,enginecore,0.030
1790907675.181,other_total,0.010
1790907675.181,store_0,0.000
1790907675.181,store_1,0.000
1790907675.181,store_2,0.000
1790907675.181,store_3,0.000
1790907675.181,store_4,0.000
1790907675.181,avail_mb,20409
1790907675.181,pswpin,920988
1790907676.192,api,0.040
1790907676.192,client,0.000
1790907676.192,enginecore,0.663
1790907676.192,other_total,0.000
1790907676.192,store_0,0.030
1790907676.192,store_1,0.000
1790907676.192,store_2,0.020
1790907676.192,store_3,0.000
1790907676.192,store_4,0.000
1790907676.192,avail_mb,20411
1790907676.192,pswpin,920988
1790907677.204,api,0.000
1790907677.204,client,0.000
1790907677.204,enginecore,0.524
1790907677.204,other_total,0.040
1790907677.204,store_0,0.010
1790907677.204,store_1,0.000
1790907677.204,store_2,0.000
1790907677.204,store_3,0.000
1790907677.204,store_4,0.020
1790907677.204,avail_mb,20409
1790907677.204,pswpin,920988
1790907678.215,api,0.020
1790907678.215,client,0.010
1790907678.215,enginecore,0.692
1790907678.215,other_total,0.040
1790907678.215,store_0,0.000
1790907678.215,store_1,0.020
1790907678.215,store_2,0.000
1790907678.215,store_3,0.020
1790907678.215,store_4,0.010
1790907678.215,avail_mb,20414
1790907678.215,pswpin,920988
1790907679.226,api,0.020
1790907679.226,client,0.000
1790907679.226,enginecore,0.356
1790907679.226,other_total,0.000
1790907679.226,store_0,0.020
1790907679.226,store_1,0.000
1790907679.226,store_2,0.000
1790907679.226,store_3,0.000
1790907679.226,store_4,0.000
1790907679.226,avail_mb,20414
1790907679.226,pswpin,920988
1790907680.235,api,0.010
1790907680.235,client,0.020
1790907680.235,enginecore,1.457
1790907680.235,other_total,0.079
1790907680.235,store_0,0.030
1790907680.235,store_1,0.010
1790907680.235,store_2,0.010
1790907680.235,store_3,0.030
1790907680.235,store_4,0.010
1790907680.235,avail_mb,20470
1790907680.235,pswpin,920988
1790907681.246,api,0.020
1790907681.246,client,0.010
1790907681.246,enginecore,0.495
1790907681.246,other_total,0.000
1790907681.246,store_0,0.000
1790907681.246,store_1,0.000
1790907681.246,store_2,0.020
1790907681.246,store_3,0.010
1790907681.246,store_4,0.000
1790907681.246,avail_mb,20469
1790907681.246,pswpin,920988
1790907682.257,api,0.010
1790907682.257,client,0.000
1790907682.257,enginecore,0.346
1790907682.257,other_total,0.000
1790907682.257,store_0,0.000
1790907682.257,store_1,0.000
1790907682.257,store_2,0.000
1790907682.257,store_3,0.000
1790907682.257,store_4,0.030
1790907682.257,avail_mb,20467
1790907682.257,pswpin,920988
1790907683.268,api,0.010
1790907683.268,client,0.000
1790907683.268,enginecore,0.653
1790907683.268,other_total,0.089
1790907683.268,store_0,0.000
1790907683.268,store_1,0.000
1790907683.268,store_2,0.010
1790907683.268,store_3,0.000
1790907683.268,store_4,0.030
1790907683.268,avail_mb,20461
1790907683.268,pswpin,920991
1790907684.279,api,0.000
1790907684.279,client,0.000
1790907684.279,enginecore,0.030
1790907684.279,other_total,0.010
1790907684.279,store_0,0.000
1790907684.279,store_1,0.000
1790907684.279,store_2,0.000
1790907684.279,store_3,0.000
1790907684.279,store_4,0.000
1790907684.279,avail_mb,20459
1790907684.279,pswpin,920991
1790907685.290,api,0.000
1790907685.290,client,0.000
1790907685.290,enginecore,0.198
1790907685.290,other_total,0.000
1790907685.290,store_0,0.000
1790907685.290,store_1,0.000
1790907685.290,store_2,0.000
1790907685.290,store_3,0.010
1790907685.290,store_4,0.000
1790907685.290,avail_mb,20460
1790907685.290,pswpin,920991
1790907686.301,api,0.040
1790907686.301,client,0.000
1790907686.301,enginecore,0.168
1790907686.301,other_total,0.040
1790907686.301,store_0,0.000
1790907686.301,store_1,0.000
1790907686.301,store_2,0.000
1790907686.301,store_3,0.000
1790907686.301,store_4,0.010
1790907686.301,avail_mb,20454
1790907686.301,pswpin,920991
1790907687.312,api,0.010
1790907687.312,client,0.000
1790907687.312,enginecore,0.702
1790907687.312,other_total,0.030
1790907687.312,store_0,0.020
1790907687.312,store_1,0.000
1790907687.312,store_2,0.000
1790907687.312,store_3,0.020
1790907687.312,store_4,0.000
1790907687.312,avail_mb,20458
1790907687.312,pswpin,920991
1790907688.323,api,0.010
1790907688.323,client,0.000
1790907688.323,enginecore,0.178
1790907688.323,other_total,0.000
1790907688.323,store_0,0.000
1790907688.323,store_1,0.000
1790907688.323,store_2,0.000
1790907688.323,store_3,0.000
1790907688.323,store_4,0.010
1790907688.323,avail_mb,20458
1790907688.323,pswpin,920991
1790907689.334,api,0.000
1790907689.334,client,0.000
1790907689.334,enginecore,0.178
1790907689.334,other_total,0.079
1790907689.334,store_0,0.000
1790907689.334,store_1,0.000
1790907689.334,store_2,0.010
1790907689.334,store_3,0.000
1790907689.334,store_4,0.000
1790907689.334,avail_mb,20458
1790907689.334,pswpin,920991
1790907690.345,api,0.000
1790907690.345,client,0.000
1790907690.345,enginecore,0.030
1790907690.345,other_total,0.010
1790907690.345,store_0,0.000
1790907690.345,store_1,0.000
1790907690.345,store_2,0.000
1790907690.345,store_3,0.000
1790907690.345,store_4,0.000
1790907690.345,avail_mb,20457
1790907690.345,pswpin,920991
1790907691.356,api,0.030
1790907691.356,client,0.000
1790907691.356,enginecore,0.781
1790907691.356,other_total,0.000
1790907691.356,store_0,0.020
1790907691.356,store_1,0.000
1790907691.356,store_2,0.020
1790907691.356,store_3,0.010
1790907691.356,store_4,0.000
1790907691.356,avail_mb,20466
1790907691.356,pswpin,920991
1790907692.367,api,0.000
1790907692.367,client,0.000
1790907692.367,enginecore,0.030
1790907692.367,other_total,0.040
1790907692.367,store_0,0.000
1790907692.367,store_1,0.000
1790907692.367,store_2,0.000
1790907692.367,store_3,0.000
1790907692.367,store_4,0.000
1790907692.367,avail_mb,20457
1790907692.367,pswpin,920991
1790907693.378,api,0.010
1790907693.378,client,0.010
1790907693.378,enginecore,0.534
1790907693.378,other_total,0.010
1790907693.378,store_0,0.010
1790907693.378,store_1,0.000
1790907693.378,store_2,0.020
1790907693.378,store_3,0.000
1790907693.378,store_4,0.010
1790907693.378,avail_mb,20512
1790907693.378,pswpin,920991
1790907694.389,api,0.020
1790907694.389,client,0.000
1790907694.389,enginecore,0.336
1790907694.389,other_total,0.020
1790907694.389,store_0,0.000
1790907694.389,store_1,0.000
1790907694.389,store_2,0.010
1790907694.389,store_3,0.000
1790907694.389,store_4,0.010
1790907694.389,avail_mb,20506
1790907694.389,pswpin,920991
1790907695.400,api,0.000
1790907695.400,client,0.000
1790907695.400,enginecore,0.504
1790907695.400,other_total,0.059
1790907695.400,store_0,0.000
1790907695.400,store_1,0.000
1790907695.400,store_2,0.010
1790907695.400,store_3,0.000
1790907695.400,store_4,0.020
1790907695.400,avail_mb,20506
1790907695.400,pswpin,920991
1790907696.411,api,0.030
1790907696.411,client,0.000
1790907696.411,enginecore,0.346
1790907696.411,other_total,0.000
1790907696.411,store_0,0.000
1790907696.411,store_1,0.000
1790907696.411,store_2,0.000
1790907696.411,store_3,0.000
1790907696.411,store_4,0.020
1790907696.411,avail_mb,20507
1790907696.411,pswpin,920991
1790907697.422,api,0.010
1790907697.422,client,0.010
1790907697.422,enginecore,0.158
1790907697.422,other_total,0.000
1790907697.422,store_0,0.000
1790907697.422,store_1,0.000
1790907697.422,store_2,0.010
1790907697.422,store_3,0.000
1790907697.422,store_4,0.000
1790907697.422,avail_mb,20511
1790907697.422,pswpin,920991
1790907698.433,api,0.010
1790907698.433,client,0.000
1790907698.433,enginecore,0.376
1790907698.433,other_total,0.030
1790907698.433,store_0,0.000
1790907698.433,store_1,0.000
1790907698.433,store_2,0.000
1790907698.433,store_3,0.020
1790907698.433,store_4,0.000
1790907698.433,avail_mb,20508
1790907698.433,pswpin,920991
1790907699.445,api,0.010
1790907699.445,client,0.000
1790907699.445,enginecore,0.514
1790907699.445,other_total,0.030
1790907699.445,store_0,0.000
1790907699.445,store_1,0.000
1790907699.445,store_2,0.010
1790907699.445,store_3,0.010
1790907699.445,store_4,0.010
1790907699.445,avail_mb,20563
1790907699.445,pswpin,920991
1790907700.456,api,0.010
1790907700.456,client,0.010
1790907700.456,enginecore,0.346
1790907700.456,other_total,0.040
1790907700.456,store_0,0.000
1790907700.456,store_1,0.000
1790907700.456,store_2,0.010
1790907700.456,store_3,0.010
1790907700.456,store_4,0.000
1790907700.456,avail_mb,20564
1790907700.456,pswpin,920991
1790907701.466,api,0.010
1790907701.466,client,0.000
1790907701.466,enginecore,0.208
1790907701.466,other_total,0.040
1790907701.466,store_0,0.000
1790907701.466,store_1,0.000
1790907701.466,store_2,0.000
1790907701.466,store_3,0.010
1790907701.466,store_4,0.000
1790907701.466,avail_mb,20562
1790907701.466,pswpin,920991
1790907702.477,api,0.010
1790907702.477,client,0.000
1790907702.477,enginecore,0.326
1790907702.477,other_total,0.049
1790907702.477,store_0,0.000
1790907702.477,store_1,0.000
1790907702.477,store_2,0.020
1790907702.477,store_3,0.000
1790907702.477,store_4,0.000
1790907702.477,avail_mb,20613
1790907702.477,pswpin,920991
1790907703.488,api,0.000
1790907703.488,client,0.000
1790907703.488,enginecore,0.030
1790907703.488,other_total,0.000
1790907703.488,store_0,0.000
1790907703.488,store_1,0.000
1790907703.488,store_2,0.000
1790907703.488,store_3,0.000
1790907703.488,store_4,0.000
1790907703.488,avail_mb,20612
1790907703.488,pswpin,920991
1790907704.499,api,0.010
1790907704.499,client,0.000
1790907704.499,enginecore,0.188
1790907704.499,other_total,0.040
1790907704.499,store_0,0.000
1790907704.499,store_1,0.000
1790907704.499,store_2,0.000
1790907704.499,store_3,0.010
1790907704.499,store_4,0.000
1790907704.499,avail_mb,20607
1790907704.499,pswpin,920991
1790907705.509,api,0.000
1790907705.509,client,0.000
1790907705.509,enginecore,0.000
1790907705.509,other_total,0.020
1790907705.509,store_0,0.000
1790907705.509,store_1,0.000
1790907705.509,store_2,0.000
1790907705.509,store_3,0.000
1790907705.509,store_4,0.000
1790907705.509,avail_mb,20605
1790907705.509,pswpin,920991
1790907706.520,api,0.000
1790907706.520,client,0.000
1790907706.520,enginecore,0.030
1790907706.520,other_total,0.040
1790907706.520,store_0,0.000
1790907706.520,store_1,0.000
1790907706.520,store_2,0.000
1790907706.520,store_3,0.000
1790907706.520,store_4,0.000
1790907706.520,avail_mb,20603
1790907706.520,pswpin,920991
1790907707.531,api,0.030
1790907707.531,client,0.000
1790907707.531,enginecore,0.346
1790907707.531,other_total,0.020
1790907707.531,store_0,0.000
1790907707.531,store_1,0.000
1790907707.531,store_2,0.000
1790907707.531,store_3,0.030
1790907707.531,store_4,0.000
1790907707.531,avail_mb,20601
1790907707.531,pswpin,920992
1790907708.542,api,0.000
1790907708.542,client,0.000
1790907708.542,enginecore,0.020
1790907708.542,other_total,0.000
1790907708.542,store_0,0.000
1790907708.542,store_1,0.000
1790907708.542,store_2,0.000
1790907708.542,store_3,0.000
1790907708.542,store_4,0.000
1790907708.542,avail_mb,20600
1790907708.542,pswpin,920992
1790907709.553,api,0.020
1790907709.553,client,0.000
1790907709.553,enginecore,0.356
1790907709.553,other_total,0.000
1790907709.553,store_0,0.000
1790907709.553,store_1,0.000
1790907709.553,store_2,0.000
1790907709.553,store_3,0.020
1790907709.553,store_4,0.000
1790907709.553,avail_mb,20601
1790907709.553,pswpin,920992
1790907710.564,api,0.010
1790907710.564,client,0.000
1790907710.564,enginecore,0.208
1790907710.564,other_total,0.010
1790907710.564,store_0,0.000
1790907710.564,store_1,0.000
1790907710.564,store_2,0.000
1790907710.564,store_3,0.010
1790907710.564,store_4,0.000
1790907710.564,avail_mb,20599
1790907710.564,pswpin,920992
1790907711.574,api,0.000
1790907711.574,client,0.000
1790907711.574,enginecore,0.010
1790907711.574,other_total,0.020
1790907711.574,store_0,0.000
1790907711.574,store_1,0.000
1790907711.574,store_2,0.000
1790907711.574,store_3,0.000
1790907711.574,store_4,0.000
1790907711.574,avail_mb,20597
1790907711.574,pswpin,920992
1790907712.585,api,0.000
1790907712.585,client,0.000
1790907712.585,enginecore,0.020
1790907712.585,other_total,0.020
1790907712.585,store_0,0.000
1790907712.585,store_1,0.000
1790907712.585,store_2,0.000
1790907712.585,store_3,0.000
1790907712.585,store_4,0.000
1790907712.585,avail_mb,20598
1790907712.585,pswpin,920992
1790907713.595,api,0.000
1790907713.595,client,0.000
1790907713.595,enginecore,0.030
1790907713.595,other_total,0.040
1790907713.595,store_0,0.000
1790907713.595,store_1,0.000
1790907713.595,store_2,0.000
1790907713.595,store_3,0.000
1790907713.595,store_4,0.000
1790907713.595,avail_mb,20591
1790907713.595,pswpin,920992
1790907714.606,api,0.010
1790907714.606,client,0.000
1790907714.606,enginecore,0.178
1790907714.606,other_total,0.030
1790907714.606,store_0,0.000
1790907714.606,store_1,0.000
1790907714.606,store_2,0.000
1790907714.606,store_3,0.010
1790907714.606,store_4,0.000
1790907714.606,avail_mb,20592
1790907714.606,pswpin,920992
1790907715.619,api,0.000
1790907715.619,client,0.010
1790907715.619,enginecore,0.109
1790907715.619,other_total,0.010
1790907715.619,store_0,0.000
1790907715.619,store_1,0.000
1790907715.619,store_2,0.000
1790907715.619,store_3,0.010
1790907715.619,store_4,0.000
1790907715.619,avail_mb,20592
1790907715.619,pswpin,920992
1790907716.630,api,0.000
1790907716.630,enginecore,0.099
1790907716.630,other_total,0.059
1790907716.630,store_0,0.000
1790907716.630,store_1,0.000
1790907716.630,store_2,0.000
1790907716.630,store_3,0.000
1790907716.630,store_4,0.000
1790907716.630,avail_mb,20642
1790907716.630,pswpin,920992
1790907717.639,api,0.000
1790907717.639,enginecore,0.010
1790907717.639,other_total,0.020
1790907717.639,store_0,0.000
1790907717.639,store_1,0.000
1790907717.639,store_2,0.000
1790907717.639,store_3,0.000
1790907717.639,store_4,0.000
1790907717.639,avail_mb,20642
1790907717.639,pswpin,920992
1790907718.649,api,0.000
1790907718.649,enginecore,0.020
1790907718.649,other_total,0.000
1790907718.649,store_0,0.000
1790907718.649,store_1,0.000
1790907718.649,store_2,0.000
1790907718.649,store_3,0.000
1790907718.649,store_4,0.000
1790907718.649,avail_mb,20642
1790907718.649,pswpin,920992
1790907719.659,api,0.000
1790907719.659,enginecore,0.020
1790907719.659,other_total,0.069
1790907719.659,store_0,0.000
1790907719.659,store_1,0.000
1790907719.659,store_2,0.000
1790907719.659,store_3,0.000
1790907719.659,store_4,0.000
1790907719.659,avail_mb,20641
1790907719.659,pswpin,920992
1790907720.669,api,0.000
1790907720.669,enginecore,0.030
1790907720.669,other_total,0.000
1790907720.669,store_0,0.000
1790907720.669,store_1,0.000
1790907720.669,store_2,0.000
1790907720.669,store_3,0.000
1790907720.669,store_4,0.000
1790907720.669,avail_mb,20640
1790907720.669,pswpin,920992
1790907721.678,api,0.000
1790907721.678,enginecore,0.020
1790907721.678,other_total,0.020
1790907721.678,store_0,0.000
1790907721.678,store_1,0.000
1790907721.678,store_2,0.000
1790907721.678,store_3,0.000
1790907721.678,store_4,0.000
1790907721.678,avail_mb,20640
1790907721.678,pswpin,920992
1790907722.689,api,0.020
1790907722.689,enginecore,0.020
1790907722.689,other_total,0.010
1790907722.689,store_0,0.000
1790907722.689,store_1,0.000
1790907722.689,store_2,0.000
1790907722.689,store_3,0.000
1790907722.689,store_4,0.000
1790907722.689,avail_mb,20638
1790907722.689,pswpin,920992
1790907723.699,api,0.010
1790907723.699,enginecore,0.030
1790907723.699,other_total,0.000
1790907723.699,store_0,0.000
1790907723.699,store_1,0.000
1790907723.699,store_2,0.000
1790907723.699,store_3,0.000
1790907723.699,store_4,0.000
1790907723.699,avail_mb,20638
1790907723.699,pswpin,920992
1790907724.709,api,0.000
1790907724.709,enginecore,0.010
1790907724.709,other_total,0.010
1790907724.709,store_0,0.000
1790907724.709,store_1,0.000
1790907724.709,store_2,0.000
1790907724.709,store_3,0.000
1790907724.709,store_4,0.000
1790907724.709,avail_mb,20637
1790907724.709,pswpin,920992
1790907725.725,api,0.020
1790907725.725,enginecore,0.030
1790907725.725,other_total,1.309
1790907725.725,store_0,0.000
1790907725.725,store_1,0.000
1790907725.725,store_2,0.000
1790907725.725,store_3,0.000
1790907725.725,store_4,0.000
1790907725.725,avail_mb,20382
1790907725.725,pswpin,920992
1790907726.736,api,0.000
1790907726.736,client,0.356
1790907726.736,enginecore,0.030
1790907726.736,other_total,0.000
1790907726.736,store_0,0.000
1790907726.736,store_1,0.000
1790907726.736,store_2,0.000
1790907726.736,store_3,0.000
1790907726.736,store_4,0.000
1790907726.736,avail_mb,20365
1790907726.736,pswpin,920992
1790907727.746,api,0.000
1790907727.746,client,0.000
1790907727.746,enginecore,0.010
1790907727.746,other_total,0.020
1790907727.746,store_0,0.000
1790907727.746,store_1,0.000
1790907727.746,store_2,0.000
1790907727.746,store_3,0.000
1790907727.746,store_4,0.000
1790907727.746,avail_mb,20365
1790907727.746,pswpin,920992
1790907728.758,api,0.010
1790907728.758,client,0.000
1790907728.758,enginecore,0.267
1790907728.758,other_total,0.030
1790907728.758,store_0,0.000
1790907728.758,store_1,0.000
1790907728.758,store_2,0.000
1790907728.758,store_3,0.010
1790907728.758,store_4,0.000
1790907728.758,avail_mb,20367
1790907728.758,pswpin,920992
1790907729.767,api,0.119
1790907729.767,client,0.040
1790907729.767,enginecore,3.259
1790907729.767,other_total,0.000
1790907729.767,store_0,0.040
1790907729.767,store_1,0.030
1790907729.767,store_2,0.020
1790907729.767,store_3,0.000
1790907729.767,store_4,0.000
1790907729.767,avail_mb,20387
1790907729.767,pswpin,920992
1790907730.776,api,0.079
1790907730.776,client,0.040
1790907730.776,enginecore,2.635
1790907730.776,other_total,0.000
1790907730.776,store_0,0.000
1790907730.776,store_1,0.000
1790907730.776,store_2,0.000
1790907730.776,store_3,0.010
1790907730.776,store_4,0.000
1790907730.776,avail_mb,20390
1790907730.776,pswpin,920992
1790907731.786,api,0.178
1790907731.786,client,0.079
1790907731.786,enginecore,5.807
1790907731.786,other_total,0.000
1790907731.786,store_0,0.040
1790907731.786,store_1,0.000
1790907731.786,store_2,0.000
1790907731.786,store_3,0.010
1790907731.786,store_4,0.010
1790907731.786,avail_mb,20397
1790907731.786,pswpin,920992
1790907732.795,api,0.089
1790907732.795,client,0.020
1790907732.795,enginecore,2.536
1790907732.795,other_total,0.020
1790907732.795,store_0,0.010
1790907732.795,store_1,0.000
1790907732.795,store_2,0.010
1790907732.795,store_3,0.000
1790907732.795,store_4,0.030
1790907732.795,avail_mb,20397
1790907732.795,pswpin,920992
1790907733.805,api,0.149
1790907733.805,client,0.050
1790907733.805,enginecore,5.051
1790907733.805,other_total,0.000
1790907733.805,store_0,0.030
1790907733.805,store_1,0.010
1790907733.805,store_2,0.040
1790907733.805,store_3,0.010
1790907733.805,store_4,0.000
1790907733.805,avail_mb,20397
1790907733.805,pswpin,920992
1790907734.814,api,0.109
1790907734.814,client,0.050
1790907734.814,enginecore,3.409
1790907734.814,other_total,0.000
1790907734.814,store_0,0.020
1790907734.814,store_1,0.000
1790907734.814,store_2,0.000
1790907734.814,store_3,0.020
1790907734.814,store_4,0.000
1790907734.814,avail_mb,20395
1790907734.814,pswpin,920992
1790907735.823,api,0.149
1790907735.823,client,0.050
1790907735.823,enginecore,3.765
1790907735.823,other_total,0.040
1790907735.823,store_0,0.010
1790907735.823,store_1,0.010
1790907735.823,store_2,0.000
1790907735.823,store_3,0.010
1790907735.823,store_4,0.030
1790907735.823,avail_mb,20414
1790907735.823,pswpin,920992
1790907736.833,api,0.149
1790907736.833,client,0.030
1790907736.833,enginecore,4.587
1790907736.833,other_total,0.000
1790907736.833,store_0,0.020
1790907736.833,store_1,0.010
1790907736.833,store_2,0.010
1790907736.833,store_3,0.000
1790907736.833,store_4,0.020
1790907736.833,avail_mb,20413
1790907736.833,pswpin,920992
1790907737.842,api,0.119
1790907737.842,client,0.059
1790907737.842,enginecore,3.942
1790907737.842,other_total,0.000
1790907737.842,store_0,0.010
1790907737.842,store_1,0.000
1790907737.842,store_2,0.040
1790907737.842,store_3,0.020
1790907737.842,store_4,0.010
1790907737.842,avail_mb,20418
1790907737.842,pswpin,920992
1790907738.852,api,0.188
1790907738.852,client,0.050
1790907738.852,enginecore,6.555
1790907738.852,other_total,0.010
1790907738.852,store_0,0.030
1790907738.852,store_1,0.030
1790907738.852,store_2,0.000
1790907738.852,store_3,0.030
1790907738.852,store_4,0.010
1790907738.852,avail_mb,20419
1790907738.852,pswpin,920992
1790907739.861,api,0.159
1790907739.861,client,0.050
1790907739.861,enginecore,4.291
1790907739.861,other_total,0.000
1790907739.861,store_0,0.000
1790907739.861,store_1,0.000
1790907739.861,store_2,0.000
1790907739.861,store_3,0.000
1790907739.861,store_4,0.020
1790907739.861,avail_mb,20411
1790907739.861,pswpin,920992
1790907740.873,api,0.099
1790907740.873,client,0.040
1790907740.873,enginecore,2.549
1790907740.873,other_total,0.010
1790907740.873,store_0,0.000
1790907740.873,store_1,0.000
1790907740.873,store_2,0.010
1790907740.873,store_3,0.010
1790907740.873,store_4,0.020
1790907740.873,avail_mb,20401
1790907740.873,pswpin,920992
1790907741.884,api,0.109
1790907741.884,client,0.030
1790907741.884,enginecore,3.294
1790907741.884,other_total,0.000
1790907741.884,store_0,0.049
1790907741.884,store_1,0.000
1790907741.884,store_2,0.000
1790907741.884,store_3,0.000
1790907741.884,store_4,0.000
1790907741.884,avail_mb,20396
1790907741.884,pswpin,920992
1790907742.893,api,0.099
1790907742.893,client,0.030
1790907742.893,enginecore,2.477
1790907742.893,other_total,0.000
1790907742.893,store_0,0.010
1790907742.893,store_1,0.010
1790907742.893,store_2,0.000
1790907742.893,store_3,0.000
1790907742.893,store_4,0.000
1790907742.893,avail_mb,20392
1790907742.893,pswpin,920992
1790907743.902,api,0.178
1790907743.902,client,0.050
1790907743.902,enginecore,5.233
1790907743.902,other_total,0.000
1790907743.902,store_0,0.010
1790907743.902,store_1,0.040
1790907743.902,store_2,0.010
1790907743.902,store_3,0.000
1790907743.902,store_4,0.020
1790907743.902,avail_mb,20380
1790907743.902,pswpin,920992
1790907744.911,api,0.139
1790907744.911,client,0.050
1790907744.911,enginecore,4.558
1790907744.911,other_total,0.000
1790907744.911,store_0,0.020
1790907744.911,store_1,0.020
1790907744.911,store_2,0.020
1790907744.911,store_3,0.000
1790907744.911,store_4,0.010
1790907744.911,avail_mb,20384
1790907744.911,pswpin,920992
1790907745.920,api,0.149
1790907745.920,client,0.040
1790907745.920,enginecore,4.945
1790907745.920,other_total,0.020
1790907745.920,store_0,0.000
1790907745.920,store_1,0.010
1790907745.920,store_2,0.010
1790907745.920,store_3,0.010
1790907745.920,store_4,0.030
1790907745.920,avail_mb,20393
1790907745.920,pswpin,920992
1790907746.929,api,0.129
1790907746.929,client,0.040
1790907746.929,enginecore,3.509
1790907746.929,other_total,0.000
1790907746.929,store_0,0.020
1790907746.929,store_1,0.010
1790907746.929,store_2,0.000
1790907746.929,store_3,0.020
1790907746.929,store_4,0.010
1790907746.929,avail_mb,20384
1790907746.929,pswpin,920992
1790907747.942,api,0.148
1790907747.942,client,0.040
1790907747.942,enginecore,4.949
1790907747.942,other_total,0.306
1790907747.942,store_0,0.000
1790907747.942,store_1,0.020
1790907747.942,store_2,0.010
1790907747.942,store_3,0.010
1790907747.942,store_4,0.010
1790907747.942,avail_mb,20342
1790907747.942,pswpin,920992
1790907748.951,api,0.208
1790907748.951,client,0.069
1790907748.951,enginecore,6.558
1790907748.951,other_total,0.000
1790907748.951,store_0,0.040
1790907748.951,store_1,0.010
1790907748.951,store_2,0.010
1790907748.951,store_3,0.000
1790907748.951,store_4,0.030
1790907748.951,avail_mb,20340
1790907748.951,pswpin,920992
1790907749.960,api,0.178
1790907749.960,client,0.059
1790907749.960,enginecore,6.362
1790907749.960,other_total,0.059
1790907749.960,store_0,0.010
1790907749.960,store_1,0.020
1790907749.960,store_2,0.010
1790907749.960,store_3,0.030
1790907749.960,store_4,0.010
1790907749.960,avail_mb,20362
1790907749.960,pswpin,920992
1790907750.969,api,0.099
1790907750.969,client,0.040
1790907750.969,enginecore,2.844
1790907750.969,other_total,0.000
1790907750.969,store_0,0.000
1790907750.969,store_1,0.020
1790907750.969,store_2,0.010
1790907750.969,store_3,0.010
1790907750.969,store_4,0.000
1790907750.969,avail_mb,20356
1790907750.969,pswpin,920992
1790907751.979,api,0.099
1790907751.979,client,0.040
1790907751.979,enginecore,3.051
1790907751.979,other_total,0.020
1790907751.979,store_0,0.000
1790907751.979,store_1,0.020
1790907751.979,store_2,0.010
1790907751.979,store_3,0.000
1790907751.979,store_4,0.000
1790907751.979,avail_mb,20347
1790907751.979,pswpin,920992
1790907752.989,api,0.129
1790907752.989,client,0.030
1790907752.989,enginecore,3.259
1790907752.989,other_total,0.010
1790907752.989,store_0,0.000
1790907752.989,store_1,0.000
1790907752.989,store_2,0.020
1790907752.989,store_3,0.020
1790907752.989,store_4,0.010
1790907752.989,avail_mb,20341
1790907752.989,pswpin,920992
1790907753.999,api,0.139
1790907753.999,client,0.059
1790907753.999,enginecore,4.188
1790907753.999,other_total,0.059
1790907753.999,store_0,0.020
1790907753.999,store_1,0.010
1790907753.999,store_2,0.000
1790907753.999,store_3,0.010
1790907753.999,store_4,0.020
1790907753.999,avail_mb,20342
1790907753.999,pswpin,920992
1790907755.008,api,0.119
1790907755.008,client,0.030
1790907755.008,enginecore,3.319
1790907755.008,other_total,0.000
1790907755.008,store_0,0.030
1790907755.008,store_1,0.010
1790907755.008,store_2,0.000
1790907755.008,store_3,0.040
1790907755.008,store_4,0.000
1790907755.008,avail_mb,20342
1790907755.008,pswpin,920995
1790907756.018,api,0.149
1790907756.018,client,0.040
1790907756.018,enginecore,4.655
1790907756.018,other_total,0.050
1790907756.018,store_0,0.000
1790907756.018,store_1,0.010
1790907756.018,store_2,0.010
1790907756.018,store_3,0.010
1790907756.018,store_4,0.020
1790907756.018,avail_mb,20336
1790907756.018,pswpin,920996
1790907757.029,api,0.138
1790907757.029,client,0.030
1790907757.029,enginecore,3.748
1790907757.029,other_total,0.000
1790907757.029,store_0,0.010
1790907757.029,store_1,0.010
1790907757.029,store_2,0.020
1790907757.029,store_3,0.000
1790907757.029,store_4,0.010
1790907757.029,avail_mb,20334
1790907757.029,pswpin,920996
1790907758.039,api,0.148
1790907758.039,client,0.059
1790907758.039,enginecore,6.383
1790907758.039,other_total,0.040
1790907758.039,store_0,0.010
1790907758.039,store_1,0.020
1790907758.039,store_2,0.020
1790907758.039,store_3,0.030
1790907758.039,store_4,0.030
1790907758.039,avail_mb,20334
1790907758.039,pswpin,920996
1790907759.048,api,0.168
1790907759.048,client,0.020
1790907759.048,enginecore,3.181
1790907759.048,other_total,0.000
1790907759.048,store_0,0.020
1790907759.048,store_1,0.000
1790907759.048,store_2,0.000
1790907759.048,store_3,0.010
1790907759.048,store_4,0.020
1790907759.048,avail_mb,20322
1790907759.048,pswpin,920996
1790907760.059,api,0.079
1790907760.059,client,0.040
1790907760.059,enginecore,2.564
1790907760.059,other_total,0.010
1790907760.059,store_0,0.000
1790907760.059,store_1,0.010
1790907760.059,store_2,0.010
1790907760.059,store_3,0.020
1790907760.059,store_4,0.000
1790907760.059,avail_mb,20319
1790907760.059,pswpin,920996
1790907761.070,api,0.158
1790907761.070,client,0.059
1790907761.070,enginecore,6.110
1790907761.070,other_total,0.020
1790907761.070,store_0,0.030
1790907761.070,store_1,0.010
1790907761.070,store_2,0.010
1790907761.070,store_3,0.020
1790907761.070,store_4,0.030
1790907761.070,avail_mb,20328
1790907761.070,pswpin,920996
1790907762.080,api,0.168
1790907762.080,client,0.050
1790907762.080,enginecore,5.289
1790907762.080,other_total,0.030
1790907762.080,store_0,0.010
1790907762.080,store_1,0.010
1790907762.080,store_2,0.010
1790907762.080,store_3,0.010
1790907762.080,store_4,0.020
1790907762.080,avail_mb,20319
1790907762.080,pswpin,920996
1790907763.090,api,0.198
1790907763.090,client,0.040
1790907763.090,enginecore,6.080
1790907763.090,other_total,0.000
1790907763.090,store_0,0.020
1790907763.090,store_1,0.010
1790907763.090,store_2,0.010
1790907763.090,store_3,0.010
1790907763.090,store_4,0.030
1790907763.090,avail_mb,20314
1790907763.090,pswpin,920997
1790907764.100,api,0.129
1790907764.100,client,0.079
1790907764.100,enginecore,5.504
1790907764.100,other_total,0.000
1790907764.100,store_0,0.000
1790907764.100,store_1,0.010
1790907764.100,store_2,0.020
1790907764.100,store_3,0.010
1790907764.100,store_4,0.030
1790907764.100,avail_mb,20299
1790907764.100,pswpin,921004
1790907765.109,api,0.218
1790907765.109,client,0.059
1790907765.109,enginecore,6.511
1790907765.109,other_total,0.000
1790907765.109,store_0,0.010
1790907765.109,store_1,0.020
1790907765.109,store_2,0.010
1790907765.109,store_3,0.000
1790907765.109,store_4,0.020
1790907765.109,avail_mb,20297
1790907765.109,pswpin,921004
1790907766.118,api,0.069
1790907766.118,client,0.010
1790907766.118,enginecore,1.050
1790907766.118,other_total,0.000
1790907766.118,store_0,0.000
1790907766.118,store_1,0.000
1790907766.118,store_2,0.000
1790907766.118,store_3,0.000
1790907766.118,store_4,0.000
1790907766.118,avail_mb,20295
1790907766.118,pswpin,921006
1790907767.127,api,0.079
1790907767.127,client,0.020
1790907767.127,enginecore,2.735
1790907767.127,other_total,0.010
1790907767.127,store_0,0.030
1790907767.127,store_1,0.010
1790907767.127,store_2,0.030
1790907767.127,store_3,0.000
1790907767.127,store_4,0.020
1790907767.127,avail_mb,20300
1790907767.127,pswpin,921006
1790907768.137,api,0.158
1790907768.137,client,0.059
1790907768.137,enginecore,6.446
1790907768.137,other_total,0.000
1790907768.137,store_0,0.020
1790907768.137,store_1,0.010
1790907768.137,store_2,0.030
1790907768.137,store_3,0.020
1790907768.137,store_4,0.020
1790907768.137,avail_mb,20289
1790907768.137,pswpin,921006
1790907769.146,api,0.099
1790907769.146,client,0.010
1790907769.146,enginecore,3.121
1790907769.146,other_total,0.020
1790907769.146,store_0,0.010
1790907769.146,store_1,0.020
1790907769.146,store_2,0.010
1790907769.146,store_3,0.020
1790907769.146,store_4,0.000
1790907769.146,avail_mb,20286
1790907769.146,pswpin,921006
1790907770.155,api,0.149
1790907770.155,client,0.069
1790907770.155,enginecore,4.926
1790907770.155,other_total,0.000
1790907770.155,store_0,0.020
1790907770.155,store_1,0.010
1790907770.155,store_2,0.010
1790907770.155,store_3,0.000
1790907770.155,store_4,0.010
1790907770.155,avail_mb,20289
1790907770.155,pswpin,921006
1790907771.166,api,0.178
1790907771.166,client,0.030
1790907771.166,enginecore,4.376
1790907771.166,other_total,0.000
1790907771.166,store_0,0.000
1790907771.166,store_1,0.030
1790907771.166,store_2,0.010
1790907771.166,store_3,0.030
1790907771.166,store_4,0.000
1790907771.166,avail_mb,20286
1790907771.166,pswpin,921008
1790907772.176,api,0.158
1790907772.176,client,0.050
1790907772.176,enginecore,5.812
1790907772.176,other_total,0.000
1790907772.176,store_0,0.030
1790907772.176,store_1,0.010
1790907772.176,store_2,0.000
1790907772.176,store_3,0.030
1790907772.176,store_4,0.020
1790907772.176,avail_mb,20284
1790907772.176,pswpin,921011
1790907773.185,api,0.168
1790907773.185,client,0.069
1790907773.185,enginecore,5.639
1790907773.185,other_total,0.000
1790907773.185,store_0,0.010
1790907773.185,store_1,0.000
1790907773.185,store_2,0.030
1790907773.185,store_3,0.000
1790907773.185,store_4,0.010
1790907773.185,avail_mb,20280
1790907773.185,pswpin,921011
1790907774.195,api,0.188
1790907774.195,client,0.059
1790907774.195,enginecore,5.574
1790907774.195,other_total,0.010
1790907774.195,store_0,0.000
1790907774.195,store_1,0.040
1790907774.195,store_2,0.010
1790907774.195,store_3,0.010
1790907774.195,store_4,0.000
1790907774.195,avail_mb,20268
1790907774.195,pswpin,921013
1790907775.204,api,0.159
1790907775.204,client,0.069
1790907775.204,enginecore,5.518
1790907775.204,other_total,0.000
1790907775.204,store_0,0.030
1790907775.204,store_1,0.010
1790907775.204,store_2,0.020
1790907775.204,store_3,0.010
1790907775.204,store_4,0.010
1790907775.204,avail_mb,20290
1790907775.204,pswpin,921013
1790907776.213,api,0.149
1790907776.213,client,0.040
1790907776.213,enginecore,3.984
1790907776.213,other_total,0.000
1790907776.213,store_0,0.000
1790907776.213,store_1,0.000
1790907776.213,store_2,0.010
1790907776.213,store_3,0.000
1790907776.213,store_4,0.000
1790907776.213,avail_mb,20289
1790907776.213,pswpin,921013
1790907777.223,api,0.089
1790907777.223,client,0.020
1790907777.223,enginecore,3.276
1790907777.223,other_total,0.040
1790907777.223,store_0,0.030
1790907777.223,store_1,0.010
1790907777.223,store_2,0.000
1790907777.223,store_3,0.010
1790907777.223,store_4,0.010
1790907777.223,avail_mb,20283
1790907777.223,pswpin,921013
1790907778.233,api,0.109
1790907778.233,client,0.050
1790907778.233,enginecore,3.398
1790907778.233,other_total,0.000
1790907778.233,store_0,0.010
1790907778.233,store_1,0.010
1790907778.233,store_2,0.020
1790907778.233,store_3,0.000
1790907778.233,store_4,0.010
1790907778.233,avail_mb,20278
1790907778.233,pswpin,921013
1790907779.242,api,0.149
1790907779.242,client,0.040
1790907779.242,enginecore,4.053
1790907779.242,other_total,0.000
1790907779.242,store_0,0.010
1790907779.242,store_1,0.030
1790907779.242,store_2,0.020
1790907779.242,store_3,0.020
1790907779.242,store_4,0.000
1790907779.242,avail_mb,20284
1790907779.242,pswpin,921019
1790907780.251,api,0.159
1790907780.251,client,0.059
1790907780.251,enginecore,5.470
1790907780.251,other_total,0.069
1790907780.251,store_0,0.020
1790907780.251,store_1,0.000
1790907780.251,store_2,0.030
1790907780.251,store_3,0.020
1790907780.251,store_4,0.010
1790907780.251,avail_mb,20276
1790907780.251,pswpin,921019
1790907781.260,api,0.159
1790907781.260,client,0.030
1790907781.260,enginecore,3.508
1790907781.260,other_total,0.069
1790907781.260,store_0,0.000
1790907781.260,store_1,0.010
1790907781.260,store_2,0.020
1790907781.260,store_3,0.000
1790907781.260,store_4,0.000
1790907781.260,avail_mb,20264
1790907781.260,pswpin,921019
1790907782.271,api,0.089
1790907782.271,client,0.049
1790907782.271,enginecore,2.683
1790907782.271,other_total,6.236
1790907782.271,store_0,0.010
1790907782.271,store_1,0.010
1790907782.271,store_2,0.010
1790907782.271,store_3,0.000
1790907782.271,store_4,0.010
1790907782.271,avail_mb,20194
1790907782.271,pswpin,921020
1790907783.281,api,0.119
1790907783.281,client,0.010
1790907783.281,enginecore,3.525
1790907783.281,other_total,2.673
1790907783.281,store_0,0.000
1790907783.281,store_1,0.000
1790907783.281,store_2,0.010
1790907783.281,store_3,0.000
1790907783.281,store_4,0.000
1790907783.281,avail_mb,20136
1790907783.281,pswpin,921020
1790907784.290,api,0.089
1790907784.290,client,0.030
1790907784.290,enginecore,2.339
1790907784.290,other_total,0.000
1790907784.290,store_0,0.000
1790907784.290,store_1,0.020
1790907784.290,store_2,0.000
1790907784.290,store_3,0.020
1790907784.290,store_4,0.010
1790907784.290,avail_mb,20163
1790907784.290,pswpin,921020
1790907785.302,api,0.178
1790907785.302,client,0.040
1790907785.302,enginecore,5.591
1790907785.302,other_total,0.030
1790907785.302,store_0,0.030
1790907785.302,store_1,0.020
1790907785.302,store_2,0.010
1790907785.302,store_3,0.010
1790907785.302,store_4,0.020
1790907785.302,avail_mb,20196
1790907785.302,pswpin,921020
1790907786.314,api,0.148
1790907786.314,client,0.040
1790907786.314,enginecore,4.604
1790907786.314,other_total,0.020
1790907786.314,store_0,0.020
1790907786.314,store_1,0.010
1790907786.314,store_2,0.000
1790907786.314,store_3,0.020
1790907786.314,store_4,0.010
1790907786.314,avail_mb,20199
1790907786.314,pswpin,921020
1790907787.324,api,0.148
1790907787.324,client,0.040
1790907787.324,enginecore,4.137
1790907787.324,other_total,0.010
1790907787.324,store_0,0.010
1790907787.324,store_1,0.020
1790907787.324,store_2,0.000
1790907787.324,store_3,0.020
1790907787.324,store_4,0.000
1790907787.324,avail_mb,20199
1790907787.324,pswpin,921020
1790907788.334,api,0.089
1790907788.334,client,0.030
1790907788.334,enginecore,2.230
1790907788.334,other_total,0.000
1790907788.334,store_0,0.020
1790907788.334,store_1,0.000
1790907788.334,store_2,0.000
1790907788.334,store_3,0.000
1790907788.334,store_4,0.010
1790907788.334,avail_mb,20196
1790907788.334,pswpin,921020
1790907789.346,api,0.138
1790907789.346,client,0.059
1790907789.346,enginecore,4.880
1790907789.346,other_total,0.010
1790907789.346,store_0,0.000
1790907789.346,store_1,0.010
1790907789.346,store_2,0.010
1790907789.346,store_3,0.020
1790907789.346,store_4,0.030
1790907789.346,avail_mb,20194
1790907789.346,pswpin,921020
1790907790.355,api,0.119
1790907790.355,client,0.030
1790907790.355,enginecore,3.358
1790907790.355,other_total,0.050
1790907790.355,store_0,0.000
1790907790.355,store_1,0.010
1790907790.355,store_2,0.000
1790907790.355,store_3,0.020
1790907790.355,store_4,0.030
1790907790.355,avail_mb,20191
1790907790.355,pswpin,921021
1790907791.364,api,0.188
1790907791.364,client,0.079
1790907791.364,enginecore,6.709
1790907791.364,other_total,0.000
1790907791.364,store_0,0.010
1790907791.364,store_1,0.010
1790907791.364,store_2,0.020
1790907791.364,store_3,0.030
1790907791.364,store_4,0.010
1790907791.364,avail_mb,20200
1790907791.364,pswpin,921021
1790907792.373,api,0.109
1790907792.373,client,0.020
1790907792.373,enginecore,2.992
1790907792.373,other_total,0.010
1790907792.373,store_0,0.000
1790907792.373,store_1,0.010
1790907792.373,store_2,0.040
1790907792.373,store_3,0.020
1790907792.373,store_4,0.010
1790907792.373,avail_mb,20205
1790907792.373,pswpin,921021
1790907793.384,api,0.148
1790907793.384,client,0.040
1790907793.384,enginecore,4.959
1790907793.384,other_total,0.020
1790907793.384,store_0,0.030
1790907793.384,store_1,0.000
1790907793.384,store_2,0.020
1790907793.384,store_3,0.030
1790907793.384,store_4,0.030
1790907793.384,avail_mb,20216
1790907793.384,pswpin,921021
1790907794.393,api,0.159
1790907794.393,client,0.040
1790907794.393,enginecore,4.607
1790907794.393,other_total,0.000
1790907794.393,store_0,0.000
1790907794.393,store_1,0.030
1790907794.393,store_2,0.010
1790907794.393,store_3,0.000
1790907794.393,store_4,0.020
1790907794.393,avail_mb,20209
1790907794.393,pswpin,921021
1790907795.402,api,0.149
1790907795.402,client,0.050
1790907795.402,enginecore,5.133
1790907795.402,other_total,0.079
1790907795.402,store_0,0.020
1790907795.402,store_1,0.000
1790907795.402,store_2,0.030
1790907795.402,store_3,0.000
1790907795.402,store_4,0.010
1790907795.402,avail_mb,20234
1790907795.402,pswpin,921024
1790907796.412,api,0.119
1790907796.412,client,0.020
1790907796.412,enginecore,3.219
1790907796.412,other_total,0.010
1790907796.412,store_0,0.010
1790907796.412,store_1,0.010
1790907796.412,store_2,0.010
1790907796.412,store_3,0.000
1790907796.412,store_4,0.020
1790907796.412,avail_mb,20234
1790907796.412,pswpin,921027
1790907797.421,api,0.188
1790907797.421,client,0.050
1790907797.421,enginecore,5.437
1790907797.421,other_total,0.000
1790907797.421,store_0,0.020
1790907797.421,store_1,0.020
1790907797.421,store_2,0.030
1790907797.421,store_3,0.000
1790907797.421,store_4,0.000
1790907797.421,avail_mb,20235
1790907797.421,pswpin,921029
1790907798.433,api,0.069
1790907798.433,client,0.030
1790907798.433,enginecore,2.096
1790907798.433,other_total,0.059
1790907798.433,store_0,0.000
1790907798.433,store_1,0.010
1790907798.433,store_2,0.000
1790907798.433,store_3,0.000
1790907798.433,store_4,0.010
1790907798.433,avail_mb,20219
1790907798.433,pswpin,921029
1790907799.442,api,0.139
1790907799.442,client,0.050
1790907799.442,enginecore,3.408
1790907799.442,other_total,0.000
1790907799.442,store_0,0.010
1790907799.442,store_1,0.010
1790907799.442,store_2,0.010
1790907799.442,store_3,0.000
1790907799.442,store_4,0.010
1790907799.442,avail_mb,20225
1790907799.442,pswpin,921029
1790907800.451,api,0.059
1790907800.451,client,0.010
1790907800.451,enginecore,1.457
1790907800.451,other_total,0.010
1790907800.451,store_0,0.000
1790907800.451,store_1,0.000
1790907800.451,store_2,0.030
1790907800.451,store_3,0.010
1790907800.451,store_4,0.000
1790907800.451,avail_mb,20230
1790907800.451,pswpin,921030
1790907801.464,api,0.118
1790907801.464,client,0.039
1790907801.464,enginecore,3.051
1790907801.464,other_total,0.089
1790907801.464,store_0,0.000
1790907801.464,store_1,0.000
1790907801.464,store_2,0.020
1790907801.464,store_3,0.049
1790907801.464,store_4,0.010
1790907801.464,avail_mb,20200
1790907801.464,pswpin,921069
1790907802.474,api,0.099
1790907802.474,client,0.030
1790907802.474,enginecore,3.090
1790907802.474,other_total,6.378
1790907802.474,store_0,0.000
1790907802.474,store_1,0.000
1790907802.474,store_2,0.030
1790907802.474,store_3,0.000
1790907802.474,store_4,0.010
1790907802.474,avail_mb,20095
1790907802.474,pswpin,921077
1790907803.484,api,0.129
1790907803.484,client,0.030
1790907803.484,enginecore,3.010
1790907803.484,other_total,2.832
1790907803.484,store_0,0.000
1790907803.484,store_1,0.010
1790907803.484,store_2,0.000
1790907803.484,store_3,0.010
1790907803.484,store_4,0.010
1790907803.484,avail_mb,20063
1790907803.484,pswpin,921090
1790907804.493,api,0.168
1790907804.493,client,0.050
1790907804.493,enginecore,5.866
1790907804.493,other_total,0.069
1790907804.493,store_0,0.050
1790907804.493,store_1,0.030
1790907804.493,store_2,0.000
1790907804.493,store_3,0.000
1790907804.493,store_4,0.010
1790907804.493,avail_mb,20093
1790907804.493,pswpin,921094
1790907805.505,api,0.129
1790907805.505,client,0.030
1790907805.505,enginecore,4.201
1790907805.505,other_total,0.059
1790907805.505,store_0,0.000
1790907805.505,store_1,0.010
1790907805.505,store_2,0.010
1790907805.505,store_3,0.030
1790907805.505,store_4,0.000
1790907805.505,avail_mb,20184
1790907805.505,pswpin,921094
1790907806.514,api,0.198
1790907806.514,client,0.069
1790907806.514,enginecore,7.124
1790907806.514,other_total,0.059
1790907806.514,store_0,0.030
1790907806.514,store_1,0.010
1790907806.514,store_2,0.000
1790907806.514,store_3,0.050
1790907806.514,store_4,0.030
1790907806.514,avail_mb,20193
1790907806.514,pswpin,921094
1790907807.526,api,0.178
1790907807.526,client,0.049
1790907807.526,enginecore,6.047
1790907807.526,other_total,0.059
1790907807.526,store_0,0.020
1790907807.526,store_1,0.020
1790907807.526,store_2,0.020
1790907807.526,store_3,0.000
1790907807.526,store_4,0.010
1790907807.526,avail_mb,20188
1790907807.526,pswpin,921094
1790907808.535,api,0.089
1790907808.535,client,0.040
1790907808.535,enginecore,2.458
1790907808.535,other_total,0.000
1790907808.535,store_0,0.000
1790907808.535,store_1,0.020
1790907808.535,store_2,0.000
1790907808.535,store_3,0.000
1790907808.535,store_4,0.000
1790907808.535,avail_mb,20189
1790907808.535,pswpin,921094
1790907809.546,api,0.109
1790907809.546,client,0.020
1790907809.546,enginecore,3.583
1790907809.546,other_total,0.000
1790907809.546,store_0,0.030
1790907809.546,store_1,0.030
1790907809.546,store_2,0.000
1790907809.546,store_3,0.000
1790907809.546,store_4,0.000
1790907809.546,avail_mb,20187
1790907809.546,pswpin,921094
1790907810.557,api,0.109
1790907810.557,client,0.030
1790907810.557,enginecore,2.631
1790907810.557,other_total,0.307
1790907810.557,store_0,0.010
1790907810.557,store_1,0.000
1790907810.557,store_2,0.020
1790907810.557,store_3,0.010
1790907810.557,store_4,0.030
1790907810.557,avail_mb,20109
1790907810.557,pswpin,921095
1790907811.566,api,0.218
1790907811.566,client,0.040
1790907811.566,enginecore,6.141
1790907811.566,other_total,0.020
1790907811.566,store_0,0.020
1790907811.566,store_1,0.020
1790907811.566,store_2,0.000
1790907811.566,store_3,0.000
1790907811.566,store_4,0.000
1790907811.566,avail_mb,20115
1790907811.566,pswpin,921095
1790907812.576,api,0.168
1790907812.576,client,0.079
1790907812.576,enginecore,4.704
1790907812.576,other_total,0.050
1790907812.576,store_0,0.020
1790907812.576,store_1,0.020
1790907812.576,store_2,0.000
1790907812.576,store_3,0.000
1790907812.576,store_4,0.030
1790907812.576,avail_mb,20142
1790907812.576,pswpin,921095
1790907813.588,api,0.119
1790907813.588,client,0.040
1790907813.588,enginecore,4.198
1790907813.588,other_total,0.010
1790907813.588,store_0,0.020
1790907813.588,store_1,0.010
1790907813.588,store_2,0.030
1790907813.588,store_3,0.040
1790907813.588,store_4,0.000
1790907813.588,avail_mb,20146
1790907813.588,pswpin,921095
1790907814.597,api,0.099
1790907814.597,client,0.030
1790907814.597,enginecore,3.132
1790907814.597,other_total,0.149
1790907814.597,store_0,0.000
1790907814.597,store_1,0.000
1790907814.597,store_2,0.040
1790907814.597,store_3,0.010
1790907814.597,store_4,0.000
1790907814.597,avail_mb,20124
1790907814.597,pswpin,921096
1790907815.608,api,0.119
1790907815.608,client,0.040
1790907815.608,enginecore,3.026
1790907815.608,other_total,0.158
1790907815.608,store_0,0.030
1790907815.608,store_1,0.000
1790907815.608,store_2,0.020
1790907815.608,store_3,0.000
1790907815.608,store_4,0.000
1790907815.608,avail_mb,20107
1790907815.608,pswpin,921101
1790907816.617,api,0.089
1790907816.617,client,0.030
1790907816.617,enginecore,3.122
1790907816.617,other_total,0.307
1790907816.617,store_0,0.010
1790907816.617,store_1,0.000
1790907816.617,store_2,0.000
1790907816.617,store_3,0.000
1790907816.617,store_4,0.020
1790907816.617,avail_mb,20113
1790907816.617,pswpin,921102
1790907817.627,api,0.079
1790907817.627,client,0.010
1790907817.627,enginecore,1.526
1790907817.627,other_total,0.020
1790907817.627,store_0,0.010
1790907817.627,store_1,0.000
1790907817.627,store_2,0.000
1790907817.627,store_3,0.010
1790907817.627,store_4,0.000
1790907817.627,avail_mb,20119
1790907817.627,pswpin,921106
1790907818.637,api,0.109
1790907818.637,client,0.030
1790907818.637,enginecore,3.644
1790907818.637,other_total,0.337
1790907818.637,store_0,0.020
1790907818.637,store_1,0.010
1790907818.637,store_2,0.010
1790907818.637,store_3,0.000
1790907818.637,store_4,0.020
1790907818.637,avail_mb,20070
1790907818.637,pswpin,921114
1790907819.646,api,0.119
1790907819.646,client,0.010
1790907819.646,enginecore,4.022
1790907819.646,other_total,0.347
1790907819.646,store_0,0.000
1790907819.646,store_1,0.010
1790907819.646,store_2,0.010
1790907819.646,store_3,0.030
1790907819.646,store_4,0.010
1790907819.646,avail_mb,20068
1790907819.646,pswpin,921114
1790907820.656,api,0.099
1790907820.656,client,0.040
1790907820.656,enginecore,3.100
1790907820.656,other_total,0.030
1790907820.656,store_0,0.030
1790907820.656,store_1,0.000
1790907820.656,store_2,0.010
1790907820.656,store_3,0.000
1790907820.656,store_4,0.010
1790907820.656,avail_mb,20077
1790907820.656,pswpin,921114
1790907821.665,api,0.158
1790907821.665,client,0.050
1790907821.665,enginecore,4.992
1790907821.665,other_total,0.000
1790907821.665,store_0,0.010
1790907821.665,store_1,0.030
1790907821.665,store_2,0.000
1790907821.665,store_3,0.020
1790907821.665,store_4,0.000
1790907821.665,avail_mb,20081
1790907821.665,pswpin,921117
1790907822.675,api,0.178
1790907822.675,client,0.040
1790907822.675,enginecore,5.328
1790907822.675,other_total,0.010
1790907822.675,store_0,0.010
1790907822.675,store_1,0.000
1790907822.675,store_2,0.020
1790907822.675,store_3,0.010
1790907822.675,store_4,0.020
1790907822.675,avail_mb,20090
1790907822.675,pswpin,921117
1790907823.685,api,0.168
1790907823.685,client,0.069
1790907823.685,enginecore,5.514
1790907823.685,other_total,0.000
1790907823.685,store_0,0.020
1790907823.685,store_1,0.000
1790907823.685,store_2,0.010
1790907823.685,store_3,0.020
1790907823.685,store_4,0.010
1790907823.685,avail_mb,20091
1790907823.685,pswpin,921117
1790907824.695,api,0.149
1790907824.695,client,0.050
1790907824.695,enginecore,4.716
1790907824.695,other_total,0.010
1790907824.695,store_0,0.000
1790907824.695,store_1,0.010
1790907824.695,store_2,0.010
1790907824.695,store_3,0.000
1790907824.695,store_4,0.010
1790907824.695,avail_mb,20113
1790907824.695,pswpin,921117
1790907825.704,api,0.119
1790907825.704,client,0.040
1790907825.704,enginecore,3.735
1790907825.704,other_total,0.020
1790907825.704,store_0,0.020
1790907825.704,store_1,0.000
1790907825.704,store_2,0.020
1790907825.704,store_3,0.000
1790907825.704,store_4,0.020
1790907825.704,avail_mb,20098
1790907825.704,pswpin,921118
1790907826.713,api,0.069
1790907826.713,client,0.010
1790907826.713,enginecore,1.635
1790907826.713,other_total,0.168
1790907826.713,store_0,0.020
1790907826.713,store_1,0.010
1790907826.713,store_2,0.000
1790907826.713,store_3,0.000
1790907826.713,store_4,0.020
1790907826.713,avail_mb,20038
1790907826.713,pswpin,921121
1790907827.722,api,0.129
1790907827.722,client,0.020
1790907827.722,enginecore,4.043
1790907827.722,other_total,0.238
1790907827.722,store_0,0.000
1790907827.722,store_1,0.020
1790907827.722,store_2,0.010
1790907827.722,store_3,0.020
1790907827.722,store_4,0.020
1790907827.722,avail_mb,20034
1790907827.722,pswpin,921124
1790907828.731,api,0.149
1790907828.731,client,0.069
1790907828.731,enginecore,4.964
1790907828.731,other_total,0.198
1790907828.731,store_0,0.010
1790907828.731,store_1,0.030
1790907828.731,store_2,0.010
1790907828.731,store_3,0.010
1790907828.731,store_4,0.010
1790907828.731,avail_mb,20089
1790907828.731,pswpin,921131
1790907829.741,api,0.129
1790907829.741,client,0.020
1790907829.741,enginecore,4.457
1790907829.741,other_total,0.010
1790907829.741,store_0,0.020
1790907829.741,store_1,0.020
1790907829.741,store_2,0.000
1790907829.741,store_3,0.000
1790907829.741,store_4,0.010
1790907829.741,avail_mb,20101
1790907829.741,pswpin,921131
1790907830.751,api,0.099
1790907830.751,client,0.020
1790907830.751,enginecore,3.485
1790907830.751,other_total,0.010
1790907830.751,store_0,0.010
1790907830.751,store_1,0.000
1790907830.751,store_2,0.020
1790907830.751,store_3,0.010
1790907830.751,store_4,0.010
1790907830.751,avail_mb,20110
1790907830.751,pswpin,921131
1790907831.761,api,0.109
1790907831.761,client,0.040
1790907831.761,enginecore,2.921
1790907831.761,other_total,0.000
1790907831.761,store_0,0.010
1790907831.761,store_1,0.000
1790907831.761,store_2,0.010
1790907831.761,store_3,0.020
1790907831.761,store_4,0.020
1790907831.761,avail_mb,20113
1790907831.761,pswpin,921131
1790907832.772,api,0.138
1790907832.772,client,0.040
1790907832.772,enginecore,3.915
1790907832.772,other_total,0.000
1790907832.772,store_0,0.000
1790907832.772,store_1,0.010
1790907832.772,store_2,0.010
1790907832.772,store_3,0.049
1790907832.772,store_4,0.000
1790907832.772,avail_mb,20115
1790907832.772,pswpin,921131
1790907833.782,api,0.188
1790907833.782,client,0.050
1790907833.782,enginecore,6.113
1790907833.782,other_total,0.000
1790907833.782,store_0,0.010
1790907833.782,store_1,0.030
1790907833.782,store_2,0.010
1790907833.782,store_3,0.010
1790907833.782,store_4,0.020
1790907833.782,avail_mb,20108
1790907833.782,pswpin,921131
1790907834.791,api,0.149
1790907834.791,client,0.040
1790907834.791,enginecore,4.330
1790907834.791,other_total,0.000
1790907834.791,store_0,0.020
1790907834.791,store_1,0.000
1790907834.791,store_2,0.020
1790907834.791,store_3,0.000
1790907834.791,store_4,0.010
1790907834.791,avail_mb,20104
1790907834.791,pswpin,921131
1790907835.802,api,0.158
1790907835.802,client,0.049
1790907835.802,enginecore,4.186
1790907835.802,other_total,0.000
1790907835.802,store_0,0.000
1790907835.802,store_1,0.000
1790907835.802,store_2,0.010
1790907835.802,store_3,0.040
1790907835.802,store_4,0.000
1790907835.802,avail_mb,20102
1790907835.802,pswpin,921131
1790907836.811,api,0.159
1790907836.811,client,0.050
1790907836.811,enginecore,5.242
1790907836.811,other_total,0.000
1790907836.811,store_0,0.010
1790907836.811,store_1,0.000
1790907836.811,store_2,0.020
1790907836.811,store_3,0.000
1790907836.811,store_4,0.010
1790907836.811,avail_mb,20105
1790907836.811,pswpin,921131
1790907837.820,api,0.089
1790907837.820,client,0.040
1790907837.820,enginecore,2.328
1790907837.820,other_total,0.010
1790907837.820,store_0,0.020
1790907837.820,store_1,0.010
1790907837.820,store_2,0.010
1790907837.820,store_3,0.000
1790907837.820,store_4,0.000
1790907837.820,avail_mb,20095
1790907837.820,pswpin,921131
1790907838.831,api,0.148
1790907838.831,client,0.030
1790907838.831,enginecore,4.376
1790907838.831,other_total,0.059
1790907838.831,store_0,0.000
1790907838.831,store_1,0.020
1790907838.831,store_2,0.000
1790907838.831,store_3,0.040
1790907838.831,store_4,0.000
1790907838.831,avail_mb,20107
1790907838.831,pswpin,921131
1790907839.840,api,0.208
1790907839.840,client,0.059
1790907839.840,enginecore,6.436
1790907839.840,other_total,0.000
1790907839.840,store_0,0.020
1790907839.840,store_1,0.050
1790907839.840,store_2,0.000
1790907839.840,store_3,0.010
1790907839.840,store_4,0.040
1790907839.840,avail_mb,20103
1790907839.840,pswpin,921131
1790907840.851,api,0.119
1790907840.851,client,0.030
1790907840.851,enginecore,3.206
1790907840.851,other_total,0.010
1790907840.851,store_0,0.000
1790907840.851,store_1,0.010
1790907840.851,store_2,0.020
1790907840.851,store_3,0.010
1790907840.851,store_4,0.010
1790907840.851,avail_mb,20095
1790907840.851,pswpin,921131
1790907841.861,api,0.089
1790907841.861,client,0.030
1790907841.861,enginecore,2.911
1790907841.861,other_total,0.000
1790907841.861,store_0,0.020
1790907841.861,store_1,0.020
1790907841.861,store_2,0.010
1790907841.861,store_3,0.020
1790907841.861,store_4,0.000
1790907841.861,avail_mb,20092
1790907841.861,pswpin,921131
1790907842.870,api,0.159
1790907842.870,client,0.069
1790907842.870,enginecore,5.133
1790907842.870,other_total,0.000
1790907842.870,store_0,0.020
1790907842.870,store_1,0.020
1790907842.870,store_2,0.010
1790907842.870,store_3,0.020
1790907842.870,store_4,0.010
1790907842.870,avail_mb,20086
1790907842.870,pswpin,921131
1790907843.880,api,0.149
1790907843.880,client,0.030
1790907843.880,enginecore,4.070
1790907843.880,other_total,0.079
1790907843.880,store_0,0.030
1790907843.880,store_1,0.010
1790907843.880,store_2,0.010
1790907843.880,store_3,0.000
1790907843.880,store_4,0.000
1790907843.880,avail_mb,20077
1790907843.880,pswpin,921131
1790907844.890,api,0.149
1790907844.890,client,0.050
1790907844.890,enginecore,5.377
1790907844.890,other_total,0.020
1790907844.890,store_0,0.000
1790907844.890,store_1,0.050
1790907844.890,store_2,0.010
1790907844.890,store_3,0.040
1790907844.890,store_4,0.010
1790907844.890,avail_mb,20083
1790907844.890,pswpin,921131
1790907845.900,api,0.178
1790907845.900,client,0.059
1790907845.900,enginecore,5.462
1790907845.900,other_total,0.000
1790907845.900,store_0,0.020
1790907845.900,store_1,0.010
1790907845.900,store_2,0.020
1790907845.900,store_3,0.000
1790907845.900,store_4,0.010
1790907845.900,avail_mb,20079
1790907845.900,pswpin,921132
1790907846.909,api,0.149
1790907846.909,client,0.069
1790907846.909,enginecore,4.816
1790907846.909,other_total,0.040
1790907846.909,store_0,0.010
1790907846.909,store_1,0.010
1790907846.909,store_2,0.020
1790907846.909,store_3,0.010
1790907846.909,store_4,0.000
1790907846.909,avail_mb,20078
1790907846.909,pswpin,921132
1790907847.919,api,0.198
1790907847.919,client,0.050
1790907847.919,enginecore,5.816
1790907847.919,other_total,0.000
1790907847.919,store_0,0.000
1790907847.919,store_1,0.020
1790907847.919,store_2,0.020
1790907847.919,store_3,0.020
1790907847.919,store_4,0.020
1790907847.919,avail_mb,20080
1790907847.919,pswpin,921132
1790907848.928,api,0.109
1790907848.928,client,0.030
1790907848.928,enginecore,2.387
1790907848.928,other_total,0.030
1790907848.928,store_0,0.010
1790907848.928,store_1,0.000
1790907848.928,store_2,0.020
1790907848.928,store_3,0.010
1790907848.928,store_4,0.000
1790907848.928,avail_mb,20076
1790907848.928,pswpin,921132
1790907849.937,api,0.139
1790907849.937,client,0.030
1790907849.937,enginecore,3.875
1790907849.937,other_total,0.000
1790907849.937,store_0,0.010
1790907849.937,store_1,0.010
1790907849.937,store_2,0.030
1790907849.937,store_3,0.010
1790907849.937,store_4,0.020
1790907849.937,avail_mb,20068
1790907849.937,pswpin,921132
1790907850.947,api,0.109
1790907850.947,client,0.030
1790907850.947,enginecore,3.635
1790907850.947,other_total,0.040
1790907850.947,store_0,0.010
1790907850.947,store_1,0.030
1790907850.947,store_2,0.010
1790907850.947,store_3,0.010
1790907850.947,store_4,0.000
1790907850.947,avail_mb,20069
1790907850.947,pswpin,921132
1790907851.957,api,0.119
1790907851.957,client,0.020
1790907851.957,enginecore,3.286
1790907851.957,other_total,0.020
1790907851.957,store_0,0.010
1790907851.957,store_1,0.010
1790907851.957,store_2,0.010
1790907851.957,store_3,0.000
1790907851.957,store_4,0.010
1790907851.957,avail_mb,20070
1790907851.957,pswpin,921132
1790907852.966,api,0.159
1790907852.966,client,0.069
1790907852.966,enginecore,6.411
1790907852.966,other_total,0.000
1790907852.966,store_0,0.030
1790907852.966,store_1,0.000
1790907852.966,store_2,0.040
1790907852.966,store_3,0.030
1790907852.966,store_4,0.030
1790907852.966,avail_mb,20063
1790907852.966,pswpin,921133
1790907853.976,api,0.149
1790907853.976,client,0.020
1790907853.976,enginecore,3.596
1790907853.976,other_total,0.010
1790907853.976,store_0,0.010
1790907853.976,store_1,0.010
1790907853.976,store_2,0.000
1790907853.976,store_3,0.000
1790907853.976,store_4,0.010
1790907853.976,avail_mb,20059
1790907853.976,pswpin,921133
1790907854.984,api,0.119
1790907854.984,client,0.030
1790907854.984,enginecore,3.221
1790907854.984,other_total,0.000
1790907854.984,store_0,0.020
1790907854.984,store_1,0.000
1790907854.984,store_2,0.000
1790907854.984,store_3,0.010
1790907854.984,store_4,0.020
1790907854.984,avail_mb,20061
1790907854.984,pswpin,921133
1790907855.994,api,0.149
1790907855.994,client,0.059
1790907855.994,enginecore,4.220
1790907855.994,other_total,0.020
1790907855.994,store_0,0.010
1790907855.994,store_1,0.000
1790907855.994,store_2,0.020
1790907855.994,store_3,0.010
1790907855.994,store_4,0.010
1790907855.994,avail_mb,20046
1790907855.994,pswpin,921133
1790907857.003,api,0.099
1790907857.003,client,0.030
1790907857.003,enginecore,3.369
1790907857.003,other_total,0.000
1790907857.003,store_0,0.010
1790907857.003,store_1,0.030
1790907857.003,store_2,0.020
1790907857.003,store_3,0.030
1790907857.003,store_4,0.000
1790907857.003,avail_mb,20051
1790907857.003,pswpin,921133
1790907858.013,api,0.139
1790907858.013,client,0.059
1790907858.013,enginecore,4.022
1790907858.013,other_total,0.010
1790907858.013,store_0,0.000
1790907858.013,store_1,0.020
1790907858.013,store_2,0.000
1790907858.013,store_3,0.030
1790907858.013,store_4,0.020
1790907858.013,avail_mb,20053
1790907858.013,pswpin,921133
1790907859.022,api,0.168
1790907859.022,client,0.040
1790907859.022,enginecore,5.675
1790907859.022,other_total,0.020
1790907859.022,store_0,0.010
1790907859.022,store_1,0.000
1790907859.022,store_2,0.020
1790907859.022,store_3,0.030
1790907859.022,store_4,0.020
1790907859.022,avail_mb,20046
1790907859.022,pswpin,921133
1790907860.032,api,0.178
1790907860.032,client,0.049
1790907860.032,enginecore,5.741
1790907860.032,other_total,0.000
1790907860.032,store_0,0.020
1790907860.032,store_1,0.010
1790907860.032,store_2,0.010
1790907860.032,store_3,0.030
1790907860.032,store_4,0.020
1790907860.032,avail_mb,20040
1790907860.032,pswpin,921133
1790907861.043,api,0.158
1790907861.043,client,0.040
1790907861.043,enginecore,5.136
1790907861.043,other_total,0.010
1790907861.043,store_0,0.000
1790907861.043,store_1,0.030
1790907861.043,store_2,0.020
1790907861.043,store_3,0.010
1790907861.043,store_4,0.020
1790907861.043,avail_mb,20044
1790907861.043,pswpin,921133
1790907862.052,api,0.159
1790907862.052,client,0.040
1790907862.052,enginecore,4.379
1790907862.052,other_total,0.000
1790907862.052,store_0,0.000
1790907862.052,store_1,0.000
1790907862.052,store_2,0.010
1790907862.052,store_3,0.010
1790907862.052,store_4,0.000
1790907862.052,avail_mb,20026
1790907862.052,pswpin,921133
1790907863.062,api,0.099
1790907863.062,client,0.040
1790907863.062,enginecore,3.436
1790907863.062,other_total,0.000
1790907863.062,store_0,0.010
1790907863.062,store_1,0.010
1790907863.062,store_2,0.020
1790907863.062,store_3,0.000
1790907863.062,store_4,0.020
1790907863.062,avail_mb,20025
1790907863.062,pswpin,921133
1790907864.071,api,0.159
1790907864.071,client,0.040
1790907864.071,enginecore,4.498
1790907864.071,other_total,0.000
1790907864.071,store_0,0.000
1790907864.071,store_1,0.010
1790907864.071,store_2,0.020
1790907864.071,store_3,0.020
1790907864.071,store_4,0.000
1790907864.071,avail_mb,20023
1790907864.071,pswpin,921133
1790907865.080,api,0.149
1790907865.080,client,0.040
1790907865.080,enginecore,4.192
1790907865.080,other_total,0.000
1790907865.080,store_0,0.000
1790907865.080,store_1,0.010
1790907865.080,store_2,0.000
1790907865.080,store_3,0.010
1790907865.080,store_4,0.030
1790907865.080,avail_mb,20018
1790907865.080,pswpin,921133
1790907866.091,api,0.148
1790907866.091,client,0.049
1790907866.091,enginecore,4.206
1790907866.091,other_total,0.000
1790907866.091,store_0,0.020
1790907866.091,store_1,0.030
1790907866.091,store_2,0.000
1790907866.091,store_3,0.020
1790907866.091,store_4,0.010
1790907866.091,avail_mb,20019
1790907866.091,pswpin,921133
1790907867.100,api,0.089
1790907867.100,client,0.040
1790907867.100,enginecore,2.973
1790907867.100,other_total,0.000
1790907867.100,store_0,0.000
1790907867.100,store_1,0.020
1790907867.100,store_2,0.000
1790907867.100,store_3,0.020
1790907867.100,store_4,0.010
1790907867.100,avail_mb,20022
1790907867.100,pswpin,921133
1790907868.110,api,0.218
1790907868.110,client,0.069
1790907868.110,enginecore,6.545
1790907868.110,other_total,0.040
1790907868.110,store_0,0.010
1790907868.110,store_1,0.030
1790907868.110,store_2,0.030
1790907868.110,store_3,0.010
1790907868.110,store_4,0.020
1790907868.110,avail_mb,20025
1790907868.110,pswpin,921133
1790907869.120,api,0.188
1790907869.120,client,0.049
1790907869.120,enginecore,6.325
1790907869.120,other_total,0.040
1790907869.120,store_0,0.010
1790907869.120,store_1,0.020
1790907869.120,store_2,0.020
1790907869.120,store_3,0.020
1790907869.120,store_4,0.010
1790907869.120,avail_mb,20072
1790907869.120,pswpin,921133
1790907870.129,api,0.159
1790907870.129,client,0.040
1790907870.129,enginecore,5.449
1790907870.129,other_total,0.010
1790907870.129,store_0,0.000
1790907870.129,store_1,0.020
1790907870.129,store_2,0.030
1790907870.129,store_3,0.030
1790907870.129,store_4,0.010
1790907870.129,avail_mb,20076
1790907870.129,pswpin,921133
1790907871.139,api,0.139
1790907871.139,client,0.040
1790907871.139,enginecore,3.933
1790907871.139,other_total,0.000
1790907871.139,store_0,0.000
1790907871.139,store_1,0.010
1790907871.139,store_2,0.020
1790907871.139,store_3,0.000
1790907871.139,store_4,0.020
1790907871.139,avail_mb,20065
1790907871.139,pswpin,921133
1790907872.148,api,0.109
1790907872.148,client,0.040
1790907872.148,enginecore,3.795
1790907872.148,other_total,0.000
1790907872.148,store_0,0.000
1790907872.148,store_1,0.020
1790907872.148,store_2,0.010
1790907872.148,store_3,0.040
1790907872.148,store_4,0.030
1790907872.148,avail_mb,20058
1790907872.148,pswpin,921133
1790907873.157,api,0.099
1790907873.157,client,0.000
1790907873.157,enginecore,3.161
1790907873.157,other_total,0.000
1790907873.157,store_0,0.000
1790907873.157,store_1,0.010
1790907873.157,store_2,0.020
1790907873.157,store_3,0.010
1790907873.157,store_4,0.000
1790907873.157,avail_mb,20057
1790907873.157,pswpin,921133
1790907874.166,api,0.079
1790907874.166,client,0.030
1790907874.166,enginecore,2.151
1790907874.166,other_total,0.040
1790907874.166,store_0,0.000
1790907874.166,store_1,0.000
1790907874.166,store_2,0.020
1790907874.166,store_3,0.000
1790907874.166,store_4,0.020
1790907874.166,avail_mb,20060
1790907874.166,pswpin,921133
1790907875.175,api,0.079
1790907875.175,client,0.010
1790907875.175,enginecore,1.962
1790907875.175,other_total,0.000
1790907875.175,store_0,0.000
1790907875.175,store_1,0.000
1790907875.175,store_2,0.010
1790907875.175,store_3,0.000
1790907875.175,store_4,0.010
1790907875.175,avail_mb,20106
1790907875.175,pswpin,921133
1790907876.184,api,0.079
1790907876.184,client,0.020
1790907876.184,enginecore,1.546
1790907876.184,other_total,0.010
1790907876.184,store_0,0.000
1790907876.184,store_1,0.000
1790907876.184,store_2,0.000
1790907876.184,store_3,0.010
1790907876.184,store_4,0.000
1790907876.184,avail_mb,20104
1790907876.184,pswpin,921133
1790907877.196,api,0.099
1790907877.196,client,0.040
1790907877.196,enginecore,3.064
1790907877.196,other_total,0.010
1790907877.196,store_0,0.000
1790907877.196,store_1,0.040
1790907877.196,store_2,0.000
1790907877.196,store_3,0.020
1790907877.196,store_4,0.020
1790907877.196,avail_mb,20100
1790907877.196,pswpin,921133
1790907878.205,api,0.129
1790907878.205,client,0.030
1790907878.205,enginecore,4.132
1790907878.205,other_total,0.000
1790907878.205,store_0,0.000
1790907878.205,store_1,0.010
1790907878.205,store_2,0.000
1790907878.205,store_3,0.040
1790907878.205,store_4,0.010
1790907878.205,avail_mb,20094
1790907878.205,pswpin,921133
1790907879.215,api,0.030
1790907879.215,client,0.020
1790907879.215,enginecore,0.693
1790907879.215,other_total,0.020
1790907879.215,store_0,0.000
1790907879.215,store_1,0.010
1790907879.215,store_2,0.000
1790907879.215,store_3,0.000
1790907879.215,store_4,0.010
1790907879.215,avail_mb,20141
1790907879.215,pswpin,921133
1790907880.225,api,0.030
1790907880.225,client,0.000
1790907880.225,enginecore,0.703
1790907880.225,other_total,0.040
1790907880.225,store_0,0.000
1790907880.225,store_1,0.000
1790907880.225,store_2,0.000
1790907880.225,store_3,0.000
1790907880.225,store_4,0.020
1790907880.225,avail_mb,20134
1790907880.225,pswpin,921133
1790907881.234,api,0.059
1790907881.234,client,0.010
1790907881.234,enginecore,1.417
1790907881.234,other_total,0.000
1790907881.234,store_0,0.000
1790907881.234,store_1,0.010
1790907881.234,store_2,0.000
1790907881.234,store_3,0.000
1790907881.234,store_4,0.010
1790907881.234,avail_mb,20189
1790907881.234,pswpin,921133
1790907882.243,api,0.030
1790907882.243,client,0.000
1790907882.243,enginecore,0.991
1790907882.243,other_total,0.010
1790907882.243,store_0,0.000
1790907882.243,store_1,0.000
1790907882.243,store_2,0.000
1790907882.243,store_3,0.000
1790907882.243,store_4,0.020
1790907882.243,avail_mb,20192
1790907882.243,pswpin,921133
1790907883.252,api,0.050
1790907883.252,client,0.010
1790907883.252,enginecore,1.110
1790907883.252,other_total,0.020
1790907883.252,store_0,0.000
1790907883.252,store_1,0.000
1790907883.252,store_2,0.000
1790907883.252,store_3,0.000
1790907883.252,store_4,0.020
1790907883.252,avail_mb,20189
1790907883.252,pswpin,921134
1790907884.261,api,0.020
1790907884.261,enginecore,0.555
1790907884.261,other_total,0.069
1790907884.261,store_0,0.000
1790907884.261,store_1,0.000
1790907884.261,store_2,0.000
1790907884.261,store_3,0.000
1790907884.261,store_4,0.010
1790907884.261,avail_mb,20231
1790907884.261,pswpin,921134
1790907885.272,api,0.000
1790907885.272,enginecore,0.020
1790907885.272,other_total,0.010
1790907885.272,store_0,0.000
1790907885.272,store_1,0.000
1790907885.272,store_2,0.000
1790907885.272,store_3,0.000
1790907885.272,store_4,0.000
1790907885.272,avail_mb,20230
1790907885.272,pswpin,921134
1790907886.281,api,0.030
1790907886.281,enginecore,0.030
1790907886.281,other_total,1.823
1790907886.281,store_0,0.000
1790907886.281,store_1,0.000
1790907886.281,store_2,0.000
1790907886.281,store_3,0.000
1790907886.281,store_4,0.000
1790907886.281,avail_mb,19881
1790907886.281,pswpin,921134
1790907887.292,api,0.000
1790907887.292,client,0.000
1790907887.292,enginecore,0.000
1790907887.292,other_total,0.030
1790907887.292,store_0,0.000
1790907887.292,store_1,0.000
1790907887.292,store_2,0.000
1790907887.292,store_3,0.000
1790907887.292,store_4,0.000
1790907887.292,avail_mb,19886
1790907887.292,pswpin,921134
1790907888.302,api,0.000
1790907888.302,client,0.000
1790907888.302,enginecore,0.049
1790907888.302,other_total,0.000
1790907888.302,store_0,0.000
1790907888.302,store_1,0.000
1790907888.302,store_2,0.000
1790907888.302,store_3,0.000
1790907888.302,store_4,0.000
1790907888.302,avail_mb,19886
1790907888.302,pswpin,921134
1790907889.314,api,0.000
1790907889.314,client,0.020
1790907889.314,enginecore,0.030
1790907889.314,other_total,0.099
1790907889.314,store_0,0.000
1790907889.314,store_1,0.000
1790907889.314,store_2,0.000
1790907889.314,store_3,0.000
1790907889.314,store_4,0.020
1790907889.314,avail_mb,19889
1790907889.314,pswpin,921134
1790907890.325,api,0.030
1790907890.325,client,0.010
1790907890.325,enginecore,0.376
1790907890.325,other_total,0.445
1790907890.325,store_0,0.000
1790907890.325,store_1,0.000
1790907890.325,store_2,0.000
1790907890.325,store_3,0.010
1790907890.325,store_4,0.000
1790907890.325,avail_mb,19881
1790907890.325,pswpin,921134
1790907891.336,api,0.010
1790907891.336,client,0.000
1790907891.336,enginecore,0.475
1790907891.336,other_total,0.247
1790907891.336,store_0,0.000
1790907891.336,store_1,0.020
1790907891.336,store_2,0.010
1790907891.336,store_3,0.020
1790907891.336,store_4,0.000
1790907891.336,avail_mb,19883
1790907891.336,pswpin,921135
1790907892.347,api,0.010
1790907892.347,client,0.010
1790907892.347,enginecore,0.237
1790907892.347,other_total,0.099
1790907892.347,store_0,0.000
1790907892.347,store_1,0.000
1790907892.347,store_2,0.010
1790907892.347,store_3,0.000
1790907892.347,store_4,0.000
1790907892.347,avail_mb,19885
1790907892.347,pswpin,921135
1790907893.358,api,0.010
1790907893.358,client,0.010
1790907893.358,enginecore,0.366
1790907893.358,other_total,0.010
1790907893.358,store_0,0.010
1790907893.358,store_1,0.000
1790907893.358,store_2,0.000
1790907893.358,store_3,0.000
1790907893.358,store_4,0.000
1790907893.358,avail_mb,19890
1790907893.358,pswpin,921135
1790907894.369,api,0.010
1790907894.369,client,0.000
1790907894.369,enginecore,0.366
1790907894.369,other_total,0.000
1790907894.369,store_0,0.000
1790907894.369,store_1,0.000
1790907894.369,store_2,0.020
1790907894.369,store_3,0.000
1790907894.369,store_4,0.010
1790907894.369,avail_mb,19893
1790907894.369,pswpin,921135
1790907895.380,api,0.020
1790907895.380,client,0.000
1790907895.380,enginecore,0.247
1790907895.380,other_total,0.030
1790907895.380,store_0,0.000
1790907895.380,store_1,0.010
1790907895.380,store_2,0.000
1790907895.380,store_3,0.000
1790907895.380,store_4,0.000
1790907895.380,avail_mb,19856
1790907895.380,pswpin,921135
1790907896.391,api,0.049
1790907896.391,client,0.000
1790907896.391,enginecore,0.890
1790907896.391,other_total,0.020
1790907896.391,store_0,0.010
1790907896.391,store_1,0.020
1790907896.391,store_2,0.010
1790907896.391,store_3,0.000
1790907896.391,store_4,0.010
1790907896.391,avail_mb,19873
1790907896.391,pswpin,921135
1790907897.402,api,0.010
1790907897.402,client,0.010
1790907897.402,enginecore,0.742
1790907897.402,other_total,0.000
1790907897.402,store_0,0.010
1790907897.402,store_1,0.010
1790907897.402,store_2,0.000
1790907897.402,store_3,0.010
1790907897.402,store_4,0.000
1790907897.402,avail_mb,19879
1790907897.402,pswpin,921135
1790907898.413,api,0.020
1790907898.413,client,0.000
1790907898.413,enginecore,0.307
1790907898.413,other_total,0.089
1790907898.413,store_0,0.000
1790907898.413,store_1,0.000
1790907898.413,store_2,0.000
1790907898.413,store_3,0.000
1790907898.413,store_4,0.000
1790907898.413,avail_mb,19873
1790907898.413,pswpin,921135
1790907899.424,api,0.010
1790907899.424,client,0.000
1790907899.424,enginecore,0.544
1790907899.424,other_total,0.000
1790907899.424,store_0,0.000
1790907899.424,store_1,0.010
1790907899.424,store_2,0.010
1790907899.424,store_3,0.000
1790907899.424,store_4,0.010
1790907899.424,avail_mb,19882
1790907899.424,pswpin,921135
1790907900.435,api,0.010
1790907900.435,client,0.010
1790907900.435,enginecore,0.356
1790907900.435,other_total,0.000
1790907900.435,store_0,0.030
1790907900.435,store_1,0.000
1790907900.435,store_2,0.000
1790907900.435,store_3,0.000
1790907900.435,store_4,0.000
1790907900.435,avail_mb,19886
1790907900.435,pswpin,921135
1790907901.446,api,0.020
1790907901.446,client,0.000
1790907901.446,enginecore,0.396
1790907901.446,other_total,0.049
1790907901.446,store_0,0.000
1790907901.446,store_1,0.010
1790907901.446,store_2,0.000
1790907901.446,store_3,0.000
1790907901.446,store_4,0.010
1790907901.446,avail_mb,19876
1790907901.446,pswpin,921135
1790907902.457,api,0.020
1790907902.457,client,0.000
1790907902.457,enginecore,0.356
1790907902.457,other_total,0.040
1790907902.457,store_0,0.010
1790907902.457,store_1,0.000
1790907902.457,store_2,0.000
1790907902.457,store_3,0.010
1790907902.457,store_4,0.000
1790907902.457,avail_mb,19881
1790907902.457,pswpin,921135
1790907903.468,api,0.010
1790907903.468,client,0.020
1790907903.468,enginecore,0.712
1790907903.468,other_total,0.000
1790907903.468,store_0,0.000
1790907903.468,store_1,0.020
1790907903.468,store_2,0.010
1790907903.468,store_3,0.010
1790907903.468,store_4,0.000
1790907903.468,avail_mb,19883
1790907903.468,pswpin,921135
1790907904.479,api,0.010
1790907904.479,client,0.000
1790907904.479,enginecore,0.287
1790907904.479,other_total,0.049
1790907904.479,store_0,0.000
1790907904.479,store_1,0.000
1790907904.479,store_2,0.010
1790907904.479,store_3,0.010
1790907904.479,store_4,0.000
1790907904.479,avail_mb,19878
1790907904.479,pswpin,921135
1790907905.491,api,0.000
1790907905.491,client,0.010
1790907905.491,enginecore,0.524
1790907905.491,other_total,0.010
1790907905.491,store_0,0.000
1790907905.491,store_1,0.020
1790907905.491,store_2,0.000
1790907905.491,store_3,0.020
1790907905.491,store_4,0.000
1790907905.491,avail_mb,19880
1790907905.491,pswpin,921135
1790907906.502,api,0.030
1790907906.502,client,0.000
1790907906.502,enginecore,0.474
1790907906.502,other_total,0.010
1790907906.502,store_0,0.010
1790907906.502,store_1,0.000
1790907906.502,store_2,0.000
1790907906.502,store_3,0.010
1790907906.502,store_4,0.000
1790907906.502,avail_mb,19881
1790907906.502,pswpin,921138
1790907907.513,api,0.000
1790907907.513,client,0.020
1790907907.513,enginecore,0.544
1790907907.513,other_total,0.030
1790907907.513,store_0,0.000
1790907907.513,store_1,0.020
1790907907.513,store_2,0.000
1790907907.513,store_3,0.000
1790907907.513,store_4,0.010
1790907907.513,avail_mb,19877
1790907907.513,pswpin,921140
1790907908.524,api,0.030
1790907908.524,client,0.000
1790907908.524,enginecore,0.524
1790907908.524,other_total,0.010
1790907908.524,store_0,0.010
1790907908.524,store_1,0.000
1790907908.524,store_2,0.000
1790907908.524,store_3,0.010
1790907908.524,store_4,0.010
1790907908.524,avail_mb,19884
1790907908.524,pswpin,921140
1790907909.535,api,0.000
1790907909.535,client,0.000
1790907909.535,enginecore,0.188
1790907909.535,other_total,0.020
1790907909.535,store_0,0.000
1790907909.535,store_1,0.000
1790907909.535,store_2,0.010
1790907909.535,store_3,0.000
1790907909.535,store_4,0.000
1790907909.535,avail_mb,19883
1790907909.535,pswpin,921140
1790907910.546,api,0.010
1790907910.546,client,0.000
1790907910.546,enginecore,0.307
1790907910.546,other_total,0.059
1790907910.546,store_0,0.010
1790907910.546,store_1,0.000
1790907910.546,store_2,0.000
1790907910.546,store_3,0.000
1790907910.546,store_4,0.000
1790907910.546,avail_mb,19882
1790907910.546,pswpin,921140
1790907911.557,api,0.000
1790907911.557,client,0.000
1790907911.557,enginecore,0.534
1790907911.557,other_total,0.000
1790907911.557,store_0,0.000
1790907911.557,store_1,0.000
1790907911.557,store_2,0.000
1790907911.557,store_3,0.020
1790907911.557,store_4,0.010
1790907911.557,avail_mb,19840
1790907911.557,pswpin,921140
1790907912.568,api,0.030
1790907912.568,client,0.010
1790907912.568,enginecore,0.534
1790907912.568,other_total,0.000
1790907912.568,store_0,0.000
1790907912.568,store_1,0.020
1790907912.568,store_2,0.010
1790907912.568,store_3,0.000
1790907912.568,store_4,0.000
1790907912.568,avail_mb,19842
1790907912.568,pswpin,921140
1790907913.579,api,0.010
1790907913.579,client,0.000
1790907913.579,enginecore,0.178
1790907913.579,other_total,0.040
1790907913.579,store_0,0.000
1790907913.579,store_1,0.000
1790907913.579,store_2,0.010
1790907913.579,store_3,0.000
1790907913.579,store_4,0.000
1790907913.579,avail_mb,19838
1790907913.579,pswpin,921140
1790907914.590,api,0.010
1790907914.590,client,0.000
1790907914.590,enginecore,0.030
1790907914.590,other_total,0.000
1790907914.590,store_0,0.000
1790907914.590,store_1,0.000
1790907914.590,store_2,0.000
1790907914.590,store_3,0.000
1790907914.590,store_4,0.000
1790907914.590,avail_mb,19837
1790907914.590,pswpin,921140
1790907915.599,api,0.020
1790907915.599,client,0.010
1790907915.599,enginecore,0.733
1790907915.599,other_total,0.040
1790907915.599,store_0,0.010
1790907915.599,store_1,0.000
1790907915.599,store_2,0.000
1790907915.599,store_3,0.020
1790907915.599,store_4,0.010
1790907915.599,avail_mb,19839
1790907915.599,pswpin,921140
1790907916.610,api,0.010
1790907916.610,client,0.000
1790907916.610,enginecore,0.020
1790907916.610,other_total,0.059
1790907916.610,store_0,0.000
1790907916.610,store_1,0.000
1790907916.610,store_2,0.000
1790907916.610,store_3,0.000
1790907916.610,store_4,0.000
1790907916.610,avail_mb,19829
1790907916.610,pswpin,921140
1790907917.620,api,0.010
1790907917.620,client,0.000
1790907917.620,enginecore,0.010
1790907917.620,other_total,0.000
1790907917.620,store_0,0.000
1790907917.620,store_1,0.000
1790907917.620,store_2,0.000
1790907917.620,store_3,0.000
1790907917.620,store_4,0.000
1790907917.620,avail_mb,19829
1790907917.620,pswpin,921141
1790907918.631,api,0.030
1790907918.631,client,0.000
1790907918.631,enginecore,0.860
1790907918.631,other_total,0.020
1790907918.631,store_0,0.010
1790907918.631,store_1,0.010
1790907918.631,store_2,0.010
1790907918.631,store_3,0.000
1790907918.631,store_4,0.010
1790907918.631,avail_mb,19841
1790907918.631,pswpin,921141
1790907919.642,api,0.000
1790907919.642,client,0.000
1790907919.642,enginecore,0.198
1790907919.642,other_total,0.049
1790907919.642,store_0,0.010
1790907919.642,store_1,0.000
1790907919.642,store_2,0.000
1790907919.642,store_3,0.000
1790907919.642,store_4,0.000
1790907919.642,avail_mb,19833
1790907919.642,pswpin,921141
1790907920.653,api,0.010
1790907920.653,client,0.000
1790907920.653,enginecore,0.376
1790907920.653,other_total,0.020
1790907920.653,store_0,0.000
1790907920.653,store_1,0.010
1790907920.653,store_2,0.000
1790907920.653,store_3,0.010
1790907920.653,store_4,0.000
1790907920.653,avail_mb,19834
1790907920.653,pswpin,921141
1790907921.664,api,0.010
1790907921.664,client,0.000
1790907921.664,enginecore,0.356
1790907921.664,other_total,0.030
1790907921.664,store_0,0.000
1790907921.664,store_1,0.000
1790907921.664,store_2,0.020
1790907921.664,store_3,0.000
1790907921.664,store_4,0.000
1790907921.664,avail_mb,19834
1790907921.664,pswpin,921141
1790907922.675,api,0.000
1790907922.675,client,0.000
1790907922.675,enginecore,0.030
1790907922.675,other_total,0.040
1790907922.675,store_0,0.000
1790907922.675,store_1,0.000
1790907922.675,store_2,0.000
1790907922.675,store_3,0.000
1790907922.675,store_4,0.000
1790907922.675,avail_mb,19829
1790907922.675,pswpin,921141
1790907923.686,api,0.020
1790907923.686,client,0.000
1790907923.686,enginecore,0.366
1790907923.686,other_total,0.000
1790907923.686,store_0,0.000
1790907923.686,store_1,0.000
1790907923.686,store_2,0.000
1790907923.686,store_3,0.000
1790907923.686,store_4,0.020
1790907923.686,avail_mb,19833
1790907923.686,pswpin,921141
1790907924.697,api,0.000
1790907924.697,client,0.010
1790907924.697,enginecore,0.663
1790907924.697,other_total,0.069
1790907924.697,store_0,0.010
1790907924.697,store_1,0.010
1790907924.697,store_2,0.000
1790907924.697,store_3,0.000
1790907924.697,store_4,0.010
1790907924.697,avail_mb,19833
1790907924.697,pswpin,921141
1790907925.708,api,0.010
1790907925.708,client,0.010
1790907925.708,enginecore,0.900
1790907925.708,other_total,0.059
1790907925.708,store_0,0.010
1790907925.708,store_1,0.030
1790907925.708,store_2,0.010
1790907925.708,store_3,0.000
1790907925.708,store_4,0.000
1790907925.708,avail_mb,19840
1790907925.708,pswpin,921141
1790907926.719,api,0.040
1790907926.719,client,0.010
1790907926.719,enginecore,0.524
1790907926.719,other_total,0.000
1790907926.719,store_0,0.010
1790907926.719,store_1,0.000
1790907926.719,store_2,0.000
1790907926.719,store_3,0.010
1790907926.719,store_4,0.010
1790907926.719,avail_mb,19836
1790907926.719,pswpin,921141
1790907927.730,api,0.010
1790907927.730,client,0.000
1790907927.730,enginecore,0.524
1790907927.730,other_total,0.049
1790907927.730,store_0,0.000
1790907927.730,store_1,0.000
1790907927.730,store_2,0.000
1790907927.730,store_3,0.010
1790907927.730,store_4,0.010
1790907927.730,avail_mb,19840
1790907927.730,pswpin,921141
1790907928.740,api,0.000
1790907928.740,client,0.000
1790907928.740,enginecore,0.208
1790907928.740,other_total,0.129
1790907928.740,store_0,0.000
1790907928.740,store_1,0.010
1790907928.740,store_2,0.000
1790907928.740,store_3,0.000
1790907928.740,store_4,0.000
1790907928.740,avail_mb,19863
1790907928.740,pswpin,921141
1790907929.751,api,0.020
1790907929.751,client,0.000
1790907929.751,enginecore,0.356
1790907929.751,other_total,0.020
1790907929.751,store_0,0.000
1790907929.751,store_1,0.000
1790907929.751,store_2,0.010
1790907929.751,store_3,0.000
1790907929.751,store_4,0.010
1790907929.751,avail_mb,19864
1790907929.751,pswpin,921141
1790907930.760,api,0.040
1790907930.760,client,0.010
1790907930.760,enginecore,1.507
1790907930.760,other_total,0.000
1790907930.760,store_0,0.010
1790907930.760,store_1,0.010
1790907930.760,store_2,0.030
1790907930.760,store_3,0.000
1790907930.760,store_4,0.040
1790907930.760,avail_mb,19839
1790907930.760,pswpin,921141
1790907931.771,api,0.030
1790907931.771,client,0.000
1790907931.771,enginecore,0.752
1790907931.771,other_total,0.030
1790907931.771,store_0,0.010
1790907931.771,store_1,0.020
1790907931.771,store_2,0.010
1790907931.771,store_3,0.000
1790907931.771,store_4,0.000
1790907931.771,avail_mb,19827
1790907931.771,pswpin,921141
1790907932.782,api,0.010
1790907932.782,client,0.010
1790907932.782,enginecore,0.574
1790907932.782,other_total,0.020
1790907932.782,store_0,0.010
1790907932.782,store_1,0.000
1790907932.782,store_2,0.000
1790907932.782,store_3,0.000
1790907932.782,store_4,0.030
1790907932.782,avail_mb,19830
1790907932.782,pswpin,921141
1790907933.793,api,0.010
1790907933.793,client,0.000
1790907933.793,enginecore,0.495
1790907933.793,other_total,0.000
1790907933.793,store_0,0.000
1790907933.793,store_1,0.000
1790907933.793,store_2,0.000
1790907933.793,store_3,0.030
1790907933.793,store_4,0.000
1790907933.793,avail_mb,19834
1790907933.793,pswpin,921141
1790907934.804,api,0.010
1790907934.804,client,0.000
1790907934.804,enginecore,0.524
1790907934.804,other_total,0.089
1790907934.804,store_0,0.010
1790907934.804,store_1,0.010
1790907934.804,store_2,0.000
1790907934.804,store_3,0.000
1790907934.804,store_4,0.010
1790907934.804,avail_mb,19826
1790907934.804,pswpin,921141
1790907935.815,api,0.030
1790907935.815,client,0.020
1790907935.815,enginecore,1.098
1790907935.815,other_total,0.000
1790907935.815,store_0,0.049
1790907935.815,store_1,0.020
1790907935.815,store_2,0.000
1790907935.815,store_3,0.000
1790907935.815,store_4,0.000
1790907935.815,avail_mb,19783
1790907935.815,pswpin,921141
1790907936.828,api,0.010
1790907936.828,client,0.000
1790907936.828,enginecore,0.336
1790907936.828,other_total,0.039
1790907936.828,store_0,0.010
1790907936.828,store_1,0.000
1790907936.828,store_2,0.010
1790907936.828,store_3,0.000
1790907936.828,store_4,0.000
1790907936.828,avail_mb,19784
1790907936.828,pswpin,921141
1790907937.839,api,0.020
1790907937.839,client,0.000
1790907937.839,enginecore,0.198
1790907937.839,other_total,0.030
1790907937.839,store_0,0.010
1790907937.839,store_1,0.000
1790907937.839,store_2,0.000
1790907937.839,store_3,0.000
1790907937.839,store_4,0.000
1790907937.839,avail_mb,19778
1790907937.839,pswpin,921141
1790907938.850,api,0.000
1790907938.850,client,0.000
1790907938.850,enginecore,0.198
1790907938.850,other_total,0.010
1790907938.850,store_0,0.000
1790907938.850,store_1,0.000
1790907938.850,store_2,0.000
1790907938.850,store_3,0.000
1790907938.850,store_4,0.010
1790907938.850,avail_mb,19788
1790907938.850,pswpin,921141
1790907939.862,api,0.000
1790907939.862,client,0.010
1790907939.862,enginecore,0.366
1790907939.862,other_total,0.030
1790907939.862,store_0,0.010
1790907939.862,store_1,0.010
1790907939.862,store_2,0.000
1790907939.862,store_3,0.010
1790907939.862,store_4,0.000
1790907939.862,avail_mb,19788
1790907939.862,pswpin,921141
1790907940.873,api,0.020
1790907940.873,client,0.000
1790907940.873,enginecore,0.316
1790907940.873,other_total,0.049
1790907940.873,store_0,0.010
1790907940.873,store_1,0.000
1790907940.873,store_2,0.000
1790907940.873,store_3,0.000
1790907940.873,store_4,0.000
1790907940.873,avail_mb,19784
1790907940.873,pswpin,921141
1790907941.885,api,0.020
1790907941.885,client,0.000
1790907941.885,enginecore,0.574
1790907941.885,other_total,0.030
1790907941.885,store_0,0.010
1790907941.885,store_1,0.010
1790907941.885,store_2,0.000
1790907941.885,store_3,0.000
1790907941.885,store_4,0.000
1790907941.885,avail_mb,19787
1790907941.885,pswpin,921142
1790907942.896,api,0.000
1790907942.896,client,0.000
1790907942.896,enginecore,0.188
1790907942.896,other_total,0.010
1790907942.896,store_0,0.000
1790907942.896,store_1,0.010
1790907942.896,store_2,0.000
1790907942.896,store_3,0.000
1790907942.896,store_4,0.000
1790907942.896,avail_mb,19788
1790907942.896,pswpin,921142
1790907943.907,api,0.010
1790907943.907,client,0.000
1790907943.907,enginecore,0.198
1790907943.907,other_total,0.040
1790907943.907,store_0,0.010
1790907943.907,store_1,0.000
1790907943.907,store_2,0.000
1790907943.907,store_3,0.000
1790907943.907,store_4,0.000
1790907943.907,avail_mb,19780
1790907943.907,pswpin,921142
1790907944.919,api,0.020
1790907944.919,client,0.010
1790907944.919,enginecore,0.958
1790907944.919,other_total,0.000
1790907944.919,store_0,0.020
1790907944.919,store_1,0.020
1790907944.919,store_2,0.000
1790907944.919,store_3,0.000
1790907944.919,store_4,0.010
1790907944.919,avail_mb,19782
1790907944.919,pswpin,921142
1790907945.930,api,0.010
1790907945.930,client,0.000
1790907945.930,enginecore,0.653
1790907945.930,other_total,0.030
1790907945.930,store_0,0.010
1790907945.930,store_1,0.010
1790907945.930,store_2,0.010
1790907945.930,store_3,0.000
1790907945.930,store_4,0.000
1790907945.930,avail_mb,19786
1790907945.930,pswpin,921142
1790907946.941,api,0.020
1790907946.941,client,0.000
1790907946.941,enginecore,0.356
1790907946.941,other_total,0.049
1790907946.941,store_0,0.020
1790907946.941,store_1,0.000
1790907946.941,store_2,0.010
1790907946.941,store_3,0.000
1790907946.941,store_4,0.000
1790907946.941,avail_mb,19779
1790907946.941,pswpin,921142
1790907947.952,api,0.000
1790907947.952,client,0.000
1790907947.952,enginecore,0.030
1790907947.952,other_total,0.040
1790907947.952,store_0,0.000
1790907947.952,store_1,0.000
1790907947.952,store_2,0.000
1790907947.952,store_3,0.000
1790907947.952,store_4,0.000
1790907947.952,avail_mb,19778
1790907947.952,pswpin,921142
1790907948.963,api,0.010
1790907948.963,client,0.000
1790907948.963,enginecore,0.040
1790907948.963,other_total,0.000
1790907948.963,store_0,0.000
1790907948.963,store_1,0.000
1790907948.963,store_2,0.000
1790907948.963,store_3,0.000
1790907948.963,store_4,0.000
1790907948.963,avail_mb,19778
1790907948.963,pswpin,921142
1790907949.974,api,0.020
1790907949.974,client,0.000
1790907949.974,enginecore,0.396
1790907949.974,other_total,0.040
1790907949.974,store_0,0.000
1790907949.974,store_1,0.010
1790907949.974,store_2,0.010
1790907949.974,store_3,0.000
1790907949.974,store_4,0.000
1790907949.974,avail_mb,19778
1790907949.974,pswpin,921142
1790907950.985,api,0.000
1790907950.985,client,0.000
1790907950.985,enginecore,0.059
1790907950.985,other_total,0.010
1790907950.985,store_0,0.000
1790907950.985,store_1,0.000
1790907950.985,store_2,0.000
1790907950.985,store_3,0.000
1790907950.985,store_4,0.000
1790907950.985,avail_mb,19777
1790907950.985,pswpin,921142
1790907951.995,api,0.020
1790907951.995,client,0.020
1790907951.995,enginecore,1.248
1790907951.995,other_total,0.000
1790907951.995,store_0,0.000
1790907951.995,store_1,0.040
1790907951.995,store_2,0.020
1790907951.995,store_3,0.020
1790907951.995,store_4,0.000
1790907951.995,avail_mb,19793
1790907951.995,pswpin,921142
1790907953.006,api,0.030
1790907953.006,client,0.000
1790907953.006,enginecore,0.692
1790907953.006,other_total,0.000
1790907953.006,store_0,0.000
1790907953.006,store_1,0.020
1790907953.006,store_2,0.010
1790907953.006,store_3,0.000
1790907953.006,store_4,0.010
1790907953.006,avail_mb,19787
1790907953.006,pswpin,921142
1790907954.017,api,0.000
1790907954.017,client,0.000
1790907954.017,enginecore,0.049
1790907954.017,other_total,0.040
1790907954.017,store_0,0.000
1790907954.017,store_1,0.000
1790907954.017,store_2,0.000
1790907954.017,store_3,0.000
1790907954.017,store_4,0.000
1790907954.017,avail_mb,19781
1790907954.017,pswpin,921142
1790907955.028,api,0.010
1790907955.028,client,0.000
1790907955.028,enginecore,0.069
1790907955.028,other_total,0.000
1790907955.028,store_0,0.000
1790907955.028,store_1,0.000
1790907955.028,store_2,0.000
1790907955.028,store_3,0.000
1790907955.028,store_4,0.000
1790907955.028,avail_mb,19780
1790907955.028,pswpin,921142
1790907956.040,api,0.040
1790907956.040,client,0.000
1790907956.040,enginecore,0.376
1790907956.040,other_total,0.030
1790907956.040,store_0,0.020
1790907956.040,store_1,0.000
1790907956.040,store_2,0.010
1790907956.040,store_3,0.000
1790907956.040,store_4,0.000
1790907956.040,avail_mb,19784
1790907956.040,pswpin,921142
1790907957.052,api,0.010
1790907957.052,client,0.000
1790907957.052,enginecore,0.593
1790907957.052,other_total,0.000
1790907957.052,store_0,0.000
1790907957.052,store_1,0.000
1790907957.052,store_2,0.010
1790907957.052,store_3,0.000
1790907957.052,store_4,0.020
1790907957.052,avail_mb,19785
1790907957.052,pswpin,921142
1790907958.063,api,0.000
1790907958.063,client,0.000
1790907958.063,enginecore,0.534
1790907958.063,other_total,0.059
1790907958.063,store_0,0.000
1790907958.063,store_1,0.010
1790907958.063,store_2,0.000
1790907958.063,store_3,0.000
1790907958.063,store_4,0.000
1790907958.063,avail_mb,19781
1790907958.063,pswpin,921142
1790907959.074,api,0.020
1790907959.074,client,0.000
1790907959.074,enginecore,0.613
1790907959.074,other_total,0.040
1790907959.074,store_0,0.000
1790907959.074,store_1,0.010
1790907959.074,store_2,0.000
1790907959.074,store_3,0.010
1790907959.074,store_4,0.010
1790907959.074,avail_mb,19780
1790907959.074,pswpin,921142
1790907960.084,api,0.030
1790907960.084,client,0.020
1790907960.084,enginecore,0.881
1790907960.084,other_total,0.020
1790907960.084,store_0,0.030
1790907960.084,store_1,0.000
1790907960.084,store_2,0.010
1790907960.084,store_3,0.000
1790907960.084,store_4,0.000
1790907960.084,avail_mb,19789
1790907960.084,pswpin,921142
1790907961.093,api,0.020
1790907961.093,client,0.000
1790907961.093,enginecore,1.278
1790907961.093,other_total,0.050
1790907961.093,store_0,0.020
1790907961.093,store_1,0.000
1790907961.093,store_2,0.020
1790907961.093,store_3,0.020
1790907961.093,store_4,0.000
1790907961.093,avail_mb,19837
1790907961.093,pswpin,921142
1790907962.104,api,0.020
1790907962.104,client,0.000
1790907962.104,enginecore,0.366
1790907962.104,other_total,0.040
1790907962.104,store_0,0.000
1790907962.104,store_1,0.000
1790907962.104,store_2,0.000
1790907962.104,store_3,0.010
1790907962.104,store_4,0.010
1790907962.104,avail_mb,19830
1790907962.104,pswpin,921142
1790907963.115,api,0.010
1790907963.115,client,0.000
1790907963.115,enginecore,0.554
1790907963.115,other_total,0.020
1790907963.115,store_0,0.000
1790907963.115,store_1,0.000
1790907963.115,store_2,0.010
1790907963.115,store_3,0.000
1790907963.115,store_4,0.020
1790907963.115,avail_mb,19836
1790907963.115,pswpin,921142
1790907964.128,api,0.020
1790907964.128,client,0.000
1790907964.128,enginecore,0.405
1790907964.128,other_total,0.000
1790907964.128,store_0,0.000
1790907964.128,store_1,0.000
1790907964.128,store_2,0.000
1790907964.128,store_3,0.000
1790907964.128,store_4,0.030
1790907964.128,avail_mb,19833
1790907964.128,pswpin,921142
1790907965.139,api,0.000
1790907965.139,client,0.000
1790907965.139,enginecore,0.059
1790907965.139,other_total,0.089
1790907965.139,store_0,0.000
1790907965.139,store_1,0.000
1790907965.139,store_2,0.000
1790907965.139,store_3,0.000
1790907965.139,store_4,0.000
1790907965.139,avail_mb,19828
1790907965.139,pswpin,921142
1790907966.150,api,0.040
1790907966.150,client,0.010
1790907966.150,enginecore,0.208
1790907966.150,other_total,0.000
1790907966.150,store_0,0.000
1790907966.150,store_1,0.000
1790907966.150,store_2,0.000
1790907966.150,store_3,0.010
1790907966.150,store_4,0.000
1790907966.150,avail_mb,19828
1790907966.150,pswpin,921142
1790907967.163,api,0.010
1790907967.163,client,0.000
1790907967.163,enginecore,0.405
1790907967.163,other_total,0.039
1790907967.163,store_0,0.010
1790907967.163,store_1,0.000
1790907967.163,store_2,0.000
1790907967.163,store_3,0.000
1790907967.163,store_4,0.010
1790907967.163,avail_mb,19833
1790907967.163,pswpin,921142
1790907968.175,api,0.020
1790907968.175,client,0.000
1790907968.175,enginecore,0.553
1790907968.175,other_total,0.069
1790907968.175,store_0,0.010
1790907968.175,store_1,0.000
1790907968.175,store_2,0.000
1790907968.175,store_3,0.020
1790907968.175,store_4,0.000
1790907968.175,avail_mb,19824
1790907968.175,pswpin,921142
1790907969.186,api,0.000
1790907969.186,client,0.000
1790907969.186,enginecore,0.237
1790907969.186,other_total,0.030
1790907969.186,store_0,0.000
1790907969.186,store_1,0.000
1790907969.186,store_2,0.000
1790907969.186,store_3,0.000
1790907969.186,store_4,0.010
1790907969.186,avail_mb,19828
1790907969.186,pswpin,921142
1790907970.197,api,0.010
1790907970.197,client,0.010
1790907970.197,enginecore,0.227
1790907970.197,other_total,0.000
1790907970.197,store_0,0.000
1790907970.197,store_1,0.000
1790907970.197,store_2,0.010
1790907970.197,store_3,0.000
1790907970.197,store_4,0.000
1790907970.197,avail_mb,19829
1790907970.197,pswpin,921142
1790907971.209,api,0.010
1790907971.209,client,0.000
1790907971.209,enginecore,0.643
1790907971.209,other_total,0.277
1790907971.209,store_0,0.010
1790907971.209,store_1,0.000
1790907971.209,store_2,0.000
1790907971.209,store_3,0.010
1790907971.209,store_4,0.000
1790907971.209,avail_mb,19773
1790907971.209,pswpin,921142
1790907972.219,api,0.020
1790907972.219,client,0.000
1790907972.219,enginecore,0.247
1790907972.219,other_total,0.030
1790907972.219,store_0,0.000
1790907972.219,store_1,0.000
1790907972.219,store_2,0.010
1790907972.219,store_3,0.000
1790907972.219,store_4,0.000
1790907972.219,avail_mb,19775
1790907972.219,pswpin,921142
1790907973.231,api,0.010
1790907973.231,client,0.000
1790907973.231,enginecore,0.247
1790907973.231,other_total,0.000
1790907973.231,store_0,0.000
1790907973.231,store_1,0.000
1790907973.231,store_2,0.010
1790907973.231,store_3,0.000
1790907973.231,store_4,0.000
1790907973.231,avail_mb,19776
1790907973.231,pswpin,921142
1790907974.242,api,0.010
1790907974.242,client,0.000
1790907974.242,enginecore,0.524
1790907974.242,other_total,0.148
1790907974.242,store_0,0.010
1790907974.242,store_1,0.000
1790907974.242,store_2,0.010
1790907974.242,store_3,0.000
1790907974.242,store_4,0.010
1790907974.242,avail_mb,19819
1790907974.242,pswpin,921142
1790907975.253,api,0.010
1790907975.253,client,0.010
1790907975.253,enginecore,0.405
1790907975.253,other_total,0.000
1790907975.253,store_0,0.000
1790907975.253,store_1,0.000
1790907975.253,store_2,0.000
1790907975.253,store_3,0.000
1790907975.253,store_4,0.010
1790907975.253,avail_mb,19822
1790907975.253,pswpin,921142
1790907976.265,api,0.030
1790907976.265,client,0.000
1790907976.265,enginecore,0.712
1790907976.265,other_total,0.010
1790907976.265,store_0,0.000
1790907976.265,store_1,0.000
1790907976.265,store_2,0.010
1790907976.265,store_3,0.000
1790907976.265,store_4,0.030
1790907976.265,avail_mb,19828
1790907976.265,pswpin,921142
1790907977.276,api,0.020
1790907977.276,client,0.000
1790907977.276,enginecore,0.079
1790907977.276,other_total,0.020
1790907977.276,store_0,0.000
1790907977.276,store_1,0.000
1790907977.276,store_2,0.000
1790907977.276,store_3,0.000
1790907977.276,store_4,0.000
1790907977.276,avail_mb,19823
1790907977.276,pswpin,921142
1790907978.287,api,0.020
1790907978.287,client,0.000
1790907978.287,enginecore,0.247
1790907978.287,other_total,0.040
1790907978.287,store_0,0.000
1790907978.287,store_1,0.000
1790907978.287,store_2,0.010
1790907978.287,store_3,0.000
1790907978.287,store_4,0.000
1790907978.287,avail_mb,19862
1790907978.287,pswpin,921142
1790907979.298,api,0.010
1790907979.298,client,0.000
1790907979.298,enginecore,0.524
1790907979.298,other_total,0.069
1790907979.298,store_0,0.000
1790907979.298,store_1,0.000
1790907979.298,store_2,0.000
1790907979.298,store_3,0.020
1790907979.298,store_4,0.010
1790907979.298,avail_mb,19920
1790907979.298,pswpin,921142
1790907980.309,api,0.020
1790907980.309,client,0.010
1790907980.309,enginecore,0.564
1790907980.309,other_total,0.059
1790907980.309,store_0,0.000
1790907980.309,store_1,0.000
1790907980.309,store_2,0.030
1790907980.309,store_3,0.020
1790907980.309,store_4,0.000
1790907980.309,avail_mb,19915
1790907980.309,pswpin,921142
1790907981.320,api,0.000
1790907981.320,client,0.000
1790907981.320,enginecore,0.198
1790907981.320,other_total,0.237
1790907981.320,store_0,0.000
1790907981.320,store_1,0.000
1790907981.320,store_2,0.000
1790907981.320,store_3,0.000
1790907981.320,store_4,0.000
1790907981.320,avail_mb,19899
1790907981.320,pswpin,921149
1790907982.333,api,0.000
1790907982.333,client,0.010
1790907982.333,enginecore,0.207
1790907982.333,other_total,0.326
1790907982.333,store_0,0.000
1790907982.333,store_1,0.000
1790907982.333,store_2,0.010
1790907982.333,store_3,0.010
1790907982.333,store_4,0.000
1790907982.333,avail_mb,19896
1790907982.333,pswpin,921149
1790907983.344,api,0.020
1790907983.344,client,0.000
1790907983.344,enginecore,0.356
1790907983.344,other_total,0.069
1790907983.344,store_0,0.000
1790907983.344,store_1,0.000
1790907983.344,store_2,0.010
1790907983.344,store_3,0.000
1790907983.344,store_4,0.000
1790907983.344,avail_mb,19940
1790907983.344,pswpin,921149
1790907984.355,api,0.000
1790907984.355,client,0.000
1790907984.355,enginecore,0.069
1790907984.355,other_total,0.010
1790907984.355,store_0,0.000
1790907984.355,store_1,0.000
1790907984.355,store_2,0.000
1790907984.355,store_3,0.000
1790907984.355,store_4,0.000
1790907984.355,avail_mb,19940
1790907984.355,pswpin,921149
1790907985.366,api,0.010
1790907985.366,client,0.000
1790907985.366,enginecore,0.227
1790907985.366,other_total,0.218
1790907985.366,store_0,0.000
1790907985.366,store_1,0.000
1790907985.366,store_2,0.000
1790907985.366,store_3,0.010
1790907985.366,store_4,0.000
1790907985.366,avail_mb,19901
1790907985.366,pswpin,921149
1790907986.377,api,0.030
1790907986.377,client,0.000
1790907986.377,enginecore,0.040
1790907986.377,other_total,0.119
1790907986.377,store_0,0.000
1790907986.377,store_1,0.000
1790907986.377,store_2,0.000
1790907986.377,store_3,0.000
1790907986.377,store_4,0.000
1790907986.377,avail_mb,19894
1790907986.377,pswpin,921149
1790907987.388,api,0.000
1790907987.388,client,0.000
1790907987.388,enginecore,0.218
1790907987.388,other_total,0.040
1790907987.388,store_0,0.000
1790907987.388,store_1,0.000
1790907987.388,store_2,0.000
1790907987.388,store_3,0.010
1790907987.388,store_4,0.000
1790907987.388,avail_mb,19910
1790907987.388,pswpin,921149
1790907988.400,api,0.010
1790907988.400,client,0.000
1790907988.400,enginecore,0.267
1790907988.400,other_total,0.030
1790907988.400,store_0,0.000
1790907988.400,store_1,0.000
1790907988.400,store_2,0.000
1790907988.400,store_3,0.010
1790907988.400,store_4,0.000
1790907988.400,avail_mb,19917
1790907988.400,pswpin,921149
1790907989.411,api,0.000
1790907989.411,client,0.000
1790907989.411,enginecore,0.218
1790907989.411,other_total,0.099
1790907989.411,store_0,0.000
1790907989.411,store_1,0.000
1790907989.411,store_2,0.000
1790907989.411,store_3,0.010
1790907989.411,store_4,0.000
1790907989.411,avail_mb,19921
1790907989.411,pswpin,921149
1790907990.422,api,0.020
1790907990.422,client,0.000
1790907990.422,enginecore,0.227
1790907990.422,other_total,0.010
1790907990.422,store_0,0.000
1790907990.422,store_1,0.000
1790907990.422,store_2,0.000
1790907990.422,store_3,0.010
1790907990.422,store_4,0.000
1790907990.422,avail_mb,19920
1790907990.422,pswpin,921149
1790907991.433,api,0.000
1790907991.433,client,0.000
1790907991.433,enginecore,0.227
1790907991.433,other_total,0.020
1790907991.433,store_0,0.000
1790907991.433,store_1,0.000
1790907991.433,store_2,0.000
1790907991.433,store_3,0.010
1790907991.433,store_4,0.000
1790907991.433,avail_mb,19924
1790907991.433,pswpin,921149
1790907992.444,api,0.010
1790907992.444,client,0.000
1790907992.444,enginecore,0.079
1790907992.444,other_total,0.020
1790907992.444,store_0,0.000
1790907992.444,store_1,0.000
1790907992.444,store_2,0.000
1790907992.444,store_3,0.000
1790907992.444,store_4,0.000
1790907992.444,avail_mb,19915
1790907992.444,pswpin,921149
1790907993.455,api,0.010
1790907993.455,client,0.000
1790907993.455,enginecore,0.010
1790907993.455,other_total,0.317
1790907993.455,store_0,0.000
1790907993.455,store_1,0.000
1790907993.455,store_2,0.000
1790907993.455,store_3,0.000
1790907993.455,store_4,0.000
1790907993.455,avail_mb,19903
1790907993.455,pswpin,921149
1790907994.466,api,0.000
1790907994.466,client,0.000
1790907994.466,enginecore,0.020
1790907994.466,other_total,0.188
1790907994.466,store_0,0.000
1790907994.466,store_1,0.000
1790907994.466,store_2,0.000
1790907994.466,store_3,0.000
1790907994.466,store_4,0.000
1790907994.466,avail_mb,19899
1790907994.466,pswpin,921149
1790907995.477,api,0.020
1790907995.477,client,0.000
1790907995.477,enginecore,0.218
1790907995.477,other_total,0.049
1790907995.477,store_0,0.000
1790907995.477,store_1,0.000
1790907995.477,store_2,0.000
1790907995.477,store_3,0.010
1790907995.477,store_4,0.000
1790907995.477,avail_mb,19901
1790907995.477,pswpin,921149
1790907996.489,api,0.010
1790907996.489,enginecore,0.217
1790907996.489,other_total,0.069
1790907996.489,store_0,0.000
1790907996.489,store_1,0.000
1790907996.489,store_2,0.000
1790907996.489,store_3,0.010
1790907996.489,store_4,0.000
1790907996.489,avail_mb,19966
1790907996.489,pswpin,921149
1790907997.500,api,0.010
1790907997.500,enginecore,0.099
1790907997.500,other_total,0.000
1790907997.500,store_0,0.000
1790907997.500,store_1,0.000
1790907997.500,store_2,0.000
1790907997.500,store_3,0.000
1790907997.500,store_4,0.000
1790907997.500,avail_mb,19966
1790907997.500,pswpin,921149
1790907998.511,api,0.000
1790907998.511,enginecore,0.079
1790907998.511,other_total,0.030
1790907998.511,store_0,0.000
1790907998.511,store_1,0.000
1790907998.511,store_2,0.000
1790907998.511,store_3,0.000
1790907998.511,store_4,0.000
1790907998.511,avail_mb,19963
1790907998.511,pswpin,921149
1790907999.522,api,0.010
1790907999.522,enginecore,0.059
1790907999.522,other_total,0.059
1790907999.522,store_0,0.000
1790907999.522,store_1,0.000
1790907999.522,store_2,0.000
1790907999.522,store_3,0.000
1790907999.522,store_4,0.000
1790907999.522,avail_mb,19974
1790907999.522,pswpin,921149
1790908000.533,api,0.010
1790908000.533,enginecore,0.059
1790908000.533,other_total,0.247
1790908000.533,store_0,0.000
1790908000.533,store_1,0.000
1790908000.533,store_2,0.000
1790908000.533,store_3,0.000
1790908000.533,store_4,0.000
1790908000.533,avail_mb,19925
1790908000.533,pswpin,921151
1790908001.544,api,0.010
1790908001.544,enginecore,0.000
1790908001.544,other_total,0.306
1790908001.544,store_0,0.000
1790908001.544,store_1,0.000
1790908001.544,store_2,0.000
1790908001.544,store_3,0.000
1790908001.544,store_4,0.000
1790908001.544,avail_mb,19921
1790908001.544,pswpin,921151
1790908002.555,api,0.000
1790908002.555,enginecore,0.040
1790908002.555,other_total,0.178
1790908002.555,store_0,0.000
1790908002.555,store_1,0.000
1790908002.555,store_2,0.000
1790908002.555,store_3,0.000
1790908002.555,store_4,0.000
1790908002.555,avail_mb,19910
1790908002.555,pswpin,921151
1790908003.566,api,0.000
1790908003.566,enginecore,0.059
1790908003.566,other_total,0.059
1790908003.566,store_0,0.000
1790908003.566,store_1,0.000
1790908003.566,store_2,0.000
1790908003.566,store_3,0.000
1790908003.566,store_4,0.000
1790908003.566,avail_mb,19926
1790908003.566,pswpin,921153
1790908004.577,api,0.010
1790908004.577,enginecore,0.059
1790908004.577,other_total,0.059
1790908004.577,store_0,0.000
1790908004.577,store_1,0.000
1790908004.577,store_2,0.000
1790908004.577,store_3,0.000
1790908004.577,store_4,0.000
1790908004.577,avail_mb,19933
1790908004.577,pswpin,921153
1790908005.588,api,0.000
1790908005.588,enginecore,0.079
1790908005.588,other_total,0.010
1790908005.588,store_0,0.000
1790908005.588,store_1,0.000
1790908005.588,store_2,0.000
1790908005.588,store_3,0.000
1790908005.588,store_4,0.000
1790908005.588,avail_mb,19937
1790908005.588,pswpin,921153
1790908006.599,api,0.030
1790908006.599,enginecore,0.030
1790908006.599,other_total,1.681
1790908006.599,store_0,0.000
1790908006.599,store_1,0.000
1790908006.599,store_2,0.000
1790908006.599,store_3,0.000
1790908006.599,store_4,0.000
1790908006.599,avail_mb,19663
1790908006.599,pswpin,921153
1790908007.610,api,0.010
1790908007.610,client,0.000
1790908007.610,enginecore,0.059
1790908007.610,other_total,0.040
1790908007.610,store_0,0.000
1790908007.610,store_1,0.000
1790908007.610,store_2,0.000
1790908007.610,store_3,0.000
1790908007.610,store_4,0.000
1790908007.610,avail_mb,19658
1790908007.610,pswpin,921153
1790908008.622,api,0.010
1790908008.622,client,0.000
1790908008.622,enginecore,0.069
1790908008.622,other_total,0.079
1790908008.622,store_0,0.000
1790908008.622,store_1,0.000
1790908008.622,store_2,0.000
1790908008.622,store_3,0.000
1790908008.622,store_4,0.000
1790908008.622,avail_mb,19667
1790908008.622,pswpin,921153
1790908009.632,api,0.040
1790908009.632,client,0.030
1790908009.632,enginecore,0.980
1790908009.632,other_total,0.000
1790908009.632,store_0,0.010
1790908009.632,store_1,0.000
1790908009.632,store_2,0.000
1790908009.632,store_3,0.010
1790908009.632,store_4,0.000
1790908009.632,avail_mb,19729
1790908009.632,pswpin,921153
1790908010.642,api,0.109
1790908010.642,client,0.050
1790908010.642,enginecore,3.437
1790908010.642,other_total,0.000
1790908010.642,store_0,0.040
1790908010.642,store_1,0.020
1790908010.642,store_2,0.030
1790908010.642,store_3,0.000
1790908010.642,store_4,0.000
1790908010.642,avail_mb,19708
1790908010.642,pswpin,921153
1790908011.651,api,0.119
1790908011.651,client,0.040
1790908011.651,enginecore,3.240
1790908011.651,other_total,0.000
1790908011.651,store_0,0.010
1790908011.651,store_1,0.000
1790908011.651,store_2,0.000
1790908011.651,store_3,0.020
1790908011.651,store_4,0.020
1790908011.651,avail_mb,19720
1790908011.651,pswpin,921153
1790908012.660,api,0.139
1790908012.660,client,0.059
1790908012.660,enginecore,5.054
1790908012.660,other_total,0.010
1790908012.660,store_0,0.000
1790908012.660,store_1,0.000
1790908012.660,store_2,0.010
1790908012.660,store_3,0.010
1790908012.660,store_4,0.010
1790908012.660,avail_mb,19717
1790908012.660,pswpin,921153
1790908013.670,api,0.149
1790908013.670,client,0.020
1790908013.670,enginecore,3.704
1790908013.670,other_total,0.000
1790908013.670,store_0,0.030
1790908013.670,store_1,0.000
1790908013.670,store_2,0.030
1790908013.670,store_3,0.000
1790908013.670,store_4,0.020
1790908013.670,avail_mb,19728
1790908013.670,pswpin,921153
1790908014.679,api,0.139
1790908014.679,client,0.079
1790908014.679,enginecore,3.865
1790908014.679,other_total,0.000
1790908014.679,store_0,0.010
1790908014.679,store_1,0.030
1790908014.679,store_2,0.000
1790908014.679,store_3,0.010
1790908014.679,store_4,0.000
1790908014.679,avail_mb,19720
1790908014.679,pswpin,921153
1790908015.688,api,0.109
1790908015.688,client,0.020
1790908015.688,enginecore,2.260
1790908015.688,other_total,0.000
1790908015.688,store_0,0.010
1790908015.688,store_1,0.010
1790908015.688,store_2,0.000
1790908015.688,store_3,0.010
1790908015.688,store_4,0.000
1790908015.688,avail_mb,19718
1790908015.688,pswpin,921153
1790908016.697,api,0.159
1790908016.697,client,0.050
1790908016.697,enginecore,3.826
1790908016.697,other_total,0.000
1790908016.697,store_0,0.000
1790908016.697,store_1,0.020
1790908016.697,store_2,0.000
1790908016.697,store_3,0.000
1790908016.697,store_4,0.000
1790908016.697,avail_mb,19713
1790908016.697,pswpin,921153
1790908017.706,api,0.139
1790908017.706,client,0.040
1790908017.706,enginecore,3.734
1790908017.706,other_total,0.000
1790908017.706,store_0,0.000
1790908017.706,store_1,0.000
1790908017.706,store_2,0.010
1790908017.706,store_3,0.000
1790908017.706,store_4,0.020
1790908017.706,avail_mb,19716
1790908017.706,pswpin,921153
1790908018.718,api,0.129
1790908018.718,client,0.049
1790908018.718,enginecore,4.321
1790908018.718,other_total,0.069
1790908018.718,store_0,0.010
1790908018.718,store_1,0.000
1790908018.718,store_2,0.010
1790908018.718,store_3,0.010
1790908018.718,store_4,0.010
1790908018.718,avail_mb,19714
1790908018.718,pswpin,921153
1790908019.728,api,0.228
1790908019.728,client,0.069
1790908019.728,enginecore,6.216
1790908019.728,other_total,0.020
1790908019.728,store_0,0.010
1790908019.728,store_1,0.020
1790908019.728,store_2,0.020
1790908019.728,store_3,0.010
1790908019.728,store_4,0.010
1790908019.728,avail_mb,19715
1790908019.728,pswpin,921153
1790908020.737,api,0.119
1790908020.737,client,0.040
1790908020.737,enginecore,2.488
1790908020.737,other_total,0.000
1790908020.737,store_0,0.000
1790908020.737,store_1,0.000
1790908020.737,store_2,0.000
1790908020.737,store_3,0.000
1790908020.737,store_4,0.000
1790908020.737,avail_mb,19717
1790908020.737,pswpin,921153
1790908021.746,api,0.129
1790908021.746,client,0.030
1790908021.746,enginecore,2.785
1790908021.746,other_total,0.000
1790908021.746,store_0,0.010
1790908021.746,store_1,0.000
1790908021.746,store_2,0.000
1790908021.746,store_3,0.000
1790908021.746,store_4,0.000
1790908021.746,avail_mb,19713
1790908021.746,pswpin,921153
1790908022.755,api,0.089
1790908022.755,client,0.040
1790908022.755,enginecore,2.774
1790908022.755,other_total,0.040
1790908022.755,store_0,0.030
1790908022.755,store_1,0.000
1790908022.755,store_2,0.010
1790908022.755,store_3,0.010
1790908022.755,store_4,0.000
1790908022.755,avail_mb,19705
1790908022.755,pswpin,921153
1790908023.765,api,0.109
1790908023.765,client,0.030
1790908023.765,enginecore,3.506
1790908023.765,other_total,0.010
1790908023.765,store_0,0.020
1790908023.765,store_1,0.000
1790908023.765,store_2,0.000
1790908023.765,store_3,0.000
1790908023.765,store_4,0.040
1790908023.765,avail_mb,19708
1790908023.765,pswpin,921153
1790908024.774,api,0.119
1790908024.774,client,0.059
1790908024.774,enginecore,3.448
1790908024.774,other_total,0.010
1790908024.774,store_0,0.000
1790908024.774,store_1,0.000
1790908024.774,store_2,0.010
1790908024.774,store_3,0.000
1790908024.774,store_4,0.000
1790908024.774,avail_mb,19702
1790908024.774,pswpin,921153
1790908025.783,api,0.188
1790908025.783,client,0.040
1790908025.783,enginecore,4.846
1790908025.783,other_total,0.000
1790908025.783,store_0,0.010
1790908025.783,store_1,0.000
1790908025.783,store_2,0.000
1790908025.783,store_3,0.020
1790908025.783,store_4,0.000
1790908025.783,avail_mb,19701
1790908025.783,pswpin,921153
1790908026.793,api,0.129
1790908026.793,client,0.040
1790908026.793,enginecore,3.249
1790908026.793,other_total,0.000
1790908026.793,store_0,0.000
1790908026.793,store_1,0.010
1790908026.793,store_2,0.000
1790908026.793,store_3,0.000
1790908026.793,store_4,0.000
1790908026.793,avail_mb,19701
1790908026.793,pswpin,921153
1790908027.802,api,0.129
1790908027.802,client,0.059
1790908027.802,enginecore,3.498
1790908027.802,other_total,0.020
1790908027.802,store_0,0.000
1790908027.802,store_1,0.000
1790908027.802,store_2,0.010
1790908027.802,store_3,0.000
1790908027.802,store_4,0.010
1790908027.802,avail_mb,19700
1790908027.802,pswpin,921153
1790908028.813,api,0.188
1790908028.813,client,0.079
1790908028.813,enginecore,5.707
1790908028.813,other_total,0.000
1790908028.813,store_0,0.040
1790908028.813,store_1,0.020
1790908028.813,store_2,0.010
1790908028.813,store_3,0.000
1790908028.813,store_4,0.010
1790908028.813,avail_mb,19692
1790908028.813,pswpin,921153
1790908029.823,api,0.188
1790908029.823,client,0.050
1790908029.823,enginecore,5.813
1790908029.823,other_total,0.000
1790908029.823,store_0,0.000
1790908029.823,store_1,0.000
1790908029.823,store_2,0.010
1790908029.823,store_3,0.020
1790908029.823,store_4,0.010
1790908029.823,avail_mb,19696
1790908029.823,pswpin,921153
1790908030.832,api,0.188
1790908030.832,client,0.050
1790908030.832,enginecore,4.836
1790908030.832,other_total,0.000
1790908030.832,store_0,0.000
1790908030.832,store_1,0.010
1790908030.832,store_2,0.000
1790908030.832,store_3,0.000
1790908030.832,store_4,0.000
1790908030.832,avail_mb,19691
1790908030.832,pswpin,921153
1790908031.841,api,0.109
1790908031.841,client,0.030
1790908031.841,enginecore,1.804
1790908031.841,other_total,0.010
1790908031.841,store_0,0.000
1790908031.841,store_1,0.000
1790908031.841,store_2,0.000
1790908031.841,store_3,0.000
1790908031.841,store_4,0.000
1790908031.841,avail_mb,19681
1790908031.841,pswpin,921153
1790908032.850,api,0.129
1790908032.850,client,0.059
1790908032.850,enginecore,3.487
1790908032.850,other_total,0.000
1790908032.850,store_0,0.000
1790908032.850,store_1,0.010
1790908032.850,store_2,0.000
1790908032.850,store_3,0.010
1790908032.850,store_4,0.000
1790908032.850,avail_mb,19683
1790908032.850,pswpin,921153
1790908033.861,api,0.119
1790908033.861,client,0.020
1790908033.861,enginecore,2.850
1790908033.861,other_total,0.030
1790908033.861,store_0,0.020
1790908033.861,store_1,0.000
1790908033.861,store_2,0.000
1790908033.861,store_3,0.000
1790908033.861,store_4,0.000
1790908033.861,avail_mb,19684
1790908033.861,pswpin,921153
1790908034.870,api,0.139
1790908034.870,client,0.010
1790908034.870,enginecore,3.359
1790908034.870,other_total,0.040
1790908034.870,store_0,0.010
1790908034.870,store_1,0.000
1790908034.870,store_2,0.000
1790908034.870,store_3,0.010
1790908034.870,store_4,0.000
1790908034.870,avail_mb,19676
1790908034.870,pswpin,921153
1790908035.879,api,0.069
1790908035.879,client,0.040
1790908035.879,enginecore,1.793
1790908035.879,other_total,0.020
1790908035.879,store_0,0.000
1790908035.879,store_1,0.000
1790908035.879,store_2,0.000
1790908035.879,store_3,0.010
1790908035.879,store_4,0.000
1790908035.879,avail_mb,19677
1790908035.879,pswpin,921153
1790908036.889,api,0.188
1790908036.889,client,0.040
1790908036.889,enginecore,4.548
1790908036.889,other_total,0.000
1790908036.889,store_0,0.000
1790908036.889,store_1,0.000
1790908036.889,store_2,0.000
1790908036.889,store_3,0.000
1790908036.889,store_4,0.000
1790908036.889,avail_mb,19675
1790908036.889,pswpin,921153
1790908037.898,api,0.119
1790908037.898,client,0.050
1790908037.898,enginecore,3.240
1790908037.898,other_total,0.020
1790908037.898,store_0,0.000
1790908037.898,store_1,0.000
1790908037.898,store_2,0.010
1790908037.898,store_3,0.000
1790908037.898,store_4,0.000
1790908037.898,avail_mb,19672
1790908037.898,pswpin,921153
1790908038.910,api,0.178
1790908038.910,client,0.059
1790908038.910,enginecore,5.099
1790908038.910,other_total,0.000
1790908038.910,store_0,0.000
1790908038.910,store_1,0.010
1790908038.910,store_2,0.020
1790908038.910,store_3,0.030
1790908038.910,store_4,0.010
1790908038.910,avail_mb,19678
1790908038.910,pswpin,921153
1790908039.919,api,0.099
1790908039.919,client,0.040
1790908039.919,enginecore,2.942
1790908039.919,other_total,0.000
1790908039.919,store_0,0.000
1790908039.919,store_1,0.020
1790908039.919,store_2,0.010
1790908039.919,store_3,0.010
1790908039.919,store_4,0.000
1790908039.919,avail_mb,19678
1790908039.919,pswpin,921153
1790908040.929,api,0.089
1790908040.929,client,0.030
1790908040.929,enginecore,2.694
1790908040.929,other_total,0.030
1790908040.929,store_0,0.010
1790908040.929,store_1,0.010
1790908040.929,store_2,0.000
1790908040.929,store_3,0.010
1790908040.929,store_4,0.000
1790908040.929,avail_mb,19677
1790908040.929,pswpin,921153
1790908041.938,api,0.198
1790908041.938,client,0.059
1790908041.938,enginecore,5.361
1790908041.938,other_total,0.000
1790908041.938,store_0,0.000
1790908041.938,store_1,0.010
1790908041.938,store_2,0.000
1790908041.938,store_3,0.010
1790908041.938,store_4,0.010
1790908041.938,avail_mb,19674
1790908041.938,pswpin,921153
1790908042.947,api,0.159
1790908042.947,client,0.050
1790908042.947,enginecore,3.973
1790908042.947,other_total,0.119
1790908042.947,store_0,0.000
1790908042.947,store_1,0.010
1790908042.947,store_2,0.000
1790908042.947,store_3,0.000
1790908042.947,store_4,0.000
1790908042.947,avail_mb,19625
1790908042.947,pswpin,921153
1790908043.957,api,0.168
1790908043.957,client,0.069
1790908043.957,enginecore,6.015
1790908043.957,other_total,0.020
1790908043.957,store_0,0.000
1790908043.957,store_1,0.010
1790908043.957,store_2,0.000
1790908043.957,store_3,0.010
1790908043.957,store_4,0.020
1790908043.957,avail_mb,19625
1790908043.957,pswpin,921153
1790908044.966,api,0.178
1790908044.966,client,0.059
1790908044.966,enginecore,4.885
1790908044.966,other_total,0.000
1790908044.966,store_0,0.000
1790908044.966,store_1,0.000
1790908044.966,store_2,0.000
1790908044.966,store_3,0.010
1790908044.966,store_4,0.020
1790908044.966,avail_mb,19621
1790908044.966,pswpin,921153
1790908045.975,api,0.159
1790908045.975,client,0.030
1790908045.975,enginecore,4.193
1790908045.975,other_total,0.000
1790908045.975,store_0,0.000
1790908045.975,store_1,0.010
1790908045.975,store_2,0.020
1790908045.975,store_3,0.000
1790908045.975,store_4,0.000
1790908045.975,avail_mb,19620
1790908045.975,pswpin,921153
1790908046.985,api,0.069
1790908046.985,client,0.000
1790908046.985,enginecore,1.564
1790908046.985,other_total,0.040
1790908046.985,store_0,0.000
1790908046.985,store_1,0.010
1790908046.985,store_2,0.000
1790908046.985,store_3,0.000
1790908046.985,store_4,0.020
1790908046.985,avail_mb,19614
1790908046.985,pswpin,921153
1790908047.998,api,0.128
1790908047.998,client,0.069
1790908047.998,enginecore,3.180
1790908047.998,other_total,0.000
1790908047.998,store_0,0.010
1790908047.998,store_1,0.000
1790908047.998,store_2,0.000
1790908047.998,store_3,0.000
1790908047.998,store_4,0.000
1790908047.998,avail_mb,19612
1790908047.998,pswpin,921153
1790908049.007,api,0.149
1790908049.007,client,0.050
1790908049.007,enginecore,4.271
1790908049.007,other_total,0.000
1790908049.007,store_0,0.000
1790908049.007,store_1,0.000
1790908049.007,store_2,0.010
1790908049.007,store_3,0.010
1790908049.007,store_4,0.010
1790908049.007,avail_mb,19622
1790908049.007,pswpin,921153
1790908050.018,api,0.079
1790908050.018,client,0.030
1790908050.018,enginecore,2.828
1790908050.018,other_total,0.089
1790908050.018,store_0,0.020
1790908050.018,store_1,0.010
1790908050.018,store_2,0.010
1790908050.018,store_3,0.010
1790908050.018,store_4,0.000
1790908050.018,avail_mb,19615
1790908050.018,pswpin,921153
1790908051.029,api,0.158
1790908051.029,client,0.030
1790908051.029,enginecore,4.451
1790908051.029,other_total,0.089
1790908051.029,store_0,0.000
1790908051.029,store_1,0.010
1790908051.029,store_2,0.000
1790908051.029,store_3,0.010
1790908051.029,store_4,0.010
1790908051.029,avail_mb,19616
1790908051.029,pswpin,921155
1790908052.039,api,0.158
1790908052.039,client,0.049
1790908052.039,enginecore,4.602
1790908052.039,other_total,0.000
1790908052.039,store_0,0.000
1790908052.039,store_1,0.010
1790908052.039,store_2,0.010
1790908052.039,store_3,0.000
1790908052.039,store_4,0.010
1790908052.039,avail_mb,19615
1790908052.039,pswpin,921155
1790908053.049,api,0.159
1790908053.049,client,0.079
1790908053.049,enginecore,5.568
1790908053.049,other_total,0.208
1790908053.049,store_0,0.020
1790908053.049,store_1,0.010
1790908053.049,store_2,0.000
1790908053.049,store_3,0.000
1790908053.049,store_4,0.010
1790908053.049,avail_mb,19599
1790908053.049,pswpin,921155
1790908054.058,api,0.168
1790908054.058,client,0.079
1790908054.058,enginecore,5.399
1790908054.058,other_total,0.188
1790908054.058,store_0,0.030
1790908054.058,store_1,0.010
1790908054.058,store_2,0.000
1790908054.058,store_3,0.010
1790908054.058,store_4,0.000
1790908054.058,avail_mb,19592
1790908054.058,pswpin,921155
1790908055.068,api,0.178
1790908055.068,client,0.050
1790908055.068,enginecore,4.338
1790908055.068,other_total,0.000
1790908055.068,store_0,0.000
1790908055.068,store_1,0.010
1790908055.068,store_2,0.000
1790908055.068,store_3,0.000
1790908055.068,store_4,0.000
1790908055.068,avail_mb,19589
1790908055.068,pswpin,921155
1790908056.077,api,0.159
1790908056.077,client,0.040
1790908056.077,enginecore,4.637
1790908056.077,other_total,0.040
1790908056.077,store_0,0.010
1790908056.077,store_1,0.010
1790908056.077,store_2,0.000
1790908056.077,store_3,0.000
1790908056.077,store_4,0.000
1790908056.077,avail_mb,19583
1790908056.077,pswpin,921155
1790908057.087,api,0.109
1790908057.087,client,0.049
1790908057.087,enginecore,3.158
1790908057.087,other_total,0.000
1790908057.087,store_0,0.000
1790908057.087,store_1,0.000
1790908057.087,store_2,0.010
1790908057.087,store_3,0.000
1790908057.087,store_4,0.010
1790908057.087,avail_mb,19587
1790908057.087,pswpin,921155
1790908058.097,api,0.119
1790908058.097,client,0.020
1790908058.097,enginecore,2.892
1790908058.097,other_total,0.030
1790908058.097,store_0,0.000
1790908058.097,store_1,0.010
1790908058.097,store_2,0.000
1790908058.097,store_3,0.000
1790908058.097,store_4,0.000
1790908058.097,avail_mb,19591
1790908058.097,pswpin,921155
1790908059.106,api,0.099
1790908059.106,client,0.030
1790908059.106,enginecore,2.507
1790908059.106,other_total,0.010
1790908059.106,store_0,0.000
1790908059.106,store_1,0.010
1790908059.106,store_2,0.000
1790908059.106,store_3,0.000
1790908059.106,store_4,0.000
1790908059.106,avail_mb,19588
1790908059.106,pswpin,921155
1790908060.115,api,0.149
1790908060.115,client,0.079
1790908060.115,enginecore,3.973
1790908060.115,other_total,0.000
1790908060.115,store_0,0.000
1790908060.115,store_1,0.010
1790908060.115,store_2,0.030
1790908060.115,store_3,0.010
1790908060.115,store_4,0.000
1790908060.115,avail_mb,19587
1790908060.115,pswpin,921155
1790908061.127,api,0.148
1790908061.127,client,0.049
1790908061.127,enginecore,4.132
1790908061.127,other_total,0.040
1790908061.127,store_0,0.000
1790908061.127,store_1,0.000
1790908061.127,store_2,0.020
1790908061.127,store_3,0.010
1790908061.127,store_4,0.000
1790908061.127,avail_mb,19590
1790908061.127,pswpin,921155
1790908062.136,api,0.099
1790908062.136,client,0.030
1790908062.136,enginecore,2.784
1790908062.136,other_total,0.020
1790908062.136,store_0,0.000
1790908062.136,store_1,0.010
1790908062.136,store_2,0.000
1790908062.136,store_3,0.000
1790908062.136,store_4,0.000
1790908062.136,avail_mb,19582
1790908062.136,pswpin,921155
1790908063.145,api,0.109
1790908063.145,client,0.050
1790908063.145,enginecore,2.686
1790908063.145,other_total,0.000
1790908063.145,store_0,0.010
1790908063.145,store_1,0.000
1790908063.145,store_2,0.000
1790908063.145,store_3,0.000
1790908063.145,store_4,0.000
1790908063.145,avail_mb,19583
1790908063.145,pswpin,921155
1790908064.154,api,0.099
1790908064.154,client,0.030
1790908064.154,enginecore,2.458
1790908064.154,other_total,6.551
1790908064.154,store_0,0.000
1790908064.154,store_1,0.010
1790908064.154,store_2,0.000
1790908064.154,store_3,0.000
1790908064.154,store_4,0.000
1790908064.154,avail_mb,19485
1790908064.154,pswpin,921155
1790908065.167,api,0.099
1790908065.167,client,0.030
1790908065.167,enginecore,2.796
1790908065.167,other_total,2.835
1790908065.167,store_0,0.000
1790908065.167,store_1,0.000
1790908065.167,store_2,0.000
1790908065.167,store_3,0.020
1790908065.167,store_4,0.010
1790908065.167,avail_mb,19493
1790908065.167,pswpin,921155
1790908066.176,api,0.149
1790908066.176,client,0.050
1790908066.176,enginecore,4.480
1790908066.176,other_total,0.109
1790908066.176,store_0,0.010
1790908066.176,store_1,0.000
1790908066.176,store_2,0.000
1790908066.176,store_3,0.000
1790908066.176,store_4,0.010
1790908066.176,avail_mb,19525
1790908066.176,pswpin,921155
1790908067.185,api,0.178
1790908067.185,client,0.040
1790908067.185,enginecore,4.478
1790908067.185,other_total,0.010
1790908067.185,store_0,0.000
1790908067.185,store_1,0.010
1790908067.185,store_2,0.000
1790908067.185,store_3,0.010
1790908067.185,store_4,0.010
1790908067.185,avail_mb,19535
1790908067.185,pswpin,921155
1790908068.195,api,0.158
1790908068.195,client,0.040
1790908068.195,enginecore,3.398
1790908068.195,other_total,0.040
1790908068.195,store_0,0.010
1790908068.195,store_1,0.010
1790908068.195,store_2,0.000
1790908068.195,store_3,0.000
1790908068.195,store_4,0.000
1790908068.195,avail_mb,19575
1790908068.195,pswpin,921155
1790908069.204,api,0.059
1790908069.204,client,0.030
1790908069.204,enginecore,1.714
1790908069.204,other_total,0.010
1790908069.204,store_0,0.010
1790908069.204,store_1,0.000
1790908069.204,store_2,0.000
1790908069.204,store_3,0.010
1790908069.204,store_4,0.000
1790908069.204,avail_mb,19582
1790908069.204,pswpin,921155
1790908070.213,api,0.159
1790908070.213,client,0.050
1790908070.213,enginecore,4.083
1790908070.213,other_total,0.000
1790908070.213,store_0,0.010
1790908070.213,store_1,0.010
1790908070.213,store_2,0.010
1790908070.213,store_3,0.000
1790908070.213,store_4,0.010
1790908070.213,avail_mb,19593
1790908070.213,pswpin,921155
1790908071.223,api,0.148
1790908071.223,client,0.049
1790908071.223,enginecore,3.534
1790908071.223,other_total,0.010
1790908071.223,store_0,0.010
1790908071.223,store_1,0.000
1790908071.223,store_2,0.000
1790908071.223,store_3,0.010
1790908071.223,store_4,0.010
1790908071.223,avail_mb,19595
1790908071.223,pswpin,921155
1790908072.232,api,0.168
1790908072.232,client,0.040
1790908072.232,enginecore,5.290
1790908072.232,other_total,0.000
1790908072.232,store_0,0.000
1790908072.232,store_1,0.000
1790908072.232,store_2,0.020
1790908072.232,store_3,0.010
1790908072.232,store_4,0.000
1790908072.232,avail_mb,19593
1790908072.232,pswpin,921155
1790908073.242,api,0.089
1790908073.242,client,0.030
1790908073.242,enginecore,2.209
1790908073.242,other_total,0.000
1790908073.242,store_0,0.020
1790908073.242,store_1,0.010
1790908073.242,store_2,0.010
1790908073.242,store_3,0.000
1790908073.242,store_4,0.000
1790908073.242,avail_mb,19597
1790908073.242,pswpin,921155
1790908074.252,api,0.178
1790908074.252,client,0.059
1790908074.252,enginecore,4.811
1790908074.252,other_total,0.000
1790908074.252,store_0,0.000
1790908074.252,store_1,0.000
1790908074.252,store_2,0.010
1790908074.252,store_3,0.000
1790908074.252,store_4,0.010
1790908074.252,avail_mb,19593
1790908074.252,pswpin,921155
1790908075.262,api,0.149
1790908075.262,client,0.040
1790908075.262,enginecore,4.299
1790908075.262,other_total,0.158
1790908075.262,store_0,0.010
1790908075.262,store_1,0.000
1790908075.262,store_2,0.010
1790908075.262,store_3,0.000
1790908075.262,store_4,0.000
1790908075.262,avail_mb,19549
1790908075.262,pswpin,921155
1790908076.271,api,0.149
1790908076.271,client,0.059
1790908076.271,enginecore,3.607
1790908076.271,other_total,0.119
1790908076.271,store_0,0.010
1790908076.271,store_1,0.010
1790908076.271,store_2,0.000
1790908076.271,store_3,0.000
1790908076.271,store_4,0.010
1790908076.271,avail_mb,19574
1790908076.271,pswpin,921158
1790908077.280,api,0.129
1790908077.280,client,0.050
1790908077.280,enginecore,3.189
1790908077.280,other_total,0.188
1790908077.280,store_0,0.000
1790908077.280,store_1,0.020
1790908077.280,store_2,0.000
1790908077.280,store_3,0.000
1790908077.280,store_4,0.000
1790908077.280,avail_mb,19555
1790908077.280,pswpin,921158
1790908078.290,api,0.149
1790908078.290,client,0.020
1790908078.290,enginecore,4.577
1790908078.290,other_total,0.079
1790908078.290,store_0,0.000
1790908078.290,store_1,0.010
1790908078.290,store_2,0.000
1790908078.290,store_3,0.010
1790908078.290,store_4,0.010
1790908078.290,avail_mb,19580
1790908078.290,pswpin,921158
1790908079.299,api,0.079
1790908079.299,client,0.030
1790908079.299,enginecore,1.526
1790908079.299,other_total,0.000
1790908079.299,store_0,0.000
1790908079.299,store_1,0.010
1790908079.299,store_2,0.000
1790908079.299,store_3,0.000
1790908079.299,store_4,0.010
1790908079.299,avail_mb,19580
1790908079.299,pswpin,921158
1790908080.308,api,0.109
1790908080.308,client,0.040
1790908080.308,enginecore,3.567
1790908080.308,other_total,0.040
1790908080.308,store_0,0.010
1790908080.308,store_1,0.000
1790908080.308,store_2,0.010
1790908080.308,store_3,0.010
1790908080.308,store_4,0.000
1790908080.308,avail_mb,19591
1790908080.308,pswpin,921158
1790908081.317,api,0.079
1790908081.317,client,0.010
1790908081.317,enginecore,1.606
1790908081.317,other_total,0.208
1790908081.317,store_0,0.000
1790908081.317,store_1,0.000
1790908081.317,store_2,0.000
1790908081.317,store_3,0.010
1790908081.317,store_4,0.010
1790908081.317,avail_mb,19558
1790908081.317,pswpin,921158
1790908082.327,api,0.119
1790908082.327,client,0.030
1790908082.327,enginecore,2.971
1790908082.327,other_total,0.030
1790908082.327,store_0,0.000
1790908082.327,store_1,0.000
1790908082.327,store_2,0.010
1790908082.327,store_3,0.020
1790908082.327,store_4,0.000
1790908082.327,avail_mb,19564
1790908082.327,pswpin,921158
1790908083.336,api,0.119
1790908083.336,client,0.050
1790908083.336,enginecore,2.051
1790908083.336,other_total,0.000
1790908083.336,store_0,0.000
1790908083.336,store_1,0.000
1790908083.336,store_2,0.000
1790908083.336,store_3,0.010
1790908083.336,store_4,0.000
1790908083.336,avail_mb,19561
1790908083.336,pswpin,921158
1790908084.348,api,0.148
1790908084.348,client,0.040
1790908084.348,enginecore,3.704
1790908084.348,other_total,0.010
1790908084.348,store_0,0.000
1790908084.348,store_1,0.020
1790908084.348,store_2,0.000
1790908084.348,store_3,0.010
1790908084.348,store_4,0.010
1790908084.348,avail_mb,19569
1790908084.348,pswpin,921158
1790908085.358,api,0.178
1790908085.358,client,0.050
1790908085.358,enginecore,5.327
1790908085.358,other_total,0.020
1790908085.358,store_0,0.020
1790908085.358,store_1,0.010
1790908085.358,store_2,0.010
1790908085.358,store_3,0.010
1790908085.358,store_4,0.000
1790908085.358,avail_mb,19571
1790908085.358,pswpin,921158
1790908086.367,api,0.139
1790908086.367,client,0.040
1790908086.367,enginecore,4.211
1790908086.367,other_total,0.030
1790908086.367,store_0,0.010
1790908086.367,store_1,0.000
1790908086.367,store_2,0.020
1790908086.367,store_3,0.030
1790908086.367,store_4,0.010
1790908086.367,avail_mb,19561
1790908086.367,pswpin,921162
1790908087.379,api,0.227
1790908087.379,client,0.069
1790908087.379,enginecore,6.318
1790908087.379,other_total,0.000
1790908087.379,store_0,0.020
1790908087.379,store_1,0.000
1790908087.379,store_2,0.010
1790908087.379,store_3,0.010
1790908087.379,store_4,0.000
1790908087.379,avail_mb,19565
1790908087.379,pswpin,921162
1790908088.389,api,0.148
1790908088.389,client,0.049
1790908088.389,enginecore,4.444
1790908088.389,other_total,0.000
1790908088.389,store_0,0.020
1790908088.389,store_1,0.000
1790908088.389,store_2,0.000
1790908088.389,store_3,0.000
1790908088.389,store_4,0.000
1790908088.389,avail_mb,19559
1790908088.389,pswpin,921162
1790908089.399,api,0.119
1790908089.399,client,0.020
1790908089.399,enginecore,2.277
1790908089.399,other_total,0.069
1790908089.399,store_0,0.000
1790908089.399,store_1,0.010
1790908089.399,store_2,0.010
1790908089.399,store_3,0.000
1790908089.399,store_4,0.000
1790908089.399,avail_mb,19545
1790908089.399,pswpin,921162
1790908090.409,api,0.099
1790908090.409,client,0.050
1790908090.409,enginecore,3.070
1790908090.409,other_total,0.000
1790908090.409,store_0,0.020
1790908090.409,store_1,0.000
1790908090.409,store_2,0.000
1790908090.409,store_3,0.000
1790908090.409,store_4,0.000
1790908090.409,avail_mb,19540
1790908090.409,pswpin,921162
1790908091.421,api,0.099
1790908091.421,client,0.010
1790908091.421,enginecore,2.738
1790908091.421,other_total,0.000
1790908091.421,store_0,0.030
1790908091.421,store_1,0.000
1790908091.421,store_2,0.000
1790908091.421,store_3,0.000
1790908091.421,store_4,0.010
1790908091.421,avail_mb,19544
1790908091.421,pswpin,921162
1790908092.432,api,0.188
1790908092.432,client,0.059
1790908092.432,enginecore,5.540
1790908092.432,other_total,0.158
1790908092.432,store_0,0.010
1790908092.432,store_1,0.000
1790908092.432,store_2,0.010
1790908092.432,store_3,0.010
1790908092.432,store_4,0.010
1790908092.432,avail_mb,19569
1790908092.432,pswpin,921162
1790908093.443,api,0.178
1790908093.443,client,0.059
1790908093.443,enginecore,4.072
1790908093.443,other_total,0.000
1790908093.443,store_0,0.010
1790908093.443,store_1,0.020
1790908093.443,store_2,0.010
1790908093.443,store_3,0.000
1790908093.443,store_4,0.010
1790908093.443,avail_mb,19575
1790908093.443,pswpin,921169
1790908094.453,api,0.129
1790908094.453,client,0.040
1790908094.453,enginecore,3.082
1790908094.453,other_total,0.010
1790908094.453,store_0,0.020
1790908094.453,store_1,0.000
1790908094.453,store_2,0.010
1790908094.453,store_3,0.000
1790908094.453,store_4,0.000
1790908094.453,avail_mb,19574
1790908094.453,pswpin,921169
1790908095.462,api,0.099
1790908095.462,client,0.010
1790908095.462,enginecore,2.971
1790908095.462,other_total,0.099
1790908095.462,store_0,0.000
1790908095.462,store_1,0.000
1790908095.462,store_2,0.020
1790908095.462,store_3,0.020
1790908095.462,store_4,0.010
1790908095.462,avail_mb,19568
1790908095.462,pswpin,921169
1790908096.472,api,0.139
1790908096.472,client,0.040
1790908096.472,enginecore,3.288
1790908096.472,other_total,0.000
1790908096.472,store_0,0.010
1790908096.472,store_1,0.010
1790908096.472,store_2,0.010
1790908096.472,store_3,0.000
1790908096.472,store_4,0.010
1790908096.472,avail_mb,19565
1790908096.472,pswpin,921169
1790908097.481,api,0.089
1790908097.481,client,0.020
1790908097.481,enginecore,2.200
1790908097.481,other_total,0.000
1790908097.481,store_0,0.000
1790908097.481,store_1,0.010
1790908097.481,store_2,0.000
1790908097.481,store_3,0.020
1790908097.481,store_4,0.000
1790908097.481,avail_mb,19567
1790908097.481,pswpin,921169
1790908098.490,api,0.089
1790908098.490,client,0.020
1790908098.490,enginecore,1.853
1790908098.490,other_total,0.040
1790908098.490,store_0,0.000
1790908098.490,store_1,0.010
1790908098.490,store_2,0.000
1790908098.490,store_3,0.000
1790908098.490,store_4,0.000
1790908098.490,avail_mb,19559
1790908098.490,pswpin,921176
1790908099.500,api,0.139
1790908099.500,client,0.050
1790908099.500,enginecore,3.446
1790908099.500,other_total,0.000
1790908099.500,store_0,0.000
1790908099.500,store_1,0.000
1790908099.500,store_2,0.000
1790908099.500,store_3,0.000
1790908099.500,store_4,0.010
1790908099.500,avail_mb,19560
1790908099.500,pswpin,921176
1790908100.509,api,0.139
1790908100.509,client,0.040
1790908100.509,enginecore,2.913
1790908100.509,other_total,0.000
1790908100.509,store_0,0.000
1790908100.509,store_1,0.000
1790908100.509,store_2,0.000
1790908100.509,store_3,0.000
1790908100.509,store_4,0.000
1790908100.509,avail_mb,19560
1790908100.509,pswpin,921176
1790908101.519,api,0.119
1790908101.519,client,0.030
1790908101.519,enginecore,3.208
1790908101.519,other_total,0.050
1790908101.519,store_0,0.010
1790908101.519,store_1,0.000
1790908101.519,store_2,0.000
1790908101.519,store_3,0.010
1790908101.519,store_4,0.010
1790908101.519,avail_mb,19561
1790908101.519,pswpin,921180
1790908102.529,api,0.149
1790908102.529,client,0.040
1790908102.529,enginecore,4.359
1790908102.529,other_total,0.000
1790908102.529,store_0,0.010
1790908102.529,store_1,0.010
1790908102.529,store_2,0.010
1790908102.529,store_3,0.010
1790908102.529,store_4,0.000
1790908102.529,avail_mb,19560
1790908102.529,pswpin,921181
1790908103.538,api,0.188
1790908103.538,client,0.079
1790908103.538,enginecore,5.030
1790908103.538,other_total,0.000
1790908103.538,store_0,0.010
1790908103.538,store_1,0.000
1790908103.538,store_2,0.020
1790908103.538,store_3,0.000
1790908103.538,store_4,0.000
1790908103.538,avail_mb,19563
1790908103.538,pswpin,921181
1790908104.549,api,0.168
1790908104.549,client,0.030
1790908104.549,enginecore,4.414
1790908104.549,other_total,0.030
1790908104.549,store_0,0.000
1790908104.549,store_1,0.000
1790908104.549,store_2,0.000
1790908104.549,store_3,0.020
1790908104.549,store_4,0.000
1790908104.549,avail_mb,19555
1790908104.549,pswpin,921181
1790908105.560,api,0.129
1790908105.560,client,0.049
1790908105.560,enginecore,4.283
1790908105.560,other_total,0.059
1790908105.560,store_0,0.000
1790908105.560,store_1,0.010
1790908105.560,store_2,0.010
1790908105.560,store_3,0.000
1790908105.560,store_4,0.000
1790908105.560,avail_mb,19552
1790908105.560,pswpin,921181
1790908106.569,api,0.119
1790908106.569,client,0.040
1790908106.569,enginecore,2.179
1790908106.569,other_total,0.000
1790908106.569,store_0,0.000
1790908106.569,store_1,0.000
1790908106.569,store_2,0.000
1790908106.569,store_3,0.000
1790908106.569,store_4,0.010
1790908106.569,avail_mb,19549
1790908106.569,pswpin,921181
1790908107.579,api,0.069
1790908107.579,client,0.020
1790908107.579,enginecore,2.080
1790908107.579,other_total,0.030
1790908107.579,store_0,0.000
1790908107.579,store_1,0.000
1790908107.579,store_2,0.000
1790908107.579,store_3,0.010
1790908107.579,store_4,0.010
1790908107.579,avail_mb,19548
1790908107.579,pswpin,921181
1790908108.589,api,0.119
1790908108.589,client,0.040
1790908108.589,enginecore,3.426
1790908108.589,other_total,0.000
1790908108.589,store_0,0.000
1790908108.589,store_1,0.000
1790908108.589,store_2,0.000
1790908108.589,store_3,0.000
1790908108.589,store_4,0.000
1790908108.589,avail_mb,19548
1790908108.589,pswpin,921184
1790908109.598,api,0.168
1790908109.598,client,0.050
1790908109.598,enginecore,4.578
1790908109.598,other_total,0.000
1790908109.598,store_0,0.010
1790908109.598,store_1,0.000
1790908109.598,store_2,0.000
1790908109.598,store_3,0.010
1790908109.598,store_4,0.000
1790908109.598,avail_mb,19547
1790908109.598,pswpin,921184
1790908110.607,api,0.109
1790908110.607,client,0.020
1790908110.607,enginecore,2.774
1790908110.607,other_total,0.000
1790908110.607,store_0,0.000
1790908110.607,store_1,0.010
1790908110.607,store_2,0.020
1790908110.607,store_3,0.000
1790908110.607,store_4,0.000
1790908110.607,avail_mb,19536
1790908110.607,pswpin,921184
1790908111.616,api,0.109
1790908111.616,client,0.030
1790908111.616,enginecore,3.191
1790908111.616,other_total,0.020
1790908111.616,store_0,0.010
1790908111.616,store_1,0.000
1790908111.616,store_2,0.000
1790908111.616,store_3,0.000
1790908111.616,store_4,0.000
1790908111.616,avail_mb,19540
1790908111.616,pswpin,921184
1790908112.626,api,0.119
1790908112.626,client,0.040
1790908112.626,enginecore,2.854
1790908112.626,other_total,0.000
1790908112.626,store_0,0.000
1790908112.626,store_1,0.000
1790908112.626,store_2,0.000
1790908112.626,store_3,0.010
1790908112.626,store_4,0.000
1790908112.626,avail_mb,19538
1790908112.626,pswpin,921188
1790908113.636,api,0.158
1790908113.636,client,0.040
1790908113.636,enginecore,3.722
1790908113.636,other_total,0.247
1790908113.636,store_0,0.000
1790908113.636,store_1,0.000
1790908113.636,store_2,0.010
1790908113.636,store_3,0.020
1790908113.636,store_4,0.020
1790908113.636,avail_mb,19465
1790908113.636,pswpin,921188
1790908114.645,api,0.129
1790908114.645,client,0.050
1790908114.645,enginecore,4.221
1790908114.645,other_total,0.040
1790908114.645,store_0,0.010
1790908114.645,store_1,0.000
1790908114.645,store_2,0.010
1790908114.645,store_3,0.000
1790908114.645,store_4,0.020
1790908114.645,avail_mb,19488
1790908114.645,pswpin,921188
1790908115.655,api,0.198
1790908115.655,client,0.059
1790908115.655,enginecore,5.306
1790908115.655,other_total,0.000
1790908115.655,store_0,0.030
1790908115.655,store_1,0.010
1790908115.655,store_2,0.010
1790908115.655,store_3,0.010
1790908115.655,store_4,0.000
1790908115.655,avail_mb,19511
1790908115.655,pswpin,921188
1790908116.665,api,0.159
1790908116.665,client,0.020
1790908116.665,enginecore,3.903
1790908116.665,other_total,0.079
1790908116.665,store_0,0.000
1790908116.665,store_1,0.000
1790908116.665,store_2,0.000
1790908116.665,store_3,0.010
1790908116.665,store_4,0.010
1790908116.665,avail_mb,19502
1790908116.665,pswpin,921190
1790908117.674,api,0.159
1790908117.674,client,0.030
1790908117.674,enginecore,3.865
1790908117.674,other_total,0.000
1790908117.674,store_0,0.010
1790908117.674,store_1,0.000
1790908117.674,store_2,0.000
1790908117.674,store_3,0.000
1790908117.674,store_4,0.010
1790908117.674,avail_mb,19502
1790908117.674,pswpin,921190
1790908118.683,api,0.099
1790908118.683,client,0.040
1790908118.683,enginecore,2.100
1790908118.683,other_total,0.010
1790908118.683,store_0,0.010
1790908118.683,store_1,0.000
1790908118.683,store_2,0.010
1790908118.683,store_3,0.000
1790908118.683,store_4,0.000
1790908118.683,avail_mb,19501
1790908118.683,pswpin,921190
1790908119.693,api,0.158
1790908119.693,client,0.069
1790908119.693,enginecore,4.585
1790908119.693,other_total,0.030
1790908119.693,store_0,0.000
1790908119.693,store_1,0.000
1790908119.693,store_2,0.000
1790908119.693,store_3,0.020
1790908119.693,store_4,0.000
1790908119.693,avail_mb,19492
1790908119.693,pswpin,921190
1790908120.703,api,0.159
1790908120.703,client,0.050
1790908120.703,enginecore,4.122
1790908120.703,other_total,0.000
1790908120.703,store_0,0.000
1790908120.703,store_1,0.020
1790908120.703,store_2,0.000
1790908120.703,store_3,0.000
1790908120.703,store_4,0.010
1790908120.703,avail_mb,19496
1790908120.703,pswpin,921190
1790908121.713,api,0.119
1790908121.713,client,0.020
1790908121.713,enginecore,3.672
1790908121.713,other_total,0.030
1790908121.713,store_0,0.010
1790908121.713,store_1,0.020
1790908121.713,store_2,0.010
1790908121.713,store_3,0.000
1790908121.713,store_4,0.010
1790908121.713,avail_mb,19497
1790908121.713,pswpin,921190
1790908122.722,api,0.079
1790908122.722,client,0.040
1790908122.722,enginecore,2.219
1790908122.722,other_total,0.139
1790908122.722,store_0,0.000
1790908122.722,store_1,0.000
1790908122.722,store_2,0.000
1790908122.722,store_3,0.030
1790908122.722,store_4,0.010
1790908122.722,avail_mb,19492
1790908122.722,pswpin,921190
1790908123.732,api,0.178
1790908123.732,client,0.059
1790908123.732,enginecore,5.338
1790908123.732,other_total,0.178
1790908123.732,store_0,0.020
1790908123.732,store_1,0.000
1790908123.732,store_2,0.010
1790908123.732,store_3,0.020
1790908123.732,store_4,0.000
1790908123.732,avail_mb,19437
1790908123.732,pswpin,921190
1790908124.742,api,0.149
1790908124.742,client,0.030
1790908124.742,enginecore,3.576
1790908124.742,other_total,0.000
1790908124.742,store_0,0.040
1790908124.742,store_1,0.010
1790908124.742,store_2,0.000
1790908124.742,store_3,0.000
1790908124.742,store_4,0.000
1790908124.742,avail_mb,19453
1790908124.742,pswpin,921190
1790908125.751,api,0.159
1790908125.751,client,0.040
1790908125.751,enginecore,4.765
1790908125.751,other_total,0.059
1790908125.751,store_0,0.000
1790908125.751,store_1,0.000
1790908125.751,store_2,0.010
1790908125.751,store_3,0.000
1790908125.751,store_4,0.020
1790908125.751,avail_mb,19460
1790908125.751,pswpin,921190
1790908126.761,api,0.168
1790908126.761,client,0.059
1790908126.761,enginecore,4.030
1790908126.761,other_total,0.000
1790908126.761,store_0,0.000
1790908126.761,store_1,0.010
1790908126.761,store_2,0.000
1790908126.761,store_3,0.010
1790908126.761,store_4,0.000
1790908126.761,avail_mb,19457
1790908126.761,pswpin,921190
1790908127.771,api,0.168
1790908127.771,client,0.059
1790908127.771,enginecore,3.813
1790908127.771,other_total,0.000
1790908127.771,store_0,0.000
1790908127.771,store_1,0.000
1790908127.771,store_2,0.000
1790908127.771,store_3,0.010
1790908127.771,store_4,0.000
1790908127.771,avail_mb,19456
1790908127.771,pswpin,921190
1790908128.780,api,0.178
1790908128.780,client,0.050
1790908128.780,enginecore,5.242
1790908128.780,other_total,0.040
1790908128.780,store_0,0.000
1790908128.780,store_1,0.020
1790908128.780,store_2,0.020
1790908128.780,store_3,0.000
1790908128.780,store_4,0.000
1790908128.780,avail_mb,19451
1790908128.780,pswpin,921190
1790908129.789,api,0.079
1790908129.789,client,0.030
1790908129.789,enginecore,1.971
1790908129.789,other_total,0.030
1790908129.789,store_0,0.020
1790908129.789,store_1,0.000
1790908129.789,store_2,0.000
1790908129.789,store_3,0.000
1790908129.789,store_4,0.000
1790908129.789,avail_mb,19463
1790908129.789,pswpin,921196
1790908130.799,api,0.119
1790908130.799,client,0.050
1790908130.799,enginecore,2.992
1790908130.799,other_total,0.109
1790908130.799,store_0,0.000
1790908130.799,store_1,0.000
1790908130.799,store_2,0.000
1790908130.799,store_3,0.000
1790908130.799,store_4,0.010
1790908130.799,avail_mb,19397
1790908130.799,pswpin,921196
1790908131.808,api,0.139
1790908131.808,client,0.030
1790908131.808,enginecore,3.398
1790908131.808,other_total,0.040
1790908131.808,store_0,0.000
1790908131.808,store_1,0.000
1790908131.808,store_2,0.010
1790908131.808,store_3,0.010
1790908131.808,store_4,0.000
1790908131.808,avail_mb,19401
1790908131.808,pswpin,921196
1790908132.820,api,0.119
1790908132.820,client,0.040
1790908132.820,enginecore,3.391
1790908132.820,other_total,0.000
1790908132.820,store_0,0.010
1790908132.820,store_1,0.010
1790908132.820,store_2,0.000
1790908132.820,store_3,0.000
1790908132.820,store_4,0.010
1790908132.820,avail_mb,19404
1790908132.820,pswpin,921196
1790908133.832,api,0.178
1790908133.832,client,0.040
1790908133.832,enginecore,5.060
1790908133.832,other_total,0.000
1790908133.832,store_0,0.000
1790908133.832,store_1,0.000
1790908133.832,store_2,0.020
1790908133.832,store_3,0.020
1790908133.832,store_4,0.020
1790908133.832,avail_mb,19433
1790908133.832,pswpin,921196
1790908134.841,api,0.119
1790908134.841,client,0.040
1790908134.841,enginecore,2.904
1790908134.841,other_total,0.000
1790908134.841,store_0,0.010
1790908134.841,store_1,0.000
1790908134.841,store_2,0.000
1790908134.841,store_3,0.010
1790908134.841,store_4,0.000
1790908134.841,avail_mb,19422
1790908134.841,pswpin,921196
1790908135.850,api,0.129
1790908135.850,client,0.020
1790908135.850,enginecore,3.051
1790908135.850,other_total,0.000
1790908135.850,store_0,0.000
1790908135.850,store_1,0.010
1790908135.850,store_2,0.000
1790908135.850,store_3,0.000
1790908135.850,store_4,0.010
1790908135.850,avail_mb,19427
1790908135.850,pswpin,921196
1790908136.859,api,0.159
1790908136.859,client,0.030
1790908136.859,enginecore,3.667
1790908136.859,other_total,0.010
1790908136.859,store_0,0.010
1790908136.859,store_1,0.000
1790908136.859,store_2,0.000
1790908136.859,store_3,0.000
1790908136.859,store_4,0.010
1790908136.859,avail_mb,19427
1790908136.859,pswpin,921196
1790908137.869,api,0.129
1790908137.869,client,0.030
1790908137.869,enginecore,2.594
1790908137.869,other_total,0.000
1790908137.869,store_0,0.000
1790908137.869,store_1,0.000
1790908137.869,store_2,0.000
1790908137.869,store_3,0.020
1790908137.869,store_4,0.000
1790908137.869,avail_mb,19421
1790908137.869,pswpin,921196
1790908138.878,api,0.119
1790908138.878,client,0.040
1790908138.878,enginecore,3.111
1790908138.878,other_total,0.030
1790908138.878,store_0,0.000
1790908138.878,store_1,0.000
1790908138.878,store_2,0.000
1790908138.878,store_3,0.010
1790908138.878,store_4,0.010
1790908138.878,avail_mb,19419
1790908138.878,pswpin,921196
1790908139.891,api,0.207
1790908139.891,client,0.079
1790908139.891,enginecore,5.865
1790908139.891,other_total,0.000
1790908139.891,store_0,0.020
1790908139.891,store_1,0.010
1790908139.891,store_2,0.000
1790908139.891,store_3,0.010
1790908139.891,store_4,0.000
1790908139.891,avail_mb,19422
1790908139.891,pswpin,921196
1790908140.900,api,0.139
1790908140.900,client,0.059
1790908140.900,enginecore,4.816
1790908140.900,other_total,0.000
1790908140.900,store_0,0.020
1790908140.900,store_1,0.000
1790908140.900,store_2,0.000
1790908140.900,store_3,0.020
1790908140.900,store_4,0.010
1790908140.900,avail_mb,19422
1790908140.900,pswpin,921196
1790908141.910,api,0.149
1790908141.910,client,0.030
1790908141.910,enginecore,4.149
1790908141.910,other_total,0.109
1790908141.910,store_0,0.010
1790908141.910,store_1,0.010
1790908141.910,store_2,0.000
1790908141.910,store_3,0.000
1790908141.910,store_4,0.000
1790908141.910,avail_mb,19419
1790908141.910,pswpin,921196
1790908142.920,api,0.109
1790908142.920,client,0.040
1790908142.920,enginecore,2.674
1790908142.920,other_total,0.000
1790908142.920,store_0,0.000
1790908142.920,store_1,0.000
1790908142.920,store_2,0.000
1790908142.920,store_3,0.000
1790908142.920,store_4,0.000
1790908142.920,avail_mb,19507
1790908142.920,pswpin,921200
1790908143.929,api,0.139
1790908143.929,client,0.040
1790908143.929,enginecore,4.101
1790908143.929,other_total,0.040
1790908143.929,store_0,0.020
1790908143.929,store_1,0.010
1790908143.929,store_2,0.020
1790908143.929,store_3,0.000
1790908143.929,store_4,0.000
1790908143.929,avail_mb,19516
1790908143.929,pswpin,921200
1790908144.939,api,0.178
1790908144.939,client,0.050
1790908144.939,enginecore,4.517
1790908144.939,other_total,0.000
1790908144.939,store_0,0.010
1790908144.939,store_1,0.010
1790908144.939,store_2,0.010
1790908144.939,store_3,0.000
1790908144.939,store_4,0.010
1790908144.939,avail_mb,19510
1790908144.939,pswpin,921200
1790908145.951,api,0.119
1790908145.951,client,0.030
1790908145.951,enginecore,3.578
1790908145.951,other_total,0.079
1790908145.951,store_0,0.000
1790908145.951,store_1,0.010
1790908145.951,store_2,0.000
1790908145.951,store_3,0.020
1790908145.951,store_4,0.010
1790908145.951,avail_mb,19517
1790908145.951,pswpin,921200
1790908146.960,api,0.159
1790908146.960,client,0.030
1790908146.960,enginecore,3.141
1790908146.960,other_total,0.030
1790908146.960,store_0,0.010
1790908146.960,store_1,0.020
1790908146.960,store_2,0.000
1790908146.960,store_3,0.000
1790908146.960,store_4,0.000
1790908146.960,avail_mb,19508
1790908146.960,pswpin,921200
1790908147.969,api,0.119
1790908147.969,client,0.030
1790908147.969,enginecore,3.299
1790908147.969,other_total,0.000
1790908147.969,store_0,0.000
1790908147.969,store_1,0.020
1790908147.969,store_2,0.010
1790908147.969,store_3,0.020
1790908147.969,store_4,0.010
1790908147.969,avail_mb,19520
1790908147.969,pswpin,921200
1790908148.979,api,0.208
1790908148.979,client,0.069
1790908148.979,enginecore,7.020
1790908148.979,other_total,0.000
1790908148.979,store_0,0.020
1790908148.979,store_1,0.030
1790908148.979,store_2,0.010
1790908148.979,store_3,0.010
1790908148.979,store_4,0.010
1790908148.979,avail_mb,19529
1790908148.979,pswpin,921200
1790908149.990,api,0.218
1790908149.990,client,0.079
1790908149.990,enginecore,5.176
1790908149.990,other_total,0.079
1790908149.990,store_0,0.000
1790908149.990,store_1,0.000
1790908149.990,store_2,0.000
1790908149.990,store_3,0.000
1790908149.990,store_4,0.000
1790908149.990,avail_mb,19570
1790908149.990,pswpin,921200
1790908150.999,api,0.109
1790908150.999,client,0.050
1790908150.999,enginecore,3.903
1790908150.999,other_total,0.000
1790908150.999,store_0,0.000
1790908150.999,store_1,0.000
1790908150.999,store_2,0.010
1790908150.999,store_3,0.000
1790908150.999,store_4,0.000
1790908150.999,avail_mb,19568
1790908150.999,pswpin,921200
1790908152.010,api,0.139
1790908152.010,client,0.030
1790908152.010,enginecore,3.019
1790908152.010,other_total,0.119
1790908152.010,store_0,0.000
1790908152.010,store_1,0.010
1790908152.010,store_2,0.000
1790908152.010,store_3,0.000
1790908152.010,store_4,0.000
1790908152.010,avail_mb,19566
1790908152.010,pswpin,921200
1790908153.019,api,0.139
1790908153.019,client,0.030
1790908153.019,enginecore,3.479
1790908153.019,other_total,0.040
1790908153.019,store_0,0.000
1790908153.019,store_1,0.010
1790908153.019,store_2,0.010
1790908153.019,store_3,0.010
1790908153.019,store_4,0.010
1790908153.019,avail_mb,19564
1790908153.019,pswpin,921200
1790908154.028,api,0.099
1790908154.028,client,0.020
1790908154.028,enginecore,2.051
1790908154.028,other_total,0.000
1790908154.028,store_0,0.000
1790908154.028,store_1,0.000
1790908154.028,store_2,0.010
1790908154.028,store_3,0.000
1790908154.028,store_4,0.000
1790908154.028,avail_mb,19562
1790908154.028,pswpin,921200
1790908155.038,api,0.109
1790908155.038,client,0.030
1790908155.038,enginecore,2.525
1790908155.038,other_total,0.000
1790908155.038,store_0,0.000
1790908155.038,store_1,0.000
1790908155.038,store_2,0.010
1790908155.038,store_3,0.010
1790908155.038,store_4,0.010
1790908155.038,avail_mb,19561
1790908155.038,pswpin,921200
1790908156.047,api,0.050
1790908156.047,client,0.010
1790908156.047,enginecore,1.298
1790908156.047,other_total,0.079
1790908156.047,store_0,0.000
1790908156.047,store_1,0.000
1790908156.047,store_2,0.000
1790908156.047,store_3,0.010
1790908156.047,store_4,0.010
1790908156.047,avail_mb,19604
1790908156.047,pswpin,921200
1790908157.056,api,0.069
1790908157.056,client,0.020
1790908157.056,enginecore,1.457
1790908157.056,other_total,0.030
1790908157.056,store_0,0.000
1790908157.056,store_1,0.000
1790908157.056,store_2,0.000
1790908157.056,store_3,0.000
1790908157.056,store_4,0.010
1790908157.056,avail_mb,19604
1790908157.056,pswpin,921200
1790908158.065,api,0.139
1790908158.065,client,0.040
1790908158.065,enginecore,3.558
1790908158.065,other_total,0.000
1790908158.065,store_0,0.000
1790908158.065,store_1,0.020
1790908158.065,store_2,0.000
1790908158.065,store_3,0.020
1790908158.065,store_4,0.020
1790908158.065,avail_mb,19616
1790908158.065,pswpin,921200
1790908159.074,api,0.099
1790908159.074,client,0.010
1790908159.074,enginecore,2.170
1790908159.074,other_total,0.069
1790908159.074,store_0,0.000
1790908159.074,store_1,0.000
1790908159.074,store_2,0.000
1790908159.074,store_3,0.000
1790908159.074,store_4,0.000
1790908159.074,avail_mb,19657
1790908159.074,pswpin,921200
1790908160.083,api,0.020
1790908160.083,client,0.010
1790908160.083,enginecore,0.476
1790908160.083,other_total,0.010
1790908160.083,store_0,0.000
1790908160.083,store_1,0.000
1790908160.083,store_2,0.000
1790908160.083,store_3,0.000
1790908160.083,store_4,0.010
1790908160.083,avail_mb,19657
1790908160.083,pswpin,921200
1790908161.092,api,0.040
1790908161.092,client,0.010
1790908161.092,enginecore,0.872
1790908161.092,other_total,0.000
1790908161.092,store_0,0.000
1790908161.092,store_1,0.000
1790908161.092,store_2,0.000
1790908161.092,store_3,0.000
1790908161.092,store_4,0.010
1790908161.092,avail_mb,19657
1790908161.092,pswpin,921200
1790908162.101,api,0.040
1790908162.101,client,0.010
1790908162.101,enginecore,0.734
1790908162.101,other_total,0.050
1790908162.101,store_0,0.000
1790908162.101,store_1,0.000
1790908162.101,store_2,0.000
1790908162.101,store_3,0.000
1790908162.101,store_4,0.010
1790908162.101,avail_mb,19705
1790908162.101,pswpin,921200
1790908163.110,api,0.030
1790908163.110,client,0.010
1790908163.110,enginecore,0.852
1790908163.110,other_total,0.020
1790908163.110,store_0,0.000
1790908163.110,store_1,0.000
1790908163.110,store_2,0.000
1790908163.110,store_3,0.000
1790908163.110,store_4,0.000
1790908163.110,avail_mb,19705
1790908163.110,pswpin,921200
1790908164.120,api,0.049
1790908164.120,client,0.010
1790908164.120,enginecore,1.356
1790908164.120,other_total,0.000
1790908164.120,store_0,0.000
1790908164.120,store_1,0.000
1790908164.120,store_2,0.000
1790908164.120,store_3,0.000
1790908164.120,store_4,0.040
1790908164.120,avail_mb,19709
1790908164.120,pswpin,921200
1790908165.131,api,0.010
1790908165.131,enginecore,0.089
1790908165.131,other_total,0.069
1790908165.131,store_0,0.000
1790908165.131,store_1,0.000
1790908165.131,store_2,0.000
1790908165.131,store_3,0.000
1790908165.131,store_4,0.000
1790908165.131,avail_mb,19756
1790908165.131,pswpin,921200
1790908166.142,api,0.000
1790908166.142,enginecore,0.030
1790908166.142,other_total,0.020
1790908166.142,store_0,0.000
1790908166.142,store_1,0.000
1790908166.142,store_2,0.000
1790908166.142,store_3,0.000
1790908166.142,store_4,0.000
1790908166.142,avail_mb,19756
1790908166.142,pswpin,921200
