ts,role,cores
1790909637.065,other_total,0.445
1790909637.065,avail_mb,58099
1790909637.065,pswpin,1527245
1790909638.075,other_total,0.059
1790909638.075,avail_mb,58100
1790909638.075,pswpin,1527245
1790909639.086,other_total,0.139
1790909639.086,avail_mb,58089
1790909639.086,pswpin,1527245
1790909640.097,other_total,0.069
1790909640.097,avail_mb,58098
1790909640.097,pswpin,1527253
1790909641.108,other_total,0.247
1790909641.108,avail_mb,58036
1790909641.108,pswpin,1527253
1790909642.118,other_total,0.089
1790909642.118,avail_mb,58045
1790909642.118,pswpin,1527253
1790909643.129,other_total,0.049
1790909643.129,avail_mb,58059
1790909643.129,pswpin,1527253
1790909644.139,other_total,0.079
1790909644.139,avail_mb,58052
1790909644.139,pswpin,1527253
1790909645.150,other_total,0.129
1790909645.150,avail_mb,58066
1790909645.150,pswpin,1527253
1790909646.161,other_total,0.020
1790909646.161,avail_mb,58067
1790909646.161,pswpin,1527253
1790909647.169,other_total,1.160
1790909647.169,avail_mb,57667
1790909647.169,pswpin,1527253
1790909648.180,other_total,0.049
1790909648.180,store_0,0.119
1790909648.180,avail_mb,57641
1790909648.180,pswpin,1527318
1790909649.193,other_total,2.222
1790909649.193,store_0,0.000
1790909649.193,avail_mb,56997
1790909649.193,pswpin,1527318
1790909650.202,api,2.180
1790909650.202,other_total,0.040
1790909650.202,store_0,0.000
1790909650.202,avail_mb,56816
1790909650.202,pswpin,1527321
1790909651.211,api,1.981
1790909651.211,other_total,0.059
1790909651.211,store_0,0.000
1790909651.211,avail_mb,56566
1790909651.211,pswpin,1527321
1790909652.220,api,1.219
1790909652.220,other_total,0.050
1790909652.220,store_0,0.000
1790909652.220,avail_mb,56454
1790909652.220,pswpin,1527321
1790909653.230,api,0.881
1790909653.230,other_total,0.624
1790909653.230,store_0,0.000
1790909653.230,avail_mb,55860
1790909653.230,pswpin,1527321
1790909654.239,api,0.000
1790909654.239,other_total,2.111
1790909654.239,store_0,0.000
1790909654.239,avail_mb,55525
1790909654.239,pswpin,1527321
1790909655.248,api,0.000
1790909655.248,other_total,2.399
1790909655.248,store_0,0.000
1790909655.248,avail_mb,55302
1790909655.248,pswpin,1527321
1790909656.256,api,0.000
1790909656.256,other_total,2.022
1790909656.256,store_0,0.000
1790909656.256,avail_mb,55121
1790909656.256,pswpin,1527321
1790909657.265,api,0.000
1790909657.265,enginecore,0.922
1790909657.265,other_total,1.516
1790909657.265,store_0,0.000
1790909657.265,avail_mb,54475
1790909657.265,pswpin,1527321
1790909658.276,api,0.000
1790909658.276,enginecore,1.485
1790909658.276,other_total,1.653
1790909658.276,store_0,0.000
1790909658.276,avail_mb,54463
1790909658.276,pswpin,1527321
1790909659.284,api,0.000
1790909659.284,enginecore,1.794
1790909659.284,other_total,0.258
1790909659.284,store_0,0.000
1790909659.284,avail_mb,53956
1790909659.284,pswpin,1527321
1790909660.293,api,0.000
1790909660.293,enginecore,1.001
1790909660.293,other_total,0.833
1790909660.293,store_0,0.000
1790909660.293,avail_mb,53938
1790909660.293,pswpin,1527321
1790909661.302,api,0.000
1790909661.302,enginecore,0.971
1790909661.302,other_total,0.020
1790909661.302,store_0,0.000
1790909661.302,avail_mb,53729
1790909661.302,pswpin,1527321
1790909662.311,api,0.000
1790909662.311,enginecore,0.833
1790909662.311,other_total,0.208
1790909662.311,store_0,0.000
1790909662.311,avail_mb,53384
1790909662.311,pswpin,1527321
1790909663.320,api,0.000
1790909663.320,enginecore,0.010
1790909663.320,other_total,0.982
1790909663.320,store_0,0.000
1790909663.320,avail_mb,53443
1790909663.320,pswpin,1527321
1790909664.330,api,0.000
1790909664.330,enginecore,0.030
1790909664.330,other_total,0.030
1790909664.330,store_0,0.000
1790909664.330,avail_mb,53447
1790909664.330,pswpin,1527321
1790909665.341,api,0.000
1790909665.341,enginecore,0.020
1790909665.341,other_total,0.099
1790909665.341,store_0,0.000
1790909665.341,avail_mb,53452
1790909665.341,pswpin,1527322
1790909666.352,api,0.000
1790909666.352,enginecore,0.040
1790909666.352,other_total,0.040
1790909666.352,store_0,0.000
1790909666.352,avail_mb,53462
1790909666.352,pswpin,1527322
1790909667.362,api,0.000
1790909667.362,enginecore,0.040
1790909667.362,other_total,0.049
1790909667.362,store_0,0.000
1790909667.362,avail_mb,53471
1790909667.362,pswpin,1527328
1790909668.373,api,0.000
1790909668.373,enginecore,0.020
1790909668.373,other_total,0.059
1790909668.373,store_0,0.000
1790909668.373,avail_mb,53481
1790909668.373,pswpin,1527328
1790909669.384,api,0.000
1790909669.384,enginecore,0.030
1790909669.384,other_total,0.030
1790909669.384,store_0,0.000
1790909669.384,avail_mb,53489
1790909669.384,pswpin,1527329
1790909670.396,api,0.000
1790909670.396,enginecore,0.178
1790909670.396,other_total,0.069
1790909670.396,store_0,0.000
1790909670.396,avail_mb,53495
1790909670.396,pswpin,1527329
1790909671.406,api,0.000
1790909671.406,enginecore,0.821
1790909671.406,other_total,0.059
1790909671.406,store_0,0.000
1790909671.406,avail_mb,52355
1790909671.406,pswpin,1527331
1790909672.417,api,0.218
1790909672.417,enginecore,0.030
1790909672.417,other_total,0.020
1790909672.417,store_0,0.000
1790909672.417,avail_mb,52312
1790909672.417,pswpin,1527331
1790909673.428,api,0.227
1790909673.428,enginecore,0.079
1790909673.428,other_total,0.089
1790909673.428,store_0,0.000
1790909673.428,avail_mb,52315
1790909673.428,pswpin,1527331
1790909674.437,api,0.000
1790909674.437,enginecore,1.169
1790909674.437,other_total,0.020
1790909674.437,store_0,0.000
1790909674.437,avail_mb,51033
1790909674.437,pswpin,1527331
1790909675.448,api,0.000
1790909675.448,enginecore,0.673
1790909675.448,other_total,0.049
1790909675.448,store_0,0.000
1790909675.448,avail_mb,50957
1790909675.448,pswpin,1527331
1790909676.459,api,0.168
1790909676.459,enginecore,0.030
1790909676.459,other_total,0.040
1790909676.459,store_0,0.000
1790909676.459,avail_mb,50912
1790909676.459,pswpin,1527331
1790909677.470,api,0.267
1790909677.470,enginecore,0.020
1790909677.470,other_total,0.059
1790909677.470,store_0,0.000
1790909677.470,avail_mb,50912
1790909677.470,pswpin,1527331
1790909678.481,api,0.089
1790909678.481,enginecore,0.059
1790909678.481,other_total,0.109
1790909678.481,store_0,0.000
1790909678.481,avail_mb,50874
1790909678.481,pswpin,1527332
1790909679.490,api,0.020
1790909679.490,enginecore,1.031
1790909679.490,other_total,0.030
1790909679.490,store_0,0.149
1790909679.490,avail_mb,50095
1790909679.490,pswpin,1527332
1790909680.498,api,0.020
1790909680.498,enginecore,1.001
1790909680.498,other_total,0.030
1790909680.498,store_0,0.149
1790909680.498,avail_mb,49215
1790909680.498,pswpin,1527335
1790909681.507,api,0.020
1790909681.507,enginecore,1.001
1790909681.507,other_total,0.020
1790909681.507,store_0,0.129
1790909681.507,avail_mb,48346
1790909681.507,pswpin,1527335
1790909682.516,api,0.010
1790909682.516,enginecore,0.961
1790909682.516,other_total,0.040
1790909682.516,store_0,0.139
1790909682.516,avail_mb,47560
1790909682.516,pswpin,1527335
1790909683.526,api,0.050
1790909683.526,enginecore,0.178
1790909683.526,other_total,0.287
1790909683.526,store_0,0.040
1790909683.526,avail_mb,50591
1790909683.526,pswpin,1527335
1790909684.537,api,0.000
1790909684.537,enginecore,0.020
1790909684.537,other_total,0.386
1790909684.537,store_0,0.000
1790909684.537,avail_mb,50556
1790909684.537,pswpin,1527335
1790909685.547,api,0.000
1790909685.547,client,0.000
1790909685.547,enginecore,0.020
1790909685.547,other_total,0.049
1790909685.547,store_0,0.000
1790909685.547,avail_mb,50559
1790909685.547,pswpin,1527335
1790909686.558,api,0.000
1790909686.558,client,0.000
1790909686.558,enginecore,0.010
1790909686.558,other_total,0.069
1790909686.558,store_0,0.000
1790909686.558,avail_mb,50567
1790909686.558,pswpin,1527335
1790909687.569,api,0.010
1790909687.569,client,0.000
1790909687.569,enginecore,0.010
1790909687.569,other_total,0.020
1790909687.569,store_0,0.000
1790909687.569,avail_mb,50574
1790909687.569,pswpin,1527335
1790909688.580,api,0.000
1790909688.580,client,0.000
1790909688.580,enginecore,0.020
1790909688.580,other_total,0.069
1790909688.580,store_0,0.000
1790909688.580,avail_mb,50587
1790909688.580,pswpin,1527335
1790909689.590,api,0.010
1790909689.590,client,0.000
1790909689.590,enginecore,0.059
1790909689.590,other_total,0.010
1790909689.590,store_0,0.000
1790909689.590,avail_mb,50593
1790909689.590,pswpin,1527335
1790909690.601,api,0.000
1790909690.601,client,0.000
1790909690.601,enginecore,0.010
1790909690.601,other_total,0.059
1790909690.601,store_0,0.000
1790909690.601,avail_mb,50601
1790909690.601,pswpin,1527335
1790909691.612,api,0.000
1790909691.612,client,0.000
1790909691.612,enginecore,0.188
1790909691.612,other_total,0.049
1790909691.612,store_0,0.010
1790909691.612,avail_mb,50615
1790909691.612,pswpin,1527335
1790909692.623,api,0.010
1790909692.623,client,0.000
1790909692.623,enginecore,0.010
1790909692.623,other_total,0.040
1790909692.623,store_0,0.000
1790909692.623,avail_mb,50621
1790909692.623,pswpin,1527335
1790909693.633,api,0.000
1790909693.633,client,0.000
1790909693.633,enginecore,0.020
1790909693.633,other_total,0.049
1790909693.633,store_0,0.000
1790909693.633,avail_mb,50627
1790909693.633,pswpin,1527335
1790909694.644,api,0.010
1790909694.644,client,0.000
1790909694.644,enginecore,0.178
1790909694.644,other_total,0.069
1790909694.644,store_0,0.010
1790909694.644,avail_mb,50632
1790909694.644,pswpin,1527335
1790909695.655,api,0.000
1790909695.655,client,0.010
1790909695.655,enginecore,0.188
1790909695.655,other_total,0.020
1790909695.655,store_0,0.010
1790909695.655,avail_mb,50636
1790909695.655,pswpin,1527335
1790909696.666,api,0.000
1790909696.666,client,0.000
1790909696.666,enginecore,0.010
1790909696.666,other_total,0.040
1790909696.666,store_0,0.000
1790909696.666,avail_mb,50640
1790909696.666,pswpin,1527335
1790909697.677,api,0.010
1790909697.677,client,0.000
1790909697.677,enginecore,0.178
1790909697.677,other_total,0.079
1790909697.677,store_0,0.010
1790909697.677,avail_mb,50673
1790909697.677,pswpin,1527335
1790909698.687,api,0.000
1790909698.687,client,0.000
1790909698.687,enginecore,0.178
1790909698.687,other_total,0.079
1790909698.687,store_0,0.000
1790909698.687,avail_mb,50674
1790909698.687,pswpin,1527335
1790909699.698,api,0.000
1790909699.698,client,0.000
1790909699.698,enginecore,0.020
1790909699.698,other_total,0.049
1790909699.698,store_0,0.000
1790909699.698,avail_mb,50675
1790909699.698,pswpin,1527335
1790909700.709,api,0.010
1790909700.709,client,0.000
1790909700.709,enginecore,0.178
1790909700.709,other_total,0.049
1790909700.709,store_0,0.010
1790909700.709,avail_mb,50675
1790909700.709,pswpin,1527344
1790909701.719,api,0.000
1790909701.719,client,0.000
1790909701.719,enginecore,0.030
1790909701.719,other_total,0.030
1790909701.719,store_0,0.000
1790909701.719,avail_mb,50675
1790909701.719,pswpin,1527344
1790909702.730,api,0.000
1790909702.730,client,0.000
1790909702.730,enginecore,0.010
1790909702.730,other_total,0.040
1790909702.730,store_0,0.000
1790909702.730,avail_mb,50675
1790909702.730,pswpin,1527344
1790909703.741,api,0.000
1790909703.741,client,0.000
1790909703.741,enginecore,0.010
1790909703.741,other_total,0.069
1790909703.741,store_0,0.000
1790909703.741,avail_mb,50674
1790909703.741,pswpin,1527344
1790909704.752,api,0.010
1790909704.752,client,0.000
1790909704.752,enginecore,0.188
1790909704.752,other_total,0.030
1790909704.752,store_0,0.010
1790909704.752,avail_mb,50675
1790909704.752,pswpin,1527344
1790909705.763,api,0.000
1790909705.763,client,0.000
1790909705.763,enginecore,0.010
1790909705.763,other_total,0.040
1790909705.763,store_0,0.000
1790909705.763,avail_mb,50674
1790909705.763,pswpin,1527344
1790909706.774,api,0.000
1790909706.774,client,0.000
1790909706.774,enginecore,0.178
1790909706.774,other_total,0.049
1790909706.774,store_0,0.010
1790909706.774,avail_mb,50678
1790909706.774,pswpin,1527344
1790909707.784,api,0.010
1790909707.784,client,0.000
1790909707.784,enginecore,0.020
1790909707.784,other_total,0.040
1790909707.784,store_0,0.000
1790909707.784,avail_mb,50680
1790909707.784,pswpin,1527344
1790909708.795,api,0.010
1790909708.795,client,0.000
1790909708.795,enginecore,0.178
1790909708.795,other_total,0.040
1790909708.795,store_0,0.010
1790909708.795,avail_mb,50682
1790909708.795,pswpin,1527344
1790909709.806,api,0.000
1790909709.806,client,0.000
1790909709.806,enginecore,0.010
1790909709.806,other_total,0.069
1790909709.806,store_0,0.000
1790909709.806,avail_mb,50685
1790909709.806,pswpin,1527344
1790909710.817,api,0.000
1790909710.817,client,0.000
1790909710.817,enginecore,0.020
1790909710.817,other_total,0.020
1790909710.817,store_0,0.000
1790909710.817,avail_mb,50686
1790909710.817,pswpin,1527344
1790909711.828,api,0.000
1790909711.828,client,0.000
1790909711.828,enginecore,0.010
1790909711.828,other_total,0.040
1790909711.828,store_0,0.000
1790909711.828,avail_mb,50685
1790909711.828,pswpin,1527344
1790909712.839,api,0.010
1790909712.839,client,0.000
1790909712.839,enginecore,0.020
1790909712.839,other_total,0.040
1790909712.839,store_0,0.000
1790909712.839,avail_mb,50683
1790909712.839,pswpin,1527344
1790909713.849,api,0.000
1790909713.849,client,0.010
1790909713.849,enginecore,0.178
1790909713.849,other_total,0.059
1790909713.849,store_0,0.010
1790909713.849,avail_mb,50684
1790909713.849,pswpin,1527344
1790909714.860,api,0.000
1790909714.860,client,0.000
1790909714.860,enginecore,0.020
1790909714.860,other_total,0.020
1790909714.860,store_0,0.000
1790909714.860,avail_mb,50684
1790909714.860,pswpin,1527344
1790909715.871,api,0.010
1790909715.871,client,0.000
1790909715.871,enginecore,0.178
1790909715.871,other_total,0.030
1790909715.871,store_0,0.010
1790909715.871,avail_mb,50687
1790909715.871,pswpin,1527344
1790909716.882,api,0.000
1790909716.882,client,0.000
1790909716.882,enginecore,0.178
1790909716.882,other_total,0.030
1790909716.882,store_0,0.020
1790909716.882,avail_mb,50688
1790909716.882,pswpin,1527344
1790909717.892,api,0.000
1790909717.892,client,0.000
1790909717.892,enginecore,0.020
1790909717.892,other_total,0.030
1790909717.892,store_0,0.000
1790909717.892,avail_mb,50687
1790909717.892,pswpin,1527344
1790909718.903,api,0.010
1790909718.903,client,0.000
1790909718.903,enginecore,0.010
1790909718.903,other_total,0.030
1790909718.903,store_0,0.000
1790909718.903,avail_mb,50687
1790909718.903,pswpin,1527344
1790909719.914,api,0.000
1790909719.914,client,0.000
1790909719.914,enginecore,0.010
1790909719.914,other_total,0.030
1790909719.914,store_0,0.000
1790909719.914,avail_mb,50687
1790909719.914,pswpin,1527344
1790909720.925,api,0.000
1790909720.925,client,0.000
1790909720.925,enginecore,0.020
1790909720.925,other_total,0.030
1790909720.925,store_0,0.000
1790909720.925,avail_mb,50687
1790909720.925,pswpin,1527344
1790909721.935,api,0.000
1790909721.935,client,0.000
1790909721.935,enginecore,0.188
1790909721.935,other_total,0.059
1790909721.935,store_0,0.010
1790909721.935,avail_mb,50691
1790909721.935,pswpin,1527344
1790909722.946,api,0.010
1790909722.946,client,0.000
1790909722.946,enginecore,0.168
1790909722.946,other_total,0.020
1790909722.946,store_0,0.010
1790909722.946,avail_mb,50690
1790909722.946,pswpin,1527344
1790909723.957,api,0.010
1790909723.957,client,0.000
1790909723.957,enginecore,0.346
1790909723.957,other_total,0.040
1790909723.957,store_0,0.020
1790909723.957,avail_mb,50700
1790909723.957,pswpin,1527344
1790909724.968,api,0.000
1790909724.968,client,0.000
1790909724.968,enginecore,0.020
1790909724.968,other_total,0.049
1790909724.968,store_0,0.000
1790909724.968,avail_mb,50693
1790909724.968,pswpin,1527344
1790909725.978,api,0.000
1790909725.978,client,0.000
1790909725.978,enginecore,0.010
1790909725.978,other_total,0.040
1790909725.978,store_0,0.000
1790909725.978,avail_mb,50693
1790909725.978,pswpin,1527344
1790909726.989,api,0.000
1790909726.989,client,0.000
1790909726.989,enginecore,0.020
1790909726.989,other_total,0.030
1790909726.989,store_0,0.000
1790909726.989,avail_mb,50693
1790909726.989,pswpin,1527344
1790909728.000,api,0.010
1790909728.000,client,0.000
1790909728.000,enginecore,0.178
1790909728.000,other_total,0.069
1790909728.000,store_0,0.010
1790909728.000,avail_mb,50691
1790909728.000,pswpin,1527377
1790909729.010,api,0.000
1790909729.010,client,0.010
1790909729.010,enginecore,0.188
1790909729.010,other_total,0.030
1790909729.010,store_0,0.010
1790909729.010,avail_mb,50690
1790909729.010,pswpin,1527377
1790909730.021,api,0.000
1790909730.021,client,0.000
1790909730.021,enginecore,0.010
1790909730.021,other_total,0.030
1790909730.021,store_0,0.000
1790909730.021,avail_mb,50689
1790909730.021,pswpin,1527377
1790909731.031,api,0.010
1790909731.031,client,0.000
1790909731.031,enginecore,0.188
1790909731.031,other_total,0.059
1790909731.031,store_0,0.010
1790909731.031,avail_mb,50687
1790909731.031,pswpin,1527377
1790909732.042,api,0.000
1790909732.042,client,0.000
1790909732.042,enginecore,0.010
1790909732.042,other_total,0.069
1790909732.042,store_0,0.000
1790909732.042,avail_mb,50688
1790909732.042,pswpin,1527377
1790909733.054,api,0.000
1790909733.054,client,0.000
1790909733.054,enginecore,0.307
1790909733.054,other_total,0.049
1790909733.054,store_0,0.010
1790909733.054,avail_mb,50687
1790909733.054,pswpin,1527377
1790909734.064,api,0.020
1790909734.064,client,0.000
1790909734.064,enginecore,0.712
1790909734.064,other_total,0.049
1790909734.064,store_0,0.040
1790909734.064,avail_mb,50690
1790909734.064,pswpin,1527378
1790909735.076,api,0.010
1790909735.076,client,0.000
1790909735.076,enginecore,0.168
1790909735.076,other_total,0.049
1790909735.076,store_0,0.010
1790909735.076,avail_mb,50693
1790909735.076,pswpin,1527378
1790909736.086,api,0.000
1790909736.086,client,0.000
1790909736.086,enginecore,0.030
1790909736.086,other_total,0.030
1790909736.086,store_0,0.000
1790909736.086,avail_mb,50692
1790909736.086,pswpin,1527378
1790909737.097,api,0.010
1790909737.097,client,0.000
1790909737.097,enginecore,0.188
1790909737.097,other_total,0.059
1790909737.097,store_0,0.010
1790909737.097,avail_mb,50693
1790909737.097,pswpin,1527378
1790909738.108,api,0.000
1790909738.108,client,0.000
1790909738.108,enginecore,0.000
1790909738.108,other_total,0.049
1790909738.108,store_0,0.000
1790909738.108,avail_mb,50693
1790909738.108,pswpin,1527378
1790909739.119,api,0.010
1790909739.119,client,0.010
1790909739.119,enginecore,0.346
1790909739.119,other_total,0.030
1790909739.119,store_0,0.030
1790909739.119,avail_mb,50698
1790909739.119,pswpin,1527378
1790909740.130,api,0.000
1790909740.130,client,0.000
1790909740.130,enginecore,0.030
1790909740.130,other_total,0.030
1790909740.130,store_0,0.000
1790909740.130,avail_mb,50694
1790909740.130,pswpin,1527378
1790909741.140,api,0.000
1790909741.140,client,0.000
1790909741.140,enginecore,0.010
1790909741.140,other_total,0.049
1790909741.140,store_0,0.000
1790909741.140,avail_mb,50694
1790909741.140,pswpin,1527378
1790909742.151,api,0.010
1790909742.151,client,0.000
1790909742.151,enginecore,0.336
1790909742.151,other_total,0.059
1790909742.151,store_0,0.010
1790909742.151,avail_mb,50696
1790909742.151,pswpin,1527378
1790909743.162,api,0.010
1790909743.162,client,0.000
1790909743.162,enginecore,0.356
1790909743.162,other_total,0.020
1790909743.162,store_0,0.020
1790909743.162,avail_mb,50695
1790909743.162,pswpin,1527378
1790909744.172,api,0.000
1790909744.172,client,0.000
1790909744.172,enginecore,0.178
1790909744.172,other_total,0.040
1790909744.172,store_0,0.010
1790909744.172,avail_mb,50698
1790909744.172,pswpin,1527378
1790909745.183,api,0.010
1790909745.183,client,0.000
1790909745.183,enginecore,0.188
1790909745.183,other_total,0.030
1790909745.183,store_0,0.010
1790909745.183,avail_mb,50694
1790909745.183,pswpin,1527378
1790909746.194,api,0.000
1790909746.194,client,0.000
1790909746.194,enginecore,0.010
1790909746.194,other_total,0.049
1790909746.194,store_0,0.000
1790909746.194,avail_mb,50693
1790909746.194,pswpin,1527378
1790909747.205,api,0.000
1790909747.205,client,0.000
1790909747.205,enginecore,0.010
1790909747.205,other_total,0.040
1790909747.205,store_0,0.000
1790909747.205,avail_mb,50693
1790909747.205,pswpin,1527378
1790909748.215,api,0.000
1790909748.215,client,0.000
1790909748.215,enginecore,0.020
1790909748.215,other_total,0.010
1790909748.215,store_0,0.000
1790909748.215,avail_mb,50693
1790909748.215,pswpin,1527378
1790909749.226,api,0.000
1790909749.226,client,0.000
1790909749.226,enginecore,0.020
1790909749.226,other_total,0.040
1790909749.226,store_0,0.000
1790909749.226,avail_mb,50693
1790909749.226,pswpin,1527378
1790909750.237,api,0.000
1790909750.237,client,0.000
1790909750.237,enginecore,0.020
1790909750.237,other_total,0.049
1790909750.237,store_0,0.000
1790909750.237,avail_mb,50693
1790909750.237,pswpin,1527378
1790909751.248,api,0.000
1790909751.248,client,0.000
1790909751.248,enginecore,0.010
1790909751.248,other_total,0.089
1790909751.248,store_0,0.000
1790909751.248,avail_mb,50692
1790909751.248,pswpin,1527378
1790909752.258,api,0.010
1790909752.258,client,0.000
1790909752.258,enginecore,0.010
1790909752.258,other_total,0.020
1790909752.258,store_0,0.000
1790909752.258,avail_mb,50691
1790909752.258,pswpin,1527378
1790909753.269,api,0.000
1790909753.269,client,0.000
1790909753.269,enginecore,0.020
1790909753.269,other_total,0.030
1790909753.269,store_0,0.000
1790909753.269,avail_mb,50691
1790909753.269,pswpin,1527378
1790909754.280,api,0.010
1790909754.280,client,0.010
1790909754.280,enginecore,0.326
1790909754.280,other_total,0.030
1790909754.280,store_0,0.020
1790909754.280,avail_mb,50697
1790909754.280,pswpin,1527379
1790909755.291,api,0.000
1790909755.291,client,0.000
1790909755.291,enginecore,0.020
1790909755.291,other_total,0.040
1790909755.291,store_0,0.000
1790909755.291,avail_mb,50693
1790909755.291,pswpin,1527379
1790909756.302,api,0.000
1790909756.302,client,0.000
1790909756.302,enginecore,0.178
1790909756.302,other_total,0.030
1790909756.302,store_0,0.010
1790909756.302,avail_mb,50693
1790909756.302,pswpin,1527379
1790909757.315,api,0.010
1790909757.315,client,0.000
1790909757.315,enginecore,0.178
1790909757.315,other_total,0.039
1790909757.315,store_0,0.010
1790909757.315,avail_mb,50694
1790909757.315,pswpin,1527379
1790909758.325,api,0.020
1790909758.325,client,0.000
1790909758.325,enginecore,0.505
1790909758.325,other_total,0.049
1790909758.325,store_0,0.030
1790909758.325,avail_mb,50698
1790909758.325,pswpin,1527379
1790909759.336,api,0.000
1790909759.336,client,0.000
1790909759.336,enginecore,0.188
1790909759.336,other_total,0.049
1790909759.336,store_0,0.010
1790909759.336,avail_mb,50697
1790909759.336,pswpin,1527379
1790909760.347,api,0.000
1790909760.347,client,0.000
1790909760.347,enginecore,0.010
1790909760.347,other_total,0.040
1790909760.347,store_0,0.000
1790909760.347,avail_mb,50696
1790909760.347,pswpin,1527386
1790909761.357,api,0.000
1790909761.357,client,0.000
1790909761.357,enginecore,0.010
1790909761.357,other_total,0.049
1790909761.357,store_0,0.000
1790909761.357,avail_mb,50694
1790909761.357,pswpin,1527386
1790909762.368,api,0.010
1790909762.368,client,0.000
1790909762.368,enginecore,0.020
1790909762.368,other_total,0.020
1790909762.368,store_0,0.000
1790909762.368,avail_mb,50694
1790909762.368,pswpin,1527386
1790909763.379,api,0.000
1790909763.379,client,0.000
1790909763.379,enginecore,0.010
1790909763.379,other_total,0.089
1790909763.379,store_0,0.000
1790909763.379,avail_mb,50693
1790909763.379,pswpin,1527386
1790909764.389,api,0.000
1790909764.389,client,0.000
1790909764.389,enginecore,0.010
1790909764.389,other_total,0.040
1790909764.389,store_0,0.000
1790909764.389,avail_mb,50691
1790909764.389,pswpin,1527388
1790909765.400,api,0.010
1790909765.400,client,0.000
1790909765.400,enginecore,0.188
1790909765.400,other_total,0.020
1790909765.400,store_0,0.010
1790909765.400,avail_mb,50695
1790909765.400,pswpin,1527388
1790909766.411,api,0.000
1790909766.411,client,0.010
1790909766.411,enginecore,0.178
1790909766.411,other_total,0.020
1790909766.411,store_0,0.010
1790909766.411,avail_mb,50695
1790909766.411,pswpin,1527388
1790909767.422,api,0.000
1790909767.422,client,0.000
1790909767.422,enginecore,0.010
1790909767.422,other_total,0.040
1790909767.422,store_0,0.000
1790909767.422,avail_mb,50693
1790909767.422,pswpin,1527388
1790909768.432,api,0.000
1790909768.432,client,0.000
1790909768.432,enginecore,0.020
1790909768.432,other_total,0.049
1790909768.432,store_0,0.000
1790909768.432,avail_mb,50693
1790909768.432,pswpin,1527388
1790909769.444,api,0.010
1790909769.444,client,0.000
1790909769.444,enginecore,0.178
1790909769.444,other_total,0.079
1790909769.444,store_0,0.010
1790909769.444,avail_mb,50693
1790909769.444,pswpin,1527388
1790909770.454,api,0.000
1790909770.454,client,0.000
1790909770.454,enginecore,0.010
1790909770.454,other_total,0.109
1790909770.454,store_0,0.000
1790909770.454,avail_mb,50694
1790909770.454,pswpin,1527388
1790909771.465,api,0.000
1790909771.465,enginecore,0.178
1790909771.465,other_total,0.059
1790909771.465,store_0,0.010
1790909771.465,avail_mb,50742
1790909771.465,pswpin,1527391
1790909772.476,api,0.000
1790909772.476,enginecore,0.020
1790909772.476,other_total,0.020
1790909772.476,store_0,0.000
1790909772.476,avail_mb,50742
1790909772.476,pswpin,1527391
1790909773.487,api,0.000
1790909773.487,enginecore,0.020
1790909773.487,other_total,0.059
1790909773.487,store_0,0.000
1790909773.487,avail_mb,50739
1790909773.487,pswpin,1527391
1790909774.497,api,0.010
1790909774.497,enginecore,0.010
1790909774.497,other_total,0.346
1790909774.497,store_0,0.000
1790909774.497,avail_mb,50691
1790909774.497,pswpin,1527391
1790909775.508,api,0.000
1790909775.508,client,0.000
1790909775.508,enginecore,0.010
1790909775.508,other_total,0.040
1790909775.508,store_0,0.000
1790909775.508,avail_mb,50689
1790909775.508,pswpin,1527391
1790909776.519,api,0.000
1790909776.519,client,0.000
1790909776.519,enginecore,0.010
1790909776.519,other_total,0.049
1790909776.519,store_0,0.000
1790909776.519,avail_mb,50689
1790909776.519,pswpin,1527391
1790909777.528,api,0.020
1790909777.528,client,0.010
1790909777.528,enginecore,0.743
1790909777.528,other_total,0.040
1790909777.528,store_0,0.030
1790909777.528,avail_mb,50692
1790909777.528,pswpin,1527392
1790909778.536,api,0.030
1790909778.536,client,0.010
1790909778.536,enginecore,0.942
1790909778.536,other_total,0.040
1790909778.536,store_0,0.020
1790909778.536,avail_mb,50694
1790909778.536,pswpin,1527392
1790909779.545,api,0.030
1790909779.545,client,0.020
1790909779.545,enginecore,0.942
1790909779.545,other_total,0.050
1790909779.545,store_0,0.040
1790909779.545,avail_mb,50695
1790909779.545,pswpin,1527392
1790909780.556,api,0.020
1790909780.556,client,0.010
1790909780.556,enginecore,0.416
1790909780.556,other_total,0.030
1790909780.556,store_0,0.010
1790909780.556,avail_mb,50695
1790909780.556,pswpin,1527392
1790909781.565,api,0.050
1790909781.565,client,0.000
1790909781.565,enginecore,0.981
1790909781.565,other_total,0.020
1790909781.565,store_0,0.020
1790909781.565,avail_mb,50694
1790909781.565,pswpin,1527392
1790909782.573,api,0.050
1790909782.573,client,0.020
1790909782.573,enginecore,1.249
1790909782.573,other_total,0.030
1790909782.573,store_0,0.040
1790909782.573,avail_mb,50693
1790909782.573,pswpin,1527392
1790909783.582,api,0.030
1790909783.582,client,0.010
1790909783.582,enginecore,0.962
1790909783.582,other_total,0.099
1790909783.582,store_0,0.020
1790909783.582,avail_mb,50698
1790909783.582,pswpin,1527392
1790909784.593,api,0.010
1790909784.593,client,0.000
1790909784.593,enginecore,0.079
1790909784.593,other_total,0.030
1790909784.593,store_0,0.010
1790909784.593,avail_mb,50698
1790909784.593,pswpin,1527392
1790909785.604,api,0.020
1790909785.604,client,0.010
1790909785.604,enginecore,0.633
1790909785.604,other_total,0.059
1790909785.604,store_0,0.000
1790909785.604,avail_mb,50694
1790909785.604,pswpin,1527392
1790909786.612,api,0.050
1790909786.612,client,0.000
1790909786.612,enginecore,1.031
1790909786.612,other_total,0.000
1790909786.612,store_0,0.030
1790909786.612,avail_mb,50695
1790909786.612,pswpin,1527392
1790909787.622,api,0.010
1790909787.622,client,0.010
1790909787.622,enginecore,0.545
1790909787.622,other_total,0.059
1790909787.622,store_0,0.010
1790909787.622,avail_mb,50696
1790909787.622,pswpin,1527404
1790909788.630,api,0.030
1790909788.630,client,0.010
1790909788.630,enginecore,0.545
1790909788.630,other_total,0.040
1790909788.630,store_0,0.000
1790909788.630,avail_mb,50692
1790909788.630,pswpin,1527404
1790909789.639,api,0.030
1790909789.639,client,0.010
1790909789.639,enginecore,1.159
1790909789.639,other_total,0.050
1790909789.639,store_0,0.040
1790909789.639,avail_mb,50691
1790909789.639,pswpin,1527404
1790909790.649,api,0.030
1790909790.649,client,0.010
1790909790.649,enginecore,0.773
1790909790.649,other_total,0.040
1790909790.649,store_0,0.020
1790909790.649,avail_mb,50693
1790909790.649,pswpin,1527404
1790909791.658,api,0.050
1790909791.658,client,0.010
1790909791.658,enginecore,0.922
1790909791.658,other_total,0.000
1790909791.658,store_0,0.020
1790909791.658,avail_mb,50695
1790909791.658,pswpin,1527404
1790909792.667,api,0.020
1790909792.667,client,0.020
1790909792.667,enginecore,0.664
1790909792.667,other_total,0.040
1790909792.667,store_0,0.020
1790909792.667,avail_mb,50693
1790909792.667,pswpin,1527404
1790909793.677,api,0.010
1790909793.677,client,0.000
1790909793.677,enginecore,0.267
1790909793.677,other_total,0.030
1790909793.677,store_0,0.000
1790909793.677,avail_mb,50693
1790909793.677,pswpin,1527404
1790909794.685,api,0.040
1790909794.685,client,0.010
1790909794.685,enginecore,0.664
1790909794.685,other_total,0.020
1790909794.685,store_0,0.010
1790909794.685,avail_mb,50691
1790909794.685,pswpin,1527404
1790909795.694,api,0.030
1790909795.694,client,0.010
1790909795.694,enginecore,0.635
1790909795.694,other_total,0.040
1790909795.694,store_0,0.000
1790909795.694,avail_mb,50688
1790909795.694,pswpin,1527404
1790909796.703,api,0.050
1790909796.703,client,0.010
1790909796.703,enginecore,1.259
1790909796.703,other_total,0.040
1790909796.703,store_0,0.030
1790909796.703,avail_mb,50688
1790909796.703,pswpin,1527406
1790909797.711,api,0.050
1790909797.711,client,0.010
1790909797.711,enginecore,1.269
1790909797.711,other_total,0.010
1790909797.711,store_0,0.030
1790909797.711,avail_mb,50687
1790909797.711,pswpin,1527406
1790909798.722,api,0.000
1790909798.722,client,0.000
1790909798.722,enginecore,0.010
1790909798.722,other_total,0.049
1790909798.722,store_0,0.000
1790909798.722,avail_mb,50686
1790909798.722,pswpin,1527408
1790909799.733,api,0.010
1790909799.733,client,0.010
1790909799.733,enginecore,0.277
1790909799.733,other_total,0.030
1790909799.733,store_0,0.000
1790909799.733,avail_mb,50684
1790909799.733,pswpin,1527408
1790909800.744,api,0.000
1790909800.744,client,0.000
1790909800.744,enginecore,0.020
1790909800.744,other_total,0.049
1790909800.744,store_0,0.000
1790909800.744,avail_mb,50683
1790909800.744,pswpin,1527408
1790909801.752,api,0.030
1790909801.752,client,0.000
1790909801.752,enginecore,0.833
1790909801.752,other_total,0.040
1790909801.752,store_0,0.020
1790909801.752,avail_mb,50686
1790909801.752,pswpin,1527408
1790909802.760,api,0.030
1790909802.760,client,0.010
1790909802.760,enginecore,0.803
1790909802.760,other_total,0.020
1790909802.760,store_0,0.020
1790909802.760,avail_mb,50686
1790909802.760,pswpin,1527408
1790909803.769,api,0.010
1790909803.769,client,0.000
1790909803.769,enginecore,0.466
1790909803.769,other_total,0.050
1790909803.769,store_0,0.010
1790909803.769,avail_mb,50685
1790909803.769,pswpin,1527408
1790909804.778,api,0.040
1790909804.778,client,0.010
1790909804.778,enginecore,0.803
1790909804.778,other_total,0.020
1790909804.778,store_0,0.010
1790909804.778,avail_mb,50683
1790909804.778,pswpin,1527408
1790909805.787,api,0.020
1790909805.787,client,0.010
1790909805.787,enginecore,0.763
1790909805.787,other_total,0.040
1790909805.787,store_0,0.010
1790909805.787,avail_mb,50678
1790909805.787,pswpin,1527414
1790909806.795,api,0.010
1790909806.795,client,0.000
1790909806.795,enginecore,0.377
1790909806.795,other_total,0.040
1790909806.795,store_0,0.010
1790909806.795,avail_mb,50680
1790909806.795,pswpin,1527414
1790909807.806,api,0.010
1790909807.806,client,0.000
1790909807.806,enginecore,0.040
1790909807.806,other_total,0.020
1790909807.806,store_0,0.000
1790909807.806,avail_mb,50679
1790909807.806,pswpin,1527414
1790909808.815,api,0.020
1790909808.815,client,0.010
1790909808.815,enginecore,0.634
1790909808.815,other_total,0.000
1790909808.815,store_0,0.030
1790909808.815,avail_mb,50681
1790909808.815,pswpin,1527414
1790909809.823,api,0.040
1790909809.823,client,0.020
1790909809.823,enginecore,1.190
1790909809.823,other_total,0.030
1790909809.823,store_0,0.030
1790909809.823,avail_mb,50681
1790909809.823,pswpin,1527414
1790909810.833,api,0.030
1790909810.833,client,0.000
1790909810.833,enginecore,0.901
1790909810.833,other_total,0.040
1790909810.833,store_0,0.020
1790909810.833,avail_mb,50679
1790909810.833,pswpin,1527414
1790909811.844,api,0.010
1790909811.844,client,0.010
1790909811.844,enginecore,0.366
1790909811.844,other_total,0.040
1790909811.844,store_0,0.000
1790909811.844,avail_mb,50677
1790909811.844,pswpin,1527414
1790909812.853,api,0.030
1790909812.853,client,0.010
1790909812.853,enginecore,0.724
1790909812.853,other_total,0.020
1790909812.853,store_0,0.010
1790909812.853,avail_mb,50677
1790909812.853,pswpin,1527414
1790909813.863,api,0.000
1790909813.863,client,0.000
1790909813.863,enginecore,0.010
1790909813.863,other_total,0.079
1790909813.863,store_0,0.000
1790909813.863,avail_mb,50675
1790909813.863,pswpin,1527414
1790909814.876,api,0.020
1790909814.876,client,0.000
1790909814.876,enginecore,0.602
1790909814.876,other_total,0.020
1790909814.876,store_0,0.020
1790909814.876,avail_mb,50674
1790909814.876,pswpin,1527414
1790909815.886,api,0.040
1790909815.886,client,0.010
1790909815.886,enginecore,1.020
1790909815.886,other_total,0.069
1790909815.886,store_0,0.020
1790909815.886,avail_mb,50670
1790909815.886,pswpin,1527414
1790909816.894,api,0.020
1790909816.894,client,0.010
1790909816.894,enginecore,0.545
1790909816.894,other_total,0.000
1790909816.894,store_0,0.010
1790909816.894,avail_mb,50671
1790909816.894,pswpin,1527414
1790909817.903,api,0.020
1790909817.903,client,0.000
1790909817.903,enginecore,0.674
1790909817.903,other_total,0.059
1790909817.903,store_0,0.030
1790909817.903,avail_mb,50678
1790909817.903,pswpin,1527415
1790909818.913,api,0.010
1790909818.913,client,0.010
1790909818.913,enginecore,0.089
1790909818.913,other_total,0.030
1790909818.913,store_0,0.000
1790909818.913,avail_mb,50676
1790909818.913,pswpin,1527415
1790909819.922,api,0.020
1790909819.922,client,0.010
1790909819.922,enginecore,0.565
1790909819.922,other_total,0.050
1790909819.922,store_0,0.020
1790909819.922,avail_mb,50673
1790909819.922,pswpin,1527415
1790909820.932,api,0.069
1790909820.932,client,0.010
1790909820.932,enginecore,1.258
1790909820.932,other_total,0.030
1790909820.932,store_0,0.020
1790909820.932,avail_mb,50673
1790909820.932,pswpin,1527424
1790909821.940,api,0.059
1790909821.940,client,0.010
1790909821.940,enginecore,1.091
1790909821.940,other_total,0.030
1790909821.940,store_0,0.010
1790909821.940,avail_mb,50671
1790909821.940,pswpin,1527424
1790909822.949,api,0.030
1790909822.949,client,0.010
1790909822.949,enginecore,0.525
1790909822.949,other_total,0.010
1790909822.949,store_0,0.000
1790909822.949,avail_mb,50672
1790909822.949,pswpin,1527424
1790909823.958,api,0.050
1790909823.958,client,0.010
1790909823.958,enginecore,1.269
1790909823.958,other_total,0.030
1790909823.958,store_0,0.030
1790909823.958,avail_mb,50670
1790909823.958,pswpin,1527424
1790909824.967,api,0.010
1790909824.967,client,0.000
1790909824.967,enginecore,0.407
1790909824.967,other_total,0.030
1790909824.967,store_0,0.020
1790909824.967,avail_mb,50668
1790909824.967,pswpin,1527424
1790909825.975,api,0.020
1790909825.975,client,0.010
1790909825.975,enginecore,0.575
1790909825.975,other_total,0.040
1790909825.975,store_0,0.020
1790909825.975,avail_mb,50666
1790909825.975,pswpin,1527424
1790909826.984,api,0.010
1790909826.984,client,0.010
1790909826.984,enginecore,0.644
1790909826.984,other_total,0.030
1790909826.984,store_0,0.010
1790909826.984,avail_mb,50666
1790909826.984,pswpin,1527424
1790909827.995,api,0.010
1790909827.995,client,0.000
1790909827.995,enginecore,0.148
1790909827.995,other_total,0.030
1790909827.995,store_0,0.000
1790909827.995,avail_mb,50664
1790909827.995,pswpin,1527424
1790909829.005,api,0.049
1790909829.005,client,0.010
1790909829.005,enginecore,1.247
1790909829.005,other_total,0.020
1790909829.005,store_0,0.030
1790909829.005,avail_mb,50664
1790909829.005,pswpin,1527425
1790909830.014,api,0.010
1790909830.014,client,0.010
1790909830.014,enginecore,0.278
1790909830.014,other_total,0.059
1790909830.014,store_0,0.000
1790909830.014,avail_mb,50662
1790909830.014,pswpin,1527425
1790909831.024,api,0.030
1790909831.024,client,0.000
1790909831.024,enginecore,0.772
1790909831.024,other_total,0.040
1790909831.024,store_0,0.010
1790909831.024,avail_mb,50663
1790909831.024,pswpin,1527425
1790909832.034,api,0.020
1790909832.034,client,0.010
1790909832.034,enginecore,0.317
1790909832.034,other_total,0.020
1790909832.034,store_0,0.000
1790909832.034,avail_mb,50663
1790909832.034,pswpin,1527425
1790909833.043,api,0.010
1790909833.043,client,0.000
1790909833.043,enginecore,0.416
1790909833.043,other_total,0.040
1790909833.043,store_0,0.010
1790909833.043,avail_mb,50661
1790909833.043,pswpin,1527425
1790909834.052,api,0.030
1790909834.052,client,0.000
1790909834.052,enginecore,0.664
1790909834.052,other_total,0.020
1790909834.052,store_0,0.020
1790909834.052,avail_mb,50662
1790909834.052,pswpin,1527426
1790909835.060,api,0.020
1790909835.060,client,0.010
1790909835.060,enginecore,0.605
1790909835.060,other_total,0.050
1790909835.060,store_0,0.020
1790909835.060,avail_mb,50658
1790909835.060,pswpin,1527426
1790909836.070,api,0.040
1790909836.070,client,0.020
1790909836.070,enginecore,1.000
1790909836.070,other_total,0.010
1790909836.070,store_0,0.020
1790909836.070,avail_mb,50656
1790909836.070,pswpin,1527426
1790909837.079,api,0.010
1790909837.079,client,0.000
1790909837.079,enginecore,0.426
1790909837.079,other_total,0.020
1790909837.079,store_0,0.010
1790909837.079,avail_mb,50656
1790909837.079,pswpin,1527426
1790909838.089,api,0.030
1790909838.089,client,0.010
1790909838.089,enginecore,0.465
1790909838.089,other_total,0.049
1790909838.089,store_0,0.010
1790909838.089,avail_mb,50654
1790909838.089,pswpin,1527426
1790909839.098,api,0.020
1790909839.098,client,0.000
1790909839.098,enginecore,0.476
1790909839.098,other_total,0.030
1790909839.098,store_0,0.010
1790909839.098,avail_mb,50655
1790909839.098,pswpin,1527426
1790909840.108,api,0.000
1790909840.108,client,0.000
1790909840.108,enginecore,0.010
1790909840.108,other_total,0.040
1790909840.108,store_0,0.000
1790909840.108,avail_mb,50654
1790909840.108,pswpin,1527426
1790909841.118,api,0.010
1790909841.118,client,0.000
1790909841.118,enginecore,0.357
1790909841.118,other_total,0.030
1790909841.118,store_0,0.010
1790909841.118,avail_mb,50656
1790909841.118,pswpin,1527426
1790909842.128,api,0.020
1790909842.128,client,0.010
1790909842.128,enginecore,0.446
1790909842.128,other_total,0.020
1790909842.128,store_0,0.020
1790909842.128,avail_mb,50653
1790909842.128,pswpin,1527426
1790909843.136,api,0.030
1790909843.136,client,0.000
1790909843.136,enginecore,0.902
1790909843.136,other_total,0.050
1790909843.136,store_0,0.020
1790909843.136,avail_mb,50653
1790909843.136,pswpin,1527426
1790909844.145,api,0.040
1790909844.145,client,0.020
1790909844.145,enginecore,1.160
1790909844.145,other_total,0.010
1790909844.145,store_0,0.020
1790909844.145,avail_mb,50651
1790909844.145,pswpin,1527426
1790909845.154,api,0.030
1790909845.154,client,0.000
1790909845.154,enginecore,0.585
1790909845.154,other_total,0.020
1790909845.154,store_0,0.010
1790909845.154,avail_mb,50651
1790909845.154,pswpin,1527426
1790909846.165,api,0.020
1790909846.165,client,0.000
1790909846.165,enginecore,0.386
1790909846.165,other_total,0.010
1790909846.165,store_0,0.010
1790909846.165,avail_mb,50651
1790909846.165,pswpin,1527427
1790909847.174,api,0.020
1790909847.174,client,0.020
1790909847.174,enginecore,0.485
1790909847.174,other_total,0.030
1790909847.174,store_0,0.000
1790909847.174,avail_mb,50651
1790909847.174,pswpin,1527440
1790909848.185,api,0.010
1790909848.185,client,0.000
1790909848.185,enginecore,0.376
1790909848.185,other_total,0.089
1790909848.185,store_0,0.000
1790909848.185,avail_mb,50649
1790909848.185,pswpin,1527440
1790909849.196,api,0.000
1790909849.196,client,0.000
1790909849.196,enginecore,0.010
1790909849.196,other_total,0.030
1790909849.196,store_0,0.000
1790909849.196,avail_mb,50648
1790909849.196,pswpin,1527440
1790909850.206,api,0.000
1790909850.206,client,0.000
1790909850.206,enginecore,0.020
1790909850.206,other_total,0.030
1790909850.206,store_0,0.000
1790909850.206,avail_mb,50648
1790909850.206,pswpin,1527440
1790909851.217,api,0.010
1790909851.217,client,0.010
1790909851.217,enginecore,0.010
1790909851.217,other_total,0.059
1790909851.217,store_0,0.000
1790909851.217,avail_mb,50646
1790909851.217,pswpin,1527440
1790909852.226,api,0.030
1790909852.226,client,0.010
1790909852.226,enginecore,0.882
1790909852.226,other_total,0.030
1790909852.226,store_0,0.030
1790909852.226,avail_mb,50646
1790909852.226,pswpin,1527440
1790909853.235,api,0.040
1790909853.235,client,0.010
1790909853.235,enginecore,1.249
1790909853.235,other_total,0.030
1790909853.235,store_0,0.030
1790909853.235,avail_mb,50647
1790909853.235,pswpin,1527440
1790909854.244,api,0.050
1790909854.244,client,0.010
1790909854.244,enginecore,0.853
1790909854.244,other_total,0.069
1790909854.244,store_0,0.030
1790909854.244,avail_mb,50653
1790909854.244,pswpin,1527440
1790909855.254,api,0.040
1790909855.254,client,0.010
1790909855.254,enginecore,0.970
1790909855.254,other_total,0.050
1790909855.254,store_0,0.010
1790909855.254,avail_mb,50651
1790909855.254,pswpin,1527440
1790909856.262,api,0.020
1790909856.262,client,0.010
1790909856.262,enginecore,0.664
1790909856.262,other_total,0.050
1790909856.262,store_0,0.010
1790909856.262,avail_mb,50650
1790909856.262,pswpin,1527440
1790909857.271,api,0.010
1790909857.271,client,0.010
1790909857.271,enginecore,0.397
1790909857.271,other_total,0.040
1790909857.271,store_0,0.010
1790909857.271,avail_mb,50649
1790909857.271,pswpin,1527440
1790909858.280,api,0.040
1790909858.280,client,0.010
1790909858.280,enginecore,0.951
1790909858.280,other_total,0.000
1790909858.280,store_0,0.020
1790909858.280,avail_mb,50649
1790909858.280,pswpin,1527440
1790909859.291,api,0.030
1790909859.291,client,0.010
1790909859.291,enginecore,0.712
1790909859.291,other_total,0.010
1790909859.291,store_0,0.020
1790909859.291,avail_mb,50651
1790909859.291,pswpin,1527440
1790909860.300,api,0.040
1790909860.300,client,0.010
1790909860.300,enginecore,1.219
1790909860.300,other_total,0.050
1790909860.300,store_0,0.020
1790909860.300,avail_mb,50650
1790909860.300,pswpin,1527440
1790909861.309,api,0.010
1790909861.309,client,0.000
1790909861.309,enginecore,0.456
1790909861.309,other_total,0.020
1790909861.309,store_0,0.010
1790909861.309,avail_mb,50649
1790909861.309,pswpin,1527440
1790909862.318,api,0.020
1790909862.318,client,0.010
1790909862.318,enginecore,0.694
1790909862.318,other_total,0.030
1790909862.318,store_0,0.020
1790909862.318,avail_mb,50649
1790909862.318,pswpin,1527440
1790909863.329,api,0.010
1790909863.329,client,0.000
1790909863.329,enginecore,0.079
1790909863.329,other_total,0.049
1790909863.329,store_0,0.000
1790909863.329,avail_mb,50646
1790909863.329,pswpin,1527440
1790909864.338,api,0.040
1790909864.338,client,0.010
1790909864.338,enginecore,1.061
1790909864.338,other_total,0.050
1790909864.338,store_0,0.020
1790909864.338,avail_mb,50648
1790909864.338,pswpin,1527440
1790909865.347,api,0.020
1790909865.347,client,0.010
1790909865.347,enginecore,0.575
1790909865.347,other_total,0.000
1790909865.347,store_0,0.010
1790909865.347,avail_mb,50644
1790909865.347,pswpin,1527440
1790909866.356,api,0.030
1790909866.356,client,0.010
1790909866.356,enginecore,0.813
1790909866.356,other_total,0.030
1790909866.356,store_0,0.020
1790909866.356,avail_mb,50644
1790909866.356,pswpin,1527440
1790909867.364,api,0.030
1790909867.364,client,0.000
1790909867.364,enginecore,0.773
1790909867.364,other_total,0.020
1790909867.364,store_0,0.020
1790909867.364,avail_mb,50648
1790909867.364,pswpin,1527440
1790909868.373,api,0.010
1790909868.373,client,0.000
1790909868.373,enginecore,0.258
1790909868.373,other_total,0.030
1790909868.373,store_0,0.000
1790909868.373,avail_mb,50649
1790909868.373,pswpin,1527440
1790909869.382,api,0.050
1790909869.382,client,0.020
1790909869.382,enginecore,1.150
1790909869.382,other_total,0.000
1790909869.382,store_0,0.020
1790909869.382,avail_mb,50649
1790909869.382,pswpin,1527440
1790909870.390,api,0.030
1790909870.390,client,0.010
1790909870.390,enginecore,0.754
1790909870.390,other_total,0.000
1790909870.390,store_0,0.020
1790909870.390,avail_mb,50648
1790909870.390,pswpin,1527440
1790909871.399,api,0.030
1790909871.399,client,0.010
1790909871.399,enginecore,1.081
1790909871.399,other_total,0.020
1790909871.399,store_0,0.020
1790909871.399,avail_mb,50650
1790909871.399,pswpin,1527441
1790909872.407,api,0.040
1790909872.407,client,0.010
1790909872.407,enginecore,0.803
1790909872.407,other_total,0.020
1790909872.407,store_0,0.010
1790909872.407,avail_mb,50648
1790909872.407,pswpin,1527441
1790909873.418,api,0.000
1790909873.418,client,0.000
1790909873.418,enginecore,0.129
1790909873.418,other_total,0.049
1790909873.418,store_0,0.000
1790909873.418,avail_mb,50647
1790909873.418,pswpin,1527441
1790909874.427,api,0.040
1790909874.427,client,0.010
1790909874.427,enginecore,0.773
1790909874.427,other_total,0.000
1790909874.427,store_0,0.020
1790909874.427,avail_mb,50646
1790909874.427,pswpin,1527441
1790909875.436,api,0.040
1790909875.436,client,0.010
1790909875.436,enginecore,0.833
1790909875.436,other_total,0.079
1790909875.436,store_0,0.020
1790909875.436,avail_mb,50643
1790909875.436,pswpin,1527441
1790909876.444,api,0.010
1790909876.444,client,0.010
1790909876.444,enginecore,0.288
1790909876.444,other_total,0.030
1790909876.444,store_0,0.010
1790909876.444,avail_mb,50643
1790909876.444,pswpin,1527441
1790909877.453,api,0.020
1790909877.453,client,0.000
1790909877.453,enginecore,0.704
1790909877.453,other_total,0.040
1790909877.453,store_0,0.020
1790909877.453,avail_mb,50643
1790909877.453,pswpin,1527441
1790909878.463,api,0.020
1790909878.463,client,0.010
1790909878.463,enginecore,0.485
1790909878.463,other_total,0.020
1790909878.463,store_0,0.000
1790909878.463,avail_mb,50640
1790909878.463,pswpin,1527441
1790909879.471,api,0.030
1790909879.471,client,0.010
1790909879.471,enginecore,0.664
1790909879.471,other_total,0.010
1790909879.471,store_0,0.020
1790909879.471,avail_mb,50640
1790909879.471,pswpin,1527441
1790909880.480,api,0.010
1790909880.480,client,0.000
1790909880.480,enginecore,0.416
1790909880.480,other_total,0.030
1790909880.480,store_0,0.010
1790909880.480,avail_mb,50640
1790909880.480,pswpin,1527449
1790909881.490,api,0.030
1790909881.490,client,0.010
1790909881.490,enginecore,0.673
1790909881.490,other_total,0.059
1790909881.490,store_0,0.020
1790909881.490,avail_mb,50640
1790909881.490,pswpin,1527449
1790909882.499,api,0.020
1790909882.499,client,0.010
1790909882.499,enginecore,0.783
1790909882.499,other_total,0.059
1790909882.499,store_0,0.010
1790909882.499,avail_mb,50639
1790909882.499,pswpin,1527449
1790909883.508,api,0.030
1790909883.508,client,0.010
1790909883.508,enginecore,0.951
1790909883.508,other_total,0.020
1790909883.508,store_0,0.010
1790909883.508,avail_mb,50638
1790909883.508,pswpin,1527449
1790909884.518,api,0.059
1790909884.518,client,0.010
1790909884.518,enginecore,1.110
1790909884.518,other_total,0.020
1790909884.518,store_0,0.010
1790909884.518,avail_mb,50634
1790909884.518,pswpin,1527449
1790909885.527,api,0.030
1790909885.527,client,0.010
1790909885.527,enginecore,0.406
1790909885.527,other_total,0.010
1790909885.527,store_0,0.000
1790909885.527,avail_mb,50634
1790909885.527,pswpin,1527449
1790909886.536,api,0.030
1790909886.536,client,0.010
1790909886.536,enginecore,0.803
1790909886.536,other_total,0.040
1790909886.536,store_0,0.030
1790909886.536,avail_mb,50636
1790909886.536,pswpin,1527449
1790909887.545,api,0.020
1790909887.545,client,0.000
1790909887.545,enginecore,0.396
1790909887.545,other_total,0.020
1790909887.545,store_0,0.010
1790909887.545,avail_mb,50634
1790909887.545,pswpin,1527449
1790909888.556,api,0.010
1790909888.556,client,0.000
1790909888.556,enginecore,0.386
1790909888.556,other_total,0.020
1790909888.556,store_0,0.010
1790909888.556,avail_mb,50632
1790909888.556,pswpin,1527449
1790909889.565,api,0.010
1790909889.565,client,0.010
1790909889.565,enginecore,0.426
1790909889.565,other_total,0.030
1790909889.565,store_0,0.010
1790909889.565,avail_mb,50636
1790909889.565,pswpin,1527449
1790909890.574,api,0.010
1790909890.574,client,0.000
1790909890.574,enginecore,0.327
1790909890.574,other_total,0.059
1790909890.574,store_0,0.010
1790909890.574,avail_mb,50633
1790909890.574,pswpin,1527449
1790909891.583,api,0.050
1790909891.583,client,0.020
1790909891.583,enginecore,1.160
1790909891.583,other_total,0.030
1790909891.583,store_0,0.010
1790909891.583,avail_mb,50632
1790909891.583,pswpin,1527449
1790909892.592,api,0.040
1790909892.592,client,0.010
1790909892.592,enginecore,1.269
1790909892.592,other_total,0.020
1790909892.592,store_0,0.030
1790909892.592,avail_mb,50633
1790909892.592,pswpin,1527449
1790909893.600,api,0.020
1790909893.600,client,0.000
1790909893.600,enginecore,0.377
1790909893.600,other_total,0.059
1790909893.600,store_0,0.010
1790909893.600,avail_mb,50633
1790909893.600,pswpin,1527449
1790909894.609,api,0.010
1790909894.609,client,0.000
1790909894.609,enginecore,0.407
1790909894.609,other_total,0.069
1790909894.609,store_0,0.010
1790909894.609,avail_mb,50633
1790909894.609,pswpin,1527449
1790909895.618,api,0.040
1790909895.618,client,0.010
1790909895.618,enginecore,0.852
1790909895.618,other_total,0.030
1790909895.618,store_0,0.010
1790909895.618,avail_mb,50630
1790909895.618,pswpin,1527449
1790909896.629,api,0.010
1790909896.629,client,0.000
1790909896.629,enginecore,0.257
1790909896.629,other_total,0.030
1790909896.629,store_0,0.000
1790909896.629,avail_mb,50629
1790909896.629,pswpin,1527449
1790909897.638,api,0.020
1790909897.638,client,0.010
1790909897.638,enginecore,0.724
1790909897.638,other_total,0.000
1790909897.638,store_0,0.020
1790909897.638,avail_mb,50629
1790909897.638,pswpin,1527449
1790909898.646,api,0.030
1790909898.646,client,0.000
1790909898.646,enginecore,0.724
1790909898.646,other_total,0.010
1790909898.646,store_0,0.010
1790909898.646,avail_mb,50626
1790909898.646,pswpin,1527449
1790909899.655,api,0.010
1790909899.655,client,0.010
1790909899.655,enginecore,0.436
1790909899.655,other_total,0.030
1790909899.655,store_0,0.010
1790909899.655,avail_mb,50627
1790909899.655,pswpin,1527449
1790909900.663,api,0.020
1790909900.663,client,0.000
1790909900.663,enginecore,0.664
1790909900.663,other_total,0.059
1790909900.663,store_0,0.020
1790909900.663,avail_mb,50627
1790909900.663,pswpin,1527449
1790909901.673,api,0.020
1790909901.673,client,0.000
1790909901.673,enginecore,0.475
1790909901.673,other_total,0.020
1790909901.673,store_0,0.010
1790909901.673,avail_mb,50626
1790909901.673,pswpin,1527449
1790909902.681,api,0.030
1790909902.681,client,0.020
1790909902.681,enginecore,0.754
1790909902.681,other_total,0.010
1790909902.681,store_0,0.020
1790909902.681,avail_mb,50623
1790909902.681,pswpin,1527449
1790909903.693,api,0.020
1790909903.693,client,0.000
1790909903.693,enginecore,0.554
1790909903.693,other_total,0.059
1790909903.693,store_0,0.020
1790909903.693,avail_mb,50625
1790909903.693,pswpin,1527449
1790909904.702,api,0.030
1790909904.702,client,0.010
1790909904.702,enginecore,0.932
1790909904.702,other_total,0.030
1790909904.702,store_0,0.020
1790909904.702,avail_mb,50634
1790909904.702,pswpin,1527449
1790909905.712,api,0.000
1790909905.712,client,0.000
1790909905.712,enginecore,0.020
1790909905.712,other_total,0.040
1790909905.712,store_0,0.000
1790909905.712,avail_mb,50630
1790909905.712,pswpin,1527449
1790909906.727,api,0.000
1790909906.727,client,0.000
1790909906.727,enginecore,0.168
1790909906.727,other_total,0.069
1790909906.727,store_0,0.000
1790909906.727,avail_mb,50630
1790909906.727,pswpin,1527449
1790909907.736,api,0.050
1790909907.736,client,0.010
1790909907.736,enginecore,0.911
1790909907.736,other_total,0.000
1790909907.736,store_0,0.010
1790909907.736,avail_mb,50630
1790909907.736,pswpin,1527467
1790909908.745,api,0.020
1790909908.745,client,0.010
1790909908.745,enginecore,0.714
1790909908.745,other_total,0.040
1790909908.745,store_0,0.020
1790909908.745,avail_mb,50632
1790909908.745,pswpin,1527467
1790909909.754,api,0.010
1790909909.754,client,0.000
1790909909.754,enginecore,0.357
1790909909.754,other_total,0.020
1790909909.754,store_0,0.010
1790909909.754,avail_mb,50633
1790909909.754,pswpin,1527467
1790909910.763,api,0.020
1790909910.763,client,0.000
1790909910.763,enginecore,0.496
1790909910.763,other_total,0.030
1790909910.763,store_0,0.000
1790909910.763,avail_mb,50633
1790909910.763,pswpin,1527467
1790909911.772,api,0.059
1790909911.772,client,0.010
1790909911.772,enginecore,0.773
1790909911.772,other_total,0.050
1790909911.772,store_0,0.000
1790909911.772,avail_mb,50630
1790909911.772,pswpin,1527467
1790909912.780,api,0.010
1790909912.780,client,0.010
1790909912.780,enginecore,0.288
1790909912.780,other_total,0.010
1790909912.780,store_0,0.000
1790909912.780,avail_mb,50630
1790909912.780,pswpin,1527467
1790909913.791,api,0.010
1790909913.791,client,0.000
1790909913.791,enginecore,0.247
1790909913.791,other_total,0.030
1790909913.791,store_0,0.010
1790909913.791,avail_mb,50629
1790909913.791,pswpin,1527467
1790909914.799,api,0.050
1790909914.799,client,0.020
1790909914.799,enginecore,0.962
1790909914.799,other_total,0.050
1790909914.799,store_0,0.020
1790909914.799,avail_mb,50630
1790909914.799,pswpin,1527467
1790909915.810,api,0.010
1790909915.810,client,0.000
1790909915.810,enginecore,0.089
1790909915.810,other_total,0.059
1790909915.810,store_0,0.000
1790909915.810,avail_mb,50628
1790909915.810,pswpin,1527467
1790909916.819,api,0.030
1790909916.819,client,0.010
1790909916.819,enginecore,0.912
1790909916.819,other_total,0.000
1790909916.819,store_0,0.020
1790909916.819,avail_mb,50627
1790909916.819,pswpin,1527467
1790909917.830,api,0.010
1790909917.830,enginecore,0.247
1790909917.830,other_total,0.059
1790909917.830,store_0,0.000
1790909917.830,avail_mb,50678
1790909917.830,pswpin,1527472
1790909918.840,api,0.000
1790909918.840,enginecore,0.020
1790909918.840,other_total,0.049
1790909918.840,store_0,0.000
1790909918.840,avail_mb,50677
1790909918.840,pswpin,1527472
1790909919.849,api,0.010
1790909919.849,enginecore,0.010
1790909919.849,other_total,0.030
1790909919.849,store_0,0.000
1790909919.849,avail_mb,50677
1790909919.849,pswpin,1527472
1790909920.860,api,0.000
1790909920.860,enginecore,0.020
1790909920.860,other_total,0.069
1790909920.860,store_0,0.000
1790909920.860,avail_mb,50676
1790909920.860,pswpin,1527472
1790909921.871,api,0.000
1790909921.871,enginecore,0.010
1790909921.871,other_total,0.040
1790909921.871,store_0,0.000
1790909921.871,avail_mb,50676
1790909921.871,pswpin,1527472
1790909922.881,api,0.000
1790909922.881,enginecore,0.010
1790909922.881,other_total,0.059
1790909922.881,store_0,0.000
1790909922.881,avail_mb,50676
1790909922.881,pswpin,1527472
1790909923.891,api,0.010
1790909923.891,enginecore,0.010
1790909923.891,other_total,0.069
1790909923.891,store_0,0.000
1790909923.891,avail_mb,50666
1790909923.891,pswpin,1527476
1790909924.902,api,0.000
1790909924.902,enginecore,0.010
1790909924.902,other_total,0.356
1790909924.902,store_0,0.000
1790909924.902,avail_mb,50612
1790909924.902,pswpin,1527476
1790909925.913,api,0.000
1790909925.913,client,0.000
1790909925.913,enginecore,0.030
1790909925.913,other_total,0.020
1790909925.913,store_0,0.000
1790909925.913,avail_mb,50611
1790909925.913,pswpin,1527476
1790909926.923,api,0.000
1790909926.923,client,0.000
1790909926.923,enginecore,0.010
1790909926.923,other_total,0.089
1790909926.923,store_0,0.000
1790909926.923,avail_mb,50610
1790909926.923,pswpin,1527476
1790909927.934,api,0.000
1790909927.934,client,0.000
1790909927.934,enginecore,0.010
1790909927.934,other_total,0.059
1790909927.934,store_0,0.000
1790909927.934,avail_mb,50610
1790909927.934,pswpin,1527476
1790909928.945,api,0.000
1790909928.945,client,0.000
1790909928.945,enginecore,0.020
1790909928.945,other_total,0.010
1790909928.945,store_0,0.000
1790909928.945,avail_mb,50610
1790909928.945,pswpin,1527476
1790909929.955,api,0.010
1790909929.955,client,0.000
1790909929.955,enginecore,0.030
1790909929.955,other_total,0.040
1790909929.955,store_0,0.000
1790909929.955,avail_mb,50610
1790909929.955,pswpin,1527476
1790909930.966,api,0.000
1790909930.966,client,0.000
1790909930.966,enginecore,0.020
1790909930.966,other_total,0.030
1790909930.966,store_0,0.000
1790909930.966,avail_mb,50610
1790909930.966,pswpin,1527476
1790909931.977,api,0.000
1790909931.977,client,0.000
1790909931.977,enginecore,0.188
1790909931.977,other_total,0.040
1790909931.977,store_0,0.010
1790909931.977,avail_mb,50617
1790909931.977,pswpin,1527476
1790909932.988,api,0.000
1790909932.988,client,0.000
1790909932.988,enginecore,0.010
1790909932.988,other_total,0.040
1790909932.988,store_0,0.000
1790909932.988,avail_mb,50616
1790909932.988,pswpin,1527476
1790909933.998,api,0.020
1790909933.998,client,0.000
1790909933.998,enginecore,0.020
1790909933.998,other_total,0.000
1790909933.998,store_0,0.000
1790909933.998,avail_mb,50616
1790909933.998,pswpin,1527476
1790909935.009,api,0.010
1790909935.009,client,0.000
1790909935.009,enginecore,0.346
1790909935.009,other_total,0.079
1790909935.009,store_0,0.020
1790909935.009,avail_mb,50622
1790909935.009,pswpin,1527476
1790909936.020,api,0.000
1790909936.020,client,0.000
1790909936.020,enginecore,0.020
1790909936.020,other_total,0.020
1790909936.020,store_0,0.000
1790909936.020,avail_mb,50619
1790909936.020,pswpin,1527476
1790909937.030,api,0.000
1790909937.030,client,0.000
1790909937.030,enginecore,0.000
1790909937.030,other_total,0.089
1790909937.030,store_0,0.000
1790909937.030,avail_mb,50619
1790909937.030,pswpin,1527476
1790909938.041,api,0.000
1790909938.041,client,0.000
1790909938.041,enginecore,0.198
1790909938.041,other_total,0.059
1790909938.041,store_0,0.000
1790909938.041,avail_mb,50619
1790909938.041,pswpin,1527476
1790909939.051,api,0.010
1790909939.051,client,0.010
1790909939.051,enginecore,0.178
1790909939.051,other_total,0.020
1790909939.051,store_0,0.020
1790909939.051,avail_mb,50619
1790909939.051,pswpin,1527476
1790909940.062,api,0.000
1790909940.062,client,0.010
1790909940.062,enginecore,0.188
1790909940.062,other_total,0.040
1790909940.062,store_0,0.010
1790909940.062,avail_mb,50618
1790909940.062,pswpin,1527479
1790909941.072,api,0.000
1790909941.072,client,0.000
1790909941.072,enginecore,0.010
1790909941.072,other_total,0.069
1790909941.072,store_0,0.000
1790909941.072,avail_mb,50618
1790909941.072,pswpin,1527479
1790909942.083,api,0.000
1790909942.083,client,0.000
1790909942.083,enginecore,0.020
1790909942.083,other_total,0.040
1790909942.083,store_0,0.000
1790909942.083,avail_mb,50617
1790909942.083,pswpin,1527479
1790909943.093,api,0.010
1790909943.093,client,0.000
1790909943.093,enginecore,0.010
1790909943.093,other_total,0.040
1790909943.093,store_0,0.000
1790909943.093,avail_mb,50616
1790909943.093,pswpin,1527479
1790909944.104,api,0.000
1790909944.104,client,0.000
1790909944.104,enginecore,0.020
1790909944.104,other_total,0.010
1790909944.104,store_0,0.000
1790909944.104,avail_mb,50616
1790909944.104,pswpin,1527479
1790909945.114,api,0.000
1790909945.114,client,0.000
1790909945.114,enginecore,0.178
1790909945.114,other_total,0.059
1790909945.114,store_0,0.010
1790909945.114,avail_mb,50614
1790909945.114,pswpin,1527479
1790909946.125,api,0.010
1790909946.125,client,0.000
1790909946.125,enginecore,0.020
1790909946.125,other_total,0.079
1790909946.125,store_0,0.000
1790909946.125,avail_mb,50615
1790909946.125,pswpin,1527511
1790909947.136,api,0.000
1790909947.136,client,0.000
1790909947.136,enginecore,0.178
1790909947.136,other_total,0.049
1790909947.136,store_0,0.010
1790909947.136,avail_mb,50615
1790909947.136,pswpin,1527522
1790909948.149,api,0.000
1790909948.149,client,0.000
1790909948.149,enginecore,0.178
1790909948.149,other_total,0.089
1790909948.149,store_0,0.010
1790909948.149,avail_mb,50616
1790909948.149,pswpin,1527881
1790909949.160,api,0.010
1790909949.160,client,0.000
1790909949.160,enginecore,0.030
1790909949.160,other_total,0.049
1790909949.160,store_0,0.000
1790909949.160,avail_mb,50616
1790909949.160,pswpin,1527884
1790909950.171,api,0.000
1790909950.171,client,0.000
1790909950.171,enginecore,0.010
1790909950.171,other_total,0.059
1790909950.171,store_0,0.000
1790909950.171,avail_mb,50615
1790909950.171,pswpin,1527884
1790909951.182,api,0.000
1790909951.182,client,0.000
1790909951.182,enginecore,0.010
1790909951.182,other_total,0.069
1790909951.182,store_0,0.000
1790909951.182,avail_mb,50615
1790909951.182,pswpin,1527884
1790909952.193,api,0.000
1790909952.193,client,0.000
1790909952.193,enginecore,0.020
1790909952.193,other_total,0.049
1790909952.193,store_0,0.000
1790909952.193,avail_mb,50615
1790909952.193,pswpin,1527884
1790909953.203,api,0.000
1790909953.203,client,0.000
1790909953.203,enginecore,0.020
1790909953.203,other_total,0.030
1790909953.203,store_0,0.000
1790909953.203,avail_mb,50615
1790909953.203,pswpin,1527884
1790909954.214,api,0.010
1790909954.214,client,0.000
1790909954.214,enginecore,0.178
1790909954.214,other_total,0.099
1790909954.214,store_0,0.010
1790909954.214,avail_mb,50614
1790909954.214,pswpin,1527884
1790909955.225,api,0.000
1790909955.225,client,0.000
1790909955.225,enginecore,0.020
1790909955.225,other_total,0.059
1790909955.225,store_0,0.000
1790909955.225,avail_mb,50614
1790909955.225,pswpin,1527884
1790909956.236,api,0.010
1790909956.236,client,0.000
1790909956.236,enginecore,0.178
1790909956.236,other_total,0.030
1790909956.236,store_0,0.010
1790909956.236,avail_mb,50614
1790909956.236,pswpin,1527884
1790909957.246,api,0.000
1790909957.246,client,0.000
1790909957.246,enginecore,0.198
1790909957.246,other_total,0.020
1790909957.246,store_0,0.010
1790909957.246,avail_mb,50615
1790909957.246,pswpin,1527884
1790909958.257,api,0.000
1790909958.257,client,0.000
1790909958.257,enginecore,0.010
1790909958.257,other_total,0.040
1790909958.257,store_0,0.000
1790909958.257,avail_mb,50615
1790909958.257,pswpin,1527884
1790909959.267,api,0.000
1790909959.267,client,0.000
1790909959.267,enginecore,0.020
1790909959.267,other_total,0.030
1790909959.267,store_0,0.000
1790909959.267,avail_mb,50615
1790909959.267,pswpin,1527884
1790909960.278,api,0.000
1790909960.278,client,0.000
1790909960.278,enginecore,0.010
1790909960.278,other_total,0.040
1790909960.278,store_0,0.000
1790909960.278,avail_mb,50614
1790909960.278,pswpin,1527885
1790909961.288,api,0.000
1790909961.288,client,0.000
1790909961.288,enginecore,0.010
1790909961.288,other_total,0.049
1790909961.288,store_0,0.000
1790909961.288,avail_mb,50616
1790909961.288,pswpin,1527885
1790909962.299,api,0.010
1790909962.299,client,0.000
1790909962.299,enginecore,0.188
1790909962.299,other_total,0.040
1790909962.299,store_0,0.010
1790909962.299,avail_mb,50615
1790909962.299,pswpin,1527885
1790909963.310,api,0.000
1790909963.310,client,0.000
1790909963.310,enginecore,0.188
1790909963.310,other_total,0.049
1790909963.310,store_0,0.010
1790909963.310,avail_mb,50614
1790909963.310,pswpin,1527885
1790909964.320,api,0.010
1790909964.320,client,0.010
1790909964.320,enginecore,0.346
1790909964.320,other_total,0.030
1790909964.320,store_0,0.020
1790909964.320,avail_mb,50616
1790909964.320,pswpin,1527885
1790909965.331,api,0.010
1790909965.331,client,0.000
1790909965.331,enginecore,0.020
1790909965.331,other_total,0.049
1790909965.331,store_0,0.000
1790909965.331,avail_mb,50611
1790909965.331,pswpin,1527885
1790909966.341,api,0.000
1790909966.341,client,0.000
1790909966.341,enginecore,0.010
1790909966.341,other_total,0.020
1790909966.341,store_0,0.000
1790909966.341,avail_mb,50611
1790909966.341,pswpin,1527885
1790909967.351,api,0.000
1790909967.351,client,0.000
1790909967.351,enginecore,0.020
1790909967.351,other_total,0.069
1790909967.351,store_0,0.000
1790909967.351,avail_mb,50611
1790909967.351,pswpin,1527886
1790909968.362,api,0.000
1790909968.362,client,0.000
1790909968.362,enginecore,0.178
1790909968.362,other_total,0.069
1790909968.362,store_0,0.010
1790909968.362,avail_mb,50607
1790909968.362,pswpin,1527888
1790909969.372,api,0.010
1790909969.372,client,0.000
1790909969.372,enginecore,0.198
1790909969.372,other_total,0.049
1790909969.372,store_0,0.010
1790909969.372,avail_mb,50606
1790909969.372,pswpin,1527888
1790909970.383,api,0.000
1790909970.383,client,0.000
1790909970.383,enginecore,0.010
1790909970.383,other_total,0.040
1790909970.383,store_0,0.000
1790909970.383,avail_mb,50606
1790909970.383,pswpin,1527888
1790909971.393,api,0.010
1790909971.393,client,0.000
1790909971.393,enginecore,0.178
1790909971.393,other_total,0.030
1790909971.393,store_0,0.010
1790909971.393,avail_mb,50606
1790909971.393,pswpin,1527888
1790909972.403,api,0.000
1790909972.403,client,0.000
1790909972.403,enginecore,0.030
1790909972.403,other_total,0.030
1790909972.403,store_0,0.000
1790909972.403,avail_mb,50606
1790909972.403,pswpin,1527889
1790909973.414,api,0.020
1790909973.414,client,0.010
1790909973.414,enginecore,0.673
1790909973.414,other_total,0.040
1790909973.414,store_0,0.030
1790909973.414,avail_mb,50568
1790909973.414,pswpin,1527889
1790909974.424,api,0.010
1790909974.424,client,0.000
1790909974.424,enginecore,0.366
1790909974.424,other_total,0.040
1790909974.424,store_0,0.020
1790909974.424,avail_mb,50569
1790909974.424,pswpin,1527889
1790909975.434,api,0.000
1790909975.434,client,0.000
1790909975.434,enginecore,0.168
1790909975.434,other_total,0.059
1790909975.434,store_0,0.010
1790909975.434,avail_mb,50571
1790909975.434,pswpin,1527889
1790909976.445,api,0.000
1790909976.445,client,0.000
1790909976.445,enginecore,0.020
1790909976.445,other_total,0.010
1790909976.445,store_0,0.000
1790909976.445,avail_mb,50570
1790909976.445,pswpin,1527889
1790909977.455,api,0.010
1790909977.455,client,0.000
1790909977.455,enginecore,0.178
1790909977.455,other_total,0.040
1790909977.455,store_0,0.010
1790909977.455,avail_mb,50569
1790909977.455,pswpin,1527889
1790909978.466,api,0.000
1790909978.466,client,0.000
1790909978.466,enginecore,0.010
1790909978.466,other_total,0.040
1790909978.466,store_0,0.000
1790909978.466,avail_mb,50570
1790909978.466,pswpin,1527889
1790909979.476,api,0.010
1790909979.476,client,0.000
1790909979.476,enginecore,0.356
1790909979.476,other_total,0.040
1790909979.476,store_0,0.020
1790909979.476,avail_mb,50574
1790909979.476,pswpin,1527889
1790909980.487,api,0.000
1790909980.487,client,0.000
1790909980.487,enginecore,0.010
1790909980.487,other_total,0.109
1790909980.487,store_0,0.000
1790909980.487,avail_mb,50573
1790909980.487,pswpin,1527889
1790909981.497,api,0.010
1790909981.497,client,0.000
1790909981.497,enginecore,0.198
1790909981.497,other_total,0.030
1790909981.497,store_0,0.020
1790909981.497,avail_mb,50573
1790909981.497,pswpin,1527889
1790909982.508,api,0.000
1790909982.508,client,0.010
1790909982.508,enginecore,0.178
1790909982.508,other_total,0.059
1790909982.508,store_0,0.010
1790909982.508,avail_mb,50573
1790909982.508,pswpin,1527889
1790909983.518,api,0.010
1790909983.518,client,0.000
1790909983.518,enginecore,0.346
1790909983.518,other_total,0.030
1790909983.518,store_0,0.020
1790909983.518,avail_mb,50569
1790909983.518,pswpin,1527889
1790909984.529,api,0.010
1790909984.529,client,0.000
1790909984.529,enginecore,0.188
1790909984.529,other_total,0.040
1790909984.529,store_0,0.010
1790909984.529,avail_mb,50569
1790909984.529,pswpin,1527889
1790909985.539,api,0.000
1790909985.539,client,0.000
1790909985.539,enginecore,0.188
1790909985.539,other_total,0.069
1790909985.539,store_0,0.000
1790909985.539,avail_mb,50567
1790909985.539,pswpin,1527889
1790909986.550,api,0.000
1790909986.550,client,0.000
1790909986.550,enginecore,0.010
1790909986.550,other_total,0.079
1790909986.550,store_0,0.000
1790909986.550,avail_mb,50567
1790909986.550,pswpin,1527889
1790909987.561,api,0.000
1790909987.561,client,0.000
1790909987.561,enginecore,0.020
1790909987.561,other_total,0.020
1790909987.561,store_0,0.000
1790909987.561,avail_mb,50567
1790909987.561,pswpin,1527889
1790909988.571,api,0.000
1790909988.571,client,0.000
1790909988.571,enginecore,0.010
1790909988.571,other_total,0.030
1790909988.571,store_0,0.000
1790909988.571,avail_mb,50567
1790909988.571,pswpin,1527889
1790909989.582,api,0.000
1790909989.582,client,0.000
1790909989.582,enginecore,0.010
1790909989.582,other_total,0.069
1790909989.582,store_0,0.000
1790909989.582,avail_mb,50566
1790909989.582,pswpin,1527889
1790909990.592,api,0.010
1790909990.592,client,0.000
1790909990.592,enginecore,0.020
1790909990.592,other_total,0.020
1790909990.592,store_0,0.000
1790909990.592,avail_mb,50565
1790909990.592,pswpin,1527889
1790909991.603,api,0.000
1790909991.603,client,0.000
1790909991.603,enginecore,0.020
1790909991.603,other_total,0.030
1790909991.603,store_0,0.000
1790909991.603,avail_mb,50566
1790909991.603,pswpin,1527889
1790909992.614,api,0.000
1790909992.614,client,0.000
1790909992.614,enginecore,0.020
1790909992.614,other_total,0.079
1790909992.614,store_0,0.000
1790909992.614,avail_mb,50566
1790909992.614,pswpin,1527889
1790909993.624,api,0.000
1790909993.624,client,0.000
1790909993.624,enginecore,0.010
1790909993.624,other_total,0.099
1790909993.624,store_0,0.000
1790909993.624,avail_mb,50570
1790909993.624,pswpin,1527907
1790909994.634,api,0.010
1790909994.634,client,0.000
1790909994.634,enginecore,0.346
1790909994.634,other_total,0.040
1790909994.634,store_0,0.020
1790909994.634,avail_mb,50570
1790909994.634,pswpin,1527907
1790909995.645,api,0.010
1790909995.645,client,0.000
1790909995.645,enginecore,0.198
1790909995.645,other_total,0.040
1790909995.645,store_0,0.010
1790909995.645,avail_mb,50572
1790909995.645,pswpin,1527907
1790909996.656,api,0.010
1790909996.656,client,0.000
1790909996.656,enginecore,0.020
1790909996.656,other_total,0.020
1790909996.656,store_0,0.000
1790909996.656,avail_mb,50571
1790909996.656,pswpin,1527907
1790909997.667,api,0.000
1790909997.667,client,0.000
1790909997.667,enginecore,0.356
1790909997.667,other_total,0.040
1790909997.667,store_0,0.020
1790909997.667,avail_mb,50576
1790909997.667,pswpin,1527907
1790909998.678,api,0.010
1790909998.678,client,0.010
1790909998.678,enginecore,0.524
1790909998.678,other_total,0.040
1790909998.678,store_0,0.030
1790909998.678,avail_mb,50576
1790909998.678,pswpin,1527907
1790909999.688,api,0.000
1790909999.688,client,0.000
1790909999.688,enginecore,0.010
1790909999.688,other_total,0.030
1790909999.688,store_0,0.000
1790909999.688,avail_mb,50575
1790909999.688,pswpin,1527907
1790910000.699,api,0.010
1790910000.699,client,0.000
1790910000.699,enginecore,0.020
1790910000.699,other_total,0.030
1790910000.699,store_0,0.000
1790910000.699,avail_mb,50574
1790910000.699,pswpin,1527915
1790910001.709,api,0.000
1790910001.709,client,0.000
1790910001.709,enginecore,0.010
1790910001.709,other_total,0.040
1790910001.709,store_0,0.000
1790910001.709,avail_mb,50572
1790910001.709,pswpin,1527915
1790910002.720,api,0.000
1790910002.720,client,0.000
1790910002.720,enginecore,0.010
1790910002.720,other_total,0.040
1790910002.720,store_0,0.000
1790910002.720,avail_mb,50572
1790910002.720,pswpin,1527915
1790910003.730,api,0.000
1790910003.730,client,0.000
1790910003.730,enginecore,0.020
1790910003.730,other_total,0.000
1790910003.730,store_0,0.000
1790910003.730,avail_mb,50572
1790910003.730,pswpin,1527915
1790910004.741,api,0.000
1790910004.741,client,0.000
1790910004.741,enginecore,0.010
1790910004.741,other_total,0.069
1790910004.741,store_0,0.000
1790910004.741,avail_mb,50572
1790910004.741,pswpin,1527915
1790910005.754,api,0.010
1790910005.754,client,0.000
1790910005.754,enginecore,0.276
1790910005.754,other_total,0.079
1790910005.754,store_0,0.020
1790910005.754,avail_mb,50573
1790910005.754,pswpin,1527915
1790910006.766,api,0.000
1790910006.766,client,0.000
1790910006.766,enginecore,0.089
1790910006.766,other_total,0.040
1790910006.766,store_0,0.000
1790910006.766,avail_mb,50572
1790910006.766,pswpin,1527915
1790910007.776,api,0.010
1790910007.776,client,0.000
1790910007.776,enginecore,0.020
1790910007.776,other_total,0.020
1790910007.776,store_0,0.000
1790910007.776,avail_mb,50572
1790910007.776,pswpin,1527915
1790910008.787,api,0.000
1790910008.787,client,0.000
1790910008.787,enginecore,0.010
1790910008.787,other_total,0.040
1790910008.787,store_0,0.000
1790910008.787,avail_mb,50571
1790910008.787,pswpin,1527915
1790910009.799,api,0.000
1790910009.799,client,0.000
1790910009.799,enginecore,0.178
1790910009.799,other_total,0.020
1790910009.799,store_0,0.020
1790910009.799,avail_mb,50573
1790910009.799,pswpin,1527915
1790910010.809,api,0.000
1790910010.809,client,0.000
1790910010.809,enginecore,0.010
1790910010.809,other_total,0.079
1790910010.809,store_0,0.000
1790910010.809,avail_mb,50571
1790910010.809,pswpin,1527915
1790910011.820,api,0.010
1790910011.820,enginecore,0.188
1790910011.820,other_total,0.069
1790910011.820,store_0,0.000
1790910011.820,avail_mb,50624
1790910011.820,pswpin,1527919
1790910012.830,api,0.000
1790910012.830,enginecore,0.020
1790910012.830,other_total,0.020
1790910012.830,store_0,0.000
1790910012.830,avail_mb,50623
1790910012.830,pswpin,1527919
1790910013.841,api,0.000
1790910013.841,enginecore,0.010
1790910013.841,other_total,0.069
1790910013.841,store_0,0.000
1790910013.841,avail_mb,50621
1790910013.841,pswpin,1527919
1790910014.851,api,0.010
1790910014.851,enginecore,0.010
1790910014.851,other_total,0.376
1790910014.851,store_0,0.000
1790910014.851,avail_mb,50558
1790910014.851,pswpin,1527919
1790910015.862,api,0.000
1790910015.862,client,0.000
1790910015.862,enginecore,0.020
1790910015.862,other_total,0.040
1790910015.862,store_0,0.000
1790910015.862,avail_mb,50557
1790910015.862,pswpin,1527919
1790910016.872,api,0.000
1790910016.872,client,0.000
1790910016.872,enginecore,0.010
1790910016.872,other_total,0.049
1790910016.872,store_0,0.000
1790910016.872,avail_mb,50558
1790910016.872,pswpin,1527919
1790910017.881,api,0.030
1790910017.881,client,0.010
1790910017.881,enginecore,0.803
1790910017.881,other_total,0.030
1790910017.881,store_0,0.030
1790910017.881,avail_mb,50560
1790910017.881,pswpin,1527919
1790910018.889,api,0.020
1790910018.889,client,0.010
1790910018.889,enginecore,0.773
1790910018.889,other_total,0.059
1790910018.889,store_0,0.020
1790910018.889,avail_mb,50560
1790910018.889,pswpin,1527919
1790910019.898,api,0.040
1790910019.898,client,0.020
1790910019.898,enginecore,0.972
1790910019.898,other_total,0.010
1790910019.898,store_0,0.010
1790910019.898,avail_mb,50562
1790910019.898,pswpin,1527919
1790910020.906,api,0.010
1790910020.906,client,0.000
1790910020.906,enginecore,0.367
1790910020.906,other_total,0.020
1790910020.906,store_0,0.010
1790910020.906,avail_mb,50562
1790910020.906,pswpin,1527919
1790910021.918,api,0.030
1790910021.918,client,0.010
1790910021.918,enginecore,0.781
1790910021.918,other_total,0.000
1790910021.918,store_0,0.030
1790910021.918,avail_mb,50564
1790910021.918,pswpin,1527919
1790910022.926,api,0.059
1790910022.926,client,0.010
1790910022.926,enginecore,1.438
1790910022.926,other_total,0.030
1790910022.926,store_0,0.010
1790910022.926,avail_mb,50565
1790910022.926,pswpin,1527919
1790910023.935,api,0.020
1790910023.935,client,0.000
1790910023.935,enginecore,0.397
1790910023.935,other_total,0.030
1790910023.935,store_0,0.000
1790910023.935,avail_mb,50565
1790910023.935,pswpin,1527919
1790910024.944,api,0.020
1790910024.944,client,0.010
1790910024.944,enginecore,0.337
1790910024.944,other_total,0.030
1790910024.944,store_0,0.000
1790910024.944,avail_mb,50565
1790910024.944,pswpin,1527919
1790910025.954,api,0.020
1790910025.954,client,0.000
1790910025.954,enginecore,0.198
1790910025.954,other_total,0.069
1790910025.954,store_0,0.000
1790910025.954,avail_mb,50560
1790910025.954,pswpin,1527919
1790910026.963,api,0.040
1790910026.963,client,0.010
1790910026.963,enginecore,0.952
1790910026.963,other_total,0.010
1790910026.963,store_0,0.020
1790910026.963,avail_mb,50560
1790910026.963,pswpin,1527919
1790910027.974,api,0.020
1790910027.974,client,0.000
1790910027.974,enginecore,0.257
1790910027.974,other_total,0.049
1790910027.974,store_0,0.000
1790910027.974,avail_mb,50559
1790910027.974,pswpin,1527928
1790910028.982,api,0.020
1790910028.982,client,0.000
1790910028.982,enginecore,0.654
1790910028.982,other_total,0.030
1790910028.982,store_0,0.010
1790910028.982,avail_mb,50559
1790910028.982,pswpin,1527928
1790910029.991,api,0.040
1790910029.991,client,0.020
1790910029.991,enginecore,1.318
1790910029.991,other_total,0.020
1790910029.991,store_0,0.030
1790910029.991,avail_mb,50561
1790910029.991,pswpin,1527928
1790910030.999,api,0.020
1790910030.999,client,0.000
1790910030.999,enginecore,0.486
1790910030.999,other_total,0.030
1790910030.999,store_0,0.010
1790910030.999,avail_mb,50561
1790910030.999,pswpin,1527928
1790910032.008,api,0.030
1790910032.008,client,0.010
1790910032.008,enginecore,0.704
1790910032.008,other_total,0.050
1790910032.008,store_0,0.010
1790910032.008,avail_mb,50563
1790910032.008,pswpin,1527928
1790910033.019,api,0.030
1790910033.019,client,0.010
1790910033.019,enginecore,0.524
1790910033.019,other_total,0.000
1790910033.019,store_0,0.020
1790910033.019,avail_mb,50561
1790910033.019,pswpin,1527928
1790910034.030,api,0.010
1790910034.030,client,0.000
1790910034.030,enginecore,0.346
1790910034.030,other_total,0.030
1790910034.030,store_0,0.000
1790910034.030,avail_mb,50561
1790910034.030,pswpin,1527928
1790910035.039,api,0.059
1790910035.039,client,0.010
1790910035.039,enginecore,0.793
1790910035.039,other_total,0.059
1790910035.039,store_0,0.000
1790910035.039,avail_mb,50561
1790910035.039,pswpin,1527928
1790910036.047,api,0.020
1790910036.047,client,0.010
1790910036.047,enginecore,0.525
1790910036.047,other_total,0.030
1790910036.047,store_0,0.010
1790910036.047,avail_mb,50559
1790910036.047,pswpin,1527928
1790910037.056,api,0.069
1790910037.056,client,0.020
1790910037.056,enginecore,1.288
1790910037.056,other_total,0.000
1790910037.056,store_0,0.010
1790910037.056,avail_mb,50558
1790910037.056,pswpin,1527928
1790910038.065,api,0.030
1790910038.065,client,0.000
1790910038.065,enginecore,0.634
1790910038.065,other_total,0.059
1790910038.065,store_0,0.000
1790910038.065,avail_mb,50557
1790910038.065,pswpin,1527929
1790910039.076,api,0.000
1790910039.076,client,0.000
1790910039.076,enginecore,0.030
1790910039.076,other_total,0.040
1790910039.076,store_0,0.000
1790910039.076,avail_mb,50555
1790910039.076,pswpin,1527929
1790910040.087,api,0.010
1790910040.087,client,0.010
1790910040.087,enginecore,0.247
1790910040.087,other_total,0.030
1790910040.087,store_0,0.000
1790910040.087,avail_mb,50555
1790910040.087,pswpin,1527929
1790910041.097,api,0.010
1790910041.097,client,0.000
1790910041.097,enginecore,0.000
1790910041.097,other_total,0.059
1790910041.097,store_0,0.000
1790910041.097,avail_mb,50552
1790910041.097,pswpin,1527929
1790910042.106,api,0.040
1790910042.106,client,0.000
1790910042.106,enginecore,0.853
1790910042.106,other_total,0.050
1790910042.106,store_0,0.020
1790910042.106,avail_mb,50556
1790910042.106,pswpin,1527929
1790910043.115,api,0.030
1790910043.115,client,0.020
1790910043.115,enginecore,0.635
1790910043.115,other_total,0.000
1790910043.115,store_0,0.010
1790910043.115,avail_mb,50554
1790910043.115,pswpin,1527929
1790910044.123,api,0.020
1790910044.123,client,0.010
1790910044.123,enginecore,0.416
1790910044.123,other_total,0.040
1790910044.123,store_0,0.000
1790910044.123,avail_mb,50554
1790910044.123,pswpin,1527929
1790910045.132,api,0.030
1790910045.132,client,0.000
1790910045.132,enginecore,0.545
1790910045.132,other_total,0.079
1790910045.132,store_0,0.000
1790910045.132,avail_mb,50550
1790910045.132,pswpin,1527929
1790910046.140,api,0.030
1790910046.140,client,0.000
1790910046.140,enginecore,0.496
1790910046.140,other_total,0.010
1790910046.140,store_0,0.000
1790910046.140,avail_mb,50551
1790910046.140,pswpin,1527929
1790910047.149,api,0.010
1790910047.149,client,0.010
1790910047.149,enginecore,0.407
1790910047.149,other_total,0.000
1790910047.149,store_0,0.010
1790910047.149,avail_mb,50558
1790910047.149,pswpin,1527929
1790910048.160,api,0.000
1790910048.160,client,0.000
1790910048.160,enginecore,0.020
1790910048.160,other_total,0.020
1790910048.160,store_0,0.000
1790910048.160,avail_mb,50557
1790910048.160,pswpin,1527929
1790910049.168,api,0.040
1790910049.168,client,0.010
1790910049.168,enginecore,0.744
1790910049.168,other_total,0.020
1790910049.168,store_0,0.020
1790910049.168,avail_mb,50557
1790910049.168,pswpin,1527929
1790910050.177,api,0.030
1790910050.177,client,0.000
1790910050.177,enginecore,0.635
1790910050.177,other_total,0.059
1790910050.177,store_0,0.000
1790910050.177,avail_mb,50556
1790910050.177,pswpin,1527929
1790910051.186,api,0.050
1790910051.186,client,0.010
1790910051.186,enginecore,0.872
1790910051.186,other_total,0.040
1790910051.186,store_0,0.000
1790910051.186,avail_mb,50555
1790910051.186,pswpin,1527929
1790910052.196,api,0.010
1790910052.196,client,0.000
1790910052.196,enginecore,0.010
1790910052.196,other_total,0.030
1790910052.196,store_0,0.000
1790910052.196,avail_mb,50554
1790910052.196,pswpin,1527929
1790910053.205,api,0.030
1790910053.205,client,0.020
1790910053.205,enginecore,0.615
1790910053.205,other_total,0.010
1790910053.205,store_0,0.000
1790910053.205,avail_mb,50552
1790910053.205,pswpin,1527929
1790910054.214,api,0.020
1790910054.214,client,0.000
1790910054.214,enginecore,0.228
1790910054.214,other_total,0.050
1790910054.214,store_0,0.000
1790910054.214,avail_mb,50552
1790910054.214,pswpin,1527929
1790910055.223,api,0.040
1790910055.223,client,0.010
1790910055.223,enginecore,0.496
1790910055.223,other_total,0.020
1790910055.223,store_0,0.000
1790910055.223,avail_mb,50555
1790910055.223,pswpin,1527929
1790910056.232,api,0.030
1790910056.232,client,0.010
1790910056.232,enginecore,0.644
1790910056.232,other_total,0.059
1790910056.232,store_0,0.000
1790910056.232,avail_mb,50554
1790910056.232,pswpin,1527929
1790910057.241,api,0.020
1790910057.241,client,0.000
1790910057.241,enginecore,0.258
1790910057.241,other_total,0.010
1790910057.241,store_0,0.000
1790910057.241,avail_mb,50554
1790910057.241,pswpin,1527929
1790910058.250,api,0.020
1790910058.250,client,0.020
1790910058.250,enginecore,0.605
1790910058.250,other_total,0.000
1790910058.250,store_0,0.020
1790910058.250,avail_mb,50557
1790910058.250,pswpin,1527929
1790910059.260,api,0.000
1790910059.260,client,0.000
1790910059.260,enginecore,0.010
1790910059.260,other_total,0.049
1790910059.260,store_0,0.000
1790910059.260,avail_mb,50555
1790910059.260,pswpin,1527929
1790910060.269,api,0.050
1790910060.269,client,0.010
1790910060.269,enginecore,0.545
1790910060.269,other_total,0.030
1790910060.269,store_0,0.010
1790910060.269,avail_mb,50555
1790910060.269,pswpin,1527932
1790910061.279,api,0.059
1790910061.279,client,0.010
1790910061.279,enginecore,1.575
1790910061.279,other_total,0.030
1790910061.279,store_0,0.030
1790910061.279,avail_mb,50555
1790910061.279,pswpin,1527932
1790910062.287,api,0.040
1790910062.287,client,0.020
1790910062.287,enginecore,0.863
1790910062.287,other_total,0.020
1790910062.287,store_0,0.010
1790910062.287,avail_mb,50552
1790910062.287,pswpin,1527932
1790910063.297,api,0.030
1790910063.297,client,0.010
1790910063.297,enginecore,0.812
1790910063.297,other_total,0.089
1790910063.297,store_0,0.020
1790910063.297,avail_mb,50551
1790910063.297,pswpin,1527932
1790910064.306,api,0.030
1790910064.306,client,0.000
1790910064.306,enginecore,0.674
1790910064.306,other_total,0.000
1790910064.306,store_0,0.000
1790910064.306,avail_mb,50550
1790910064.306,pswpin,1527932
1790910065.314,api,0.020
1790910065.314,client,0.010
1790910065.314,enginecore,0.327
1790910065.314,other_total,0.089
1790910065.314,store_0,0.000
1790910065.314,avail_mb,50546
1790910065.314,pswpin,1527932
1790910066.325,api,0.010
1790910066.325,client,0.000
1790910066.325,enginecore,0.297
1790910066.325,other_total,0.030
1790910066.325,store_0,0.000
1790910066.325,avail_mb,50545
1790910066.325,pswpin,1527932
1790910067.333,api,0.020
1790910067.333,client,0.000
1790910067.333,enginecore,0.496
1790910067.333,other_total,0.030
1790910067.333,store_0,0.000
1790910067.333,avail_mb,50543
1790910067.333,pswpin,1527932
1790910068.344,api,0.010
1790910068.344,client,0.000
1790910068.344,enginecore,0.040
1790910068.344,other_total,0.030
1790910068.344,store_0,0.000
1790910068.344,avail_mb,50543
1790910068.344,pswpin,1527932
1790910069.352,api,0.040
1790910069.352,client,0.010
1790910069.352,enginecore,0.912
1790910069.352,other_total,0.020
1790910069.352,store_0,0.000
1790910069.352,avail_mb,50544
1790910069.352,pswpin,1527932
1790910070.361,api,0.020
1790910070.361,client,0.020
1790910070.361,enginecore,0.615
1790910070.361,other_total,0.000
1790910070.361,store_0,0.010
1790910070.361,avail_mb,50544
1790910070.361,pswpin,1527932
1790910071.369,api,0.030
1790910071.369,client,0.000
1790910071.369,enginecore,0.605
1790910071.369,other_total,0.030
1790910071.369,store_0,0.000
1790910071.369,avail_mb,50542
1790910071.369,pswpin,1527932
1790910072.380,api,0.000
1790910072.380,client,0.000
1790910072.380,enginecore,0.020
1790910072.380,other_total,0.049
1790910072.380,store_0,0.000
1790910072.380,avail_mb,50542
1790910072.380,pswpin,1527932
1790910073.388,api,0.030
1790910073.388,client,0.010
1790910073.388,enginecore,0.416
1790910073.388,other_total,0.010
1790910073.388,store_0,0.000
1790910073.388,avail_mb,50541
1790910073.388,pswpin,1527932
1790910074.399,api,0.020
1790910074.399,client,0.000
1790910074.399,enginecore,0.425
1790910074.399,other_total,0.040
1790910074.399,store_0,0.010
1790910074.399,avail_mb,50542
1790910074.399,pswpin,1527932
1790910075.408,api,0.020
1790910075.408,client,0.010
1790910075.408,enginecore,0.674
1790910075.408,other_total,0.030
1790910075.408,store_0,0.010
1790910075.408,avail_mb,50542
1790910075.408,pswpin,1527932
1790910076.417,api,0.030
1790910076.417,client,0.000
1790910076.417,enginecore,0.733
1790910076.417,other_total,0.020
1790910076.417,store_0,0.020
1790910076.417,avail_mb,50544
1790910076.417,pswpin,1527932
1790910077.425,api,0.020
1790910077.425,client,0.010
1790910077.425,enginecore,0.446
1790910077.425,other_total,0.010
1790910077.425,store_0,0.000
1790910077.425,avail_mb,50546
1790910077.425,pswpin,1527932
1790910078.436,api,0.020
1790910078.436,client,0.000
1790910078.436,enginecore,0.396
1790910078.436,other_total,0.049
1790910078.436,store_0,0.000
1790910078.436,avail_mb,50546
1790910078.436,pswpin,1527932
1790910079.446,api,0.010
1790910079.446,client,0.010
1790910079.446,enginecore,0.446
1790910079.446,other_total,0.040
1790910079.446,store_0,0.010
1790910079.446,avail_mb,50545
1790910079.446,pswpin,1527932
1790910080.456,api,0.000
1790910080.456,client,0.000
1790910080.456,enginecore,0.010
1790910080.456,other_total,0.059
1790910080.456,store_0,0.000
1790910080.456,avail_mb,50544
1790910080.456,pswpin,1527932
1790910081.465,api,0.010
1790910081.465,client,0.000
1790910081.465,enginecore,0.416
1790910081.465,other_total,0.010
1790910081.465,store_0,0.010
1790910081.465,avail_mb,50547
1790910081.465,pswpin,1527932
1790910082.476,api,0.010
1790910082.476,client,0.010
1790910082.476,enginecore,0.386
1790910082.476,other_total,0.020
1790910082.476,store_0,0.010
1790910082.476,avail_mb,50547
1790910082.476,pswpin,1527932
1790910083.485,api,0.059
1790910083.485,client,0.000
1790910083.485,enginecore,0.990
1790910083.485,other_total,0.040
1790910083.485,store_0,0.010
1790910083.485,avail_mb,50549
1790910083.485,pswpin,1527932
1790910084.494,api,0.050
1790910084.494,client,0.010
1790910084.494,enginecore,0.873
1790910084.494,other_total,0.020
1790910084.494,store_0,0.010
1790910084.494,avail_mb,50549
1790910084.494,pswpin,1527932
1790910085.503,api,0.030
1790910085.503,client,0.010
1790910085.503,enginecore,0.545
1790910085.503,other_total,0.069
1790910085.503,store_0,0.000
1790910085.503,avail_mb,50545
1790910085.503,pswpin,1527932
1790910086.511,api,0.010
1790910086.511,client,0.000
1790910086.511,enginecore,0.188
1790910086.511,other_total,0.089
1790910086.511,store_0,0.000
1790910086.511,avail_mb,50544
1790910086.511,pswpin,1527932
1790910087.520,api,0.020
1790910087.520,client,0.020
1790910087.520,enginecore,0.674
1790910087.520,other_total,0.010
1790910087.520,store_0,0.020
1790910087.520,avail_mb,50547
1790910087.520,pswpin,1527949
1790910088.531,api,0.010
1790910088.531,client,0.000
1790910088.531,enginecore,0.139
1790910088.531,other_total,0.020
1790910088.531,store_0,0.000
1790910088.531,avail_mb,50547
1790910088.531,pswpin,1527949
1790910089.541,api,0.000
1790910089.541,client,0.000
1790910089.541,enginecore,0.020
1790910089.541,other_total,0.020
1790910089.541,store_0,0.000
1790910089.541,avail_mb,50546
1790910089.541,pswpin,1527949
1790910090.552,api,0.010
1790910090.552,client,0.000
1790910090.552,enginecore,0.010
1790910090.552,other_total,0.049
1790910090.552,store_0,0.000
1790910090.552,avail_mb,50545
1790910090.552,pswpin,1527949
1790910091.565,api,0.000
1790910091.565,client,0.000
1790910091.565,enginecore,0.010
1790910091.565,other_total,0.039
1790910091.565,store_0,0.000
1790910091.565,avail_mb,50545
1790910091.565,pswpin,1527949
1790910092.574,api,0.059
1790910092.574,client,0.010
1790910092.574,enginecore,1.120
1790910092.574,other_total,0.000
1790910092.574,store_0,0.010
1790910092.574,avail_mb,50546
1790910092.574,pswpin,1527949
1790910093.583,api,0.020
1790910093.583,client,0.010
1790910093.583,enginecore,0.644
1790910093.583,other_total,0.020
1790910093.583,store_0,0.010
1790910093.583,avail_mb,50547
1790910093.583,pswpin,1527949
1790910094.591,api,0.040
1790910094.591,client,0.010
1790910094.591,enginecore,0.843
1790910094.591,other_total,0.020
1790910094.591,store_0,0.010
1790910094.591,avail_mb,50546
1790910094.591,pswpin,1527949
1790910095.600,api,0.050
1790910095.600,client,0.010
1790910095.600,enginecore,1.190
1790910095.600,other_total,0.010
1790910095.600,store_0,0.040
1790910095.600,avail_mb,50542
1790910095.600,pswpin,1527949
1790910096.609,api,0.030
1790910096.609,client,0.000
1790910096.609,enginecore,0.624
1790910096.609,other_total,0.030
1790910096.609,store_0,0.010
1790910096.609,avail_mb,50540
1790910096.609,pswpin,1527949
1790910097.618,api,0.020
1790910097.618,client,0.000
1790910097.618,enginecore,0.268
1790910097.618,other_total,0.010
1790910097.618,store_0,0.000
1790910097.618,avail_mb,50540
1790910097.618,pswpin,1527949
1790910098.626,api,0.030
1790910098.626,client,0.020
1790910098.626,enginecore,0.803
1790910098.626,other_total,0.079
1790910098.626,store_0,0.010
1790910098.626,avail_mb,50540
1790910098.626,pswpin,1527949
1790910099.636,api,0.050
1790910099.636,client,0.010
1790910099.636,enginecore,0.931
1790910099.636,other_total,0.069
1790910099.636,store_0,0.020
1790910099.636,avail_mb,50541
1790910099.636,pswpin,1527949
1790910100.648,api,0.040
1790910100.648,client,0.010
1790910100.648,enginecore,0.939
1790910100.648,other_total,0.020
1790910100.648,store_0,0.030
1790910100.648,avail_mb,50539
1790910100.648,pswpin,1527949
1790910101.659,api,0.010
1790910101.659,client,0.000
1790910101.659,enginecore,0.386
1790910101.659,other_total,0.030
1790910101.659,store_0,0.010
1790910101.659,avail_mb,50539
1790910101.659,pswpin,1527949
1790910102.668,api,0.040
1790910102.668,client,0.010
1790910102.668,enginecore,0.644
1790910102.668,other_total,0.030
1790910102.668,store_0,0.020
1790910102.668,avail_mb,50541
1790910102.668,pswpin,1527949
1790910103.677,api,0.020
1790910103.677,client,0.000
1790910103.677,enginecore,0.268
1790910103.677,other_total,0.040
1790910103.677,store_0,0.000
1790910103.677,avail_mb,50541
1790910103.677,pswpin,1527949
1790910104.685,api,0.040
1790910104.685,client,0.010
1790910104.685,enginecore,0.892
1790910104.685,other_total,0.059
1790910104.685,store_0,0.000
1790910104.685,avail_mb,50540
1790910104.685,pswpin,1527949
1790910105.694,api,0.020
1790910105.694,client,0.010
1790910105.694,enginecore,0.268
1790910105.694,other_total,0.040
1790910105.694,store_0,0.000
1790910105.694,avail_mb,50538
1790910105.694,pswpin,1527949
1790910106.702,api,0.030
1790910106.702,client,0.010
1790910106.702,enginecore,0.506
1790910106.702,other_total,0.000
1790910106.702,store_0,0.000
1790910106.702,avail_mb,50537
1790910106.702,pswpin,1527949
1790910107.711,api,0.040
1790910107.711,client,0.020
1790910107.711,enginecore,0.515
1790910107.711,other_total,0.030
1790910107.711,store_0,0.000
1790910107.711,avail_mb,50537
1790910107.711,pswpin,1527949
1790910108.720,api,0.020
1790910108.720,client,0.000
1790910108.720,enginecore,0.555
1790910108.720,other_total,0.030
1790910108.720,store_0,0.010
1790910108.720,avail_mb,50538
1790910108.720,pswpin,1527949
1790910109.728,api,0.040
1790910109.728,client,0.010
1790910109.728,enginecore,0.863
1790910109.728,other_total,0.030
1790910109.728,store_0,0.010
1790910109.728,avail_mb,50539
1790910109.728,pswpin,1527949
1790910110.737,api,0.020
1790910110.737,client,0.010
1790910110.737,enginecore,0.545
1790910110.737,other_total,0.040
1790910110.737,store_0,0.010
1790910110.737,avail_mb,50538
1790910110.737,pswpin,1527949
1790910111.745,api,0.079
1790910111.745,client,0.030
1790910111.745,enginecore,1.081
1790910111.745,other_total,0.010
1790910111.745,store_0,0.010
1790910111.745,avail_mb,50535
1790910111.745,pswpin,1527949
1790910112.754,api,0.030
1790910112.754,client,0.010
1790910112.754,enginecore,0.565
1790910112.754,other_total,0.040
1790910112.754,store_0,0.000
1790910112.754,avail_mb,50534
1790910112.754,pswpin,1527949
1790910113.764,api,0.010
1790910113.764,client,0.000
1790910113.764,enginecore,0.228
1790910113.764,other_total,0.059
1790910113.764,store_0,0.000
1790910113.764,avail_mb,50533
1790910113.764,pswpin,1527949
1790910114.774,api,0.020
1790910114.774,client,0.010
1790910114.774,enginecore,0.297
1790910114.774,other_total,0.000
1790910114.774,store_0,0.000
1790910114.774,avail_mb,50533
1790910114.774,pswpin,1527949
1790910115.783,api,0.040
1790910115.783,client,0.010
1790910115.783,enginecore,0.724
1790910115.783,other_total,0.020
1790910115.783,store_0,0.010
1790910115.783,avail_mb,50532
1790910115.783,pswpin,1527949
1790910116.792,api,0.010
1790910116.792,client,0.000
1790910116.792,enginecore,0.268
1790910116.792,other_total,0.000
1790910116.792,store_0,0.000
1790910116.792,avail_mb,50530
1790910116.792,pswpin,1527949
1790910117.800,api,0.030
1790910117.800,client,0.010
1790910117.800,enginecore,0.525
1790910117.800,other_total,0.010
1790910117.800,store_0,0.010
1790910117.800,avail_mb,50530
1790910117.800,pswpin,1527949
1790910118.809,api,0.010
1790910118.809,client,0.000
1790910118.809,enginecore,0.526
1790910118.809,other_total,0.040
1790910118.809,store_0,0.000
1790910118.809,avail_mb,50532
1790910118.809,pswpin,1527952
1790910119.819,api,0.020
1790910119.819,client,0.000
1790910119.819,enginecore,0.495
1790910119.819,other_total,0.040
1790910119.819,store_0,0.010
1790910119.819,avail_mb,50530
1790910119.819,pswpin,1527954
1790910120.829,api,0.010
1790910120.829,client,0.010
1790910120.829,enginecore,0.257
1790910120.829,other_total,0.020
1790910120.829,store_0,0.000
1790910120.829,avail_mb,50530
1790910120.829,pswpin,1527962
1790910121.838,api,0.050
1790910121.838,client,0.010
1790910121.838,enginecore,0.724
1790910121.838,other_total,0.030
1790910121.838,store_0,0.000
1790910121.838,avail_mb,50530
1790910121.838,pswpin,1527962
1790910122.846,api,0.030
1790910122.846,client,0.000
1790910122.846,enginecore,0.783
1790910122.846,other_total,0.030
1790910122.846,store_0,0.020
1790910122.846,avail_mb,50530
1790910122.846,pswpin,1527962
1790910123.855,api,0.030
1790910123.855,client,0.010
1790910123.855,enginecore,0.754
1790910123.855,other_total,0.059
1790910123.855,store_0,0.010
1790910123.855,avail_mb,50530
1790910123.855,pswpin,1527962
1790910124.864,api,0.059
1790910124.864,client,0.020
1790910124.864,enginecore,1.071
1790910124.864,other_total,0.000
1790910124.864,store_0,0.000
1790910124.864,avail_mb,50529
1790910124.864,pswpin,1527962
1790910125.874,api,0.010
1790910125.874,client,0.000
1790910125.874,enginecore,0.386
1790910125.874,other_total,0.059
1790910125.874,store_0,0.010
1790910125.874,avail_mb,50527
1790910125.874,pswpin,1527962
1790910126.883,api,0.040
1790910126.883,client,0.030
1790910126.883,enginecore,0.625
1790910126.883,other_total,0.000
1790910126.883,store_0,0.010
1790910126.883,avail_mb,50525
1790910126.883,pswpin,1527962
1790910127.892,api,0.020
1790910127.892,client,0.000
1790910127.892,enginecore,0.505
1790910127.892,other_total,0.020
1790910127.892,store_0,0.000
1790910127.892,avail_mb,50525
1790910127.892,pswpin,1527962
1790910128.903,api,0.010
1790910128.903,client,0.000
1790910128.903,enginecore,0.010
1790910128.903,other_total,0.040
1790910128.903,store_0,0.000
1790910128.903,avail_mb,50524
1790910128.903,pswpin,1527962
1790910129.912,api,0.010
1790910129.912,client,0.000
1790910129.912,enginecore,0.416
1790910129.912,other_total,0.030
1790910129.912,store_0,0.010
1790910129.912,avail_mb,50523
1790910129.912,pswpin,1527965
1790910130.920,api,0.020
1790910130.920,client,0.010
1790910130.920,enginecore,0.694
1790910130.920,other_total,0.059
1790910130.920,store_0,0.020
1790910130.920,avail_mb,50527
1790910130.920,pswpin,1527967
1790910131.929,api,0.059
1790910131.929,client,0.010
1790910131.929,enginecore,1.150
1790910131.929,other_total,0.010
1790910131.929,store_0,0.010
1790910131.929,avail_mb,50528
1790910131.929,pswpin,1527967
1790910132.938,api,0.030
1790910132.938,client,0.010
1790910132.938,enginecore,1.031
1790910132.938,other_total,0.010
1790910132.938,store_0,0.030
1790910132.938,avail_mb,50526
1790910132.938,pswpin,1527967
1790910133.946,api,0.010
1790910133.946,client,0.000
1790910133.946,enginecore,0.248
1790910133.946,other_total,0.060
1790910133.946,store_0,0.000
1790910133.946,avail_mb,50524
1790910133.946,pswpin,1527967
1790910134.954,api,0.040
1790910134.954,client,0.010
1790910134.954,enginecore,0.516
1790910134.954,other_total,0.000
1790910134.954,store_0,0.000
1790910134.954,avail_mb,50524
1790910134.954,pswpin,1527967
1790910135.963,api,0.030
1790910135.963,client,0.010
1790910135.963,enginecore,0.763
1790910135.963,other_total,0.010
1790910135.963,store_0,0.010
1790910135.963,avail_mb,50524
1790910135.963,pswpin,1527967
1790910136.974,api,0.010
1790910136.974,client,0.000
1790910136.974,enginecore,0.208
1790910136.974,other_total,0.040
1790910136.974,store_0,0.010
1790910136.974,avail_mb,50522
1790910136.974,pswpin,1527967
1790910137.983,api,0.020
1790910137.983,client,0.000
1790910137.983,enginecore,0.615
1790910137.983,other_total,0.030
1790910137.983,store_0,0.010
1790910137.983,avail_mb,50523
1790910137.983,pswpin,1527967
1790910138.992,api,0.020
1790910138.992,client,0.010
1790910138.992,enginecore,0.496
1790910138.992,other_total,0.020
1790910138.992,store_0,0.000
1790910138.992,avail_mb,50522
1790910138.992,pswpin,1527967
1790910140.000,api,0.010
1790910140.000,client,0.000
1790910140.000,enginecore,0.307
1790910140.000,other_total,0.040
1790910140.000,store_0,0.000
1790910140.000,avail_mb,50518
1790910140.000,pswpin,1527967
1790910141.010,api,0.040
1790910141.010,client,0.010
1790910141.010,enginecore,0.772
1790910141.010,other_total,0.000
1790910141.010,store_0,0.010
1790910141.010,avail_mb,50518
1790910141.010,pswpin,1527967
1790910142.021,api,0.010
1790910142.021,client,0.000
1790910142.021,enginecore,0.119
1790910142.021,other_total,0.030
1790910142.021,store_0,0.000
1790910142.021,avail_mb,50517
1790910142.021,pswpin,1527967
1790910143.030,api,0.040
1790910143.030,client,0.020
1790910143.030,enginecore,0.852
1790910143.030,other_total,0.030
1790910143.030,store_0,0.010
1790910143.030,avail_mb,50513
1790910143.030,pswpin,1527968
1790910144.039,api,0.020
1790910144.039,client,0.010
1790910144.039,enginecore,0.406
1790910144.039,other_total,0.020
1790910144.039,store_0,0.000
1790910144.039,avail_mb,50513
1790910144.039,pswpin,1527968
1790910145.048,api,0.020
1790910145.048,client,0.000
1790910145.048,enginecore,0.506
1790910145.048,other_total,0.059
1790910145.048,store_0,0.000
1790910145.048,avail_mb,50509
1790910145.048,pswpin,1527971
1790910146.058,api,0.000
1790910146.058,client,0.000
1790910146.058,enginecore,0.020
1790910146.058,other_total,0.040
1790910146.058,store_0,0.000
1790910146.058,avail_mb,50504
1790910146.058,pswpin,1527971
1790910147.067,api,0.020
1790910147.067,client,0.010
1790910147.067,enginecore,0.416
1790910147.067,other_total,0.030
1790910147.067,store_0,0.010
1790910147.067,avail_mb,50504
1790910147.067,pswpin,1527992
1790910148.075,api,0.020
1790910148.075,client,0.000
1790910148.075,enginecore,0.625
1790910148.075,other_total,0.040
1790910148.075,store_0,0.010
1790910148.075,avail_mb,50506
1790910148.075,pswpin,1527992
1790910149.084,api,0.030
1790910149.084,client,0.010
1790910149.084,enginecore,0.714
1790910149.084,other_total,0.030
1790910149.084,store_0,0.020
1790910149.084,avail_mb,50505
1790910149.084,pswpin,1527992
1790910150.092,api,0.010
1790910150.092,client,0.010
1790910150.092,enginecore,0.406
1790910150.092,other_total,0.040
1790910150.092,store_0,0.000
1790910150.092,avail_mb,50507
1790910150.092,pswpin,1527999
1790910151.101,api,0.050
1790910151.101,client,0.010
1790910151.101,enginecore,0.852
1790910151.101,other_total,0.020
1790910151.101,store_0,0.010
1790910151.101,avail_mb,50507
1790910151.101,pswpin,1527999
1790910152.111,api,0.020
1790910152.111,client,0.010
1790910152.111,enginecore,0.595
1790910152.111,other_total,0.030
1790910152.111,store_0,0.020
1790910152.111,avail_mb,50507
1790910152.111,pswpin,1528000
1790910153.120,api,0.010
1790910153.120,client,0.000
1790910153.120,enginecore,0.396
1790910153.120,other_total,0.059
1790910153.120,store_0,0.000
1790910153.120,avail_mb,50509
1790910153.120,pswpin,1528000
1790910154.129,api,0.020
1790910154.129,client,0.010
1790910154.129,enginecore,0.426
1790910154.129,other_total,0.020
1790910154.129,store_0,0.010
1790910154.129,avail_mb,50511
1790910154.129,pswpin,1528000
1790910155.138,api,0.030
1790910155.138,client,0.000
1790910155.138,enginecore,0.516
1790910155.138,other_total,0.069
1790910155.138,store_0,0.000
1790910155.138,avail_mb,50509
1790910155.138,pswpin,1528000
1790910156.147,api,0.020
1790910156.147,client,0.010
1790910156.147,enginecore,0.456
1790910156.147,other_total,0.030
1790910156.147,store_0,0.010
1790910156.147,avail_mb,50516
1790910156.147,pswpin,1528000
1790910157.155,api,0.040
1790910157.155,enginecore,0.863
1790910157.155,other_total,0.030
1790910157.155,store_0,0.030
1790910157.155,avail_mb,50566
1790910157.155,pswpin,1528001
1790910158.166,api,0.000
1790910158.166,enginecore,0.010
1790910158.166,other_total,0.059
1790910158.166,store_0,0.000
1790910158.166,avail_mb,50564
1790910158.166,pswpin,1528002
1790910159.176,api,0.000
1790910159.176,enginecore,0.010
1790910159.176,other_total,0.049
1790910159.176,store_0,0.000
1790910159.176,avail_mb,50563
1790910159.176,pswpin,1528002
1790910160.187,api,0.000
1790910160.187,enginecore,0.020
1790910160.187,other_total,0.030
1790910160.187,store_0,0.000
1790910160.187,avail_mb,50563
1790910160.187,pswpin,1528002
1790910161.198,api,0.010
1790910161.198,enginecore,0.010
1790910161.198,other_total,0.059
1790910161.198,store_0,0.000
1790910161.198,avail_mb,50561
1790910161.198,pswpin,1528002
1790910162.208,api,0.000
1790910162.208,enginecore,0.020
1790910162.208,other_total,0.049
1790910162.208,store_0,0.000
1790910162.208,avail_mb,50561
1790910162.208,pswpin,1528002
1790910163.219,api,0.000
1790910163.219,enginecore,0.020
1790910163.219,other_total,0.020
1790910163.219,store_0,0.000
1790910163.219,avail_mb,50561
1790910163.219,pswpin,1528002
