ts,role,cores
1790898486.564,other_total,0.208
1790898486.564,avail_mb,57383
1790898486.564,pswpin,907326
1790898487.574,other_total,0.139
1790898487.574,avail_mb,57395
1790898487.574,pswpin,907326
1790898488.584,other_total,0.109
1790898488.584,avail_mb,57393
1790898488.584,pswpin,907326
1790898489.594,other_total,0.059
1790898489.594,avail_mb,57391
1790898489.594,pswpin,907326
1790898490.604,other_total,0.059
1790898490.604,avail_mb,57392
1790898490.604,pswpin,907326
1790898491.614,other_total,0.049
1790898491.614,avail_mb,57392
1790898491.614,pswpin,907326
1790898492.625,other_total,0.079
1790898492.625,avail_mb,57393
1790898492.625,pswpin,907326
1790898493.635,other_total,0.079
1790898493.635,avail_mb,57377
1790898493.635,pswpin,907326
1790898494.646,other_total,0.089
1790898494.646,avail_mb,57387
1790898494.646,pswpin,907326
1790898495.656,other_total,0.020
1790898495.656,avail_mb,57387
1790898495.656,pswpin,907326
1790898496.664,other_total,2.876
1790898496.664,avail_mb,57004
1790898496.664,pswpin,907326
1790898497.675,other_total,0.059
1790898497.675,store_0,0.139
1790898497.675,avail_mb,56966
1790898497.675,pswpin,907326
1790898498.684,other_total,3.815
1790898498.684,store_0,0.000
1790898498.684,avail_mb,56337
1790898498.684,pswpin,907326
1790898499.696,api,4.667
1790898499.696,other_total,0.059
1790898499.696,store_0,0.000
1790898499.696,avail_mb,56164
1790898499.696,pswpin,907326
1790898500.706,api,1.990
1790898500.706,other_total,0.040
1790898500.706,store_0,0.000
1790898500.706,avail_mb,55908
1790898500.706,pswpin,907326
1790898501.715,api,1.258
1790898501.715,other_total,0.059
1790898501.715,store_0,0.000
1790898501.715,avail_mb,55794
1790898501.715,pswpin,907326
1790898502.737,api,0.881
1790898502.737,other_total,1.321
1790898502.737,store_0,0.000
1790898502.737,avail_mb,55223
1790898502.737,pswpin,907326
1790898503.749,api,0.000
1790898503.749,other_total,4.722
1790898503.749,store_0,0.000
1790898503.749,avail_mb,54881
1790898503.749,pswpin,907326
1790898504.758,api,0.000
1790898504.758,other_total,5.719
1790898504.758,store_0,0.000
1790898504.758,avail_mb,54676
1790898504.758,pswpin,907326
1790898505.767,api,0.000
1790898505.767,other_total,2.052
1790898505.767,store_0,0.000
1790898505.767,avail_mb,54489
1790898505.767,pswpin,907326
1790898506.778,api,0.000
1790898506.778,other_total,2.404
1790898506.778,store_0,0.000
1790898506.778,avail_mb,53848
1790898506.778,pswpin,907326
1790898507.787,api,0.000
1790898507.787,enginecore,1.348
1790898507.787,other_total,1.863
1790898507.787,store_0,0.000
1790898507.787,avail_mb,53799
1790898507.787,pswpin,907326
1790898508.796,api,0.000
1790898508.796,enginecore,2.031
1790898508.796,other_total,0.059
1790898508.796,store_0,0.000
1790898508.796,avail_mb,53316
1790898508.796,pswpin,907326
1790898509.805,api,0.000
1790898509.805,enginecore,0.991
1790898509.805,other_total,1.080
1790898509.805,store_0,0.000
1790898509.805,avail_mb,53281
1790898509.805,pswpin,907326
1790898510.814,api,0.000
1790898510.814,enginecore,0.981
1790898510.814,other_total,0.069
1790898510.814,store_0,0.000
1790898510.814,avail_mb,53243
1790898510.814,pswpin,907326
1790898511.823,api,0.000
1790898511.823,enginecore,0.912
1790898511.823,other_total,0.159
1790898511.823,store_0,0.000
1790898511.823,avail_mb,52740
1790898511.823,pswpin,907326
1790898512.832,api,0.000
1790898512.832,enginecore,0.010
1790898512.832,other_total,1.110
1790898512.832,store_0,0.000
1790898512.832,avail_mb,52720
1790898512.832,pswpin,907326
1790898513.843,api,0.000
1790898513.843,enginecore,0.030
1790898513.843,other_total,0.030
1790898513.843,store_0,0.000
1790898513.843,avail_mb,52719
1790898513.843,pswpin,907326
1790898514.854,api,0.000
1790898514.854,enginecore,0.040
1790898514.854,other_total,0.000
1790898514.854,store_0,0.000
1790898514.854,avail_mb,52719
1790898514.854,pswpin,907327
1790898515.864,api,0.000
1790898515.864,enginecore,0.020
1790898515.864,other_total,0.069
1790898515.864,store_0,0.000
1790898515.864,avail_mb,52719
1790898515.864,pswpin,907327
1790898516.875,api,0.000
1790898516.875,enginecore,0.040
1790898516.875,other_total,0.010
1790898516.875,store_0,0.000
1790898516.875,avail_mb,52724
1790898516.875,pswpin,907327
1790898517.886,api,0.000
1790898517.886,enginecore,0.040
1790898517.886,other_total,0.040
1790898517.886,store_0,0.000
1790898517.886,avail_mb,52723
1790898517.886,pswpin,907327
1790898518.896,api,0.000
1790898518.896,enginecore,0.030
1790898518.896,other_total,0.040
1790898518.896,store_0,0.000
1790898518.896,avail_mb,52722
1790898518.896,pswpin,907327
1790898519.907,api,0.000
1790898519.907,enginecore,0.020
1790898519.907,other_total,0.040
1790898519.907,store_0,0.000
1790898519.907,avail_mb,52728
1790898519.907,pswpin,907327
1790898520.918,api,0.000
1790898520.918,enginecore,1.325
1790898520.918,other_total,0.049
1790898520.918,store_0,0.000
1790898520.918,avail_mb,51588
1790898520.918,pswpin,907327
1790898521.929,api,0.119
1790898521.929,enginecore,0.089
1790898521.929,other_total,0.099
1790898521.929,store_0,0.000
1790898521.929,avail_mb,51553
1790898521.929,pswpin,907327
1790898522.940,api,0.317
1790898522.940,enginecore,0.079
1790898522.940,other_total,0.099
1790898522.940,store_0,0.000
1790898522.940,avail_mb,51522
1790898522.940,pswpin,907327
1790898523.951,api,0.000
1790898523.951,enginecore,1.593
1790898523.951,other_total,0.059
1790898523.951,store_0,0.000
1790898523.951,avail_mb,50229
1790898523.951,pswpin,907327
1790898524.961,api,0.010
1790898524.961,enginecore,0.683
1790898524.961,other_total,0.010
1790898524.961,store_0,0.000
1790898524.961,avail_mb,50160
1790898524.961,pswpin,907327
1790898525.972,api,0.158
1790898525.972,enginecore,0.030
1790898525.972,other_total,0.030
1790898525.972,store_0,0.000
1790898525.972,avail_mb,50119
1790898525.972,pswpin,907327
1790898526.983,api,0.277
1790898526.983,enginecore,0.020
1790898526.983,other_total,0.079
1790898526.983,store_0,0.000
1790898526.983,avail_mb,50109
1790898526.983,pswpin,907327
1790898527.995,api,0.049
1790898527.995,enginecore,0.069
1790898527.995,other_total,0.109
1790898527.995,store_0,0.000
1790898527.995,avail_mb,50057
1790898527.995,pswpin,907327
1790898529.004,api,0.010
1790898529.004,enginecore,0.624
1790898529.004,other_total,0.942
1790898529.004,store_0,0.109
1790898529.004,avail_mb,52489
1790898529.004,pswpin,907327
1790898530.012,api,0.000
1790898530.012,enginecore,0.020
1790898530.012,other_total,0.258
1790898530.012,store_0,0.000
1790898530.012,avail_mb,52345
1790898530.012,pswpin,907327
1790898531.023,api,0.000
1790898531.023,enginecore,0.010
1790898531.023,other_total,0.069
1790898531.023,store_0,0.000
1790898531.023,store_1,2.454
1790898531.023,avail_mb,52280
1790898531.023,pswpin,907327
1790898532.034,api,0.000
1790898532.034,enginecore,0.010
1790898532.034,other_total,0.416
1790898532.034,store_0,0.000
1790898532.034,store_1,0.000
1790898532.034,avail_mb,52094
1790898532.034,pswpin,907327
1790898533.043,api,3.846
1790898533.043,enginecore,0.000
1790898533.043,other_total,0.119
1790898533.043,store_0,0.000
1790898533.043,store_1,0.000
1790898533.043,avail_mb,51709
1790898533.043,pswpin,907327
1790898534.051,api,4.569
1790898534.051,enginecore,0.000
1790898534.051,other_total,0.069
1790898534.051,store_0,0.000
1790898534.051,store_1,0.000
1790898534.051,avail_mb,51529
1790898534.051,pswpin,907327
1790898535.062,api,2.000
1790898535.062,enginecore,0.010
1790898535.062,other_total,0.030
1790898535.062,store_0,0.000
1790898535.062,store_1,0.000
1790898535.062,avail_mb,51332
1790898535.062,pswpin,907327
1790898536.071,api,1.031
1790898536.071,enginecore,0.010
1790898536.071,other_total,0.040
1790898536.071,store_0,0.000
1790898536.071,store_1,0.000
1790898536.071,avail_mb,51262
1790898536.071,pswpin,907327
1790898537.082,api,0.356
1790898537.082,enginecore,0.010
1790898537.082,other_total,4.016
1790898537.082,store_0,0.000
1790898537.082,store_1,0.000
1790898537.082,avail_mb,50515
1790898537.082,pswpin,907327
1790898538.105,api,0.000
1790898538.105,enginecore,0.000
1790898538.105,other_total,4.341
1790898538.105,store_0,0.000
1790898538.105,store_1,0.000
1790898538.105,avail_mb,50292
1790898538.105,pswpin,907327
1790898539.114,api,0.010
1790898539.114,enginecore,0.000
1790898539.114,other_total,2.160
1790898539.114,store_0,0.000
1790898539.114,store_1,0.000
1790898539.114,avail_mb,50091
1790898539.114,pswpin,907327
1790898540.123,api,0.000
1790898540.123,enginecore,0.010
1790898540.123,other_total,1.873
1790898540.123,store_0,0.000
1790898540.123,store_1,0.000
1790898540.123,avail_mb,49805
1790898540.123,pswpin,907327
1790898541.133,api,0.000
1790898541.133,enginecore,1.545
1790898541.133,other_total,1.575
1790898541.133,store_0,0.000
1790898541.133,store_1,0.000
1790898541.133,avail_mb,49317
1790898541.133,pswpin,907328
1790898542.142,api,0.000
1790898542.142,enginecore,1.972
1790898542.142,other_total,0.624
1790898542.142,store_0,0.000
1790898542.142,store_1,0.000
1790898542.142,avail_mb,48856
1790898542.142,pswpin,907328
1790898543.151,api,0.000
1790898543.151,enginecore,1.596
1790898543.151,other_total,0.436
1790898543.151,store_0,0.000
1790898543.151,store_1,0.000
1790898543.151,avail_mb,48817
1790898543.151,pswpin,907328
1790898544.160,api,0.000
1790898544.160,enginecore,1.011
1790898544.160,other_total,0.654
1790898544.160,store_0,0.000
1790898544.160,store_1,0.000
1790898544.160,avail_mb,48776
1790898544.160,pswpin,907328
1790898545.169,api,0.000
1790898545.169,enginecore,1.001
1790898545.169,other_total,0.020
1790898545.169,store_0,0.000
1790898545.169,store_1,0.000
1790898545.169,avail_mb,48291
1790898545.169,pswpin,907328
1790898546.178,api,0.000
1790898546.178,enginecore,0.377
1790898546.178,other_total,0.674
1790898546.178,store_0,0.000
1790898546.178,store_1,0.000
1790898546.178,avail_mb,48254
1790898546.178,pswpin,907328
1790898547.187,api,0.000
1790898547.187,enginecore,0.010
1790898547.187,other_total,0.446
1790898547.187,store_0,0.000
1790898547.187,store_1,0.000
1790898547.187,avail_mb,48261
1790898547.187,pswpin,907328
1790898548.198,api,0.000
1790898548.198,enginecore,0.040
1790898548.198,other_total,0.049
1790898548.198,store_0,0.000
1790898548.198,store_1,0.000
1790898548.198,avail_mb,48265
1790898548.198,pswpin,907328
1790898549.209,api,0.000
1790898549.209,enginecore,0.069
1790898549.209,other_total,0.030
1790898549.209,store_0,0.000
1790898549.209,store_1,0.000
1790898549.209,avail_mb,48274
1790898549.209,pswpin,907328
1790898550.220,api,0.010
1790898550.220,enginecore,0.040
1790898550.220,other_total,0.049
1790898550.220,store_0,0.000
1790898550.220,store_1,0.000
1790898550.220,avail_mb,48279
1790898550.220,pswpin,907328
1790898551.232,api,0.000
1790898551.232,enginecore,1.147
1790898551.232,other_total,0.089
1790898551.232,store_0,0.000
1790898551.232,store_1,0.000
1790898551.232,avail_mb,47157
1790898551.232,pswpin,907328
1790898552.244,api,0.089
1790898552.244,enginecore,0.267
1790898552.244,other_total,0.000
1790898552.244,store_0,0.000
1790898552.244,store_1,0.000
1790898552.244,avail_mb,47157
1790898552.244,pswpin,907328
1790898553.254,api,0.366
1790898553.254,enginecore,0.040
1790898553.254,other_total,0.020
1790898553.254,store_0,0.000
1790898553.254,store_1,0.000
1790898553.254,avail_mb,47113
1790898553.254,pswpin,907328
1790898554.266,api,0.000
1790898554.266,enginecore,0.049
1790898554.266,other_total,0.000
1790898554.266,store_0,0.000
1790898554.266,store_1,0.000
1790898554.266,avail_mb,47114
1790898554.266,pswpin,907328
1790898555.277,api,0.010
1790898555.277,enginecore,1.008
1790898555.277,other_total,0.000
1790898555.277,store_0,0.000
1790898555.277,store_1,0.010
1790898555.277,avail_mb,46087
1790898555.277,pswpin,907328
1790898556.288,api,0.000
1790898556.288,enginecore,0.881
1790898556.288,other_total,0.049
1790898556.288,store_0,0.000
1790898556.288,store_1,0.000
1790898556.288,avail_mb,45857
1790898556.288,pswpin,907328
1790898557.299,api,0.049
1790898557.299,enginecore,0.495
1790898557.299,other_total,0.030
1790898557.299,store_0,0.000
1790898557.299,store_1,0.000
1790898557.299,avail_mb,45755
1790898557.299,pswpin,907328
1790898558.310,api,0.386
1790898558.310,enginecore,0.049
1790898558.310,other_total,0.030
1790898558.310,store_0,0.000
1790898558.310,store_1,0.000
1790898558.310,avail_mb,45723
1790898558.310,pswpin,907328
1790898559.321,api,0.000
1790898559.321,enginecore,0.040
1790898559.321,other_total,0.049
1790898559.321,store_0,0.000
1790898559.321,store_1,0.000
1790898559.321,avail_mb,45721
1790898559.321,pswpin,907328
1790898560.333,api,0.049
1790898560.333,enginecore,0.366
1790898560.333,other_total,0.040
1790898560.333,store_0,0.000
1790898560.333,store_1,0.040
1790898560.333,avail_mb,45450
1790898560.333,pswpin,907328
1790898561.342,api,0.010
1790898561.342,enginecore,0.644
1790898561.342,other_total,0.585
1790898561.342,store_0,0.000
1790898561.342,store_1,0.069
1790898561.342,avail_mb,48216
1790898561.342,pswpin,907328
1790898562.352,api,0.010
1790898562.352,enginecore,0.010
1790898562.352,other_total,2.456
1790898562.352,store_0,0.000
1790898562.352,store_1,0.000
1790898562.352,avail_mb,48023
1790898562.352,pswpin,907328
1790898563.363,api,0.000
1790898563.363,enginecore,0.020
1790898563.363,other_total,0.049
1790898563.363,store_0,0.000
1790898563.363,store_1,0.000
1790898563.363,store_2,0.247
1790898563.363,avail_mb,47954
1790898563.363,pswpin,907328
1790898564.374,api,0.000
1790898564.374,enginecore,0.030
1790898564.374,other_total,2.939
1790898564.374,store_0,0.000
1790898564.374,store_1,0.000
1790898564.374,store_2,0.000
1790898564.374,avail_mb,47532
1790898564.374,pswpin,907328
1790898565.383,api,1.923
1790898565.383,enginecore,0.010
1790898565.383,other_total,0.020
1790898565.383,store_0,0.000
1790898565.383,store_1,0.000
1790898565.383,store_2,0.000
1790898565.383,avail_mb,47313
1790898565.383,pswpin,907328
1790898566.392,api,3.826
1790898566.392,enginecore,0.010
1790898566.392,other_total,0.059
1790898566.392,store_0,0.000
1790898566.392,store_1,0.000
1790898566.392,store_2,0.000
1790898566.392,avail_mb,47124
1790898566.392,pswpin,907328
1790898567.401,api,1.933
1790898567.401,enginecore,0.010
1790898567.401,other_total,0.020
1790898567.401,store_0,0.000
1790898567.401,store_1,0.000
1790898567.401,store_2,0.000
1790898567.401,avail_mb,46903
1790898567.401,pswpin,907328
1790898568.412,api,0.663
1790898568.412,enginecore,0.010
1790898568.412,other_total,0.059
1790898568.412,store_0,0.000
1790898568.412,store_1,0.000
1790898568.412,store_2,0.000
1790898568.412,avail_mb,46780
1790898568.412,pswpin,907328
1790898569.421,api,0.287
1790898569.421,enginecore,0.010
1790898569.421,other_total,3.587
1790898569.421,store_0,0.000
1790898569.421,store_1,0.000
1790898569.421,store_2,0.000
1790898569.421,avail_mb,46083
1790898569.421,pswpin,907328
1790898570.430,api,0.000
1790898570.430,enginecore,0.000
1790898570.430,other_total,3.795
1790898570.430,store_0,0.000
1790898570.430,store_1,0.000
1790898570.430,store_2,0.000
1790898570.430,avail_mb,45905
1790898570.430,pswpin,907328
1790898571.439,api,0.000
1790898571.439,enginecore,0.010
1790898571.439,other_total,2.051
1790898571.439,store_0,0.000
1790898571.439,store_1,0.000
1790898571.439,store_2,0.000
1790898571.439,avail_mb,45626
1790898571.439,pswpin,907328
1790898572.449,api,0.000
1790898572.449,enginecore,0.020
1790898572.449,other_total,2.189
1790898572.449,store_0,0.000
1790898572.449,store_1,0.000
1790898572.449,store_2,0.000
1790898572.449,avail_mb,45241
1790898572.449,pswpin,907328
1790898573.459,api,0.000
1790898573.459,enginecore,1.326
1790898573.459,other_total,2.029
1790898573.459,store_0,0.000
1790898573.459,store_1,0.000
1790898573.459,store_2,0.000
1790898573.459,avail_mb,44910
1790898573.459,pswpin,907328
1790898574.468,api,0.000
1790898574.468,enginecore,2.061
1790898574.468,other_total,0.000
1790898574.468,store_0,0.000
1790898574.468,store_1,0.000
1790898574.468,store_2,0.000
1790898574.468,avail_mb,44428
1790898574.468,pswpin,907328
1790898575.477,api,0.000
1790898575.477,enginecore,1.258
1790898575.477,other_total,0.803
1790898575.477,store_0,0.000
1790898575.477,store_1,0.000
1790898575.477,store_2,0.000
1790898575.477,avail_mb,44359
1790898575.477,pswpin,907328
1790898576.487,api,0.000
1790898576.487,enginecore,1.001
1790898576.487,other_total,0.327
1790898576.487,store_0,0.000
1790898576.487,store_1,0.000
1790898576.487,store_2,0.000
1790898576.487,avail_mb,44375
1790898576.487,pswpin,907329
1790898577.496,api,0.010
1790898577.496,enginecore,0.991
1790898577.496,other_total,0.030
1790898577.496,store_0,0.000
1790898577.496,store_1,0.000
1790898577.496,store_2,0.000
1790898577.496,avail_mb,43793
1790898577.496,pswpin,907329
1790898578.505,api,0.000
1790898578.505,enginecore,0.198
1790898578.505,other_total,0.832
1790898578.505,store_0,0.000
1790898578.505,store_1,0.000
1790898578.505,store_2,0.000
1790898578.505,avail_mb,43788
1790898578.505,pswpin,907333
1790898579.514,api,0.000
1790898579.514,enginecore,2.041
1790898579.514,other_total,0.297
1790898579.514,store_0,0.000
1790898579.514,store_1,0.000
1790898579.514,store_2,0.000
1790898579.514,avail_mb,41657
1790898579.514,pswpin,907333
1790898580.524,api,0.050
1790898580.524,enginecore,1.090
1790898580.524,other_total,0.059
1790898580.524,store_0,0.000
1790898580.524,store_1,0.000
1790898580.524,store_2,0.000
1790898580.524,avail_mb,41392
1790898580.524,pswpin,907333
1790898581.535,api,0.415
1790898581.535,enginecore,0.376
1790898581.535,other_total,0.020
1790898581.535,store_0,0.000
1790898581.535,store_1,0.000
1790898581.535,store_2,0.000
1790898581.535,avail_mb,41305
1790898581.535,pswpin,907333
1790898582.546,api,0.406
1790898582.546,enginecore,0.030
1790898582.546,other_total,0.000
1790898582.546,store_0,0.000
1790898582.546,store_1,0.000
1790898582.546,store_2,0.000
1790898582.546,avail_mb,41266
1790898582.546,pswpin,907333
1790898583.557,api,0.000
1790898583.557,enginecore,0.010
1790898583.557,other_total,0.030
1790898583.557,store_0,0.000
1790898583.557,store_1,0.000
1790898583.557,store_2,0.000
1790898583.557,avail_mb,41264
1790898583.557,pswpin,907333
1790898584.567,api,0.049
1790898584.567,enginecore,0.584
1790898584.567,other_total,0.020
1790898584.567,store_0,0.000
1790898584.567,store_1,0.000
1790898584.567,store_2,0.079
1790898584.567,avail_mb,40778
1790898584.567,pswpin,907333
1790898585.578,api,0.010
1790898585.578,enginecore,0.613
1790898585.578,other_total,0.336
1790898585.578,store_0,0.000
1790898585.578,store_1,0.000
1790898585.578,store_2,0.030
1790898585.578,avail_mb,43693
1790898585.578,pswpin,907333
1790898586.587,api,0.010
1790898586.587,enginecore,0.000
1790898586.587,other_total,2.715
1790898586.587,store_0,0.000
1790898586.587,store_1,0.000
1790898586.587,store_2,0.000
1790898586.587,avail_mb,43409
1790898586.587,pswpin,907333
1790898587.598,api,0.000
1790898587.598,enginecore,0.020
1790898587.598,other_total,0.000
1790898587.598,store_0,0.000
1790898587.598,store_1,0.000
1790898587.598,store_2,0.000
1790898587.598,store_3,0.040
1790898587.598,avail_mb,43413
1790898587.598,pswpin,907333
1790898588.607,api,0.000
1790898588.607,enginecore,0.020
1790898588.607,other_total,3.399
1790898588.607,store_0,0.000
1790898588.607,store_1,0.000
1790898588.607,store_2,0.000
1790898588.607,store_3,0.000
1790898588.607,avail_mb,42965
1790898588.607,pswpin,907333
1790898589.616,api,3.786
1790898589.616,enginecore,0.000
1790898589.616,other_total,0.050
1790898589.616,store_0,0.000
1790898589.616,store_1,0.000
1790898589.616,store_2,0.000
1790898589.616,store_3,0.000
1790898589.616,avail_mb,42758
1790898589.616,pswpin,907333
1790898590.625,api,1.972
1790898590.625,enginecore,0.010
1790898590.625,other_total,0.030
1790898590.625,store_0,0.000
1790898590.625,store_1,0.000
1790898590.625,store_2,0.000
1790898590.625,store_3,0.000
1790898590.625,avail_mb,42533
1790898590.625,pswpin,907333
1790898591.634,api,1.437
1790898591.634,enginecore,0.020
1790898591.634,other_total,0.020
1790898591.634,store_0,0.000
1790898591.634,store_1,0.000
1790898591.634,store_2,0.000
1790898591.634,store_3,0.000
1790898591.634,avail_mb,42393
1790898591.634,pswpin,907333
1790898592.643,api,0.931
1790898592.643,enginecore,0.010
1790898592.643,other_total,0.178
1790898592.643,store_0,0.000
1790898592.643,store_1,0.000
1790898592.643,store_2,0.000
1790898592.643,store_3,0.000
1790898592.643,avail_mb,42168
1790898592.643,pswpin,907333
1790898593.653,api,0.000
1790898593.653,enginecore,0.010
1790898593.653,other_total,3.854
1790898593.653,store_0,0.000
1790898593.653,store_1,0.000
1790898593.653,store_2,0.000
1790898593.653,store_3,0.000
1790898593.653,avail_mb,41539
1790898593.653,pswpin,907333
1790898594.662,api,0.000
1790898594.662,enginecore,0.020
1790898594.662,other_total,3.874
1790898594.662,store_0,0.000
1790898594.662,store_1,0.000
1790898594.662,store_2,0.000
1790898594.662,store_3,0.000
1790898594.662,avail_mb,41357
1790898594.662,pswpin,907333
1790898595.671,api,0.000
1790898595.671,enginecore,0.020
1790898595.671,other_total,2.012
1790898595.671,store_0,0.000
1790898595.671,store_1,0.000
1790898595.671,store_2,0.000
1790898595.671,store_3,0.000
1790898595.671,avail_mb,41168
1790898595.671,pswpin,907333
1790898596.682,api,0.000
1790898596.682,enginecore,0.010
1790898596.682,other_total,2.770
1790898596.682,store_0,0.000
1790898596.682,store_1,0.000
1790898596.682,store_2,0.000
1790898596.682,store_3,0.000
1790898596.682,avail_mb,40535
1790898596.682,pswpin,907333
1790898597.691,api,0.000
1790898597.691,enginecore,1.328
1790898597.691,other_total,1.546
1790898597.691,store_0,0.000
1790898597.691,store_1,0.000
1790898597.691,store_2,0.000
1790898597.691,store_3,0.000
1790898597.691,avail_mb,40463
1790898597.691,pswpin,907333
1790898598.700,api,0.000
1790898598.700,enginecore,2.051
1790898598.700,other_total,0.050
1790898598.700,store_0,0.000
1790898598.700,store_1,0.000
1790898598.700,store_2,0.000
1790898598.700,store_3,0.000
1790898598.700,avail_mb,39984
1790898598.700,pswpin,907333
1790898599.710,api,0.000
1790898599.710,enginecore,1.040
1790898599.710,other_total,0.991
1790898599.710,store_0,0.000
1790898599.710,store_1,0.000
1790898599.710,store_2,0.000
1790898599.710,store_3,0.000
1790898599.710,avail_mb,39940
1790898599.710,pswpin,907333
1790898600.719,api,0.000
1790898600.719,enginecore,1.001
1790898600.719,other_total,0.109
1790898600.719,store_0,0.000
1790898600.719,store_1,0.000
1790898600.719,store_2,0.000
1790898600.719,store_3,0.000
1790898600.719,avail_mb,39958
1790898600.719,pswpin,907333
1790898601.728,api,0.000
1790898601.728,enginecore,0.991
1790898601.728,other_total,0.040
1790898601.728,store_0,0.000
1790898601.728,store_1,0.000
1790898601.728,store_2,0.000
1790898601.728,store_3,0.000
1790898601.728,avail_mb,39436
1790898601.728,pswpin,907333
1790898602.737,api,0.000
1790898602.737,enginecore,0.050
1790898602.737,other_total,1.001
1790898602.737,store_0,0.000
1790898602.737,store_1,0.000
1790898602.737,store_2,0.000
1790898602.737,store_3,0.000
1790898602.737,avail_mb,39425
1790898602.737,pswpin,907333
1790898603.747,api,0.000
1790898603.747,enginecore,2.001
1790898603.747,other_total,0.109
1790898603.747,store_0,0.000
1790898603.747,store_1,0.000
1790898603.747,store_2,0.000
1790898603.747,store_3,0.000
1790898603.747,avail_mb,37232
1790898603.747,pswpin,907333
1790898604.758,api,0.059
1790898604.758,enginecore,1.088
1790898604.758,other_total,0.040
1790898604.758,store_0,0.000
1790898604.758,store_1,0.000
1790898604.758,store_2,0.000
1790898604.758,store_3,0.000
1790898604.758,avail_mb,37016
1790898604.758,pswpin,907333
1790898605.769,api,0.386
1790898605.769,enginecore,0.445
1790898605.769,other_total,0.010
1790898605.769,store_0,0.000
1790898605.769,store_1,0.000
1790898605.769,store_2,0.000
1790898605.769,store_3,0.000
1790898605.769,avail_mb,36893
1790898605.769,pswpin,907333
1790898606.781,api,0.287
1790898606.781,enginecore,0.010
1790898606.781,other_total,0.010
1790898606.781,store_0,0.000
1790898606.781,store_1,0.000
1790898606.781,store_2,0.000
1790898606.781,store_3,0.000
1790898606.781,avail_mb,36831
1790898606.781,pswpin,907333
1790898607.792,api,0.109
1790898607.792,enginecore,0.049
1790898607.792,other_total,0.000
1790898607.792,store_0,0.000
1790898607.792,store_1,0.000
1790898607.792,store_2,0.000
1790898607.792,store_3,0.000
1790898607.792,avail_mb,36825
1790898607.792,pswpin,907333
1790898608.804,api,0.079
1790898608.804,enginecore,1.216
1790898608.804,other_total,0.079
1790898608.804,store_0,0.000
1790898608.804,store_1,0.000
1790898608.804,store_2,0.000
1790898608.804,store_3,0.109
1790898608.804,avail_mb,36200
1790898608.804,pswpin,907333
1790898609.815,api,0.000
1790898609.815,enginecore,0.129
1790898609.815,other_total,0.138
1790898609.815,store_0,0.000
1790898609.815,store_1,0.000
1790898609.815,store_2,0.000
1790898609.815,store_3,0.000
1790898609.815,avail_mb,39493
1790898609.815,pswpin,907335
1790898610.823,api,0.000
1790898610.823,enginecore,0.020
1790898610.823,other_total,2.726
1790898610.823,store_0,0.000
1790898610.823,store_1,0.000
1790898610.823,store_2,0.000
1790898610.823,store_3,0.000
1790898610.823,avail_mb,39169
1790898610.823,pswpin,907341
1790898611.834,api,0.000
1790898611.834,enginecore,0.000
1790898611.834,other_total,0.020
1790898611.834,store_0,0.000
1790898611.834,store_1,0.000
1790898611.834,store_2,0.000
1790898611.834,store_3,0.000
1790898611.834,store_4,0.000
1790898611.834,avail_mb,39176
1790898611.834,pswpin,907341
1790898612.844,api,0.000
1790898612.844,enginecore,0.030
1790898612.844,other_total,3.812
1790898612.844,store_0,0.000
1790898612.844,store_1,0.000
1790898612.844,store_2,0.000
1790898612.844,store_3,0.000
1790898612.844,store_4,0.000
1790898612.844,avail_mb,38595
1790898612.844,pswpin,907341
1790898613.853,api,3.756
1790898613.853,enginecore,0.020
1790898613.853,other_total,0.030
1790898613.853,store_0,0.000
1790898613.853,store_1,0.000
1790898613.853,store_2,0.000
1790898613.853,store_3,0.000
1790898613.853,store_4,0.000
1790898613.853,avail_mb,38376
1790898613.853,pswpin,907341
1790898614.863,api,2.001
1790898614.863,enginecore,0.000
1790898614.863,other_total,0.069
1790898614.863,store_0,0.000
1790898614.863,store_1,0.000
1790898614.863,store_2,0.000
1790898614.863,store_3,0.000
1790898614.863,store_4,0.000
1790898614.863,avail_mb,38156
1790898614.863,pswpin,907341
1790898615.872,api,1.119
1790898615.872,enginecore,0.030
1790898615.872,other_total,0.000
1790898615.872,store_0,0.000
1790898615.872,store_1,0.000
1790898615.872,store_2,0.000
1790898615.872,store_3,0.000
1790898615.872,store_4,0.000
1790898615.872,avail_mb,38031
1790898615.872,pswpin,907341
1790898616.881,api,0.763
1790898616.881,enginecore,0.020
1790898616.881,other_total,4.400
1790898616.881,store_0,0.000
1790898616.881,store_1,0.000
1790898616.881,store_2,0.000
1790898616.881,store_3,0.000
1790898616.881,store_4,0.000
1790898616.881,avail_mb,37422
1790898616.881,pswpin,907341
1790898617.891,api,0.000
1790898617.891,enginecore,0.000
1790898617.891,other_total,1.932
1790898617.891,store_0,0.000
1790898617.891,store_1,0.000
1790898617.891,store_2,0.000
1790898617.891,store_3,0.000
1790898617.891,store_4,0.000
1790898617.891,avail_mb,37135
1790898617.891,pswpin,907341
1790898618.900,api,0.000
1790898618.900,enginecore,0.040
1790898618.900,other_total,5.726
1790898618.900,store_0,0.000
1790898618.900,store_1,0.000
1790898618.900,store_2,0.000
1790898618.900,store_3,0.000
1790898618.900,store_4,0.000
1790898618.900,avail_mb,36916
1790898618.900,pswpin,907341
1790898619.909,api,0.000
1790898619.909,enginecore,0.010
1790898619.909,other_total,2.051
1790898619.909,store_0,0.000
1790898619.909,store_1,0.000
1790898619.909,store_2,0.000
1790898619.909,store_3,0.000
1790898619.909,store_4,0.000
1790898619.909,avail_mb,36734
1790898619.909,pswpin,907341
1790898620.952,api,0.000
1790898620.952,enginecore,1.007
1790898620.952,other_total,1.755
1790898620.952,store_0,0.000
1790898620.952,store_1,0.000
1790898620.952,store_2,0.000
1790898620.952,store_3,0.000
1790898620.952,store_4,0.000
1790898620.952,avail_mb,36087
1790898620.952,pswpin,907341
1790898621.962,api,0.000
1790898621.962,enginecore,1.396
1790898621.962,other_total,1.337
1790898621.962,store_0,0.000
1790898621.962,store_1,0.000
1790898621.962,store_2,0.000
1790898621.962,store_3,0.000
1790898621.962,store_4,0.000
1790898621.962,avail_mb,36103
1790898621.962,pswpin,907341
1790898622.971,api,0.010
1790898622.971,enginecore,1.764
1790898622.971,other_total,0.307
1790898622.971,store_0,0.000
1790898622.971,store_1,0.000
1790898622.971,store_2,0.000
1790898622.971,store_3,0.000
1790898622.971,store_4,0.000
1790898622.971,avail_mb,35606
1790898622.971,pswpin,907341
1790898623.981,api,0.000
1790898623.981,enginecore,1.149
1790898623.981,other_total,0.812
1790898623.981,store_0,0.000
1790898623.981,store_1,0.000
1790898623.981,store_2,0.000
1790898623.981,store_3,0.000
1790898623.981,store_4,0.000
1790898623.981,avail_mb,35593
1790898623.981,pswpin,907341
1790898624.990,api,0.010
1790898624.990,enginecore,2.159
1790898624.990,other_total,0.010
1790898624.990,store_0,0.000
1790898624.990,store_1,0.000
1790898624.990,store_2,0.000
1790898624.990,store_3,0.000
1790898624.990,store_4,0.000
1790898624.990,avail_mb,34333
1790898624.990,pswpin,907341
1790898626.000,api,0.178
1790898626.000,enginecore,0.931
1790898626.000,other_total,0.159
1790898626.000,store_0,0.000
1790898626.000,store_1,0.000
1790898626.000,store_2,0.000
1790898626.000,store_3,0.000
1790898626.000,store_4,0.000
1790898626.000,avail_mb,33771
1790898626.000,pswpin,907341
1790898627.010,api,0.218
1790898627.010,enginecore,0.020
1790898627.010,other_total,0.970
1790898627.010,store_0,0.000
1790898627.010,store_1,0.000
1790898627.010,store_2,0.000
1790898627.010,store_3,0.000
1790898627.010,store_4,0.000
1790898627.010,avail_mb,33771
1790898627.010,pswpin,907341
1790898628.020,api,0.000
1790898628.020,enginecore,1.584
1790898628.020,other_total,0.030
1790898628.020,store_0,0.000
1790898628.020,store_1,0.000
1790898628.020,store_2,0.000
1790898628.020,store_3,0.000
1790898628.020,store_4,0.000
1790898628.020,avail_mb,32537
1790898628.020,pswpin,907341
1790898629.031,api,0.020
1790898629.031,enginecore,0.573
1790898629.031,other_total,0.020
1790898629.031,store_0,0.000
1790898629.031,store_1,0.000
1790898629.031,store_2,0.000
1790898629.031,store_3,0.000
1790898629.031,store_4,0.000
1790898629.031,avail_mb,32456
1790898629.031,pswpin,907341
1790898630.042,api,0.168
1790898630.042,enginecore,0.030
1790898630.042,other_total,0.010
1790898630.042,store_0,0.000
1790898630.042,store_1,0.000
1790898630.042,store_2,0.000
1790898630.042,store_3,0.000
1790898630.042,store_4,0.000
1790898630.042,avail_mb,32408
1790898630.042,pswpin,907341
1790898631.053,api,0.247
1790898631.053,enginecore,0.030
1790898631.053,other_total,0.000
1790898631.053,store_0,0.000
1790898631.053,store_1,0.000
1790898631.053,store_2,0.000
1790898631.053,store_3,0.000
1790898631.053,store_4,0.000
1790898631.053,avail_mb,32415
1790898631.053,pswpin,907341
1790898632.065,api,0.049
1790898632.065,enginecore,0.059
1790898632.065,other_total,0.049
1790898632.065,store_0,0.000
1790898632.065,store_1,0.000
1790898632.065,store_2,0.000
1790898632.065,store_3,0.000
1790898632.065,store_4,0.000
1790898632.065,avail_mb,32365
1790898632.065,pswpin,907341
1790898633.074,api,0.010
1790898633.074,enginecore,0.614
1790898633.074,other_total,0.862
1790898633.074,store_0,0.000
1790898633.074,store_1,0.000
1790898633.074,store_2,0.000
1790898633.074,store_3,0.000
1790898633.074,store_4,0.109
1790898633.074,avail_mb,34975
1790898633.074,pswpin,907341
1790898634.083,api,0.000
1790898634.083,enginecore,0.020
1790898634.083,other_total,0.258
1790898634.083,store_0,0.000
1790898634.083,store_1,0.000
1790898634.083,store_2,0.000
1790898634.083,store_3,0.000
1790898634.083,store_4,0.000
1790898634.083,avail_mb,34847
1790898634.083,pswpin,907341
1790898635.094,api,0.000
1790898635.094,enginecore,0.020
1790898635.094,other_total,0.059
1790898635.094,store_0,0.000
1790898635.094,store_1,0.000
1790898635.094,store_2,0.000
1790898635.094,store_3,0.000
1790898635.094,store_4,0.000
1790898635.094,store_5,2.453
1790898635.094,avail_mb,34701
1790898635.094,pswpin,907341
1790898636.106,api,0.000
1790898636.106,enginecore,0.040
1790898636.106,other_total,0.366
1790898636.106,store_0,0.000
1790898636.106,store_1,0.000
1790898636.106,store_2,0.000
1790898636.106,store_3,0.000
1790898636.106,store_4,0.000
1790898636.106,store_5,0.000
1790898636.106,avail_mb,34394
1790898636.106,pswpin,907342
1790898637.115,api,3.764
1790898637.115,enginecore,0.010
1790898637.115,other_total,0.030
1790898637.115,store_0,0.000
1790898637.115,store_1,0.000
1790898637.115,store_2,0.000
1790898637.115,store_3,0.000
1790898637.115,store_4,0.000
1790898637.115,store_5,0.000
1790898637.115,avail_mb,34099
1790898637.115,pswpin,907342
1790898638.125,api,3.834
1790898638.125,enginecore,0.020
1790898638.125,other_total,0.069
1790898638.125,store_0,0.000
1790898638.125,store_1,0.000
1790898638.125,store_2,0.000
1790898638.125,store_3,0.000
1790898638.125,store_4,0.000
1790898638.125,store_5,0.000
1790898638.125,avail_mb,33908
1790898638.125,pswpin,907348
1790898639.134,api,1.991
1790898639.134,enginecore,0.030
1790898639.134,other_total,0.020
1790898639.134,store_0,0.000
1790898639.134,store_1,0.000
1790898639.134,store_2,0.000
1790898639.134,store_3,0.000
1790898639.134,store_4,0.000
1790898639.134,store_5,0.000
1790898639.134,avail_mb,33714
1790898639.134,pswpin,907348
1790898640.144,api,1.060
1790898640.144,enginecore,0.010
1790898640.144,other_total,0.030
1790898640.144,store_0,0.000
1790898640.144,store_1,0.000
1790898640.144,store_2,0.000
1790898640.144,store_3,0.000
1790898640.144,store_4,0.000
1790898640.144,store_5,0.000
1790898640.144,avail_mb,33639
1790898640.144,pswpin,907348
1790898641.153,api,0.376
1790898641.153,enginecore,0.030
1790898641.153,other_total,4.815
1790898641.153,store_0,0.000
1790898641.153,store_1,0.000
1790898641.153,store_2,0.000
1790898641.153,store_3,0.000
1790898641.153,store_4,0.000
1790898641.153,store_5,0.000
1790898641.153,avail_mb,32932
1790898641.153,pswpin,907348
1790898642.163,api,0.000
1790898642.163,enginecore,0.020
1790898642.163,other_total,1.951
1790898642.163,store_0,0.000
1790898642.163,store_1,0.000
1790898642.163,store_2,0.000
1790898642.163,store_3,0.000
1790898642.163,store_4,0.000
1790898642.163,store_5,0.000
1790898642.163,avail_mb,32692
1790898642.163,pswpin,907348
1790898643.172,api,0.000
1790898643.172,enginecore,0.010
1790898643.172,other_total,5.776
1790898643.172,store_0,0.000
1790898643.172,store_1,0.000
1790898643.172,store_2,0.000
1790898643.172,store_3,0.000
1790898643.172,store_4,0.000
1790898643.172,store_5,0.000
1790898643.172,avail_mb,32517
1790898643.172,pswpin,907348
1790898644.182,api,0.000
1790898644.182,enginecore,0.030
1790898644.182,other_total,1.980
1790898644.182,store_0,0.000
1790898644.182,store_1,0.000
1790898644.182,store_2,0.000
1790898644.182,store_3,0.000
1790898644.182,store_4,0.000
1790898644.182,store_5,0.000
1790898644.182,avail_mb,32172
1790898644.182,pswpin,907348
1790898645.192,api,0.010
1790898645.192,enginecore,1.634
1790898645.192,other_total,1.267
1790898645.192,store_0,0.000
1790898645.192,store_1,0.000
1790898645.192,store_2,0.000
1790898645.192,store_3,0.000
1790898645.192,store_4,0.000
1790898645.192,store_5,0.000
1790898645.192,avail_mb,31692
1790898645.192,pswpin,907348
1790898646.201,api,0.000
1790898646.201,enginecore,2.021
1790898646.201,other_total,0.892
1790898646.201,store_0,0.000
1790898646.201,store_1,0.000
1790898646.201,store_2,0.000
1790898646.201,store_3,0.000
1790898646.201,store_4,0.000
1790898646.201,store_5,0.000
1790898646.201,avail_mb,31224
1790898646.201,pswpin,907348
1790898647.211,api,0.010
1790898647.211,enginecore,1.525
1790898647.211,other_total,0.545
1790898647.211,store_0,0.000
1790898647.211,store_1,0.000
1790898647.211,store_2,0.000
1790898647.211,store_3,0.000
1790898647.211,store_4,0.000
1790898647.211,store_5,0.000
1790898647.211,avail_mb,31195
1790898647.211,pswpin,907348
1790898648.221,api,0.000
1790898648.221,enginecore,1.882
1790898648.221,other_total,0.564
1790898648.221,store_0,0.000
1790898648.221,store_1,0.000
1790898648.221,store_2,0.000
1790898648.221,store_3,0.000
1790898648.221,store_4,0.000
1790898648.221,store_5,0.000
1790898648.221,avail_mb,30093
1790898648.221,pswpin,907348
1790898649.230,api,0.059
1790898649.230,enginecore,1.387
1790898649.230,other_total,0.020
1790898649.230,store_0,0.000
1790898649.230,store_1,0.000
1790898649.230,store_2,0.000
1790898649.230,store_3,0.000
1790898649.230,store_4,0.000
1790898649.230,store_5,0.000
1790898649.230,avail_mb,29474
1790898649.230,pswpin,907348
1790898650.240,api,0.347
1790898650.240,enginecore,0.505
1790898650.240,other_total,0.574
1790898650.240,store_0,0.000
1790898650.240,store_1,0.000
1790898650.240,store_2,0.000
1790898650.240,store_3,0.000
1790898650.240,store_4,0.000
1790898650.240,store_5,0.000
1790898650.240,avail_mb,29401
1790898650.240,pswpin,907348
1790898651.249,api,0.000
1790898651.249,enginecore,0.902
1790898651.249,other_total,0.555
1790898651.249,store_0,0.000
1790898651.249,store_1,0.000
1790898651.249,store_2,0.000
1790898651.249,store_3,0.000
1790898651.249,store_4,0.000
1790898651.249,store_5,0.010
1790898651.249,avail_mb,28378
1790898651.249,pswpin,907348
1790898652.259,api,0.000
1790898652.259,enginecore,0.881
1790898652.259,other_total,0.010
1790898652.259,store_0,0.000
1790898652.259,store_1,0.000
1790898652.259,store_2,0.000
1790898652.259,store_3,0.000
1790898652.259,store_4,0.000
1790898652.259,store_5,0.000
1790898652.259,avail_mb,28134
1790898652.259,pswpin,907348
1790898653.270,api,0.059
1790898653.270,enginecore,0.396
1790898653.270,other_total,0.059
1790898653.270,store_0,0.000
1790898653.270,store_1,0.000
1790898653.270,store_2,0.000
1790898653.270,store_3,0.000
1790898653.270,store_4,0.000
1790898653.270,store_5,0.000
1790898653.270,avail_mb,28096
1790898653.270,pswpin,907348
1790898654.282,api,0.376
1790898654.282,enginecore,0.049
1790898654.282,other_total,0.000
1790898654.282,store_0,0.000
1790898654.282,store_1,0.000
1790898654.282,store_2,0.000
1790898654.282,store_3,0.000
1790898654.282,store_4,0.000
1790898654.282,store_5,0.000
1790898654.282,avail_mb,28060
1790898654.282,pswpin,907348
1790898655.293,api,0.000
1790898655.293,enginecore,0.000
1790898655.293,other_total,0.040
1790898655.293,store_0,0.000
1790898655.293,store_1,0.000
1790898655.293,store_2,0.000
1790898655.293,store_3,0.000
1790898655.293,store_4,0.000
1790898655.293,store_5,0.000
1790898655.293,avail_mb,28062
1790898655.293,pswpin,907348
1790898656.302,api,0.059
1790898656.302,enginecore,0.317
1790898656.302,other_total,0.020
1790898656.302,store_0,0.000
1790898656.302,store_1,0.000
1790898656.302,store_2,0.000
1790898656.302,store_3,0.000
1790898656.302,store_4,0.000
1790898656.302,store_5,0.030
1790898656.302,avail_mb,27851
1790898656.302,pswpin,907348
1790898657.311,api,0.020
1790898657.311,enginecore,0.654
1790898657.311,other_total,0.595
1790898657.311,store_0,0.000
1790898657.311,store_1,0.000
1790898657.311,store_2,0.000
1790898657.311,store_3,0.000
1790898657.311,store_4,0.000
1790898657.311,store_5,0.079
1790898657.311,avail_mb,30628
1790898657.311,pswpin,907348
1790898658.322,api,0.000
1790898658.322,enginecore,0.020
1790898658.322,other_total,2.375
1790898658.322,store_0,0.000
1790898658.322,store_1,0.000
1790898658.322,store_2,0.000
1790898658.322,store_3,0.000
1790898658.322,store_4,0.000
1790898658.322,store_5,0.000
1790898658.322,avail_mb,30410
1790898658.322,pswpin,907348
1790898659.333,api,0.000
1790898659.333,enginecore,0.020
1790898659.333,other_total,0.030
1790898659.333,store_0,0.000
1790898659.333,store_1,0.000
1790898659.333,store_2,0.000
1790898659.333,store_3,0.000
1790898659.333,store_4,0.000
1790898659.333,store_5,0.000
1790898659.333,store_6,0.336
1790898659.333,avail_mb,30346
1790898659.333,pswpin,907348
1790898660.343,api,0.000
1790898660.343,enginecore,0.030
1790898660.343,other_total,2.773
1790898660.343,store_0,0.000
1790898660.343,store_1,0.000
1790898660.343,store_2,0.000
1790898660.343,store_3,0.000
1790898660.343,store_4,0.000
1790898660.343,store_5,0.000
1790898660.343,store_6,0.000
1790898660.343,avail_mb,29929
1790898660.343,pswpin,907348
1790898661.352,api,1.922
1790898661.352,enginecore,0.020
1790898661.352,other_total,0.020
1790898661.352,store_0,0.000
1790898661.352,store_1,0.000
1790898661.352,store_2,0.000
1790898661.352,store_3,0.000
1790898661.352,store_4,0.000
1790898661.352,store_5,0.000
1790898661.352,store_6,0.000
1790898661.352,avail_mb,29717
1790898661.352,pswpin,907348
1790898662.361,api,3.827
1790898662.361,enginecore,0.030
1790898662.361,other_total,0.099
1790898662.361,store_0,0.000
1790898662.361,store_1,0.000
1790898662.361,store_2,0.000
1790898662.361,store_3,0.000
1790898662.361,store_4,0.000
1790898662.361,store_5,0.000
1790898662.361,store_6,0.000
1790898662.361,avail_mb,29496
1790898662.361,pswpin,907348
1790898663.371,api,2.011
1790898663.371,enginecore,0.010
1790898663.371,other_total,0.010
1790898663.371,store_0,0.000
1790898663.371,store_1,0.000
1790898663.371,store_2,0.000
1790898663.371,store_3,0.000
1790898663.371,store_4,0.000
1790898663.371,store_5,0.000
1790898663.371,store_6,0.000
1790898663.371,avail_mb,29277
1790898663.371,pswpin,907348
1790898664.382,api,0.613
1790898664.382,enginecore,0.040
1790898664.382,other_total,0.000
1790898664.382,store_0,0.000
1790898664.382,store_1,0.000
1790898664.382,store_2,0.000
1790898664.382,store_3,0.000
1790898664.382,store_4,0.000
1790898664.382,store_5,0.000
1790898664.382,store_6,0.000
1790898664.382,avail_mb,29251
1790898664.382,pswpin,907348
1790898665.392,api,0.367
1790898665.392,enginecore,0.030
1790898665.392,other_total,4.527
1790898665.392,store_0,0.000
1790898665.392,store_1,0.000
1790898665.392,store_2,0.000
1790898665.392,store_3,0.000
1790898665.392,store_4,0.000
1790898665.392,store_5,0.000
1790898665.392,store_6,0.000
1790898665.392,avail_mb,28448
1790898665.392,pswpin,907348
1790898666.402,api,0.000
1790898666.402,enginecore,0.010
1790898666.402,other_total,4.722
1790898666.402,store_0,0.000
1790898666.402,store_1,0.000
1790898666.402,store_2,0.000
1790898666.402,store_3,0.000
1790898666.402,store_4,0.000
1790898666.402,store_5,0.000
1790898666.402,store_6,0.000
1790898666.402,avail_mb,28249
1790898666.402,pswpin,907348
1790898667.412,api,0.000
1790898667.412,enginecore,0.020
1790898667.412,other_total,2.010
1790898667.412,store_0,0.000
1790898667.412,store_1,0.000
1790898667.412,store_2,0.000
1790898667.412,store_3,0.000
1790898667.412,store_4,0.000
1790898667.412,store_5,0.000
1790898667.412,store_6,0.000
1790898667.412,avail_mb,28028
1790898667.412,pswpin,907348
1790898668.422,api,0.010
1790898668.422,enginecore,0.040
1790898668.422,other_total,1.970
1790898668.422,store_0,0.000
1790898668.422,store_1,0.000
1790898668.422,store_2,0.000
1790898668.422,store_3,0.000
1790898668.422,store_4,0.000
1790898668.422,store_5,0.000
1790898668.422,store_6,0.000
1790898668.422,avail_mb,27729
1790898668.422,pswpin,907348
1790898669.432,api,0.000
1790898669.432,enginecore,1.445
1790898669.432,other_total,1.624
1790898669.432,store_0,0.000
1790898669.432,store_1,0.000
1790898669.432,store_2,0.000
1790898669.432,store_3,0.000
1790898669.432,store_4,0.000
1790898669.432,store_5,0.000
1790898669.432,store_6,0.000
1790898669.432,avail_mb,27291
1790898669.432,pswpin,907348
1790898670.442,api,0.020
1790898670.442,enginecore,2.030
1790898670.442,other_total,0.535
1790898670.442,store_0,0.000
1790898670.442,store_1,0.000
1790898670.442,store_2,0.000
1790898670.442,store_3,0.000
1790898670.442,store_4,0.000
1790898670.442,store_5,0.000
1790898670.442,store_6,0.000
1790898670.442,avail_mb,26850
1790898670.442,pswpin,907348
1790898671.452,api,0.000
1790898671.452,enginecore,1.347
1790898671.452,other_total,0.743
1790898671.452,store_0,0.000
1790898671.452,store_1,0.000
1790898671.452,store_2,0.000
1790898671.452,store_3,0.000
1790898671.452,store_4,0.000
1790898671.452,store_5,0.000
1790898671.452,store_6,0.000
1790898671.452,avail_mb,26811
1790898671.452,pswpin,907348
1790898672.461,api,0.000
1790898672.461,enginecore,1.020
1790898672.461,other_total,0.376
1790898672.461,store_0,0.000
1790898672.461,store_1,0.000
1790898672.461,store_2,0.000
1790898672.461,store_3,0.000
1790898672.461,store_4,0.000
1790898672.461,store_5,0.000
1790898672.461,store_6,0.000
1790898672.461,avail_mb,26775
1790898672.461,pswpin,907348
1790898673.472,api,0.000
1790898673.472,enginecore,0.990
1790898673.472,other_total,0.030
1790898673.472,store_0,0.000
1790898673.472,store_1,0.000
1790898673.472,store_2,0.000
1790898673.472,store_3,0.000
1790898673.472,store_4,0.000
1790898673.472,store_5,0.000
1790898673.472,store_6,0.000
1790898673.472,avail_mb,26255
1790898673.472,pswpin,907348
1790898674.481,api,0.010
1790898674.481,enginecore,0.327
1790898674.481,other_total,0.733
1790898674.481,store_0,0.000
1790898674.481,store_1,0.000
1790898674.481,store_2,0.000
1790898674.481,store_3,0.000
1790898674.481,store_4,0.000
1790898674.481,store_5,0.000
1790898674.481,store_6,0.000
1790898674.481,avail_mb,26238
1790898674.481,pswpin,907348
1790898675.490,api,0.010
1790898675.490,enginecore,0.040
1790898675.490,other_total,0.337
1790898675.490,store_0,0.000
1790898675.490,store_1,0.000
1790898675.490,store_2,0.000
1790898675.490,store_3,0.000
1790898675.490,store_4,0.000
1790898675.490,store_5,0.000
1790898675.490,store_6,0.000
1790898675.490,avail_mb,26230
1790898675.490,pswpin,907348
1790898676.502,api,0.000
1790898676.502,enginecore,0.020
1790898676.502,other_total,0.020
1790898676.502,store_0,0.000
1790898676.502,store_1,0.000
1790898676.502,store_2,0.000
1790898676.502,store_3,0.000
1790898676.502,store_4,0.000
1790898676.502,store_5,0.000
1790898676.502,store_6,0.000
1790898676.502,avail_mb,26237
1790898676.502,pswpin,907348
1790898677.513,api,0.000
1790898677.513,enginecore,0.010
1790898677.513,other_total,0.059
1790898677.513,store_0,0.000
1790898677.513,store_1,0.000
1790898677.513,store_2,0.000
1790898677.513,store_3,0.000
1790898677.513,store_4,0.000
1790898677.513,store_5,0.000
1790898677.513,store_6,0.000
1790898677.513,avail_mb,26244
1790898677.513,pswpin,907348
1790898678.524,api,0.010
1790898678.524,enginecore,0.059
1790898678.524,other_total,0.000
1790898678.524,store_0,0.000
1790898678.524,store_1,0.000
1790898678.524,store_2,0.000
1790898678.524,store_3,0.000
1790898678.524,store_4,0.000
1790898678.524,store_5,0.000
1790898678.524,store_6,0.000
1790898678.524,avail_mb,26249
1790898678.524,pswpin,907348
1790898679.536,api,0.000
1790898679.536,enginecore,1.018
1790898679.536,other_total,0.049
1790898679.536,store_0,0.000
1790898679.536,store_1,0.000
1790898679.536,store_2,0.000
1790898679.536,store_3,0.000
1790898679.536,store_4,0.000
1790898679.536,store_5,0.000
1790898679.536,store_6,0.000
1790898679.536,avail_mb,25119
1790898679.536,pswpin,907348
1790898680.547,api,0.049
1790898680.547,enginecore,0.366
1790898680.547,other_total,0.049
1790898680.547,store_0,0.000
1790898680.547,store_1,0.000
1790898680.547,store_2,0.000
1790898680.547,store_3,0.000
1790898680.547,store_4,0.000
1790898680.547,store_5,0.000
1790898680.547,store_6,0.000
1790898680.547,avail_mb,25087
1790898680.547,pswpin,907348
1790898681.559,api,0.376
1790898681.559,enginecore,0.059
1790898681.559,other_total,0.040
1790898681.559,store_0,0.000
1790898681.559,store_1,0.000
1790898681.559,store_2,0.000
1790898681.559,store_3,0.000
1790898681.559,store_4,0.000
1790898681.559,store_5,0.000
1790898681.559,store_6,0.000
1790898681.559,avail_mb,25040
1790898681.559,pswpin,907348
1790898682.569,api,0.000
1790898682.569,enginecore,1.633
1790898682.569,other_total,0.010
1790898682.569,store_0,0.000
1790898682.569,store_1,0.000
1790898682.569,store_2,0.000
1790898682.569,store_3,0.000
1790898682.569,store_4,0.000
1790898682.569,store_5,0.000
1790898682.569,store_6,0.000
1790898682.569,avail_mb,23759
1790898682.569,pswpin,907348
1790898683.580,api,0.000
1790898683.580,enginecore,0.633
1790898683.580,other_total,0.069
1790898683.580,store_0,0.000
1790898683.580,store_1,0.000
1790898683.580,store_2,0.000
1790898683.580,store_3,0.000
1790898683.580,store_4,0.000
1790898683.580,store_5,0.000
1790898683.580,store_6,0.000
1790898683.580,avail_mb,23686
1790898683.580,pswpin,907348
1790898684.592,api,0.198
1790898684.592,enginecore,0.020
1790898684.592,other_total,0.010
1790898684.592,store_0,0.000
1790898684.592,store_1,0.000
1790898684.592,store_2,0.000
1790898684.592,store_3,0.000
1790898684.592,store_4,0.000
1790898684.592,store_5,0.000
1790898684.592,store_6,0.000
1790898684.592,avail_mb,23634
1790898684.592,pswpin,907348
1790898685.603,api,0.227
1790898685.603,enginecore,0.049
1790898685.603,other_total,0.000
1790898685.603,store_0,0.000
1790898685.603,store_1,0.000
1790898685.603,store_2,0.000
1790898685.603,store_3,0.000
1790898685.603,store_4,0.000
1790898685.603,store_5,0.000
1790898685.603,store_6,0.000
1790898685.603,avail_mb,23637
1790898685.603,pswpin,907348
1790898686.613,api,0.069
1790898686.613,enginecore,0.584
1790898686.613,other_total,0.050
1790898686.613,store_0,0.000
1790898686.613,store_1,0.000
1790898686.613,store_2,0.000
1790898686.613,store_3,0.000
1790898686.613,store_4,0.000
1790898686.613,store_5,0.000
1790898686.613,store_6,0.050
1790898686.613,avail_mb,23215
1790898686.613,pswpin,907348
1790898687.624,api,0.000
1790898687.624,enginecore,0.604
1790898687.624,other_total,0.366
1790898687.624,store_0,0.000
1790898687.624,store_1,0.000
1790898687.624,store_2,0.000
1790898687.624,store_3,0.000
1790898687.624,store_4,0.000
1790898687.624,store_5,0.000
1790898687.624,store_6,0.049
1790898687.624,avail_mb,26333
1790898687.624,pswpin,907348
1790898688.633,api,0.000
1790898688.633,enginecore,0.030
1790898688.633,other_total,2.675
1790898688.633,store_0,0.000
1790898688.633,store_1,0.000
1790898688.633,store_2,0.000
1790898688.633,store_3,0.000
1790898688.633,store_4,0.000
1790898688.633,store_5,0.000
1790898688.633,store_6,0.000
1790898688.633,avail_mb,26018
1790898688.633,pswpin,907348
1790898689.644,api,0.000
1790898689.644,enginecore,0.030
1790898689.644,other_total,0.059
1790898689.644,store_0,0.000
1790898689.644,store_1,0.000
1790898689.644,store_2,0.000
1790898689.644,store_3,0.000
1790898689.644,store_4,0.000
1790898689.644,store_5,0.000
1790898689.644,store_6,0.000
1790898689.644,store_7,0.040
1790898689.644,avail_mb,26017
1790898689.644,pswpin,907348
1790898690.654,api,0.000
1790898690.654,enginecore,0.020
1790898690.654,other_total,3.308
1790898690.654,store_0,0.000
1790898690.654,store_1,0.000
1790898690.654,store_2,0.000
1790898690.654,store_3,0.000
1790898690.654,store_4,0.000
1790898690.654,store_5,0.000
1790898690.654,store_6,0.000
1790898690.654,store_7,0.000
1790898690.654,avail_mb,25443
1790898690.654,pswpin,907348
1790898691.664,api,3.932
1790898691.664,enginecore,0.050
1790898691.664,other_total,0.000
1790898691.664,store_0,0.000
1790898691.664,store_1,0.000
1790898691.664,store_2,0.000
1790898691.664,store_3,0.000
1790898691.664,store_4,0.000
1790898691.664,store_5,0.000
1790898691.664,store_6,0.000
1790898691.664,store_7,0.000
1790898691.664,avail_mb,25226
1790898691.664,pswpin,907348
1790898692.674,api,1.980
1790898692.674,enginecore,0.030
1790898692.674,other_total,0.040
1790898692.674,store_0,0.000
1790898692.674,store_1,0.000
1790898692.674,store_2,0.000
1790898692.674,store_3,0.000
1790898692.674,store_4,0.000
1790898692.674,store_5,0.000
1790898692.674,store_6,0.000
1790898692.674,store_7,0.000
1790898692.674,avail_mb,24979
1790898692.674,pswpin,907348
1790898693.709,api,1.440
1790898693.709,enginecore,0.010
1790898693.709,other_total,0.000
1790898693.709,store_0,0.000
1790898693.709,store_1,0.000
1790898693.709,store_2,0.000
1790898693.709,store_3,0.000
1790898693.709,store_4,0.000
1790898693.709,store_5,0.000
1790898693.709,store_6,0.000
1790898693.709,store_7,0.000
1790898693.709,avail_mb,24834
1790898693.709,pswpin,907348
1790898694.719,api,0.910
1790898694.719,enginecore,0.040
1790898694.719,other_total,0.247
1790898694.719,store_0,0.000
1790898694.719,store_1,0.000
1790898694.719,store_2,0.000
1790898694.719,store_3,0.000
1790898694.719,store_4,0.000
1790898694.719,store_5,0.000
1790898694.719,store_6,0.000
1790898694.719,store_7,0.000
1790898694.719,avail_mb,24319
1790898694.719,pswpin,907348
1790898695.729,api,0.000
1790898695.729,enginecore,0.040
1790898695.729,other_total,3.891
1790898695.729,store_0,0.000
1790898695.729,store_1,0.000
1790898695.729,store_2,0.000
1790898695.729,store_3,0.000
1790898695.729,store_4,0.000
1790898695.729,store_5,0.000
1790898695.729,store_6,0.000
1790898695.729,store_7,0.000
1790898695.729,avail_mb,23911
1790898695.729,pswpin,907348
1790898696.739,api,0.010
1790898696.739,enginecore,0.010
1790898696.739,other_total,3.841
1790898696.739,store_0,0.000
1790898696.739,store_1,0.000
1790898696.739,store_2,0.000
1790898696.739,store_3,0.000
1790898696.739,store_4,0.000
1790898696.739,store_5,0.000
1790898696.739,store_6,0.000
1790898696.739,store_7,0.000
1790898696.739,avail_mb,23701
1790898696.739,pswpin,907348
1790898697.749,api,0.010
1790898697.749,enginecore,0.050
1790898697.749,other_total,1.961
1790898697.749,store_0,0.000
1790898697.749,store_1,0.000
1790898697.749,store_2,0.000
1790898697.749,store_3,0.000
1790898697.749,store_4,0.000
1790898697.749,store_5,0.000
1790898697.749,store_6,0.000
1790898697.749,store_7,0.000
1790898697.749,avail_mb,23524
1790898697.749,pswpin,907348
1790898698.763,api,0.000
1790898698.763,enginecore,0.030
1790898698.763,other_total,2.595
1790898698.763,store_0,0.000
1790898698.763,store_1,0.000
1790898698.763,store_2,0.000
1790898698.763,store_3,0.000
1790898698.763,store_4,0.000
1790898698.763,store_5,0.000
1790898698.763,store_6,0.000
1790898698.763,store_7,0.000
1790898698.763,avail_mb,22859
1790898698.763,pswpin,907349
1790898699.773,api,0.000
1790898699.773,enginecore,1.346
1790898699.773,other_total,1.633
1790898699.773,store_0,0.000
1790898699.773,store_1,0.000
1790898699.773,store_2,0.000
1790898699.773,store_3,0.000
1790898699.773,store_4,0.000
1790898699.773,store_5,0.000
1790898699.773,store_6,0.000
1790898699.773,store_7,0.000
1790898699.773,avail_mb,22842
1790898699.773,pswpin,907349
1790898700.783,api,0.000
1790898700.783,enginecore,1.990
1790898700.783,other_total,0.089
1790898700.783,store_0,0.000
1790898700.783,store_1,0.000
1790898700.783,store_2,0.000
1790898700.783,store_3,0.000
1790898700.783,store_4,0.000
1790898700.783,store_5,0.000
1790898700.783,store_6,0.000
1790898700.783,store_7,0.000
1790898700.783,avail_mb,22362
1790898700.783,pswpin,907349
1790898701.793,api,0.000
1790898701.793,enginecore,1.040
1790898701.793,other_total,1.030
1790898701.793,store_0,0.000
1790898701.793,store_1,0.000
1790898701.793,store_2,0.000
1790898701.793,store_3,0.000
1790898701.793,store_4,0.000
1790898701.793,store_5,0.000
1790898701.793,store_6,0.000
1790898701.793,store_7,0.000
1790898701.793,avail_mb,22347
1790898701.793,pswpin,907349
1790898702.803,api,0.000
1790898702.803,enginecore,1.040
1790898702.803,other_total,0.000
1790898702.803,store_0,0.000
1790898702.803,store_1,0.000
1790898702.803,store_2,0.000
1790898702.803,store_3,0.000
1790898702.803,store_4,0.000
1790898702.803,store_5,0.000
1790898702.803,store_6,0.000
1790898702.803,store_7,0.000
1790898702.803,avail_mb,22350
1790898702.803,pswpin,907349
1790898703.812,api,0.000
1790898703.812,enginecore,0.960
1790898703.812,other_total,0.089
1790898703.812,store_0,0.000
1790898703.812,store_1,0.000
1790898703.812,store_2,0.000
1790898703.812,store_3,0.000
1790898703.812,store_4,0.000
1790898703.812,store_5,0.000
1790898703.812,store_6,0.000
1790898703.812,store_7,0.000
1790898703.812,avail_mb,21800
1790898703.812,pswpin,907349
1790898704.822,api,0.010
1790898704.822,enginecore,0.040
1790898704.822,other_total,1.000
1790898704.822,store_0,0.000
1790898704.822,store_1,0.000
1790898704.822,store_2,0.000
1790898704.822,store_3,0.000
1790898704.822,store_4,0.000
1790898704.822,store_5,0.000
1790898704.822,store_6,0.000
1790898704.822,store_7,0.000
1790898704.822,avail_mb,21817
1790898704.822,pswpin,907349
1790898705.834,api,0.000
1790898705.834,enginecore,0.020
1790898705.834,other_total,0.040
1790898705.834,store_0,0.000
1790898705.834,store_1,0.000
1790898705.834,store_2,0.000
1790898705.834,store_3,0.000
1790898705.834,store_4,0.000
1790898705.834,store_5,0.000
1790898705.834,store_6,0.000
1790898705.834,store_7,0.000
1790898705.834,avail_mb,21831
1790898705.834,pswpin,907349
1790898706.845,api,0.000
1790898706.845,enginecore,0.069
1790898706.845,other_total,0.000
1790898706.845,store_0,0.000
1790898706.845,store_1,0.000
1790898706.845,store_2,0.000
1790898706.845,store_3,0.000
1790898706.845,store_4,0.000
1790898706.845,store_5,0.000
1790898706.845,store_6,0.000
1790898706.845,store_7,0.000
1790898706.845,avail_mb,21839
1790898706.845,pswpin,907349
1790898707.857,api,0.000
1790898707.857,enginecore,0.049
1790898707.857,other_total,0.040
1790898707.857,store_0,0.000
1790898707.857,store_1,0.000
1790898707.857,store_2,0.000
1790898707.857,store_3,0.000
1790898707.857,store_4,0.000
1790898707.857,store_5,0.000
1790898707.857,store_6,0.000
1790898707.857,store_7,0.000
1790898707.857,avail_mb,21838
1790898707.857,pswpin,907349
1790898708.869,api,0.000
1790898708.869,enginecore,0.030
1790898708.869,other_total,0.010
1790898708.869,store_0,0.000
1790898708.869,store_1,0.000
1790898708.869,store_2,0.000
1790898708.869,store_3,0.000
1790898708.869,store_4,0.000
1790898708.869,store_5,0.000
1790898708.869,store_6,0.000
1790898708.869,store_7,0.000
1790898708.869,avail_mb,21846
1790898708.869,pswpin,907349
1790898709.880,api,0.000
1790898709.880,enginecore,0.049
1790898709.880,other_total,0.000
1790898709.880,store_0,0.000
1790898709.880,store_1,0.000
1790898709.880,store_2,0.000
1790898709.880,store_3,0.000
1790898709.880,store_4,0.000
1790898709.880,store_5,0.000
1790898709.880,store_6,0.000
1790898709.880,store_7,0.000
1790898709.880,avail_mb,21849
1790898709.880,pswpin,907349
1790898710.892,api,0.010
1790898710.892,enginecore,0.020
1790898710.892,other_total,0.069
1790898710.892,store_0,0.000
1790898710.892,store_1,0.000
1790898710.892,store_2,0.000
1790898710.892,store_3,0.000
1790898710.892,store_4,0.000
1790898710.892,store_5,0.000
1790898710.892,store_6,0.000
1790898710.892,store_7,0.000
1790898710.892,avail_mb,21849
1790898710.892,pswpin,907349
1790898711.904,api,0.010
1790898711.904,enginecore,0.049
1790898711.904,other_total,0.000
1790898711.904,store_0,0.000
1790898711.904,store_1,0.000
1790898711.904,store_2,0.000
1790898711.904,store_3,0.000
1790898711.904,store_4,0.000
1790898711.904,store_5,0.000
1790898711.904,store_6,0.000
1790898711.904,store_7,0.000
1790898711.904,avail_mb,21854
1790898711.904,pswpin,907349
1790898712.916,api,0.000
1790898712.916,enginecore,1.284
1790898712.916,other_total,0.000
1790898712.916,store_0,0.000
1790898712.916,store_1,0.000
1790898712.916,store_2,0.000
1790898712.916,store_3,0.000
1790898712.916,store_4,0.000
1790898712.916,store_5,0.000
1790898712.916,store_6,0.000
1790898712.916,store_7,0.000
1790898712.916,avail_mb,20698
1790898712.916,pswpin,907349
1790898713.928,api,0.089
1790898713.928,enginecore,0.148
1790898713.928,other_total,0.040
1790898713.928,store_0,0.000
1790898713.928,store_1,0.000
1790898713.928,store_2,0.000
1790898713.928,store_3,0.000
1790898713.928,store_4,0.000
1790898713.928,store_5,0.000
1790898713.928,store_6,0.000
1790898713.928,store_7,0.000
1790898713.928,avail_mb,20702
1790898713.928,pswpin,907349
1790898714.940,api,0.365
1790898714.940,enginecore,1.116
1790898714.940,other_total,0.000
1790898714.940,store_0,0.000
1790898714.940,store_1,0.000
1790898714.940,store_2,0.000
1790898714.940,store_3,0.000
1790898714.940,store_4,0.000
1790898714.940,store_5,0.000
1790898714.940,store_6,0.000
1790898714.940,store_7,0.000
1790898714.940,avail_mb,19538
1790898714.940,pswpin,907349
1790898715.952,api,0.000
1790898715.952,enginecore,0.880
1790898715.952,other_total,0.010
1790898715.952,store_0,0.000
1790898715.952,store_1,0.000
1790898715.952,store_2,0.000
1790898715.952,store_3,0.000
1790898715.952,store_4,0.000
1790898715.952,store_5,0.000
1790898715.952,store_6,0.000
1790898715.952,store_7,0.000
1790898715.952,avail_mb,19276
1790898715.952,pswpin,907349
1790898716.964,api,0.059
1790898716.964,enginecore,0.385
1790898716.964,other_total,0.059
1790898716.964,store_0,0.000
1790898716.964,store_1,0.000
1790898716.964,store_2,0.000
1790898716.964,store_3,0.000
1790898716.964,store_4,0.000
1790898716.964,store_5,0.000
1790898716.964,store_6,0.000
1790898716.964,store_7,0.000
1790898716.964,avail_mb,19274
1790898716.964,pswpin,907349
1790898717.976,api,0.376
1790898717.976,enginecore,0.059
1790898717.976,other_total,0.000
1790898717.976,store_0,0.000
1790898717.976,store_1,0.000
1790898717.976,store_2,0.000
1790898717.976,store_3,0.000
1790898717.976,store_4,0.000
1790898717.976,store_5,0.000
1790898717.976,store_6,0.000
1790898717.976,store_7,0.000
1790898717.976,avail_mb,19228
1790898717.976,pswpin,907349
1790898718.986,api,0.040
1790898718.986,enginecore,1.435
1790898718.986,other_total,0.129
1790898718.986,store_0,0.000
1790898718.986,store_1,0.000
1790898718.986,store_2,0.000
1790898718.986,store_3,0.000
1790898718.986,store_4,0.000
1790898718.986,store_5,0.000
1790898718.986,store_6,0.000
1790898718.986,store_7,0.109
1790898718.986,avail_mb,21823
1790898718.986,pswpin,907349
1790898719.998,api,0.000
1790898719.998,enginecore,0.010
1790898719.998,other_total,0.326
1790898719.998,store_0,0.000
1790898719.998,store_1,0.000
1790898719.998,store_2,0.000
1790898719.998,store_3,0.000
1790898719.998,store_4,0.000
1790898719.998,store_5,0.000
1790898719.998,store_6,0.000
1790898719.998,store_7,0.000
1790898719.998,avail_mb,21857
1790898719.998,pswpin,907349
1790898721.010,api,0.000
1790898721.010,client,3.163
1790898721.010,enginecore,0.049
1790898721.010,other_total,0.010
1790898721.010,store_0,0.000
1790898721.010,store_1,0.000
1790898721.010,store_2,0.000
1790898721.010,store_3,0.000
1790898721.010,store_4,0.000
1790898721.010,store_5,0.000
1790898721.010,store_6,0.000
1790898721.010,store_7,0.000
1790898721.010,avail_mb,21521
1790898721.010,pswpin,907349
1790898722.021,api,0.000
1790898722.021,client,0.000
1790898722.021,enginecore,0.030
1790898722.021,other_total,0.000
1790898722.021,store_0,0.000
1790898722.021,store_1,0.000
1790898722.021,store_2,0.000
1790898722.021,store_3,0.000
1790898722.021,store_4,0.000
1790898722.021,store_5,0.000
1790898722.021,store_6,0.000
1790898722.021,store_7,0.000
1790898722.021,avail_mb,21527
1790898722.021,pswpin,907349
1790898723.033,api,0.030
1790898723.033,client,0.010
1790898723.033,enginecore,0.020
1790898723.033,other_total,0.040
1790898723.033,store_0,0.000
1790898723.033,store_1,0.000
1790898723.033,store_2,0.000
1790898723.033,store_3,0.000
1790898723.033,store_4,0.000
1790898723.033,store_5,0.000
1790898723.033,store_6,0.000
1790898723.033,store_7,0.000
1790898723.033,avail_mb,21533
1790898723.033,pswpin,907349
1790898724.053,api,0.020
1790898724.053,client,0.010
1790898724.053,enginecore,1.049
1790898724.053,other_total,0.010
1790898724.053,store_0,0.000
1790898724.053,store_1,0.000
1790898724.053,store_2,0.000
1790898724.053,store_3,0.000
1790898724.053,store_4,0.000
1790898724.053,store_5,0.010
1790898724.053,store_6,0.000
1790898724.053,store_7,0.000
1790898724.053,avail_mb,21557
1790898724.053,pswpin,907349
1790898725.065,api,0.040
1790898725.065,client,0.010
1790898725.065,enginecore,2.204
1790898725.065,other_total,0.000
1790898725.065,store_0,0.000
1790898725.065,store_1,0.010
1790898725.065,store_2,0.010
1790898725.065,store_3,0.010
1790898725.065,store_4,0.000
1790898725.065,store_5,0.000
1790898725.065,store_6,0.000
1790898725.065,store_7,0.000
1790898725.065,avail_mb,21588
1790898725.065,pswpin,907349
1790898726.076,api,0.000
1790898726.076,client,0.000
1790898726.076,enginecore,0.761
1790898726.076,other_total,0.079
1790898726.076,store_0,0.000
1790898726.076,store_1,0.000
1790898726.076,store_2,0.010
1790898726.076,store_3,0.000
1790898726.076,store_4,0.000
1790898726.076,store_5,0.000
1790898726.076,store_6,0.000
1790898726.076,store_7,0.000
1790898726.076,avail_mb,21589
1790898726.076,pswpin,907349
1790898727.088,api,0.020
1790898727.088,client,0.000
1790898727.088,enginecore,2.540
1790898727.088,other_total,0.000
1790898727.088,store_0,0.000
1790898727.088,store_1,0.000
1790898727.088,store_2,0.010
1790898727.088,store_3,0.000
1790898727.088,store_4,0.000
1790898727.088,store_5,0.010
1790898727.088,store_6,0.010
1790898727.088,store_7,0.010
1790898727.088,avail_mb,21594
1790898727.088,pswpin,907349
1790898728.100,api,0.010
1790898728.100,client,0.000
1790898728.100,enginecore,3.845
1790898728.100,other_total,0.030
1790898728.100,store_0,0.010
1790898728.100,store_1,0.000
1790898728.100,store_2,0.030
1790898728.100,store_3,0.000
1790898728.100,store_4,0.010
1790898728.100,store_5,0.000
1790898728.100,store_6,0.000
1790898728.100,store_7,0.020
1790898728.100,avail_mb,21612
1790898728.100,pswpin,907349
1790898729.111,api,0.030
1790898729.111,client,0.020
1790898729.111,enginecore,3.362
1790898729.111,other_total,0.079
1790898729.111,store_0,0.000
1790898729.111,store_1,0.020
1790898729.111,store_2,0.000
1790898729.111,store_3,0.000
1790898729.111,store_4,0.000
1790898729.111,store_5,0.020
1790898729.111,store_6,0.000
1790898729.111,store_7,0.010
1790898729.111,avail_mb,21614
1790898729.111,pswpin,907349
1790898730.121,api,0.059
1790898730.121,client,0.000
1790898730.121,enginecore,3.744
1790898730.121,other_total,0.000
1790898730.121,store_0,0.000
1790898730.121,store_1,0.020
1790898730.121,store_2,0.010
1790898730.121,store_3,0.010
1790898730.121,store_4,0.010
1790898730.121,store_5,0.000
1790898730.121,store_6,0.010
1790898730.121,store_7,0.000
1790898730.121,avail_mb,21677
1790898730.121,pswpin,907349
1790898731.133,api,0.020
1790898731.133,client,0.000
1790898731.133,enginecore,2.510
1790898731.133,other_total,0.010
1790898731.133,store_0,0.030
1790898731.133,store_1,0.000
1790898731.133,store_2,0.000
1790898731.133,store_3,0.010
1790898731.133,store_4,0.010
1790898731.133,store_5,0.000
1790898731.133,store_6,0.000
1790898731.133,store_7,0.000
1790898731.133,avail_mb,21682
1790898731.133,pswpin,907349
1790898732.145,api,0.020
1790898732.145,client,0.000
1790898732.145,enginecore,2.658
1790898732.145,other_total,0.000
1790898732.145,store_0,0.000
1790898732.145,store_1,0.010
1790898732.145,store_2,0.000
1790898732.145,store_3,0.010
1790898732.145,store_4,0.000
1790898732.145,store_5,0.000
1790898732.145,store_6,0.020
1790898732.145,store_7,0.000
1790898732.145,avail_mb,21680
1790898732.145,pswpin,907349
1790898733.157,api,0.010
1790898733.157,client,0.000
1790898733.157,enginecore,1.957
1790898733.157,other_total,0.059
1790898733.157,store_0,0.000
1790898733.157,store_1,0.010
1790898733.157,store_2,0.000
1790898733.157,store_3,0.000
1790898733.157,store_4,0.020
1790898733.157,store_5,0.000
1790898733.157,store_6,0.000
1790898733.157,store_7,0.000
1790898733.157,avail_mb,21732
1790898733.157,pswpin,907349
1790898734.169,api,0.020
1790898734.169,client,0.000
1790898734.169,enginecore,1.245
1790898734.169,other_total,0.010
1790898734.169,store_0,0.000
1790898734.169,store_1,0.000
1790898734.169,store_2,0.000
1790898734.169,store_3,0.000
1790898734.169,store_4,0.000
1790898734.169,store_5,0.010
1790898734.169,store_6,0.000
1790898734.169,store_7,0.000
1790898734.169,avail_mb,21737
1790898734.169,pswpin,907349
1790898735.180,api,0.010
1790898735.180,client,0.000
1790898735.180,enginecore,0.652
1790898735.180,other_total,0.020
1790898735.180,store_0,0.010
1790898735.180,store_1,0.000
1790898735.180,store_2,0.000
1790898735.180,store_3,0.000
1790898735.180,store_4,0.000
1790898735.180,store_5,0.000
1790898735.180,store_6,0.000
1790898735.180,store_7,0.000
1790898735.180,avail_mb,21728
1790898735.180,pswpin,907349
1790898736.192,api,0.010
1790898736.192,client,0.010
1790898736.192,enginecore,1.225
1790898736.192,other_total,0.010
1790898736.192,store_0,0.010
1790898736.192,store_1,0.000
1790898736.192,store_2,0.000
1790898736.192,store_3,0.000
1790898736.192,store_4,0.010
1790898736.192,store_5,0.000
1790898736.192,store_6,0.000
1790898736.192,store_7,0.000
1790898736.192,avail_mb,21736
1790898736.192,pswpin,907349
1790898737.204,api,0.000
1790898737.204,client,0.010
1790898737.204,enginecore,3.400
1790898737.204,other_total,0.000
1790898737.204,store_0,0.000
1790898737.204,store_1,0.000
1790898737.204,store_2,0.000
1790898737.204,store_3,0.010
1790898737.204,store_4,0.000
1790898737.204,store_5,0.000
1790898737.204,store_6,0.020
1790898737.204,store_7,0.020
1790898737.204,avail_mb,21741
1790898737.204,pswpin,907349
1790898738.215,api,0.010
1790898738.215,client,0.000
1790898738.215,enginecore,0.653
1790898738.215,other_total,0.049
1790898738.215,store_0,0.000
1790898738.215,store_1,0.000
1790898738.215,store_2,0.000
1790898738.215,store_3,0.010
1790898738.215,store_4,0.000
1790898738.215,store_5,0.000
1790898738.215,store_6,0.000
1790898738.215,store_7,0.000
1790898738.215,avail_mb,21725
1790898738.215,pswpin,907349
1790898739.226,api,0.020
1790898739.226,client,0.010
1790898739.226,enginecore,1.858
1790898739.226,other_total,0.069
1790898739.226,store_0,0.000
1790898739.226,store_1,0.000
1790898739.226,store_2,0.000
1790898739.226,store_3,0.010
1790898739.226,store_4,0.000
1790898739.226,store_5,0.000
1790898739.226,store_6,0.010
1790898739.226,store_7,0.000
1790898739.226,avail_mb,21805
1790898739.226,pswpin,907349
1790898740.238,api,0.020
1790898740.238,client,0.000
1790898740.238,enginecore,0.030
1790898740.238,other_total,0.030
1790898740.238,store_0,0.000
1790898740.238,store_1,0.000
1790898740.238,store_2,0.000
1790898740.238,store_3,0.000
1790898740.238,store_4,0.000
1790898740.238,store_5,0.000
1790898740.238,store_6,0.000
1790898740.238,store_7,0.000
1790898740.238,avail_mb,21858
1790898740.238,pswpin,907349
1790898741.250,api,0.030
1790898741.250,enginecore,2.678
1790898741.250,other_total,0.148
1790898741.250,store_0,0.010
1790898741.250,store_1,0.000
1790898741.250,store_2,0.000
1790898741.250,store_3,0.000
1790898741.250,store_4,0.000
1790898741.250,store_5,0.020
1790898741.250,store_6,0.000
1790898741.250,store_7,0.000
1790898741.250,avail_mb,22009
1790898741.250,pswpin,907349
1790898742.261,api,0.000
1790898742.261,enginecore,0.030
1790898742.261,other_total,0.030
1790898742.261,store_0,0.000
1790898742.261,store_1,0.000
1790898742.261,store_2,0.000
1790898742.261,store_3,0.000
1790898742.261,store_4,0.000
1790898742.261,store_5,0.000
1790898742.261,store_6,0.000
1790898742.261,store_7,0.000
1790898742.261,avail_mb,22008
1790898742.261,pswpin,907349
1790898743.273,api,0.000
1790898743.273,enginecore,0.059
1790898743.273,other_total,0.000
1790898743.273,store_0,0.000
1790898743.273,store_1,0.000
1790898743.273,store_2,0.000
1790898743.273,store_3,0.000
1790898743.273,store_4,0.000
1790898743.273,store_5,0.000
1790898743.273,store_6,0.000
1790898743.273,store_7,0.000
1790898743.273,avail_mb,22009
1790898743.273,pswpin,907349
1790898744.284,api,0.020
1790898744.284,enginecore,0.030
1790898744.284,other_total,0.040
1790898744.284,store_0,0.000
1790898744.284,store_1,0.000
1790898744.284,store_2,0.000
1790898744.284,store_3,0.000
1790898744.284,store_4,0.000
1790898744.284,store_5,0.000
1790898744.284,store_6,0.000
1790898744.284,store_7,0.000
1790898744.284,avail_mb,22002
1790898744.284,pswpin,907349
1790898745.296,api,0.000
1790898745.296,enginecore,0.049
1790898745.296,other_total,0.000
1790898745.296,store_0,0.000
1790898745.296,store_1,0.000
1790898745.296,store_2,0.000
1790898745.296,store_3,0.000
1790898745.296,store_4,0.000
1790898745.296,store_5,0.000
1790898745.296,store_6,0.000
1790898745.296,store_7,0.000
1790898745.296,avail_mb,22003
1790898745.296,pswpin,907349
1790898746.307,api,0.000
1790898746.307,enginecore,0.030
1790898746.307,other_total,0.000
1790898746.307,store_0,0.000
1790898746.307,store_1,0.000
1790898746.307,store_2,0.000
1790898746.307,store_3,0.000
1790898746.307,store_4,0.000
1790898746.307,store_5,0.000
1790898746.307,store_6,0.000
1790898746.307,store_7,0.000
1790898746.307,avail_mb,22002
1790898746.307,pswpin,907349
1790898747.319,api,0.010
1790898747.319,enginecore,0.030
1790898747.319,other_total,0.208
1790898747.319,store_0,0.000
1790898747.319,store_1,0.000
1790898747.319,store_2,0.000
1790898747.319,store_3,0.000
1790898747.319,store_4,0.000
1790898747.319,store_5,0.000
1790898747.319,store_6,0.000
1790898747.319,store_7,0.000
1790898747.319,avail_mb,22000
1790898747.319,pswpin,907349
1790898748.330,api,0.000
1790898748.330,enginecore,0.049
1790898748.330,other_total,0.000
1790898748.330,store_0,0.000
1790898748.330,store_1,0.000
1790898748.330,store_2,0.000
1790898748.330,store_3,0.000
1790898748.330,store_4,0.000
1790898748.330,store_5,0.000
1790898748.330,store_6,0.000
1790898748.330,store_7,0.000
1790898748.330,avail_mb,21999
1790898748.330,pswpin,907349
1790898749.342,api,0.000
1790898749.342,enginecore,0.030
1790898749.342,other_total,0.010
1790898749.342,store_0,0.000
1790898749.342,store_1,0.000
1790898749.342,store_2,0.000
1790898749.342,store_3,0.000
1790898749.342,store_4,0.000
1790898749.342,store_5,0.000
1790898749.342,store_6,0.000
1790898749.342,store_7,0.000
1790898749.342,avail_mb,21997
1790898749.342,pswpin,907349
1790898750.351,api,0.050
1790898750.351,enginecore,0.040
1790898750.351,other_total,3.674
1790898750.351,store_0,0.000
1790898750.351,store_1,0.000
1790898750.351,store_2,0.000
1790898750.351,store_3,0.000
1790898750.351,store_4,0.000
1790898750.351,store_5,0.000
1790898750.351,store_6,0.000
1790898750.351,store_7,0.000
1790898750.351,avail_mb,21594
1790898750.351,pswpin,907351
1790898751.363,api,0.000
1790898751.363,client,0.000
1790898751.363,enginecore,0.040
1790898751.363,other_total,0.020
1790898751.363,store_0,0.000
1790898751.363,store_1,0.000
1790898751.363,store_2,0.000
1790898751.363,store_3,0.000
1790898751.363,store_4,0.000
1790898751.363,store_5,0.000
1790898751.363,store_6,0.000
1790898751.363,store_7,0.000
1790898751.363,avail_mb,21590
1790898751.363,pswpin,907351
1790898752.374,api,0.010
1790898752.374,client,0.000
1790898752.374,enginecore,0.030
1790898752.374,other_total,0.000
1790898752.374,store_0,0.000
1790898752.374,store_1,0.000
1790898752.374,store_2,0.000
1790898752.374,store_3,0.000
1790898752.374,store_4,0.000
1790898752.374,store_5,0.000
1790898752.374,store_6,0.000
1790898752.374,store_7,0.000
1790898752.374,avail_mb,21590
1790898752.374,pswpin,907351
1790898753.387,api,0.040
1790898753.387,client,0.010
1790898753.387,enginecore,0.899
1790898753.387,other_total,0.020
1790898753.387,store_0,0.000
1790898753.387,store_1,0.000
1790898753.387,store_2,0.000
1790898753.387,store_3,0.000
1790898753.387,store_4,0.000
1790898753.387,store_5,0.000
1790898753.387,store_6,0.000
1790898753.387,store_7,0.000
1790898753.387,avail_mb,21577
1790898753.387,pswpin,907351
1790898754.400,api,0.158
1790898754.400,client,0.049
1790898754.400,enginecore,6.444
1790898754.400,other_total,0.000
1790898754.400,store_0,0.000
1790898754.400,store_1,0.000
1790898754.400,store_2,0.000
1790898754.400,store_3,0.000
1790898754.400,store_4,0.000
1790898754.400,store_5,0.000
1790898754.400,store_6,0.000
1790898754.400,store_7,0.000
1790898754.400,avail_mb,21572
1790898754.400,pswpin,907351
1790898755.410,api,0.158
1790898755.410,client,0.050
1790898755.410,enginecore,4.654
1790898755.410,other_total,0.010
1790898755.410,store_0,0.000
1790898755.410,store_1,0.000
1790898755.410,store_2,0.000
1790898755.410,store_3,0.000
1790898755.410,store_4,0.000
1790898755.410,store_5,0.000
1790898755.410,store_6,0.000
1790898755.410,store_7,0.000
1790898755.410,avail_mb,21574
1790898755.410,pswpin,907353
1790898756.420,api,0.218
1790898756.420,client,0.089
1790898756.420,enginecore,8.821
1790898756.420,other_total,0.050
1790898756.420,store_0,0.000
1790898756.420,store_1,0.000
1790898756.420,store_2,0.000
1790898756.420,store_3,0.000
1790898756.420,store_4,0.000
1790898756.420,store_5,0.000
1790898756.420,store_6,0.000
1790898756.420,store_7,0.000
1790898756.420,avail_mb,21564
1790898756.420,pswpin,907355
1790898757.430,api,0.158
1790898757.430,client,0.040
1790898757.430,enginecore,5.919
1790898757.430,other_total,0.000
1790898757.430,store_0,0.000
1790898757.430,store_1,0.000
1790898757.430,store_2,0.000
1790898757.430,store_3,0.000
1790898757.430,store_4,0.000
1790898757.430,store_5,0.000
1790898757.430,store_6,0.000
1790898757.430,store_7,0.000
1790898757.430,avail_mb,21561
1790898757.430,pswpin,907355
1790898758.446,api,0.177
1790898758.446,client,0.079
1790898758.446,enginecore,7.776
1790898758.446,other_total,0.000
1790898758.446,store_0,0.000
1790898758.446,store_1,0.000
1790898758.446,store_2,0.000
1790898758.446,store_3,0.000
1790898758.446,store_4,0.000
1790898758.446,store_5,0.000
1790898758.446,store_6,0.000
1790898758.446,store_7,0.000
1790898758.446,avail_mb,21567
1790898758.446,pswpin,907355
1790898759.457,api,0.198
1790898759.457,client,0.079
1790898759.457,enginecore,7.657
1790898759.457,other_total,0.020
1790898759.457,store_0,0.000
1790898759.457,store_1,0.000
1790898759.457,store_2,0.000
1790898759.457,store_3,0.000
1790898759.457,store_4,0.000
1790898759.457,store_5,0.000
1790898759.457,store_6,0.000
1790898759.457,store_7,0.000
1790898759.457,avail_mb,21563
1790898759.457,pswpin,907355
1790898760.467,api,0.168
1790898760.467,client,0.079
1790898760.467,enginecore,6.585
1790898760.467,other_total,0.000
1790898760.467,store_0,0.000
1790898760.467,store_1,0.000
1790898760.467,store_2,0.000
1790898760.467,store_3,0.000
1790898760.467,store_4,0.000
1790898760.467,store_5,0.000
1790898760.467,store_6,0.000
1790898760.467,store_7,0.000
1790898760.467,avail_mb,21563
1790898760.467,pswpin,907355
1790898761.481,api,0.207
1790898761.481,client,0.069
1790898761.481,enginecore,8.800
1790898761.481,other_total,0.000
1790898761.481,store_0,0.000
1790898761.481,store_1,0.000
1790898761.481,store_2,0.000
1790898761.481,store_3,0.000
1790898761.481,store_4,0.000
1790898761.481,store_5,0.000
1790898761.481,store_6,0.000
1790898761.481,store_7,0.000
1790898761.481,avail_mb,21564
1790898761.481,pswpin,907355
1790898762.492,api,0.208
1790898762.492,client,0.069
1790898762.492,enginecore,8.818
1790898762.492,other_total,0.000
1790898762.492,store_0,0.000
1790898762.492,store_1,0.000
1790898762.492,store_2,0.000
1790898762.492,store_3,0.000
1790898762.492,store_4,0.000
1790898762.492,store_5,0.000
1790898762.492,store_6,0.000
1790898762.492,store_7,0.000
1790898762.492,avail_mb,21564
1790898762.492,pswpin,907355
1790898763.503,api,0.218
1790898763.503,client,0.109
1790898763.503,enginecore,10.007
1790898763.503,other_total,0.000
1790898763.503,store_0,0.000
1790898763.503,store_1,0.000
1790898763.503,store_2,0.000
1790898763.503,store_3,0.000
1790898763.503,store_4,0.000
1790898763.503,store_5,0.000
1790898763.503,store_6,0.000
1790898763.503,store_7,0.000
1790898763.503,avail_mb,21565
1790898763.503,pswpin,907355
1790898764.513,api,0.188
1790898764.513,client,0.099
1790898764.513,enginecore,8.067
1790898764.513,other_total,0.000
1790898764.513,store_0,0.000
1790898764.513,store_1,0.000
1790898764.513,store_2,0.000
1790898764.513,store_3,0.000
1790898764.513,store_4,0.000
1790898764.513,store_5,0.000
1790898764.513,store_6,0.000
1790898764.513,store_7,0.000
1790898764.513,avail_mb,21565
1790898764.513,pswpin,907355
1790898765.524,api,0.228
1790898765.524,client,0.079
1790898765.524,enginecore,8.497
1790898765.524,other_total,0.030
1790898765.524,store_0,0.000
1790898765.524,store_1,0.000
1790898765.524,store_2,0.000
1790898765.524,store_3,0.000
1790898765.524,store_4,0.000
1790898765.524,store_5,0.000
1790898765.524,store_6,0.000
1790898765.524,store_7,0.000
1790898765.524,avail_mb,21555
1790898765.524,pswpin,907355
1790898766.535,api,0.178
1790898766.535,client,0.059
1790898766.535,enginecore,6.184
1790898766.535,other_total,0.000
1790898766.535,store_0,0.000
1790898766.535,store_1,0.000
1790898766.535,store_2,0.000
1790898766.535,store_3,0.000
1790898766.535,store_4,0.000
1790898766.535,store_5,0.000
1790898766.535,store_6,0.000
1790898766.535,store_7,0.000
1790898766.535,avail_mb,21560
1790898766.535,pswpin,907355
1790898767.546,api,0.138
1790898767.546,client,0.059
1790898767.546,enginecore,6.357
1790898767.546,other_total,0.000
1790898767.546,store_0,0.000
1790898767.546,store_1,0.000
1790898767.546,store_2,0.000
1790898767.546,store_3,0.000
1790898767.546,store_4,0.000
1790898767.546,store_5,0.000
1790898767.546,store_6,0.000
1790898767.546,store_7,0.000
1790898767.546,avail_mb,21560
1790898767.546,pswpin,907355
1790898768.557,api,0.228
1790898768.557,client,0.079
1790898768.557,enginecore,8.478
1790898768.557,other_total,0.000
1790898768.557,store_0,0.000
1790898768.557,store_1,0.000
1790898768.557,store_2,0.000
1790898768.557,store_3,0.000
1790898768.557,store_4,0.000
1790898768.557,store_5,0.000
1790898768.557,store_6,0.000
1790898768.557,store_7,0.000
1790898768.557,avail_mb,21560
1790898768.557,pswpin,907355
1790898769.569,api,0.207
1790898769.569,client,0.119
1790898769.569,enginecore,8.762
1790898769.569,other_total,0.000
1790898769.569,store_0,0.000
1790898769.569,store_1,0.000
1790898769.569,store_2,0.000
1790898769.569,store_3,0.000
1790898769.569,store_4,0.000
1790898769.569,store_5,0.000
1790898769.569,store_6,0.000
1790898769.569,store_7,0.000
1790898769.569,avail_mb,21560
1790898769.569,pswpin,907355
1790898770.580,api,0.228
1790898770.580,client,0.079
1790898770.580,enginecore,9.023
1790898770.580,other_total,0.000
1790898770.580,store_0,0.000
1790898770.580,store_1,0.000
1790898770.580,store_2,0.000
1790898770.580,store_3,0.000
1790898770.580,store_4,0.000
1790898770.580,store_5,0.000
1790898770.580,store_6,0.000
1790898770.580,store_7,0.000
1790898770.580,avail_mb,21560
1790898770.580,pswpin,907355
1790898771.591,api,0.178
1790898771.591,client,0.030
1790898771.591,enginecore,6.690
1790898771.591,other_total,0.109
1790898771.591,store_0,0.000
1790898771.591,store_1,0.000
1790898771.591,store_2,0.000
1790898771.591,store_3,0.000
1790898771.591,store_4,0.000
1790898771.591,store_5,0.000
1790898771.591,store_6,0.000
1790898771.591,store_7,0.000
1790898771.591,avail_mb,21561
1790898771.591,pswpin,907355
1790898772.601,api,0.188
1790898772.601,client,0.089
1790898772.601,enginecore,8.469
1790898772.601,other_total,0.000
1790898772.601,store_0,0.000
1790898772.601,store_1,0.000
1790898772.601,store_2,0.000
1790898772.601,store_3,0.000
1790898772.601,store_4,0.000
1790898772.601,store_5,0.000
1790898772.601,store_6,0.000
1790898772.601,store_7,0.000
1790898772.601,avail_mb,21557
1790898772.601,pswpin,907355
1790898773.612,api,0.237
1790898773.612,client,0.089
1790898773.612,enginecore,9.965
1790898773.612,other_total,0.020
1790898773.612,store_0,0.000
1790898773.612,store_1,0.000
1790898773.612,store_2,0.000
1790898773.612,store_3,0.000
1790898773.612,store_4,0.000
1790898773.612,store_5,0.000
1790898773.612,store_6,0.000
1790898773.612,store_7,0.000
1790898773.612,avail_mb,21555
1790898773.612,pswpin,907355
1790898774.622,api,0.247
1790898774.622,client,0.109
1790898774.622,enginecore,9.849
1790898774.622,other_total,0.000
1790898774.622,store_0,0.000
1790898774.622,store_1,0.000
1790898774.622,store_2,0.000
1790898774.622,store_3,0.000
1790898774.622,store_4,0.000
1790898774.622,store_5,0.000
1790898774.622,store_6,0.000
1790898774.622,store_7,0.000
1790898774.622,avail_mb,21552
1790898774.622,pswpin,907355
1790898775.632,api,0.178
1790898775.632,client,0.069
1790898775.632,enginecore,6.644
1790898775.632,other_total,0.030
1790898775.632,store_0,0.000
1790898775.632,store_1,0.000
1790898775.632,store_2,0.000
1790898775.632,store_3,0.000
1790898775.632,store_4,0.000
1790898775.632,store_5,0.000
1790898775.632,store_6,0.000
1790898775.632,store_7,0.000
1790898775.632,avail_mb,21554
1790898775.632,pswpin,907355
1790898776.644,api,0.188
1790898776.644,client,0.079
1790898776.644,enginecore,7.408
1790898776.644,other_total,0.000
1790898776.644,store_0,0.000
1790898776.644,store_1,0.000
1790898776.644,store_2,0.000
1790898776.644,store_3,0.000
1790898776.644,store_4,0.000
1790898776.644,store_5,0.000
1790898776.644,store_6,0.000
1790898776.644,store_7,0.000
1790898776.644,avail_mb,21553
1790898776.644,pswpin,907355
1790898777.655,api,0.208
1790898777.655,client,0.059
1790898777.655,enginecore,7.295
1790898777.655,other_total,0.020
1790898777.655,store_0,0.000
1790898777.655,store_1,0.000
1790898777.655,store_2,0.000
1790898777.655,store_3,0.000
1790898777.655,store_4,0.000
1790898777.655,store_5,0.000
1790898777.655,store_6,0.000
1790898777.655,store_7,0.000
1790898777.655,avail_mb,21550
1790898777.655,pswpin,907355
1790898778.665,api,0.188
1790898778.665,client,0.089
1790898778.665,enginecore,7.402
1790898778.665,other_total,0.000
1790898778.665,store_0,0.000
1790898778.665,store_1,0.000
1790898778.665,store_2,0.000
1790898778.665,store_3,0.000
1790898778.665,store_4,0.000
1790898778.665,store_5,0.000
1790898778.665,store_6,0.000
1790898778.665,store_7,0.000
1790898778.665,avail_mb,21547
1790898778.665,pswpin,907355
1790898779.675,api,0.149
1790898779.675,client,0.040
1790898779.675,enginecore,6.089
1790898779.675,other_total,0.059
1790898779.675,store_0,0.000
1790898779.675,store_1,0.000
1790898779.675,store_2,0.000
1790898779.675,store_3,0.000
1790898779.675,store_4,0.000
1790898779.675,store_5,0.000
1790898779.675,store_6,0.000
1790898779.675,store_7,0.000
1790898779.675,avail_mb,21547
1790898779.675,pswpin,907355
1790898780.686,api,0.198
1790898780.686,client,0.040
1790898780.686,enginecore,6.748
1790898780.686,other_total,0.030
1790898780.686,store_0,0.000
1790898780.686,store_1,0.000
1790898780.686,store_2,0.000
1790898780.686,store_3,0.000
1790898780.686,store_4,0.000
1790898780.686,store_5,0.000
1790898780.686,store_6,0.000
1790898780.686,store_7,0.000
1790898780.686,avail_mb,21545
1790898780.686,pswpin,907355
1790898781.697,api,0.188
1790898781.697,client,0.089
1790898781.697,enginecore,6.694
1790898781.697,other_total,0.000
1790898781.697,store_0,0.000
1790898781.697,store_1,0.000
1790898781.697,store_2,0.000
1790898781.697,store_3,0.000
1790898781.697,store_4,0.000
1790898781.697,store_5,0.000
1790898781.697,store_6,0.000
1790898781.697,store_7,0.000
1790898781.697,avail_mb,21546
1790898781.697,pswpin,907355
1790898782.708,api,0.198
1790898782.708,client,0.069
1790898782.708,enginecore,9.021
1790898782.708,other_total,0.010
1790898782.708,store_0,0.000
1790898782.708,store_1,0.000
1790898782.708,store_2,0.000
1790898782.708,store_3,0.000
1790898782.708,store_4,0.000
1790898782.708,store_5,0.000
1790898782.708,store_6,0.000
1790898782.708,store_7,0.000
1790898782.708,avail_mb,21545
1790898782.708,pswpin,907355
1790898783.719,api,0.218
1790898783.719,client,0.079
1790898783.719,enginecore,6.977
1790898783.719,other_total,0.000
1790898783.719,store_0,0.000
1790898783.719,store_1,0.000
1790898783.719,store_2,0.000
1790898783.719,store_3,0.000
1790898783.719,store_4,0.000
1790898783.719,store_5,0.000
1790898783.719,store_6,0.000
1790898783.719,store_7,0.000
1790898783.719,avail_mb,21547
1790898783.719,pswpin,907355
1790898784.729,api,0.168
1790898784.729,client,0.069
1790898784.729,enginecore,6.541
1790898784.729,other_total,0.000
1790898784.729,store_0,0.000
1790898784.729,store_1,0.000
1790898784.729,store_2,0.000
1790898784.729,store_3,0.000
1790898784.729,store_4,0.000
1790898784.729,store_5,0.000
1790898784.729,store_6,0.000
1790898784.729,store_7,0.000
1790898784.729,avail_mb,21546
1790898784.729,pswpin,907355
1790898785.742,api,0.237
1790898785.742,client,0.089
1790898785.742,enginecore,9.737
1790898785.742,other_total,0.000
1790898785.742,store_0,0.000
1790898785.742,store_1,0.000
1790898785.742,store_2,0.000
1790898785.742,store_3,0.000
1790898785.742,store_4,0.000
1790898785.742,store_5,0.000
1790898785.742,store_6,0.000
1790898785.742,store_7,0.000
1790898785.742,avail_mb,21545
1790898785.742,pswpin,907355
1790898786.753,api,0.208
1790898786.753,client,0.089
1790898786.753,enginecore,8.288
1790898786.753,other_total,0.020
1790898786.753,store_0,0.000
1790898786.753,store_1,0.000
1790898786.753,store_2,0.000
1790898786.753,store_3,0.000
1790898786.753,store_4,0.000
1790898786.753,store_5,0.000
1790898786.753,store_6,0.000
1790898786.753,store_7,0.000
1790898786.753,avail_mb,21544
1790898786.753,pswpin,907355
1790898787.764,api,0.198
1790898787.764,client,0.099
1790898787.764,enginecore,9.711
1790898787.764,other_total,0.000
1790898787.764,store_0,0.000
1790898787.764,store_1,0.000
1790898787.764,store_2,0.000
1790898787.764,store_3,0.000
1790898787.764,store_4,0.000
1790898787.764,store_5,0.000
1790898787.764,store_6,0.000
1790898787.764,store_7,0.000
1790898787.764,avail_mb,21544
1790898787.764,pswpin,907355
1790898788.775,api,0.228
1790898788.775,client,0.059
1790898788.775,enginecore,8.322
1790898788.775,other_total,0.000
1790898788.775,store_0,0.000
1790898788.775,store_1,0.000
1790898788.775,store_2,0.000
1790898788.775,store_3,0.000
1790898788.775,store_4,0.000
1790898788.775,store_5,0.000
1790898788.775,store_6,0.000
1790898788.775,store_7,0.000
1790898788.775,avail_mb,21539
1790898788.775,pswpin,907355
1790898789.785,api,0.178
1790898789.785,client,0.079
1790898789.785,enginecore,9.472
1790898789.785,other_total,0.020
1790898789.785,store_0,0.000
1790898789.785,store_1,0.000
1790898789.785,store_2,0.000
1790898789.785,store_3,0.000
1790898789.785,store_4,0.000
1790898789.785,store_5,0.000
1790898789.785,store_6,0.000
1790898789.785,store_7,0.000
1790898789.785,avail_mb,21542
1790898789.785,pswpin,907355
1790898790.795,api,0.129
1790898790.795,client,0.050
1790898790.795,enginecore,3.742
1790898790.795,other_total,0.030
1790898790.795,store_0,0.000
1790898790.795,store_1,0.000
1790898790.795,store_2,0.000
1790898790.795,store_3,0.000
1790898790.795,store_4,0.000
1790898790.795,store_5,0.000
1790898790.795,store_6,0.000
1790898790.795,store_7,0.000
1790898790.795,avail_mb,21541
1790898790.795,pswpin,907355
1790898791.808,api,0.197
1790898791.808,client,0.059
1790898791.808,enginecore,7.699
1790898791.808,other_total,0.000
1790898791.808,store_0,0.000
1790898791.808,store_1,0.000
1790898791.808,store_2,0.000
1790898791.808,store_3,0.000
1790898791.808,store_4,0.000
1790898791.808,store_5,0.000
1790898791.808,store_6,0.000
1790898791.808,store_7,0.000
1790898791.808,avail_mb,21539
1790898791.808,pswpin,907355
1790898792.819,api,0.208
1790898792.819,client,0.059
1790898792.819,enginecore,9.868
1790898792.819,other_total,0.069
1790898792.819,store_0,0.000
1790898792.819,store_1,0.000
1790898792.819,store_2,0.000
1790898792.819,store_3,0.000
1790898792.819,store_4,0.000
1790898792.819,store_5,0.000
1790898792.819,store_6,0.000
1790898792.819,store_7,0.000
1790898792.819,avail_mb,21541
1790898792.819,pswpin,907355
1790898793.829,api,0.238
1790898793.829,client,0.099
1790898793.829,enginecore,9.098
1790898793.829,other_total,0.000
1790898793.829,store_0,0.000
1790898793.829,store_1,0.000
1790898793.829,store_2,0.000
1790898793.829,store_3,0.000
1790898793.829,store_4,0.000
1790898793.829,store_5,0.000
1790898793.829,store_6,0.000
1790898793.829,store_7,0.000
1790898793.829,avail_mb,21540
1790898793.829,pswpin,907355
1790898794.839,api,0.238
1790898794.839,client,0.129
1790898794.839,enginecore,10.461
1790898794.839,other_total,0.000
1790898794.839,store_0,0.000
1790898794.839,store_1,0.000
1790898794.839,store_2,0.000
1790898794.839,store_3,0.000
1790898794.839,store_4,0.000
1790898794.839,store_5,0.000
1790898794.839,store_6,0.000
1790898794.839,store_7,0.000
1790898794.839,avail_mb,21540
1790898794.839,pswpin,907355
1790898795.850,api,0.208
1790898795.850,client,0.069
1790898795.850,enginecore,9.489
1790898795.850,other_total,0.030
1790898795.850,store_0,0.000
1790898795.850,store_1,0.000
1790898795.850,store_2,0.000
1790898795.850,store_3,0.000
1790898795.850,store_4,0.000
1790898795.850,store_5,0.000
1790898795.850,store_6,0.000
1790898795.850,store_7,0.000
1790898795.850,avail_mb,21535
1790898795.850,pswpin,907355
1790898796.862,api,0.217
1790898796.862,client,0.069
1790898796.862,enginecore,9.275
1790898796.862,other_total,0.000
1790898796.862,store_0,0.000
1790898796.862,store_1,0.000
1790898796.862,store_2,0.000
1790898796.862,store_3,0.000
1790898796.862,store_4,0.000
1790898796.862,store_5,0.000
1790898796.862,store_6,0.000
1790898796.862,store_7,0.000
1790898796.862,avail_mb,21532
1790898796.862,pswpin,907355
1790898797.873,api,0.218
1790898797.873,client,0.109
1790898797.873,enginecore,8.582
1790898797.873,other_total,0.000
1790898797.873,store_0,0.000
1790898797.873,store_1,0.000
1790898797.873,store_2,0.000
1790898797.873,store_3,0.000
1790898797.873,store_4,0.000
1790898797.873,store_5,0.000
1790898797.873,store_6,0.000
1790898797.873,store_7,0.000
1790898797.873,avail_mb,21532
1790898797.873,pswpin,907355
1790898798.883,api,0.228
1790898798.883,client,0.089
1790898798.883,enginecore,10.006
1790898798.883,other_total,0.000
1790898798.883,store_0,0.000
1790898798.883,store_1,0.000
1790898798.883,store_2,0.000
1790898798.883,store_3,0.000
1790898798.883,store_4,0.000
1790898798.883,store_5,0.000
1790898798.883,store_6,0.000
1790898798.883,store_7,0.000
1790898798.883,avail_mb,21532
1790898798.883,pswpin,907355
1790898799.893,api,0.247
1790898799.893,client,0.049
1790898799.893,enginecore,9.592
1790898799.893,other_total,0.000
1790898799.893,store_0,0.000
1790898799.893,store_1,0.000
1790898799.893,store_2,0.000
1790898799.893,store_3,0.000
1790898799.893,store_4,0.000
1790898799.893,store_5,0.000
1790898799.893,store_6,0.000
1790898799.893,store_7,0.000
1790898799.893,avail_mb,21530
1790898799.893,pswpin,907355
1790898800.904,api,0.188
1790898800.904,client,0.079
1790898800.904,enginecore,7.858
1790898800.904,other_total,0.000
1790898800.904,store_0,0.000
1790898800.904,store_1,0.000
1790898800.904,store_2,0.000
1790898800.904,store_3,0.000
1790898800.904,store_4,0.000
1790898800.904,store_5,0.000
1790898800.904,store_6,0.000
1790898800.904,store_7,0.000
1790898800.904,avail_mb,21530
1790898800.904,pswpin,907355
1790898801.914,api,0.198
1790898801.914,client,0.069
1790898801.914,enginecore,8.322
1790898801.914,other_total,0.089
1790898801.914,store_0,0.000
1790898801.914,store_1,0.000
1790898801.914,store_2,0.000
1790898801.914,store_3,0.000
1790898801.914,store_4,0.000
1790898801.914,store_5,0.000
1790898801.914,store_6,0.000
1790898801.914,store_7,0.000
1790898801.914,avail_mb,21524
1790898801.914,pswpin,907355
1790898802.925,api,0.178
1790898802.925,client,0.089
1790898802.925,enginecore,6.728
1790898802.925,other_total,0.000
1790898802.925,store_0,0.000
1790898802.925,store_1,0.000
1790898802.925,store_2,0.000
1790898802.925,store_3,0.000
1790898802.925,store_4,0.000
1790898802.925,store_5,0.000
1790898802.925,store_6,0.000
1790898802.925,store_7,0.000
1790898802.925,avail_mb,21523
1790898802.925,pswpin,907355
1790898803.937,api,0.207
1790898803.937,client,0.059
1790898803.937,enginecore,8.257
1790898803.937,other_total,0.000
1790898803.937,store_0,0.000
1790898803.937,store_1,0.000
1790898803.937,store_2,0.000
1790898803.937,store_3,0.000
1790898803.937,store_4,0.000
1790898803.937,store_5,0.000
1790898803.937,store_6,0.000
1790898803.937,store_7,0.000
1790898803.937,avail_mb,21522
1790898803.937,pswpin,907355
1790898804.949,api,0.237
1790898804.949,client,0.069
1790898804.949,enginecore,9.668
1790898804.949,other_total,0.079
1790898804.949,store_0,0.000
1790898804.949,store_1,0.000
1790898804.949,store_2,0.000
1790898804.949,store_3,0.000
1790898804.949,store_4,0.000
1790898804.949,store_5,0.000
1790898804.949,store_6,0.000
1790898804.949,store_7,0.000
1790898804.949,avail_mb,21521
1790898804.949,pswpin,907355
1790898805.959,api,0.198
1790898805.959,client,0.089
1790898805.959,enginecore,6.981
1790898805.959,other_total,0.000
1790898805.959,store_0,0.000
1790898805.959,store_1,0.000
1790898805.959,store_2,0.000
1790898805.959,store_3,0.000
1790898805.959,store_4,0.000
1790898805.959,store_5,0.000
1790898805.959,store_6,0.000
1790898805.959,store_7,0.000
1790898805.959,avail_mb,21520
1790898805.959,pswpin,907355
1790898806.969,api,0.148
1790898806.969,client,0.040
1790898806.969,enginecore,4.969
1790898806.969,other_total,0.030
1790898806.969,store_0,0.000
1790898806.969,store_1,0.000
1790898806.969,store_2,0.000
1790898806.969,store_3,0.000
1790898806.969,store_4,0.000
1790898806.969,store_5,0.000
1790898806.969,store_6,0.000
1790898806.969,store_7,0.000
1790898806.969,avail_mb,21519
1790898806.969,pswpin,907355
1790898807.980,api,0.158
1790898807.980,client,0.049
1790898807.980,enginecore,5.857
1790898807.980,other_total,0.040
1790898807.980,store_0,0.000
1790898807.980,store_1,0.000
1790898807.980,store_2,0.000
1790898807.980,store_3,0.000
1790898807.980,store_4,0.000
1790898807.980,store_5,0.000
1790898807.980,store_6,0.000
1790898807.980,store_7,0.000
1790898807.980,avail_mb,21520
1790898807.980,pswpin,907355
1790898808.991,api,0.158
1790898808.991,client,0.059
1790898808.991,enginecore,6.448
1790898808.991,other_total,0.069
1790898808.991,store_0,0.000
1790898808.991,store_1,0.000
1790898808.991,store_2,0.000
1790898808.991,store_3,0.000
1790898808.991,store_4,0.000
1790898808.991,store_5,0.000
1790898808.991,store_6,0.000
1790898808.991,store_7,0.000
1790898808.991,avail_mb,21520
1790898808.991,pswpin,907355
1790898810.001,api,0.188
1790898810.001,client,0.050
1790898810.001,enginecore,8.010
1790898810.001,other_total,0.000
1790898810.001,store_0,0.000
1790898810.001,store_1,0.000
1790898810.001,store_2,0.000
1790898810.001,store_3,0.000
1790898810.001,store_4,0.000
1790898810.001,store_5,0.000
1790898810.001,store_6,0.000
1790898810.001,store_7,0.000
1790898810.001,avail_mb,21520
1790898810.001,pswpin,907355
1790898811.015,api,0.256
1790898811.015,client,0.109
1790898811.015,enginecore,9.283
1790898811.015,other_total,0.000
1790898811.015,store_0,0.000
1790898811.015,store_1,0.000
1790898811.015,store_2,0.000
1790898811.015,store_3,0.000
1790898811.015,store_4,0.000
1790898811.015,store_5,0.000
1790898811.015,store_6,0.000
1790898811.015,store_7,0.000
1790898811.015,avail_mb,21523
1790898811.015,pswpin,907355
1790898812.025,api,0.178
1790898812.025,client,0.079
1790898812.025,enginecore,9.086
1790898812.025,other_total,0.000
1790898812.025,store_0,0.000
1790898812.025,store_1,0.000
1790898812.025,store_2,0.000
1790898812.025,store_3,0.000
1790898812.025,store_4,0.000
1790898812.025,store_5,0.000
1790898812.025,store_6,0.000
1790898812.025,store_7,0.000
1790898812.025,avail_mb,21523
1790898812.025,pswpin,907355
1790898813.038,api,0.198
1790898813.038,client,0.049
1790898813.038,enginecore,6.202
1790898813.038,other_total,0.000
1790898813.038,store_0,0.000
1790898813.038,store_1,0.000
1790898813.038,store_2,0.000
1790898813.038,store_3,0.000
1790898813.038,store_4,0.000
1790898813.038,store_5,0.000
1790898813.038,store_6,0.000
1790898813.038,store_7,0.000
1790898813.038,avail_mb,21521
1790898813.038,pswpin,907355
1790898814.048,api,0.198
1790898814.048,client,0.089
1790898814.048,enginecore,7.671
1790898814.048,other_total,0.030
1790898814.048,store_0,0.000
1790898814.048,store_1,0.000
1790898814.048,store_2,0.000
1790898814.048,store_3,0.000
1790898814.048,store_4,0.000
1790898814.048,store_5,0.000
1790898814.048,store_6,0.000
1790898814.048,store_7,0.000
1790898814.048,avail_mb,21524
1790898814.048,pswpin,907355
1790898815.058,api,0.158
1790898815.058,client,0.059
1790898815.058,enginecore,6.087
1790898815.058,other_total,0.020
1790898815.058,store_0,0.000
1790898815.058,store_1,0.000
1790898815.058,store_2,0.000
1790898815.058,store_3,0.000
1790898815.058,store_4,0.000
1790898815.058,store_5,0.000
1790898815.058,store_6,0.000
1790898815.058,store_7,0.000
1790898815.058,avail_mb,21521
1790898815.058,pswpin,907356
1790898816.069,api,0.228
1790898816.069,client,0.069
1790898816.069,enginecore,8.529
1790898816.069,other_total,0.010
1790898816.069,store_0,0.000
1790898816.069,store_1,0.000
1790898816.069,store_2,0.000
1790898816.069,store_3,0.000
1790898816.069,store_4,0.000
1790898816.069,store_5,0.000
1790898816.069,store_6,0.000
1790898816.069,store_7,0.000
1790898816.069,avail_mb,21521
1790898816.069,pswpin,907357
1790898817.080,api,0.148
1790898817.080,client,0.049
1790898817.080,enginecore,5.547
1790898817.080,other_total,0.030
1790898817.080,store_0,0.000
1790898817.080,store_1,0.000
1790898817.080,store_2,0.000
1790898817.080,store_3,0.000
1790898817.080,store_4,0.000
1790898817.080,store_5,0.000
1790898817.080,store_6,0.000
1790898817.080,store_7,0.000
1790898817.080,avail_mb,21518
1790898817.080,pswpin,907357
1790898818.109,api,0.223
1790898818.109,client,0.078
1790898818.109,enginecore,8.813
1790898818.109,other_total,0.000
1790898818.109,store_0,0.000
1790898818.109,store_1,0.000
1790898818.109,store_2,0.000
1790898818.109,store_3,0.000
1790898818.109,store_4,0.000
1790898818.109,store_5,0.000
1790898818.109,store_6,0.000
1790898818.109,store_7,0.000
1790898818.109,avail_mb,21519
1790898818.109,pswpin,907360
1790898819.121,api,0.198
1790898819.121,client,0.069
1790898819.121,enginecore,8.195
1790898819.121,other_total,0.010
1790898819.121,store_0,0.000
1790898819.121,store_1,0.000
1790898819.121,store_2,0.000
1790898819.121,store_3,0.000
1790898819.121,store_4,0.000
1790898819.121,store_5,0.000
1790898819.121,store_6,0.000
1790898819.121,store_7,0.000
1790898819.121,avail_mb,21518
1790898819.121,pswpin,907360
1790898820.131,api,0.208
1790898820.131,client,0.059
1790898820.131,enginecore,7.237
1790898820.131,other_total,0.000
1790898820.131,store_0,0.000
1790898820.131,store_1,0.000
1790898820.131,store_2,0.000
1790898820.131,store_3,0.000
1790898820.131,store_4,0.000
1790898820.131,store_5,0.000
1790898820.131,store_6,0.000
1790898820.131,store_7,0.000
1790898820.131,avail_mb,21515
1790898820.131,pswpin,907360
1790898821.141,api,0.218
1790898821.141,client,0.069
1790898821.141,enginecore,7.098
1790898821.141,other_total,0.000
1790898821.141,store_0,0.000
1790898821.141,store_1,0.000
1790898821.141,store_2,0.000
1790898821.141,store_3,0.000
1790898821.141,store_4,0.000
1790898821.141,store_5,0.000
1790898821.141,store_6,0.000
1790898821.141,store_7,0.000
1790898821.141,avail_mb,21517
1790898821.141,pswpin,907360
1790898822.152,api,0.198
1790898822.152,client,0.049
1790898822.152,enginecore,8.960
1790898822.152,other_total,0.010
1790898822.152,store_0,0.000
1790898822.152,store_1,0.000
1790898822.152,store_2,0.000
1790898822.152,store_3,0.000
1790898822.152,store_4,0.000
1790898822.152,store_5,0.000
1790898822.152,store_6,0.000
1790898822.152,store_7,0.000
1790898822.152,avail_mb,21517
1790898822.152,pswpin,907360
1790898823.163,api,0.178
1790898823.163,client,0.099
1790898823.163,enginecore,7.074
1790898823.163,other_total,0.000
1790898823.163,store_0,0.000
1790898823.163,store_1,0.000
1790898823.163,store_2,0.000
1790898823.163,store_3,0.000
1790898823.163,store_4,0.000
1790898823.163,store_5,0.000
1790898823.163,store_6,0.000
1790898823.163,store_7,0.000
1790898823.163,avail_mb,21515
1790898823.163,pswpin,907360
1790898824.174,api,0.178
1790898824.174,client,0.040
1790898824.174,enginecore,7.392
1790898824.174,other_total,0.000
1790898824.174,store_0,0.000
1790898824.174,store_1,0.000
1790898824.174,store_2,0.000
1790898824.174,store_3,0.000
1790898824.174,store_4,0.000
1790898824.174,store_5,0.000
1790898824.174,store_6,0.000
1790898824.174,store_7,0.000
1790898824.174,avail_mb,21514
1790898824.174,pswpin,907360
1790898825.184,api,0.148
1790898825.184,client,0.040
1790898825.184,enginecore,3.117
1790898825.184,other_total,0.000
1790898825.184,store_0,0.000
1790898825.184,store_1,0.000
1790898825.184,store_2,0.000
1790898825.184,store_3,0.000
1790898825.184,store_4,0.000
1790898825.184,store_5,0.000
1790898825.184,store_6,0.000
1790898825.184,store_7,0.000
1790898825.184,avail_mb,21517
1790898825.184,pswpin,907360
1790898826.194,api,0.158
1790898826.194,client,0.049
1790898826.194,enginecore,5.721
1790898826.194,other_total,0.040
1790898826.194,store_0,0.000
1790898826.194,store_1,0.000
1790898826.194,store_2,0.000
1790898826.194,store_3,0.000
1790898826.194,store_4,0.000
1790898826.194,store_5,0.000
1790898826.194,store_6,0.000
1790898826.194,store_7,0.000
1790898826.194,avail_mb,21522
1790898826.194,pswpin,907360
1790898827.205,api,0.178
1790898827.205,client,0.059
1790898827.205,enginecore,6.382
1790898827.205,other_total,0.000
1790898827.205,store_0,0.000
1790898827.205,store_1,0.000
1790898827.205,store_2,0.000
1790898827.205,store_3,0.000
1790898827.205,store_4,0.000
1790898827.205,store_5,0.000
1790898827.205,store_6,0.000
1790898827.205,store_7,0.000
1790898827.205,avail_mb,21521
1790898827.205,pswpin,907360
1790898828.216,api,0.178
1790898828.216,client,0.059
1790898828.216,enginecore,7.278
1790898828.216,other_total,0.000
1790898828.216,store_0,0.000
1790898828.216,store_1,0.000
1790898828.216,store_2,0.000
1790898828.216,store_3,0.000
1790898828.216,store_4,0.000
1790898828.216,store_5,0.000
1790898828.216,store_6,0.000
1790898828.216,store_7,0.000
1790898828.216,avail_mb,21523
1790898828.216,pswpin,907360
1790898829.227,api,0.218
1790898829.227,client,0.069
1790898829.227,enginecore,8.371
1790898829.227,other_total,0.000
1790898829.227,store_0,0.000
1790898829.227,store_1,0.000
1790898829.227,store_2,0.000
1790898829.227,store_3,0.000
1790898829.227,store_4,0.000
1790898829.227,store_5,0.000
1790898829.227,store_6,0.000
1790898829.227,store_7,0.000
1790898829.227,avail_mb,21514
1790898829.227,pswpin,907360
1790898830.238,api,0.208
1790898830.238,client,0.059
1790898830.238,enginecore,6.835
1790898830.238,other_total,0.000
1790898830.238,store_0,0.000
1790898830.238,store_1,0.000
1790898830.238,store_2,0.000
1790898830.238,store_3,0.000
1790898830.238,store_4,0.000
1790898830.238,store_5,0.000
1790898830.238,store_6,0.000
1790898830.238,store_7,0.000
1790898830.238,avail_mb,21512
1790898830.238,pswpin,907360
1790898831.255,api,0.226
1790898831.255,client,0.079
1790898831.255,enginecore,20.610
1790898831.255,other_total,0.010
1790898831.255,store_0,0.000
1790898831.255,store_1,0.000
1790898831.255,store_2,0.000
1790898831.255,store_3,0.000
1790898831.255,store_4,0.000
1790898831.255,store_5,0.000
1790898831.255,store_6,0.000
1790898831.255,store_7,0.000
1790898831.255,avail_mb,21512
1790898831.255,pswpin,907360
1790898832.279,api,0.107
1790898832.279,client,0.029
1790898832.279,enginecore,31.756
1790898832.279,other_total,0.020
1790898832.279,store_0,0.000
1790898832.279,store_1,0.000
1790898832.279,store_2,0.000
1790898832.279,store_3,0.000
1790898832.279,store_4,0.000
1790898832.279,store_5,0.000
1790898832.279,store_6,0.000
1790898832.279,store_7,0.000
1790898832.279,avail_mb,21506
1790898832.279,pswpin,907360
1790898833.302,api,0.059
1790898833.302,client,0.020
1790898833.302,enginecore,31.821
1790898833.302,other_total,0.039
1790898833.302,store_0,0.000
1790898833.302,store_1,0.000
1790898833.302,store_2,0.000
1790898833.302,store_3,0.000
1790898833.302,store_4,0.000
1790898833.302,store_5,0.000
1790898833.302,store_6,0.000
1790898833.302,store_7,0.000
1790898833.302,avail_mb,21507
1790898833.302,pswpin,907360
1790898834.335,api,0.058
1790898834.335,client,0.019
1790898834.335,enginecore,31.873
1790898834.335,other_total,0.000
1790898834.335,store_0,0.000
1790898834.335,store_1,0.000
1790898834.335,store_2,0.000
1790898834.335,store_3,0.000
1790898834.335,store_4,0.000
1790898834.335,store_5,0.000
1790898834.335,store_6,0.000
1790898834.335,store_7,0.000
1790898834.335,avail_mb,21507
1790898834.335,pswpin,907360
1790898835.356,api,0.088
1790898835.356,client,0.020
1790898835.356,enginecore,31.729
1790898835.356,other_total,0.039
1790898835.356,store_0,0.000
1790898835.356,store_1,0.000
1790898835.356,store_2,0.000
1790898835.356,store_3,0.000
1790898835.356,store_4,0.000
1790898835.356,store_5,0.000
1790898835.356,store_6,0.000
1790898835.356,store_7,0.000
1790898835.356,avail_mb,21497
1790898835.356,pswpin,907360
1790898836.385,api,0.029
1790898836.385,client,0.010
1790898836.385,enginecore,31.891
1790898836.385,other_total,0.019
1790898836.385,store_0,0.000
1790898836.385,store_1,0.000
1790898836.385,store_2,0.000
1790898836.385,store_3,0.000
1790898836.385,store_4,0.000
1790898836.385,store_5,0.000
1790898836.385,store_6,0.000
1790898836.385,store_7,0.000
1790898836.385,avail_mb,21496
1790898836.385,pswpin,907360
1790898837.402,api,0.069
1790898837.402,client,0.029
1790898837.402,enginecore,31.773
1790898837.402,other_total,0.000
1790898837.402,store_0,0.000
1790898837.402,store_1,0.000
1790898837.402,store_2,0.000
1790898837.402,store_3,0.000
1790898837.402,store_4,0.000
1790898837.402,store_5,0.000
1790898837.402,store_6,0.000
1790898837.402,store_7,0.000
1790898837.402,avail_mb,21495
1790898837.402,pswpin,907360
1790898838.420,api,0.098
1790898838.420,client,0.049
1790898838.420,enginecore,31.620
1790898838.420,other_total,0.069
1790898838.420,store_0,0.000
1790898838.420,store_1,0.000
1790898838.420,store_2,0.000
1790898838.420,store_3,0.000
1790898838.420,store_4,0.000
1790898838.420,store_5,0.000
1790898838.420,store_6,0.000
1790898838.420,store_7,0.000
1790898838.420,avail_mb,21494
1790898838.420,pswpin,907360
1790898839.446,api,0.078
1790898839.446,client,0.039
1790898839.446,enginecore,31.782
1790898839.446,other_total,0.029
1790898839.446,store_0,0.000
1790898839.446,store_1,0.000
1790898839.446,store_2,0.000
1790898839.446,store_3,0.000
1790898839.446,store_4,0.000
1790898839.446,store_5,0.000
1790898839.446,store_6,0.000
1790898839.446,store_7,0.000
1790898839.446,avail_mb,21492
1790898839.446,pswpin,907360
1790898840.486,api,0.154
1790898840.486,client,0.048
1790898840.486,enginecore,31.550
1790898840.486,other_total,0.058
1790898840.486,store_0,0.000
1790898840.486,store_1,0.000
1790898840.486,store_2,0.000
1790898840.486,store_3,0.000
1790898840.486,store_4,0.000
1790898840.486,store_5,0.000
1790898840.486,store_6,0.000
1790898840.486,store_7,0.000
1790898840.486,avail_mb,21491
1790898840.486,pswpin,907360
1790898841.546,api,0.057
1790898841.546,client,0.028
1790898841.546,enginecore,31.843
1790898841.546,other_total,0.000
1790898841.546,store_0,0.000
1790898841.546,store_1,0.000
1790898841.546,store_2,0.000
1790898841.546,store_3,0.000
1790898841.546,store_4,0.000
1790898841.546,store_5,0.000
1790898841.546,store_6,0.000
1790898841.546,store_7,0.000
1790898841.546,avail_mb,21484
1790898841.546,pswpin,907360
1790898842.595,api,0.086
1790898842.595,client,0.019
1790898842.595,enginecore,31.765
1790898842.595,other_total,0.076
1790898842.595,store_0,0.000
1790898842.595,store_1,0.000
1790898842.595,store_2,0.000
1790898842.595,store_3,0.000
1790898842.595,store_4,0.000
1790898842.595,store_5,0.000
1790898842.595,store_6,0.000
1790898842.595,store_7,0.000
1790898842.595,avail_mb,21481
1790898842.595,pswpin,907360
1790898843.662,api,0.122
1790898843.662,client,0.056
1790898843.662,enginecore,31.691
1790898843.662,other_total,0.000
1790898843.662,store_0,0.000
1790898843.662,store_1,0.000
1790898843.662,store_2,0.000
1790898843.662,store_3,0.000
1790898843.662,store_4,0.000
1790898843.662,store_5,0.000
1790898843.662,store_6,0.000
1790898843.662,store_7,0.000
1790898843.662,avail_mb,21478
1790898843.662,pswpin,907360
1790898844.703,api,0.173
1790898844.703,client,0.067
1790898844.703,enginecore,31.594
1790898844.703,other_total,0.048
1790898844.703,store_0,0.000
1790898844.703,store_1,0.000
1790898844.703,store_2,0.000
1790898844.703,store_3,0.000
1790898844.703,store_4,0.000
1790898844.703,store_5,0.000
1790898844.703,store_6,0.000
1790898844.703,store_7,0.000
1790898844.703,avail_mb,21473
1790898844.703,pswpin,907360
1790898845.747,api,0.153
1790898845.747,client,0.048
1790898845.747,enginecore,31.707
1790898845.747,other_total,0.019
1790898845.747,store_0,0.000
1790898845.747,store_1,0.000
1790898845.747,store_2,0.000
1790898845.747,store_3,0.000
1790898845.747,store_4,0.000
1790898845.747,store_5,0.000
1790898845.747,store_6,0.000
1790898845.747,store_7,0.000
1790898845.747,avail_mb,21471
1790898845.747,pswpin,907360
1790898846.795,api,0.076
1790898846.795,client,0.048
1790898846.795,enginecore,31.807
1790898846.795,other_total,0.010
1790898846.795,store_0,0.000
1790898846.795,store_1,0.000
1790898846.795,store_2,0.000
1790898846.795,store_3,0.000
1790898846.795,store_4,0.000
1790898846.795,store_5,0.000
1790898846.795,store_6,0.000
1790898846.795,store_7,0.000
1790898846.795,avail_mb,21469
1790898846.795,pswpin,907360
1790898847.850,api,0.095
1790898847.850,client,0.038
1790898847.850,enginecore,31.807
1790898847.850,other_total,0.028
1790898847.850,store_0,0.000
1790898847.850,store_1,0.000
1790898847.850,store_2,0.000
1790898847.850,store_3,0.000
1790898847.850,store_4,0.000
1790898847.850,store_5,0.000
1790898847.850,store_6,0.000
1790898847.850,store_7,0.000
1790898847.850,avail_mb,21464
1790898847.850,pswpin,907360
1790898848.873,api,0.029
1790898848.873,client,0.000
1790898848.873,enginecore,31.854
1790898848.873,other_total,0.049
1790898848.873,store_0,0.000
1790898848.873,store_1,0.000
1790898848.873,store_2,0.000
1790898848.873,store_3,0.000
1790898848.873,store_4,0.000
1790898848.873,store_5,0.000
1790898848.873,store_6,0.000
1790898848.873,store_7,0.000
1790898848.873,avail_mb,21461
1790898848.873,pswpin,907360
1790898849.891,api,0.079
1790898849.891,client,0.039
1790898849.891,enginecore,31.746
1790898849.891,other_total,0.010
1790898849.891,store_0,0.000
1790898849.891,store_1,0.000
1790898849.891,store_2,0.000
1790898849.891,store_3,0.000
1790898849.891,store_4,0.000
1790898849.891,store_5,0.000
1790898849.891,store_6,0.000
1790898849.891,store_7,0.000
1790898849.891,avail_mb,21460
1790898849.891,pswpin,907361
1790898850.916,api,0.156
1790898850.916,client,0.049
1790898850.916,enginecore,31.516
1790898850.916,other_total,0.137
1790898850.916,store_0,0.000
1790898850.916,store_1,0.000
1790898850.916,store_2,0.000
1790898850.916,store_3,0.000
1790898850.916,store_4,0.000
1790898850.916,store_5,0.000
1790898850.916,store_6,0.000
1790898850.916,store_7,0.000
1790898850.916,avail_mb,21460
1790898850.916,pswpin,907361
1790898851.930,api,0.197
1790898851.930,client,0.089
1790898851.930,enginecore,25.380
1790898851.930,other_total,0.000
1790898851.930,store_0,0.000
1790898851.930,store_1,0.000
1790898851.930,store_2,0.000
1790898851.930,store_3,0.000
1790898851.930,store_4,0.000
1790898851.930,store_5,0.000
1790898851.930,store_6,0.000
1790898851.930,store_7,0.000
1790898851.930,avail_mb,21460
1790898851.930,pswpin,907362
1790898852.943,api,0.217
1790898852.943,client,0.079
1790898852.943,enginecore,9.527
1790898852.943,other_total,0.000
1790898852.943,store_0,0.000
1790898852.943,store_1,0.000
1790898852.943,store_2,0.000
1790898852.943,store_3,0.000
1790898852.943,store_4,0.000
1790898852.943,store_5,0.000
1790898852.943,store_6,0.000
1790898852.943,store_7,0.000
1790898852.943,avail_mb,21464
1790898852.943,pswpin,907362
1790898853.955,api,0.217
1790898853.955,client,0.059
1790898853.955,enginecore,8.980
1790898853.955,other_total,0.049
1790898853.955,store_0,0.000
1790898853.955,store_1,0.000
1790898853.955,store_2,0.000
1790898853.955,store_3,0.000
1790898853.955,store_4,0.000
1790898853.955,store_5,0.000
1790898853.955,store_6,0.000
1790898853.955,store_7,0.000
1790898853.955,avail_mb,21461
1790898853.955,pswpin,907362
1790898854.966,api,0.188
1790898854.966,client,0.049
1790898854.966,enginecore,8.085
1790898854.966,other_total,0.000
1790898854.966,store_0,0.000
1790898854.966,store_1,0.000
1790898854.966,store_2,0.000
1790898854.966,store_3,0.000
1790898854.966,store_4,0.000
1790898854.966,store_5,0.000
1790898854.966,store_6,0.000
1790898854.966,store_7,0.000
1790898854.966,avail_mb,21460
1790898854.966,pswpin,907362
1790898855.976,api,0.168
1790898855.976,client,0.049
1790898855.976,enginecore,6.929
1790898855.976,other_total,0.000
1790898855.976,store_0,0.000
1790898855.976,store_1,0.000
1790898855.976,store_2,0.000
1790898855.976,store_3,0.000
1790898855.976,store_4,0.000
1790898855.976,store_5,0.000
1790898855.976,store_6,0.000
1790898855.976,store_7,0.000
1790898855.976,avail_mb,21460
1790898855.976,pswpin,907362
1790898856.986,api,0.208
1790898856.986,client,0.059
1790898856.986,enginecore,7.006
1790898856.986,other_total,0.000
1790898856.986,store_0,0.000
1790898856.986,store_1,0.000
1790898856.986,store_2,0.000
1790898856.986,store_3,0.000
1790898856.986,store_4,0.000
1790898856.986,store_5,0.000
1790898856.986,store_6,0.000
1790898856.986,store_7,0.000
1790898856.986,avail_mb,21451
1790898856.986,pswpin,907362
1790898858.000,api,0.178
1790898858.000,client,0.059
1790898858.000,enginecore,8.335
1790898858.000,other_total,0.059
1790898858.000,store_0,0.000
1790898858.000,store_1,0.000
1790898858.000,store_2,0.000
1790898858.000,store_3,0.000
1790898858.000,store_4,0.000
1790898858.000,store_5,0.000
1790898858.000,store_6,0.000
1790898858.000,store_7,0.000
1790898858.000,avail_mb,21454
1790898858.000,pswpin,907362
1790898859.014,api,0.207
1790898859.014,client,0.089
1790898859.014,enginecore,8.574
1790898859.014,other_total,0.000
1790898859.014,store_0,0.000
1790898859.014,store_1,0.000
1790898859.014,store_2,0.000
1790898859.014,store_3,0.000
1790898859.014,store_4,0.000
1790898859.014,store_5,0.000
1790898859.014,store_6,0.000
1790898859.014,store_7,0.000
1790898859.014,avail_mb,21451
1790898859.014,pswpin,907362
1790898860.024,api,0.198
1790898860.024,client,0.059
1790898860.024,enginecore,8.872
1790898860.024,other_total,0.000
1790898860.024,store_0,0.000
1790898860.024,store_1,0.000
1790898860.024,store_2,0.000
1790898860.024,store_3,0.000
1790898860.024,store_4,0.000
1790898860.024,store_5,0.000
1790898860.024,store_6,0.000
1790898860.024,store_7,0.000
1790898860.024,avail_mb,21450
1790898860.024,pswpin,907362
1790898861.034,api,0.228
1790898861.034,client,0.099
1790898861.034,enginecore,8.435
1790898861.034,other_total,0.000
1790898861.034,store_0,0.000
1790898861.034,store_1,0.000
1790898861.034,store_2,0.000
1790898861.034,store_3,0.000
1790898861.034,store_4,0.000
1790898861.034,store_5,0.000
1790898861.034,store_6,0.000
1790898861.034,store_7,0.000
1790898861.034,avail_mb,21449
1790898861.034,pswpin,907362
1790898862.044,api,0.228
1790898862.044,client,0.030
1790898862.044,enginecore,7.285
1790898862.044,other_total,0.000
1790898862.044,store_0,0.000
1790898862.044,store_1,0.000
1790898862.044,store_2,0.000
1790898862.044,store_3,0.000
1790898862.044,store_4,0.000
1790898862.044,store_5,0.000
1790898862.044,store_6,0.000
1790898862.044,store_7,0.000
1790898862.044,avail_mb,21452
1790898862.044,pswpin,907362
1790898863.055,api,0.188
1790898863.055,client,0.069
1790898863.055,enginecore,7.712
1790898863.055,other_total,0.000
1790898863.055,store_0,0.000
1790898863.055,store_1,0.000
1790898863.055,store_2,0.000
1790898863.055,store_3,0.000
1790898863.055,store_4,0.000
1790898863.055,store_5,0.000
1790898863.055,store_6,0.000
1790898863.055,store_7,0.000
1790898863.055,avail_mb,21449
1790898863.055,pswpin,907362
1790898864.066,api,0.237
1790898864.066,client,0.089
1790898864.066,enginecore,10.686
1790898864.066,other_total,0.000
1790898864.066,store_0,0.000
1790898864.066,store_1,0.000
1790898864.066,store_2,0.000
1790898864.066,store_3,0.000
1790898864.066,store_4,0.000
1790898864.066,store_5,0.000
1790898864.066,store_6,0.000
1790898864.066,store_7,0.000
1790898864.066,avail_mb,21448
1790898864.066,pswpin,907362
1790898865.077,api,0.178
1790898865.077,client,0.049
1790898865.077,enginecore,6.196
1790898865.077,other_total,0.000
1790898865.077,store_0,0.000
1790898865.077,store_1,0.000
1790898865.077,store_2,0.000
1790898865.077,store_3,0.000
1790898865.077,store_4,0.000
1790898865.077,store_5,0.000
1790898865.077,store_6,0.000
1790898865.077,store_7,0.000
1790898865.077,avail_mb,21447
1790898865.077,pswpin,907362
1790898866.087,api,0.158
1790898866.087,client,0.049
1790898866.087,enginecore,4.860
1790898866.087,other_total,0.000
1790898866.087,store_0,0.000
1790898866.087,store_1,0.000
1790898866.087,store_2,0.000
1790898866.087,store_3,0.000
1790898866.087,store_4,0.000
1790898866.087,store_5,0.000
1790898866.087,store_6,0.000
1790898866.087,store_7,0.000
1790898866.087,avail_mb,21445
1790898866.087,pswpin,907362
1790898867.097,api,0.168
1790898867.097,client,0.049
1790898867.097,enginecore,6.463
1790898867.097,other_total,0.030
1790898867.097,store_0,0.000
1790898867.097,store_1,0.000
1790898867.097,store_2,0.000
1790898867.097,store_3,0.000
1790898867.097,store_4,0.000
1790898867.097,store_5,0.000
1790898867.097,store_6,0.000
1790898867.097,store_7,0.000
1790898867.097,avail_mb,21443
1790898867.097,pswpin,907362
1790898868.108,api,0.228
1790898868.108,client,0.069
1790898868.108,enginecore,8.252
1790898868.108,other_total,0.020
1790898868.108,store_0,0.000
1790898868.108,store_1,0.000
1790898868.108,store_2,0.000
1790898868.108,store_3,0.000
1790898868.108,store_4,0.000
1790898868.108,store_5,0.000
1790898868.108,store_6,0.000
1790898868.108,store_7,0.000
1790898868.108,avail_mb,21442
1790898868.108,pswpin,907362
1790898869.120,api,0.217
1790898869.120,client,0.089
1790898869.120,enginecore,8.192
1790898869.120,other_total,0.000
1790898869.120,store_0,0.000
1790898869.120,store_1,0.000
1790898869.120,store_2,0.000
1790898869.120,store_3,0.000
1790898869.120,store_4,0.000
1790898869.120,store_5,0.000
1790898869.120,store_6,0.000
1790898869.120,store_7,0.000
1790898869.120,avail_mb,21443
1790898869.120,pswpin,907362
1790898870.130,api,0.198
1790898870.130,client,0.069
1790898870.130,enginecore,9.987
1790898870.130,other_total,0.049
1790898870.130,store_0,0.000
1790898870.130,store_1,0.000
1790898870.130,store_2,0.000
1790898870.130,store_3,0.000
1790898870.130,store_4,0.000
1790898870.130,store_5,0.000
1790898870.130,store_6,0.000
1790898870.130,store_7,0.000
1790898870.130,avail_mb,21446
1790898870.130,pswpin,907362
1790898871.141,api,0.238
1790898871.141,client,0.040
1790898871.141,enginecore,9.096
1790898871.141,other_total,0.000
1790898871.141,store_0,0.000
1790898871.141,store_1,0.000
1790898871.141,store_2,0.000
1790898871.141,store_3,0.000
1790898871.141,store_4,0.000
1790898871.141,store_5,0.000
1790898871.141,store_6,0.000
1790898871.141,store_7,0.000
1790898871.141,avail_mb,21444
1790898871.141,pswpin,907362
1790898872.151,api,0.228
1790898872.151,client,0.079
1790898872.151,enginecore,9.586
1790898872.151,other_total,0.000
1790898872.151,store_0,0.000
1790898872.151,store_1,0.000
1790898872.151,store_2,0.000
1790898872.151,store_3,0.000
1790898872.151,store_4,0.000
1790898872.151,store_5,0.000
1790898872.151,store_6,0.000
1790898872.151,store_7,0.000
1790898872.151,avail_mb,21444
1790898872.151,pswpin,907362
1790898873.162,api,0.188
1790898873.162,client,0.049
1790898873.162,enginecore,7.490
1790898873.162,other_total,0.000
1790898873.162,store_0,0.000
1790898873.162,store_1,0.000
1790898873.162,store_2,0.000
1790898873.162,store_3,0.000
1790898873.162,store_4,0.000
1790898873.162,store_5,0.000
1790898873.162,store_6,0.000
1790898873.162,store_7,0.000
1790898873.162,avail_mb,21446
1790898873.162,pswpin,907362
1790898874.173,api,0.218
1790898874.173,client,0.069
1790898874.173,enginecore,8.014
1790898874.173,other_total,0.000
1790898874.173,store_0,0.000
1790898874.173,store_1,0.000
1790898874.173,store_2,0.000
1790898874.173,store_3,0.000
1790898874.173,store_4,0.000
1790898874.173,store_5,0.000
1790898874.173,store_6,0.000
1790898874.173,store_7,0.000
1790898874.173,avail_mb,21446
1790898874.173,pswpin,907362
1790898875.184,api,0.208
1790898875.184,client,0.059
1790898875.184,enginecore,8.246
1790898875.184,other_total,0.010
1790898875.184,store_0,0.000
1790898875.184,store_1,0.000
1790898875.184,store_2,0.000
1790898875.184,store_3,0.000
1790898875.184,store_4,0.000
1790898875.184,store_5,0.000
1790898875.184,store_6,0.000
1790898875.184,store_7,0.000
1790898875.184,avail_mb,21443
1790898875.184,pswpin,907362
1790898876.195,api,0.198
1790898876.195,client,0.089
1790898876.195,enginecore,8.051
1790898876.195,other_total,0.000
1790898876.195,store_0,0.000
1790898876.195,store_1,0.000
1790898876.195,store_2,0.000
1790898876.195,store_3,0.000
1790898876.195,store_4,0.000
1790898876.195,store_5,0.000
1790898876.195,store_6,0.000
1790898876.195,store_7,0.000
1790898876.195,avail_mb,21442
1790898876.195,pswpin,907362
1790898877.206,api,0.208
1790898877.206,client,0.079
1790898877.206,enginecore,9.993
1790898877.206,other_total,0.000
1790898877.206,store_0,0.000
1790898877.206,store_1,0.000
1790898877.206,store_2,0.000
1790898877.206,store_3,0.000
1790898877.206,store_4,0.000
1790898877.206,store_5,0.000
1790898877.206,store_6,0.000
1790898877.206,store_7,0.000
1790898877.206,avail_mb,21443
1790898877.206,pswpin,907362
1790898878.217,api,0.218
1790898878.217,client,0.069
1790898878.217,enginecore,9.385
1790898878.217,other_total,0.040
1790898878.217,store_0,0.000
1790898878.217,store_1,0.000
1790898878.217,store_2,0.000
1790898878.217,store_3,0.000
1790898878.217,store_4,0.000
1790898878.217,store_5,0.000
1790898878.217,store_6,0.000
1790898878.217,store_7,0.000
1790898878.217,avail_mb,21438
1790898878.217,pswpin,907363
1790898879.227,api,0.198
1790898879.227,client,0.049
1790898879.227,enginecore,7.620
1790898879.227,other_total,0.030
1790898879.227,store_0,0.000
1790898879.227,store_1,0.000
1790898879.227,store_2,0.000
1790898879.227,store_3,0.000
1790898879.227,store_4,0.000
1790898879.227,store_5,0.000
1790898879.227,store_6,0.000
1790898879.227,store_7,0.000
1790898879.227,avail_mb,21444
1790898879.227,pswpin,907363
1790898880.241,api,0.237
1790898880.241,client,0.059
1790898880.241,enginecore,8.870
1790898880.241,other_total,0.059
1790898880.241,store_0,0.000
1790898880.241,store_1,0.000
1790898880.241,store_2,0.000
1790898880.241,store_3,0.000
1790898880.241,store_4,0.000
1790898880.241,store_5,0.000
1790898880.241,store_6,0.000
1790898880.241,store_7,0.000
1790898880.241,avail_mb,21442
1790898880.241,pswpin,907363
1790898881.251,api,0.218
1790898881.251,client,0.079
1790898881.251,enginecore,8.324
1790898881.251,other_total,0.000
1790898881.251,store_0,0.000
1790898881.251,store_1,0.000
1790898881.251,store_2,0.000
1790898881.251,store_3,0.000
1790898881.251,store_4,0.000
1790898881.251,store_5,0.000
1790898881.251,store_6,0.000
1790898881.251,store_7,0.000
1790898881.251,avail_mb,21435
1790898881.251,pswpin,907363
1790898882.261,api,0.188
1790898882.261,client,0.059
1790898882.261,enginecore,7.544
1790898882.261,other_total,0.000
1790898882.261,store_0,0.000
1790898882.261,store_1,0.000
1790898882.261,store_2,0.000
1790898882.261,store_3,0.000
1790898882.261,store_4,0.000
1790898882.261,store_5,0.000
1790898882.261,store_6,0.000
1790898882.261,store_7,0.000
1790898882.261,avail_mb,21438
1790898882.261,pswpin,907363
1790898883.272,api,0.178
1790898883.272,client,0.049
1790898883.272,enginecore,7.346
1790898883.272,other_total,0.059
1790898883.272,store_0,0.000
1790898883.272,store_1,0.000
1790898883.272,store_2,0.000
1790898883.272,store_3,0.000
1790898883.272,store_4,0.000
1790898883.272,store_5,0.000
1790898883.272,store_6,0.000
1790898883.272,store_7,0.000
1790898883.272,avail_mb,21437
1790898883.272,pswpin,907363
1790898884.282,api,0.228
1790898884.282,client,0.049
1790898884.282,enginecore,8.039
1790898884.282,other_total,0.059
1790898884.282,store_0,0.000
1790898884.282,store_1,0.000
1790898884.282,store_2,0.000
1790898884.282,store_3,0.000
1790898884.282,store_4,0.000
1790898884.282,store_5,0.000
1790898884.282,store_6,0.000
1790898884.282,store_7,0.000
1790898884.282,avail_mb,21432
1790898884.282,pswpin,907363
1790898885.292,api,0.198
1790898885.292,client,0.099
1790898885.292,enginecore,9.706
1790898885.292,other_total,0.000
1790898885.292,store_0,0.000
1790898885.292,store_1,0.000
1790898885.292,store_2,0.000
1790898885.292,store_3,0.000
1790898885.292,store_4,0.000
1790898885.292,store_5,0.000
1790898885.292,store_6,0.000
1790898885.292,store_7,0.000
1790898885.292,avail_mb,21431
1790898885.292,pswpin,907363
1790898886.303,api,0.228
1790898886.303,client,0.069
1790898886.303,enginecore,9.377
1790898886.303,other_total,0.000
1790898886.303,store_0,0.000
1790898886.303,store_1,0.000
1790898886.303,store_2,0.000
1790898886.303,store_3,0.000
1790898886.303,store_4,0.000
1790898886.303,store_5,0.000
1790898886.303,store_6,0.000
1790898886.303,store_7,0.000
1790898886.303,avail_mb,21432
1790898886.303,pswpin,907363
1790898887.313,api,0.158
1790898887.313,client,0.089
1790898887.313,enginecore,6.465
1790898887.313,other_total,0.000
1790898887.313,store_0,0.000
1790898887.313,store_1,0.000
1790898887.313,store_2,0.000
1790898887.313,store_3,0.000
1790898887.313,store_4,0.000
1790898887.313,store_5,0.000
1790898887.313,store_6,0.000
1790898887.313,store_7,0.000
1790898887.313,avail_mb,21427
1790898887.313,pswpin,907363
1790898888.324,api,0.208
1790898888.324,client,0.040
1790898888.324,enginecore,8.817
1790898888.324,other_total,0.000
1790898888.324,store_0,0.000
1790898888.324,store_1,0.000
1790898888.324,store_2,0.000
1790898888.324,store_3,0.000
1790898888.324,store_4,0.000
1790898888.324,store_5,0.000
1790898888.324,store_6,0.000
1790898888.324,store_7,0.000
1790898888.324,avail_mb,21431
1790898888.324,pswpin,907363
1790898889.334,api,0.228
1790898889.334,client,0.069
1790898889.334,enginecore,9.463
1790898889.334,other_total,0.000
1790898889.334,store_0,0.000
1790898889.334,store_1,0.000
1790898889.334,store_2,0.000
1790898889.334,store_3,0.000
1790898889.334,store_4,0.000
1790898889.334,store_5,0.000
1790898889.334,store_6,0.000
1790898889.334,store_7,0.000
1790898889.334,avail_mb,21425
1790898889.334,pswpin,907363
1790898890.345,api,0.178
1790898890.345,client,0.049
1790898890.345,enginecore,8.177
1790898890.345,other_total,0.049
1790898890.345,store_0,0.000
1790898890.345,store_1,0.000
1790898890.345,store_2,0.000
1790898890.345,store_3,0.000
1790898890.345,store_4,0.000
1790898890.345,store_5,0.000
1790898890.345,store_6,0.000
1790898890.345,store_7,0.000
1790898890.345,avail_mb,21422
1790898890.345,pswpin,907363
1790898891.358,api,0.217
1790898891.358,client,0.059
1790898891.358,enginecore,7.816
1790898891.358,other_total,0.000
1790898891.358,store_0,0.000
1790898891.358,store_1,0.000
1790898891.358,store_2,0.000
1790898891.358,store_3,0.000
1790898891.358,store_4,0.000
1790898891.358,store_5,0.000
1790898891.358,store_6,0.000
1790898891.358,store_7,0.000
1790898891.358,avail_mb,21423
1790898891.358,pswpin,907363
1790898892.368,api,0.238
1790898892.368,client,0.069
1790898892.368,enginecore,9.471
1790898892.368,other_total,0.000
1790898892.368,store_0,0.000
1790898892.368,store_1,0.000
1790898892.368,store_2,0.000
1790898892.368,store_3,0.000
1790898892.368,store_4,0.000
1790898892.368,store_5,0.000
1790898892.368,store_6,0.000
1790898892.368,store_7,0.000
1790898892.368,avail_mb,21427
1790898892.368,pswpin,907363
1790898893.379,api,0.228
1790898893.379,client,0.109
1790898893.379,enginecore,9.350
1790898893.379,other_total,0.148
1790898893.379,store_0,0.000
1790898893.379,store_1,0.000
1790898893.379,store_2,0.000
1790898893.379,store_3,0.000
1790898893.379,store_4,0.000
1790898893.379,store_5,0.000
1790898893.379,store_6,0.000
1790898893.379,store_7,0.000
1790898893.379,avail_mb,21406
1790898893.379,pswpin,907363
1790898894.390,api,0.257
1790898894.390,client,0.059
1790898894.390,enginecore,10.364
1790898894.390,other_total,0.297
1790898894.390,store_0,0.000
1790898894.390,store_1,0.000
1790898894.390,store_2,0.000
1790898894.390,store_3,0.000
1790898894.390,store_4,0.000
1790898894.390,store_5,0.000
1790898894.390,store_6,0.000
1790898894.390,store_7,0.000
1790898894.390,avail_mb,21427
1790898894.390,pswpin,907363
1790898895.401,api,0.188
1790898895.401,client,0.089
1790898895.401,enginecore,7.608
1790898895.401,other_total,0.040
1790898895.401,store_0,0.000
1790898895.401,store_1,0.000
1790898895.401,store_2,0.000
1790898895.401,store_3,0.000
1790898895.401,store_4,0.000
1790898895.401,store_5,0.000
1790898895.401,store_6,0.000
1790898895.401,store_7,0.000
1790898895.401,avail_mb,21443
1790898895.401,pswpin,907363
1790898896.411,api,0.158
1790898896.411,client,0.040
1790898896.411,enginecore,4.384
1790898896.411,other_total,0.030
1790898896.411,store_0,0.000
1790898896.411,store_1,0.000
1790898896.411,store_2,0.000
1790898896.411,store_3,0.000
1790898896.411,store_4,0.000
1790898896.411,store_5,0.000
1790898896.411,store_6,0.000
1790898896.411,store_7,0.000
1790898896.411,avail_mb,21439
1790898896.411,pswpin,907363
1790898897.421,api,0.188
1790898897.421,client,0.030
1790898897.421,enginecore,7.404
1790898897.421,other_total,0.049
1790898897.421,store_0,0.000
1790898897.421,store_1,0.000
1790898897.421,store_2,0.000
1790898897.421,store_3,0.000
1790898897.421,store_4,0.000
1790898897.421,store_5,0.000
1790898897.421,store_6,0.000
1790898897.421,store_7,0.000
1790898897.421,avail_mb,21445
1790898897.421,pswpin,907363
1790898898.432,api,0.188
1790898898.432,client,0.069
1790898898.432,enginecore,5.641
1790898898.432,other_total,0.000
1790898898.432,store_0,0.000
1790898898.432,store_1,0.000
1790898898.432,store_2,0.000
1790898898.432,store_3,0.000
1790898898.432,store_4,0.000
1790898898.432,store_5,0.000
1790898898.432,store_6,0.000
1790898898.432,store_7,0.000
1790898898.432,avail_mb,21446
1790898898.432,pswpin,907363
1790898899.443,api,0.168
1790898899.443,client,0.069
1790898899.443,enginecore,5.459
1790898899.443,other_total,0.000
1790898899.443,store_0,0.000
1790898899.443,store_1,0.000
1790898899.443,store_2,0.000
1790898899.443,store_3,0.000
1790898899.443,store_4,0.000
1790898899.443,store_5,0.000
1790898899.443,store_6,0.000
1790898899.443,store_7,0.000
1790898899.443,avail_mb,21438
1790898899.443,pswpin,907363
1790898900.453,api,0.158
1790898900.453,client,0.040
1790898900.453,enginecore,4.098
1790898900.453,other_total,0.020
1790898900.453,store_0,0.000
1790898900.453,store_1,0.000
1790898900.453,store_2,0.000
1790898900.453,store_3,0.000
1790898900.453,store_4,0.000
1790898900.453,store_5,0.000
1790898900.453,store_6,0.000
1790898900.453,store_7,0.000
1790898900.453,avail_mb,21527
1790898900.453,pswpin,907363
1790898901.464,api,0.138
1790898901.464,client,0.030
1790898901.464,enginecore,3.511
1790898901.464,other_total,0.000
1790898901.464,store_0,0.000
1790898901.464,store_1,0.000
1790898901.464,store_2,0.000
1790898901.464,store_3,0.000
1790898901.464,store_4,0.000
1790898901.464,store_5,0.000
1790898901.464,store_6,0.000
1790898901.464,store_7,0.000
1790898901.464,avail_mb,21530
1790898901.464,pswpin,907363
1790898902.474,api,0.129
1790898902.474,client,0.050
1790898902.474,enginecore,4.942
1790898902.474,other_total,0.020
1790898902.474,store_0,0.000
1790898902.474,store_1,0.000
1790898902.474,store_2,0.000
1790898902.474,store_3,0.000
1790898902.474,store_4,0.000
1790898902.474,store_5,0.000
1790898902.474,store_6,0.000
1790898902.474,store_7,0.000
1790898902.474,avail_mb,21530
1790898902.474,pswpin,907363
1790898903.483,api,0.069
1790898903.483,client,0.020
1790898903.483,enginecore,1.268
1790898903.483,other_total,0.000
1790898903.483,store_0,0.000
1790898903.483,store_1,0.000
1790898903.483,store_2,0.000
1790898903.483,store_3,0.000
1790898903.483,store_4,0.000
1790898903.483,store_5,0.000
1790898903.483,store_6,0.000
1790898903.483,store_7,0.000
1790898903.483,avail_mb,21584
1790898903.483,pswpin,907363
1790898904.493,api,0.050
1790898904.493,client,0.020
1790898904.493,enginecore,1.406
1790898904.493,other_total,0.020
1790898904.493,store_0,0.000
1790898904.493,store_1,0.000
1790898904.493,store_2,0.000
1790898904.493,store_3,0.000
1790898904.493,store_4,0.000
1790898904.493,store_5,0.000
1790898904.493,store_6,0.000
1790898904.493,store_7,0.000
1790898904.493,avail_mb,21583
1790898904.493,pswpin,907363
1790898905.503,api,0.089
1790898905.503,client,0.020
1790898905.503,enginecore,2.713
1790898905.503,other_total,0.040
1790898905.503,store_0,0.000
1790898905.503,store_1,0.000
1790898905.503,store_2,0.000
1790898905.503,store_3,0.000
1790898905.503,store_4,0.000
1790898905.503,store_5,0.000
1790898905.503,store_6,0.000
1790898905.503,store_7,0.000
1790898905.503,avail_mb,21575
1790898905.503,pswpin,907363
1790898906.513,api,0.069
1790898906.513,client,0.020
1790898906.513,enginecore,1.763
1790898906.513,other_total,0.020
1790898906.513,store_0,0.000
1790898906.513,store_1,0.000
1790898906.513,store_2,0.000
1790898906.513,store_3,0.000
1790898906.513,store_4,0.000
1790898906.513,store_5,0.000
1790898906.513,store_6,0.000
1790898906.513,store_7,0.000
1790898906.513,avail_mb,21618
1790898906.513,pswpin,907363
1790898907.522,api,0.089
1790898907.522,client,0.010
1790898907.522,enginecore,2.704
1790898907.522,other_total,0.000
1790898907.522,store_0,0.000
1790898907.522,store_1,0.000
1790898907.522,store_2,0.000
1790898907.522,store_3,0.000
1790898907.522,store_4,0.000
1790898907.522,store_5,0.000
1790898907.522,store_6,0.000
1790898907.522,store_7,0.000
1790898907.522,avail_mb,21618
1790898907.522,pswpin,907363
1790898908.533,api,0.079
1790898908.533,client,0.020
1790898908.533,enginecore,2.673
1790898908.533,other_total,0.079
1790898908.533,store_0,0.000
1790898908.533,store_1,0.000
1790898908.533,store_2,0.000
1790898908.533,store_3,0.000
1790898908.533,store_4,0.000
1790898908.533,store_5,0.000
1790898908.533,store_6,0.000
1790898908.533,store_7,0.000
1790898908.533,avail_mb,21662
1790898908.533,pswpin,907363
1790898909.543,api,0.040
1790898909.543,client,0.010
1790898909.543,enginecore,1.138
1790898909.543,other_total,0.010
1790898909.543,store_0,0.000
1790898909.543,store_1,0.000
1790898909.543,store_2,0.000
1790898909.543,store_3,0.000
1790898909.543,store_4,0.000
1790898909.543,store_5,0.000
1790898909.543,store_6,0.000
1790898909.543,store_7,0.000
1790898909.543,avail_mb,21663
1790898909.543,pswpin,907363
1790898910.552,api,0.050
1790898910.552,client,0.010
1790898910.552,enginecore,0.733
1790898910.552,other_total,0.000
1790898910.552,store_0,0.000
1790898910.552,store_1,0.000
1790898910.552,store_2,0.000
1790898910.552,store_3,0.000
1790898910.552,store_4,0.000
1790898910.552,store_5,0.000
1790898910.552,store_6,0.000
1790898910.552,store_7,0.000
1790898910.552,avail_mb,21668
1790898910.552,pswpin,907363
1790898911.562,api,0.040
1790898911.562,client,0.010
1790898911.562,enginecore,0.961
1790898911.562,other_total,0.000
1790898911.562,store_0,0.000
1790898911.562,store_1,0.000
1790898911.562,store_2,0.000
1790898911.562,store_3,0.000
1790898911.562,store_4,0.000
1790898911.562,store_5,0.000
1790898911.562,store_6,0.000
1790898911.562,store_7,0.000
1790898911.562,avail_mb,21663
1790898911.562,pswpin,907363
1790898912.571,api,0.050
1790898912.571,client,0.010
1790898912.571,enginecore,1.040
1790898912.571,other_total,0.030
1790898912.571,store_0,0.000
1790898912.571,store_1,0.000
1790898912.571,store_2,0.000
1790898912.571,store_3,0.000
1790898912.571,store_4,0.000
1790898912.571,store_5,0.000
1790898912.571,store_6,0.000
1790898912.571,store_7,0.000
1790898912.571,avail_mb,21665
1790898912.571,pswpin,907363
1790898913.581,api,0.030
1790898913.581,client,0.010
1790898913.581,enginecore,1.179
1790898913.581,other_total,0.040
1790898913.581,store_0,0.000
1790898913.581,store_1,0.000
1790898913.581,store_2,0.000
1790898913.581,store_3,0.000
1790898913.581,store_4,0.000
1790898913.581,store_5,0.000
1790898913.581,store_6,0.000
1790898913.581,store_7,0.000
1790898913.581,avail_mb,21665
1790898913.581,pswpin,907363
1790898914.590,api,0.069
1790898914.590,client,0.010
1790898914.590,enginecore,1.397
1790898914.590,other_total,0.010
1790898914.590,store_0,0.000
1790898914.590,store_1,0.000
1790898914.590,store_2,0.000
1790898914.590,store_3,0.000
1790898914.590,store_4,0.000
1790898914.590,store_5,0.000
1790898914.590,store_6,0.000
1790898914.590,store_7,0.000
1790898914.590,avail_mb,21662
1790898914.590,pswpin,907363
1790898915.600,api,0.040
1790898915.600,client,0.010
1790898915.600,enginecore,1.407
1790898915.600,other_total,0.030
1790898915.600,store_0,0.000
1790898915.600,store_1,0.000
1790898915.600,store_2,0.000
1790898915.600,store_3,0.000
1790898915.600,store_4,0.000
1790898915.600,store_5,0.000
1790898915.600,store_6,0.000
1790898915.600,store_7,0.000
1790898915.600,avail_mb,21663
1790898915.600,pswpin,907363
1790898916.609,api,0.079
1790898916.609,client,0.020
1790898916.609,enginecore,1.832
1790898916.609,other_total,0.000
1790898916.609,store_0,0.000
1790898916.609,store_1,0.000
1790898916.609,store_2,0.000
1790898916.609,store_3,0.000
1790898916.609,store_4,0.000
1790898916.609,store_5,0.000
1790898916.609,store_6,0.000
1790898916.609,store_7,0.000
1790898916.609,avail_mb,21665
1790898916.609,pswpin,907363
1790898917.619,api,0.030
1790898917.619,client,0.000
1790898917.619,enginecore,1.010
1790898917.619,other_total,0.040
1790898917.619,store_0,0.000
1790898917.619,store_1,0.000
1790898917.619,store_2,0.000
1790898917.619,store_3,0.000
1790898917.619,store_4,0.000
1790898917.619,store_5,0.000
1790898917.619,store_6,0.000
1790898917.619,store_7,0.000
1790898917.619,avail_mb,21666
1790898917.619,pswpin,907363
1790898918.628,api,0.059
1790898918.628,client,0.010
1790898918.628,enginecore,1.199
1790898918.628,other_total,0.000
1790898918.628,store_0,0.000
1790898918.628,store_1,0.000
1790898918.628,store_2,0.000
1790898918.628,store_3,0.000
1790898918.628,store_4,0.000
1790898918.628,store_5,0.000
1790898918.628,store_6,0.000
1790898918.628,store_7,0.000
1790898918.628,avail_mb,21707
1790898918.628,pswpin,907363
1790898919.637,api,0.030
1790898919.637,client,0.000
1790898919.637,enginecore,0.357
1790898919.637,other_total,0.000
1790898919.637,store_0,0.000
1790898919.637,store_1,0.000
1790898919.637,store_2,0.000
1790898919.637,store_3,0.000
1790898919.637,store_4,0.000
1790898919.637,store_5,0.000
1790898919.637,store_6,0.000
1790898919.637,store_7,0.000
1790898919.637,avail_mb,21711
1790898919.637,pswpin,907363
