ts,role,cores
1790925105.568,other_total,0.406
1790925105.568,avail_mb,57929
1790925105.568,pswpin,1554880
1790925106.578,other_total,0.050
1790925106.578,avail_mb,57929
1790925106.578,pswpin,1554880
1790925107.588,other_total,0.079
1790925107.588,avail_mb,57932
1790925107.588,pswpin,1554880
1790925108.600,other_total,0.158
1790925108.600,avail_mb,57953
1790925108.600,pswpin,1554880
1790925109.611,other_total,0.059
1790925109.611,avail_mb,57952
1790925109.611,pswpin,1554880
1790925110.622,other_total,0.119
1790925110.622,avail_mb,57952
1790925110.622,pswpin,1554880
1790925111.633,other_total,0.079
1790925111.633,avail_mb,57948
1790925111.633,pswpin,1554885
1790925112.641,other_total,2.637
1790925112.641,avail_mb,57790
1790925112.641,pswpin,1554885
1790925113.652,other_total,0.168
1790925113.652,avail_mb,57797
1790925113.652,pswpin,1554885
1790925114.662,other_total,0.059
1790925114.662,avail_mb,57797
1790925114.662,pswpin,1554885
1790925115.671,other_total,1.170
1790925115.671,avail_mb,57428
1790925115.671,pswpin,1554885
1790925116.681,other_total,0.079
1790925116.681,store_0,0.119
1790925116.681,avail_mb,57408
1790925116.681,pswpin,1554885
1790925117.690,other_total,2.220
1790925117.690,store_0,0.000
1790925117.690,avail_mb,56857
1790925117.690,pswpin,1554885
1790925118.699,api,2.190
1790925118.699,other_total,0.020
1790925118.699,store_0,0.000
1790925118.699,avail_mb,56681
1790925118.699,pswpin,1554885
1790925119.708,api,1.982
1790925119.708,other_total,0.050
1790925119.708,store_0,0.000
1790925119.708,avail_mb,56441
1790925119.708,pswpin,1554885
1790925120.718,api,1.505
1790925120.718,other_total,0.049
1790925120.718,store_0,0.000
1790925120.718,avail_mb,56314
1790925120.718,pswpin,1554885
1790925121.728,api,0.634
1790925121.728,other_total,1.347
1790925121.728,store_0,0.000
1790925121.728,avail_mb,55591
1790925121.728,pswpin,1554885
1790925122.737,api,0.000
1790925122.737,other_total,1.863
1790925122.737,store_0,0.000
1790925122.737,avail_mb,55372
1790925122.737,pswpin,1554885
1790925123.746,api,0.000
1790925123.746,other_total,2.378
1790925123.746,store_0,0.000
1790925123.746,avail_mb,55185
1790925123.746,pswpin,1554885
1790925124.755,api,0.010
1790925124.755,other_total,2.022
1790925124.755,store_0,0.000
1790925124.755,avail_mb,55011
1790925124.755,pswpin,1554885
1790925125.763,api,0.000
1790925125.763,enginecore,1.755
1790925125.763,other_total,0.783
1790925125.763,store_0,0.000
1790925125.763,avail_mb,54360
1790925125.763,pswpin,1554887
1790925126.773,api,0.000
1790925126.773,enginecore,1.794
1790925126.773,other_total,1.397
1790925126.773,store_0,0.000
1790925126.773,avail_mb,54091
1790925126.773,pswpin,1554887
1790925127.781,api,0.000
1790925127.781,enginecore,1.556
1790925127.781,other_total,0.476
1790925127.781,store_0,0.000
1790925127.781,avail_mb,53838
1790925127.781,pswpin,1554887
1790925128.790,api,0.000
1790925128.790,enginecore,1.457
1790925128.790,other_total,0.902
1790925128.790,store_0,0.000
1790925128.790,avail_mb,52738
1790925128.790,pswpin,1554887
1790925129.799,api,0.040
1790925129.799,enginecore,1.417
1790925129.799,other_total,0.119
1790925129.799,store_0,0.000
1790925129.799,avail_mb,52327
1790925129.799,pswpin,1554887
1790925130.808,api,0.367
1790925130.808,enginecore,0.674
1790925130.808,other_total,0.387
1790925130.808,store_0,0.000
1790925130.808,avail_mb,52066
1790925130.808,pswpin,1554889
1790925131.817,api,0.000
1790925131.817,enginecore,0.218
1790925131.817,other_total,1.051
1790925131.817,store_0,0.000
1790925131.817,avail_mb,51979
1790925131.817,pswpin,1554889
1790925132.825,api,0.000
1790925132.825,enginecore,1.110
1790925132.825,other_total,0.327
1790925132.825,store_0,0.000
1790925132.825,avail_mb,50684
1790925132.825,pswpin,1554893
1790925133.836,api,0.049
1790925133.836,enginecore,0.455
1790925133.836,other_total,0.079
1790925133.836,store_0,0.000
1790925133.836,avail_mb,50612
1790925133.836,pswpin,1554893
1790925134.847,api,0.406
1790925134.847,enginecore,0.020
1790925134.847,other_total,0.049
1790925134.847,store_0,0.000
1790925134.847,avail_mb,50565
1790925134.847,pswpin,1554893
1790925135.855,api,0.040
1790925135.855,enginecore,0.169
1790925135.855,other_total,1.041
1790925135.855,store_0,0.109
1790925135.855,avail_mb,52983
1790925135.855,pswpin,1554893
1790925136.866,api,0.000
1790925136.866,enginecore,0.020
1790925136.866,other_total,0.198
1790925136.866,store_0,0.000
1790925136.866,avail_mb,52999
1790925136.866,pswpin,1554893
1790925137.875,api,0.000
1790925137.875,enginecore,0.010
1790925137.875,other_total,0.040
1790925137.875,store_0,0.000
1790925137.875,store_1,0.813
1790925137.875,avail_mb,52839
1790925137.875,pswpin,1554893
1790925138.886,api,0.000
1790925138.886,enginecore,0.010
1790925138.886,other_total,0.247
1790925138.886,store_0,0.000
1790925138.886,store_1,0.000
1790925138.886,avail_mb,52832
1790925138.886,pswpin,1554893
1790925139.895,api,2.260
1790925139.895,enginecore,0.000
1790925139.895,other_total,0.050
1790925139.895,store_0,0.000
1790925139.895,store_1,0.000
1790925139.895,avail_mb,52211
1790925139.895,pswpin,1554893
1790925140.904,api,2.349
1790925140.904,enginecore,0.010
1790925140.904,other_total,0.040
1790925140.904,store_0,0.000
1790925140.904,store_1,0.000
1790925140.904,avail_mb,52018
1790925140.904,pswpin,1554893
1790925141.913,api,2.002
1790925141.913,enginecore,0.000
1790925141.913,other_total,0.030
1790925141.913,store_0,0.000
1790925141.913,store_1,0.000
1790925141.913,avail_mb,51830
1790925141.913,pswpin,1554893
1790925142.922,api,1.190
1790925142.922,enginecore,0.010
1790925142.922,other_total,0.030
1790925142.922,store_0,0.000
1790925142.922,store_1,0.000
1790925142.922,avail_mb,51748
1790925142.922,pswpin,1554893
1790925143.931,api,0.367
1790925143.931,enginecore,0.000
1790925143.931,other_total,1.864
1790925143.931,store_0,0.000
1790925143.931,store_1,0.000
1790925143.931,avail_mb,50988
1790925143.931,pswpin,1554893
1790925144.940,api,0.000
1790925144.940,enginecore,0.010
1790925144.940,other_total,2.299
1790925144.940,store_0,0.000
1790925144.940,store_1,0.000
1790925144.940,avail_mb,50805
1790925144.940,pswpin,1554893
1790925145.949,api,0.000
1790925145.949,enginecore,0.000
1790925145.949,other_total,2.121
1790925145.949,store_0,0.000
1790925145.949,store_1,0.000
1790925145.949,avail_mb,50560
1790925145.949,pswpin,1554893
1790925146.958,api,0.000
1790925146.958,enginecore,0.000
1790925146.958,other_total,1.913
1790925146.958,store_0,0.000
1790925146.958,store_1,0.000
1790925146.958,avail_mb,50281
1790925146.958,pswpin,1554893
1790925147.969,api,0.000
1790925147.969,enginecore,1.414
1790925147.969,other_total,1.612
1790925147.969,store_0,0.000
1790925147.969,store_1,0.000
1790925147.969,avail_mb,49857
1790925147.969,pswpin,1554893
1790925148.978,api,0.000
1790925148.978,enginecore,2.022
1790925148.978,other_total,0.585
1790925148.978,store_0,0.000
1790925148.978,store_1,0.000
1790925148.978,avail_mb,49391
1790925148.978,pswpin,1554893
1790925149.987,api,0.000
1790925149.987,enginecore,1.377
1790925149.987,other_total,0.664
1790925149.987,store_0,0.000
1790925149.987,store_1,0.000
1790925149.987,avail_mb,49339
1790925149.987,pswpin,1554893
1790925150.996,api,0.000
1790925150.996,enginecore,1.011
1790925150.996,other_total,0.456
1790925150.996,store_0,0.000
1790925150.996,store_1,0.000
1790925150.996,avail_mb,49356
1790925150.996,pswpin,1554893
1790925152.005,api,0.000
1790925152.005,enginecore,1.486
1790925152.005,other_total,0.040
1790925152.005,store_0,0.000
1790925152.005,store_1,0.000
1790925152.005,avail_mb,47791
1790925152.005,pswpin,1554893
1790925153.014,api,0.050
1790925153.014,enginecore,0.654
1790925153.014,other_total,0.793
1790925153.014,store_0,0.000
1790925153.014,store_1,0.000
1790925153.014,avail_mb,47676
1790925153.014,pswpin,1554893
1790925154.023,api,0.367
1790925154.023,enginecore,0.803
1790925154.023,other_total,0.347
1790925154.023,store_0,0.000
1790925154.023,store_1,0.000
1790925154.023,avail_mb,46589
1790925154.023,pswpin,1554893
1790925155.032,api,0.010
1790925155.032,enginecore,0.823
1790925155.032,other_total,0.040
1790925155.032,store_0,0.000
1790925155.032,store_1,0.000
1790925155.032,avail_mb,46325
1790925155.032,pswpin,1554903
1790925156.043,api,0.188
1790925156.043,enginecore,0.168
1790925156.043,other_total,0.020
1790925156.043,store_0,0.000
1790925156.043,store_1,0.000
1790925156.043,avail_mb,46280
1790925156.043,pswpin,1554903
1790925157.053,api,0.356
1790925157.053,enginecore,0.178
1790925157.053,other_total,0.040
1790925157.053,store_0,0.000
1790925157.053,store_1,0.010
1790925157.053,avail_mb,46141
1790925157.053,pswpin,1554903
1790925158.062,api,0.040
1790925158.062,enginecore,0.188
1790925158.062,other_total,0.773
1790925158.062,store_0,0.000
1790925158.062,store_1,0.099
1790925158.062,avail_mb,48738
1790925158.062,pswpin,1554903
1790925159.071,api,0.000
1790925159.071,enginecore,0.020
1790925159.071,other_total,0.545
1790925159.071,store_0,0.000
1790925159.071,store_1,0.000
1790925159.071,avail_mb,48531
1790925159.071,pswpin,1554903
1790925160.082,api,0.000
1790925160.082,enginecore,0.030
1790925160.082,other_total,0.030
1790925160.082,store_0,0.000
1790925160.082,store_1,0.000
1790925160.082,store_2,0.465
1790925160.082,avail_mb,48455
1790925160.082,pswpin,1554903
1790925161.093,api,0.010
1790925161.093,enginecore,0.020
1790925161.093,other_total,0.979
1790925161.093,store_0,0.000
1790925161.093,store_1,0.000
1790925161.093,store_2,0.000
1790925161.093,avail_mb,48055
1790925161.093,pswpin,1554903
1790925162.103,api,1.921
1790925162.103,enginecore,0.000
1790925162.103,other_total,0.040
1790925162.103,store_0,0.000
1790925162.103,store_1,0.000
1790925162.103,store_2,0.000
1790925162.103,avail_mb,47850
1790925162.103,pswpin,1554903
1790925163.113,api,2.336
1790925163.113,enginecore,0.020
1790925163.113,other_total,0.030
1790925163.113,store_0,0.000
1790925163.113,store_1,0.000
1790925163.113,store_2,0.000
1790925163.113,avail_mb,47623
1790925163.113,pswpin,1554903
1790925164.122,api,1.992
1790925164.122,enginecore,0.000
1790925164.122,other_total,0.059
1790925164.122,store_0,0.000
1790925164.122,store_1,0.000
1790925164.122,store_2,0.000
1790925164.122,avail_mb,47478
1790925164.122,pswpin,1554903
1790925165.131,api,1.011
1790925165.131,enginecore,0.010
1790925165.131,other_total,0.050
1790925165.131,store_0,0.000
1790925165.131,store_1,0.000
1790925165.131,store_2,0.000
1790925165.131,avail_mb,47337
1790925165.131,pswpin,1554903
1790925166.141,api,0.119
1790925166.141,enginecore,0.020
1790925166.141,other_total,2.230
1790925166.141,store_0,0.000
1790925166.141,store_1,0.000
1790925166.141,store_2,0.000
1790925166.141,avail_mb,46654
1790925166.141,pswpin,1554903
1790925167.150,api,0.000
1790925167.150,enginecore,0.000
1790925167.150,other_total,2.289
1790925167.150,store_0,0.000
1790925167.150,store_1,0.000
1790925167.150,store_2,0.000
1790925167.150,avail_mb,46439
1790925167.150,pswpin,1554903
1790925168.159,api,0.000
1790925168.159,enginecore,0.010
1790925168.159,other_total,2.012
1790925168.159,store_0,0.000
1790925168.159,store_1,0.000
1790925168.159,store_2,0.000
1790925168.159,avail_mb,46243
1790925168.159,pswpin,1554903
1790925169.168,api,0.000
1790925169.168,enginecore,0.010
1790925169.168,other_total,1.962
1790925169.168,store_0,0.000
1790925169.168,store_1,0.000
1790925169.168,store_2,0.000
1790925169.168,avail_mb,45909
1790925169.168,pswpin,1554903
1790925170.179,api,0.000
1790925170.179,enginecore,1.572
1790925170.179,other_total,1.978
1790925170.179,store_0,0.000
1790925170.179,store_1,0.000
1790925170.179,store_2,0.000
1790925170.179,avail_mb,45509
1790925170.179,pswpin,1554903
1790925171.188,api,0.000
1790925171.188,enginecore,2.031
1790925171.188,other_total,0.168
1790925171.188,store_0,0.000
1790925171.188,store_1,0.000
1790925171.188,store_2,0.000
1790925171.188,avail_mb,45055
1790925171.188,pswpin,1554903
1790925172.197,api,0.010
1790925172.197,enginecore,1.110
1790925172.197,other_total,0.902
1790925172.197,store_0,0.000
1790925172.197,store_1,0.000
1790925172.197,store_2,0.000
1790925172.197,avail_mb,44998
1790925172.197,pswpin,1554903
1790925173.206,api,0.000
1790925173.206,enginecore,1.011
1790925173.206,other_total,0.188
1790925173.206,store_0,0.000
1790925173.206,store_1,0.000
1790925173.206,store_2,0.000
1790925173.206,avail_mb,45010
1790925173.206,pswpin,1554903
1790925174.215,api,0.000
1790925174.215,enginecore,0.961
1790925174.215,other_total,0.040
1790925174.215,store_0,0.000
1790925174.215,store_1,0.000
1790925174.215,store_2,0.000
1790925174.215,avail_mb,44493
1790925174.215,pswpin,1554903
1790925175.225,api,0.000
1790925175.225,enginecore,0.594
1790925175.225,other_total,0.981
1790925175.225,store_0,0.000
1790925175.225,store_1,0.000
1790925175.225,store_2,0.000
1790925175.225,avail_mb,43409
1790925175.225,pswpin,1554903
1790925176.234,api,0.040
1790925176.234,enginecore,0.575
1790925176.234,other_total,0.159
1790925176.234,store_0,0.000
1790925176.234,store_1,0.000
1790925176.234,store_2,0.000
1790925176.234,avail_mb,43328
1790925176.234,pswpin,1554903
1790925177.243,api,0.367
1790925177.243,enginecore,1.179
1790925177.243,other_total,0.040
1790925177.243,store_0,0.000
1790925177.243,store_1,0.000
1790925177.243,store_2,0.000
1790925177.243,avail_mb,42000
1790925177.243,pswpin,1554903
1790925178.254,api,0.059
1790925178.254,enginecore,0.445
1790925178.254,other_total,0.030
1790925178.254,store_0,0.000
1790925178.254,store_1,0.000
1790925178.254,store_2,0.000
1790925178.254,avail_mb,41928
1790925178.254,pswpin,1554903
1790925179.265,api,0.396
1790925179.265,enginecore,0.010
1790925179.265,other_total,0.040
1790925179.265,store_0,0.000
1790925179.265,store_1,0.000
1790925179.265,store_2,0.000
1790925179.265,avail_mb,41881
1790925179.265,pswpin,1554903
1790925180.276,api,0.000
1790925180.276,enginecore,0.049
1790925180.276,other_total,0.010
1790925180.276,store_0,0.000
1790925180.276,store_1,0.000
1790925180.276,store_2,0.000
1790925180.276,avail_mb,41884
1790925180.276,pswpin,1554903
1790925181.285,api,0.089
1790925181.285,enginecore,0.406
1790925181.285,other_total,0.089
1790925181.285,store_0,0.000
1790925181.285,store_1,0.000
1790925181.285,store_2,0.040
1790925181.285,avail_mb,41598
1790925181.285,pswpin,1554903
1790925182.294,api,0.040
1790925182.294,enginecore,0.198
1790925182.294,other_total,0.555
1790925182.294,store_0,0.000
1790925182.294,store_1,0.000
1790925182.294,store_2,0.059
1790925182.294,avail_mb,44214
1790925182.294,pswpin,1554903
1790925183.303,api,0.000
1790925183.303,enginecore,0.030
1790925183.303,other_total,0.813
1790925183.303,store_0,0.000
1790925183.303,store_1,0.000
1790925183.303,store_2,0.000
1790925183.303,avail_mb,43973
1790925183.303,pswpin,1554903
1790925184.314,api,0.010
1790925184.314,enginecore,0.030
1790925184.314,other_total,0.020
1790925184.314,store_0,0.000
1790925184.314,store_1,0.000
1790925184.314,store_2,0.000
1790925184.314,store_3,0.218
1790925184.314,avail_mb,43976
1790925184.314,pswpin,1554903
1790925185.323,api,0.010
1790925185.323,enginecore,0.020
1790925185.323,other_total,1.427
1790925185.323,store_0,0.000
1790925185.323,store_1,0.000
1790925185.323,store_2,0.000
1790925185.323,store_3,0.000
1790925185.323,avail_mb,43643
1790925185.323,pswpin,1554903
1790925186.332,api,1.913
1790925186.332,enginecore,0.020
1790925186.332,other_total,0.030
1790925186.332,store_0,0.000
1790925186.332,store_1,0.000
1790925186.332,store_2,0.000
1790925186.332,store_3,0.000
1790925186.332,avail_mb,43408
1790925186.332,pswpin,1554903
1790925187.342,api,2.318
1790925187.342,enginecore,0.010
1790925187.342,other_total,0.089
1790925187.342,store_0,0.000
1790925187.342,store_1,0.000
1790925187.342,store_2,0.000
1790925187.342,store_3,0.000
1790925187.342,avail_mb,43188
1790925187.342,pswpin,1554903
1790925188.351,api,1.794
1790925188.351,enginecore,0.020
1790925188.351,other_total,0.000
1790925188.351,store_0,0.000
1790925188.351,store_1,0.000
1790925188.351,store_2,0.000
1790925188.351,store_3,0.000
1790925188.351,avail_mb,42990
1790925188.351,pswpin,1554903
1790925189.360,api,0.892
1790925189.360,enginecore,0.020
1790925189.360,other_total,0.495
1790925189.360,store_0,0.000
1790925189.360,store_1,0.000
1790925189.360,store_2,0.000
1790925189.360,store_3,0.000
1790925189.360,avail_mb,42405
1790925189.360,pswpin,1554903
1790925190.370,api,0.000
1790925190.370,enginecore,0.020
1790925190.370,other_total,2.228
1790925190.370,store_0,0.000
1790925190.370,store_1,0.000
1790925190.370,store_2,0.000
1790925190.370,store_3,0.000
1790925190.370,avail_mb,42074
1790925190.370,pswpin,1554903
1790925191.379,api,0.010
1790925191.379,enginecore,0.020
1790925191.379,other_total,2.369
1790925191.379,store_0,0.000
1790925191.379,store_1,0.000
1790925191.379,store_2,0.000
1790925191.379,store_3,0.000
1790925191.379,avail_mb,41890
1790925191.379,pswpin,1554903
1790925192.388,api,0.000
1790925192.388,enginecore,0.000
1790925192.388,other_total,2.021
1790925192.388,store_0,0.000
1790925192.388,store_1,0.000
1790925192.388,store_2,0.000
1790925192.388,store_3,0.000
1790925192.388,avail_mb,41716
1790925192.388,pswpin,1554903
1790925193.397,api,0.000
1790925193.397,enginecore,0.020
1790925193.397,other_total,2.446
1790925193.397,store_0,0.000
1790925193.397,store_1,0.000
1790925193.397,store_2,0.000
1790925193.397,store_3,0.000
1790925193.397,avail_mb,41078
1790925193.397,pswpin,1554903
1790925194.407,api,0.000
1790925194.407,enginecore,1.565
1790925194.407,other_total,1.625
1790925194.407,store_0,0.000
1790925194.407,store_1,0.000
1790925194.407,store_2,0.000
1790925194.407,store_3,0.000
1790925194.407,avail_mb,41088
1790925194.407,pswpin,1554903
1790925195.416,api,0.000
1790925195.416,enginecore,1.794
1790925195.416,other_total,0.287
1790925195.416,store_0,0.000
1790925195.416,store_1,0.000
1790925195.416,store_2,0.000
1790925195.416,store_3,0.000
1790925195.416,avail_mb,40573
1790925195.416,pswpin,1554903
1790925196.425,api,0.000
1790925196.425,enginecore,1.001
1790925196.425,other_total,0.842
1790925196.425,store_0,0.000
1790925196.425,store_1,0.000
1790925196.425,store_2,0.000
1790925196.425,store_3,0.000
1790925196.425,avail_mb,40531
1790925196.425,pswpin,1554903
1790925197.434,api,0.000
1790925197.434,enginecore,1.011
1790925197.434,other_total,0.050
1790925197.434,store_0,0.000
1790925197.434,store_1,0.000
1790925197.434,store_2,0.000
1790925197.434,store_3,0.000
1790925197.434,avail_mb,40286
1790925197.434,pswpin,1554903
1790925198.445,api,0.000
1790925198.445,enginecore,0.752
1790925198.445,other_total,0.317
1790925198.445,store_0,0.000
1790925198.445,store_1,0.000
1790925198.445,store_2,0.000
1790925198.445,store_3,0.000
1790925198.445,avail_mb,39962
1790925198.445,pswpin,1554903
1790925199.455,api,0.000
1790925199.455,enginecore,0.595
1790925199.455,other_total,0.832
1790925199.455,store_0,0.000
1790925199.455,store_1,0.000
1790925199.455,store_2,0.000
1790925199.455,store_3,0.000
1790925199.455,avail_mb,38835
1790925199.455,pswpin,1554903
1790925200.465,api,0.049
1790925200.465,enginecore,0.891
1790925200.465,other_total,0.010
1790925200.465,store_0,0.000
1790925200.465,store_1,0.000
1790925200.465,store_2,0.000
1790925200.465,store_3,0.000
1790925200.465,avail_mb,37776
1790925200.465,pswpin,1554903
1790925201.474,api,0.357
1790925201.474,enginecore,0.862
1790925201.474,other_total,0.030
1790925201.474,store_0,0.000
1790925201.474,store_1,0.000
1790925201.474,store_2,0.000
1790925201.474,store_3,0.000
1790925201.474,avail_mb,37481
1790925201.474,pswpin,1554903
1790925202.485,api,0.069
1790925202.485,enginecore,0.326
1790925202.485,other_total,0.030
1790925202.485,store_0,0.000
1790925202.485,store_1,0.000
1790925202.485,store_2,0.000
1790925202.485,store_3,0.000
1790925202.485,avail_mb,37468
1790925202.485,pswpin,1554903
1790925203.496,api,0.386
1790925203.496,enginecore,0.049
1790925203.496,other_total,0.000
1790925203.496,store_0,0.000
1790925203.496,store_1,0.000
1790925203.496,store_2,0.000
1790925203.496,store_3,0.000
1790925203.496,avail_mb,37435
1790925203.496,pswpin,1554903
1790925204.506,api,0.010
1790925204.506,enginecore,0.020
1790925204.506,other_total,0.010
1790925204.506,store_0,0.000
1790925204.506,store_1,0.000
1790925204.506,store_2,0.000
1790925204.506,store_3,0.000
1790925204.506,avail_mb,37447
1790925204.506,pswpin,1554903
1790925205.517,api,0.089
1790925205.517,enginecore,0.604
1790925205.517,other_total,0.099
1790925205.517,store_0,0.000
1790925205.517,store_1,0.000
1790925205.517,store_2,0.000
1790925205.517,store_3,0.069
1790925205.517,avail_mb,36965
1790925205.517,pswpin,1554903
1790925206.527,api,0.050
1790925206.527,enginecore,0.188
1790925206.527,other_total,0.307
1790925206.527,store_0,0.000
1790925206.527,store_1,0.000
1790925206.527,store_2,0.000
1790925206.527,store_3,0.040
1790925206.527,avail_mb,40093
1790925206.527,pswpin,1554903
1790925207.536,api,0.000
1790925207.536,enginecore,0.020
1790925207.536,other_total,0.971
1790925207.536,store_0,0.000
1790925207.536,store_1,0.000
1790925207.536,store_2,0.000
1790925207.536,store_3,0.000
1790925207.536,avail_mb,39810
1790925207.536,pswpin,1554905
1790925208.546,api,0.000
1790925208.546,enginecore,0.010
1790925208.546,other_total,0.049
1790925208.546,store_0,0.000
1790925208.546,store_1,0.000
1790925208.546,store_2,0.000
1790925208.546,store_3,0.000
1790925208.546,store_4,0.030
1790925208.546,avail_mb,39811
1790925208.546,pswpin,1554905
1790925209.556,api,0.010
1790925209.556,enginecore,0.020
1790925209.556,other_total,1.773
1790925209.556,store_0,0.000
1790925209.556,store_1,0.000
1790925209.556,store_2,0.000
1790925209.556,store_3,0.000
1790925209.556,store_4,0.000
1790925209.556,avail_mb,39243
1790925209.556,pswpin,1554905
1790925210.565,api,2.269
1790925210.565,enginecore,0.010
1790925210.565,other_total,0.040
1790925210.565,store_0,0.000
1790925210.565,store_1,0.000
1790925210.565,store_2,0.000
1790925210.565,store_3,0.000
1790925210.565,store_4,0.000
1790925210.565,avail_mb,39020
1790925210.565,pswpin,1554905
1790925211.574,api,1.972
1790925211.574,enginecore,0.020
1790925211.574,other_total,0.079
1790925211.574,store_0,0.000
1790925211.574,store_1,0.000
1790925211.574,store_2,0.000
1790925211.574,store_3,0.000
1790925211.574,store_4,0.000
1790925211.574,avail_mb,38819
1790925211.574,pswpin,1554905
1790925212.583,api,1.447
1790925212.583,enginecore,0.030
1790925212.583,other_total,0.000
1790925212.583,store_0,0.000
1790925212.583,store_1,0.000
1790925212.583,store_2,0.000
1790925212.583,store_3,0.000
1790925212.583,store_4,0.000
1790925212.583,avail_mb,38674
1790925212.583,pswpin,1554905
1790925213.593,api,0.832
1790925213.593,enginecore,0.000
1790925213.593,other_total,1.150
1790925213.593,store_0,0.000
1790925213.593,store_1,0.000
1790925213.593,store_2,0.000
1790925213.593,store_3,0.000
1790925213.593,store_4,0.000
1790925213.593,avail_mb,38009
1790925213.593,pswpin,1554905
1790925214.602,api,0.000
1790925214.602,enginecore,0.010
1790925214.602,other_total,1.962
1790925214.602,store_0,0.000
1790925214.602,store_1,0.000
1790925214.602,store_2,0.000
1790925214.602,store_3,0.000
1790925214.602,store_4,0.000
1790925214.602,avail_mb,37740
1790925214.602,pswpin,1554905
1790925215.611,api,0.000
1790925215.611,enginecore,0.030
1790925215.611,other_total,2.368
1790925215.611,store_0,0.000
1790925215.611,store_1,0.000
1790925215.611,store_2,0.000
1790925215.611,store_3,0.000
1790925215.611,store_4,0.000
1790925215.611,avail_mb,37536
1790925215.611,pswpin,1554905
1790925216.622,api,0.000
1790925216.622,enginecore,0.000
1790925216.622,other_total,1.998
1790925216.622,store_0,0.000
1790925216.622,store_1,0.000
1790925216.622,store_2,0.000
1790925216.622,store_3,0.000
1790925216.622,store_4,0.000
1790925216.622,avail_mb,37185
1790925216.622,pswpin,1554905
1790925217.633,api,0.000
1790925217.633,enginecore,1.603
1790925217.633,other_total,1.039
1790925217.633,store_0,0.000
1790925217.633,store_1,0.000
1790925217.633,store_2,0.000
1790925217.633,store_3,0.000
1790925217.633,store_4,0.000
1790925217.633,avail_mb,36672
1790925217.633,pswpin,1554905
1790925218.642,api,0.000
1790925218.642,enginecore,2.021
1790925218.642,other_total,1.100
1790925218.642,store_0,0.000
1790925218.642,store_1,0.000
1790925218.642,store_2,0.000
1790925218.642,store_3,0.000
1790925218.642,store_4,0.000
1790925218.642,avail_mb,36209
1790925218.642,pswpin,1554905
1790925219.651,api,0.000
1790925219.651,enginecore,1.437
1790925219.651,other_total,0.585
1790925219.651,store_0,0.000
1790925219.651,store_1,0.000
1790925219.651,store_2,0.000
1790925219.651,store_3,0.000
1790925219.651,store_4,0.000
1790925219.651,avail_mb,36171
1790925219.651,pswpin,1554905
1790925220.661,api,0.000
1790925220.661,enginecore,1.030
1790925220.661,other_total,0.525
1790925220.661,store_0,0.000
1790925220.661,store_1,0.000
1790925220.661,store_2,0.000
1790925220.661,store_3,0.000
1790925220.661,store_4,0.000
1790925220.661,avail_mb,36153
1790925220.661,pswpin,1554905
1790925221.673,api,0.000
1790925221.673,enginecore,1.650
1790925221.673,other_total,0.049
1790925221.673,store_0,0.000
1790925221.673,store_1,0.000
1790925221.673,store_2,0.000
1790925221.673,store_3,0.000
1790925221.673,store_4,0.000
1790925221.673,avail_mb,34497
1790925221.673,pswpin,1554905
1790925222.683,api,0.099
1790925222.683,enginecore,0.782
1790925222.683,other_total,0.495
1790925222.683,store_0,0.000
1790925222.683,store_1,0.000
1790925222.683,store_2,0.000
1790925222.683,store_3,0.000
1790925222.683,store_4,0.000
1790925222.683,avail_mb,34442
1790925222.683,pswpin,1554905
1790925223.693,api,0.317
1790925223.693,enginecore,0.059
1790925223.693,other_total,0.594
1790925223.693,store_0,0.000
1790925223.693,store_1,0.000
1790925223.693,store_2,0.000
1790925223.693,store_3,0.000
1790925223.693,store_4,0.000
1790925223.693,avail_mb,34436
1790925223.693,pswpin,1554905
1790925224.705,api,0.010
1790925224.705,enginecore,0.593
1790925224.705,other_total,0.020
1790925224.705,store_0,0.000
1790925224.705,store_1,0.000
1790925224.705,store_2,0.000
1790925224.705,store_3,0.000
1790925224.705,store_4,0.000
1790925224.705,avail_mb,33407
1790925224.705,pswpin,1554905
1790925225.716,api,0.000
1790925225.716,enginecore,0.900
1790925225.716,other_total,0.049
1790925225.716,store_0,0.000
1790925225.716,store_1,0.000
1790925225.716,store_2,0.000
1790925225.716,store_3,0.000
1790925225.716,store_4,0.000
1790925225.716,avail_mb,33156
1790925225.716,pswpin,1554905
1790925226.727,api,0.069
1790925226.727,enginecore,0.425
1790925226.727,other_total,0.000
1790925226.727,store_0,0.000
1790925226.727,store_1,0.000
1790925226.727,store_2,0.000
1790925226.727,store_3,0.000
1790925226.727,store_4,0.000
1790925226.727,avail_mb,33133
1790925226.727,pswpin,1554905
1790925227.739,api,0.366
1790925227.739,enginecore,0.000
1790925227.739,other_total,0.049
1790925227.739,store_0,0.000
1790925227.739,store_1,0.000
1790925227.739,store_2,0.000
1790925227.739,store_3,0.000
1790925227.739,store_4,0.000
1790925227.739,avail_mb,33097
1790925227.739,pswpin,1554905
1790925228.749,api,0.000
1790925228.749,enginecore,0.040
1790925228.749,other_total,0.000
1790925228.749,store_0,0.000
1790925228.749,store_1,0.000
1790925228.749,store_2,0.000
1790925228.749,store_3,0.000
1790925228.749,store_4,0.000
1790925228.749,avail_mb,33102
1790925228.749,pswpin,1554905
1790925229.759,api,0.148
1790925229.759,enginecore,0.881
1790925229.759,other_total,0.099
1790925229.759,store_0,0.000
1790925229.759,store_1,0.000
1790925229.759,store_2,0.000
1790925229.759,store_3,0.000
1790925229.759,store_4,0.109
1790925229.759,avail_mb,32451
1790925229.759,pswpin,1554905
1790925230.771,api,0.000
1790925230.771,enginecore,0.089
1790925230.771,other_total,0.148
1790925230.771,store_0,0.000
1790925230.771,store_1,0.000
1790925230.771,store_2,0.000
1790925230.771,store_3,0.000
1790925230.771,store_4,0.000
1790925230.771,avail_mb,35714
1790925230.771,pswpin,1554905
1790925231.780,api,0.000
1790925231.780,enginecore,0.010
1790925231.780,other_total,0.991
1790925231.780,store_0,0.000
1790925231.780,store_1,0.000
1790925231.780,store_2,0.000
1790925231.780,store_3,0.000
1790925231.780,store_4,0.000
1790925231.780,avail_mb,35443
1790925231.780,pswpin,1554905
1790925232.791,api,0.000
1790925232.791,enginecore,0.020
1790925232.791,other_total,0.049
1790925232.791,store_0,0.000
1790925232.791,store_1,0.000
1790925232.791,store_2,0.000
1790925232.791,store_3,0.000
1790925232.791,store_4,0.000
1790925232.791,store_5,0.000
1790925232.791,avail_mb,35446
1790925232.791,pswpin,1554905
1790925233.802,api,0.000
1790925233.802,enginecore,0.040
1790925233.802,other_total,2.205
1790925233.802,store_0,0.000
1790925233.802,store_1,0.000
1790925233.802,store_2,0.000
1790925233.802,store_3,0.000
1790925233.802,store_4,0.000
1790925233.802,store_5,0.000
1790925233.802,avail_mb,34801
1790925233.802,pswpin,1554905
1790925234.811,api,2.259
1790925234.811,enginecore,0.040
1790925234.811,other_total,0.000
1790925234.811,store_0,0.000
1790925234.811,store_1,0.000
1790925234.811,store_2,0.000
1790925234.811,store_3,0.000
1790925234.811,store_4,0.000
1790925234.811,store_5,0.000
1790925234.811,avail_mb,34565
1790925234.811,pswpin,1554905
1790925235.820,api,1.982
1790925235.820,enginecore,0.000
1790925235.820,other_total,0.079
1790925235.820,store_0,0.000
1790925235.820,store_1,0.000
1790925235.820,store_2,0.000
1790925235.820,store_3,0.000
1790925235.820,store_4,0.000
1790925235.820,store_5,0.000
1790925235.820,avail_mb,34372
1790925235.820,pswpin,1554905
1790925236.830,api,1.466
1790925236.830,enginecore,0.020
1790925236.830,other_total,0.030
1790925236.830,store_0,0.000
1790925236.830,store_1,0.000
1790925236.830,store_2,0.000
1790925236.830,store_3,0.000
1790925236.830,store_4,0.000
1790925236.830,store_5,0.000
1790925236.830,avail_mb,34242
1790925236.830,pswpin,1554905
1790925237.839,api,0.357
1790925237.839,enginecore,0.030
1790925237.839,other_total,1.674
1790925237.839,store_0,0.000
1790925237.839,store_1,0.000
1790925237.839,store_2,0.000
1790925237.839,store_3,0.000
1790925237.839,store_4,0.000
1790925237.839,store_5,0.000
1790925237.839,avail_mb,33499
1790925237.839,pswpin,1554905
1790925238.849,api,0.000
1790925238.849,enginecore,0.000
1790925238.849,other_total,2.347
1790925238.849,store_0,0.000
1790925238.849,store_1,0.000
1790925238.849,store_2,0.000
1790925238.849,store_3,0.000
1790925238.849,store_4,0.000
1790925238.849,store_5,0.000
1790925238.849,avail_mb,33273
1790925238.849,pswpin,1554905
1790925239.858,api,0.000
1790925239.858,enginecore,0.030
1790925239.858,other_total,2.031
1790925239.858,store_0,0.000
1790925239.858,store_1,0.000
1790925239.858,store_2,0.000
1790925239.858,store_3,0.000
1790925239.858,store_4,0.000
1790925239.858,store_5,0.000
1790925239.858,avail_mb,33038
1790925239.858,pswpin,1554905
1790925240.868,api,0.000
1790925240.868,enginecore,0.030
1790925240.868,other_total,1.892
1790925240.868,store_0,0.000
1790925240.868,store_1,0.000
1790925240.868,store_2,0.000
1790925240.868,store_3,0.000
1790925240.868,store_4,0.000
1790925240.868,store_5,0.000
1790925240.868,avail_mb,32745
1790925240.868,pswpin,1554905
1790925241.878,api,0.010
1790925241.878,enginecore,1.504
1790925241.878,other_total,1.564
1790925241.878,store_0,0.000
1790925241.878,store_1,0.000
1790925241.878,store_2,0.000
1790925241.878,store_3,0.000
1790925241.878,store_4,0.000
1790925241.878,store_5,0.000
1790925241.878,avail_mb,32287
1790925241.878,pswpin,1554906
1790925242.888,api,0.000
1790925242.888,enginecore,2.041
1790925242.888,other_total,0.594
1790925242.888,store_0,0.000
1790925242.888,store_1,0.000
1790925242.888,store_2,0.000
1790925242.888,store_3,0.000
1790925242.888,store_4,0.000
1790925242.888,store_5,0.000
1790925242.888,avail_mb,31836
1790925242.888,pswpin,1554906
1790925243.897,api,0.000
1790925243.897,enginecore,1.288
1790925243.897,other_total,0.803
1790925243.897,store_0,0.000
1790925243.897,store_1,0.000
1790925243.897,store_2,0.000
1790925243.897,store_3,0.000
1790925243.897,store_4,0.000
1790925243.897,store_5,0.000
1790925243.897,avail_mb,31777
1790925243.897,pswpin,1554906
1790925244.906,api,0.010
1790925244.906,enginecore,1.011
1790925244.906,other_total,0.357
1790925244.906,store_0,0.000
1790925244.906,store_1,0.000
1790925244.906,store_2,0.000
1790925244.906,store_3,0.000
1790925244.906,store_4,0.000
1790925244.906,store_5,0.000
1790925244.906,avail_mb,31781
1790925244.906,pswpin,1554906
1790925245.916,api,0.010
1790925245.916,enginecore,1.030
1790925245.916,other_total,0.010
1790925245.916,store_0,0.000
1790925245.916,store_1,0.000
1790925245.916,store_2,0.000
1790925245.916,store_3,0.000
1790925245.916,store_4,0.000
1790925245.916,store_5,0.000
1790925245.916,avail_mb,31283
1790925245.916,pswpin,1554906
1790925246.925,api,0.000
1790925246.925,enginecore,0.258
1790925246.925,other_total,0.773
1790925246.925,store_0,0.000
1790925246.925,store_1,0.000
1790925246.925,store_2,0.000
1790925246.925,store_3,0.000
1790925246.925,store_4,0.000
1790925246.925,store_5,0.000
1790925246.925,avail_mb,31245
1790925246.925,pswpin,1554906
1790925247.934,api,0.010
1790925247.934,enginecore,0.040
1790925247.934,other_total,0.307
1790925247.934,store_0,0.000
1790925247.934,store_1,0.000
1790925247.934,store_2,0.000
1790925247.934,store_3,0.000
1790925247.934,store_4,0.000
1790925247.934,store_5,0.000
1790925247.934,avail_mb,31255
1790925247.934,pswpin,1554906
1790925248.945,api,0.000
1790925248.945,enginecore,0.040
1790925248.945,other_total,0.020
1790925248.945,store_0,0.000
1790925248.945,store_1,0.000
1790925248.945,store_2,0.000
1790925248.945,store_3,0.000
1790925248.945,store_4,0.000
1790925248.945,store_5,0.000
1790925248.945,avail_mb,31258
1790925248.945,pswpin,1554946
1790925249.956,api,0.010
1790925249.956,enginecore,0.030
1790925249.956,other_total,0.010
1790925249.956,store_0,0.000
1790925249.956,store_1,0.000
1790925249.956,store_2,0.000
1790925249.956,store_3,0.000
1790925249.956,store_4,0.000
1790925249.956,store_5,0.000
1790925249.956,avail_mb,31260
1790925249.956,pswpin,1554946
1790925250.967,api,0.000
1790925250.967,enginecore,0.040
1790925250.967,other_total,0.040
1790925250.967,store_0,0.000
1790925250.967,store_1,0.000
1790925250.967,store_2,0.000
1790925250.967,store_3,0.000
1790925250.967,store_4,0.000
1790925250.967,store_5,0.000
1790925250.967,avail_mb,31260
1790925250.967,pswpin,1554946
1790925251.977,api,0.000
1790925251.977,enginecore,0.020
1790925251.977,other_total,0.010
1790925251.977,store_0,0.000
1790925251.977,store_1,0.000
1790925251.977,store_2,0.000
1790925251.977,store_3,0.000
1790925251.977,store_4,0.000
1790925251.977,store_5,0.000
1790925251.977,avail_mb,31264
1790925251.977,pswpin,1554952
1790925252.988,api,0.000
1790925252.988,enginecore,0.040
1790925252.988,other_total,0.010
1790925252.988,store_0,0.000
1790925252.988,store_1,0.000
1790925252.988,store_2,0.000
1790925252.988,store_3,0.000
1790925252.988,store_4,0.000
1790925252.988,store_5,0.000
1790925252.988,avail_mb,31267
1790925252.988,pswpin,1554952
1790925253.998,api,0.000
1790925253.998,enginecore,0.020
1790925253.998,other_total,0.059
1790925253.998,store_0,0.000
1790925253.998,store_1,0.000
1790925253.998,store_2,0.000
1790925253.998,store_3,0.000
1790925253.998,store_4,0.000
1790925253.998,store_5,0.000
1790925253.998,avail_mb,31269
1790925253.998,pswpin,1554952
1790925255.008,api,0.000
1790925255.008,enginecore,0.743
1790925255.008,other_total,0.000
1790925255.008,store_0,0.000
1790925255.008,store_1,0.000
1790925255.008,store_2,0.000
1790925255.008,store_3,0.000
1790925255.008,store_4,0.000
1790925255.008,store_5,0.000
1790925255.008,avail_mb,30123
1790925255.008,pswpin,1554952
1790925256.020,api,0.168
1790925256.020,enginecore,0.257
1790925256.020,other_total,0.128
1790925256.020,store_0,0.000
1790925256.020,store_1,0.000
1790925256.020,store_2,0.000
1790925256.020,store_3,0.000
1790925256.020,store_4,0.000
1790925256.020,store_5,0.000
1790925256.020,avail_mb,30105
1790925256.020,pswpin,1554952
1790925257.031,api,0.267
1790925257.031,enginecore,0.020
1790925257.031,other_total,0.049
1790925257.031,store_0,0.000
1790925257.031,store_1,0.000
1790925257.031,store_2,0.000
1790925257.031,store_3,0.000
1790925257.031,store_4,0.000
1790925257.031,store_5,0.000
1790925257.031,avail_mb,30106
1790925257.031,pswpin,1554952
1790925258.043,api,0.010
1790925258.043,enginecore,0.969
1790925258.043,other_total,0.000
1790925258.043,store_0,0.000
1790925258.043,store_1,0.000
1790925258.043,store_2,0.000
1790925258.043,store_3,0.000
1790925258.043,store_4,0.000
1790925258.043,store_5,0.000
1790925258.043,avail_mb,29035
1790925258.043,pswpin,1554952
1790925259.054,api,0.000
1790925259.054,enginecore,0.811
1790925259.054,other_total,0.040
1790925259.054,store_0,0.000
1790925259.054,store_1,0.000
1790925259.054,store_2,0.000
1790925259.054,store_3,0.000
1790925259.054,store_4,0.000
1790925259.054,store_5,0.000
1790925259.054,avail_mb,28789
1790925259.054,pswpin,1554952
1790925260.065,api,0.198
1790925260.065,enginecore,0.178
1790925260.065,other_total,0.040
1790925260.065,store_0,0.000
1790925260.065,store_1,0.000
1790925260.065,store_2,0.000
1790925260.065,store_3,0.000
1790925260.065,store_4,0.000
1790925260.065,store_5,0.000
1790925260.065,avail_mb,28735
1790925260.065,pswpin,1554952
1790925261.077,api,0.326
1790925261.077,enginecore,0.109
1790925261.077,other_total,0.010
1790925261.077,store_0,0.000
1790925261.077,store_1,0.000
1790925261.077,store_2,0.000
1790925261.077,store_3,0.000
1790925261.077,store_4,0.000
1790925261.077,store_5,0.000
1790925261.077,avail_mb,28686
1790925261.077,pswpin,1554952
1790925262.086,api,0.040
1790925262.086,enginecore,0.208
1790925262.086,other_total,0.842
1790925262.086,store_0,0.000
1790925262.086,store_1,0.000
1790925262.086,store_2,0.000
1790925262.086,store_3,0.000
1790925262.086,store_4,0.000
1790925262.086,store_5,0.109
1790925262.086,avail_mb,31326
1790925262.086,pswpin,1554952
1790925263.095,api,0.010
1790925263.095,enginecore,0.030
1790925263.095,other_total,0.277
1790925263.095,store_0,0.000
1790925263.095,store_1,0.000
1790925263.095,store_2,0.000
1790925263.095,store_3,0.000
1790925263.095,store_4,0.000
1790925263.095,store_5,0.000
1790925263.095,avail_mb,31149
1790925263.095,pswpin,1554952
1790925264.106,api,0.010
1790925264.106,enginecore,0.010
1790925264.106,other_total,0.010
1790925264.106,store_0,0.000
1790925264.106,store_1,0.000
1790925264.106,store_2,0.000
1790925264.106,store_3,0.000
1790925264.106,store_4,0.000
1790925264.106,store_5,0.000
1790925264.106,store_6,0.702
1790925264.106,avail_mb,31021
1790925264.106,pswpin,1554952
1790925265.119,api,0.000
1790925265.119,enginecore,0.059
1790925265.119,other_total,0.405
1790925265.119,store_0,0.000
1790925265.119,store_1,0.000
1790925265.119,store_2,0.000
1790925265.119,store_3,0.000
1790925265.119,store_4,0.000
1790925265.119,store_5,0.000
1790925265.119,store_6,0.000
1790925265.119,avail_mb,30671
1790925265.119,pswpin,1554952
1790925266.130,api,2.296
1790925266.130,enginecore,0.000
1790925266.130,other_total,0.079
1790925266.130,store_0,0.000
1790925266.130,store_1,0.000
1790925266.130,store_2,0.000
1790925266.130,store_3,0.000
1790925266.130,store_4,0.000
1790925266.130,store_5,0.000
1790925266.130,store_6,0.000
1790925266.130,avail_mb,30342
1790925266.130,pswpin,1554952
1790925267.139,api,2.338
1790925267.139,enginecore,0.040
1790925267.139,other_total,0.000
1790925267.139,store_0,0.000
1790925267.139,store_1,0.000
1790925267.139,store_2,0.000
1790925267.139,store_3,0.000
1790925267.139,store_4,0.000
1790925267.139,store_5,0.000
1790925267.139,store_6,0.000
1790925267.139,avail_mb,30144
1790925267.139,pswpin,1554952
1790925268.149,api,2.010
1790925268.149,enginecore,0.020
1790925268.149,other_total,0.030
1790925268.149,store_0,0.000
1790925268.149,store_1,0.000
1790925268.149,store_2,0.000
1790925268.149,store_3,0.000
1790925268.149,store_4,0.000
1790925268.149,store_5,0.000
1790925268.149,store_6,0.000
1790925268.149,avail_mb,29941
1790925268.149,pswpin,1554952
1790925269.159,api,1.060
1790925269.159,enginecore,0.010
1790925269.159,other_total,0.079
1790925269.159,store_0,0.000
1790925269.159,store_1,0.000
1790925269.159,store_2,0.000
1790925269.159,store_3,0.000
1790925269.159,store_4,0.000
1790925269.159,store_5,0.000
1790925269.159,store_6,0.000
1790925269.159,avail_mb,29738
1790925269.159,pswpin,1554952
1790925270.169,api,0.158
1790925270.169,enginecore,0.059
1790925270.169,other_total,2.159
1790925270.169,store_0,0.000
1790925270.169,store_1,0.000
1790925270.169,store_2,0.000
1790925270.169,store_3,0.000
1790925270.169,store_4,0.000
1790925270.169,store_5,0.000
1790925270.169,store_6,0.000
1790925270.169,avail_mb,29069
1790925270.169,pswpin,1554952
1790925271.179,api,0.000
1790925271.179,enginecore,0.010
1790925271.179,other_total,2.308
1790925271.179,store_0,0.000
1790925271.179,store_1,0.000
1790925271.179,store_2,0.000
1790925271.179,store_3,0.000
1790925271.179,store_4,0.000
1790925271.179,store_5,0.000
1790925271.179,store_6,0.000
1790925271.179,avail_mb,28834
1790925271.179,pswpin,1554952
1790925272.188,api,0.000
1790925272.188,enginecore,0.030
1790925272.188,other_total,2.070
1790925272.188,store_0,0.000
1790925272.188,store_1,0.000
1790925272.188,store_2,0.000
1790925272.188,store_3,0.000
1790925272.188,store_4,0.000
1790925272.188,store_5,0.000
1790925272.188,store_6,0.000
1790925272.188,avail_mb,28627
1790925272.188,pswpin,1554952
1790925273.198,api,0.000
1790925273.198,enginecore,0.030
1790925273.198,other_total,1.960
1790925273.198,store_0,0.000
1790925273.198,store_1,0.000
1790925273.198,store_2,0.000
1790925273.198,store_3,0.000
1790925273.198,store_4,0.000
1790925273.198,store_5,0.000
1790925273.198,store_6,0.000
1790925273.198,avail_mb,28190
1790925273.198,pswpin,1554952
1790925274.210,api,0.000
1790925274.210,enginecore,1.532
1790925274.210,other_total,2.036
1790925274.210,store_0,0.000
1790925274.210,store_1,0.000
1790925274.210,store_2,0.000
1790925274.210,store_3,0.000
1790925274.210,store_4,0.000
1790925274.210,store_5,0.000
1790925274.210,store_6,0.000
1790925274.210,avail_mb,27918
1790925274.210,pswpin,1554952
1790925275.219,api,0.000
1790925275.219,enginecore,1.922
1790925275.219,other_total,0.238
1790925275.219,store_0,0.000
1790925275.219,store_1,0.000
1790925275.219,store_2,0.000
1790925275.219,store_3,0.000
1790925275.219,store_4,0.000
1790925275.219,store_5,0.000
1790925275.219,store_6,0.000
1790925275.219,avail_mb,27402
1790925275.219,pswpin,1554952
1790925276.229,api,0.000
1790925276.229,enginecore,1.060
1790925276.229,other_total,1.030
1790925276.229,store_0,0.000
1790925276.229,store_1,0.000
1790925276.229,store_2,0.000
1790925276.229,store_3,0.000
1790925276.229,store_4,0.000
1790925276.229,store_5,0.000
1790925276.229,store_6,0.000
1790925276.229,avail_mb,27356
1790925276.229,pswpin,1554952
1790925277.239,api,0.010
1790925277.239,enginecore,1.526
1790925277.239,other_total,0.000
1790925277.239,store_0,0.000
1790925277.239,store_1,0.000
1790925277.239,store_2,0.000
1790925277.239,store_3,0.000
1790925277.239,store_4,0.000
1790925277.239,store_5,0.000
1790925277.239,store_6,0.000
1790925277.239,avail_mb,26351
1790925277.239,pswpin,1554952
1790925278.248,api,0.050
1790925278.248,enginecore,1.427
1790925278.248,other_total,0.099
1790925278.248,store_0,0.000
1790925278.248,store_1,0.000
1790925278.248,store_2,0.000
1790925278.248,store_3,0.000
1790925278.248,store_4,0.000
1790925278.248,store_5,0.000
1790925278.248,store_6,0.000
1790925278.248,avail_mb,25712
1790925278.248,pswpin,1554952
1790925279.257,api,0.337
1790925279.257,enginecore,0.069
1790925279.257,other_total,0.981
1790925279.257,store_0,0.000
1790925279.257,store_1,0.000
1790925279.257,store_2,0.000
1790925279.257,store_3,0.000
1790925279.257,store_4,0.000
1790925279.257,store_5,0.000
1790925279.257,store_6,0.000
1790925279.257,avail_mb,25638
1790925279.257,pswpin,1554952
1790925280.267,api,0.000
1790925280.267,enginecore,1.060
1790925280.267,other_total,0.059
1790925280.267,store_0,0.000
1790925280.267,store_1,0.000
1790925280.267,store_2,0.000
1790925280.267,store_3,0.000
1790925280.267,store_4,0.000
1790925280.267,store_5,0.000
1790925280.267,store_6,0.000
1790925280.267,avail_mb,24391
1790925280.267,pswpin,1554952
1790925281.278,api,0.000
1790925281.278,enginecore,0.732
1790925281.278,other_total,0.059
1790925281.278,store_0,0.000
1790925281.278,store_1,0.000
1790925281.278,store_2,0.000
1790925281.278,store_3,0.000
1790925281.278,store_4,0.000
1790925281.278,store_5,0.000
1790925281.278,store_6,0.000
1790925281.278,avail_mb,24321
1790925281.278,pswpin,1554952
1790925282.290,api,0.346
1790925282.290,enginecore,0.059
1790925282.290,other_total,0.000
1790925282.290,store_0,0.000
1790925282.290,store_1,0.000
1790925282.290,store_2,0.000
1790925282.290,store_3,0.000
1790925282.290,store_4,0.000
1790925282.290,store_5,0.000
1790925282.290,store_6,0.000
1790925282.290,avail_mb,24291
1790925282.290,pswpin,1554952
1790925283.299,api,0.208
1790925283.299,enginecore,0.307
1790925283.299,other_total,0.030
1790925283.299,store_0,0.000
1790925283.299,store_1,0.000
1790925283.299,store_2,0.000
1790925283.299,store_3,0.000
1790925283.299,store_4,0.000
1790925283.299,store_5,0.000
1790925283.299,store_6,0.030
1790925283.299,avail_mb,24088
1790925283.299,pswpin,1554952
1790925284.309,api,0.059
1790925284.309,enginecore,0.188
1790925284.309,other_total,0.624
1790925284.309,store_0,0.000
1790925284.309,store_1,0.000
1790925284.309,store_2,0.000
1790925284.309,store_3,0.000
1790925284.309,store_4,0.000
1790925284.309,store_5,0.000
1790925284.309,store_6,0.079
1790925284.309,avail_mb,26927
1790925284.309,pswpin,1554952
1790925285.318,api,0.000
1790925285.318,enginecore,0.050
1790925285.318,other_total,0.664
1790925285.318,store_0,0.000
1790925285.318,store_1,0.000
1790925285.318,store_2,0.000
1790925285.318,store_3,0.000
1790925285.318,store_4,0.000
1790925285.318,store_5,0.000
1790925285.318,store_6,0.000
1790925285.318,avail_mb,26677
1790925285.318,pswpin,1554952
1790925286.329,api,0.010
1790925286.329,enginecore,0.030
1790925286.329,other_total,0.020
1790925286.329,store_0,0.000
1790925286.329,store_1,0.000
1790925286.329,store_2,0.000
1790925286.329,store_3,0.000
1790925286.329,store_4,0.000
1790925286.329,store_5,0.000
1790925286.329,store_6,0.000
1790925286.329,store_7,0.277
1790925286.329,avail_mb,26607
1790925286.329,pswpin,1554952
1790925287.338,api,0.000
1790925287.338,enginecore,0.000
1790925287.338,other_total,1.318
1790925287.338,store_0,0.000
1790925287.338,store_1,0.000
1790925287.338,store_2,0.000
1790925287.338,store_3,0.000
1790925287.338,store_4,0.000
1790925287.338,store_5,0.000
1790925287.338,store_6,0.000
1790925287.338,store_7,0.000
1790925287.338,avail_mb,26130
1790925287.338,pswpin,1554952
1790925288.348,api,1.912
1790925288.348,enginecore,0.040
1790925288.348,other_total,0.040
1790925288.348,store_0,0.000
1790925288.348,store_1,0.000
1790925288.348,store_2,0.000
1790925288.348,store_3,0.000
1790925288.348,store_4,0.000
1790925288.348,store_5,0.000
1790925288.348,store_6,0.000
1790925288.348,store_7,0.000
1790925288.348,avail_mb,25928
1790925288.348,pswpin,1554952
1790925289.357,api,2.338
1790925289.357,enginecore,0.050
1790925289.357,other_total,0.010
1790925289.357,store_0,0.000
1790925289.357,store_1,0.000
1790925289.357,store_2,0.000
1790925289.357,store_3,0.000
1790925289.357,store_4,0.000
1790925289.357,store_5,0.000
1790925289.357,store_6,0.000
1790925289.357,store_7,0.000
1790925289.357,avail_mb,25727
1790925289.357,pswpin,1554952
1790925290.367,api,1.862
1790925290.367,enginecore,0.010
1790925290.367,other_total,0.099
1790925290.367,store_0,0.000
1790925290.367,store_1,0.000
1790925290.367,store_2,0.000
1790925290.367,store_3,0.000
1790925290.367,store_4,0.000
1790925290.367,store_5,0.000
1790925290.367,store_6,0.000
1790925290.367,store_7,0.000
1790925290.367,avail_mb,25502
1790925290.367,pswpin,1554952
1790925291.377,api,0.891
1790925291.377,enginecore,0.030
1790925291.377,other_total,0.277
1790925291.377,store_0,0.000
1790925291.377,store_1,0.000
1790925291.377,store_2,0.000
1790925291.377,store_3,0.000
1790925291.377,store_4,0.000
1790925291.377,store_5,0.000
1790925291.377,store_6,0.000
1790925291.377,store_7,0.000
1790925291.377,avail_mb,24973
1790925291.377,pswpin,1554952
1790925292.387,api,0.010
1790925292.387,enginecore,0.030
1790925292.387,other_total,2.278
1790925292.387,store_0,0.000
1790925292.387,store_1,0.000
1790925292.387,store_2,0.000
1790925292.387,store_3,0.000
1790925292.387,store_4,0.000
1790925292.387,store_5,0.000
1790925292.387,store_6,0.000
1790925292.387,store_7,0.000
1790925292.387,avail_mb,24587
1790925292.387,pswpin,1554952
1790925293.396,api,0.010
1790925293.396,enginecore,0.010
1790925293.396,other_total,2.417
1790925293.396,store_0,0.000
1790925293.396,store_1,0.000
1790925293.396,store_2,0.000
1790925293.396,store_3,0.000
1790925293.396,store_4,0.000
1790925293.396,store_5,0.000
1790925293.396,store_6,0.000
1790925293.396,store_7,0.000
1790925293.396,avail_mb,24377
1790925293.396,pswpin,1554952
1790925294.406,api,0.000
1790925294.406,enginecore,0.020
1790925294.406,other_total,2.030
1790925294.406,store_0,0.000
1790925294.406,store_1,0.000
1790925294.406,store_2,0.000
1790925294.406,store_3,0.000
1790925294.406,store_4,0.000
1790925294.406,store_5,0.000
1790925294.406,store_6,0.000
1790925294.406,store_7,0.000
1790925294.406,avail_mb,24187
1790925294.406,pswpin,1554952
1790925295.416,api,0.000
1790925295.416,enginecore,0.020
1790925295.416,other_total,2.516
1790925295.416,store_0,0.000
1790925295.416,store_1,0.000
1790925295.416,store_2,0.000
1790925295.416,store_3,0.000
1790925295.416,store_4,0.000
1790925295.416,store_5,0.000
1790925295.416,store_6,0.000
1790925295.416,store_7,0.000
1790925295.416,avail_mb,23508
1790925295.416,pswpin,1554952
1790925296.425,api,0.000
1790925296.425,enginecore,1.634
1790925296.425,other_total,1.624
1790925296.425,store_0,0.000
1790925296.425,store_1,0.000
1790925296.425,store_2,0.000
1790925296.425,store_3,0.000
1790925296.425,store_4,0.000
1790925296.425,store_5,0.000
1790925296.425,store_6,0.000
1790925296.425,store_7,0.000
1790925296.425,avail_mb,23509
1790925296.425,pswpin,1554952
1790925297.435,api,0.010
1790925297.435,enginecore,1.793
1790925297.435,other_total,0.267
1790925297.435,store_0,0.000
1790925297.435,store_1,0.000
1790925297.435,store_2,0.000
1790925297.435,store_3,0.000
1790925297.435,store_4,0.000
1790925297.435,store_5,0.000
1790925297.435,store_6,0.000
1790925297.435,store_7,0.000
1790925297.435,avail_mb,23019
1790925297.435,pswpin,1554952
1790925298.445,api,0.000
1790925298.445,enginecore,1.159
1790925298.445,other_total,0.832
1790925298.445,store_0,0.000
1790925298.445,store_1,0.000
1790925298.445,store_2,0.000
1790925298.445,store_3,0.000
1790925298.445,store_4,0.000
1790925298.445,store_5,0.000
1790925298.445,store_6,0.000
1790925298.445,store_7,0.000
1790925298.445,avail_mb,22992
1790925298.445,pswpin,1554952
1790925299.454,api,0.000
1790925299.454,enginecore,1.743
1790925299.454,other_total,0.059
1790925299.454,store_0,0.000
1790925299.454,store_1,0.000
1790925299.454,store_2,0.000
1790925299.454,store_3,0.000
1790925299.454,store_4,0.000
1790925299.454,store_5,0.000
1790925299.454,store_6,0.000
1790925299.454,store_7,0.000
1790925299.454,avail_mb,21603
1790925299.454,pswpin,1554952
1790925300.464,api,0.396
1790925300.464,enginecore,0.852
1790925300.464,other_total,0.208
1790925300.464,store_0,0.000
1790925300.464,store_1,0.000
1790925300.464,store_2,0.000
1790925300.464,store_3,0.000
1790925300.464,store_4,0.000
1790925300.464,store_5,0.000
1790925300.464,store_6,0.000
1790925300.464,store_7,0.000
1790925300.464,avail_mb,21254
1790925300.464,pswpin,1554952
1790925301.474,api,0.010
1790925301.474,enginecore,0.069
1790925301.474,other_total,0.911
1790925301.474,store_0,0.000
1790925301.474,store_1,0.000
1790925301.474,store_2,0.000
1790925301.474,store_3,0.000
1790925301.474,store_4,0.000
1790925301.474,store_5,0.000
1790925301.474,store_6,0.000
1790925301.474,store_7,0.000
1790925301.474,avail_mb,21268
1790925301.474,pswpin,1554952
1790925302.483,api,0.000
1790925302.483,enginecore,1.169
1790925302.483,other_total,0.069
1790925302.483,store_0,0.000
1790925302.483,store_1,0.000
1790925302.483,store_2,0.000
1790925302.483,store_3,0.000
1790925302.483,store_4,0.000
1790925302.483,store_5,0.000
1790925302.483,store_6,0.000
1790925302.483,store_7,0.000
1790925302.483,avail_mb,20033
1790925302.483,pswpin,1554952
1790925303.496,api,0.059
1790925303.496,enginecore,0.563
1790925303.496,other_total,0.000
1790925303.496,store_0,0.000
1790925303.496,store_1,0.000
1790925303.496,store_2,0.000
1790925303.496,store_3,0.000
1790925303.496,store_4,0.000
1790925303.496,store_5,0.000
1790925303.496,store_6,0.000
1790925303.496,store_7,0.000
1790925303.496,avail_mb,19971
1790925303.496,pswpin,1554952
1790925304.508,api,0.395
1790925304.508,enginecore,0.010
1790925304.508,other_total,0.040
1790925304.508,store_0,0.000
1790925304.508,store_1,0.000
1790925304.508,store_2,0.000
1790925304.508,store_3,0.000
1790925304.508,store_4,0.000
1790925304.508,store_5,0.000
1790925304.508,store_6,0.000
1790925304.508,store_7,0.000
1790925304.508,avail_mb,19931
1790925304.508,pswpin,1554952
1790925305.518,api,0.099
1790925305.518,enginecore,0.535
1790925305.518,other_total,0.069
1790925305.518,store_0,0.000
1790925305.518,store_1,0.000
1790925305.518,store_2,0.000
1790925305.518,store_3,0.000
1790925305.518,store_4,0.000
1790925305.518,store_5,0.000
1790925305.518,store_6,0.000
1790925305.518,store_7,0.059
1790925305.518,avail_mb,19497
1790925305.518,pswpin,1554952
1790925306.527,api,0.040
1790925306.527,enginecore,0.208
1790925306.527,other_total,0.406
1790925306.527,store_0,0.000
1790925306.527,store_1,0.000
1790925306.527,store_2,0.000
1790925306.527,store_3,0.000
1790925306.527,store_4,0.000
1790925306.527,store_5,0.000
1790925306.527,store_6,0.000
1790925306.527,store_7,0.050
1790925306.527,avail_mb,22543
1790925306.527,pswpin,1554952
1790925307.539,api,0.000
1790925307.539,enginecore,0.030
1790925307.539,other_total,2.521
1790925307.539,store_0,0.000
1790925307.539,store_1,0.000
1790925307.539,store_2,0.000
1790925307.539,store_3,0.000
1790925307.539,store_4,0.000
1790925307.539,store_5,0.000
1790925307.539,store_6,0.000
1790925307.539,store_7,0.000
1790925307.539,avail_mb,22197
1790925307.539,pswpin,1554952
1790925308.550,api,0.000
1790925308.550,client,0.000
1790925308.550,enginecore,0.059
1790925308.550,other_total,0.069
1790925308.550,store_0,0.000
1790925308.550,store_1,0.000
1790925308.550,store_2,0.000
1790925308.550,store_3,0.000
1790925308.550,store_4,0.000
1790925308.550,store_5,0.000
1790925308.550,store_6,0.000
1790925308.550,store_7,0.000
1790925308.550,avail_mb,22196
1790925308.550,pswpin,1554952
1790925309.560,api,0.000
1790925309.560,client,0.000
1790925309.560,enginecore,0.030
1790925309.560,other_total,0.000
1790925309.560,store_0,0.000
1790925309.560,store_1,0.000
1790925309.560,store_2,0.000
1790925309.560,store_3,0.000
1790925309.560,store_4,0.000
1790925309.560,store_5,0.000
1790925309.560,store_6,0.000
1790925309.560,store_7,0.000
1790925309.560,avail_mb,22202
1790925309.560,pswpin,1554952
1790925310.572,api,0.049
1790925310.572,client,0.020
1790925310.572,enginecore,0.178
1790925310.572,other_total,0.000
1790925310.572,store_0,0.000
1790925310.572,store_1,0.000
1790925310.572,store_2,0.000
1790925310.572,store_3,0.000
1790925310.572,store_4,0.000
1790925310.572,store_5,0.000
1790925310.572,store_6,0.000
1790925310.572,store_7,0.000
1790925310.572,avail_mb,22213
1790925310.572,pswpin,1554952
1790925311.583,api,0.040
1790925311.583,client,0.000
1790925311.583,enginecore,0.643
1790925311.583,other_total,0.010
1790925311.583,store_0,0.000
1790925311.583,store_1,0.010
1790925311.583,store_2,0.010
1790925311.583,store_3,0.000
1790925311.583,store_4,0.000
1790925311.583,store_5,0.010
1790925311.583,store_6,0.000
1790925311.583,store_7,0.000
1790925311.583,avail_mb,22239
1790925311.583,pswpin,1554952
1790925312.595,api,0.020
1790925312.595,client,0.010
1790925312.595,enginecore,0.257
1790925312.595,other_total,0.010
1790925312.595,store_0,0.000
1790925312.595,store_1,0.000
1790925312.595,store_2,0.000
1790925312.595,store_3,0.010
1790925312.595,store_4,0.000
1790925312.595,store_5,0.000
1790925312.595,store_6,0.000
1790925312.595,store_7,0.000
1790925312.595,avail_mb,22251
1790925312.595,pswpin,1554952
1790925313.607,api,0.010
1790925313.607,client,0.000
1790925313.607,enginecore,0.583
1790925313.607,other_total,0.000
1790925313.607,store_0,0.000
1790925313.607,store_1,0.000
1790925313.607,store_2,0.030
1790925313.607,store_3,0.000
1790925313.607,store_4,0.000
1790925313.607,store_5,0.000
1790925313.607,store_6,0.010
1790925313.607,store_7,0.010
1790925313.607,avail_mb,22274
1790925313.607,pswpin,1554952
1790925314.617,api,0.020
1790925314.617,client,0.000
1790925314.617,enginecore,0.961
1790925314.617,other_total,0.109
1790925314.617,store_0,0.010
1790925314.617,store_1,0.000
1790925314.617,store_2,0.010
1790925314.617,store_3,0.000
1790925314.617,store_4,0.010
1790925314.617,store_5,0.010
1790925314.617,store_6,0.000
1790925314.617,store_7,0.010
1790925314.617,avail_mb,22280
1790925314.617,pswpin,1554952
1790925315.627,api,0.040
1790925315.627,client,0.010
1790925315.627,enginecore,1.001
1790925315.627,other_total,0.000
1790925315.627,store_0,0.000
1790925315.627,store_1,0.000
1790925315.627,store_2,0.010
1790925315.627,store_3,0.000
1790925315.627,store_4,0.000
1790925315.627,store_5,0.020
1790925315.627,store_6,0.000
1790925315.627,store_7,0.020
1790925315.627,avail_mb,22302
1790925315.627,pswpin,1554952
1790925316.637,api,0.010
1790925316.637,client,0.010
1790925316.637,enginecore,0.921
1790925316.637,other_total,0.020
1790925316.637,store_0,0.000
1790925316.637,store_1,0.040
1790925316.637,store_2,0.010
1790925316.637,store_3,0.010
1790925316.637,store_4,0.010
1790925316.637,store_5,0.000
1790925316.637,store_6,0.000
1790925316.637,store_7,0.000
1790925316.637,avail_mb,22349
1790925316.637,pswpin,1554952
1790925317.647,api,0.020
1790925317.647,client,0.000
1790925317.647,enginecore,0.683
1790925317.647,other_total,0.059
1790925317.647,store_0,0.010
1790925317.647,store_1,0.010
1790925317.647,store_2,0.000
1790925317.647,store_3,0.010
1790925317.647,store_4,0.000
1790925317.647,store_5,0.000
1790925317.647,store_6,0.010
1790925317.647,store_7,0.000
1790925317.647,avail_mb,22350
1790925317.647,pswpin,1554952
1790925318.659,api,0.010
1790925318.659,client,0.000
1790925318.659,enginecore,0.682
1790925318.659,other_total,0.049
1790925318.659,store_0,0.010
1790925318.659,store_1,0.010
1790925318.659,store_2,0.000
1790925318.659,store_3,0.000
1790925318.659,store_4,0.010
1790925318.659,store_5,0.000
1790925318.659,store_6,0.000
1790925318.659,store_7,0.000
1790925318.659,avail_mb,22361
1790925318.659,pswpin,1554952
1790925319.671,api,0.020
1790925319.671,client,0.010
1790925319.671,enginecore,0.712
1790925319.671,other_total,0.000
1790925319.671,store_0,0.000
1790925319.671,store_1,0.010
1790925319.671,store_2,0.000
1790925319.671,store_3,0.010
1790925319.671,store_4,0.010
1790925319.671,store_5,0.000
1790925319.671,store_6,0.010
1790925319.671,store_7,0.000
1790925319.671,avail_mb,22407
1790925319.671,pswpin,1554956
1790925320.684,api,0.030
1790925320.684,client,0.000
1790925320.684,enginecore,0.385
1790925320.684,other_total,0.099
1790925320.684,store_0,0.010
1790925320.684,store_1,0.000
1790925320.684,store_2,0.000
1790925320.684,store_3,0.000
1790925320.684,store_4,0.010
1790925320.684,store_5,0.010
1790925320.684,store_6,0.000
1790925320.684,store_7,0.000
1790925320.684,avail_mb,22419
1790925320.684,pswpin,1554956
1790925321.696,api,0.000
1790925321.696,client,0.000
1790925321.696,enginecore,0.336
1790925321.696,other_total,0.000
1790925321.696,store_0,0.010
1790925321.696,store_1,0.000
1790925321.696,store_2,0.000
1790925321.696,store_3,0.000
1790925321.696,store_4,0.000
1790925321.696,store_5,0.000
1790925321.696,store_6,0.000
1790925321.696,store_7,0.000
1790925321.696,avail_mb,22417
1790925321.696,pswpin,1554956
1790925322.707,api,0.020
1790925322.707,client,0.000
1790925322.707,enginecore,0.218
1790925322.707,other_total,0.000
1790925322.707,store_0,0.000
1790925322.707,store_1,0.000
1790925322.707,store_2,0.000
1790925322.707,store_3,0.000
1790925322.707,store_4,0.010
1790925322.707,store_5,0.000
1790925322.707,store_6,0.000
1790925322.707,store_7,0.000
1790925322.707,avail_mb,22419
1790925322.707,pswpin,1554956
1790925323.719,api,0.010
1790925323.719,client,0.010
1790925323.719,enginecore,0.870
1790925323.719,other_total,0.099
1790925323.719,store_0,0.010
1790925323.719,store_1,0.000
1790925323.719,store_2,0.000
1790925323.719,store_3,0.010
1790925323.719,store_4,0.000
1790925323.719,store_5,0.000
1790925323.719,store_6,0.020
1790925323.719,store_7,0.010
1790925323.719,avail_mb,22404
1790925323.719,pswpin,1554956
1790925324.731,api,0.020
1790925324.731,client,0.000
1790925324.731,enginecore,0.376
1790925324.731,other_total,0.000
1790925324.731,store_0,0.000
1790925324.731,store_1,0.000
1790925324.731,store_2,0.000
1790925324.731,store_3,0.010
1790925324.731,store_4,0.000
1790925324.731,store_5,0.000
1790925324.731,store_6,0.000
1790925324.731,store_7,0.010
1790925324.731,avail_mb,22402
1790925324.731,pswpin,1554956
1790925325.742,api,0.000
1790925325.742,client,0.000
1790925325.742,enginecore,0.376
1790925325.742,other_total,0.059
1790925325.742,store_0,0.000
1790925325.742,store_1,0.000
1790925325.742,store_2,0.000
1790925325.742,store_3,0.010
1790925325.742,store_4,0.000
1790925325.742,store_5,0.000
1790925325.742,store_6,0.010
1790925325.742,store_7,0.000
1790925325.742,avail_mb,22492
1790925325.742,pswpin,1554962
1790925326.754,api,0.020
1790925326.754,client,0.000
1790925326.754,enginecore,0.218
1790925326.754,other_total,0.079
1790925326.754,store_0,0.000
1790925326.754,store_1,0.000
1790925326.754,store_2,0.000
1790925326.754,store_3,0.000
1790925326.754,store_4,0.000
1790925326.754,store_5,0.000
1790925326.754,store_6,0.000
1790925326.754,store_7,0.010
1790925326.754,avail_mb,22525
1790925326.754,pswpin,1554966
1790925327.765,api,0.049
1790925327.765,enginecore,0.702
1790925327.765,other_total,0.228
1790925327.765,store_0,0.010
1790925327.765,store_1,0.000
1790925327.765,store_2,0.000
1790925327.765,store_3,0.000
1790925327.765,store_4,0.010
1790925327.765,store_5,0.020
1790925327.765,store_6,0.000
1790925327.765,store_7,0.000
1790925327.765,avail_mb,22616
1790925327.765,pswpin,1554984
1790925328.775,api,0.000
1790925328.775,enginecore,0.059
1790925328.775,other_total,0.000
1790925328.775,store_0,0.000
1790925328.775,store_1,0.000
1790925328.775,store_2,0.000
1790925328.775,store_3,0.000
1790925328.775,store_4,0.000
1790925328.775,store_5,0.000
1790925328.775,store_6,0.000
1790925328.775,store_7,0.000
1790925328.775,avail_mb,22661
1790925328.775,pswpin,1554984
1790925329.787,api,0.010
1790925329.787,enginecore,0.030
1790925329.787,other_total,0.059
1790925329.787,store_0,0.000
1790925329.787,store_1,0.000
1790925329.787,store_2,0.000
1790925329.787,store_3,0.000
1790925329.787,store_4,0.000
1790925329.787,store_5,0.000
1790925329.787,store_6,0.000
1790925329.787,store_7,0.000
1790925329.787,avail_mb,22655
1790925329.787,pswpin,1554984
1790925330.797,api,0.000
1790925330.797,enginecore,0.030
1790925330.797,other_total,0.010
1790925330.797,store_0,0.000
1790925330.797,store_1,0.000
1790925330.797,store_2,0.000
1790925330.797,store_3,0.000
1790925330.797,store_4,0.000
1790925330.797,store_5,0.000
1790925330.797,store_6,0.000
1790925330.797,store_7,0.000
1790925330.797,avail_mb,22654
1790925330.797,pswpin,1554984
1790925331.808,api,0.000
1790925331.808,enginecore,0.040
1790925331.808,other_total,0.000
1790925331.808,store_0,0.000
1790925331.808,store_1,0.000
1790925331.808,store_2,0.000
1790925331.808,store_3,0.000
1790925331.808,store_4,0.000
1790925331.808,store_5,0.000
1790925331.808,store_6,0.000
1790925331.808,store_7,0.000
1790925331.808,avail_mb,22653
1790925331.808,pswpin,1554984
1790925332.819,api,0.000
1790925332.819,enginecore,0.020
1790925332.819,other_total,0.069
1790925332.819,store_0,0.000
1790925332.819,store_1,0.000
1790925332.819,store_2,0.000
1790925332.819,store_3,0.000
1790925332.819,store_4,0.000
1790925332.819,store_5,0.000
1790925332.819,store_6,0.000
1790925332.819,store_7,0.000
1790925332.819,avail_mb,22643
1790925332.819,pswpin,1554984
1790925333.831,api,0.000
1790925333.831,enginecore,0.040
1790925333.831,other_total,0.000
1790925333.831,store_0,0.000
1790925333.831,store_1,0.000
1790925333.831,store_2,0.000
1790925333.831,store_3,0.000
1790925333.831,store_4,0.000
1790925333.831,store_5,0.000
1790925333.831,store_6,0.000
1790925333.831,store_7,0.000
1790925333.831,avail_mb,22643
1790925333.831,pswpin,1554984
1790925334.841,api,0.000
1790925334.841,enginecore,0.040
1790925334.841,other_total,0.020
1790925334.841,store_0,0.000
1790925334.841,store_1,0.000
1790925334.841,store_2,0.000
1790925334.841,store_3,0.000
1790925334.841,store_4,0.000
1790925334.841,store_5,0.000
1790925334.841,store_6,0.000
1790925334.841,store_7,0.000
1790925334.841,avail_mb,22644
1790925334.841,pswpin,1554984
1790925335.853,api,0.030
1790925335.853,enginecore,0.030
1790925335.853,other_total,0.010
1790925335.853,store_0,0.000
1790925335.853,store_1,0.000
1790925335.853,store_2,0.000
1790925335.853,store_3,0.000
1790925335.853,store_4,0.000
1790925335.853,store_5,0.000
1790925335.853,store_6,0.000
1790925335.853,store_7,0.000
1790925335.853,avail_mb,22642
1790925335.853,pswpin,1554984
1790925336.863,api,0.000
1790925336.863,enginecore,0.049
1790925336.863,other_total,0.010
1790925336.863,store_0,0.000
1790925336.863,store_1,0.000
1790925336.863,store_2,0.000
1790925336.863,store_3,0.000
1790925336.863,store_4,0.000
1790925336.863,store_5,0.000
1790925336.863,store_6,0.000
1790925336.863,store_7,0.000
1790925336.863,avail_mb,22642
1790925336.863,pswpin,1554984
1790925337.875,api,0.030
1790925337.875,enginecore,0.030
1790925337.875,other_total,2.580
1790925337.875,store_0,0.000
1790925337.875,store_1,0.000
1790925337.875,store_2,0.000
1790925337.875,store_3,0.000
1790925337.875,store_4,0.000
1790925337.875,store_5,0.000
1790925337.875,store_6,0.000
1790925337.875,store_7,0.000
1790925337.875,avail_mb,22287
1790925337.875,pswpin,1554984
1790925338.886,api,0.020
1790925338.886,client,0.000
1790925338.886,enginecore,0.040
1790925338.886,other_total,0.030
1790925338.886,store_0,0.000
1790925338.886,store_1,0.000
1790925338.886,store_2,0.000
1790925338.886,store_3,0.000
1790925338.886,store_4,0.000
1790925338.886,store_5,0.000
1790925338.886,store_6,0.000
1790925338.886,store_7,0.000
1790925338.886,avail_mb,22286
1790925338.886,pswpin,1554984
1790925339.897,api,0.000
1790925339.897,client,0.000
1790925339.897,enginecore,0.040
1790925339.897,other_total,0.000
1790925339.897,store_0,0.000
1790925339.897,store_1,0.000
1790925339.897,store_2,0.000
1790925339.897,store_3,0.000
1790925339.897,store_4,0.000
1790925339.897,store_5,0.000
1790925339.897,store_6,0.000
1790925339.897,store_7,0.000
1790925339.897,avail_mb,22286
1790925339.897,pswpin,1554984
1790925340.908,api,0.158
1790925340.908,client,0.059
1790925340.908,enginecore,5.083
1790925340.908,other_total,0.049
1790925340.908,store_0,0.000
1790925340.908,store_1,0.000
1790925340.908,store_2,0.000
1790925340.908,store_3,0.000
1790925340.908,store_4,0.000
1790925340.908,store_5,0.000
1790925340.908,store_6,0.000
1790925340.908,store_7,0.000
1790925340.908,avail_mb,22282
1790925340.908,pswpin,1554984
1790925341.918,api,0.248
1790925341.918,client,0.089
1790925341.918,enginecore,6.871
1790925341.918,other_total,0.010
1790925341.918,store_0,0.000
1790925341.918,store_1,0.000
1790925341.918,store_2,0.000
1790925341.918,store_3,0.000
1790925341.918,store_4,0.000
1790925341.918,store_5,0.000
1790925341.918,store_6,0.000
1790925341.918,store_7,0.000
1790925341.918,avail_mb,22279
1790925341.918,pswpin,1554984
1790925342.929,api,0.198
1790925342.929,client,0.109
1790925342.929,enginecore,8.443
1790925342.929,other_total,0.020
1790925342.929,store_0,0.000
1790925342.929,store_1,0.000
1790925342.929,store_2,0.000
1790925342.929,store_3,0.000
1790925342.929,store_4,0.000
1790925342.929,store_5,0.000
1790925342.929,store_6,0.000
1790925342.929,store_7,0.000
1790925342.929,avail_mb,22277
1790925342.929,pswpin,1554984
1790925343.940,api,0.267
1790925343.940,client,0.099
1790925343.940,enginecore,8.538
1790925343.940,other_total,0.000
1790925343.940,store_0,0.000
1790925343.940,store_1,0.000
1790925343.940,store_2,0.000
1790925343.940,store_3,0.000
1790925343.940,store_4,0.000
1790925343.940,store_5,0.000
1790925343.940,store_6,0.000
1790925343.940,store_7,0.000
1790925343.940,avail_mb,22269
1790925343.940,pswpin,1554984
1790925344.950,api,0.188
1790925344.950,client,0.069
1790925344.950,enginecore,8.220
1790925344.950,other_total,0.089
1790925344.950,store_0,0.000
1790925344.950,store_1,0.000
1790925344.950,store_2,0.000
1790925344.950,store_3,0.000
1790925344.950,store_4,0.000
1790925344.950,store_5,0.000
1790925344.950,store_6,0.000
1790925344.950,store_7,0.000
1790925344.950,avail_mb,22261
1790925344.950,pswpin,1554984
1790925345.961,api,0.238
1790925345.961,client,0.119
1790925345.961,enginecore,9.198
1790925345.961,other_total,0.000
1790925345.961,store_0,0.000
1790925345.961,store_1,0.000
1790925345.961,store_2,0.000
1790925345.961,store_3,0.000
1790925345.961,store_4,0.000
1790925345.961,store_5,0.000
1790925345.961,store_6,0.000
1790925345.961,store_7,0.000
1790925345.961,avail_mb,22256
1790925345.961,pswpin,1554984
1790925346.972,api,0.277
1790925346.972,client,0.109
1790925346.972,enginecore,9.043
1790925346.972,other_total,0.000
1790925346.972,store_0,0.000
1790925346.972,store_1,0.000
1790925346.972,store_2,0.000
1790925346.972,store_3,0.000
1790925346.972,store_4,0.000
1790925346.972,store_5,0.000
1790925346.972,store_6,0.000
1790925346.972,store_7,0.000
1790925346.972,avail_mb,22249
1790925346.972,pswpin,1554984
1790925347.982,api,0.267
1790925347.982,client,0.099
1790925347.982,enginecore,9.009
1790925347.982,other_total,0.069
1790925347.982,store_0,0.000
1790925347.982,store_1,0.000
1790925347.982,store_2,0.000
1790925347.982,store_3,0.000
1790925347.982,store_4,0.000
1790925347.982,store_5,0.000
1790925347.982,store_6,0.000
1790925347.982,store_7,0.000
1790925347.982,avail_mb,22232
1790925347.982,pswpin,1554984
1790925348.993,api,0.218
1790925348.993,client,0.079
1790925348.993,enginecore,7.920
1790925348.993,other_total,0.020
1790925348.993,store_0,0.000
1790925348.993,store_1,0.000
1790925348.993,store_2,0.000
1790925348.993,store_3,0.000
1790925348.993,store_4,0.000
1790925348.993,store_5,0.000
1790925348.993,store_6,0.000
1790925348.993,store_7,0.000
1790925348.993,avail_mb,22229
1790925348.993,pswpin,1554984
1790925350.002,api,0.238
1790925350.002,client,0.129
1790925350.002,enginecore,8.438
1790925350.002,other_total,0.000
1790925350.002,store_0,0.000
1790925350.002,store_1,0.000
1790925350.002,store_2,0.000
1790925350.002,store_3,0.000
1790925350.002,store_4,0.000
1790925350.002,store_5,0.000
1790925350.002,store_6,0.000
1790925350.002,store_7,0.000
1790925350.002,avail_mb,22223
1790925350.002,pswpin,1554984
1790925351.014,api,0.257
1790925351.014,client,0.089
1790925351.014,enginecore,8.066
1790925351.014,other_total,0.049
1790925351.014,store_0,0.000
1790925351.014,store_1,0.000
1790925351.014,store_2,0.000
1790925351.014,store_3,0.000
1790925351.014,store_4,0.000
1790925351.014,store_5,0.000
1790925351.014,store_6,0.000
1790925351.014,store_7,0.000
1790925351.014,avail_mb,22216
1790925351.014,pswpin,1554984
1790925352.027,api,0.197
1790925352.027,client,0.099
1790925352.027,enginecore,9.023
1790925352.027,other_total,0.000
1790925352.027,store_0,0.000
1790925352.027,store_1,0.000
1790925352.027,store_2,0.000
1790925352.027,store_3,0.000
1790925352.027,store_4,0.000
1790925352.027,store_5,0.000
1790925352.027,store_6,0.000
1790925352.027,store_7,0.000
1790925352.027,avail_mb,22214
1790925352.027,pswpin,1554984
1790925353.037,api,0.238
1790925353.037,client,0.089
1790925353.037,enginecore,8.611
1790925353.037,other_total,0.000
1790925353.037,store_0,0.000
1790925353.037,store_1,0.000
1790925353.037,store_2,0.000
1790925353.037,store_3,0.000
1790925353.037,store_4,0.000
1790925353.037,store_5,0.000
1790925353.037,store_6,0.000
1790925353.037,store_7,0.000
1790925353.037,avail_mb,22212
1790925353.037,pswpin,1554984
1790925354.050,api,0.286
1790925354.050,client,0.128
1790925354.050,enginecore,9.144
1790925354.050,other_total,0.030
1790925354.050,store_0,0.000
1790925354.050,store_1,0.000
1790925354.050,store_2,0.000
1790925354.050,store_3,0.000
1790925354.050,store_4,0.000
1790925354.050,store_5,0.000
1790925354.050,store_6,0.000
1790925354.050,store_7,0.000
1790925354.050,avail_mb,22204
1790925354.050,pswpin,1554984
1790925355.061,api,0.257
1790925355.061,client,0.109
1790925355.061,enginecore,9.111
1790925355.061,other_total,0.000
1790925355.061,store_0,0.000
1790925355.061,store_1,0.000
1790925355.061,store_2,0.000
1790925355.061,store_3,0.000
1790925355.061,store_4,0.000
1790925355.061,store_5,0.000
1790925355.061,store_6,0.000
1790925355.061,store_7,0.000
1790925355.061,avail_mb,22208
1790925355.061,pswpin,1554984
1790925356.072,api,0.218
1790925356.072,client,0.109
1790925356.072,enginecore,8.468
1790925356.072,other_total,0.000
1790925356.072,store_0,0.000
1790925356.072,store_1,0.000
1790925356.072,store_2,0.000
1790925356.072,store_3,0.000
1790925356.072,store_4,0.000
1790925356.072,store_5,0.000
1790925356.072,store_6,0.000
1790925356.072,store_7,0.000
1790925356.072,avail_mb,22205
1790925356.072,pswpin,1554984
1790925357.082,api,0.238
1790925357.082,client,0.089
1790925357.082,enginecore,8.415
1790925357.082,other_total,0.079
1790925357.082,store_0,0.000
1790925357.082,store_1,0.000
1790925357.082,store_2,0.000
1790925357.082,store_3,0.000
1790925357.082,store_4,0.000
1790925357.082,store_5,0.000
1790925357.082,store_6,0.000
1790925357.082,store_7,0.000
1790925357.082,avail_mb,22197
1790925357.082,pswpin,1554984
1790925358.091,api,0.208
1790925358.091,client,0.079
1790925358.091,enginecore,7.754
1790925358.091,other_total,0.000
1790925358.091,store_0,0.000
1790925358.091,store_1,0.000
1790925358.091,store_2,0.000
1790925358.091,store_3,0.000
1790925358.091,store_4,0.000
1790925358.091,store_5,0.000
1790925358.091,store_6,0.000
1790925358.091,store_7,0.000
1790925358.091,avail_mb,22200
1790925358.091,pswpin,1554984
1790925359.102,api,0.247
1790925359.102,client,0.069
1790925359.102,enginecore,7.996
1790925359.102,other_total,0.000
1790925359.102,store_0,0.000
1790925359.102,store_1,0.000
1790925359.102,store_2,0.000
1790925359.102,store_3,0.000
1790925359.102,store_4,0.000
1790925359.102,store_5,0.000
1790925359.102,store_6,0.000
1790925359.102,store_7,0.000
1790925359.102,avail_mb,22197
1790925359.102,pswpin,1554984
1790925360.114,api,0.227
1790925360.114,client,0.138
1790925360.114,enginecore,8.672
1790925360.114,other_total,0.000
1790925360.114,store_0,0.000
1790925360.114,store_1,0.000
1790925360.114,store_2,0.000
1790925360.114,store_3,0.000
1790925360.114,store_4,0.000
1790925360.114,store_5,0.000
1790925360.114,store_6,0.000
1790925360.114,store_7,0.000
1790925360.114,avail_mb,22192
1790925360.114,pswpin,1554984
1790925361.125,api,0.228
1790925361.125,client,0.069
1790925361.125,enginecore,8.413
1790925361.125,other_total,0.000
1790925361.125,store_0,0.000
1790925361.125,store_1,0.000
1790925361.125,store_2,0.000
1790925361.125,store_3,0.000
1790925361.125,store_4,0.000
1790925361.125,store_5,0.000
1790925361.125,store_6,0.000
1790925361.125,store_7,0.000
1790925361.125,avail_mb,22194
1790925361.125,pswpin,1554984
1790925362.135,api,0.238
1790925362.135,client,0.109
1790925362.135,enginecore,8.858
1790925362.135,other_total,0.000
1790925362.135,store_0,0.000
1790925362.135,store_1,0.000
1790925362.135,store_2,0.000
1790925362.135,store_3,0.000
1790925362.135,store_4,0.000
1790925362.135,store_5,0.000
1790925362.135,store_6,0.000
1790925362.135,store_7,0.000
1790925362.135,avail_mb,22192
1790925362.135,pswpin,1554984
1790925363.146,api,0.257
1790925363.146,client,0.138
1790925363.146,enginecore,9.150
1790925363.146,other_total,0.020
1790925363.146,store_0,0.000
1790925363.146,store_1,0.000
1790925363.146,store_2,0.000
1790925363.146,store_3,0.000
1790925363.146,store_4,0.000
1790925363.146,store_5,0.000
1790925363.146,store_6,0.000
1790925363.146,store_7,0.000
1790925363.146,avail_mb,22190
1790925363.146,pswpin,1554984
1790925364.156,api,0.247
1790925364.156,client,0.089
1790925364.156,enginecore,8.621
1790925364.156,other_total,0.000
1790925364.156,store_0,0.000
1790925364.156,store_1,0.000
1790925364.156,store_2,0.000
1790925364.156,store_3,0.000
1790925364.156,store_4,0.000
1790925364.156,store_5,0.000
1790925364.156,store_6,0.000
1790925364.156,store_7,0.000
1790925364.156,avail_mb,22189
1790925364.156,pswpin,1554984
1790925365.167,api,0.208
1790925365.167,client,0.099
1790925365.167,enginecore,8.136
1790925365.167,other_total,0.000
1790925365.167,store_0,0.000
1790925365.167,store_1,0.000
1790925365.167,store_2,0.000
1790925365.167,store_3,0.000
1790925365.167,store_4,0.000
1790925365.167,store_5,0.000
1790925365.167,store_6,0.000
1790925365.167,store_7,0.000
1790925365.167,avail_mb,22187
1790925365.167,pswpin,1554984
1790925366.178,api,0.237
1790925366.178,client,0.079
1790925366.178,enginecore,8.585
1790925366.178,other_total,0.020
1790925366.178,store_0,0.000
1790925366.178,store_1,0.000
1790925366.178,store_2,0.000
1790925366.178,store_3,0.000
1790925366.178,store_4,0.000
1790925366.178,store_5,0.000
1790925366.178,store_6,0.000
1790925366.178,store_7,0.000
1790925366.178,avail_mb,22181
1790925366.178,pswpin,1554984
1790925367.188,api,0.257
1790925367.188,client,0.099
1790925367.188,enginecore,9.065
1790925367.188,other_total,0.020
1790925367.188,store_0,0.000
1790925367.188,store_1,0.000
1790925367.188,store_2,0.000
1790925367.188,store_3,0.000
1790925367.188,store_4,0.000
1790925367.188,store_5,0.000
1790925367.188,store_6,0.000
1790925367.188,store_7,0.000
1790925367.188,avail_mb,22181
1790925367.188,pswpin,1554984
1790925368.198,api,0.257
1790925368.198,client,0.129
1790925368.198,enginecore,9.365
1790925368.198,other_total,0.000
1790925368.198,store_0,0.000
1790925368.198,store_1,0.000
1790925368.198,store_2,0.000
1790925368.198,store_3,0.000
1790925368.198,store_4,0.000
1790925368.198,store_5,0.000
1790925368.198,store_6,0.000
1790925368.198,store_7,0.000
1790925368.198,avail_mb,22179
1790925368.198,pswpin,1554984
1790925369.208,api,0.257
1790925369.208,client,0.109
1790925369.208,enginecore,8.821
1790925369.208,other_total,0.059
1790925369.208,store_0,0.000
1790925369.208,store_1,0.000
1790925369.208,store_2,0.000
1790925369.208,store_3,0.000
1790925369.208,store_4,0.000
1790925369.208,store_5,0.000
1790925369.208,store_6,0.000
1790925369.208,store_7,0.000
1790925369.208,avail_mb,22179
1790925369.208,pswpin,1554984
1790925370.220,api,0.227
1790925370.220,client,0.119
1790925370.220,enginecore,8.912
1790925370.220,other_total,0.000
1790925370.220,store_0,0.000
1790925370.220,store_1,0.000
1790925370.220,store_2,0.000
1790925370.220,store_3,0.000
1790925370.220,store_4,0.000
1790925370.220,store_5,0.000
1790925370.220,store_6,0.000
1790925370.220,store_7,0.000
1790925370.220,avail_mb,22178
1790925370.220,pswpin,1554984
1790925371.232,api,0.247
1790925371.232,client,0.089
1790925371.232,enginecore,9.251
1790925371.232,other_total,0.030
1790925371.232,store_0,0.000
1790925371.232,store_1,0.000
1790925371.232,store_2,0.000
1790925371.232,store_3,0.000
1790925371.232,store_4,0.000
1790925371.232,store_5,0.000
1790925371.232,store_6,0.000
1790925371.232,store_7,0.000
1790925371.232,avail_mb,22177
1790925371.232,pswpin,1554984
1790925372.242,api,0.228
1790925372.242,client,0.099
1790925372.242,enginecore,9.127
1790925372.242,other_total,0.000
1790925372.242,store_0,0.000
1790925372.242,store_1,0.000
1790925372.242,store_2,0.000
1790925372.242,store_3,0.000
1790925372.242,store_4,0.000
1790925372.242,store_5,0.000
1790925372.242,store_6,0.000
1790925372.242,store_7,0.000
1790925372.242,avail_mb,22168
1790925372.242,pswpin,1554984
1790925373.252,api,0.238
1790925373.252,client,0.079
1790925373.252,enginecore,8.386
1790925373.252,other_total,0.010
1790925373.252,store_0,0.000
1790925373.252,store_1,0.000
1790925373.252,store_2,0.000
1790925373.252,store_3,0.000
1790925373.252,store_4,0.000
1790925373.252,store_5,0.000
1790925373.252,store_6,0.000
1790925373.252,store_7,0.000
1790925373.252,avail_mb,22170
1790925373.252,pswpin,1554984
1790925374.263,api,0.257
1790925374.263,client,0.129
1790925374.263,enginecore,9.273
1790925374.263,other_total,0.000
1790925374.263,store_0,0.000
1790925374.263,store_1,0.000
1790925374.263,store_2,0.000
1790925374.263,store_3,0.000
1790925374.263,store_4,0.000
1790925374.263,store_5,0.000
1790925374.263,store_6,0.000
1790925374.263,store_7,0.000
1790925374.263,avail_mb,22167
1790925374.263,pswpin,1554984
1790925375.273,api,0.267
1790925375.273,client,0.119
1790925375.273,enginecore,8.730
1790925375.273,other_total,0.020
1790925375.273,store_0,0.000
1790925375.273,store_1,0.000
1790925375.273,store_2,0.000
1790925375.273,store_3,0.000
1790925375.273,store_4,0.000
1790925375.273,store_5,0.000
1790925375.273,store_6,0.000
1790925375.273,store_7,0.000
1790925375.273,avail_mb,22162
1790925375.273,pswpin,1554984
1790925376.284,api,0.188
1790925376.284,client,0.089
1790925376.284,enginecore,7.569
1790925376.284,other_total,0.000
1790925376.284,store_0,0.000
1790925376.284,store_1,0.000
1790925376.284,store_2,0.000
1790925376.284,store_3,0.000
1790925376.284,store_4,0.000
1790925376.284,store_5,0.000
1790925376.284,store_6,0.000
1790925376.284,store_7,0.000
1790925376.284,avail_mb,22161
1790925376.284,pswpin,1554984
1790925377.294,api,0.247
1790925377.294,client,0.069
1790925377.294,enginecore,7.642
1790925377.294,other_total,0.000
1790925377.294,store_0,0.000
1790925377.294,store_1,0.000
1790925377.294,store_2,0.000
1790925377.294,store_3,0.000
1790925377.294,store_4,0.000
1790925377.294,store_5,0.000
1790925377.294,store_6,0.000
1790925377.294,store_7,0.000
1790925377.294,avail_mb,22159
1790925377.294,pswpin,1554984
1790925378.305,api,0.237
1790925378.305,client,0.119
1790925378.305,enginecore,8.953
1790925378.305,other_total,0.000
1790925378.305,store_0,0.000
1790925378.305,store_1,0.000
1790925378.305,store_2,0.000
1790925378.305,store_3,0.000
1790925378.305,store_4,0.000
1790925378.305,store_5,0.000
1790925378.305,store_6,0.000
1790925378.305,store_7,0.000
1790925378.305,avail_mb,22155
1790925378.305,pswpin,1554984
1790925379.315,api,0.228
1790925379.315,client,0.079
1790925379.315,enginecore,8.952
1790925379.315,other_total,0.010
1790925379.315,store_0,0.000
1790925379.315,store_1,0.000
1790925379.315,store_2,0.000
1790925379.315,store_3,0.000
1790925379.315,store_4,0.000
1790925379.315,store_5,0.000
1790925379.315,store_6,0.000
1790925379.315,store_7,0.000
1790925379.315,avail_mb,22153
1790925379.315,pswpin,1554984
1790925380.325,api,0.218
1790925380.325,client,0.099
1790925380.325,enginecore,7.784
1790925380.325,other_total,0.000
1790925380.325,store_0,0.000
1790925380.325,store_1,0.000
1790925380.325,store_2,0.000
1790925380.325,store_3,0.000
1790925380.325,store_4,0.000
1790925380.325,store_5,0.000
1790925380.325,store_6,0.000
1790925380.325,store_7,0.000
1790925380.325,avail_mb,22152
1790925380.325,pswpin,1554984
1790925381.335,api,0.247
1790925381.335,client,0.099
1790925381.335,enginecore,8.421
1790925381.335,other_total,0.000
1790925381.335,store_0,0.000
1790925381.335,store_1,0.000
1790925381.335,store_2,0.000
1790925381.335,store_3,0.000
1790925381.335,store_4,0.000
1790925381.335,store_5,0.000
1790925381.335,store_6,0.000
1790925381.335,store_7,0.000
1790925381.335,avail_mb,22147
1790925381.335,pswpin,1554984
1790925382.348,api,0.257
1790925382.348,client,0.079
1790925382.348,enginecore,8.410
1790925382.348,other_total,0.000
1790925382.348,store_0,0.000
1790925382.348,store_1,0.000
1790925382.348,store_2,0.000
1790925382.348,store_3,0.000
1790925382.348,store_4,0.000
1790925382.348,store_5,0.000
1790925382.348,store_6,0.000
1790925382.348,store_7,0.000
1790925382.348,avail_mb,22151
1790925382.348,pswpin,1554984
1790925383.359,api,0.237
1790925383.359,client,0.099
1790925383.359,enginecore,8.498
1790925383.359,other_total,0.000
1790925383.359,store_0,0.000
1790925383.359,store_1,0.000
1790925383.359,store_2,0.000
1790925383.359,store_3,0.000
1790925383.359,store_4,0.000
1790925383.359,store_5,0.000
1790925383.359,store_6,0.000
1790925383.359,store_7,0.000
1790925383.359,avail_mb,22150
1790925383.359,pswpin,1554984
1790925384.369,api,0.238
1790925384.369,client,0.109
1790925384.369,enginecore,8.959
1790925384.369,other_total,0.010
1790925384.369,store_0,0.000
1790925384.369,store_1,0.000
1790925384.369,store_2,0.000
1790925384.369,store_3,0.000
1790925384.369,store_4,0.000
1790925384.369,store_5,0.000
1790925384.369,store_6,0.000
1790925384.369,store_7,0.000
1790925384.369,avail_mb,22142
1790925384.369,pswpin,1554984
1790925385.380,api,0.228
1790925385.380,client,0.089
1790925385.380,enginecore,8.135
1790925385.380,other_total,0.000
1790925385.380,store_0,0.000
1790925385.380,store_1,0.000
1790925385.380,store_2,0.000
1790925385.380,store_3,0.000
1790925385.380,store_4,0.000
1790925385.380,store_5,0.000
1790925385.380,store_6,0.000
1790925385.380,store_7,0.000
1790925385.380,avail_mb,22142
1790925385.380,pswpin,1554984
1790925386.392,api,0.207
1790925386.392,client,0.109
1790925386.392,enginecore,8.850
1790925386.392,other_total,0.000
1790925386.392,store_0,0.000
1790925386.392,store_1,0.000
1790925386.392,store_2,0.000
1790925386.392,store_3,0.000
1790925386.392,store_4,0.000
1790925386.392,store_5,0.000
1790925386.392,store_6,0.000
1790925386.392,store_7,0.000
1790925386.392,avail_mb,22140
1790925386.392,pswpin,1554984
1790925387.403,api,0.257
1790925387.403,client,0.059
1790925387.403,enginecore,8.847
1790925387.403,other_total,0.049
1790925387.403,store_0,0.000
1790925387.403,store_1,0.000
1790925387.403,store_2,0.000
1790925387.403,store_3,0.000
1790925387.403,store_4,0.000
1790925387.403,store_5,0.000
1790925387.403,store_6,0.000
1790925387.403,store_7,0.000
1790925387.403,avail_mb,22136
1790925387.403,pswpin,1554984
1790925388.413,api,0.198
1790925388.413,client,0.089
1790925388.413,enginecore,6.326
1790925388.413,other_total,0.000
1790925388.413,store_0,0.000
1790925388.413,store_1,0.000
1790925388.413,store_2,0.000
1790925388.413,store_3,0.000
1790925388.413,store_4,0.000
1790925388.413,store_5,0.000
1790925388.413,store_6,0.000
1790925388.413,store_7,0.000
1790925388.413,avail_mb,22142
1790925388.413,pswpin,1554984
1790925389.423,api,0.218
1790925389.423,client,0.099
1790925389.423,enginecore,6.713
1790925389.423,other_total,0.000
1790925389.423,store_0,0.000
1790925389.423,store_1,0.000
1790925389.423,store_2,0.000
1790925389.423,store_3,0.000
1790925389.423,store_4,0.000
1790925389.423,store_5,0.000
1790925389.423,store_6,0.000
1790925389.423,store_7,0.000
1790925389.423,avail_mb,22142
1790925389.423,pswpin,1554984
1790925390.433,api,0.247
1790925390.433,client,0.079
1790925390.433,enginecore,8.618
1790925390.433,other_total,0.049
1790925390.433,store_0,0.000
1790925390.433,store_1,0.000
1790925390.433,store_2,0.000
1790925390.433,store_3,0.000
1790925390.433,store_4,0.000
1790925390.433,store_5,0.000
1790925390.433,store_6,0.000
1790925390.433,store_7,0.000
1790925390.433,avail_mb,22137
1790925390.433,pswpin,1554984
1790925391.444,api,0.228
1790925391.444,client,0.109
1790925391.444,enginecore,8.381
1790925391.444,other_total,0.000
1790925391.444,store_0,0.000
1790925391.444,store_1,0.000
1790925391.444,store_2,0.000
1790925391.444,store_3,0.000
1790925391.444,store_4,0.000
1790925391.444,store_5,0.000
1790925391.444,store_6,0.000
1790925391.444,store_7,0.000
1790925391.444,avail_mb,22136
1790925391.444,pswpin,1554984
1790925392.457,api,0.266
1790925392.457,client,0.109
1790925392.457,enginecore,9.404
1790925392.457,other_total,0.000
1790925392.457,store_0,0.000
1790925392.457,store_1,0.000
1790925392.457,store_2,0.000
1790925392.457,store_3,0.000
1790925392.457,store_4,0.000
1790925392.457,store_5,0.000
1790925392.457,store_6,0.000
1790925392.457,store_7,0.000
1790925392.457,avail_mb,22135
1790925392.457,pswpin,1554984
1790925393.468,api,0.277
1790925393.468,client,0.099
1790925393.468,enginecore,8.487
1790925393.468,other_total,0.000
1790925393.468,store_0,0.000
1790925393.468,store_1,0.000
1790925393.468,store_2,0.000
1790925393.468,store_3,0.000
1790925393.468,store_4,0.000
1790925393.468,store_5,0.000
1790925393.468,store_6,0.000
1790925393.468,store_7,0.000
1790925393.468,avail_mb,22131
1790925393.468,pswpin,1554984
1790925394.478,api,0.218
1790925394.478,client,0.119
1790925394.478,enginecore,8.328
1790925394.478,other_total,0.000
1790925394.478,store_0,0.000
1790925394.478,store_1,0.000
1790925394.478,store_2,0.000
1790925394.478,store_3,0.000
1790925394.478,store_4,0.000
1790925394.478,store_5,0.000
1790925394.478,store_6,0.000
1790925394.478,store_7,0.000
1790925394.478,avail_mb,22133
1790925394.478,pswpin,1554984
1790925395.488,api,0.248
1790925395.488,client,0.079
1790925395.488,enginecore,8.991
1790925395.488,other_total,0.050
1790925395.488,store_0,0.000
1790925395.488,store_1,0.000
1790925395.488,store_2,0.000
1790925395.488,store_3,0.000
1790925395.488,store_4,0.000
1790925395.488,store_5,0.000
1790925395.488,store_6,0.000
1790925395.488,store_7,0.000
1790925395.488,avail_mb,22133
1790925395.488,pswpin,1554984
1790925396.498,api,0.238
1790925396.498,client,0.109
1790925396.498,enginecore,8.642
1790925396.498,other_total,0.000
1790925396.498,store_0,0.000
1790925396.498,store_1,0.000
1790925396.498,store_2,0.000
1790925396.498,store_3,0.000
1790925396.498,store_4,0.000
1790925396.498,store_5,0.000
1790925396.498,store_6,0.000
1790925396.498,store_7,0.000
1790925396.498,avail_mb,22131
1790925396.498,pswpin,1554984
1790925397.508,api,0.228
1790925397.508,client,0.069
1790925397.508,enginecore,6.850
1790925397.508,other_total,0.040
1790925397.508,store_0,0.000
1790925397.508,store_1,0.000
1790925397.508,store_2,0.000
1790925397.508,store_3,0.000
1790925397.508,store_4,0.000
1790925397.508,store_5,0.000
1790925397.508,store_6,0.000
1790925397.508,store_7,0.000
1790925397.508,avail_mb,22131
1790925397.508,pswpin,1554984
1790925398.520,api,0.217
1790925398.520,client,0.099
1790925398.520,enginecore,8.598
1790925398.520,other_total,0.020
1790925398.520,store_0,0.000
1790925398.520,store_1,0.000
1790925398.520,store_2,0.000
1790925398.520,store_3,0.000
1790925398.520,store_4,0.000
1790925398.520,store_5,0.000
1790925398.520,store_6,0.000
1790925398.520,store_7,0.000
1790925398.520,avail_mb,22129
1790925398.520,pswpin,1554984
1790925399.531,api,0.198
1790925399.531,client,0.079
1790925399.531,enginecore,7.382
1790925399.531,other_total,0.010
1790925399.531,store_0,0.000
1790925399.531,store_1,0.000
1790925399.531,store_2,0.000
1790925399.531,store_3,0.000
1790925399.531,store_4,0.000
1790925399.531,store_5,0.000
1790925399.531,store_6,0.000
1790925399.531,store_7,0.000
1790925399.531,avail_mb,22127
1790925399.531,pswpin,1554984
1790925400.543,api,0.207
1790925400.543,client,0.069
1790925400.543,enginecore,7.865
1790925400.543,other_total,0.030
1790925400.543,store_0,0.000
1790925400.543,store_1,0.000
1790925400.543,store_2,0.000
1790925400.543,store_3,0.000
1790925400.543,store_4,0.000
1790925400.543,store_5,0.000
1790925400.543,store_6,0.000
1790925400.543,store_7,0.000
1790925400.543,avail_mb,22130
1790925400.543,pswpin,1554985
1790925401.554,api,0.218
1790925401.554,client,0.109
1790925401.554,enginecore,8.883
1790925401.554,other_total,0.000
1790925401.554,store_0,0.000
1790925401.554,store_1,0.000
1790925401.554,store_2,0.000
1790925401.554,store_3,0.000
1790925401.554,store_4,0.000
1790925401.554,store_5,0.000
1790925401.554,store_6,0.000
1790925401.554,store_7,0.000
1790925401.554,avail_mb,22126
1790925401.554,pswpin,1554985
1790925402.564,api,0.228
1790925402.564,client,0.089
1790925402.564,enginecore,9.057
1790925402.564,other_total,0.000
1790925402.564,store_0,0.000
1790925402.564,store_1,0.000
1790925402.564,store_2,0.000
1790925402.564,store_3,0.000
1790925402.564,store_4,0.000
1790925402.564,store_5,0.000
1790925402.564,store_6,0.000
1790925402.564,store_7,0.000
1790925402.564,avail_mb,22124
1790925402.564,pswpin,1554985
1790925403.574,api,0.228
1790925403.574,client,0.099
1790925403.574,enginecore,9.276
1790925403.574,other_total,0.030
1790925403.574,store_0,0.000
1790925403.574,store_1,0.000
1790925403.574,store_2,0.000
1790925403.574,store_3,0.000
1790925403.574,store_4,0.000
1790925403.574,store_5,0.000
1790925403.574,store_6,0.000
1790925403.574,store_7,0.000
1790925403.574,avail_mb,22117
1790925403.574,pswpin,1554985
1790925404.585,api,0.247
1790925404.585,client,0.089
1790925404.585,enginecore,9.225
1790925404.585,other_total,0.000
1790925404.585,store_0,0.000
1790925404.585,store_1,0.000
1790925404.585,store_2,0.000
1790925404.585,store_3,0.000
1790925404.585,store_4,0.000
1790925404.585,store_5,0.000
1790925404.585,store_6,0.000
1790925404.585,store_7,0.000
1790925404.585,avail_mb,22117
1790925404.585,pswpin,1554985
1790925405.595,api,0.198
1790925405.595,client,0.089
1790925405.595,enginecore,7.156
1790925405.595,other_total,0.010
1790925405.595,store_0,0.000
1790925405.595,store_1,0.000
1790925405.595,store_2,0.000
1790925405.595,store_3,0.000
1790925405.595,store_4,0.000
1790925405.595,store_5,0.000
1790925405.595,store_6,0.000
1790925405.595,store_7,0.000
1790925405.595,avail_mb,22118
1790925405.595,pswpin,1554985
1790925406.608,api,0.217
1790925406.608,client,0.079
1790925406.608,enginecore,7.312
1790925406.608,other_total,0.039
1790925406.608,store_0,0.000
1790925406.608,store_1,0.000
1790925406.608,store_2,0.000
1790925406.608,store_3,0.000
1790925406.608,store_4,0.000
1790925406.608,store_5,0.000
1790925406.608,store_6,0.000
1790925406.608,store_7,0.000
1790925406.608,avail_mb,22116
1790925406.608,pswpin,1554986
1790925407.620,api,0.267
1790925407.620,client,0.109
1790925407.620,enginecore,8.888
1790925407.620,other_total,0.000
1790925407.620,store_0,0.000
1790925407.620,store_1,0.000
1790925407.620,store_2,0.000
1790925407.620,store_3,0.000
1790925407.620,store_4,0.000
1790925407.620,store_5,0.000
1790925407.620,store_6,0.000
1790925407.620,store_7,0.000
1790925407.620,avail_mb,22116
1790925407.620,pswpin,1554986
1790925408.630,api,0.228
1790925408.630,client,0.069
1790925408.630,enginecore,8.223
1790925408.630,other_total,0.000
1790925408.630,store_0,0.000
1790925408.630,store_1,0.000
1790925408.630,store_2,0.000
1790925408.630,store_3,0.000
1790925408.630,store_4,0.000
1790925408.630,store_5,0.000
1790925408.630,store_6,0.000
1790925408.630,store_7,0.000
1790925408.630,avail_mb,22116
1790925408.630,pswpin,1554986
1790925409.641,api,0.218
1790925409.641,client,0.109
1790925409.641,enginecore,8.108
1790925409.641,other_total,0.030
1790925409.641,store_0,0.000
1790925409.641,store_1,0.000
1790925409.641,store_2,0.000
1790925409.641,store_3,0.000
1790925409.641,store_4,0.000
1790925409.641,store_5,0.000
1790925409.641,store_6,0.000
1790925409.641,store_7,0.000
1790925409.641,avail_mb,22117
1790925409.641,pswpin,1554986
1790925410.651,api,0.277
1790925410.651,client,0.089
1790925410.651,enginecore,9.276
1790925410.651,other_total,0.000
1790925410.651,store_0,0.000
1790925410.651,store_1,0.000
1790925410.651,store_2,0.000
1790925410.651,store_3,0.000
1790925410.651,store_4,0.000
1790925410.651,store_5,0.000
1790925410.651,store_6,0.000
1790925410.651,store_7,0.000
1790925410.651,avail_mb,22115
1790925410.651,pswpin,1554986
1790925411.662,api,0.208
1790925411.662,client,0.119
1790925411.662,enginecore,9.183
1790925411.662,other_total,0.000
1790925411.662,store_0,0.000
1790925411.662,store_1,0.000
1790925411.662,store_2,0.000
1790925411.662,store_3,0.000
1790925411.662,store_4,0.000
1790925411.662,store_5,0.000
1790925411.662,store_6,0.000
1790925411.662,store_7,0.000
1790925411.662,avail_mb,22115
1790925411.662,pswpin,1554986
1790925412.673,api,0.237
1790925412.673,client,0.079
1790925412.673,enginecore,8.351
1790925412.673,other_total,0.000
1790925412.673,store_0,0.000
1790925412.673,store_1,0.000
1790925412.673,store_2,0.000
1790925412.673,store_3,0.000
1790925412.673,store_4,0.000
1790925412.673,store_5,0.000
1790925412.673,store_6,0.000
1790925412.673,store_7,0.000
1790925412.673,avail_mb,22116
1790925412.673,pswpin,1554986
1790925413.683,api,0.218
1790925413.683,client,0.089
1790925413.683,enginecore,8.939
1790925413.683,other_total,0.030
1790925413.683,store_0,0.000
1790925413.683,store_1,0.000
1790925413.683,store_2,0.000
1790925413.683,store_3,0.000
1790925413.683,store_4,0.000
1790925413.683,store_5,0.000
1790925413.683,store_6,0.000
1790925413.683,store_7,0.000
1790925413.683,avail_mb,22117
1790925413.683,pswpin,1554986
1790925414.694,api,0.277
1790925414.694,client,0.099
1790925414.694,enginecore,8.715
1790925414.694,other_total,0.000
1790925414.694,store_0,0.000
1790925414.694,store_1,0.000
1790925414.694,store_2,0.000
1790925414.694,store_3,0.000
1790925414.694,store_4,0.000
1790925414.694,store_5,0.000
1790925414.694,store_6,0.000
1790925414.694,store_7,0.000
1790925414.694,avail_mb,22117
1790925414.694,pswpin,1554986
1790925415.704,api,0.198
1790925415.704,client,0.089
1790925415.704,enginecore,8.059
1790925415.704,other_total,0.030
1790925415.704,store_0,0.000
1790925415.704,store_1,0.000
1790925415.704,store_2,0.000
1790925415.704,store_3,0.000
1790925415.704,store_4,0.000
1790925415.704,store_5,0.000
1790925415.704,store_6,0.000
1790925415.704,store_7,0.000
1790925415.704,avail_mb,22111
1790925415.704,pswpin,1554986
1790925416.715,api,0.228
1790925416.715,client,0.089
1790925416.715,enginecore,7.945
1790925416.715,other_total,0.000
1790925416.715,store_0,0.000
1790925416.715,store_1,0.000
1790925416.715,store_2,0.000
1790925416.715,store_3,0.000
1790925416.715,store_4,0.000
1790925416.715,store_5,0.000
1790925416.715,store_6,0.000
1790925416.715,store_7,0.000
1790925416.715,avail_mb,22110
1790925416.715,pswpin,1554986
1790925417.725,api,0.267
1790925417.725,client,0.109
1790925417.725,enginecore,8.822
1790925417.725,other_total,0.000
1790925417.725,store_0,0.000
1790925417.725,store_1,0.000
1790925417.725,store_2,0.000
1790925417.725,store_3,0.000
1790925417.725,store_4,0.000
1790925417.725,store_5,0.000
1790925417.725,store_6,0.000
1790925417.725,store_7,0.000
1790925417.725,avail_mb,22109
1790925417.725,pswpin,1554986
1790925418.736,api,0.247
1790925418.736,client,0.109
1790925418.736,enginecore,9.080
1790925418.736,other_total,0.000
1790925418.736,store_0,0.000
1790925418.736,store_1,0.000
1790925418.736,store_2,0.000
1790925418.736,store_3,0.000
1790925418.736,store_4,0.000
1790925418.736,store_5,0.000
1790925418.736,store_6,0.000
1790925418.736,store_7,0.000
1790925418.736,avail_mb,22105
1790925418.736,pswpin,1554986
1790925419.747,api,0.227
1790925419.747,client,0.099
1790925419.747,enginecore,8.803
1790925419.747,other_total,0.000
1790925419.747,store_0,0.000
1790925419.747,store_1,0.000
1790925419.747,store_2,0.000
1790925419.747,store_3,0.000
1790925419.747,store_4,0.000
1790925419.747,store_5,0.000
1790925419.747,store_6,0.000
1790925419.747,store_7,0.000
1790925419.747,avail_mb,22105
1790925419.747,pswpin,1554986
1790925420.757,api,0.257
1790925420.757,client,0.059
1790925420.757,enginecore,8.573
1790925420.757,other_total,0.000
1790925420.757,store_0,0.000
1790925420.757,store_1,0.000
1790925420.757,store_2,0.000
1790925420.757,store_3,0.000
1790925420.757,store_4,0.000
1790925420.757,store_5,0.000
1790925420.757,store_6,0.000
1790925420.757,store_7,0.000
1790925420.757,avail_mb,22107
1790925420.757,pswpin,1554986
1790925421.768,api,0.247
1790925421.768,client,0.109
1790925421.768,enginecore,8.944
1790925421.768,other_total,0.030
1790925421.768,store_0,0.000
1790925421.768,store_1,0.000
1790925421.768,store_2,0.000
1790925421.768,store_3,0.000
1790925421.768,store_4,0.000
1790925421.768,store_5,0.000
1790925421.768,store_6,0.000
1790925421.768,store_7,0.000
1790925421.768,avail_mb,22104
1790925421.768,pswpin,1554986
1790925422.779,api,0.237
1790925422.779,client,0.099
1790925422.779,enginecore,9.338
1790925422.779,other_total,0.010
1790925422.779,store_0,0.000
1790925422.779,store_1,0.000
1790925422.779,store_2,0.000
1790925422.779,store_3,0.000
1790925422.779,store_4,0.000
1790925422.779,store_5,0.000
1790925422.779,store_6,0.000
1790925422.779,store_7,0.000
1790925422.779,avail_mb,22102
1790925422.779,pswpin,1554986
1790925423.790,api,0.227
1790925423.790,client,0.089
1790925423.790,enginecore,9.133
1790925423.790,other_total,0.000
1790925423.790,store_0,0.000
1790925423.790,store_1,0.000
1790925423.790,store_2,0.000
1790925423.790,store_3,0.000
1790925423.790,store_4,0.000
1790925423.790,store_5,0.000
1790925423.790,store_6,0.000
1790925423.790,store_7,0.000
1790925423.790,avail_mb,22101
1790925423.790,pswpin,1554986
1790925424.801,api,0.247
1790925424.801,client,0.109
1790925424.801,enginecore,8.741
1790925424.801,other_total,0.030
1790925424.801,store_0,0.000
1790925424.801,store_1,0.000
1790925424.801,store_2,0.000
1790925424.801,store_3,0.000
1790925424.801,store_4,0.000
1790925424.801,store_5,0.000
1790925424.801,store_6,0.000
1790925424.801,store_7,0.000
1790925424.801,avail_mb,22106
1790925424.801,pswpin,1554986
1790925425.813,api,0.257
1790925425.813,client,0.119
1790925425.813,enginecore,8.695
1790925425.813,other_total,0.000
1790925425.813,store_0,0.000
1790925425.813,store_1,0.000
1790925425.813,store_2,0.000
1790925425.813,store_3,0.000
1790925425.813,store_4,0.000
1790925425.813,store_5,0.000
1790925425.813,store_6,0.000
1790925425.813,store_7,0.000
1790925425.813,avail_mb,22104
1790925425.813,pswpin,1554986
1790925426.824,api,0.227
1790925426.824,client,0.079
1790925426.824,enginecore,8.210
1790925426.824,other_total,0.059
1790925426.824,store_0,0.000
1790925426.824,store_1,0.000
1790925426.824,store_2,0.000
1790925426.824,store_3,0.000
1790925426.824,store_4,0.000
1790925426.824,store_5,0.000
1790925426.824,store_6,0.000
1790925426.824,store_7,0.000
1790925426.824,avail_mb,22102
1790925426.824,pswpin,1554986
1790925427.834,api,0.257
1790925427.834,client,0.079
1790925427.834,enginecore,8.845
1790925427.834,other_total,0.000
1790925427.834,store_0,0.000
1790925427.834,store_1,0.000
1790925427.834,store_2,0.000
1790925427.834,store_3,0.000
1790925427.834,store_4,0.000
1790925427.834,store_5,0.000
1790925427.834,store_6,0.000
1790925427.834,store_7,0.000
1790925427.834,avail_mb,22097
1790925427.834,pswpin,1554986
1790925428.844,api,0.257
1790925428.844,client,0.119
1790925428.844,enginecore,9.248
1790925428.844,other_total,0.000
1790925428.844,store_0,0.000
1790925428.844,store_1,0.000
1790925428.844,store_2,0.000
1790925428.844,store_3,0.000
1790925428.844,store_4,0.000
1790925428.844,store_5,0.000
1790925428.844,store_6,0.000
1790925428.844,store_7,0.000
1790925428.844,avail_mb,22095
1790925428.844,pswpin,1554986
1790925429.855,api,0.257
1790925429.855,client,0.099
1790925429.855,enginecore,8.424
1790925429.855,other_total,0.000
1790925429.855,store_0,0.000
1790925429.855,store_1,0.000
1790925429.855,store_2,0.000
1790925429.855,store_3,0.000
1790925429.855,store_4,0.000
1790925429.855,store_5,0.000
1790925429.855,store_6,0.000
1790925429.855,store_7,0.000
1790925429.855,avail_mb,22095
1790925429.855,pswpin,1554986
1790925430.865,api,0.247
1790925430.865,client,0.079
1790925430.865,enginecore,9.213
1790925430.865,other_total,0.000
1790925430.865,store_0,0.000
1790925430.865,store_1,0.000
1790925430.865,store_2,0.000
1790925430.865,store_3,0.000
1790925430.865,store_4,0.000
1790925430.865,store_5,0.000
1790925430.865,store_6,0.000
1790925430.865,store_7,0.000
1790925430.865,avail_mb,22098
1790925430.865,pswpin,1554986
1790925431.875,api,0.188
1790925431.875,client,0.099
1790925431.875,enginecore,8.575
1790925431.875,other_total,0.059
1790925431.875,store_0,0.000
1790925431.875,store_1,0.000
1790925431.875,store_2,0.000
1790925431.875,store_3,0.000
1790925431.875,store_4,0.000
1790925431.875,store_5,0.000
1790925431.875,store_6,0.000
1790925431.875,store_7,0.000
1790925431.875,avail_mb,22097
1790925431.875,pswpin,1554986
1790925432.887,api,0.267
1790925432.887,client,0.119
1790925432.887,enginecore,8.570
1790925432.887,other_total,0.000
1790925432.887,store_0,0.000
1790925432.887,store_1,0.000
1790925432.887,store_2,0.000
1790925432.887,store_3,0.000
1790925432.887,store_4,0.000
1790925432.887,store_5,0.000
1790925432.887,store_6,0.000
1790925432.887,store_7,0.000
1790925432.887,avail_mb,22097
1790925432.887,pswpin,1554986
1790925433.899,api,0.286
1790925433.899,client,0.119
1790925433.899,enginecore,9.225
1790925433.899,other_total,0.000
1790925433.899,store_0,0.000
1790925433.899,store_1,0.000
1790925433.899,store_2,0.000
1790925433.899,store_3,0.000
1790925433.899,store_4,0.000
1790925433.899,store_5,0.000
1790925433.899,store_6,0.000
1790925433.899,store_7,0.000
1790925433.899,avail_mb,22092
1790925433.899,pswpin,1554986
1790925434.910,api,0.228
1790925434.910,client,0.089
1790925434.910,enginecore,8.630
1790925434.910,other_total,0.000
1790925434.910,store_0,0.000
1790925434.910,store_1,0.000
1790925434.910,store_2,0.000
1790925434.910,store_3,0.000
1790925434.910,store_4,0.000
1790925434.910,store_5,0.000
1790925434.910,store_6,0.000
1790925434.910,store_7,0.000
1790925434.910,avail_mb,22136
1790925434.910,pswpin,1554986
1790925435.920,api,0.218
1790925435.920,client,0.099
1790925435.920,enginecore,6.989
1790925435.920,other_total,0.000
1790925435.920,store_0,0.000
1790925435.920,store_1,0.000
1790925435.920,store_2,0.000
1790925435.920,store_3,0.000
1790925435.920,store_4,0.000
1790925435.920,store_5,0.000
1790925435.920,store_6,0.000
1790925435.920,store_7,0.000
1790925435.920,avail_mb,22139
1790925435.920,pswpin,1554986
1790925436.930,api,0.218
1790925436.930,client,0.069
1790925436.930,enginecore,7.663
1790925436.930,other_total,0.059
1790925436.930,store_0,0.000
1790925436.930,store_1,0.000
1790925436.930,store_2,0.000
1790925436.930,store_3,0.000
1790925436.930,store_4,0.000
1790925436.930,store_5,0.000
1790925436.930,store_6,0.000
1790925436.930,store_7,0.000
1790925436.930,avail_mb,22134
1790925436.930,pswpin,1554986
1790925437.940,api,0.218
1790925437.940,client,0.079
1790925437.940,enginecore,6.980
1790925437.940,other_total,0.000
1790925437.940,store_0,0.000
1790925437.940,store_1,0.000
1790925437.940,store_2,0.000
1790925437.940,store_3,0.000
1790925437.940,store_4,0.000
1790925437.940,store_5,0.000
1790925437.940,store_6,0.000
1790925437.940,store_7,0.000
1790925437.940,avail_mb,22133
1790925437.940,pswpin,1554986
1790925438.950,api,0.168
1790925438.950,client,0.079
1790925438.950,enginecore,5.465
1790925438.950,other_total,0.049
1790925438.950,store_0,0.000
1790925438.950,store_1,0.000
1790925438.950,store_2,0.000
1790925438.950,store_3,0.000
1790925438.950,store_4,0.000
1790925438.950,store_5,0.000
1790925438.950,store_6,0.000
1790925438.950,store_7,0.000
1790925438.950,avail_mb,22228
1790925438.950,pswpin,1554991
1790925439.959,api,0.188
1790925439.959,client,0.030
1790925439.959,enginecore,4.636
1790925439.959,other_total,0.069
1790925439.959,store_0,0.000
1790925439.959,store_1,0.000
1790925439.959,store_2,0.000
1790925439.959,store_3,0.000
1790925439.959,store_4,0.000
1790925439.959,store_5,0.000
1790925439.959,store_6,0.000
1790925439.959,store_7,0.000
1790925439.959,avail_mb,22272
1790925439.959,pswpin,1554994
1790925440.969,api,0.089
1790925440.969,client,0.030
1790925440.969,enginecore,1.645
1790925440.969,other_total,0.000
1790925440.969,store_0,0.000
1790925440.969,store_1,0.000
1790925440.969,store_2,0.000
1790925440.969,store_3,0.000
1790925440.969,store_4,0.000
1790925440.969,store_5,0.000
1790925440.969,store_6,0.000
1790925440.969,store_7,0.000
1790925440.969,avail_mb,22270
1790925440.969,pswpin,1554994
1790925441.978,api,0.109
1790925441.978,client,0.040
1790925441.978,enginecore,2.763
1790925441.978,other_total,0.030
1790925441.978,store_0,0.000
1790925441.978,store_1,0.000
1790925441.978,store_2,0.000
1790925441.978,store_3,0.000
1790925441.978,store_4,0.000
1790925441.978,store_5,0.000
1790925441.978,store_6,0.000
1790925441.978,store_7,0.000
1790925441.978,avail_mb,22310
1790925441.978,pswpin,1554997
1790925442.988,api,0.129
1790925442.988,client,0.020
1790925442.988,enginecore,2.783
1790925442.988,other_total,0.040
1790925442.988,store_0,0.000
1790925442.988,store_1,0.000
1790925442.988,store_2,0.000
1790925442.988,store_3,0.000
1790925442.988,store_4,0.000
1790925442.988,store_5,0.000
1790925442.988,store_6,0.000
1790925442.988,store_7,0.000
1790925442.988,avail_mb,22312
1790925442.988,pswpin,1554997
1790925443.998,api,0.129
1790925443.998,client,0.030
1790925443.998,enginecore,2.794
1790925443.998,other_total,0.020
1790925443.998,store_0,0.000
1790925443.998,store_1,0.000
1790925443.998,store_2,0.000
1790925443.998,store_3,0.000
1790925443.998,store_4,0.000
1790925443.998,store_5,0.000
1790925443.998,store_6,0.000
1790925443.998,store_7,0.000
1790925443.998,avail_mb,22357
1790925443.998,pswpin,1554997
1790925445.007,api,0.040
1790925445.007,client,0.010
1790925445.007,enginecore,0.951
1790925445.007,other_total,0.000
1790925445.007,store_0,0.000
1790925445.007,store_1,0.000
1790925445.007,store_2,0.000
1790925445.007,store_3,0.000
1790925445.007,store_4,0.000
1790925445.007,store_5,0.000
1790925445.007,store_6,0.000
1790925445.007,store_7,0.000
1790925445.007,avail_mb,22353
1790925445.007,pswpin,1554997
1790925446.020,api,0.069
1790925446.020,client,0.010
1790925446.020,enginecore,1.353
1790925446.020,other_total,0.118
1790925446.020,store_0,0.000
1790925446.020,store_1,0.000
1790925446.020,store_2,0.000
1790925446.020,store_3,0.000
1790925446.020,store_4,0.000
1790925446.020,store_5,0.000
1790925446.020,store_6,0.000
1790925446.020,store_7,0.000
1790925446.020,avail_mb,22355
1790925446.020,pswpin,1554997
1790925447.030,api,0.059
1790925447.030,client,0.020
1790925447.030,enginecore,1.069
1790925447.030,other_total,0.010
1790925447.030,store_0,0.000
1790925447.030,store_1,0.000
1790925447.030,store_2,0.000
1790925447.030,store_3,0.000
1790925447.030,store_4,0.000
1790925447.030,store_5,0.000
1790925447.030,store_6,0.000
1790925447.030,store_7,0.000
1790925447.030,avail_mb,22355
1790925447.030,pswpin,1554997
1790925448.039,api,0.079
1790925448.039,client,0.020
1790925448.039,enginecore,1.268
1790925448.039,other_total,0.020
1790925448.039,store_0,0.000
1790925448.039,store_1,0.000
1790925448.039,store_2,0.000
1790925448.039,store_3,0.000
1790925448.039,store_4,0.000
1790925448.039,store_5,0.000
1790925448.039,store_6,0.000
1790925448.039,store_7,0.000
1790925448.039,avail_mb,22359
1790925448.039,pswpin,1555114
1790925449.049,api,0.099
1790925449.049,client,0.030
1790925449.049,enginecore,1.971
1790925449.049,other_total,0.040
1790925449.049,store_0,0.000
1790925449.049,store_1,0.000
1790925449.049,store_2,0.000
1790925449.049,store_3,0.000
1790925449.049,store_4,0.000
1790925449.049,store_5,0.000
1790925449.049,store_6,0.000
1790925449.049,store_7,0.000
1790925449.049,avail_mb,22360
1790925449.049,pswpin,1555114
1790925450.058,api,0.059
1790925450.058,client,0.020
1790925450.058,enginecore,1.437
1790925450.058,other_total,0.000
1790925450.058,store_0,0.000
1790925450.058,store_1,0.000
1790925450.058,store_2,0.000
1790925450.058,store_3,0.000
1790925450.058,store_4,0.000
1790925450.058,store_5,0.000
1790925450.058,store_6,0.000
1790925450.058,store_7,0.000
1790925450.058,avail_mb,22360
1790925450.058,pswpin,1555114
1790925451.067,api,0.040
1790925451.067,client,0.000
1790925451.067,enginecore,0.763
1790925451.067,other_total,0.000
1790925451.067,store_0,0.000
1790925451.067,store_1,0.000
1790925451.067,store_2,0.000
1790925451.067,store_3,0.000
1790925451.067,store_4,0.000
1790925451.067,store_5,0.000
1790925451.067,store_6,0.000
1790925451.067,store_7,0.000
1790925451.067,avail_mb,22403
1790925451.067,pswpin,1555121
1790925452.079,api,0.030
1790925452.079,enginecore,0.386
1790925452.079,other_total,0.079
1790925452.079,store_0,0.000
1790925452.079,store_1,0.000
1790925452.079,store_2,0.000
1790925452.079,store_3,0.000
1790925452.079,store_4,0.000
1790925452.079,store_5,0.000
1790925452.079,store_6,0.000
1790925452.079,store_7,0.000
1790925452.079,avail_mb,22436
1790925452.079,pswpin,1555122
1790925453.089,api,0.000
1790925453.089,enginecore,0.049
1790925453.089,other_total,0.010
1790925453.089,store_0,0.000
1790925453.089,store_1,0.000
1790925453.089,store_2,0.000
1790925453.089,store_3,0.000
1790925453.089,store_4,0.000
1790925453.089,store_5,0.000
1790925453.089,store_6,0.000
1790925453.089,store_7,0.000
1790925453.089,avail_mb,22437
1790925453.089,pswpin,1555122
1790925454.099,api,0.000
1790925454.099,enginecore,0.020
1790925454.099,other_total,0.030
1790925454.099,store_0,0.000
1790925454.099,store_1,0.000
1790925454.099,store_2,0.000
1790925454.099,store_3,0.000
1790925454.099,store_4,0.000
1790925454.099,store_5,0.000
1790925454.099,store_6,0.000
1790925454.099,store_7,0.000
1790925454.099,avail_mb,22438
1790925454.099,pswpin,1555122
1790925455.110,api,0.000
1790925455.110,enginecore,0.069
1790925455.110,other_total,0.020
1790925455.110,store_0,0.000
1790925455.110,store_1,0.000
1790925455.110,store_2,0.000
1790925455.110,store_3,0.000
1790925455.110,store_4,0.000
1790925455.110,store_5,0.000
1790925455.110,store_6,0.000
1790925455.110,store_7,0.000
1790925455.110,avail_mb,22437
1790925455.110,pswpin,1555122
1790925456.121,api,0.000
1790925456.121,enginecore,0.010
1790925456.121,other_total,0.030
1790925456.121,store_0,0.000
1790925456.121,store_1,0.000
1790925456.121,store_2,0.000
1790925456.121,store_3,0.000
1790925456.121,store_4,0.000
1790925456.121,store_5,0.000
1790925456.121,store_6,0.000
1790925456.121,store_7,0.000
1790925456.121,avail_mb,22437
1790925456.121,pswpin,1555122
1790925457.131,api,0.010
1790925457.131,enginecore,0.069
1790925457.131,other_total,0.000
1790925457.131,store_0,0.000
1790925457.131,store_1,0.000
1790925457.131,store_2,0.000
1790925457.131,store_3,0.000
1790925457.131,store_4,0.000
1790925457.131,store_5,0.000
1790925457.131,store_6,0.000
1790925457.131,store_7,0.000
1790925457.131,avail_mb,22438
1790925457.131,pswpin,1555122
1790925458.142,api,0.030
1790925458.142,enginecore,0.010
1790925458.142,other_total,2.680
1790925458.142,store_0,0.000
1790925458.142,store_1,0.000
1790925458.142,store_2,0.000
1790925458.142,store_3,0.000
1790925458.142,store_4,0.000
1790925458.142,store_5,0.000
1790925458.142,store_6,0.000
1790925458.142,store_7,0.000
1790925458.142,avail_mb,22078
1790925458.142,pswpin,1555124
1790925459.153,api,0.010
1790925459.153,client,0.000
1790925459.153,enginecore,0.049
1790925459.153,other_total,0.000
1790925459.153,store_0,0.000
1790925459.153,store_1,0.000
1790925459.153,store_2,0.000
1790925459.153,store_3,0.000
1790925459.153,store_4,0.000
1790925459.153,store_5,0.000
1790925459.153,store_6,0.000
1790925459.153,store_7,0.000
1790925459.153,avail_mb,22078
1790925459.153,pswpin,1555124
1790925460.164,api,0.000
1790925460.164,client,0.000
1790925460.164,enginecore,0.030
1790925460.164,other_total,0.030
1790925460.164,store_0,0.000
1790925460.164,store_1,0.000
1790925460.164,store_2,0.000
1790925460.164,store_3,0.000
1790925460.164,store_4,0.000
1790925460.164,store_5,0.000
1790925460.164,store_6,0.000
1790925460.164,store_7,0.000
1790925460.164,avail_mb,22078
1790925460.164,pswpin,1555124
1790925461.175,api,0.030
1790925461.175,client,0.010
1790925461.175,enginecore,0.208
1790925461.175,other_total,0.040
1790925461.175,store_0,0.000
1790925461.175,store_1,0.000
1790925461.175,store_2,0.000
1790925461.175,store_3,0.000
1790925461.175,store_4,0.000
1790925461.175,store_5,0.000
1790925461.175,store_6,0.000
1790925461.175,store_7,0.000
1790925461.175,avail_mb,22073
1790925461.175,pswpin,1555124
1790925462.187,api,0.000
1790925462.187,client,0.000
1790925462.187,enginecore,0.297
1790925462.187,other_total,0.030
1790925462.187,store_0,0.000
1790925462.187,store_1,0.000
1790925462.187,store_2,0.000
1790925462.187,store_3,0.000
1790925462.187,store_4,0.000
1790925462.187,store_5,0.000
1790925462.187,store_6,0.000
1790925462.187,store_7,0.000
1790925462.187,avail_mb,22073
1790925462.187,pswpin,1555124
1790925463.198,api,0.010
1790925463.198,client,0.000
1790925463.198,enginecore,0.109
1790925463.198,other_total,0.000
1790925463.198,store_0,0.000
1790925463.198,store_1,0.000
1790925463.198,store_2,0.000
1790925463.198,store_3,0.000
1790925463.198,store_4,0.000
1790925463.198,store_5,0.000
1790925463.198,store_6,0.000
1790925463.198,store_7,0.000
1790925463.198,avail_mb,22071
1790925463.198,pswpin,1555124
1790925464.209,api,0.030
1790925464.209,client,0.010
1790925464.209,enginecore,0.148
1790925464.209,other_total,0.049
1790925464.209,store_0,0.000
1790925464.209,store_1,0.000
1790925464.209,store_2,0.000
1790925464.209,store_3,0.000
1790925464.209,store_4,0.000
1790925464.209,store_5,0.000
1790925464.209,store_6,0.000
1790925464.209,store_7,0.000
1790925464.209,avail_mb,22070
1790925464.209,pswpin,1555124
1790925465.221,api,0.020
1790925465.221,client,0.000
1790925465.221,enginecore,0.227
1790925465.221,other_total,0.030
1790925465.221,store_0,0.000
1790925465.221,store_1,0.000
1790925465.221,store_2,0.000
1790925465.221,store_3,0.000
1790925465.221,store_4,0.000
1790925465.221,store_5,0.000
1790925465.221,store_6,0.000
1790925465.221,store_7,0.000
1790925465.221,avail_mb,22068
1790925465.221,pswpin,1555124
1790925466.232,api,0.040
1790925466.232,client,0.000
1790925466.232,enginecore,0.316
1790925466.232,other_total,0.020
1790925466.232,store_0,0.000
1790925466.232,store_1,0.000
1790925466.232,store_2,0.000
1790925466.232,store_3,0.000
1790925466.232,store_4,0.000
1790925466.232,store_5,0.000
1790925466.232,store_6,0.000
1790925466.232,store_7,0.000
1790925466.232,avail_mb,22070
1790925466.232,pswpin,1555124
1790925467.244,api,0.010
1790925467.244,client,0.000
1790925467.244,enginecore,0.247
1790925467.244,other_total,0.059
1790925467.244,store_0,0.000
1790925467.244,store_1,0.000
1790925467.244,store_2,0.000
1790925467.244,store_3,0.000
1790925467.244,store_4,0.000
1790925467.244,store_5,0.000
1790925467.244,store_6,0.000
1790925467.244,store_7,0.000
1790925467.244,avail_mb,22115
1790925467.244,pswpin,1555126
1790925468.255,api,0.030
1790925468.255,client,0.010
1790925468.255,enginecore,0.217
1790925468.255,other_total,0.059
1790925468.255,store_0,0.000
1790925468.255,store_1,0.000
1790925468.255,store_2,0.000
1790925468.255,store_3,0.000
1790925468.255,store_4,0.000
1790925468.255,store_5,0.000
1790925468.255,store_6,0.000
1790925468.255,store_7,0.000
1790925468.255,avail_mb,22116
1790925468.255,pswpin,1555126
1790925469.267,api,0.020
1790925469.267,client,0.000
1790925469.267,enginecore,0.188
1790925469.267,other_total,0.000
1790925469.267,store_0,0.000
1790925469.267,store_1,0.000
1790925469.267,store_2,0.000
1790925469.267,store_3,0.000
1790925469.267,store_4,0.000
1790925469.267,store_5,0.000
1790925469.267,store_6,0.000
1790925469.267,store_7,0.000
1790925469.267,avail_mb,22119
1790925469.267,pswpin,1555126
1790925470.278,api,0.040
1790925470.278,client,0.000
1790925470.278,enginecore,0.148
1790925470.278,other_total,0.069
1790925470.278,store_0,0.000
1790925470.278,store_1,0.000
1790925470.278,store_2,0.000
1790925470.278,store_3,0.000
1790925470.278,store_4,0.000
1790925470.278,store_5,0.000
1790925470.278,store_6,0.000
1790925470.278,store_7,0.000
1790925470.278,avail_mb,22173
1790925470.278,pswpin,1555129
1790925471.290,api,0.010
1790925471.290,client,0.000
1790925471.290,enginecore,0.119
1790925471.290,other_total,0.000
1790925471.290,store_0,0.000
1790925471.290,store_1,0.000
1790925471.290,store_2,0.000
1790925471.290,store_3,0.000
1790925471.290,store_4,0.000
1790925471.290,store_5,0.000
1790925471.290,store_6,0.000
1790925471.290,store_7,0.000
1790925471.290,avail_mb,22176
1790925471.290,pswpin,1555129
1790925472.300,api,0.000
1790925472.300,client,0.010
1790925472.300,enginecore,0.069
1790925472.300,other_total,0.000
1790925472.300,store_0,0.000
1790925472.300,store_1,0.000
1790925472.300,store_2,0.000
1790925472.300,store_3,0.000
1790925472.300,store_4,0.000
1790925472.300,store_5,0.000
1790925472.300,store_6,0.000
1790925472.300,store_7,0.000
1790925472.300,avail_mb,22178
1790925472.300,pswpin,1555129
1790925473.312,api,0.010
1790925473.312,client,0.000
1790925473.312,enginecore,0.119
1790925473.312,other_total,0.030
1790925473.312,store_0,0.000
1790925473.312,store_1,0.000
1790925473.312,store_2,0.000
1790925473.312,store_3,0.000
1790925473.312,store_4,0.000
1790925473.312,store_5,0.000
1790925473.312,store_6,0.000
1790925473.312,store_7,0.000
1790925473.312,avail_mb,22176
1790925473.312,pswpin,1555129
1790925474.323,api,0.020
1790925474.323,client,0.000
1790925474.323,enginecore,0.227
1790925474.323,other_total,0.020
1790925474.323,store_0,0.000
1790925474.323,store_1,0.000
1790925474.323,store_2,0.000
1790925474.323,store_3,0.000
1790925474.323,store_4,0.000
1790925474.323,store_5,0.000
1790925474.323,store_6,0.000
1790925474.323,store_7,0.000
1790925474.323,avail_mb,22178
1790925474.323,pswpin,1555129
1790925475.334,api,0.000
1790925475.334,client,0.000
1790925475.334,enginecore,0.069
1790925475.334,other_total,0.000
1790925475.334,store_0,0.000
1790925475.334,store_1,0.000
1790925475.334,store_2,0.000
1790925475.334,store_3,0.000
1790925475.334,store_4,0.000
1790925475.334,store_5,0.000
1790925475.334,store_6,0.000
1790925475.334,store_7,0.000
1790925475.334,avail_mb,22178
1790925475.334,pswpin,1555129
1790925476.346,api,0.000
1790925476.346,client,0.000
1790925476.346,enginecore,0.119
1790925476.346,other_total,0.129
1790925476.346,store_0,0.000
1790925476.346,store_1,0.000
1790925476.346,store_2,0.000
1790925476.346,store_3,0.000
1790925476.346,store_4,0.000
1790925476.346,store_5,0.000
1790925476.346,store_6,0.000
1790925476.346,store_7,0.000
1790925476.346,avail_mb,22269
1790925476.346,pswpin,1555136
1790925477.358,api,0.020
1790925477.358,client,0.000
1790925477.358,enginecore,0.089
1790925477.358,other_total,0.000
1790925477.358,store_0,0.000
1790925477.358,store_1,0.000
1790925477.358,store_2,0.000
1790925477.358,store_3,0.000
1790925477.358,store_4,0.000
1790925477.358,store_5,0.000
1790925477.358,store_6,0.000
1790925477.358,store_7,0.000
1790925477.358,avail_mb,22309
1790925477.358,pswpin,1555136
1790925478.369,api,0.049
1790925478.369,enginecore,0.178
1790925478.369,other_total,0.059
1790925478.369,store_0,0.000
1790925478.369,store_1,0.000
1790925478.369,store_2,0.000
1790925478.369,store_3,0.000
1790925478.369,store_4,0.000
1790925478.369,store_5,0.000
1790925478.369,store_6,0.000
1790925478.369,store_7,0.000
1790925478.369,avail_mb,22432
1790925478.369,pswpin,1555141
1790925479.380,api,0.000
1790925479.380,enginecore,0.049
1790925479.380,other_total,0.049
1790925479.380,store_0,0.000
1790925479.380,store_1,0.000
1790925479.380,store_2,0.000
1790925479.380,store_3,0.000
1790925479.380,store_4,0.000
1790925479.380,store_5,0.000
1790925479.380,store_6,0.000
1790925479.380,store_7,0.000
1790925479.380,avail_mb,22432
1790925479.380,pswpin,1555141
1790925480.392,api,0.000
1790925480.392,enginecore,0.010
1790925480.392,other_total,0.059
1790925480.392,store_0,0.000
1790925480.392,store_1,0.000
1790925480.392,store_2,0.000
1790925480.392,store_3,0.000
1790925480.392,store_4,0.000
1790925480.392,store_5,0.000
1790925480.392,store_6,0.000
1790925480.392,store_7,0.000
1790925480.392,avail_mb,22440
1790925480.392,pswpin,1555141
1790925481.402,api,0.000
1790925481.402,enginecore,0.069
1790925481.402,other_total,0.000
1790925481.402,store_0,0.000
1790925481.402,store_1,0.000
1790925481.402,store_2,0.000
1790925481.402,store_3,0.000
1790925481.402,store_4,0.000
1790925481.402,store_5,0.000
1790925481.402,store_6,0.000
1790925481.402,store_7,0.000
1790925481.402,avail_mb,22441
1790925481.402,pswpin,1555141
1790925482.413,api,0.010
1790925482.413,enginecore,0.010
1790925482.413,other_total,0.099
1790925482.413,store_0,0.000
1790925482.413,store_1,0.000
1790925482.413,store_2,0.000
1790925482.413,store_3,0.000
1790925482.413,store_4,0.000
1790925482.413,store_5,0.000
1790925482.413,store_6,0.000
1790925482.413,store_7,0.000
1790925482.413,avail_mb,22438
1790925482.413,pswpin,1555141
1790925483.424,api,0.000
1790925483.424,enginecore,0.059
1790925483.424,other_total,0.000
1790925483.424,store_0,0.000
1790925483.424,store_1,0.000
1790925483.424,store_2,0.000
1790925483.424,store_3,0.000
1790925483.424,store_4,0.000
1790925483.424,store_5,0.000
1790925483.424,store_6,0.000
1790925483.424,store_7,0.000
1790925483.424,avail_mb,22438
1790925483.424,pswpin,1555141
1790925484.435,api,0.000
1790925484.435,enginecore,0.020
1790925484.435,other_total,0.049
1790925484.435,store_0,0.000
1790925484.435,store_1,0.000
1790925484.435,store_2,0.000
1790925484.435,store_3,0.000
1790925484.435,store_4,0.000
1790925484.435,store_5,0.000
1790925484.435,store_6,0.000
1790925484.435,store_7,0.000
1790925484.435,avail_mb,22436
1790925484.435,pswpin,1555141
1790925485.446,api,0.020
1790925485.446,enginecore,0.049
1790925485.446,other_total,0.000
1790925485.446,store_0,0.000
1790925485.446,store_1,0.000
1790925485.446,store_2,0.000
1790925485.446,store_3,0.000
1790925485.446,store_4,0.000
1790925485.446,store_5,0.000
1790925485.446,store_6,0.000
1790925485.446,store_7,0.000
1790925485.446,avail_mb,22433
1790925485.446,pswpin,1555141
1790925486.456,api,0.000
1790925486.456,enginecore,0.030
1790925486.456,other_total,0.010
1790925486.456,store_0,0.000
1790925486.456,store_1,0.000
1790925486.456,store_2,0.000
1790925486.456,store_3,0.000
1790925486.456,store_4,0.000
1790925486.456,store_5,0.000
1790925486.456,store_6,0.000
1790925486.456,store_7,0.000
1790925486.456,avail_mb,22433
1790925486.456,pswpin,1555141
1790925487.469,api,0.039
1790925487.469,enginecore,0.059
1790925487.469,other_total,0.306
1790925487.469,store_0,0.000
1790925487.469,store_1,0.000
1790925487.469,store_2,0.000
1790925487.469,store_3,0.000
1790925487.469,store_4,0.000
1790925487.469,store_5,0.000
1790925487.469,store_6,0.000
1790925487.469,store_7,0.000
1790925487.469,avail_mb,22350
1790925487.469,pswpin,1555141
1790925488.480,api,0.010
1790925488.480,client,2.235
1790925488.480,enginecore,0.020
1790925488.480,other_total,0.079
1790925488.480,store_0,0.000
1790925488.480,store_1,0.000
1790925488.480,store_2,0.000
1790925488.480,store_3,0.000
1790925488.480,store_4,0.000
1790925488.480,store_5,0.000
1790925488.480,store_6,0.000
1790925488.480,store_7,0.000
1790925488.480,avail_mb,22071
1790925488.480,pswpin,1555141
1790925489.491,api,0.000
1790925489.491,client,0.000
1790925489.491,enginecore,0.040
1790925489.491,other_total,0.000
1790925489.491,store_0,0.000
1790925489.491,store_1,0.000
1790925489.491,store_2,0.000
1790925489.491,store_3,0.000
1790925489.491,store_4,0.000
1790925489.491,store_5,0.000
1790925489.491,store_6,0.000
1790925489.491,store_7,0.000
1790925489.491,avail_mb,22071
1790925489.491,pswpin,1555141
1790925490.502,api,0.010
1790925490.502,client,0.000
1790925490.502,enginecore,0.148
1790925490.502,other_total,0.030
1790925490.502,store_0,0.000
1790925490.502,store_1,0.000
1790925490.502,store_2,0.000
1790925490.502,store_3,0.000
1790925490.502,store_4,0.000
1790925490.502,store_5,0.000
1790925490.502,store_6,0.000
1790925490.502,store_7,0.000
1790925490.502,avail_mb,22070
1790925490.502,pswpin,1555141
1790925491.513,api,0.247
1790925491.513,client,0.099
1790925491.513,enginecore,7.187
1790925491.513,other_total,0.020
1790925491.513,store_0,0.000
1790925491.513,store_1,0.000
1790925491.513,store_2,0.000
1790925491.513,store_3,0.000
1790925491.513,store_4,0.000
1790925491.513,store_5,0.000
1790925491.513,store_6,0.000
1790925491.513,store_7,0.000
1790925491.513,avail_mb,22073
1790925491.513,pswpin,1555141
1790925492.522,api,0.218
1790925492.522,client,0.099
1790925492.522,enginecore,8.754
1790925492.522,other_total,0.030
1790925492.522,store_0,0.000
1790925492.522,store_1,0.000
1790925492.522,store_2,0.000
1790925492.522,store_3,0.000
1790925492.522,store_4,0.000
1790925492.522,store_5,0.000
1790925492.522,store_6,0.000
1790925492.522,store_7,0.000
1790925492.522,avail_mb,22072
1790925492.522,pswpin,1555141
1790925493.533,api,0.257
1790925493.533,client,0.129
1790925493.533,enginecore,9.105
1790925493.533,other_total,0.000
1790925493.533,store_0,0.000
1790925493.533,store_1,0.000
1790925493.533,store_2,0.000
1790925493.533,store_3,0.000
1790925493.533,store_4,0.000
1790925493.533,store_5,0.000
1790925493.533,store_6,0.000
1790925493.533,store_7,0.000
1790925493.533,avail_mb,22073
1790925493.533,pswpin,1555141
1790925494.544,api,0.257
1790925494.544,client,0.139
1790925494.544,enginecore,9.193
1790925494.544,other_total,0.000
1790925494.544,store_0,0.000
1790925494.544,store_1,0.000
1790925494.544,store_2,0.000
1790925494.544,store_3,0.000
1790925494.544,store_4,0.000
1790925494.544,store_5,0.000
1790925494.544,store_6,0.000
1790925494.544,store_7,0.000
1790925494.544,avail_mb,22069
1790925494.544,pswpin,1555141
1790925495.556,api,0.257
1790925495.556,client,0.099
1790925495.556,enginecore,9.542
1790925495.556,other_total,0.000
1790925495.556,store_0,0.000
1790925495.556,store_1,0.000
1790925495.556,store_2,0.000
1790925495.556,store_3,0.000
1790925495.556,store_4,0.000
1790925495.556,store_5,0.000
1790925495.556,store_6,0.000
1790925495.556,store_7,0.000
1790925495.556,avail_mb,22067
1790925495.556,pswpin,1555141
1790925496.568,api,0.286
1790925496.568,client,0.148
1790925496.568,enginecore,9.412
1790925496.568,other_total,0.000
1790925496.568,store_0,0.000
1790925496.568,store_1,0.000
1790925496.568,store_2,0.000
1790925496.568,store_3,0.000
1790925496.568,store_4,0.000
1790925496.568,store_5,0.000
1790925496.568,store_6,0.000
1790925496.568,store_7,0.000
1790925496.568,avail_mb,22068
1790925496.568,pswpin,1555141
1790925497.579,api,0.277
1790925497.579,client,0.129
1790925497.579,enginecore,8.504
1790925497.579,other_total,0.010
1790925497.579,store_0,0.000
1790925497.579,store_1,0.000
1790925497.579,store_2,0.000
1790925497.579,store_3,0.000
1790925497.579,store_4,0.000
1790925497.579,store_5,0.000
1790925497.579,store_6,0.000
1790925497.579,store_7,0.000
1790925497.579,avail_mb,22068
1790925497.579,pswpin,1555141
1790925498.589,api,0.257
1790925498.589,client,0.109
1790925498.589,enginecore,9.381
1790925498.589,other_total,0.040
1790925498.589,store_0,0.000
1790925498.589,store_1,0.000
1790925498.589,store_2,0.000
1790925498.589,store_3,0.000
1790925498.589,store_4,0.000
1790925498.589,store_5,0.000
1790925498.589,store_6,0.000
1790925498.589,store_7,0.000
1790925498.589,avail_mb,22064
1790925498.589,pswpin,1555141
1790925499.599,api,0.287
1790925499.599,client,0.129
1790925499.599,enginecore,9.248
1790925499.599,other_total,0.000
1790925499.599,store_0,0.000
1790925499.599,store_1,0.000
1790925499.599,store_2,0.000
1790925499.599,store_3,0.000
1790925499.599,store_4,0.000
1790925499.599,store_5,0.000
1790925499.599,store_6,0.000
1790925499.599,store_7,0.000
1790925499.599,avail_mb,22062
1790925499.599,pswpin,1555141
1790925500.609,api,0.267
1790925500.609,client,0.129
1790925500.609,enginecore,9.595
1790925500.609,other_total,0.000
1790925500.609,store_0,0.000
1790925500.609,store_1,0.000
1790925500.609,store_2,0.000
1790925500.609,store_3,0.000
1790925500.609,store_4,0.000
1790925500.609,store_5,0.000
1790925500.609,store_6,0.000
1790925500.609,store_7,0.000
1790925500.609,avail_mb,22064
1790925500.609,pswpin,1555141
1790925501.621,api,0.296
1790925501.621,client,0.138
1790925501.621,enginecore,9.466
1790925501.621,other_total,0.010
1790925501.621,store_0,0.000
1790925501.621,store_1,0.000
1790925501.621,store_2,0.000
1790925501.621,store_3,0.000
1790925501.621,store_4,0.000
1790925501.621,store_5,0.000
1790925501.621,store_6,0.000
1790925501.621,store_7,0.000
1790925501.621,avail_mb,22061
1790925501.621,pswpin,1555141
1790925502.634,api,0.257
1790925502.634,client,0.099
1790925502.634,enginecore,9.086
1790925502.634,other_total,0.000
1790925502.634,store_0,0.000
1790925502.634,store_1,0.000
1790925502.634,store_2,0.000
1790925502.634,store_3,0.000
1790925502.634,store_4,0.000
1790925502.634,store_5,0.000
1790925502.634,store_6,0.000
1790925502.634,store_7,0.000
1790925502.634,avail_mb,22058
1790925502.634,pswpin,1555141
1790925503.647,api,0.266
1790925503.647,client,0.148
1790925503.647,enginecore,9.336
1790925503.647,other_total,0.000
1790925503.647,store_0,0.000
1790925503.647,store_1,0.000
1790925503.647,store_2,0.000
1790925503.647,store_3,0.000
1790925503.647,store_4,0.000
1790925503.647,store_5,0.000
1790925503.647,store_6,0.000
1790925503.647,store_7,0.000
1790925503.647,avail_mb,22051
1790925503.647,pswpin,1555141
1790925504.657,api,0.247
1790925504.657,client,0.099
1790925504.657,enginecore,8.730
1790925504.657,other_total,0.089
1790925504.657,store_0,0.000
1790925504.657,store_1,0.000
1790925504.657,store_2,0.000
1790925504.657,store_3,0.000
1790925504.657,store_4,0.000
1790925504.657,store_5,0.000
1790925504.657,store_6,0.000
1790925504.657,store_7,0.000
1790925504.657,avail_mb,22054
1790925504.657,pswpin,1555141
1790925505.670,api,0.257
1790925505.670,client,0.109
1790925505.670,enginecore,9.425
1790925505.670,other_total,0.000
1790925505.670,store_0,0.000
1790925505.670,store_1,0.000
1790925505.670,store_2,0.000
1790925505.670,store_3,0.000
1790925505.670,store_4,0.000
1790925505.670,store_5,0.000
1790925505.670,store_6,0.000
1790925505.670,store_7,0.000
1790925505.670,avail_mb,22050
1790925505.670,pswpin,1555141
1790925506.683,api,0.306
1790925506.683,client,0.138
1790925506.683,enginecore,9.471
1790925506.683,other_total,0.000
1790925506.683,store_0,0.000
1790925506.683,store_1,0.000
1790925506.683,store_2,0.000
1790925506.683,store_3,0.000
1790925506.683,store_4,0.000
1790925506.683,store_5,0.000
1790925506.683,store_6,0.000
1790925506.683,store_7,0.000
1790925506.683,avail_mb,22054
1790925506.683,pswpin,1555141
1790925507.693,api,0.307
1790925507.693,client,0.109
1790925507.693,enginecore,9.443
1790925507.693,other_total,0.010
1790925507.693,store_0,0.000
1790925507.693,store_1,0.000
1790925507.693,store_2,0.000
1790925507.693,store_3,0.000
1790925507.693,store_4,0.000
1790925507.693,store_5,0.000
1790925507.693,store_6,0.000
1790925507.693,store_7,0.000
1790925507.693,avail_mb,22055
1790925507.693,pswpin,1555141
1790925508.703,api,0.257
1790925508.703,client,0.139
1790925508.703,enginecore,9.375
1790925508.703,other_total,0.000
1790925508.703,store_0,0.000
1790925508.703,store_1,0.000
1790925508.703,store_2,0.000
1790925508.703,store_3,0.000
1790925508.703,store_4,0.000
1790925508.703,store_5,0.000
1790925508.703,store_6,0.000
1790925508.703,store_7,0.000
1790925508.703,avail_mb,22054
1790925508.703,pswpin,1555141
1790925509.714,api,0.267
1790925509.714,client,0.099
1790925509.714,enginecore,8.899
1790925509.714,other_total,0.000
1790925509.714,store_0,0.000
1790925509.714,store_1,0.000
1790925509.714,store_2,0.000
1790925509.714,store_3,0.000
1790925509.714,store_4,0.000
1790925509.714,store_5,0.000
1790925509.714,store_6,0.000
1790925509.714,store_7,0.000
1790925509.714,avail_mb,22050
1790925509.714,pswpin,1555141
1790925510.724,api,0.267
1790925510.724,client,0.129
1790925510.724,enginecore,9.426
1790925510.724,other_total,0.020
1790925510.724,store_0,0.000
1790925510.724,store_1,0.000
1790925510.724,store_2,0.000
1790925510.724,store_3,0.000
1790925510.724,store_4,0.000
1790925510.724,store_5,0.000
1790925510.724,store_6,0.000
1790925510.724,store_7,0.000
1790925510.724,avail_mb,22049
1790925510.724,pswpin,1555141
1790925511.734,api,0.287
1790925511.734,client,0.139
1790925511.734,enginecore,9.668
1790925511.734,other_total,0.000
1790925511.734,store_0,0.000
1790925511.734,store_1,0.000
1790925511.734,store_2,0.000
1790925511.734,store_3,0.000
1790925511.734,store_4,0.000
1790925511.734,store_5,0.000
1790925511.734,store_6,0.000
1790925511.734,store_7,0.000
1790925511.734,avail_mb,22048
1790925511.734,pswpin,1555141
1790925512.744,api,0.297
1790925512.744,client,0.119
1790925512.744,enginecore,9.506
1790925512.744,other_total,0.000
1790925512.744,store_0,0.000
1790925512.744,store_1,0.000
1790925512.744,store_2,0.000
1790925512.744,store_3,0.000
1790925512.744,store_4,0.000
1790925512.744,store_5,0.000
1790925512.744,store_6,0.000
1790925512.744,store_7,0.000
1790925512.744,avail_mb,22041
1790925512.744,pswpin,1555141
1790925513.757,api,0.276
1790925513.757,client,0.138
1790925513.757,enginecore,9.475
1790925513.757,other_total,0.000
1790925513.757,store_0,0.000
1790925513.757,store_1,0.000
1790925513.757,store_2,0.000
1790925513.757,store_3,0.000
1790925513.757,store_4,0.000
1790925513.757,store_5,0.000
1790925513.757,store_6,0.000
1790925513.757,store_7,0.000
1790925513.757,avail_mb,22042
1790925513.757,pswpin,1555141
1790925514.767,api,0.238
1790925514.767,client,0.109
1790925514.767,enginecore,9.297
1790925514.767,other_total,0.020
1790925514.767,store_0,0.000
1790925514.767,store_1,0.000
1790925514.767,store_2,0.000
1790925514.767,store_3,0.000
1790925514.767,store_4,0.000
1790925514.767,store_5,0.000
1790925514.767,store_6,0.000
1790925514.767,store_7,0.000
1790925514.767,avail_mb,22040
1790925514.767,pswpin,1555141
1790925515.778,api,0.257
1790925515.778,client,0.119
1790925515.778,enginecore,9.243
1790925515.778,other_total,0.010
1790925515.778,store_0,0.000
1790925515.778,store_1,0.000
1790925515.778,store_2,0.000
1790925515.778,store_3,0.000
1790925515.778,store_4,0.000
1790925515.778,store_5,0.000
1790925515.778,store_6,0.000
1790925515.778,store_7,0.000
1790925515.778,avail_mb,22034
1790925515.778,pswpin,1555141
1790925516.788,api,0.307
1790925516.788,client,0.139
1790925516.788,enginecore,9.454
1790925516.788,other_total,0.069
1790925516.788,store_0,0.000
1790925516.788,store_1,0.000
1790925516.788,store_2,0.000
1790925516.788,store_3,0.000
1790925516.788,store_4,0.000
1790925516.788,store_5,0.000
1790925516.788,store_6,0.000
1790925516.788,store_7,0.000
1790925516.788,avail_mb,22035
1790925516.788,pswpin,1555141
1790925517.798,api,0.277
1790925517.798,client,0.119
1790925517.798,enginecore,8.612
1790925517.798,other_total,0.000
1790925517.798,store_0,0.000
1790925517.798,store_1,0.000
1790925517.798,store_2,0.000
1790925517.798,store_3,0.000
1790925517.798,store_4,0.000
1790925517.798,store_5,0.000
1790925517.798,store_6,0.000
1790925517.798,store_7,0.000
1790925517.798,avail_mb,22044
1790925517.798,pswpin,1555141
1790925518.808,api,0.228
1790925518.808,client,0.089
1790925518.808,enginecore,8.929
1790925518.808,other_total,0.040
1790925518.808,store_0,0.000
1790925518.808,store_1,0.000
1790925518.808,store_2,0.000
1790925518.808,store_3,0.000
1790925518.808,store_4,0.000
1790925518.808,store_5,0.000
1790925518.808,store_6,0.000
1790925518.808,store_7,0.000
1790925518.808,avail_mb,22036
1790925518.808,pswpin,1555141
1790925519.819,api,0.267
1790925519.819,client,0.139
1790925519.819,enginecore,9.429
1790925519.819,other_total,0.000
1790925519.819,store_0,0.000
1790925519.819,store_1,0.000
1790925519.819,store_2,0.000
1790925519.819,store_3,0.000
1790925519.819,store_4,0.000
1790925519.819,store_5,0.000
1790925519.819,store_6,0.000
1790925519.819,store_7,0.000
1790925519.819,avail_mb,22037
1790925519.819,pswpin,1555141
1790925520.830,api,0.247
1790925520.830,client,0.119
1790925520.830,enginecore,8.863
1790925520.830,other_total,0.000
1790925520.830,store_0,0.000
1790925520.830,store_1,0.000
1790925520.830,store_2,0.000
1790925520.830,store_3,0.000
1790925520.830,store_4,0.000
1790925520.830,store_5,0.000
1790925520.830,store_6,0.000
1790925520.830,store_7,0.000
1790925520.830,avail_mb,22035
1790925520.830,pswpin,1555141
1790925521.840,api,0.247
1790925521.840,client,0.119
1790925521.840,enginecore,9.314
1790925521.840,other_total,0.020
1790925521.840,store_0,0.000
1790925521.840,store_1,0.000
1790925521.840,store_2,0.000
1790925521.840,store_3,0.000
1790925521.840,store_4,0.000
1790925521.840,store_5,0.000
1790925521.840,store_6,0.000
1790925521.840,store_7,0.000
1790925521.840,avail_mb,22024
1790925521.840,pswpin,1555141
1790925522.853,api,0.286
1790925522.853,client,0.119
1790925522.853,enginecore,9.354
1790925522.853,other_total,0.000
1790925522.853,store_0,0.000
1790925522.853,store_1,0.000
1790925522.853,store_2,0.000
1790925522.853,store_3,0.000
1790925522.853,store_4,0.000
1790925522.853,store_5,0.000
1790925522.853,store_6,0.000
1790925522.853,store_7,0.000
1790925522.853,avail_mb,22024
1790925522.853,pswpin,1555141
1790925523.863,api,0.277
1790925523.863,client,0.089
1790925523.863,enginecore,9.306
1790925523.863,other_total,0.000
1790925523.863,store_0,0.000
1790925523.863,store_1,0.000
1790925523.863,store_2,0.000
1790925523.863,store_3,0.000
1790925523.863,store_4,0.000
1790925523.863,store_5,0.000
1790925523.863,store_6,0.000
1790925523.863,store_7,0.000
1790925523.863,avail_mb,22023
1790925523.863,pswpin,1555141
1790925524.873,api,0.238
1790925524.873,client,0.139
1790925524.873,enginecore,8.972
1790925524.873,other_total,0.020
1790925524.873,store_0,0.000
1790925524.873,store_1,0.000
1790925524.873,store_2,0.000
1790925524.873,store_3,0.000
1790925524.873,store_4,0.000
1790925524.873,store_5,0.000
1790925524.873,store_6,0.000
1790925524.873,store_7,0.000
1790925524.873,avail_mb,22025
1790925524.873,pswpin,1555141
1790925525.883,api,0.287
1790925525.883,client,0.089
1790925525.883,enginecore,9.236
1790925525.883,other_total,0.069
1790925525.883,store_0,0.000
1790925525.883,store_1,0.000
1790925525.883,store_2,0.000
1790925525.883,store_3,0.000
1790925525.883,store_4,0.000
1790925525.883,store_5,0.000
1790925525.883,store_6,0.000
1790925525.883,store_7,0.000
1790925525.883,avail_mb,22019
1790925525.883,pswpin,1555141
1790925526.893,api,0.247
1790925526.893,client,0.119
1790925526.893,enginecore,8.589
1790925526.893,other_total,0.000
1790925526.893,store_0,0.000
1790925526.893,store_1,0.000
1790925526.893,store_2,0.000
1790925526.893,store_3,0.000
1790925526.893,store_4,0.000
1790925526.893,store_5,0.000
1790925526.893,store_6,0.000
1790925526.893,store_7,0.000
1790925526.893,avail_mb,22018
1790925526.893,pswpin,1555141
1790925527.905,api,0.257
1790925527.905,client,0.119
1790925527.905,enginecore,7.847
1790925527.905,other_total,0.000
1790925527.905,store_0,0.000
1790925527.905,store_1,0.000
1790925527.905,store_2,0.000
1790925527.905,store_3,0.000
1790925527.905,store_4,0.000
1790925527.905,store_5,0.000
1790925527.905,store_6,0.000
1790925527.905,store_7,0.000
1790925527.905,avail_mb,22022
1790925527.905,pswpin,1555141
1790925528.916,api,0.267
1790925528.916,client,0.119
1790925528.916,enginecore,9.339
1790925528.916,other_total,0.020
1790925528.916,store_0,0.000
1790925528.916,store_1,0.000
1790925528.916,store_2,0.000
1790925528.916,store_3,0.000
1790925528.916,store_4,0.000
1790925528.916,store_5,0.000
1790925528.916,store_6,0.000
1790925528.916,store_7,0.000
1790925528.916,avail_mb,22021
1790925528.916,pswpin,1555141
1790925529.926,api,0.346
1790925529.926,client,0.139
1790925529.926,enginecore,9.591
1790925529.926,other_total,0.000
1790925529.926,store_0,0.000
1790925529.926,store_1,0.000
1790925529.926,store_2,0.000
1790925529.926,store_3,0.000
1790925529.926,store_4,0.000
1790925529.926,store_5,0.000
1790925529.926,store_6,0.000
1790925529.926,store_7,0.000
1790925529.926,avail_mb,22018
1790925529.926,pswpin,1555141
1790925530.936,api,0.277
1790925530.936,client,0.119
1790925530.936,enginecore,8.643
1790925530.936,other_total,0.059
1790925530.936,store_0,0.000
1790925530.936,store_1,0.000
1790925530.936,store_2,0.000
1790925530.936,store_3,0.000
1790925530.936,store_4,0.000
1790925530.936,store_5,0.000
1790925530.936,store_6,0.000
1790925530.936,store_7,0.000
1790925530.936,avail_mb,22014
1790925530.936,pswpin,1555141
1790925531.947,api,0.267
1790925531.947,client,0.109
1790925531.947,enginecore,9.344
1790925531.947,other_total,0.000
1790925531.947,store_0,0.000
1790925531.947,store_1,0.000
1790925531.947,store_2,0.000
1790925531.947,store_3,0.000
1790925531.947,store_4,0.000
1790925531.947,store_5,0.000
1790925531.947,store_6,0.000
1790925531.947,store_7,0.000
1790925531.947,avail_mb,22012
1790925531.947,pswpin,1555141
1790925532.957,api,0.257
1790925532.957,client,0.149
1790925532.957,enginecore,9.337
1790925532.957,other_total,0.000
1790925532.957,store_0,0.000
1790925532.957,store_1,0.000
1790925532.957,store_2,0.000
1790925532.957,store_3,0.000
1790925532.957,store_4,0.000
1790925532.957,store_5,0.000
1790925532.957,store_6,0.000
1790925532.957,store_7,0.000
1790925532.957,avail_mb,22008
1790925532.957,pswpin,1555141
1790925533.967,api,0.267
1790925533.967,client,0.089
1790925533.967,enginecore,8.673
1790925533.967,other_total,0.030
1790925533.967,store_0,0.000
1790925533.967,store_1,0.000
1790925533.967,store_2,0.000
1790925533.967,store_3,0.000
1790925533.967,store_4,0.000
1790925533.967,store_5,0.000
1790925533.967,store_6,0.000
1790925533.967,store_7,0.000
1790925533.967,avail_mb,22001
1790925533.967,pswpin,1555141
1790925534.977,api,0.238
1790925534.977,client,0.119
1790925534.977,enginecore,8.861
1790925534.977,other_total,0.000
1790925534.977,store_0,0.000
1790925534.977,store_1,0.000
1790925534.977,store_2,0.000
1790925534.977,store_3,0.000
1790925534.977,store_4,0.000
1790925534.977,store_5,0.000
1790925534.977,store_6,0.000
1790925534.977,store_7,0.000
1790925534.977,avail_mb,22000
1790925534.977,pswpin,1555141
1790925535.987,api,0.257
1790925535.987,client,0.109
1790925535.987,enginecore,8.920
1790925535.987,other_total,0.040
1790925535.987,store_0,0.000
1790925535.987,store_1,0.000
1790925535.987,store_2,0.000
1790925535.987,store_3,0.000
1790925535.987,store_4,0.000
1790925535.987,store_5,0.000
1790925535.987,store_6,0.000
1790925535.987,store_7,0.000
1790925535.987,avail_mb,21999
1790925535.987,pswpin,1555141
1790925536.997,api,0.277
1790925536.997,client,0.099
1790925536.997,enginecore,9.315
1790925536.997,other_total,0.020
1790925536.997,store_0,0.000
1790925536.997,store_1,0.000
1790925536.997,store_2,0.000
1790925536.997,store_3,0.000
1790925536.997,store_4,0.000
1790925536.997,store_5,0.000
1790925536.997,store_6,0.000
1790925536.997,store_7,0.000
1790925536.997,avail_mb,21996
1790925536.997,pswpin,1555141
1790925538.007,api,0.267
1790925538.007,client,0.109
1790925538.007,enginecore,9.414
1790925538.007,other_total,0.000
1790925538.007,store_0,0.000
1790925538.007,store_1,0.000
1790925538.007,store_2,0.000
1790925538.007,store_3,0.000
1790925538.007,store_4,0.000
1790925538.007,store_5,0.000
1790925538.007,store_6,0.000
1790925538.007,store_7,0.000
1790925538.007,avail_mb,21996
1790925538.007,pswpin,1555141
1790925539.018,api,0.267
1790925539.018,client,0.109
1790925539.018,enginecore,9.331
1790925539.018,other_total,0.030
1790925539.018,store_0,0.000
1790925539.018,store_1,0.000
1790925539.018,store_2,0.000
1790925539.018,store_3,0.000
1790925539.018,store_4,0.000
1790925539.018,store_5,0.000
1790925539.018,store_6,0.000
1790925539.018,store_7,0.000
1790925539.018,avail_mb,21996
1790925539.018,pswpin,1555141
1790925540.028,api,0.228
1790925540.028,client,0.139
1790925540.028,enginecore,8.185
1790925540.028,other_total,0.000
1790925540.028,store_0,0.000
1790925540.028,store_1,0.000
1790925540.028,store_2,0.000
1790925540.028,store_3,0.000
1790925540.028,store_4,0.000
1790925540.028,store_5,0.000
1790925540.028,store_6,0.000
1790925540.028,store_7,0.000
1790925540.028,avail_mb,21997
1790925540.028,pswpin,1555141
1790925541.038,api,0.287
1790925541.038,client,0.099
1790925541.038,enginecore,9.436
1790925541.038,other_total,0.000
1790925541.038,store_0,0.000
1790925541.038,store_1,0.000
1790925541.038,store_2,0.000
1790925541.038,store_3,0.000
1790925541.038,store_4,0.000
1790925541.038,store_5,0.000
1790925541.038,store_6,0.000
1790925541.038,store_7,0.000
1790925541.038,avail_mb,21995
1790925541.038,pswpin,1555141
1790925542.049,api,0.277
1790925542.049,client,0.109
1790925542.049,enginecore,8.974
1790925542.049,other_total,0.000
1790925542.049,store_0,0.000
1790925542.049,store_1,0.000
1790925542.049,store_2,0.000
1790925542.049,store_3,0.000
1790925542.049,store_4,0.000
1790925542.049,store_5,0.000
1790925542.049,store_6,0.000
1790925542.049,store_7,0.000
1790925542.049,avail_mb,21993
1790925542.049,pswpin,1555141
1790925543.059,api,0.238
1790925543.059,client,0.089
1790925543.059,enginecore,8.969
1790925543.059,other_total,0.079
1790925543.059,store_0,0.000
1790925543.059,store_1,0.000
1790925543.059,store_2,0.000
1790925543.059,store_3,0.000
1790925543.059,store_4,0.000
1790925543.059,store_5,0.000
1790925543.059,store_6,0.000
1790925543.059,store_7,0.000
1790925543.059,avail_mb,21986
1790925543.059,pswpin,1555141
1790925544.070,api,0.277
1790925544.070,client,0.129
1790925544.070,enginecore,9.497
1790925544.070,other_total,0.089
1790925544.070,store_0,0.000
1790925544.070,store_1,0.000
1790925544.070,store_2,0.000
1790925544.070,store_3,0.000
1790925544.070,store_4,0.000
1790925544.070,store_5,0.000
1790925544.070,store_6,0.000
1790925544.070,store_7,0.000
1790925544.070,avail_mb,21986
1790925544.070,pswpin,1555141
1790925545.080,api,0.267
1790925545.080,client,0.109
1790925545.080,enginecore,9.036
1790925545.080,other_total,0.000
1790925545.080,store_0,0.000
1790925545.080,store_1,0.000
1790925545.080,store_2,0.000
1790925545.080,store_3,0.000
1790925545.080,store_4,0.000
1790925545.080,store_5,0.000
1790925545.080,store_6,0.000
1790925545.080,store_7,0.000
1790925545.080,avail_mb,21982
1790925545.080,pswpin,1555141
1790925546.090,api,0.277
1790925546.090,client,0.129
1790925546.090,enginecore,9.406
1790925546.090,other_total,0.000
1790925546.090,store_0,0.000
1790925546.090,store_1,0.000
1790925546.090,store_2,0.000
1790925546.090,store_3,0.000
1790925546.090,store_4,0.000
1790925546.090,store_5,0.000
1790925546.090,store_6,0.000
1790925546.090,store_7,0.000
1790925546.090,avail_mb,21987
1790925546.090,pswpin,1555141
1790925547.100,api,0.238
1790925547.100,client,0.119
1790925547.100,enginecore,9.030
1790925547.100,other_total,0.020
1790925547.100,store_0,0.000
1790925547.100,store_1,0.000
1790925547.100,store_2,0.000
1790925547.100,store_3,0.000
1790925547.100,store_4,0.000
1790925547.100,store_5,0.000
1790925547.100,store_6,0.000
1790925547.100,store_7,0.000
1790925547.100,avail_mb,21985
1790925547.100,pswpin,1555141
1790925548.112,api,0.267
1790925548.112,client,0.099
1790925548.112,enginecore,8.744
1790925548.112,other_total,0.000
1790925548.112,store_0,0.000
1790925548.112,store_1,0.000
1790925548.112,store_2,0.000
1790925548.112,store_3,0.000
1790925548.112,store_4,0.000
1790925548.112,store_5,0.000
1790925548.112,store_6,0.000
1790925548.112,store_7,0.000
1790925548.112,avail_mb,21985
1790925548.112,pswpin,1555141
1790925549.122,api,0.307
1790925549.122,client,0.129
1790925549.122,enginecore,9.266
1790925549.122,other_total,0.000
1790925549.122,store_0,0.000
1790925549.122,store_1,0.000
1790925549.122,store_2,0.000
1790925549.122,store_3,0.000
1790925549.122,store_4,0.000
1790925549.122,store_5,0.000
1790925549.122,store_6,0.000
1790925549.122,store_7,0.000
1790925549.122,avail_mb,21984
1790925549.122,pswpin,1555149
1790925550.134,api,0.277
1790925550.134,client,0.138
1790925550.134,enginecore,9.404
1790925550.134,other_total,0.020
1790925550.134,store_0,0.000
1790925550.134,store_1,0.000
1790925550.134,store_2,0.000
1790925550.134,store_3,0.000
1790925550.134,store_4,0.000
1790925550.134,store_5,0.000
1790925550.134,store_6,0.000
1790925550.134,store_7,0.000
1790925550.134,avail_mb,21983
1790925550.134,pswpin,1555149
1790925551.144,api,0.267
1790925551.144,client,0.099
1790925551.144,enginecore,9.316
1790925551.144,other_total,0.040
1790925551.144,store_0,0.000
1790925551.144,store_1,0.000
1790925551.144,store_2,0.000
1790925551.144,store_3,0.000
1790925551.144,store_4,0.000
1790925551.144,store_5,0.000
1790925551.144,store_6,0.000
1790925551.144,store_7,0.000
1790925551.144,avail_mb,21979
1790925551.144,pswpin,1555149
1790925552.154,api,0.267
1790925552.154,client,0.158
1790925552.154,enginecore,9.385
1790925552.154,other_total,0.000
1790925552.154,store_0,0.000
1790925552.154,store_1,0.000
1790925552.154,store_2,0.000
1790925552.154,store_3,0.000
1790925552.154,store_4,0.000
1790925552.154,store_5,0.000
1790925552.154,store_6,0.000
1790925552.154,store_7,0.000
1790925552.154,avail_mb,21977
1790925552.154,pswpin,1555149
1790925553.164,api,0.257
1790925553.164,client,0.119
1790925553.164,enginecore,9.461
1790925553.164,other_total,0.000
1790925553.164,store_0,0.000
1790925553.164,store_1,0.000
1790925553.164,store_2,0.000
1790925553.164,store_3,0.000
1790925553.164,store_4,0.000
1790925553.164,store_5,0.000
1790925553.164,store_6,0.000
1790925553.164,store_7,0.000
1790925553.164,avail_mb,21975
1790925553.164,pswpin,1555153
1790925554.175,api,0.287
1790925554.175,client,0.109
1790925554.175,enginecore,9.439
1790925554.175,other_total,0.000
1790925554.175,store_0,0.000
1790925554.175,store_1,0.000
1790925554.175,store_2,0.000
1790925554.175,store_3,0.000
1790925554.175,store_4,0.000
1790925554.175,store_5,0.000
1790925554.175,store_6,0.000
1790925554.175,store_7,0.000
1790925554.175,avail_mb,21976
1790925554.175,pswpin,1555153
1790925555.185,api,0.248
1790925555.185,client,0.109
1790925555.185,enginecore,9.258
1790925555.185,other_total,0.099
1790925555.185,store_0,0.000
1790925555.185,store_1,0.000
1790925555.185,store_2,0.000
1790925555.185,store_3,0.000
1790925555.185,store_4,0.000
1790925555.185,store_5,0.000
1790925555.185,store_6,0.000
1790925555.185,store_7,0.000
1790925555.185,avail_mb,21967
1790925555.185,pswpin,1555153
1790925556.196,api,0.277
1790925556.196,client,0.119
1790925556.196,enginecore,9.302
1790925556.196,other_total,0.000
1790925556.196,store_0,0.000
1790925556.196,store_1,0.000
1790925556.196,store_2,0.000
1790925556.196,store_3,0.000
1790925556.196,store_4,0.000
1790925556.196,store_5,0.000
1790925556.196,store_6,0.000
1790925556.196,store_7,0.000
1790925556.196,avail_mb,21970
1790925556.196,pswpin,1555153
1790925557.205,api,0.287
1790925557.205,client,0.129
1790925557.205,enginecore,9.437
1790925557.205,other_total,0.000
1790925557.205,store_0,0.000
1790925557.205,store_1,0.000
1790925557.205,store_2,0.000
1790925557.205,store_3,0.000
1790925557.205,store_4,0.000
1790925557.205,store_5,0.000
1790925557.205,store_6,0.000
1790925557.205,store_7,0.000
1790925557.205,avail_mb,21968
1790925557.205,pswpin,1555153
1790925558.216,api,0.277
1790925558.216,client,0.139
1790925558.216,enginecore,9.316
1790925558.216,other_total,0.000
1790925558.216,store_0,0.000
1790925558.216,store_1,0.000
1790925558.216,store_2,0.000
1790925558.216,store_3,0.000
1790925558.216,store_4,0.000
1790925558.216,store_5,0.000
1790925558.216,store_6,0.000
1790925558.216,store_7,0.000
1790925558.216,avail_mb,21965
1790925558.216,pswpin,1555153
1790925559.225,api,0.287
1790925559.225,client,0.119
1790925559.225,enginecore,9.308
1790925559.225,other_total,0.000
1790925559.225,store_0,0.000
1790925559.225,store_1,0.000
1790925559.225,store_2,0.000
1790925559.225,store_3,0.000
1790925559.225,store_4,0.000
1790925559.225,store_5,0.000
1790925559.225,store_6,0.000
1790925559.225,store_7,0.000
1790925559.225,avail_mb,21963
1790925559.225,pswpin,1555153
1790925560.236,api,0.267
1790925560.236,client,0.099
1790925560.236,enginecore,9.088
1790925560.236,other_total,0.000
1790925560.236,store_0,0.000
1790925560.236,store_1,0.000
1790925560.236,store_2,0.000
1790925560.236,store_3,0.000
1790925560.236,store_4,0.000
1790925560.236,store_5,0.000
1790925560.236,store_6,0.000
1790925560.236,store_7,0.000
1790925560.236,avail_mb,21962
1790925560.236,pswpin,1555153
1790925561.248,api,0.306
1790925561.248,client,0.158
1790925561.248,enginecore,9.442
1790925561.248,other_total,0.059
1790925561.248,store_0,0.000
1790925561.248,store_1,0.000
1790925561.248,store_2,0.000
1790925561.248,store_3,0.000
1790925561.248,store_4,0.000
1790925561.248,store_5,0.000
1790925561.248,store_6,0.000
1790925561.248,store_7,0.000
1790925561.248,avail_mb,21958
1790925561.248,pswpin,1555153
1790925562.258,api,0.238
1790925562.258,client,0.109
1790925562.258,enginecore,8.229
1790925562.258,other_total,0.010
1790925562.258,store_0,0.000
1790925562.258,store_1,0.000
1790925562.258,store_2,0.000
1790925562.258,store_3,0.000
1790925562.258,store_4,0.000
1790925562.258,store_5,0.000
1790925562.258,store_6,0.000
1790925562.258,store_7,0.000
1790925562.258,avail_mb,22005
1790925562.258,pswpin,1555155
1790925563.268,api,0.228
1790925563.268,client,0.129
1790925563.268,enginecore,8.197
1790925563.268,other_total,0.000
1790925563.268,store_0,0.000
1790925563.268,store_1,0.000
1790925563.268,store_2,0.000
1790925563.268,store_3,0.000
1790925563.268,store_4,0.000
1790925563.268,store_5,0.000
1790925563.268,store_6,0.000
1790925563.268,store_7,0.000
1790925563.268,avail_mb,22004
1790925563.268,pswpin,1555155
1790925564.278,api,0.238
1790925564.278,client,0.059
1790925564.278,enginecore,7.544
1790925564.278,other_total,0.040
1790925564.278,store_0,0.000
1790925564.278,store_1,0.000
1790925564.278,store_2,0.000
1790925564.278,store_3,0.000
1790925564.278,store_4,0.000
1790925564.278,store_5,0.000
1790925564.278,store_6,0.000
1790925564.278,store_7,0.000
1790925564.278,avail_mb,21998
1790925564.278,pswpin,1555155
1790925565.288,api,0.248
1790925565.288,client,0.069
1790925565.288,enginecore,5.951
1790925565.288,other_total,0.010
1790925565.288,store_0,0.000
1790925565.288,store_1,0.000
1790925565.288,store_2,0.000
1790925565.288,store_3,0.000
1790925565.288,store_4,0.000
1790925565.288,store_5,0.000
1790925565.288,store_6,0.000
1790925565.288,store_7,0.000
1790925565.288,avail_mb,22084
1790925565.288,pswpin,1555163
1790925566.297,api,0.149
1790925566.297,client,0.040
1790925566.297,enginecore,3.071
1790925566.297,other_total,0.030
1790925566.297,store_0,0.000
1790925566.297,store_1,0.000
1790925566.297,store_2,0.000
1790925566.297,store_3,0.000
1790925566.297,store_4,0.000
1790925566.297,store_5,0.000
1790925566.297,store_6,0.000
1790925566.297,store_7,0.000
1790925566.297,avail_mb,22126
1790925566.297,pswpin,1555164
1790925567.307,api,0.149
1790925567.307,client,0.020
1790925567.307,enginecore,3.466
1790925567.307,other_total,0.119
1790925567.307,store_0,0.000
1790925567.307,store_1,0.000
1790925567.307,store_2,0.000
1790925567.307,store_3,0.000
1790925567.307,store_4,0.000
1790925567.307,store_5,0.000
1790925567.307,store_6,0.000
1790925567.307,store_7,0.000
1790925567.307,avail_mb,22171
1790925567.307,pswpin,1555166
1790925568.317,api,0.188
1790925568.317,client,0.040
1790925568.317,enginecore,3.506
1790925568.317,other_total,0.000
1790925568.317,store_0,0.000
1790925568.317,store_1,0.000
1790925568.317,store_2,0.000
1790925568.317,store_3,0.000
1790925568.317,store_4,0.000
1790925568.317,store_5,0.000
1790925568.317,store_6,0.000
1790925568.317,store_7,0.000
1790925568.317,avail_mb,22209
1790925568.317,pswpin,1555170
1790925569.326,api,0.069
1790925569.326,client,0.020
1790925569.326,enginecore,1.397
1790925569.326,other_total,0.050
1790925569.326,store_0,0.000
1790925569.326,store_1,0.000
1790925569.326,store_2,0.000
1790925569.326,store_3,0.000
1790925569.326,store_4,0.000
1790925569.326,store_5,0.000
1790925569.326,store_6,0.000
1790925569.326,store_7,0.000
1790925569.326,avail_mb,22209
1790925569.326,pswpin,1555170
1790925570.335,api,0.059
1790925570.335,client,0.020
1790925570.335,enginecore,1.387
1790925570.335,other_total,0.000
1790925570.335,store_0,0.000
1790925570.335,store_1,0.000
1790925570.335,store_2,0.000
1790925570.335,store_3,0.000
1790925570.335,store_4,0.000
1790925570.335,store_5,0.000
1790925570.335,store_6,0.000
1790925570.335,store_7,0.000
1790925570.335,avail_mb,22210
1790925570.335,pswpin,1555170
1790925571.346,api,0.079
1790925571.346,client,0.020
1790925571.346,enginecore,1.900
1790925571.346,other_total,0.000
1790925571.346,store_0,0.000
1790925571.346,store_1,0.000
1790925571.346,store_2,0.000
1790925571.346,store_3,0.000
1790925571.346,store_4,0.000
1790925571.346,store_5,0.000
1790925571.346,store_6,0.000
1790925571.346,store_7,0.000
1790925571.346,avail_mb,22211
1790925571.346,pswpin,1555170
1790925572.355,api,0.109
1790925572.355,client,0.030
1790925572.355,enginecore,2.051
1790925572.355,other_total,0.000
1790925572.355,store_0,0.000
1790925572.355,store_1,0.000
1790925572.355,store_2,0.000
1790925572.355,store_3,0.000
1790925572.355,store_4,0.000
1790925572.355,store_5,0.000
1790925572.355,store_6,0.000
1790925572.355,store_7,0.000
1790925572.355,avail_mb,22210
1790925572.355,pswpin,1555170
1790925573.365,api,0.099
1790925573.365,client,0.010
1790925573.365,enginecore,1.922
1790925573.365,other_total,0.000
1790925573.365,store_0,0.000
1790925573.365,store_1,0.000
1790925573.365,store_2,0.000
1790925573.365,store_3,0.000
1790925573.365,store_4,0.000
1790925573.365,store_5,0.000
1790925573.365,store_6,0.000
1790925573.365,store_7,0.000
1790925573.365,avail_mb,22256
1790925573.365,pswpin,1555170
1790925574.374,api,0.050
1790925574.374,enginecore,0.624
1790925574.374,other_total,0.010
1790925574.374,store_0,0.000
1790925574.374,store_1,0.000
1790925574.374,store_2,0.000
1790925574.374,store_3,0.000
1790925574.374,store_4,0.000
1790925574.374,store_5,0.000
1790925574.374,store_6,0.000
1790925574.374,store_7,0.000
1790925574.374,avail_mb,22298
1790925574.374,pswpin,1555171
1790925575.385,api,0.010
1790925575.385,enginecore,0.030
1790925575.385,other_total,0.010
1790925575.385,store_0,0.000
1790925575.385,store_1,0.000
1790925575.385,store_2,0.000
1790925575.385,store_3,0.000
1790925575.385,store_4,0.000
1790925575.385,store_5,0.000
1790925575.385,store_6,0.000
1790925575.385,store_7,0.000
1790925575.385,avail_mb,22297
1790925575.385,pswpin,1555171
1790925576.395,api,0.010
1790925576.395,enginecore,0.049
1790925576.395,other_total,0.040
1790925576.395,store_0,0.000
1790925576.395,store_1,0.000
1790925576.395,store_2,0.000
1790925576.395,store_3,0.000
1790925576.395,store_4,0.000
1790925576.395,store_5,0.000
1790925576.395,store_6,0.000
1790925576.395,store_7,0.000
1790925576.395,avail_mb,22295
1790925576.395,pswpin,1555171
1790925577.406,api,0.000
1790925577.406,enginecore,0.030
1790925577.406,other_total,0.040
1790925577.406,store_0,0.000
1790925577.406,store_1,0.000
1790925577.406,store_2,0.000
1790925577.406,store_3,0.000
1790925577.406,store_4,0.000
1790925577.406,store_5,0.000
1790925577.406,store_6,0.000
1790925577.406,store_7,0.000
1790925577.406,avail_mb,22295
1790925577.406,pswpin,1555171
1790925578.417,api,0.040
1790925578.417,enginecore,0.049
1790925578.417,other_total,2.550
1790925578.417,store_0,0.000
1790925578.417,store_1,0.000
1790925578.417,store_2,0.000
1790925578.417,store_3,0.000
1790925578.417,store_4,0.000
1790925578.417,store_5,0.000
1790925578.417,store_6,0.000
1790925578.417,store_7,0.000
1790925578.417,avail_mb,21948
1790925578.417,pswpin,1555175
1790925579.428,api,0.010
1790925579.428,client,0.000
1790925579.428,enginecore,0.020
1790925579.428,other_total,0.099
1790925579.428,store_0,0.000
1790925579.428,store_1,0.000
1790925579.428,store_2,0.000
1790925579.428,store_3,0.000
1790925579.428,store_4,0.000
1790925579.428,store_5,0.000
1790925579.428,store_6,0.000
1790925579.428,store_7,0.000
1790925579.428,avail_mb,21942
1790925579.428,pswpin,1555175
1790925580.439,api,0.000
1790925580.439,client,0.000
1790925580.439,enginecore,0.040
1790925580.439,other_total,0.000
1790925580.439,store_0,0.000
1790925580.439,store_1,0.000
1790925580.439,store_2,0.000
1790925580.439,store_3,0.000
1790925580.439,store_4,0.000
1790925580.439,store_5,0.000
1790925580.439,store_6,0.000
1790925580.439,store_7,0.000
1790925580.439,avail_mb,21942
1790925580.439,pswpin,1555175
1790925581.450,api,0.020
1790925581.450,client,0.010
1790925581.450,enginecore,0.237
1790925581.450,other_total,0.010
1790925581.450,store_0,0.000
1790925581.450,store_1,0.000
1790925581.450,store_2,0.000
1790925581.450,store_3,0.000
1790925581.450,store_4,0.000
1790925581.450,store_5,0.000
1790925581.450,store_6,0.000
1790925581.450,store_7,0.000
1790925581.450,avail_mb,21944
1790925581.450,pswpin,1555175
1790925582.462,api,0.040
1790925582.462,client,0.000
1790925582.462,enginecore,0.257
1790925582.462,other_total,0.089
1790925582.462,store_0,0.000
1790925582.462,store_1,0.000
1790925582.462,store_2,0.000
1790925582.462,store_3,0.000
1790925582.462,store_4,0.000
1790925582.462,store_5,0.000
1790925582.462,store_6,0.000
1790925582.462,store_7,0.000
1790925582.462,avail_mb,21944
1790925582.462,pswpin,1555175
1790925583.473,api,0.010
1790925583.473,client,0.000
1790925583.473,enginecore,0.099
1790925583.473,other_total,0.020
1790925583.473,store_0,0.000
1790925583.473,store_1,0.000
1790925583.473,store_2,0.000
1790925583.473,store_3,0.000
1790925583.473,store_4,0.000
1790925583.473,store_5,0.000
1790925583.473,store_6,0.000
1790925583.473,store_7,0.000
1790925583.473,avail_mb,21944
1790925583.473,pswpin,1555175
1790925584.485,api,0.000
1790925584.485,client,0.000
1790925584.485,enginecore,0.158
1790925584.485,other_total,0.010
1790925584.485,store_0,0.000
1790925584.485,store_1,0.000
1790925584.485,store_2,0.000
1790925584.485,store_3,0.000
1790925584.485,store_4,0.000
1790925584.485,store_5,0.000
1790925584.485,store_6,0.000
1790925584.485,store_7,0.000
1790925584.485,avail_mb,21943
1790925584.485,pswpin,1555175
1790925585.496,api,0.030
1790925585.496,client,0.010
1790925585.496,enginecore,0.227
1790925585.496,other_total,0.079
1790925585.496,store_0,0.000
1790925585.496,store_1,0.000
1790925585.496,store_2,0.000
1790925585.496,store_3,0.000
1790925585.496,store_4,0.000
1790925585.496,store_5,0.000
1790925585.496,store_6,0.000
1790925585.496,store_7,0.000
1790925585.496,avail_mb,21938
1790925585.496,pswpin,1555175
1790925586.508,api,0.030
1790925586.508,client,0.000
1790925586.508,enginecore,0.257
1790925586.508,other_total,0.010
1790925586.508,store_0,0.000
1790925586.508,store_1,0.000
1790925586.508,store_2,0.000
1790925586.508,store_3,0.000
1790925586.508,store_4,0.000
1790925586.508,store_5,0.000
1790925586.508,store_6,0.000
1790925586.508,store_7,0.000
1790925586.508,avail_mb,21944
1790925586.508,pswpin,1555175
1790925587.519,api,0.020
1790925587.519,client,0.000
1790925587.519,enginecore,0.267
1790925587.519,other_total,0.040
1790925587.519,store_0,0.000
1790925587.519,store_1,0.000
1790925587.519,store_2,0.000
1790925587.519,store_3,0.000
1790925587.519,store_4,0.000
1790925587.519,store_5,0.000
1790925587.519,store_6,0.000
1790925587.519,store_7,0.000
1790925587.519,avail_mb,21982
1790925587.519,pswpin,1555175
1790925588.531,api,0.059
1790925588.531,client,0.010
1790925588.531,enginecore,0.158
1790925588.531,other_total,0.049
1790925588.531,store_0,0.000
1790925588.531,store_1,0.000
1790925588.531,store_2,0.000
1790925588.531,store_3,0.000
1790925588.531,store_4,0.000
1790925588.531,store_5,0.000
1790925588.531,store_6,0.000
1790925588.531,store_7,0.000
1790925588.531,avail_mb,21985
1790925588.531,pswpin,1555175
1790925589.542,api,0.020
1790925589.542,client,0.010
1790925589.542,enginecore,0.277
1790925589.542,other_total,0.010
1790925589.542,store_0,0.000
1790925589.542,store_1,0.000
1790925589.542,store_2,0.000
1790925589.542,store_3,0.000
1790925589.542,store_4,0.000
1790925589.542,store_5,0.000
1790925589.542,store_6,0.000
1790925589.542,store_7,0.000
1790925589.542,avail_mb,21985
1790925589.542,pswpin,1555175
1790925590.554,api,0.020
1790925590.554,client,0.000
1790925590.554,enginecore,0.109
1790925590.554,other_total,0.000
1790925590.554,store_0,0.000
1790925590.554,store_1,0.000
1790925590.554,store_2,0.000
1790925590.554,store_3,0.000
1790925590.554,store_4,0.000
1790925590.554,store_5,0.000
1790925590.554,store_6,0.000
1790925590.554,store_7,0.000
1790925590.554,avail_mb,22027
1790925590.554,pswpin,1555179
1790925591.566,api,0.010
1790925591.566,client,0.000
1790925591.566,enginecore,0.138
1790925591.566,other_total,0.089
1790925591.566,store_0,0.000
1790925591.566,store_1,0.000
1790925591.566,store_2,0.000
1790925591.566,store_3,0.000
1790925591.566,store_4,0.000
1790925591.566,store_5,0.000
1790925591.566,store_6,0.000
1790925591.566,store_7,0.000
1790925591.566,avail_mb,22023
1790925591.566,pswpin,1555179
1790925592.577,api,0.000
1790925592.577,client,0.000
1790925592.577,enginecore,0.079
1790925592.577,other_total,0.000
1790925592.577,store_0,0.000
1790925592.577,store_1,0.000
1790925592.577,store_2,0.000
1790925592.577,store_3,0.000
1790925592.577,store_4,0.000
1790925592.577,store_5,0.000
1790925592.577,store_6,0.000
1790925592.577,store_7,0.000
1790925592.577,avail_mb,22023
1790925592.577,pswpin,1555179
1790925593.587,api,0.010
1790925593.587,client,0.010
1790925593.587,enginecore,0.069
1790925593.587,other_total,0.010
1790925593.587,store_0,0.000
1790925593.587,store_1,0.000
1790925593.587,store_2,0.000
1790925593.587,store_3,0.000
1790925593.587,store_4,0.000
1790925593.587,store_5,0.000
1790925593.587,store_6,0.000
1790925593.587,store_7,0.000
1790925593.587,avail_mb,22026
1790925593.587,pswpin,1555179
1790925594.599,api,0.020
1790925594.599,client,0.000
1790925594.599,enginecore,0.277
1790925594.599,other_total,0.059
1790925594.599,store_0,0.000
1790925594.599,store_1,0.000
1790925594.599,store_2,0.000
1790925594.599,store_3,0.000
1790925594.599,store_4,0.000
1790925594.599,store_5,0.000
1790925594.599,store_6,0.000
1790925594.599,store_7,0.000
1790925594.599,avail_mb,22032
1790925594.599,pswpin,1555179
1790925595.610,api,0.000
1790925595.610,client,0.000
1790925595.610,enginecore,0.049
1790925595.610,other_total,0.079
1790925595.610,store_0,0.000
1790925595.610,store_1,0.000
1790925595.610,store_2,0.000
1790925595.610,store_3,0.000
1790925595.610,store_4,0.000
1790925595.610,store_5,0.000
1790925595.610,store_6,0.000
1790925595.610,store_7,0.000
1790925595.610,avail_mb,22034
1790925595.610,pswpin,1555179
1790925596.621,api,0.020
1790925596.621,client,0.000
1790925596.621,enginecore,0.109
1790925596.621,other_total,0.049
1790925596.621,store_0,0.000
1790925596.621,store_1,0.000
1790925596.621,store_2,0.000
1790925596.621,store_3,0.000
1790925596.621,store_4,0.000
1790925596.621,store_5,0.000
1790925596.621,store_6,0.000
1790925596.621,store_7,0.000
1790925596.621,avail_mb,22110
1790925596.621,pswpin,1555179
1790925597.633,api,0.000
1790925597.633,client,0.000
1790925597.633,enginecore,0.079
1790925597.633,other_total,0.079
1790925597.633,store_0,0.000
1790925597.633,store_1,0.000
1790925597.633,store_2,0.000
1790925597.633,store_3,0.000
1790925597.633,store_4,0.000
1790925597.633,store_5,0.000
1790925597.633,store_6,0.000
1790925597.633,store_7,0.000
1790925597.633,avail_mb,22153
1790925597.633,pswpin,1555180
1790925598.644,api,0.040
1790925598.644,enginecore,0.178
1790925598.644,other_total,0.069
1790925598.644,store_0,0.000
1790925598.644,store_1,0.000
1790925598.644,store_2,0.000
1790925598.644,store_3,0.000
1790925598.644,store_4,0.000
1790925598.644,store_5,0.000
1790925598.644,store_6,0.000
1790925598.644,store_7,0.000
1790925598.644,avail_mb,22290
1790925598.644,pswpin,1555186
1790925599.654,api,0.000
1790925599.654,enginecore,0.030
1790925599.654,other_total,0.010
1790925599.654,store_0,0.000
1790925599.654,store_1,0.000
1790925599.654,store_2,0.000
1790925599.654,store_3,0.000
1790925599.654,store_4,0.000
1790925599.654,store_5,0.000
1790925599.654,store_6,0.000
1790925599.654,store_7,0.000
1790925599.654,avail_mb,22291
1790925599.654,pswpin,1555186
1790925600.665,api,0.020
1790925600.665,enginecore,0.040
1790925600.665,other_total,0.049
1790925600.665,store_0,0.000
1790925600.665,store_1,0.000
1790925600.665,store_2,0.000
1790925600.665,store_3,0.000
1790925600.665,store_4,0.000
1790925600.665,store_5,0.000
1790925600.665,store_6,0.000
1790925600.665,store_7,0.000
1790925600.665,avail_mb,22288
1790925600.665,pswpin,1555186
1790925601.676,api,0.000
1790925601.676,enginecore,0.040
1790925601.676,other_total,0.049
1790925601.676,store_0,0.000
1790925601.676,store_1,0.000
1790925601.676,store_2,0.000
1790925601.676,store_3,0.000
1790925601.676,store_4,0.000
1790925601.676,store_5,0.000
1790925601.676,store_6,0.000
1790925601.676,store_7,0.000
1790925601.676,avail_mb,22290
1790925601.676,pswpin,1555186
1790925602.686,api,0.000
1790925602.686,enginecore,0.030
1790925602.686,other_total,0.000
1790925602.686,store_0,0.000
1790925602.686,store_1,0.000
1790925602.686,store_2,0.000
1790925602.686,store_3,0.000
1790925602.686,store_4,0.000
1790925602.686,store_5,0.000
1790925602.686,store_6,0.000
1790925602.686,store_7,0.000
1790925602.686,avail_mb,22290
1790925602.686,pswpin,1555186
1790925603.697,api,0.000
1790925603.697,enginecore,0.030
1790925603.697,other_total,0.079
1790925603.697,store_0,0.000
1790925603.697,store_1,0.000
1790925603.697,store_2,0.000
1790925603.697,store_3,0.000
1790925603.697,store_4,0.000
1790925603.697,store_5,0.000
1790925603.697,store_6,0.000
1790925603.697,store_7,0.000
1790925603.697,avail_mb,22291
1790925603.697,pswpin,1555186
1790925604.707,api,0.000
1790925604.707,enginecore,0.030
1790925604.707,other_total,0.000
1790925604.707,store_0,0.000
1790925604.707,store_1,0.000
1790925604.707,store_2,0.000
1790925604.707,store_3,0.000
1790925604.707,store_4,0.000
1790925604.707,store_5,0.000
1790925604.707,store_6,0.000
1790925604.707,store_7,0.000
1790925604.707,avail_mb,22292
1790925604.707,pswpin,1555186
1790925605.718,api,0.010
1790925605.718,enginecore,0.040
1790925605.718,other_total,0.000
1790925605.718,store_0,0.000
1790925605.718,store_1,0.000
1790925605.718,store_2,0.000
1790925605.718,store_3,0.000
1790925605.718,store_4,0.000
1790925605.718,store_5,0.000
1790925605.718,store_6,0.000
1790925605.718,store_7,0.000
1790925605.718,avail_mb,22296
1790925605.718,pswpin,1555186
1790925606.728,api,0.010
1790925606.728,enginecore,0.040
1790925606.728,other_total,0.040
1790925606.728,store_0,0.000
1790925606.728,store_1,0.000
1790925606.728,store_2,0.000
1790925606.728,store_3,0.000
1790925606.728,store_4,0.000
1790925606.728,store_5,0.000
1790925606.728,store_6,0.000
1790925606.728,store_7,0.000
1790925606.728,avail_mb,22300
1790925606.728,pswpin,1555186
1790925607.739,api,0.000
1790925607.739,enginecore,0.049
1790925607.739,other_total,0.000
1790925607.739,store_0,0.000
1790925607.739,store_1,0.000
1790925607.739,store_2,0.000
1790925607.739,store_3,0.000
1790925607.739,store_4,0.000
1790925607.739,store_5,0.000
1790925607.739,store_6,0.000
1790925607.739,store_7,0.000
1790925607.739,avail_mb,22301
1790925607.739,pswpin,1555186
1790925608.749,api,0.040
1790925608.749,enginecore,0.020
1790925608.749,other_total,2.612
1790925608.749,store_0,0.000
1790925608.749,store_1,0.000
1790925608.749,store_2,0.000
1790925608.749,store_3,0.000
1790925608.749,store_4,0.000
1790925608.749,store_5,0.000
1790925608.749,store_6,0.000
1790925608.749,store_7,0.000
1790925608.749,avail_mb,21942
1790925608.749,pswpin,1555186
1790925609.760,api,0.000
1790925609.760,client,0.000
1790925609.760,enginecore,0.020
1790925609.760,other_total,0.059
1790925609.760,store_0,0.000
1790925609.760,store_1,0.000
1790925609.760,store_2,0.000
1790925609.760,store_3,0.000
1790925609.760,store_4,0.000
1790925609.760,store_5,0.000
1790925609.760,store_6,0.000
1790925609.760,store_7,0.000
1790925609.760,avail_mb,21938
1790925609.760,pswpin,1555186
1790925610.771,api,0.020
1790925610.771,client,0.000
1790925610.771,enginecore,0.030
1790925610.771,other_total,0.010
1790925610.771,store_0,0.000
1790925610.771,store_1,0.000
1790925610.771,store_2,0.000
1790925610.771,store_3,0.000
1790925610.771,store_4,0.000
1790925610.771,store_5,0.000
1790925610.771,store_6,0.000
1790925610.771,store_7,0.000
1790925610.771,avail_mb,21938
1790925610.771,pswpin,1555186
1790925611.784,api,0.247
1790925611.784,client,0.148
1790925611.784,enginecore,8.034
1790925611.784,other_total,0.000
1790925611.784,store_0,0.000
1790925611.784,store_1,0.000
1790925611.784,store_2,0.000
1790925611.784,store_3,0.000
1790925611.784,store_4,0.000
1790925611.784,store_5,0.000
1790925611.784,store_6,0.000
1790925611.784,store_7,0.000
1790925611.784,avail_mb,21938
1790925611.784,pswpin,1555186
1790925612.795,api,0.277
1790925612.795,client,0.129
1790925612.795,enginecore,9.695
1790925612.795,other_total,0.079
1790925612.795,store_0,0.000
1790925612.795,store_1,0.000
1790925612.795,store_2,0.000
1790925612.795,store_3,0.000
1790925612.795,store_4,0.000
1790925612.795,store_5,0.000
1790925612.795,store_6,0.000
1790925612.795,store_7,0.000
1790925612.795,avail_mb,21933
1790925612.795,pswpin,1555186
1790925613.807,api,0.316
1790925613.807,client,0.158
1790925613.807,enginecore,9.599
1790925613.807,other_total,0.000
1790925613.807,store_0,0.000
1790925613.807,store_1,0.000
1790925613.807,store_2,0.000
1790925613.807,store_3,0.000
1790925613.807,store_4,0.000
1790925613.807,store_5,0.000
1790925613.807,store_6,0.000
1790925613.807,store_7,0.000
1790925613.807,avail_mb,21931
1790925613.807,pswpin,1555186
1790925614.817,api,0.337
1790925614.817,client,0.158
1790925614.817,enginecore,10.056
1790925614.817,other_total,0.020
1790925614.817,store_0,0.000
1790925614.817,store_1,0.000
1790925614.817,store_2,0.000
1790925614.817,store_3,0.000
1790925614.817,store_4,0.000
1790925614.817,store_5,0.000
1790925614.817,store_6,0.000
1790925614.817,store_7,0.000
1790925614.817,avail_mb,21928
1790925614.817,pswpin,1555186
1790925615.828,api,0.366
1790925615.828,client,0.188
1790925615.828,enginecore,9.804
1790925615.828,other_total,0.000
1790925615.828,store_0,0.000
1790925615.828,store_1,0.000
1790925615.828,store_2,0.000
1790925615.828,store_3,0.000
1790925615.828,store_4,0.000
1790925615.828,store_5,0.000
1790925615.828,store_6,0.000
1790925615.828,store_7,0.000
1790925615.828,avail_mb,21922
1790925615.828,pswpin,1555186
1790925616.839,api,0.326
1790925616.839,client,0.178
1790925616.839,enginecore,9.745
1790925616.839,other_total,0.010
1790925616.839,store_0,0.000
1790925616.839,store_1,0.000
1790925616.839,store_2,0.000
1790925616.839,store_3,0.000
1790925616.839,store_4,0.000
1790925616.839,store_5,0.000
1790925616.839,store_6,0.000
1790925616.839,store_7,0.000
1790925616.839,avail_mb,21922
1790925616.839,pswpin,1555186
1790925617.849,api,0.396
1790925617.849,client,0.158
1790925617.849,enginecore,10.033
1790925617.849,other_total,0.000
1790925617.849,store_0,0.000
1790925617.849,store_1,0.000
1790925617.849,store_2,0.000
1790925617.849,store_3,0.000
1790925617.849,store_4,0.000
1790925617.849,store_5,0.000
1790925617.849,store_6,0.000
1790925617.849,store_7,0.000
1790925617.849,avail_mb,21921
1790925617.849,pswpin,1555186
1790925618.860,api,0.297
1790925618.860,client,0.198
1790925618.860,enginecore,9.711
1790925618.860,other_total,0.049
1790925618.860,store_0,0.000
1790925618.860,store_1,0.000
1790925618.860,store_2,0.000
1790925618.860,store_3,0.000
1790925618.860,store_4,0.000
1790925618.860,store_5,0.000
1790925618.860,store_6,0.000
1790925618.860,store_7,0.000
1790925618.860,avail_mb,21909
1790925618.860,pswpin,1555186
1790925619.871,api,0.356
1790925619.871,client,0.119
1790925619.871,enginecore,9.568
1790925619.871,other_total,0.000
1790925619.871,store_0,0.000
1790925619.871,store_1,0.000
1790925619.871,store_2,0.000
1790925619.871,store_3,0.000
1790925619.871,store_4,0.000
1790925619.871,store_5,0.000
1790925619.871,store_6,0.000
1790925619.871,store_7,0.000
1790925619.871,avail_mb,21909
1790925619.871,pswpin,1555186
1790925620.881,api,0.307
1790925620.881,client,0.158
1790925620.881,enginecore,9.684
1790925620.881,other_total,0.040
1790925620.881,store_0,0.000
1790925620.881,store_1,0.000
1790925620.881,store_2,0.000
1790925620.881,store_3,0.000
1790925620.881,store_4,0.000
1790925620.881,store_5,0.000
1790925620.881,store_6,0.000
1790925620.881,store_7,0.000
1790925620.881,avail_mb,21911
1790925620.881,pswpin,1555186
1790925621.892,api,0.316
1790925621.892,client,0.138
1790925621.892,enginecore,9.930
1790925621.892,other_total,0.030
1790925621.892,store_0,0.000
1790925621.892,store_1,0.000
1790925621.892,store_2,0.000
1790925621.892,store_3,0.000
1790925621.892,store_4,0.000
1790925621.892,store_5,0.000
1790925621.892,store_6,0.000
1790925621.892,store_7,0.000
1790925621.892,avail_mb,21911
1790925621.892,pswpin,1555186
1790925622.902,api,0.356
1790925622.902,client,0.178
1790925622.902,enginecore,10.030
1790925622.902,other_total,0.000
1790925622.902,store_0,0.000
1790925622.902,store_1,0.000
1790925622.902,store_2,0.000
1790925622.902,store_3,0.000
1790925622.902,store_4,0.000
1790925622.902,store_5,0.000
1790925622.902,store_6,0.000
1790925622.902,store_7,0.000
1790925622.902,avail_mb,21907
1790925622.902,pswpin,1555186
1790925623.914,api,0.326
1790925623.914,client,0.158
1790925623.914,enginecore,9.596
1790925623.914,other_total,0.000
1790925623.914,store_0,0.000
1790925623.914,store_1,0.000
1790925623.914,store_2,0.000
1790925623.914,store_3,0.000
1790925623.914,store_4,0.000
1790925623.914,store_5,0.000
1790925623.914,store_6,0.000
1790925623.914,store_7,0.000
1790925623.914,avail_mb,21910
1790925623.914,pswpin,1555188
1790925624.925,api,0.316
1790925624.925,client,0.168
1790925624.925,enginecore,9.920
1790925624.925,other_total,0.089
1790925624.925,store_0,0.000
1790925624.925,store_1,0.000
1790925624.925,store_2,0.000
1790925624.925,store_3,0.000
1790925624.925,store_4,0.000
1790925624.925,store_5,0.000
1790925624.925,store_6,0.000
1790925624.925,store_7,0.000
1790925624.925,avail_mb,21907
1790925624.925,pswpin,1555188
1790925625.935,api,0.347
1790925625.935,client,0.178
1790925625.935,enginecore,10.000
1790925625.935,other_total,0.000
1790925625.935,store_0,0.000
1790925625.935,store_1,0.000
1790925625.935,store_2,0.000
1790925625.935,store_3,0.000
1790925625.935,store_4,0.000
1790925625.935,store_5,0.000
1790925625.935,store_6,0.000
1790925625.935,store_7,0.000
1790925625.935,avail_mb,21904
1790925625.935,pswpin,1555188
1790925626.946,api,0.346
1790925626.946,client,0.148
1790925626.946,enginecore,9.768
1790925626.946,other_total,0.000
1790925626.946,store_0,0.000
1790925626.946,store_1,0.000
1790925626.946,store_2,0.000
1790925626.946,store_3,0.000
1790925626.946,store_4,0.000
1790925626.946,store_5,0.000
1790925626.946,store_6,0.000
1790925626.946,store_7,0.000
1790925626.946,avail_mb,21903
1790925626.946,pswpin,1555188
1790925627.957,api,0.336
1790925627.957,client,0.198
1790925627.957,enginecore,9.931
1790925627.957,other_total,0.000
1790925627.957,store_0,0.000
1790925627.957,store_1,0.000
1790925627.957,store_2,0.000
1790925627.957,store_3,0.000
1790925627.957,store_4,0.000
1790925627.957,store_5,0.000
1790925627.957,store_6,0.000
1790925627.957,store_7,0.000
1790925627.957,avail_mb,21897
1790925627.957,pswpin,1555188
1790925628.967,api,0.337
1790925628.967,client,0.139
1790925628.967,enginecore,9.563
1790925628.967,other_total,0.030
1790925628.967,store_0,0.000
1790925628.967,store_1,0.000
1790925628.967,store_2,0.000
1790925628.967,store_3,0.000
1790925628.967,store_4,0.000
1790925628.967,store_5,0.000
1790925628.967,store_6,0.000
1790925628.967,store_7,0.000
1790925628.967,avail_mb,21892
1790925628.967,pswpin,1555188
1790925629.977,api,0.317
1790925629.977,client,0.158
1790925629.977,enginecore,9.716
1790925629.977,other_total,0.000
1790925629.977,store_0,0.000
1790925629.977,store_1,0.000
1790925629.977,store_2,0.000
1790925629.977,store_3,0.000
1790925629.977,store_4,0.000
1790925629.977,store_5,0.000
1790925629.977,store_6,0.000
1790925629.977,store_7,0.000
1790925629.977,avail_mb,21888
1790925629.977,pswpin,1555188
1790925630.987,api,0.277
1790925630.987,client,0.139
1790925630.987,enginecore,9.654
1790925630.987,other_total,0.000
1790925630.987,store_0,0.000
1790925630.987,store_1,0.000
1790925630.987,store_2,0.000
1790925630.987,store_3,0.000
1790925630.987,store_4,0.000
1790925630.987,store_5,0.000
1790925630.987,store_6,0.000
1790925630.987,store_7,0.000
1790925630.987,avail_mb,21885
1790925630.987,pswpin,1555188
1790925631.998,api,0.356
1790925631.998,client,0.148
1790925631.998,enginecore,9.696
1790925631.998,other_total,0.000
1790925631.998,store_0,0.000
1790925631.998,store_1,0.000
1790925631.998,store_2,0.000
1790925631.998,store_3,0.000
1790925631.998,store_4,0.000
1790925631.998,store_5,0.000
1790925631.998,store_6,0.000
1790925631.998,store_7,0.000
1790925631.998,avail_mb,21882
1790925631.998,pswpin,1555188
1790925633.009,api,0.297
1790925633.009,client,0.178
1790925633.009,enginecore,9.726
1790925633.009,other_total,0.000
1790925633.009,store_0,0.000
1790925633.009,store_1,0.000
1790925633.009,store_2,0.000
1790925633.009,store_3,0.000
1790925633.009,store_4,0.000
1790925633.009,store_5,0.000
1790925633.009,store_6,0.000
1790925633.009,store_7,0.000
1790925633.009,avail_mb,21881
1790925633.009,pswpin,1555188
1790925634.019,api,0.337
1790925634.019,client,0.139
1790925634.019,enginecore,9.781
1790925634.019,other_total,0.000
1790925634.019,store_0,0.000
1790925634.019,store_1,0.000
1790925634.019,store_2,0.000
1790925634.019,store_3,0.000
1790925634.019,store_4,0.000
1790925634.019,store_5,0.000
1790925634.019,store_6,0.000
1790925634.019,store_7,0.000
1790925634.019,avail_mb,21879
1790925634.019,pswpin,1555188
1790925635.031,api,0.306
1790925635.031,client,0.158
1790925635.031,enginecore,9.540
1790925635.031,other_total,0.069
1790925635.031,store_0,0.000
1790925635.031,store_1,0.000
1790925635.031,store_2,0.000
1790925635.031,store_3,0.000
1790925635.031,store_4,0.000
1790925635.031,store_5,0.000
1790925635.031,store_6,0.000
1790925635.031,store_7,0.000
1790925635.031,avail_mb,21871
1790925635.031,pswpin,1555188
1790925636.044,api,0.316
1790925636.044,client,0.138
1790925636.044,enginecore,9.076
1790925636.044,other_total,0.010
1790925636.044,store_0,0.000
1790925636.044,store_1,0.000
1790925636.044,store_2,0.000
1790925636.044,store_3,0.000
1790925636.044,store_4,0.000
1790925636.044,store_5,0.000
1790925636.044,store_6,0.000
1790925636.044,store_7,0.000
1790925636.044,avail_mb,21868
1790925636.044,pswpin,1555188
1790925637.055,api,0.346
1790925637.055,client,0.148
1790925637.055,enginecore,10.007
1790925637.055,other_total,0.000
1790925637.055,store_0,0.000
1790925637.055,store_1,0.000
1790925637.055,store_2,0.000
1790925637.055,store_3,0.000
1790925637.055,store_4,0.000
1790925637.055,store_5,0.000
1790925637.055,store_6,0.000
1790925637.055,store_7,0.000
1790925637.055,avail_mb,21867
1790925637.055,pswpin,1555188
1790925638.066,api,0.366
1790925638.066,client,0.198
1790925638.066,enginecore,9.696
1790925638.066,other_total,0.020
1790925638.066,store_0,0.000
1790925638.066,store_1,0.000
1790925638.066,store_2,0.000
1790925638.066,store_3,0.000
1790925638.066,store_4,0.000
1790925638.066,store_5,0.000
1790925638.066,store_6,0.000
1790925638.066,store_7,0.000
1790925638.066,avail_mb,21862
1790925638.066,pswpin,1555188
1790925639.076,api,0.337
1790925639.076,client,0.149
1790925639.076,enginecore,9.756
1790925639.076,other_total,0.040
1790925639.076,store_0,0.000
1790925639.076,store_1,0.000
1790925639.076,store_2,0.000
1790925639.076,store_3,0.000
1790925639.076,store_4,0.000
1790925639.076,store_5,0.000
1790925639.076,store_6,0.000
1790925639.076,store_7,0.000
1790925639.076,avail_mb,21860
1790925639.076,pswpin,1555188
1790925640.086,api,0.307
1790925640.086,client,0.139
1790925640.086,enginecore,9.711
1790925640.086,other_total,0.000
1790925640.086,store_0,0.000
1790925640.086,store_1,0.000
1790925640.086,store_2,0.000
1790925640.086,store_3,0.000
1790925640.086,store_4,0.000
1790925640.086,store_5,0.000
1790925640.086,store_6,0.000
1790925640.086,store_7,0.000
1790925640.086,avail_mb,21857
1790925640.086,pswpin,1555188
1790925641.098,api,0.297
1790925641.098,client,0.138
1790925641.098,enginecore,9.569
1790925641.098,other_total,0.069
1790925641.098,store_0,0.000
1790925641.098,store_1,0.000
1790925641.098,store_2,0.000
1790925641.098,store_3,0.000
1790925641.098,store_4,0.000
1790925641.098,store_5,0.000
1790925641.098,store_6,0.000
1790925641.098,store_7,0.000
1790925641.098,avail_mb,21857
1790925641.098,pswpin,1555188
1790925642.109,api,0.307
1790925642.109,client,0.138
1790925642.109,enginecore,9.611
1790925642.109,other_total,0.000
1790925642.109,store_0,0.000
1790925642.109,store_1,0.000
1790925642.109,store_2,0.000
1790925642.109,store_3,0.000
1790925642.109,store_4,0.000
1790925642.109,store_5,0.000
1790925642.109,store_6,0.000
1790925642.109,store_7,0.000
1790925642.109,avail_mb,21861
1790925642.109,pswpin,1555188
1790925643.119,api,0.317
1790925643.119,client,0.178
1790925643.119,enginecore,9.804
1790925643.119,other_total,0.000
1790925643.119,store_0,0.000
1790925643.119,store_1,0.000
1790925643.119,store_2,0.000
1790925643.119,store_3,0.000
1790925643.119,store_4,0.000
1790925643.119,store_5,0.000
1790925643.119,store_6,0.000
1790925643.119,store_7,0.000
1790925643.119,avail_mb,21856
1790925643.119,pswpin,1555188
1790925644.129,api,0.297
1790925644.129,client,0.148
1790925644.129,enginecore,9.531
1790925644.129,other_total,0.000
1790925644.129,store_0,0.000
1790925644.129,store_1,0.000
1790925644.129,store_2,0.000
1790925644.129,store_3,0.000
1790925644.129,store_4,0.000
1790925644.129,store_5,0.000
1790925644.129,store_6,0.000
1790925644.129,store_7,0.000
1790925644.129,avail_mb,21849
1790925644.129,pswpin,1555188
1790925645.139,api,0.327
1790925645.139,client,0.139
1790925645.139,enginecore,9.570
1790925645.139,other_total,0.010
1790925645.139,store_0,0.000
1790925645.139,store_1,0.000
1790925645.139,store_2,0.000
1790925645.139,store_3,0.000
1790925645.139,store_4,0.000
1790925645.139,store_5,0.000
1790925645.139,store_6,0.000
1790925645.139,store_7,0.000
1790925645.139,avail_mb,21846
1790925645.139,pswpin,1555188
1790925646.150,api,0.346
1790925646.150,client,0.168
1790925646.150,enginecore,9.816
1790925646.150,other_total,0.000
1790925646.150,store_0,0.000
1790925646.150,store_1,0.000
1790925646.150,store_2,0.000
1790925646.150,store_3,0.000
1790925646.150,store_4,0.000
1790925646.150,store_5,0.000
1790925646.150,store_6,0.000
1790925646.150,store_7,0.000
1790925646.150,avail_mb,21845
1790925646.150,pswpin,1555188
1790925647.160,api,0.287
1790925647.160,client,0.149
1790925647.160,enginecore,9.693
1790925647.160,other_total,0.050
1790925647.160,store_0,0.000
1790925647.160,store_1,0.000
1790925647.160,store_2,0.000
1790925647.160,store_3,0.000
1790925647.160,store_4,0.000
1790925647.160,store_5,0.000
1790925647.160,store_6,0.000
1790925647.160,store_7,0.000
1790925647.160,avail_mb,21836
1790925647.160,pswpin,1555188
1790925648.170,api,0.376
1790925648.170,client,0.139
1790925648.170,enginecore,9.850
1790925648.170,other_total,0.000
1790925648.170,store_0,0.000
1790925648.170,store_1,0.000
1790925648.170,store_2,0.000
1790925648.170,store_3,0.000
1790925648.170,store_4,0.000
1790925648.170,store_5,0.000
1790925648.170,store_6,0.000
1790925648.170,store_7,0.000
1790925648.170,avail_mb,21834
1790925648.170,pswpin,1555188
1790925649.180,api,0.277
1790925649.180,client,0.158
1790925649.180,enginecore,9.545
1790925649.180,other_total,0.000
1790925649.180,store_0,0.000
1790925649.180,store_1,0.000
1790925649.180,store_2,0.000
1790925649.180,store_3,0.000
1790925649.180,store_4,0.000
1790925649.180,store_5,0.000
1790925649.180,store_6,0.000
1790925649.180,store_7,0.000
1790925649.180,avail_mb,21832
1790925649.180,pswpin,1555188
1790925650.191,api,0.356
1790925650.191,client,0.188
1790925650.191,enginecore,9.888
1790925650.191,other_total,0.000
1790925650.191,store_0,0.000
1790925650.191,store_1,0.000
1790925650.191,store_2,0.000
1790925650.191,store_3,0.000
1790925650.191,store_4,0.000
1790925650.191,store_5,0.000
1790925650.191,store_6,0.000
1790925650.191,store_7,0.000
1790925650.191,avail_mb,21822
1790925650.191,pswpin,1555188
1790925651.201,api,0.336
1790925651.201,client,0.148
1790925651.201,enginecore,9.804
1790925651.201,other_total,0.000
1790925651.201,store_0,0.000
1790925651.201,store_1,0.000
1790925651.201,store_2,0.000
1790925651.201,store_3,0.000
1790925651.201,store_4,0.000
1790925651.201,store_5,0.000
1790925651.201,store_6,0.000
1790925651.201,store_7,0.000
1790925651.201,avail_mb,21821
1790925651.201,pswpin,1555188
1790925652.212,api,0.327
1790925652.212,client,0.188
1790925652.212,enginecore,9.839
1790925652.212,other_total,0.000
1790925652.212,store_0,0.000
1790925652.212,store_1,0.000
1790925652.212,store_2,0.000
1790925652.212,store_3,0.000
1790925652.212,store_4,0.000
1790925652.212,store_5,0.000
1790925652.212,store_6,0.000
1790925652.212,store_7,0.000
1790925652.212,avail_mb,21818
1790925652.212,pswpin,1555188
1790925653.221,api,0.327
1790925653.221,client,0.139
1790925653.221,enginecore,9.823
1790925653.221,other_total,0.010
1790925653.221,store_0,0.000
1790925653.221,store_1,0.000
1790925653.221,store_2,0.000
1790925653.221,store_3,0.000
1790925653.221,store_4,0.000
1790925653.221,store_5,0.000
1790925653.221,store_6,0.000
1790925653.221,store_7,0.000
1790925653.221,avail_mb,21812
1790925653.221,pswpin,1555189
1790925654.232,api,0.327
1790925654.232,client,0.148
1790925654.232,enginecore,9.761
1790925654.232,other_total,0.000
1790925654.232,store_0,0.000
1790925654.232,store_1,0.000
1790925654.232,store_2,0.000
1790925654.232,store_3,0.000
1790925654.232,store_4,0.000
1790925654.232,store_5,0.000
1790925654.232,store_6,0.000
1790925654.232,store_7,0.000
1790925654.232,avail_mb,21807
1790925654.232,pswpin,1555190
1790925655.242,api,0.366
1790925655.242,client,0.178
1790925655.242,enginecore,9.730
1790925655.242,other_total,0.000
1790925655.242,store_0,0.000
1790925655.242,store_1,0.000
1790925655.242,store_2,0.000
1790925655.242,store_3,0.000
1790925655.242,store_4,0.000
1790925655.242,store_5,0.000
1790925655.242,store_6,0.000
1790925655.242,store_7,0.000
1790925655.242,avail_mb,21807
1790925655.242,pswpin,1555190
1790925656.252,api,0.277
1790925656.252,client,0.158
1790925656.252,enginecore,9.692
1790925656.252,other_total,0.099
1790925656.252,store_0,0.000
1790925656.252,store_1,0.000
1790925656.252,store_2,0.000
1790925656.252,store_3,0.000
1790925656.252,store_4,0.000
1790925656.252,store_5,0.000
1790925656.252,store_6,0.000
1790925656.252,store_7,0.000
1790925656.252,avail_mb,21804
1790925656.252,pswpin,1555190
1790925657.262,api,0.356
1790925657.262,client,0.178
1790925657.262,enginecore,10.106
1790925657.262,other_total,0.000
1790925657.262,store_0,0.000
1790925657.262,store_1,0.000
1790925657.262,store_2,0.000
1790925657.262,store_3,0.000
1790925657.262,store_4,0.000
1790925657.262,store_5,0.000
1790925657.262,store_6,0.000
1790925657.262,store_7,0.000
1790925657.262,avail_mb,21801
1790925657.262,pswpin,1555190
1790925658.273,api,0.396
1790925658.273,client,0.158
1790925658.273,enginecore,9.799
1790925658.273,other_total,0.000
1790925658.273,store_0,0.000
1790925658.273,store_1,0.000
1790925658.273,store_2,0.000
1790925658.273,store_3,0.000
1790925658.273,store_4,0.000
1790925658.273,store_5,0.000
1790925658.273,store_6,0.000
1790925658.273,store_7,0.000
1790925658.273,avail_mb,21798
1790925658.273,pswpin,1555196
1790925659.283,api,0.287
1790925659.283,client,0.178
1790925659.283,enginecore,8.895
1790925659.283,other_total,0.059
1790925659.283,store_0,0.000
1790925659.283,store_1,0.000
1790925659.283,store_2,0.000
1790925659.283,store_3,0.000
1790925659.283,store_4,0.000
1790925659.283,store_5,0.000
1790925659.283,store_6,0.000
1790925659.283,store_7,0.000
1790925659.283,avail_mb,21830
1790925659.283,pswpin,1555200
1790925660.294,api,0.297
1790925660.294,client,0.139
1790925660.294,enginecore,8.293
1790925660.294,other_total,0.000
1790925660.294,store_0,0.000
1790925660.294,store_1,0.000
1790925660.294,store_2,0.000
1790925660.294,store_3,0.000
1790925660.294,store_4,0.000
1790925660.294,store_5,0.000
1790925660.294,store_6,0.000
1790925660.294,store_7,0.000
1790925660.294,avail_mb,21828
1790925660.294,pswpin,1555200
1790925661.304,api,0.208
1790925661.304,client,0.059
1790925661.304,enginecore,6.249
1790925661.304,other_total,0.198
1790925661.304,store_0,0.000
1790925661.304,store_1,0.000
1790925661.304,store_2,0.000
1790925661.304,store_3,0.000
1790925661.304,store_4,0.000
1790925661.304,store_5,0.000
1790925661.304,store_6,0.000
1790925661.304,store_7,0.000
1790925661.304,avail_mb,21962
1790925661.304,pswpin,1555217
1790925662.315,api,0.208
1790925662.315,client,0.079
1790925662.315,enginecore,4.578
1790925662.315,other_total,0.000
1790925662.315,store_0,0.000
1790925662.315,store_1,0.000
1790925662.315,store_2,0.000
1790925662.315,store_3,0.000
1790925662.315,store_4,0.000
1790925662.315,store_5,0.000
1790925662.315,store_6,0.000
1790925662.315,store_7,0.000
1790925662.315,avail_mb,21998
1790925662.315,pswpin,1555219
1790925663.324,api,0.159
1790925663.324,client,0.040
1790925663.324,enginecore,2.962
1790925663.324,other_total,0.030
1790925663.324,store_0,0.000
1790925663.324,store_1,0.000
1790925663.324,store_2,0.000
1790925663.324,store_3,0.000
1790925663.324,store_4,0.000
1790925663.324,store_5,0.000
1790925663.324,store_6,0.000
1790925663.324,store_7,0.000
1790925663.324,avail_mb,22043
1790925663.324,pswpin,1555223
1790925664.335,api,0.099
1790925664.335,client,0.030
1790925664.335,enginecore,2.158
1790925664.335,other_total,0.000
1790925664.335,store_0,0.000
1790925664.335,store_1,0.000
1790925664.335,store_2,0.000
1790925664.335,store_3,0.000
1790925664.335,store_4,0.000
1790925664.335,store_5,0.000
1790925664.335,store_6,0.000
1790925664.335,store_7,0.000
1790925664.335,avail_mb,22045
1790925664.335,pswpin,1555223
1790925665.344,api,0.168
1790925665.344,client,0.040
1790925665.344,enginecore,2.478
1790925665.344,other_total,0.079
1790925665.344,store_0,0.000
1790925665.344,store_1,0.000
1790925665.344,store_2,0.000
1790925665.344,store_3,0.000
1790925665.344,store_4,0.000
1790925665.344,store_5,0.000
1790925665.344,store_6,0.000
1790925665.344,store_7,0.000
1790925665.344,avail_mb,22034
1790925665.344,pswpin,1555223
1790925666.354,api,0.079
1790925666.354,client,0.020
1790925666.354,enginecore,2.078
1790925666.354,other_total,0.040
1790925666.354,store_0,0.000
1790925666.354,store_1,0.000
1790925666.354,store_2,0.000
1790925666.354,store_3,0.000
1790925666.354,store_4,0.000
1790925666.354,store_5,0.000
1790925666.354,store_6,0.000
1790925666.354,store_7,0.000
1790925666.354,avail_mb,22085
1790925666.354,pswpin,1555225
1790925667.363,api,0.010
1790925667.363,enginecore,0.317
1790925667.363,other_total,0.059
1790925667.363,store_0,0.000
1790925667.363,store_1,0.000
1790925667.363,store_2,0.000
1790925667.363,store_3,0.000
1790925667.363,store_4,0.000
1790925667.363,store_5,0.000
1790925667.363,store_6,0.000
1790925667.363,store_7,0.000
1790925667.363,avail_mb,22126
1790925667.363,pswpin,1555225
1790925668.373,api,0.020
1790925668.373,enginecore,0.030
1790925668.373,other_total,2.513
1790925668.373,store_0,0.000
1790925668.373,store_1,0.000
1790925668.373,store_2,0.000
1790925668.373,store_3,0.000
1790925668.373,store_4,0.000
1790925668.373,store_5,0.000
1790925668.373,store_6,0.000
1790925668.373,store_7,0.000
1790925668.373,avail_mb,21763
1790925668.373,pswpin,1555231
1790925669.384,api,0.020
1790925669.384,client,0.000
1790925669.384,enginecore,0.020
1790925669.384,other_total,0.000
1790925669.384,store_0,0.000
1790925669.384,store_1,0.000
1790925669.384,store_2,0.000
1790925669.384,store_3,0.000
1790925669.384,store_4,0.000
1790925669.384,store_5,0.000
1790925669.384,store_6,0.000
1790925669.384,store_7,0.000
1790925669.384,avail_mb,21763
1790925669.384,pswpin,1555231
1790925670.394,api,0.000
1790925670.394,client,0.000
1790925670.394,enginecore,0.040
1790925670.394,other_total,0.000
1790925670.394,store_0,0.000
1790925670.394,store_1,0.000
1790925670.394,store_2,0.000
1790925670.394,store_3,0.000
1790925670.394,store_4,0.000
1790925670.394,store_5,0.000
1790925670.394,store_6,0.000
1790925670.394,store_7,0.000
1790925670.394,avail_mb,21762
1790925670.394,pswpin,1555231
1790925671.404,api,0.010
1790925671.404,client,0.000
1790925671.404,enginecore,0.129
1790925671.404,other_total,0.119
1790925671.404,store_0,0.000
1790925671.404,store_1,0.000
1790925671.404,store_2,0.000
1790925671.404,store_3,0.000
1790925671.404,store_4,0.000
1790925671.404,store_5,0.000
1790925671.404,store_6,0.000
1790925671.404,store_7,0.000
1790925671.404,avail_mb,21761
1790925671.404,pswpin,1555231
1790925672.416,api,0.020
1790925672.416,client,0.010
1790925672.416,enginecore,0.178
1790925672.416,other_total,0.000
1790925672.416,store_0,0.000
1790925672.416,store_1,0.000
1790925672.416,store_2,0.000
1790925672.416,store_3,0.000
1790925672.416,store_4,0.000
1790925672.416,store_5,0.000
1790925672.416,store_6,0.000
1790925672.416,store_7,0.000
1790925672.416,avail_mb,21761
1790925672.416,pswpin,1555231
1790925673.427,api,0.020
1790925673.427,client,0.000
1790925673.427,enginecore,0.168
1790925673.427,other_total,0.040
1790925673.427,store_0,0.000
1790925673.427,store_1,0.000
1790925673.427,store_2,0.000
1790925673.427,store_3,0.000
1790925673.427,store_4,0.000
1790925673.427,store_5,0.000
1790925673.427,store_6,0.000
1790925673.427,store_7,0.000
1790925673.427,avail_mb,21760
1790925673.427,pswpin,1555231
1790925674.438,api,0.020
1790925674.438,client,0.000
1790925674.438,enginecore,0.188
1790925674.438,other_total,0.109
1790925674.438,store_0,0.000
1790925674.438,store_1,0.000
1790925674.438,store_2,0.000
1790925674.438,store_3,0.000
1790925674.438,store_4,0.000
1790925674.438,store_5,0.000
1790925674.438,store_6,0.000
1790925674.438,store_7,0.000
1790925674.438,avail_mb,21754
1790925674.438,pswpin,1555231
1790925675.449,api,0.020
1790925675.449,client,0.000
1790925675.449,enginecore,0.208
1790925675.449,other_total,0.030
1790925675.449,store_0,0.000
1790925675.449,store_1,0.000
1790925675.449,store_2,0.000
1790925675.449,store_3,0.000
1790925675.449,store_4,0.000
1790925675.449,store_5,0.000
1790925675.449,store_6,0.000
1790925675.449,store_7,0.000
1790925675.449,avail_mb,21753
1790925675.449,pswpin,1555231
1790925676.461,api,0.030
1790925676.461,client,0.000
1790925676.461,enginecore,0.217
1790925676.461,other_total,0.010
1790925676.461,store_0,0.000
1790925676.461,store_1,0.000
1790925676.461,store_2,0.000
1790925676.461,store_3,0.000
1790925676.461,store_4,0.000
1790925676.461,store_5,0.000
1790925676.461,store_6,0.000
1790925676.461,store_7,0.000
1790925676.461,avail_mb,21754
1790925676.461,pswpin,1555231
1790925677.471,api,0.040
1790925677.471,client,0.010
1790925677.471,enginecore,0.178
1790925677.471,other_total,0.059
1790925677.471,store_0,0.000
1790925677.471,store_1,0.000
1790925677.471,store_2,0.000
1790925677.471,store_3,0.000
1790925677.471,store_4,0.000
1790925677.471,store_5,0.000
1790925677.471,store_6,0.000
1790925677.471,store_7,0.000
1790925677.471,avail_mb,21755
1790925677.471,pswpin,1555231
1790925678.483,api,0.040
1790925678.483,client,0.010
1790925678.483,enginecore,0.326
1790925678.483,other_total,0.020
1790925678.483,store_0,0.000
1790925678.483,store_1,0.000
1790925678.483,store_2,0.000
1790925678.483,store_3,0.000
1790925678.483,store_4,0.000
1790925678.483,store_5,0.000
1790925678.483,store_6,0.000
1790925678.483,store_7,0.000
1790925678.483,avail_mb,21799
1790925678.483,pswpin,1555231
1790925679.493,api,0.010
1790925679.493,client,0.000
1790925679.493,enginecore,0.178
1790925679.493,other_total,0.010
1790925679.493,store_0,0.000
1790925679.493,store_1,0.000
1790925679.493,store_2,0.000
1790925679.493,store_3,0.000
1790925679.493,store_4,0.000
1790925679.493,store_5,0.000
1790925679.493,store_6,0.000
1790925679.493,store_7,0.000
1790925679.493,avail_mb,21799
1790925679.493,pswpin,1555231
1790925680.505,api,0.030
1790925680.505,client,0.010
1790925680.505,enginecore,0.218
1790925680.505,other_total,0.079
1790925680.505,store_0,0.000
1790925680.505,store_1,0.000
1790925680.505,store_2,0.000
1790925680.505,store_3,0.000
1790925680.505,store_4,0.000
1790925680.505,store_5,0.000
1790925680.505,store_6,0.000
1790925680.505,store_7,0.000
1790925680.505,avail_mb,21845
1790925680.505,pswpin,1555231
1790925681.517,api,0.010
1790925681.517,client,0.010
1790925681.517,enginecore,0.099
1790925681.517,other_total,0.010
1790925681.517,store_0,0.000
1790925681.517,store_1,0.000
1790925681.517,store_2,0.000
1790925681.517,store_3,0.000
1790925681.517,store_4,0.000
1790925681.517,store_5,0.000
1790925681.517,store_6,0.000
1790925681.517,store_7,0.000
1790925681.517,avail_mb,21848
1790925681.517,pswpin,1555231
1790925682.528,api,0.000
1790925682.528,client,0.010
1790925682.528,enginecore,0.099
1790925682.528,other_total,0.020
1790925682.528,store_0,0.000
1790925682.528,store_1,0.000
1790925682.528,store_2,0.000
1790925682.528,store_3,0.000
1790925682.528,store_4,0.000
1790925682.528,store_5,0.000
1790925682.528,store_6,0.000
1790925682.528,store_7,0.000
1790925682.528,avail_mb,21849
1790925682.528,pswpin,1555231
1790925683.539,api,0.020
1790925683.539,client,0.000
1790925683.539,enginecore,0.079
1790925683.539,other_total,0.040
1790925683.539,store_0,0.000
1790925683.539,store_1,0.000
1790925683.539,store_2,0.000
1790925683.539,store_3,0.000
1790925683.539,store_4,0.000
1790925683.539,store_5,0.000
1790925683.539,store_6,0.000
1790925683.539,store_7,0.000
1790925683.539,avail_mb,21851
1790925683.539,pswpin,1555231
1790925684.550,api,0.010
1790925684.550,client,0.000
1790925684.550,enginecore,0.188
1790925684.550,other_total,0.010
1790925684.550,store_0,0.000
1790925684.550,store_1,0.000
1790925684.550,store_2,0.000
1790925684.550,store_3,0.000
1790925684.550,store_4,0.000
1790925684.550,store_5,0.000
1790925684.550,store_6,0.000
1790925684.550,store_7,0.000
1790925684.550,avail_mb,21853
1790925684.550,pswpin,1555231
1790925685.561,api,0.010
1790925685.561,client,0.020
1790925685.561,enginecore,0.129
1790925685.561,other_total,0.030
1790925685.561,store_0,0.000
1790925685.561,store_1,0.000
1790925685.561,store_2,0.000
1790925685.561,store_3,0.000
1790925685.561,store_4,0.000
1790925685.561,store_5,0.000
1790925685.561,store_6,0.000
1790925685.561,store_7,0.000
1790925685.561,avail_mb,21851
1790925685.561,pswpin,1555231
1790925686.572,api,0.020
1790925686.572,client,0.000
1790925686.572,enginecore,0.089
1790925686.572,other_total,0.069
1790925686.572,store_0,0.000
1790925686.572,store_1,0.000
1790925686.572,store_2,0.000
1790925686.572,store_3,0.000
1790925686.572,store_4,0.000
1790925686.572,store_5,0.000
1790925686.572,store_6,0.000
1790925686.572,store_7,0.000
1790925686.572,avail_mb,21894
1790925686.572,pswpin,1555234
1790925687.583,api,0.010
1790925687.583,client,0.000
1790925687.583,enginecore,0.089
1790925687.583,other_total,0.267
1790925687.583,store_0,0.000
1790925687.583,store_1,0.000
1790925687.583,store_2,0.000
1790925687.583,store_3,0.000
1790925687.583,store_4,0.000
1790925687.583,store_5,0.000
1790925687.583,store_6,0.000
1790925687.583,store_7,0.000
1790925687.583,avail_mb,21984
1790925687.583,pswpin,1555242
1790925688.594,api,0.020
1790925688.594,client,0.000
1790925688.594,enginecore,0.109
1790925688.594,other_total,0.049
1790925688.594,store_0,0.000
1790925688.594,store_1,0.000
1790925688.594,store_2,0.000
1790925688.594,store_3,0.000
1790925688.594,store_4,0.000
1790925688.594,store_5,0.000
1790925688.594,store_6,0.000
1790925688.594,store_7,0.000
1790925688.594,avail_mb,22022
1790925688.594,pswpin,1555246
1790925689.605,api,0.010
1790925689.605,enginecore,0.119
1790925689.605,other_total,0.109
1790925689.605,store_0,0.000
1790925689.605,store_1,0.000
1790925689.605,store_2,0.000
1790925689.605,store_3,0.000
1790925689.605,store_4,0.000
1790925689.605,store_5,0.000
1790925689.605,store_6,0.000
1790925689.605,store_7,0.000
1790925689.605,avail_mb,22111
1790925689.605,pswpin,1555247
1790925690.616,api,0.010
1790925690.616,enginecore,0.010
1790925690.616,other_total,0.010
1790925690.616,store_0,0.000
1790925690.616,store_1,0.000
1790925690.616,store_2,0.000
1790925690.616,store_3,0.000
1790925690.616,store_4,0.000
1790925690.616,store_5,0.000
1790925690.616,store_6,0.000
1790925690.616,store_7,0.000
1790925690.616,avail_mb,22113
1790925690.616,pswpin,1555247
1790925691.626,api,0.000
1790925691.626,enginecore,0.040
1790925691.626,other_total,0.000
1790925691.626,store_0,0.000
1790925691.626,store_1,0.000
1790925691.626,store_2,0.000
1790925691.626,store_3,0.000
1790925691.626,store_4,0.000
1790925691.626,store_5,0.000
1790925691.626,store_6,0.000
1790925691.626,store_7,0.000
1790925691.626,avail_mb,22115
1790925691.626,pswpin,1555247
1790925692.636,api,0.000
1790925692.636,enginecore,0.049
1790925692.636,other_total,0.059
1790925692.636,store_0,0.000
1790925692.636,store_1,0.000
1790925692.636,store_2,0.000
1790925692.636,store_3,0.000
1790925692.636,store_4,0.000
1790925692.636,store_5,0.000
1790925692.636,store_6,0.000
1790925692.636,store_7,0.000
1790925692.636,avail_mb,22114
1790925692.636,pswpin,1555247
1790925693.647,api,0.000
1790925693.647,enginecore,0.030
1790925693.647,other_total,0.020
1790925693.647,store_0,0.000
1790925693.647,store_1,0.000
1790925693.647,store_2,0.000
1790925693.647,store_3,0.000
1790925693.647,store_4,0.000
1790925693.647,store_5,0.000
1790925693.647,store_6,0.000
1790925693.647,store_7,0.000
1790925693.647,avail_mb,22114
1790925693.647,pswpin,1555247
1790925694.657,api,0.000
1790925694.657,enginecore,0.020
1790925694.657,other_total,0.010
1790925694.657,store_0,0.000
1790925694.657,store_1,0.000
1790925694.657,store_2,0.000
1790925694.657,store_3,0.000
1790925694.657,store_4,0.000
1790925694.657,store_5,0.000
1790925694.657,store_6,0.000
1790925694.657,store_7,0.000
1790925694.657,avail_mb,22115
1790925694.657,pswpin,1555247
1790925695.667,api,0.030
1790925695.667,enginecore,0.059
1790925695.667,other_total,0.040
1790925695.667,store_0,0.000
1790925695.667,store_1,0.000
1790925695.667,store_2,0.000
1790925695.667,store_3,0.000
1790925695.667,store_4,0.000
1790925695.667,store_5,0.000
1790925695.667,store_6,0.000
1790925695.667,store_7,0.000
1790925695.667,avail_mb,22111
1790925695.667,pswpin,1555247
1790925696.678,api,0.000
1790925696.678,enginecore,0.000
1790925696.678,other_total,0.030
1790925696.678,store_0,0.000
1790925696.678,store_1,0.000
1790925696.678,store_2,0.000
1790925696.678,store_3,0.000
1790925696.678,store_4,0.000
1790925696.678,store_5,0.000
1790925696.678,store_6,0.000
1790925696.678,store_7,0.000
1790925696.678,avail_mb,22113
1790925696.678,pswpin,1555247
1790925697.688,api,0.000
1790925697.688,enginecore,0.050
1790925697.688,other_total,0.000
1790925697.688,store_0,0.000
1790925697.688,store_1,0.000
1790925697.688,store_2,0.000
1790925697.688,store_3,0.000
1790925697.688,store_4,0.000
1790925697.688,store_5,0.000
1790925697.688,store_6,0.000
1790925697.688,store_7,0.000
1790925697.688,avail_mb,22115
1790925697.688,pswpin,1555247
1790925698.699,api,0.040
1790925698.699,enginecore,0.030
1790925698.699,other_total,2.650
1790925698.699,store_0,0.000
1790925698.699,store_1,0.000
1790925698.699,store_2,0.000
1790925698.699,store_3,0.000
1790925698.699,store_4,0.000
1790925698.699,store_5,0.000
1790925698.699,store_6,0.000
1790925698.699,store_7,0.000
1790925698.699,avail_mb,21755
1790925698.699,pswpin,1555247
1790925699.710,api,0.010
1790925699.710,client,0.000
1790925699.710,enginecore,0.049
1790925699.710,other_total,0.000
1790925699.710,store_0,0.000
1790925699.710,store_1,0.000
1790925699.710,store_2,0.000
1790925699.710,store_3,0.000
1790925699.710,store_4,0.000
1790925699.710,store_5,0.000
1790925699.710,store_6,0.000
1790925699.710,store_7,0.000
1790925699.710,avail_mb,21754
1790925699.710,pswpin,1555247
1790925700.720,api,0.000
1790925700.720,client,0.000
1790925700.720,enginecore,0.030
1790925700.720,other_total,0.000
1790925700.720,store_0,0.000
1790925700.720,store_1,0.000
1790925700.720,store_2,0.000
1790925700.720,store_3,0.000
1790925700.720,store_4,0.000
1790925700.720,store_5,0.000
1790925700.720,store_6,0.000
1790925700.720,store_7,0.000
1790925700.720,avail_mb,21754
1790925700.720,pswpin,1555247
1790925701.732,api,0.148
1790925701.732,client,0.099
1790925701.732,enginecore,4.989
1790925701.732,other_total,0.000
1790925701.732,store_0,0.000
1790925701.732,store_1,0.000
1790925701.732,store_2,0.000
1790925701.732,store_3,0.000
1790925701.732,store_4,0.000
1790925701.732,store_5,0.000
1790925701.732,store_6,0.000
1790925701.732,store_7,0.000
1790925701.732,avail_mb,21753
1790925701.732,pswpin,1555247
1790925702.743,api,0.317
1790925702.743,client,0.198
1790925702.743,enginecore,10.042
1790925702.743,other_total,0.000
1790925702.743,store_0,0.000
1790925702.743,store_1,0.000
1790925702.743,store_2,0.000
1790925702.743,store_3,0.000
1790925702.743,store_4,0.000
1790925702.743,store_5,0.000
1790925702.743,store_6,0.000
1790925702.743,store_7,0.000
1790925702.743,avail_mb,21752
1790925702.743,pswpin,1555247
1790925703.756,api,0.435
1790925703.756,client,0.207
1790925703.756,enginecore,10.389
1790925703.756,other_total,0.000
1790925703.756,store_0,0.000
1790925703.756,store_1,0.000
1790925703.756,store_2,0.000
1790925703.756,store_3,0.000
1790925703.756,store_4,0.000
1790925703.756,store_5,0.000
1790925703.756,store_6,0.000
1790925703.756,store_7,0.000
1790925703.756,avail_mb,21751
1790925703.756,pswpin,1555247
1790925704.766,api,0.366
1790925704.766,client,0.198
1790925704.766,enginecore,10.230
1790925704.766,other_total,0.079
1790925704.766,store_0,0.000
1790925704.766,store_1,0.000
1790925704.766,store_2,0.000
1790925704.766,store_3,0.000
1790925704.766,store_4,0.000
1790925704.766,store_5,0.000
1790925704.766,store_6,0.000
1790925704.766,store_7,0.000
1790925704.766,avail_mb,21743
1790925704.766,pswpin,1555247
1790925705.777,api,0.406
1790925705.777,client,0.198
1790925705.777,enginecore,10.076
1790925705.777,other_total,0.000
1790925705.777,store_0,0.000
1790925705.777,store_1,0.000
1790925705.777,store_2,0.000
1790925705.777,store_3,0.000
1790925705.777,store_4,0.000
1790925705.777,store_5,0.000
1790925705.777,store_6,0.000
1790925705.777,store_7,0.000
1790925705.777,avail_mb,21736
1790925705.777,pswpin,1555247
1790925706.788,api,0.445
1790925706.788,client,0.227
1790925706.788,enginecore,10.569
1790925706.788,other_total,0.000
1790925706.788,store_0,0.000
1790925706.788,store_1,0.000
1790925706.788,store_2,0.000
1790925706.788,store_3,0.000
1790925706.788,store_4,0.000
1790925706.788,store_5,0.000
1790925706.788,store_6,0.000
1790925706.788,store_7,0.000
1790925706.788,avail_mb,21727
1790925706.788,pswpin,1555247
1790925707.799,api,0.386
1790925707.799,client,0.198
1790925707.799,enginecore,9.826
1790925707.799,other_total,0.000
1790925707.799,store_0,0.000
1790925707.799,store_1,0.000
1790925707.799,store_2,0.000
1790925707.799,store_3,0.000
1790925707.799,store_4,0.000
1790925707.799,store_5,0.000
1790925707.799,store_6,0.000
1790925707.799,store_7,0.000
1790925707.799,avail_mb,21714
1790925707.799,pswpin,1555247
1790925708.810,api,0.406
1790925708.810,client,0.198
1790925708.810,enginecore,10.149
1790925708.810,other_total,0.000
1790925708.810,store_0,0.000
1790925708.810,store_1,0.000
1790925708.810,store_2,0.000
1790925708.810,store_3,0.000
1790925708.810,store_4,0.000
1790925708.810,store_5,0.000
1790925708.810,store_6,0.000
1790925708.810,store_7,0.000
1790925708.810,avail_mb,21708
1790925708.810,pswpin,1555247
1790925709.820,api,0.396
1790925709.820,client,0.158
1790925709.820,enginecore,10.434
1790925709.820,other_total,0.030
1790925709.820,store_0,0.000
1790925709.820,store_1,0.000
1790925709.820,store_2,0.000
1790925709.820,store_3,0.000
1790925709.820,store_4,0.000
1790925709.820,store_5,0.000
1790925709.820,store_6,0.000
1790925709.820,store_7,0.000
1790925709.820,avail_mb,21703
1790925709.820,pswpin,1555247
1790925710.830,api,0.386
1790925710.830,client,0.218
1790925710.830,enginecore,10.055
1790925710.830,other_total,0.000
1790925710.830,store_0,0.000
1790925710.830,store_1,0.000
1790925710.830,store_2,0.000
1790925710.830,store_3,0.000
1790925710.830,store_4,0.000
1790925710.830,store_5,0.000
1790925710.830,store_6,0.000
1790925710.830,store_7,0.000
1790925710.830,avail_mb,21698
1790925710.830,pswpin,1555247
1790925711.841,api,0.406
1790925711.841,client,0.237
1790925711.841,enginecore,10.448
1790925711.841,other_total,0.000
1790925711.841,store_0,0.000
1790925711.841,store_1,0.000
1790925711.841,store_2,0.000
1790925711.841,store_3,0.000
1790925711.841,store_4,0.000
1790925711.841,store_5,0.000
1790925711.841,store_6,0.000
1790925711.841,store_7,0.000
1790925711.841,avail_mb,21697
1790925711.841,pswpin,1555247
1790925712.851,api,0.426
1790925712.851,client,0.178
1790925712.851,enginecore,10.400
1790925712.851,other_total,0.000
1790925712.851,store_0,0.000
1790925712.851,store_1,0.000
1790925712.851,store_2,0.000
1790925712.851,store_3,0.000
1790925712.851,store_4,0.000
1790925712.851,store_5,0.000
1790925712.851,store_6,0.000
1790925712.851,store_7,0.000
1790925712.851,avail_mb,21693
1790925712.851,pswpin,1555247
1790925713.862,api,0.396
1790925713.862,client,0.238
1790925713.862,enginecore,10.177
1790925713.862,other_total,0.030
1790925713.862,store_0,0.000
1790925713.862,store_1,0.000
1790925713.862,store_2,0.000
1790925713.862,store_3,0.000
1790925713.862,store_4,0.000
1790925713.862,store_5,0.000
1790925713.862,store_6,0.000
1790925713.862,store_7,0.000
1790925713.862,avail_mb,21688
1790925713.862,pswpin,1555247
1790925714.873,api,0.376
1790925714.873,client,0.158
1790925714.873,enginecore,10.005
1790925714.873,other_total,0.000
1790925714.873,store_0,0.000
1790925714.873,store_1,0.000
1790925714.873,store_2,0.000
1790925714.873,store_3,0.000
1790925714.873,store_4,0.000
1790925714.873,store_5,0.000
1790925714.873,store_6,0.000
1790925714.873,store_7,0.000
1790925714.873,avail_mb,21687
1790925714.873,pswpin,1555247
1790925715.883,api,0.376
1790925715.883,client,0.208
1790925715.883,enginecore,10.127
1790925715.883,other_total,0.020
1790925715.883,store_0,0.000
1790925715.883,store_1,0.000
1790925715.883,store_2,0.000
1790925715.883,store_3,0.000
1790925715.883,store_4,0.000
1790925715.883,store_5,0.000
1790925715.883,store_6,0.000
1790925715.883,store_7,0.000
1790925715.883,avail_mb,21684
1790925715.883,pswpin,1555247
1790925716.893,api,0.366
1790925716.893,client,0.208
1790925716.893,enginecore,10.117
1790925716.893,other_total,0.049
1790925716.893,store_0,0.000
1790925716.893,store_1,0.000
1790925716.893,store_2,0.000
1790925716.893,store_3,0.000
1790925716.893,store_4,0.000
1790925716.893,store_5,0.000
1790925716.893,store_6,0.000
1790925716.893,store_7,0.000
1790925716.893,avail_mb,21680
1790925716.893,pswpin,1555247
1790925717.903,api,0.426
1790925717.903,client,0.168
1790925717.903,enginecore,10.119
1790925717.903,other_total,0.000
1790925717.903,store_0,0.000
1790925717.903,store_1,0.000
1790925717.903,store_2,0.000
1790925717.903,store_3,0.000
1790925717.903,store_4,0.000
1790925717.903,store_5,0.000
1790925717.903,store_6,0.000
1790925717.903,store_7,0.000
1790925717.903,avail_mb,21674
1790925717.903,pswpin,1555247
1790925718.914,api,0.386
1790925718.914,client,0.198
1790925718.914,enginecore,10.017
1790925718.914,other_total,0.000
1790925718.914,store_0,0.000
1790925718.914,store_1,0.000
1790925718.914,store_2,0.000
1790925718.914,store_3,0.000
1790925718.914,store_4,0.000
1790925718.914,store_5,0.000
1790925718.914,store_6,0.000
1790925718.914,store_7,0.000
1790925718.914,avail_mb,21667
1790925718.914,pswpin,1555247
1790925719.924,api,0.366
1790925719.924,client,0.168
1790925719.924,enginecore,10.059
1790925719.924,other_total,0.109
1790925719.924,store_0,0.000
1790925719.924,store_1,0.000
1790925719.924,store_2,0.000
1790925719.924,store_3,0.000
1790925719.924,store_4,0.000
1790925719.924,store_5,0.000
1790925719.924,store_6,0.000
1790925719.924,store_7,0.000
1790925719.924,avail_mb,21658
1790925719.924,pswpin,1555247
1790925720.935,api,0.396
1790925720.935,client,0.218
1790925720.935,enginecore,10.504
1790925720.935,other_total,0.010
1790925720.935,store_0,0.000
1790925720.935,store_1,0.000
1790925720.935,store_2,0.000
1790925720.935,store_3,0.000
1790925720.935,store_4,0.000
1790925720.935,store_5,0.000
1790925720.935,store_6,0.000
1790925720.935,store_7,0.000
1790925720.935,avail_mb,21656
1790925720.935,pswpin,1555249
1790925721.945,api,0.436
1790925721.945,client,0.218
1790925721.945,enginecore,10.195
1790925721.945,other_total,0.000
1790925721.945,store_0,0.000
1790925721.945,store_1,0.000
1790925721.945,store_2,0.000
1790925721.945,store_3,0.000
1790925721.945,store_4,0.000
1790925721.945,store_5,0.000
1790925721.945,store_6,0.000
1790925721.945,store_7,0.000
1790925721.945,avail_mb,21651
1790925721.945,pswpin,1555249
1790925722.957,api,0.386
1790925722.957,client,0.198
1790925722.957,enginecore,9.996
1790925722.957,other_total,0.000
1790925722.957,store_0,0.000
1790925722.957,store_1,0.000
1790925722.957,store_2,0.000
1790925722.957,store_3,0.000
1790925722.957,store_4,0.000
1790925722.957,store_5,0.000
1790925722.957,store_6,0.000
1790925722.957,store_7,0.000
1790925722.957,avail_mb,21644
1790925722.957,pswpin,1555249
1790925723.967,api,0.346
1790925723.967,client,0.178
1790925723.967,enginecore,9.853
1790925723.967,other_total,0.000
1790925723.967,store_0,0.000
1790925723.967,store_1,0.000
1790925723.967,store_2,0.000
1790925723.967,store_3,0.000
1790925723.967,store_4,0.000
1790925723.967,store_5,0.000
1790925723.967,store_6,0.000
1790925723.967,store_7,0.000
1790925723.967,avail_mb,21636
1790925723.967,pswpin,1555249
1790925724.979,api,0.386
1790925724.979,client,0.178
1790925724.979,enginecore,10.107
1790925724.979,other_total,0.000
1790925724.979,store_0,0.000
1790925724.979,store_1,0.000
1790925724.979,store_2,0.000
1790925724.979,store_3,0.000
1790925724.979,store_4,0.000
1790925724.979,store_5,0.000
1790925724.979,store_6,0.000
1790925724.979,store_7,0.000
1790925724.979,avail_mb,21631
1790925724.979,pswpin,1555249
1790925725.990,api,0.326
1790925725.990,client,0.178
1790925725.990,enginecore,9.949
1790925725.990,other_total,0.049
1790925725.990,store_0,0.000
1790925725.990,store_1,0.000
1790925725.990,store_2,0.000
1790925725.990,store_3,0.000
1790925725.990,store_4,0.000
1790925725.990,store_5,0.000
1790925725.990,store_6,0.000
1790925725.990,store_7,0.000
1790925725.990,avail_mb,21625
1790925725.990,pswpin,1555249
1790925727.001,api,0.386
1790925727.001,client,0.178
1790925727.001,enginecore,10.042
1790925727.001,other_total,0.000
1790925727.001,store_0,0.000
1790925727.001,store_1,0.000
1790925727.001,store_2,0.000
1790925727.001,store_3,0.000
1790925727.001,store_4,0.000
1790925727.001,store_5,0.000
1790925727.001,store_6,0.000
1790925727.001,store_7,0.000
1790925727.001,avail_mb,21621
1790925727.001,pswpin,1555249
1790925728.011,api,0.366
1790925728.011,client,0.198
1790925728.011,enginecore,10.282
1790925728.011,other_total,0.000
1790925728.011,store_0,0.000
1790925728.011,store_1,0.000
1790925728.011,store_2,0.000
1790925728.011,store_3,0.000
1790925728.011,store_4,0.000
1790925728.011,store_5,0.000
1790925728.011,store_6,0.000
1790925728.011,store_7,0.000
1790925728.011,avail_mb,21615
1790925728.011,pswpin,1555249
1790925729.021,api,0.446
1790925729.021,client,0.198
1790925729.021,enginecore,10.108
1790925729.021,other_total,0.000
1790925729.021,store_0,0.000
1790925729.021,store_1,0.000
1790925729.021,store_2,0.000
1790925729.021,store_3,0.000
1790925729.021,store_4,0.000
1790925729.021,store_5,0.000
1790925729.021,store_6,0.000
1790925729.021,store_7,0.000
1790925729.021,avail_mb,21604
1790925729.021,pswpin,1555249
1790925730.033,api,0.366
1790925730.033,client,0.198
1790925730.033,enginecore,10.045
1790925730.033,other_total,0.000
1790925730.033,store_0,0.000
1790925730.033,store_1,0.000
1790925730.033,store_2,0.000
1790925730.033,store_3,0.000
1790925730.033,store_4,0.000
1790925730.033,store_5,0.000
1790925730.033,store_6,0.000
1790925730.033,store_7,0.000
1790925730.033,avail_mb,21601
1790925730.033,pswpin,1555249
1790925731.045,api,0.405
1790925731.045,client,0.207
1790925731.045,enginecore,10.249
1790925731.045,other_total,0.000
1790925731.045,store_0,0.000
1790925731.045,store_1,0.000
1790925731.045,store_2,0.000
1790925731.045,store_3,0.000
1790925731.045,store_4,0.000
1790925731.045,store_5,0.000
1790925731.045,store_6,0.000
1790925731.045,store_7,0.000
1790925731.045,avail_mb,21596
1790925731.045,pswpin,1555249
1790925732.056,api,0.386
1790925732.056,client,0.228
1790925732.056,enginecore,10.187
1790925732.056,other_total,0.000
1790925732.056,store_0,0.000
1790925732.056,store_1,0.000
1790925732.056,store_2,0.000
1790925732.056,store_3,0.000
1790925732.056,store_4,0.000
1790925732.056,store_5,0.000
1790925732.056,store_6,0.000
1790925732.056,store_7,0.000
1790925732.056,avail_mb,21581
1790925732.056,pswpin,1555249
1790925733.066,api,0.396
1790925733.066,client,0.188
1790925733.066,enginecore,10.326
1790925733.066,other_total,0.000
1790925733.066,store_0,0.000
1790925733.066,store_1,0.000
1790925733.066,store_2,0.000
1790925733.066,store_3,0.000
1790925733.066,store_4,0.000
1790925733.066,store_5,0.000
1790925733.066,store_6,0.000
1790925733.066,store_7,0.000
1790925733.066,avail_mb,21579
1790925733.066,pswpin,1555249
1790925734.076,api,0.406
1790925734.076,client,0.218
1790925734.076,enginecore,10.125
1790925734.076,other_total,0.000
1790925734.076,store_0,0.000
1790925734.076,store_1,0.000
1790925734.076,store_2,0.000
1790925734.076,store_3,0.000
1790925734.076,store_4,0.000
1790925734.076,store_5,0.000
1790925734.076,store_6,0.000
1790925734.076,store_7,0.000
1790925734.076,avail_mb,21575
1790925734.076,pswpin,1555249
1790925735.087,api,0.376
1790925735.087,client,0.198
1790925735.087,enginecore,10.187
1790925735.087,other_total,0.000
1790925735.087,store_0,0.000
1790925735.087,store_1,0.000
1790925735.087,store_2,0.000
1790925735.087,store_3,0.000
1790925735.087,store_4,0.000
1790925735.087,store_5,0.000
1790925735.087,store_6,0.000
1790925735.087,store_7,0.000
1790925735.087,avail_mb,21564
1790925735.087,pswpin,1555249
1790925736.097,api,0.386
1790925736.097,client,0.198
1790925736.097,enginecore,10.355
1790925736.097,other_total,0.099
1790925736.097,store_0,0.000
1790925736.097,store_1,0.000
1790925736.097,store_2,0.000
1790925736.097,store_3,0.000
1790925736.097,store_4,0.000
1790925736.097,store_5,0.000
1790925736.097,store_6,0.000
1790925736.097,store_7,0.000
1790925736.097,avail_mb,21566
1790925736.097,pswpin,1555249
1790925737.108,api,0.435
1790925737.108,client,0.228
1790925737.108,enginecore,10.250
1790925737.108,other_total,0.000
1790925737.108,store_0,0.000
1790925737.108,store_1,0.000
1790925737.108,store_2,0.000
1790925737.108,store_3,0.000
1790925737.108,store_4,0.000
1790925737.108,store_5,0.000
1790925737.108,store_6,0.000
1790925737.108,store_7,0.000
1790925737.108,avail_mb,21564
1790925737.108,pswpin,1555249
1790925738.119,api,0.366
1790925738.119,client,0.188
1790925738.119,enginecore,8.809
1790925738.119,other_total,0.049
1790925738.119,store_0,0.000
1790925738.119,store_1,0.000
1790925738.119,store_2,0.000
1790925738.119,store_3,0.000
1790925738.119,store_4,0.000
1790925738.119,store_5,0.000
1790925738.119,store_6,0.000
1790925738.119,store_7,0.000
1790925738.119,avail_mb,21591
1790925738.119,pswpin,1555249
1790925739.129,api,0.317
1790925739.129,client,0.089
1790925739.129,enginecore,7.288
1790925739.129,other_total,0.010
1790925739.129,store_0,0.000
1790925739.129,store_1,0.000
1790925739.129,store_2,0.000
1790925739.129,store_3,0.000
1790925739.129,store_4,0.000
1790925739.129,store_5,0.000
1790925739.129,store_6,0.000
1790925739.129,store_7,0.000
1790925739.129,avail_mb,21669
1790925739.129,pswpin,1555254
1790925740.139,api,0.218
1790925740.139,client,0.099
1790925740.139,enginecore,4.704
1790925740.139,other_total,0.030
1790925740.139,store_0,0.000
1790925740.139,store_1,0.000
1790925740.139,store_2,0.000
1790925740.139,store_3,0.000
1790925740.139,store_4,0.000
1790925740.139,store_5,0.000
1790925740.139,store_6,0.000
1790925740.139,store_7,0.000
1790925740.139,avail_mb,21764
1790925740.139,pswpin,1555255
1790925741.149,api,0.109
1790925741.149,client,0.030
1790925741.149,enginecore,2.654
1790925741.149,other_total,0.069
1790925741.149,store_0,0.000
1790925741.149,store_1,0.000
1790925741.149,store_2,0.000
1790925741.149,store_3,0.000
1790925741.149,store_4,0.000
1790925741.149,store_5,0.000
1790925741.149,store_6,0.000
1790925741.149,store_7,0.000
1790925741.149,avail_mb,21801
1790925741.149,pswpin,1555256
1790925742.159,api,0.168
1790925742.159,client,0.049
1790925742.159,enginecore,2.731
1790925742.159,other_total,0.000
1790925742.159,store_0,0.000
1790925742.159,store_1,0.000
1790925742.159,store_2,0.000
1790925742.159,store_3,0.000
1790925742.159,store_4,0.000
1790925742.159,store_5,0.000
1790925742.159,store_6,0.000
1790925742.159,store_7,0.000
1790925742.159,avail_mb,21808
1790925742.159,pswpin,1555256
1790925743.169,api,0.079
1790925743.169,enginecore,1.694
1790925743.169,other_total,0.069
1790925743.169,store_0,0.000
1790925743.169,store_1,0.000
1790925743.169,store_2,0.000
1790925743.169,store_3,0.000
1790925743.169,store_4,0.000
1790925743.169,store_5,0.000
1790925743.169,store_6,0.000
1790925743.169,store_7,0.000
1790925743.169,avail_mb,21904
1790925743.169,pswpin,1555258
1790925744.179,api,0.010
1790925744.179,enginecore,0.040
1790925744.179,other_total,0.040
1790925744.179,store_0,0.000
1790925744.179,store_1,0.000
1790925744.179,store_2,0.000
1790925744.179,store_3,0.000
1790925744.179,store_4,0.000
1790925744.179,store_5,0.000
1790925744.179,store_6,0.000
1790925744.179,store_7,0.000
1790925744.179,avail_mb,21896
1790925744.179,pswpin,1555258
1790925745.190,api,0.010
1790925745.190,enginecore,0.030
1790925745.190,other_total,0.000
1790925745.190,store_0,0.000
1790925745.190,store_1,0.000
1790925745.190,store_2,0.000
1790925745.190,store_3,0.000
1790925745.190,store_4,0.000
1790925745.190,store_5,0.000
1790925745.190,store_6,0.000
1790925745.190,store_7,0.000
1790925745.190,avail_mb,21895
1790925745.190,pswpin,1555258
1790925746.199,api,0.000
1790925746.199,enginecore,0.040
1790925746.199,other_total,0.010
1790925746.199,store_0,0.000
1790925746.199,store_1,0.000
1790925746.199,store_2,0.000
1790925746.199,store_3,0.000
1790925746.199,store_4,0.000
1790925746.199,store_5,0.000
1790925746.199,store_6,0.000
1790925746.199,store_7,0.000
1790925746.199,avail_mb,21895
1790925746.199,pswpin,1555258
1790925747.210,api,0.010
1790925747.210,enginecore,0.040
1790925747.210,other_total,0.049
1790925747.210,store_0,0.000
1790925747.210,store_1,0.000
1790925747.210,store_2,0.000
1790925747.210,store_3,0.000
1790925747.210,store_4,0.000
1790925747.210,store_5,0.000
1790925747.210,store_6,0.000
1790925747.210,store_7,0.000
1790925747.210,avail_mb,21893
1790925747.210,pswpin,1555258
1790925748.221,api,0.010
1790925748.221,enginecore,0.030
1790925748.221,other_total,0.059
1790925748.221,store_0,0.000
1790925748.221,store_1,0.000
1790925748.221,store_2,0.000
1790925748.221,store_3,0.000
1790925748.221,store_4,0.000
1790925748.221,store_5,0.000
1790925748.221,store_6,0.000
1790925748.221,store_7,0.000
1790925748.221,avail_mb,21892
1790925748.221,pswpin,1555258
