ts,pid,n_threads,n_busy,user_cores,sys_cores,invol_cs_s,vol_cs_s
1790925128.615,492902,54,0,0.403,0.030,8.0,708.3
1790925128.615,492906,52,1,0.912,0.090,73.7,732.7
1790925130.622,492902,65,0,0.274,0.080,4.0,699.3
1790925130.622,492906,53,1,0.697,0.204,20.9,699.8
1790925132.630,492902,65,0,0.000,0.000,0.5,680.8
1790925132.630,492906,62,1,0.483,0.095,15.4,699.2
1790925134.638,492902,65,0,0.000,0.000,0.5,682.7
1790925134.638,492906,66,0,0.279,0.010,5.5,695.7
1790925136.649,492906,67,0,0.075,0.005,3.5,1297.9
1790925138.657,492906,67,0,0.010,0.000,2.5,680.6
1790925140.665,492906,67,0,0.000,0.000,1.0,680.2
1790925142.674,492906,67,0,0.000,0.000,0.0,683.5
1790925144.682,492906,67,0,0.010,0.000,1.0,680.3
1790925146.689,492906,67,0,0.000,0.000,0.0,684.7
1790925148.699,492906,67,0,0.000,0.000,0.0,683.1
1790925148.699,494226,51,1,0.811,0.060,20.4,744.8
1790925148.699,494227,51,1,0.746,0.065,10.9,739.8
1790925150.708,492906,67,0,0.005,0.000,0.0,682.3
1790925150.708,494226,52,1,0.841,0.154,70.2,682.3
1790925150.708,494227,52,0,0.264,0.015,2.5,690.8
1790925152.717,492906,67,0,0.015,0.010,0.0,683.4
1790925152.717,494226,53,1,0.617,0.139,17.4,705.8
1790925152.717,494227,65,0,0.348,0.090,10.0,715.2
1790925154.726,492906,67,0,0.000,0.000,0.0,680.8
1790925154.726,494226,62,1,0.577,0.100,15.4,696.7
1790925154.726,494227,65,0,0.000,0.000,0.0,693.2
1790925156.736,492906,67,0,0.000,0.000,0.5,679.2
1790925156.736,494226,66,0,0.184,0.000,1.0,692.6
1790925156.736,494227,65,0,0.000,0.000,0.5,679.7
1790925158.749,492906,67,0,0.000,0.005,0.5,677.3
1790925158.749,494226,67,0,0.080,0.005,5.0,1259.3
1790925160.759,492906,67,0,0.010,0.000,1.5,677.9
1790925160.759,494226,67,0,0.010,0.000,0.0,679.9
1790925162.769,492906,67,0,0.005,0.000,0.0,681.6
1790925162.769,494226,67,0,0.000,0.000,1.5,683.1
1790925164.779,492906,67,0,0.000,0.000,0.5,677.8
1790925164.779,494226,67,0,0.000,0.000,0.0,680.8
1790925166.787,492906,67,0,0.000,0.000,0.0,682.2
1790925166.787,494226,67,0,0.000,0.005,0.5,685.7
1790925168.795,492906,67,0,0.005,0.000,0.0,679.6
1790925168.795,494226,67,0,0.005,0.005,0.0,683.1
1790925170.806,492906,67,0,0.000,0.005,0.5,680.5
1790925170.806,494226,67,0,0.005,0.000,0.5,682.5
1790925170.806,494767,51,1,0.831,0.045,28.4,851.6
1790925170.806,494771,51,1,0.836,0.070,9.5,863.5
1790925172.816,492906,67,0,0.000,0.000,0.0,680.3
1790925172.816,494226,67,0,0.005,0.000,0.5,682.3
1790925172.816,494767,52,1,0.816,0.184,55.7,681.8
1790925172.816,494771,52,0,0.149,0.000,2.5,690.3
1790925174.827,492906,67,0,0.005,0.000,0.5,684.5
1790925174.827,494226,67,0,0.005,0.000,0.5,680.0
1790925174.827,494767,53,1,0.572,0.095,17.9,705.8
1790925174.827,494771,54,0,0.010,0.000,1.5,687.4
1790925176.837,492906,67,0,0.000,0.000,0.0,680.8
1790925176.837,494226,67,0,0.000,0.000,0.0,680.3
1790925176.837,494767,62,0,0.373,0.104,9.0,699.2
1790925176.837,494771,65,0,0.328,0.094,4.0,702.7
1790925178.848,492906,67,0,0.005,0.005,0.0,680.7
1790925178.848,494226,67,0,0.000,0.000,0.0,681.7
1790925178.848,494767,66,0,0.388,0.015,2.0,696.1
1790925178.848,494771,65,0,0.000,0.000,0.0,682.2
1790925180.862,492906,67,0,0.005,0.000,0.0,677.8
1790925180.862,494226,67,0,0.005,0.000,0.5,678.3
1790925180.862,494767,66,0,0.000,0.000,1.0,679.8
1790925180.862,494771,65,0,0.000,0.000,0.5,682.8
1790925182.877,492906,67,0,0.015,0.000,1.0,677.2
1790925182.877,494226,67,0,0.015,0.000,3.0,679.6
1790925182.877,494767,67,0,0.079,0.005,2.0,1086.7
1790925184.888,492906,67,0,0.010,0.000,0.0,679.0
1790925184.888,494226,67,0,0.005,0.000,0.0,678.5
1790925184.888,494767,67,0,0.020,0.000,0.0,679.0
1790925186.901,492906,67,0,0.005,0.000,0.0,682.3
1790925186.901,494226,67,0,0.000,0.000,0.0,682.8
1790925186.901,494767,67,0,0.000,0.000,0.0,685.2
1790925188.913,492906,67,0,0.000,0.000,0.0,677.7
1790925188.913,494226,67,0,0.000,0.000,0.0,680.7
1790925188.913,494767,67,0,0.005,0.000,0.5,681.7
1790925190.923,492906,67,0,0.005,0.000,0.0,681.2
1790925190.923,494226,67,0,0.000,0.000,0.0,678.7
1790925190.923,494767,67,0,0.000,0.000,0.0,682.2
1790925192.933,492906,67,0,0.000,0.000,0.5,681.5
1790925192.933,494226,67,0,0.005,0.000,0.0,681.0
1790925192.933,494767,67,0,0.000,0.000,0.0,682.0
1790925194.946,492906,67,0,0.000,0.000,0.5,682.8
1790925194.946,494226,67,0,0.010,0.000,0.5,679.8
1790925194.946,494767,67,0,0.005,0.000,0.0,681.8
1790925194.946,495346,51,1,0.825,0.045,27.3,850.2
1790925194.946,495350,51,1,0.840,0.065,11.9,799.6
1790925196.958,492906,67,0,0.010,0.000,0.0,681.3
1790925196.958,494226,67,0,0.010,0.000,0.0,679.8
1790925196.958,494767,67,0,0.000,0.000,0.0,681.8
1790925196.958,495346,52,1,0.765,0.234,51.2,684.3
1790925196.958,495350,52,0,0.055,0.005,1.0,690.8
1790925198.970,492906,67,0,0.005,0.000,0.0,680.9
1790925198.970,494226,67,0,0.000,0.000,0.0,680.9
1790925198.970,494767,67,0,0.000,0.000,1.0,680.9
1790925198.970,495346,53,1,0.517,0.050,17.9,704.2
1790925198.970,495350,54,0,0.055,0.000,1.0,686.3
1790925200.984,492906,67,0,0.005,0.005,0.0,679.7
1790925200.984,494226,67,0,0.000,0.000,0.0,680.2
1790925200.984,494767,67,0,0.000,0.000,0.0,680.7
1790925200.984,495346,62,0,0.447,0.104,8.9,696.1
1790925200.984,495350,65,0,0.288,0.084,7.4,698.6
1790925202.997,492906,67,0,0.005,0.000,0.0,679.7
1790925202.997,494226,67,0,0.005,0.000,0.0,680.7
1790925202.997,494767,67,0,0.010,0.005,0.0,683.2
1790925202.997,495346,66,0,0.308,0.005,3.0,695.6
1790925202.997,495350,65,0,0.000,0.000,0.0,684.2
1790925205.012,492906,67,0,0.000,0.000,0.0,681.1
1790925205.012,494226,67,0,0.000,0.000,0.0,684.1
1790925205.012,494767,67,0,0.005,0.000,0.0,682.1
1790925205.012,495346,66,0,0.000,0.000,0.0,685.1
1790925205.012,495350,65,0,0.035,0.010,2.0,693.0
1790925207.029,492906,67,0,0.000,0.000,0.0,679.5
1790925207.029,494226,67,0,0.000,0.000,0.0,679.0
1790925207.029,494767,67,0,0.000,0.000,0.0,679.5
1790925207.029,495346,67,0,0.074,0.005,9.4,1280.7
1790925209.040,492906,67,0,0.000,0.000,0.0,682.1
1790925209.040,494226,67,0,0.005,0.000,0.5,681.1
1790925209.040,494767,67,0,0.000,0.000,0.0,681.1
1790925209.040,495346,67,0,0.005,0.000,0.0,682.1
1790925211.055,492906,67,0,0.000,0.000,0.0,681.8
1790925211.055,494226,67,0,0.005,0.000,1.0,679.3
1790925211.055,494767,67,0,0.010,0.005,0.0,679.8
1790925211.055,495346,67,0,0.020,0.000,1.0,681.8
1790925213.067,492906,67,0,0.010,0.000,0.0,679.5
1790925213.067,494226,67,0,0.010,0.000,0.0,680.5
1790925213.067,494767,67,0,0.000,0.000,0.0,681.0
1790925213.067,495346,67,0,0.005,0.000,0.5,684.9
1790925215.079,492906,67,0,0.005,0.000,1.0,680.3
1790925215.079,494226,67,0,0.000,0.000,0.0,680.8
1790925215.079,494767,67,0,0.000,0.000,1.0,679.8
1790925215.079,495346,67,0,0.000,0.000,0.0,683.2
1790925217.091,492906,67,0,0.000,0.000,0.0,681.1
1790925217.091,494226,67,0,0.000,0.000,0.5,680.1
1790925217.091,494767,67,0,0.005,0.000,0.0,680.1
1790925217.091,495346,67,0,0.000,0.000,0.0,682.6
1790925219.105,492906,67,0,0.005,0.000,0.0,680.8
1790925219.105,494226,67,0,0.005,0.005,1.5,680.8
1790925219.105,494767,67,0,0.000,0.000,0.0,679.3
1790925219.105,495346,67,0,0.000,0.000,0.0,681.3
1790925219.105,495974,52,1,0.824,0.060,17.9,749.9
1790925219.105,495975,51,1,0.814,0.050,42.2,777.7
1790925221.118,492906,67,0,0.010,0.000,0.0,680.9
1790925221.118,494226,67,0,0.000,0.000,0.5,683.4
1790925221.118,494767,67,0,0.000,0.000,0.0,684.9
1790925221.118,495346,67,0,0.000,0.000,0.0,681.4
1790925221.118,495974,54,0,0.070,0.000,2.5,690.4
1790925221.118,495975,52,1,0.780,0.219,50.2,681.4
1790925223.132,492906,67,0,0.000,0.000,0.0,680.8
1790925223.132,494226,67,0,0.005,0.000,0.5,681.3
1790925223.132,494767,67,0,0.005,0.005,0.5,681.8
1790925223.132,495346,67,0,0.000,0.000,0.0,679.8
1790925223.132,495974,65,0,0.293,0.089,5.5,715.5
1790925223.132,495975,53,1,0.462,0.050,16.9,703.6
1790925225.146,492906,67,0,0.000,0.000,0.0,679.7
1790925225.146,494226,67,0,0.000,0.000,0.0,680.2
1790925225.146,494767,67,0,0.000,0.000,0.0,679.7
1790925225.146,495346,67,0,0.000,0.000,1.5,682.2
1790925225.146,495974,65,0,0.000,0.000,1.0,682.2
1790925225.146,495975,62,0,0.402,0.104,5.5,725.9
1790925227.160,492906,67,0,0.000,0.000,0.0,684.2
1790925227.160,494226,67,0,0.005,0.000,0.0,679.2
1790925227.160,494767,67,0,0.015,0.010,0.5,679.7
1790925227.160,495346,67,0,0.010,0.000,0.0,681.2
1790925227.160,495974,65,0,0.000,0.000,0.0,686.7
1790925227.160,495975,66,0,0.387,0.015,3.5,697.1
1790925229.177,492906,67,0,0.005,0.000,0.0,680.1
1790925229.177,494226,67,0,0.010,0.000,0.0,680.1
1790925229.177,494767,67,0,0.000,0.000,0.0,679.6
1790925229.177,495346,67,0,0.015,0.000,0.0,682.5
1790925229.177,495974,66,0,0.094,0.015,1.0,770.8
1790925229.177,495975,66,0,0.000,0.000,0.0,682.1
1790925231.193,492906,67,0,0.000,0.000,0.5,680.6
1790925231.193,494226,67,0,0.000,0.000,1.0,680.6
1790925231.193,494767,67,0,0.000,0.000,0.0,681.1
1790925231.193,495346,67,0,0.005,0.000,0.0,680.6
1790925231.193,495975,67,0,0.079,0.010,7.4,1235.7
1790925233.206,492906,67,0,0.005,0.000,0.0,680.1
1790925233.206,494226,67,0,0.000,0.000,0.0,680.6
1790925233.206,494767,67,0,0.000,0.000,0.0,681.1
1790925233.206,495346,67,0,0.000,0.000,0.0,680.6
1790925233.206,495975,67,0,0.015,0.000,0.0,682.6
1790925235.223,492906,67,0,0.000,0.000,0.0,678.8
1790925235.223,494226,67,0,0.000,0.000,0.0,680.8
1790925235.223,494767,67,0,0.000,0.000,0.0,678.3
1790925235.223,495346,67,0,0.000,0.000,0.0,680.3
1790925235.223,495975,67,0,0.005,0.000,0.0,681.3
1790925237.236,492906,67,0,0.005,0.000,0.5,682.0
1790925237.236,494226,67,0,0.010,0.010,0.5,682.0
1790925237.236,494767,67,0,0.000,0.000,0.0,684.4
1790925237.236,495346,67,0,0.000,0.000,0.5,680.0
1790925237.236,495975,67,0,0.010,0.000,0.0,681.5
1790925239.250,492906,67,0,0.005,0.000,0.0,680.0
1790925239.250,494226,67,0,0.000,0.000,0.5,680.5
1790925239.250,494767,67,0,0.000,0.000,0.0,680.5
1790925239.250,495346,67,0,0.000,0.000,0.5,680.0
1790925239.250,495975,67,0,0.000,0.000,0.5,686.0
1790925241.263,492906,67,0,0.010,0.000,0.0,681.1
1790925241.263,494226,67,0,0.010,0.005,0.0,681.1
1790925241.263,494767,67,0,0.000,0.000,0.0,682.1
1790925241.263,495346,67,0,0.010,0.000,0.5,679.6
1790925241.263,495975,67,0,0.000,0.000,0.0,682.6
1790925243.278,492906,67,0,0.010,0.000,0.0,682.3
1790925243.278,494226,67,0,0.000,0.000,0.0,679.9
1790925243.278,494767,67,0,0.005,0.005,0.0,679.9
1790925243.278,495346,67,0,0.000,0.000,1.0,683.8
1790925243.278,495975,67,0,0.000,0.000,0.5,681.3
1790925243.278,496628,52,1,0.725,0.045,14.9,741.4
1790925243.278,496632,51,1,0.819,0.030,45.7,775.6
1790925245.293,492906,67,0,0.005,0.000,0.0,679.3
1790925245.293,494226,67,0,0.005,0.000,0.5,680.8
1790925245.293,494767,67,0,0.010,0.000,0.5,679.3
1790925245.293,495346,67,0,0.000,0.000,0.0,681.8
1790925245.293,495975,67,0,0.000,0.000,0.5,682.8
1790925245.293,496628,52,0,0.000,0.000,0.0,684.3
1790925245.293,496632,52,1,0.764,0.233,38.2,697.7
1790925247.309,492906,67,0,0.010,0.005,0.0,681.7
1790925247.309,494226,67,0,0.010,0.000,0.0,679.2
1790925247.309,494767,67,0,0.000,0.000,1.0,678.8
1790925247.309,495346,67,0,0.015,0.000,0.0,679.7
1790925247.309,495975,67,0,0.000,0.000,0.0,679.7
1790925247.309,496628,52,0,0.000,0.000,0.0,680.2
1790925247.309,496632,53,0,0.367,0.035,15.4,689.7
1790925249.323,492906,67,0,0.000,0.000,0.0,680.6
1790925249.323,494226,67,0,0.000,0.000,1.0,681.6
1790925249.323,494767,67,0,0.015,0.005,0.0,681.6
1790925249.323,495346,67,0,0.000,0.000,0.0,680.1
1790925249.323,495975,67,0,0.015,0.000,1.0,680.6
1790925249.323,496628,52,0,0.000,0.000,0.5,689.5
1790925249.323,496632,53,0,0.000,0.000,1.0,686.1
1790925251.341,492906,67,0,0.000,0.000,0.0,679.0
1790925251.341,494226,67,0,0.000,0.000,0.5,683.9
1790925251.341,494767,67,0,0.000,0.000,0.5,683.4
1790925251.341,495346,67,0,0.000,0.000,0.0,680.0
1790925251.341,495975,67,0,0.005,0.000,1.0,681.4
1790925251.341,496628,52,0,0.000,0.000,0.0,680.0
1790925251.341,496632,53,0,0.000,0.000,0.0,681.9
1790925253.358,492906,67,0,0.000,0.000,0.0,681.5
1790925253.358,494226,67,0,0.000,0.000,0.0,679.5
1790925253.358,494767,67,0,0.005,0.000,0.0,681.5
1790925253.358,495346,67,0,0.000,0.000,0.0,679.5
1790925253.358,495975,67,0,0.005,0.000,0.0,681.5
1790925253.358,496628,52,0,0.000,0.000,0.5,683.0
1790925253.358,496632,53,0,0.000,0.000,0.0,684.0
1790925255.376,492906,67,0,0.005,0.005,1.0,682.9
1790925255.376,494226,67,0,0.000,0.000,0.0,679.9
1790925255.376,494767,67,0,0.000,0.000,0.0,679.4
1790925255.376,495346,67,0,0.000,0.000,0.0,680.9
1790925255.376,495975,67,0,0.005,0.000,0.0,682.4
1790925255.376,496628,66,0,0.362,0.089,5.5,700.7
1790925255.376,496632,53,0,0.000,0.000,0.0,681.4
1790925257.395,492906,67,0,0.000,0.000,0.0,680.9
1790925257.395,494226,67,0,0.005,0.000,0.0,680.0
1790925257.395,494767,67,0,0.000,0.000,0.5,680.0
1790925257.395,495346,67,0,0.000,0.000,1.5,684.9
1790925257.395,495975,67,0,0.000,0.000,0.5,680.0
1790925257.395,496628,66,0,0.030,0.000,0.0,692.8
1790925257.395,496632,55,0,0.089,0.000,1.0,684.9
1790925259.415,492906,67,0,0.000,0.000,0.0,679.8
1790925259.415,494226,67,0,0.005,0.000,0.5,679.8
1790925259.415,494767,67,0,0.005,0.000,0.0,679.3
1790925259.415,495346,67,0,0.005,0.005,0.0,678.8
1790925259.415,495975,67,0,0.000,0.000,0.5,678.8
1790925259.415,496628,66,0,0.000,0.000,0.0,681.7
1790925259.415,496632,67,1,0.733,0.114,8.9,712.9
1790925261.435,492906,67,0,0.005,0.000,0.5,680.1
1790925261.435,494226,67,0,0.005,0.000,0.0,680.1
1790925261.435,494767,67,0,0.000,0.000,0.0,680.1
1790925261.435,495346,67,0,0.010,0.000,0.0,679.7
1790925261.435,495975,67,0,0.000,0.000,0.5,680.6
1790925261.435,496628,66,0,0.193,0.020,5.9,846.0
1790925261.435,496632,67,0,0.010,0.000,0.5,688.1
1790925263.452,492906,67,0,0.005,0.000,0.0,679.5
1790925263.452,494226,67,0,0.015,0.000,0.0,683.5
1790925263.452,494767,67,0,0.005,0.000,1.0,683.5
1790925263.452,495346,67,0,0.005,0.000,0.0,679.5
1790925263.452,495975,67,0,0.010,0.000,1.0,678.5
1790925263.452,496632,67,0,0.079,0.005,2.0,1262.3
1790925265.466,492906,67,0,0.015,0.005,0.0,679.7
1790925265.466,494226,67,0,0.000,0.000,0.0,680.2
1790925265.466,494767,67,0,0.000,0.000,0.5,680.7
1790925265.466,495346,67,0,0.005,0.000,0.5,681.7
1790925265.466,495975,67,0,0.010,0.000,0.0,684.2
1790925265.466,496632,67,0,0.000,0.000,0.0,682.2
1790925267.481,492906,67,0,0.005,0.005,0.0,682.8
1790925267.481,494226,67,0,0.010,0.000,0.0,679.3
1790925267.481,494767,67,0,0.000,0.000,0.0,680.3
1790925267.481,495346,67,0,0.000,0.000,0.0,680.3
1790925267.481,495975,67,0,0.005,0.000,0.0,680.3
1790925267.481,496632,67,0,0.000,0.000,0.0,682.3
1790925269.496,492906,67,0,0.000,0.000,0.0,681.9
1790925269.496,494226,67,0,0.000,0.000,1.0,680.4
1790925269.496,494767,67,0,0.000,0.000,1.0,679.5
1790925269.496,495346,67,0,0.000,0.000,0.0,682.9
1790925269.496,495975,67,0,0.000,0.000,0.0,680.9
1790925269.496,496632,67,0,0.000,0.000,0.0,682.9
1790925271.512,492906,67,0,0.000,0.000,0.0,680.1
1790925271.512,494226,67,0,0.005,0.000,0.0,680.6
1790925271.512,494767,67,0,0.010,0.000,1.0,681.6
1790925271.512,495346,67,0,0.000,0.000,0.0,680.1
1790925271.512,495975,67,0,0.000,0.000,0.5,679.6
1790925271.512,496632,67,0,0.000,0.000,0.5,681.6
1790925273.527,492906,67,0,0.000,0.000,0.0,679.8
1790925273.527,494226,67,0,0.005,0.000,0.5,680.3
1790925273.527,494767,67,0,0.010,0.000,0.0,680.3
1790925273.527,495346,67,0,0.005,0.000,1.0,679.8
1790925273.527,495975,67,0,0.005,0.000,0.0,680.8
1790925273.527,496632,67,0,0.000,0.000,1.0,682.3
1790925275.543,492906,67,0,0.000,0.000,0.5,680.4
1790925275.543,494226,67,0,0.000,0.000,0.0,679.9
1790925275.543,494767,67,0,0.000,0.000,0.0,679.4
1790925275.543,495346,67,0,0.000,0.000,0.0,680.9
1790925275.543,495975,67,0,0.000,0.000,0.5,679.4
1790925275.543,496632,67,0,0.010,0.000,0.0,686.4
1790925275.543,497426,52,1,0.694,0.040,10.4,723.1
1790925275.543,497430,51,1,0.858,0.040,50.1,759.7
1790925277.560,492906,67,0,0.000,0.000,0.0,680.9
1790925277.560,494226,67,0,0.005,0.000,0.0,683.4
1790925277.560,494767,67,0,0.000,0.000,0.0,683.9
1790925277.560,495346,67,0,0.005,0.000,0.5,680.5
1790925277.560,495975,67,0,0.000,0.000,0.0,680.5
1790925277.560,496632,67,0,0.005,0.000,1.0,681.4
1790925277.560,497426,61,0,0.243,0.089,5.0,717.6
1790925277.560,497430,52,1,0.734,0.258,44.1,702.3
1790925279.577,492906,67,0,0.005,0.000,0.0,680.1
1790925279.577,494226,67,0,0.005,0.000,0.0,681.1
1790925279.577,494767,67,0,0.010,0.005,0.0,679.1
1790925279.577,495346,67,0,0.000,0.000,0.0,680.1
1790925279.577,495975,67,0,0.005,0.000,1.0,684.6
1790925279.577,496632,67,0,0.005,0.000,0.0,680.1
1790925279.577,497426,65,0,0.124,0.000,2.0,692.0
1790925279.577,497430,55,0,0.397,0.015,8.4,694.5
1790925281.594,492906,67,0,0.005,0.000,0.5,683.8
1790925281.594,494226,67,0,0.010,0.000,0.5,681.3
1790925281.594,494767,67,0,0.000,0.000,0.0,682.3
1790925281.594,495346,67,0,0.005,0.005,0.0,679.8
1790925281.594,495975,67,0,0.005,0.000,0.5,680.3
1790925281.594,496632,67,0,0.010,0.000,0.0,680.8
1790925281.594,497426,65,0,0.000,0.000,0.0,685.2
1790925281.594,497430,66,1,0.650,0.119,12.9,702.1
1790925283.615,492906,67,0,0.005,0.000,0.0,679.8
1790925283.615,494226,67,0,0.005,0.000,0.5,679.3
1790925283.615,494767,67,0,0.005,0.005,0.0,678.3
1790925283.615,495346,67,0,0.010,0.000,0.0,683.3
1790925283.615,495975,67,0,0.005,0.000,0.0,679.8
1790925283.615,496632,67,0,0.000,0.000,0.0,681.3
1790925283.615,497426,66,0,0.267,0.030,7.4,900.5
1790925283.615,497430,66,0,0.000,0.000,0.5,682.8
1790925285.632,492906,67,0,0.010,0.000,0.5,680.6
1790925285.632,494226,67,0,0.005,0.000,0.0,679.1
1790925285.632,494767,67,0,0.000,0.000,0.5,680.1
1790925285.632,495346,67,0,0.000,0.000,0.0,681.1
1790925285.632,495975,67,0,0.005,0.000,1.0,680.6
1790925285.632,496632,67,0,0.000,0.000,1.0,681.1
1790925285.632,497430,67,0,0.074,0.005,5.5,1264.1
1790925287.648,492906,67,0,0.010,0.000,0.0,680.7
1790925287.648,494226,67,0,0.000,0.000,0.0,679.7
1790925287.648,494767,67,0,0.000,0.000,0.0,680.2
1790925287.648,495346,67,0,0.000,0.000,0.0,680.7
1790925287.648,495975,67,0,0.005,0.000,0.0,681.7
1790925287.648,496632,67,0,0.000,0.000,0.0,684.7
1790925287.648,497430,67,0,0.000,0.000,0.0,681.7
1790925289.664,492906,67,0,0.000,0.000,0.0,680.5
1790925289.664,494226,67,0,0.005,0.005,0.0,684.5
1790925289.664,494767,67,0,0.005,0.000,0.0,683.5
1790925289.664,495346,67,0,0.005,0.000,0.0,681.0
1790925289.664,495975,67,0,0.000,0.000,0.0,680.5
1790925289.664,496632,67,0,0.000,0.000,0.0,679.6
1790925289.664,497430,67,0,0.015,0.000,0.0,684.0
1790925291.680,492906,67,0,0.000,0.000,0.0,681.1
1790925291.680,494226,67,0,0.015,0.005,0.0,680.1
1790925291.680,494767,67,0,0.000,0.005,0.5,681.1
1790925291.680,495346,67,0,0.000,0.000,1.0,680.6
1790925291.680,495975,67,0,0.000,0.000,0.0,680.6
1790925291.680,496632,67,0,0.000,0.000,0.5,680.1
1790925291.680,497430,67,0,0.000,0.000,0.0,682.6
1790925293.695,492906,67,0,0.000,0.000,0.0,681.1
1790925293.695,494226,67,0,0.000,0.000,1.0,682.1
1790925293.695,494767,67,0,0.005,0.005,0.5,679.6
1790925293.695,495346,67,0,0.000,0.000,1.0,681.6
1790925293.695,495975,67,0,0.000,0.000,0.5,684.1
1790925293.695,496632,67,0,0.000,0.000,0.5,680.1
1790925293.695,497430,67,0,0.000,0.000,0.5,684.6
1790925295.711,492906,67,0,0.000,0.000,0.5,682.6
1790925295.711,494226,67,0,0.000,0.000,0.0,680.6
1790925295.711,494767,67,0,0.005,0.000,0.0,683.6
1790925295.711,495346,67,0,0.000,0.000,0.0,683.6
1790925295.711,495975,67,0,0.005,0.000,0.0,679.6
1790925295.711,496632,67,0,0.000,0.000,0.5,681.6
1790925295.711,497430,67,0,0.005,0.000,0.0,684.1
1790925297.731,492906,67,0,0.000,0.000,0.5,680.2
1790925297.731,494226,67,0,0.005,0.000,0.0,679.7
1790925297.731,494767,67,0,0.010,0.005,0.5,678.7
1790925297.731,495346,67,0,0.005,0.000,0.0,680.6
1790925297.731,495975,67,0,0.005,0.000,0.0,681.1
1790925297.731,496632,67,0,0.005,0.000,0.5,680.2
1790925297.731,497430,67,0,0.005,0.000,0.5,681.6
1790925297.731,498104,51,1,0.965,0.035,69.3,743.5
1790925297.731,498108,52,1,0.644,0.025,7.4,716.8
1790925299.749,492906,67,0,0.005,0.000,0.0,681.4
1790925299.749,494226,67,0,0.005,0.005,0.0,680.4
1790925299.749,494767,67,0,0.005,0.000,0.0,681.4
1790925299.749,495346,67,0,0.005,0.000,1.0,680.4
1790925299.749,495975,67,0,0.000,0.000,0.5,680.4
1790925299.749,496632,67,0,0.015,0.000,0.5,683.8
1790925299.749,497430,67,0,0.005,0.000,0.0,682.4
1790925299.749,498104,52,1,0.714,0.287,26.3,696.7
1790925299.749,498108,65,0,0.347,0.079,6.4,706.6
1790925301.768,492906,67,0,0.005,0.005,0.0,680.8
1790925301.768,494226,67,0,0.000,0.000,0.5,684.2
1790925301.768,494767,67,0,0.000,0.000,0.0,681.3
1790925301.768,495346,67,0,0.005,0.000,0.0,679.8
1790925301.768,495975,67,0,0.005,0.000,0.0,679.3
1790925301.768,496632,67,0,0.010,0.000,0.0,680.3
1790925301.768,497430,67,0,0.000,0.000,0.0,679.8
1790925301.768,498104,62,0,0.377,0.079,13.4,703.5
1790925301.768,498108,65,0,0.000,0.000,0.0,687.2
1790925303.786,492906,67,0,0.005,0.000,0.0,679.2
1790925303.786,494226,67,0,0.000,0.000,0.0,681.1
1790925303.786,494767,67,0,0.005,0.000,0.0,683.1
1790925303.786,495346,67,0,0.000,0.000,0.0,681.6
1790925303.786,495975,67,0,0.000,0.000,0.0,682.6
1790925303.786,496632,67,0,0.000,0.000,0.0,681.1
1790925303.786,497430,67,0,0.000,0.000,0.5,681.1
1790925303.786,498104,66,1,0.565,0.030,6.4,700.0
1790925303.786,498108,65,0,0.000,0.000,0.0,682.1
1790925305.809,492906,67,0,0.000,0.000,0.0,682.9
1790925305.809,494226,67,0,0.000,0.000,0.0,680.4
1790925305.809,494767,67,0,0.015,0.000,0.0,679.4
1790925305.809,495346,67,0,0.000,0.005,0.5,679.4
1790925305.809,495975,67,0,0.010,0.000,0.5,681.9
1790925305.809,496632,67,0,0.000,0.000,0.0,679.4
1790925305.809,497430,67,0,0.005,0.000,0.0,682.9
1790925305.809,498104,66,0,0.074,0.010,3.5,1210.0
1790925305.809,498108,66,0,0.321,0.035,4.9,986.0
1790925307.827,492906,67,0,0.000,0.000,0.0,681.1
1790925307.827,494226,67,0,0.000,0.000,0.0,680.6
1790925307.827,494767,67,0,0.000,0.000,0.0,680.1
1790925307.827,495346,67,0,0.010,0.000,0.0,684.6
1790925307.827,495975,67,0,0.000,0.000,0.0,681.1
1790925307.827,496632,67,0,0.000,0.000,0.5,680.6
1790925307.827,497430,67,0,0.000,0.000,1.5,681.1
1790925307.827,498104,67,0,0.005,0.000,0.0,691.5
1790925309.848,492906,67,0,0.005,0.000,0.0,679.9
1790925309.848,494226,67,0,0.010,0.000,0.0,679.4
1790925309.848,494767,67,0,0.000,0.000,0.0,680.9
1790925309.848,495346,67,0,0.005,0.000,0.0,679.9
1790925309.848,495975,67,0,0.005,0.000,0.0,678.9
1790925309.848,496632,67,0,0.000,0.000,0.0,679.4
1790925309.848,497430,67,0,0.010,0.000,0.0,680.9
1790925309.848,498104,67,0,0.000,0.000,1.0,681.4
1790925311.869,492906,67,0,0.005,0.000,0.0,680.9
1790925311.869,494226,67,0,0.094,0.005,3.5,1320.8
1790925311.869,494767,67,0,0.099,0.000,0.5,1279.2
1790925311.869,495346,67,0,0.094,0.000,4.5,1318.3
1790925311.869,495975,67,0,0.020,0.000,1.0,726.5
1790925311.869,496632,67,0,0.094,0.005,0.5,1344.1
1790925311.869,497430,67,0,0.025,0.000,1.0,723.5
1790925311.869,498104,67,0,0.020,0.000,1.5,721.5
1790925313.890,492906,67,0,0.035,0.000,0.5,722.3
1790925313.890,494226,67,0,0.000,0.000,0.0,683.2
1790925313.890,494767,67,0,0.153,0.005,3.5,1906.2
1790925313.890,495346,67,0,0.000,0.000,0.5,681.3
1790925313.890,495975,67,0,0.005,0.000,0.0,682.7
1790925313.890,496632,67,0,0.084,0.000,0.0,1292.8
1790925313.890,497430,67,0,0.074,0.005,2.5,1298.7
1790925313.890,498104,67,0,0.089,0.005,2.0,1268.0
1790925315.912,492906,67,0,0.064,0.000,1.0,1271.3
1790925315.912,494226,67,0,0.139,0.005,3.5,1888.1
1790925315.912,494767,67,0,0.232,0.010,5.4,2436.7
1790925315.912,495346,67,0,0.010,0.000,0.0,681.1
1790925315.912,495975,67,0,0.064,0.005,2.0,1300.5
1790925315.912,496632,67,0,0.153,0.005,1.0,1910.4
1790925315.912,497430,67,0,0.000,0.000,0.0,684.6
1790925315.912,498104,67,0,0.262,0.005,20.8,2374.4
1790925317.929,492906,67,0,0.159,0.005,6.4,1857.5
1790925317.929,494226,67,0,0.144,0.005,9.9,1891.7
1790925317.929,494767,67,0,0.084,0.005,2.5,1228.4
1790925317.929,495346,67,0,0.159,0.010,9.4,1858.0
1790925317.929,495975,67,0,0.178,0.005,6.9,1863.5
1790925317.929,496632,67,0,0.005,0.000,0.5,682.1
1790925317.929,497430,67,0,0.069,0.000,0.5,1286.9
1790925317.929,498104,67,0,0.000,0.000,0.0,681.6
1790925319.946,492906,67,0,0.000,0.000,0.0,682.1
1790925319.946,494226,67,0,0.159,0.015,4.5,1850.9
1790925319.946,494767,67,0,0.005,0.000,0.0,683.1
1790925319.946,495346,67,0,0.079,0.000,9.4,1284.8
1790925319.946,495975,67,0,0.149,0.005,2.5,1904.9
1790925319.946,496632,67,0,0.005,0.000,0.0,683.1
1790925319.946,497430,67,0,0.164,0.005,6.4,1631.3
1790925319.946,498104,67,0,0.000,0.000,0.0,683.5
1790925321.968,492906,67,0,0.163,0.015,8.9,1845.9
1790925321.968,494226,67,0,0.005,0.000,0.5,681.8
1790925321.968,494767,67,0,0.000,0.000,0.0,680.8
1790925321.968,495346,67,0,0.005,0.000,0.5,682.3
1790925321.968,495975,67,0,0.005,0.000,0.5,681.3
1790925321.968,496632,67,0,0.084,0.005,4.9,1290.8
1790925321.968,497430,67,0,0.005,0.000,0.0,681.8
1790925321.968,498104,67,0,0.000,0.000,0.0,684.7
1790925323.988,492906,67,0,0.079,0.000,1.0,1267.2
1790925323.988,494226,67,0,0.005,0.000,2.0,685.6
1790925323.988,494767,67,0,0.000,0.005,0.0,686.1
1790925323.988,495346,67,0,0.104,0.015,2.0,1308.3
1790925323.988,495975,67,0,0.084,0.005,0.0,1299.9
1790925323.988,496632,67,0,0.005,0.000,0.0,681.6
1790925323.988,497430,67,0,0.183,0.010,3.5,1834.0
1790925323.988,498104,67,0,0.153,0.005,3.5,1867.2
1790925326.009,492906,67,0,0.005,0.000,0.5,683.3
1790925326.009,494226,67,0,0.000,0.000,0.0,681.8
1790925326.009,494767,67,0,0.000,0.000,0.0,681.8
1790925326.009,495346,67,0,0.163,0.005,7.9,1767.8
1790925326.009,495975,67,0,0.010,0.000,1.0,685.3
1790925326.009,496632,67,0,0.000,0.000,0.5,681.3
1790925326.009,497430,67,0,0.069,0.000,0.0,1248.8
1790925326.009,498104,67,0,0.000,0.000,0.0,682.3
1790925328.029,492906,67,0,0.079,0.005,2.0,1282.0
1790925328.029,494226,67,0,0.000,0.000,0.5,683.6
1790925328.029,494767,67,0,0.005,0.000,0.5,682.6
1790925328.029,495346,67,0,0.000,0.000,0.0,685.6
1790925328.029,495975,67,0,0.094,0.000,5.4,1306.3
1790925328.029,496632,67,0,0.153,0.005,14.8,1822.0
1790925328.029,497430,67,0,0.000,0.000,1.0,684.1
1790925328.029,498104,67,0,0.084,0.005,1.5,1273.1
1790925330.050,492906,67,0,0.005,0.000,0.0,682.0
1790925330.050,494226,67,0,0.000,0.000,0.0,681.0
1790925330.050,494767,67,0,0.010,0.005,0.0,683.5
1790925330.050,495346,67,0,0.000,0.000,0.0,682.5
1790925330.050,495975,67,0,0.000,0.000,0.0,681.0
1790925330.050,496632,67,0,0.010,0.000,0.0,681.5
1790925330.050,497430,67,0,0.000,0.000,0.5,682.0
1790925330.050,498104,67,0,0.010,0.000,0.5,683.0
1790925332.070,492906,67,0,0.005,0.000,1.5,682.0
1790925332.070,494226,67,0,0.010,0.000,0.0,682.0
1790925332.070,494767,67,0,0.000,0.000,0.0,681.0
1790925332.070,495346,67,0,0.015,0.000,0.0,681.5
1790925332.070,495975,67,0,0.000,0.000,0.0,681.5
1790925332.070,496632,67,0,0.005,0.000,0.5,685.5
1790925332.070,497430,67,0,0.005,0.000,0.0,680.5
1790925332.070,498104,67,0,0.005,0.000,0.0,686.5
1790925334.090,492906,67,0,0.000,0.000,0.0,681.3
1790925334.090,494226,67,0,0.000,0.000,0.5,687.2
1790925334.090,494767,67,0,0.000,0.000,0.0,683.7
1790925334.090,495346,67,0,0.000,0.000,0.0,681.7
1790925334.090,495975,67,0,0.005,0.000,0.0,682.2
1790925334.090,496632,67,0,0.000,0.005,0.0,681.7
1790925334.090,497430,67,0,0.005,0.000,0.5,683.2
1790925334.090,498104,67,0,0.000,0.000,0.5,682.2
1790925336.110,492906,67,0,0.000,0.005,0.0,683.1
1790925336.110,494226,67,0,0.000,0.000,0.0,680.6
1790925336.110,494767,67,0,0.005,0.000,0.0,680.1
1790925336.110,495346,67,0,0.010,0.000,0.5,682.6
1790925336.110,495975,67,0,0.010,0.000,0.0,685.1
1790925336.110,496632,67,0,0.000,0.000,0.0,682.6
1790925336.110,497430,67,0,0.000,0.000,0.0,682.1
1790925336.110,498104,67,0,0.010,0.000,0.0,682.1
1790925338.131,492906,67,0,0.005,0.000,0.0,684.5
1790925338.131,494226,67,0,0.005,0.000,0.0,679.6
1790925338.131,494767,67,0,0.000,0.000,0.0,678.6
1790925338.131,495346,67,0,0.010,0.005,1.0,681.6
1790925338.131,495975,67,0,0.005,0.005,0.5,682.5
1790925338.131,496632,67,0,0.005,0.000,0.0,682.0
1790925338.131,497430,67,0,0.005,0.000,0.5,686.0
1790925338.131,498104,67,0,0.000,0.000,0.5,681.6
1790925340.151,492906,67,0,0.000,0.010,0.5,682.4
1790925340.151,494226,67,0,0.000,0.000,0.0,680.0
1790925340.151,494767,67,0,0.000,0.000,0.0,682.0
1790925340.151,495346,67,0,0.094,0.000,5.4,876.4
1790925340.151,495975,67,0,0.010,0.000,0.0,682.0
1790925340.151,496632,67,0,0.000,0.000,1.0,681.5
1790925340.151,497430,67,0,0.005,0.000,0.5,683.4
1790925340.151,498104,67,0,0.069,0.000,3.5,782.4
1790925342.172,492906,67,1,1.153,0.000,38.1,2004.0
1790925342.172,494226,67,1,0.648,0.000,25.2,1323.0
1790925342.172,494767,67,1,1.089,0.005,50.5,1855.1
1790925342.172,495346,67,1,0.747,0.000,32.2,1566.0
1790925342.172,495975,67,1,0.629,0.005,43.1,1368.0
1790925342.172,496632,67,1,1.143,0.005,50.0,2076.3
1790925342.172,497430,67,0,0.515,0.000,14.8,1253.7
1790925342.172,498104,67,1,1.069,0.000,46.5,1927.8
1790925344.193,492906,67,1,1.202,0.005,58.9,1811.7
1790925344.193,494226,67,1,0.752,0.000,57.4,1430.6
1790925344.193,494767,67,1,1.133,0.000,62.8,1795.3
1790925344.193,495346,67,1,1.138,0.000,88.6,1934.9
1790925344.193,495975,67,1,0.935,0.000,72.2,1554.3
1790925344.193,496632,67,1,1.123,0.000,66.8,1895.3
1790925344.193,497430,67,1,0.901,0.000,42.1,1628.1
1790925344.193,498104,67,1,1.104,0.005,31.2,1607.8
1790925346.211,492906,67,1,1.129,0.000,47.1,1718.9
1790925346.211,494226,67,1,1.139,0.005,65.9,1816.0
1790925346.211,494767,67,1,1.070,0.000,54.5,1671.4
1790925346.211,495346,67,1,1.139,0.000,54.5,1822.5
1790925346.211,495975,67,1,1.035,0.000,58.9,1647.6
1790925346.211,496632,67,1,1.159,0.000,65.9,1841.8
1790925346.211,497430,67,1,1.149,0.000,63.4,1789.8
1790925346.211,498104,67,1,1.030,0.000,34.2,1638.7
1790925348.231,492906,67,1,1.154,0.000,61.9,1757.1
1790925348.231,494226,67,1,0.985,0.005,40.1,1598.7
1790925348.231,494767,67,1,1.168,0.005,68.8,1774.4
1790925348.231,495346,67,1,1.154,0.000,55.5,1673.9
1790925348.231,495975,67,1,1.168,0.000,47.0,1785.8
1790925348.231,496632,67,1,1.129,0.000,39.1,1703.6
1790925348.231,497430,67,1,1.198,0.005,53.0,1765.5
1790925348.231,498104,67,1,0.891,0.000,55.9,1574.4
1790925350.250,492906,67,1,1.184,0.005,64.4,1762.2
1790925350.250,494226,67,0,0.575,0.000,17.3,1198.0
1790925350.250,494767,67,1,1.070,0.000,57.0,1876.7
1790925350.250,495346,67,1,1.075,0.010,21.8,1710.2
1790925350.250,495975,67,1,1.174,0.000,34.2,1770.2
1790925350.250,496632,67,1,0.946,0.005,46.6,1601.2
1790925350.250,497430,67,1,1.110,0.005,57.5,1855.4
1790925350.250,498104,67,1,1.130,0.000,39.1,1767.7
1790925352.269,492906,67,1,1.164,0.000,43.1,1743.1
1790925352.269,494226,67,1,1.149,0.010,53.0,1763.9
1790925352.269,494767,67,1,1.144,0.000,52.0,1867.9
1790925352.269,495346,67,1,0.842,0.000,49.5,1494.0
1790925352.269,495975,67,1,1.129,0.000,54.5,1774.8
1790925352.269,496632,67,1,1.114,0.000,39.6,1717.8
1790925352.269,497430,67,1,0.777,0.005,44.6,1445.0
1790925352.269,498104,67,1,1.159,0.010,54.0,1760.4
1790925354.287,492906,67,1,1.194,0.015,97.6,1796.8
1790925354.287,494226,67,1,1.214,0.000,60.0,1829.0
1790925354.287,494767,67,1,1.150,0.010,73.3,1739.3
1790925354.287,495346,67,1,1.164,0.000,50.5,1688.2
1790925354.287,495975,67,1,1.194,0.010,55.5,1715.0
1790925354.287,496632,67,1,0.887,0.005,30.2,1542.6
1790925354.287,497430,67,1,0.922,0.000,54.0,1514.3
1790925354.287,498104,67,1,1.164,0.000,55.5,1696.7
1790925356.305,492906,67,1,0.758,0.000,37.2,1419.2
1790925356.305,494226,67,1,1.150,0.005,50.0,1745.3
1790925356.305,494767,67,1,1.214,0.010,52.5,1761.7
1790925356.305,495346,67,1,1.135,0.000,65.4,1761.7
1790925356.305,495975,67,1,0.956,0.005,64.9,1577.8
1790925356.305,496632,67,1,1.169,0.010,77.3,1769.1
1790925356.305,497430,67,1,1.145,0.005,52.5,1712.1
1790925356.305,498104,67,1,1.150,0.005,49.6,1746.8
1790925358.324,492906,67,1,1.159,0.000,44.6,1829.3
1790925358.324,494226,67,1,0.951,0.005,33.7,1658.9
1790925358.324,494767,67,1,0.733,0.000,40.1,1478.6
1790925358.324,495346,67,1,1.174,0.015,59.9,1861.5
1790925358.324,495975,67,1,1.020,0.000,19.3,1613.4
1790925358.324,496632,67,1,0.946,0.000,32.7,1602.5
1790925358.324,497430,67,1,0.763,0.000,19.8,1481.6
1790925358.324,498104,67,1,1.169,0.000,53.0,1860.5
1790925360.343,492906,67,1,1.154,0.005,50.0,1806.5
1790925360.343,494226,67,1,1.159,0.005,37.2,1772.9
1790925360.343,494767,67,1,1.129,0.000,65.9,1842.7
1790925360.343,495346,67,1,0.906,0.000,59.4,1583.6
1790925360.343,495975,67,1,1.169,0.000,49.0,1825.9
1790925360.343,496632,67,1,0.664,0.005,42.1,1375.1
1790925360.343,497430,67,1,1.134,0.000,58.0,1873.9
1790925360.343,498104,67,1,1.154,0.000,42.6,1781.3
1790925362.362,492906,67,1,0.980,0.005,56.0,1638.6
1790925362.362,494226,67,1,1.164,0.005,49.5,1702.5
1790925362.362,494767,67,1,1.104,0.000,55.5,1734.2
1790925362.362,495346,67,1,1.169,0.005,45.6,1733.2
1790925362.362,495975,67,1,0.926,0.005,52.5,1543.0
1790925362.362,496632,67,1,0.906,0.000,51.5,1565.8
1790925362.362,497430,67,1,1.184,0.005,56.9,1750.5
1790925362.362,498104,67,1,1.179,0.005,53.5,1907.0
1790925364.380,492906,67,1,1.145,0.005,68.9,1842.6
1790925364.380,494226,67,1,1.155,0.000,31.2,1703.8
1790925364.380,494767,67,1,1.140,0.005,46.6,1667.1
1790925364.380,495346,67,1,1.184,0.000,67.4,1748.4
1790925364.380,495975,67,1,1.194,0.000,43.6,1689.4
1790925364.380,496632,67,1,1.090,0.010,59.0,1749.4
1790925364.380,497430,67,1,1.219,0.000,67.9,1747.9
1790925364.380,498104,67,1,0.778,0.000,20.8,1427.3
1790925366.399,492906,67,1,1.159,0.005,38.1,1790.5
1790925366.399,494226,67,1,0.971,0.005,35.2,1677.6
1790925366.399,494767,67,1,1.045,0.005,73.3,1731.1
1790925366.399,495346,67,1,0.698,0.005,32.2,1366.5
1790925366.399,495975,67,1,1.179,0.000,65.4,1811.8
1790925366.399,496632,67,1,1.105,0.005,27.2,1729.6
1790925366.399,497430,67,1,0.996,0.010,57.5,1772.2
1790925366.399,498104,67,1,1.199,0.010,86.2,1941.1
1790925368.424,492906,67,1,1.002,0.000,25.7,1529.8
1790925368.424,494226,67,1,1.160,0.000,59.8,1790.1
1790925368.424,494767,67,1,1.160,0.000,51.8,1706.6
1790925368.424,495346,67,1,1.165,0.000,56.3,1732.8
1790925368.424,495975,67,1,1.062,0.005,44.4,1666.6
1790925368.424,496632,67,1,1.185,0.000,36.0,1763.9
1790925368.424,497430,67,1,1.175,0.000,49.4,1678.9
1790925368.424,498104,67,1,1.205,0.000,82.0,1733.8
1790925370.442,492906,67,1,1.169,0.005,56.0,1728.0
1790925370.442,494226,67,1,1.174,0.000,49.0,1644.2
1790925370.442,494767,67,1,1.194,0.010,54.0,1722.5
1790925370.442,495346,67,1,1.130,0.010,59.4,1771.6
1790925370.442,495975,67,1,1.159,0.000,48.1,1719.5
1790925370.442,496632,67,1,0.832,0.000,34.7,1418.3
1790925370.442,497430,67,1,1.134,0.005,59.9,1755.2
1790925370.442,498104,67,1,1.154,0.005,45.6,1704.2
1790925372.461,492906,67,1,1.204,0.005,41.6,1695.0
1790925372.461,494226,67,1,1.129,0.005,45.6,1726.7
1790925372.461,494767,67,1,1.085,0.000,38.6,1676.2
1790925372.461,495346,67,1,1.144,0.000,65.9,1828.2
1790925372.461,495975,67,1,1.154,0.005,54.5,1720.7
1790925372.461,496632,67,1,1.124,0.000,60.9,1724.7
1790925372.461,497430,67,1,1.169,0.000,63.9,1836.6
1790925372.461,498104,67,1,1.110,0.005,67.9,1875.3
1790925374.481,492906,67,1,1.129,0.000,48.5,1737.5
1790925374.481,494226,67,1,1.178,0.005,48.0,1801.9
1790925374.481,494767,67,1,0.946,0.005,49.5,1518.2
1790925374.481,495346,67,1,1.159,0.005,43.1,1736.0
1790925374.481,495975,67,1,1.139,0.000,28.2,1715.7
1790925374.481,496632,67,1,1.139,0.005,86.2,1951.9
1790925374.481,497430,67,1,0.956,0.000,54.0,1588.0
1790925374.481,498104,67,1,1.094,0.005,59.4,1684.5
1790925376.500,492906,67,1,1.169,0.005,44.1,1804.4
1790925376.500,494226,67,1,1.184,0.005,46.1,1816.2
1790925376.500,494767,67,1,1.164,0.000,51.0,1854.4
1790925376.500,495346,67,1,0.609,0.000,23.3,1337.8
1790925376.500,495975,67,1,0.708,0.005,41.6,1449.2
1790925376.500,496632,67,1,1.055,0.005,46.1,1843.0
1790925376.500,497430,67,1,1.149,0.005,44.1,1761.8
1790925376.500,498104,67,1,0.896,0.000,44.1,1631.5
1790925378.519,492906,67,1,0.991,0.010,69.8,1668.9
1790925378.519,494226,67,1,1.085,0.000,37.2,1651.1
1790925378.519,494767,67,1,1.035,0.005,55.5,1839.9
1790925378.519,495346,67,1,0.966,0.000,52.5,1556.0
1790925378.519,495975,67,1,1.139,0.005,69.4,1862.1
1790925378.519,496632,67,1,1.144,0.005,37.6,1720.5
1790925378.519,497430,67,1,1.035,0.005,44.1,1721.5
1790925378.519,498104,67,1,1.120,0.005,56.0,1763.6
1790925380.538,492906,67,1,1.158,0.000,67.3,1803.6
1790925380.538,494226,67,1,1.168,0.005,38.6,1768.9
1790925380.538,494767,67,1,0.574,0.000,21.3,1239.7
1790925380.538,495346,67,1,1.134,0.005,46.0,1767.4
1790925380.538,495975,67,1,1.134,0.000,55.9,1858.0
1790925380.538,496632,67,1,1.020,0.005,52.5,1665.0
1790925380.538,497430,67,1,1.183,0.000,53.5,1795.7
1790925380.538,498104,67,1,0.941,0.000,39.6,1643.7
1790925382.559,492906,67,1,0.861,0.000,50.0,1578.8
1790925382.559,494226,67,1,1.168,0.005,48.0,1838.2
1790925382.559,494767,67,1,1.044,0.000,57.9,1705.5
1790925382.559,495346,67,1,1.183,0.000,60.9,1831.7
1790925382.559,495975,67,1,1.218,0.005,57.9,1806.0
1790925382.559,496632,67,1,1.143,0.005,23.8,1692.7
1790925382.559,497430,67,1,0.728,0.000,47.5,1493.7
1790925382.559,498104,67,1,0.886,0.000,67.8,1729.3
1790925384.579,492906,67,1,1.065,0.000,44.6,1621.6
1790925384.579,494226,67,1,1.139,0.000,84.7,1757.7
1790925384.579,494767,67,1,1.228,0.010,36.1,1705.7
1790925384.579,495346,67,1,1.129,0.005,28.2,1720.6
1790925384.579,495975,67,1,1.104,0.000,68.8,1729.5
1790925384.579,496632,67,1,1.045,0.000,46.0,1674.5
1790925384.579,497430,67,1,1.015,0.000,38.1,1553.7
1790925384.579,498104,67,1,1.124,0.005,70.8,1830.5
1790925386.600,492906,67,1,1.168,0.005,31.7,1713.5
1790925386.600,494226,67,1,1.133,0.015,42.6,1741.2
1790925386.600,494767,67,1,1.163,0.000,68.8,1701.6
1790925386.600,495346,67,0,0.495,0.005,34.1,1176.1
1790925386.600,495975,67,1,1.089,0.010,45.5,1692.2
1790925386.600,496632,67,1,1.138,0.010,52.4,1754.0
1790925386.600,497430,67,1,1.242,0.010,68.3,1758.5
1790925386.600,498104,67,1,1.064,0.000,32.2,1766.9
1790925388.619,492906,67,1,0.659,0.000,43.1,1419.9
1790925388.619,494226,67,1,0.619,0.005,17.8,1268.4
1790925388.619,494767,67,1,1.119,0.000,60.9,1930.6
1790925388.619,495346,67,1,1.025,0.000,68.8,1880.6
1790925388.619,495975,67,1,0.921,0.005,51.0,1788.9
1790925388.619,496632,67,1,1.164,0.005,53.0,1986.0
1790925388.619,497430,67,1,1.015,0.005,59.4,1731.0
1790925388.619,498104,67,1,0.857,0.010,31.7,1708.7
1790925390.638,492906,67,0,0.530,0.010,56.0,1247.6
1790925390.638,494226,67,1,0.748,0.000,34.7,1402.6
1790925390.638,494767,67,1,1.085,0.000,57.5,1903.3
1790925390.638,495346,67,1,1.184,0.010,76.8,1913.2
1790925390.638,495975,67,1,1.055,0.005,46.1,1780.5
1790925390.638,496632,67,1,1.005,0.000,64.9,1711.7
1790925390.638,497430,67,1,1.109,0.000,57.5,1874.1
1790925390.638,498104,67,1,1.134,0.000,61.4,1816.2
1790925392.662,492906,67,1,1.210,0.000,45.9,1768.0
1790925392.662,494226,67,1,1.146,0.000,54.3,1768.0
1790925392.662,494767,67,1,1.176,0.015,55.3,1724.0
1790925392.662,495346,67,1,1.151,0.000,64.7,1802.6
1790925392.662,495975,67,1,1.028,0.000,34.6,1601.0
1790925392.662,496632,67,1,1.186,0.000,81.5,1782.3
1790925392.662,497430,67,1,1.156,0.000,71.6,1869.3
1790925392.662,498104,67,1,0.820,0.005,45.9,1414.8
1790925394.682,492906,67,1,1.149,0.000,66.3,1775.0
1790925394.682,494226,67,1,1.178,0.005,68.8,1799.2
1790925394.682,494767,67,1,0.980,0.000,26.7,1596.7
1790925394.682,495346,67,0,0.277,0.000,15.3,1001.6
1790925394.682,495975,67,1,1.149,0.000,51.5,1856.2
1790925394.682,496632,67,1,1.183,0.010,68.8,1774.0
1790925394.682,497430,67,1,1.203,0.005,74.8,1888.9
1790925394.682,498104,67,1,1.178,0.000,96.5,1839.8
1790925396.703,492906,67,1,1.168,0.000,67.8,1805.7
1790925396.703,494226,67,1,1.153,0.005,49.5,1733.5
1790925396.703,494767,67,1,1.163,0.005,55.4,1799.3
1790925396.703,495346,67,1,1.172,0.005,68.8,1768.6
1790925396.703,495975,67,1,1.088,0.005,59.4,1746.3
1790925396.703,496632,67,1,0.876,0.005,24.2,1514.8
1790925396.703,497430,67,1,0.925,0.000,50.0,1653.8
1790925396.703,498104,67,1,1.034,0.005,74.7,1713.7
1790925398.722,492906,67,1,0.991,0.010,35.2,1624.3
1790925398.722,494226,67,1,0.951,0.000,68.9,1731.8
1790925398.722,494767,67,1,1.055,0.005,36.2,1701.6
1790925398.722,495346,67,1,0.961,0.005,31.7,1613.9
1790925398.722,495975,67,1,0.689,0.005,34.7,1363.8
1790925398.722,496632,67,1,1.169,0.005,48.1,1766.0
1790925398.722,497430,67,1,0.936,0.005,48.1,1663.0
1790925398.722,498104,67,1,0.946,0.005,30.2,1685.3
1790925400.741,492906,67,1,1.154,0.000,51.0,1898.4
1790925400.741,494226,67,1,1.129,0.000,29.2,1868.2
1790925400.741,494767,67,1,0.619,0.000,37.6,1341.7
1790925400.741,495346,67,1,0.753,0.010,35.2,1441.2
1790925400.741,495975,67,1,1.005,0.005,29.7,1661.1
1790925400.741,496632,67,1,0.882,0.000,66.4,1670.1
1790925400.741,497430,67,1,1.164,0.010,64.9,1926.1
1790925400.741,498104,67,1,1.164,0.000,31.7,1813.2
1790925402.760,492906,67,1,1.164,0.000,78.8,1804.7
1790925402.760,494226,67,1,1.129,0.005,44.6,1708.1
1790925402.760,494767,67,1,1.110,0.000,54.0,1800.2
1790925402.760,495346,67,1,1.139,0.010,60.4,1721.4
1790925402.760,495975,67,1,1.115,0.000,85.2,1811.6
1790925402.760,496632,67,1,1.125,0.000,50.0,1716.0
1790925402.760,497430,67,1,1.090,0.000,71.8,1679.8
1790925402.760,498104,67,1,1.125,0.005,43.1,1682.8
1790925404.778,492906,67,1,1.179,0.010,51.5,1739.2
1790925404.778,494226,67,1,1.164,0.000,14.9,1598.5
1790925404.778,494767,67,1,1.159,0.000,25.3,1701.1
1790925404.778,495346,67,1,1.135,0.000,54.0,1714.9
1790925404.778,495975,67,1,1.135,0.000,57.0,1765.5
1790925404.778,496632,67,1,1.145,0.005,46.1,1714.4
1790925404.778,497430,67,1,1.120,0.005,75.8,1833.4
1790925404.778,498104,67,1,1.115,0.000,72.3,1795.2
1790925406.798,492906,67,1,1.074,0.005,53.0,1896.3
1790925406.798,494226,67,1,0.995,0.000,44.1,1711.2
1790925406.798,494767,67,1,0.634,0.000,19.8,1235.5
1790925406.798,495346,67,1,0.896,0.000,61.9,1756.8
1790925406.798,495975,67,1,1.139,0.000,48.5,1977.0
1790925406.798,496632,67,1,1.148,0.000,43.6,1939.4
1790925406.798,497430,67,1,0.842,0.000,41.1,1608.8
1790925406.798,498104,67,0,0.520,0.000,29.7,1212.3
1790925408.818,492906,67,1,1.149,0.015,32.2,1702.6
1790925408.818,494226,67,1,0.614,0.005,49.5,1309.5
1790925408.818,494767,67,1,0.985,0.010,44.1,1635.2
1790925408.818,495346,67,1,1.020,0.005,55.4,1664.0
1790925408.818,495975,67,1,1.154,0.010,75.7,1794.2
1790925408.818,496632,67,1,1.154,0.005,62.4,1862.5
1790925408.818,497430,67,1,1.119,0.005,66.3,1780.3
1790925408.818,498104,67,1,1.168,0.005,56.9,1793.7
1790925410.836,492906,67,1,1.164,0.000,20.8,1655.4
1790925410.836,494226,67,1,0.877,0.005,34.2,1491.4
1790925410.836,494767,67,1,1.174,0.005,53.0,1770.4
1790925410.836,495346,67,1,1.159,0.005,62.9,1757.5
1790925410.836,495975,67,1,1.174,0.000,31.2,1663.3
1790925410.836,496632,67,1,1.135,0.005,28.7,1689.6
1790925410.836,497430,67,1,1.095,0.005,69.9,1822.4
1790925410.836,498104,67,1,1.001,0.000,22.8,1632.1
1790925412.854,492906,67,1,1.194,0.000,26.3,1652.9
1790925412.854,494226,67,1,1.145,0.005,56.0,1817.9
1790925412.854,494767,67,1,1.135,0.010,55.5,1797.6
1790925412.854,495346,67,1,1.154,0.005,30.7,1716.3
1790925412.854,495975,67,1,0.996,0.000,27.7,1552.8
1790925412.854,496632,67,1,0.713,0.005,12.4,1292.2
1790925412.854,497430,67,1,1.194,0.000,70.9,1748.5
1790925412.854,498104,67,1,1.149,0.005,50.0,1721.3
1790925414.873,492906,67,1,1.050,0.005,44.6,1710.0
1790925414.873,494226,67,1,1.184,0.000,43.6,1751.6
1790925414.873,494767,67,1,1.030,0.000,46.6,1689.2
1790925414.873,495346,67,1,1.189,0.010,62.4,1764.5
1790925414.873,495975,67,1,1.016,0.000,38.1,1612.4
1790925414.873,496632,67,1,1.001,0.005,55.5,1655.5
1790925414.873,497430,67,1,1.149,0.005,69.4,1815.5
1790925414.873,498104,67,1,1.149,0.000,54.0,1732.3
1790925416.891,492906,67,1,1.130,0.005,75.3,1905.1
1790925416.891,494226,67,1,1.016,0.000,16.8,1649.5
1790925416.891,494767,67,1,1.130,0.000,68.9,1945.8
1790925416.891,495346,67,1,1.179,0.000,65.4,1990.4
1790925416.891,495975,67,1,0.917,0.005,24.3,1612.3
1790925416.891,496632,67,1,1.095,0.010,71.3,1903.6
1790925416.891,497430,67,0,0.317,0.000,26.8,1047.9
1790925416.891,498104,67,1,1.154,0.005,33.2,1814.5
1790925418.911,492906,67,1,1.139,0.000,47.0,1704.5
1790925418.911,494226,67,1,1.193,0.010,53.5,1721.8
1790925418.911,494767,67,1,1.179,0.000,53.5,1674.3
1790925418.911,495346,67,1,1.174,0.000,65.4,1769.9
1790925418.911,495975,67,1,0.802,0.000,33.7,1404.9
1790925418.911,496632,67,1,1.129,0.000,49.0,1741.7
1790925418.911,497430,67,1,1.144,0.000,46.1,1638.2
1790925418.911,498104,67,1,1.203,0.005,54.0,1775.3
1790925420.930,492906,67,1,1.144,0.005,43.1,1791.8
1790925420.930,494226,67,1,0.837,0.000,51.0,1544.7
1790925420.930,494767,67,1,1.179,0.000,60.9,1785.9
1790925420.930,495346,67,1,1.129,0.000,37.6,1724.9
1790925420.930,495975,67,1,1.030,0.000,54.5,1668.5
1790925420.930,496632,67,1,1.129,0.005,57.9,1856.7
1790925420.930,497430,67,1,1.184,0.005,52.5,1769.0
1790925420.930,498104,67,1,1.065,0.000,44.6,1732.9
1790925422.948,492906,67,1,1.145,0.000,45.1,1693.2
1790925422.948,494226,67,1,1.140,0.005,56.0,1787.8
1790925422.948,494767,67,1,1.130,0.005,58.0,1769.5
1790925422.948,495346,67,1,1.150,0.005,43.1,1683.2
1790925422.948,495975,67,1,1.145,0.005,57.0,1785.3
1790925422.948,496632,67,1,1.159,0.000,72.3,1798.7
1790925422.948,497430,67,1,1.209,0.005,76.8,1776.9
1790925422.948,498104,67,1,1.060,0.000,53.0,1694.1
1790925424.967,492906,67,1,1.149,0.005,82.2,1814.8
1790925424.967,494226,67,1,1.134,0.010,42.6,1724.2
1790925424.967,494767,67,1,0.882,0.005,40.1,1444.3
1790925424.967,495346,67,1,1.139,0.000,83.7,1783.6
1790925424.967,495975,67,1,1.164,0.010,73.8,1777.7
1790925424.967,496632,67,1,1.228,0.005,72.8,1747.5
1790925424.967,497430,67,1,1.070,0.000,71.3,1704.4
1790925424.967,498104,67,1,1.119,0.000,71.8,1736.1
1790925426.985,492906,67,1,0.748,0.005,46.1,1392.9
1790925426.985,494226,67,1,1.036,0.000,73.8,1656.5
1790925426.985,494767,67,1,1.189,0.005,44.6,1681.3
1790925426.985,495346,67,1,1.214,0.010,98.1,1872.5
1790925426.985,495975,67,1,0.986,0.005,49.1,1628.7
1790925426.985,496632,67,1,1.135,0.005,59.5,1777.9
1790925426.985,497430,67,1,1.145,0.010,63.4,1749.6
1790925426.985,498104,67,1,0.961,0.005,53.5,1607.9
1790925429.004,492906,67,1,1.149,0.000,47.5,1757.5
1790925429.004,494226,67,1,1.159,0.000,36.2,1672.9
1790925429.004,494767,67,1,1.144,0.000,41.6,1624.3
1790925429.004,495346,67,1,1.159,0.010,51.5,1778.3
1790925429.004,495975,67,1,1.164,0.000,44.1,1674.8
1790925429.004,496632,67,1,1.020,0.005,37.6,1686.2
1790925429.004,497430,67,1,1.020,0.000,44.6,1561.9
1790925429.004,498104,67,1,1.179,0.010,72.8,1747.1
1790925431.023,492906,67,1,1.139,0.000,53.0,1754.5
1790925431.023,494226,67,1,1.154,0.000,27.2,1711.0
1790925431.023,494767,67,1,1.159,0.000,34.2,1718.9
1790925431.023,495346,67,1,1.055,0.000,72.3,1718.4
1790925431.023,495975,67,1,1.124,0.005,52.0,1708.5
1790925431.023,496632,67,1,0.956,0.000,68.9,1528.2
1790925431.023,497430,67,1,1.164,0.000,57.5,1719.4
1790925431.023,498104,67,1,1.124,0.000,60.4,1775.3
1790925433.044,492906,67,1,1.094,0.000,41.1,1655.7
1790925433.044,494226,67,1,1.232,0.005,74.2,1873.9
1790925433.044,494767,67,0,0.495,0.005,40.6,1128.7
1790925433.044,495346,67,1,1.173,0.010,52.9,1790.8
1790925433.044,495975,67,1,1.054,0.000,76.2,1758.1
1790925433.044,496632,67,1,1.168,0.005,79.7,1897.7
1790925433.044,497430,67,1,1.133,0.005,69.8,1805.1
1790925433.044,498104,67,1,1.173,0.000,30.2,1718.5
1790925435.062,492906,67,1,0.684,0.010,25.8,1281.9
1790925435.062,494226,67,1,1.179,0.020,78.8,1834.8
1790925435.062,494767,67,1,1.184,0.000,64.9,1728.3
1790925435.062,495346,67,1,1.140,0.005,70.4,1720.4
1790925435.062,495975,67,1,1.145,0.005,53.5,1693.6
1790925435.062,496632,67,1,1.085,0.005,70.4,1724.8
1790925435.062,497430,67,1,1.179,0.010,50.5,1837.8
1790925435.062,498104,67,1,1.110,0.000,72.3,1778.3
1790925437.081,492906,67,0,0.010,0.000,0.5,684.1
1790925437.081,494226,67,1,0.916,0.000,40.1,1673.5
1790925437.081,494767,67,1,1.100,0.000,69.9,2051.9
1790925437.081,495346,67,1,1.154,0.010,30.2,1891.4
1790925437.081,495975,67,1,1.169,0.000,30.2,1950.4
1790925437.081,496632,67,1,0.827,0.000,53.0,1621.4
1790925437.081,497430,67,1,1.070,0.005,49.0,1876.6
1790925437.081,498104,67,1,1.055,0.000,22.8,1730.4
1790925439.099,492906,67,0,0.000,0.010,0.0,684.2
1790925439.099,494226,67,1,0.827,0.000,28.7,1694.8
1790925439.099,494767,67,1,0.599,0.005,16.3,1315.3
1790925439.099,495346,67,1,0.936,0.000,28.7,1846.4
1790925439.099,495975,67,1,1.149,0.000,31.7,2070.8
1790925439.099,496632,67,1,1.189,0.005,43.6,2135.2
1790925439.099,497430,67,1,0.619,0.005,36.2,1356.9
1790925439.099,498104,67,1,0.723,0.000,27.7,1659.6
1790925441.117,492906,67,0,0.005,0.000,0.5,682.8
1790925441.117,494226,67,0,0.560,0.000,16.8,1666.3
1790925441.117,494767,67,0,0.005,0.005,0.0,682.8
1790925441.117,495346,67,0,0.500,0.000,24.3,1418.6
1790925441.117,495975,67,1,0.897,0.000,41.6,2401.6
1790925441.117,496632,67,0,0.476,0.010,16.4,1792.7
1790925441.117,497430,67,0,0.010,0.000,0.5,682.8
1790925441.117,498104,67,0,0.476,0.010,12.4,1522.1
1790925443.135,492906,67,0,0.000,0.000,0.5,682.5
1790925443.135,494226,67,0,0.352,0.000,7.9,1328.9
1790925443.135,494767,67,0,0.000,0.005,0.0,683.5
1790925443.135,495346,67,0,0.000,0.000,0.0,682.0
1790925443.135,495975,67,1,1.130,0.000,31.7,2877.8
1790925443.135,496632,67,0,0.615,0.000,12.9,2006.5
1790925443.135,497430,67,0,0.000,0.000,1.0,681.5
1790925443.135,498104,67,1,0.758,0.005,29.7,2014.4
1790925445.153,492906,67,0,0.005,0.000,0.0,681.4
1790925445.153,494226,67,0,0.000,0.000,0.0,684.8
1790925445.153,494767,67,0,0.005,0.000,0.0,683.8
1790925445.153,495346,67,0,0.005,0.000,0.0,683.8
1790925445.153,495975,67,0,0.263,0.000,4.5,1112.5
1790925445.153,496632,67,0,0.565,0.000,5.5,1846.4
1790925445.153,497430,67,0,0.005,0.000,0.0,683.3
1790925445.153,498104,67,1,0.783,0.005,24.8,2567.9
1790925447.170,492906,67,0,0.000,0.000,0.0,683.8
1790925447.170,494226,67,0,0.005,0.000,0.5,682.3
1790925447.170,494767,67,0,0.005,0.000,1.0,684.8
1790925447.170,495346,67,0,0.000,0.000,0.5,681.3
1790925447.170,495975,67,0,0.000,0.000,0.0,683.8
1790925447.170,496632,67,0,0.640,0.010,16.4,2363.8
1790925447.170,497430,67,0,0.005,0.000,0.5,682.3
1790925447.170,498104,67,0,0.575,0.000,17.9,2026.6
1790925449.187,492906,67,0,0.005,0.000,0.0,684.6
1790925449.187,494226,67,0,0.000,0.000,0.0,682.1
1790925449.187,494767,67,0,0.000,0.000,0.0,681.6
1790925449.187,495346,67,0,0.005,0.005,0.0,682.6
1790925449.187,495975,67,0,0.000,0.000,0.0,685.6
1790925449.187,496632,67,0,0.600,0.005,16.4,2071.6
1790925449.187,497430,67,0,0.000,0.000,0.5,685.6
1790925449.187,498104,67,1,0.942,0.005,26.8,3005.5
1790925451.204,492906,67,0,0.005,0.000,0.0,682.1
1790925451.204,494226,67,0,0.005,0.000,1.0,683.1
1790925451.204,494767,67,0,0.000,0.000,0.0,683.1
1790925451.204,495346,67,0,0.000,0.000,0.0,686.1
1790925451.204,495975,67,0,0.000,0.005,0.5,681.6
1790925451.204,496632,67,1,0.813,0.000,5.9,3012.5
1790925451.204,497430,67,0,0.000,0.000,0.0,682.6
1790925451.204,498104,67,0,0.317,0.000,7.4,1373.6
1790925453.222,492906,67,0,0.005,0.000,0.0,679.4
1790925453.222,494226,67,0,0.000,0.000,1.5,681.9
1790925453.222,494767,67,0,0.000,0.000,1.0,682.4
1790925453.222,495346,67,0,0.010,0.000,0.0,681.9
1790925453.222,495975,67,0,0.000,0.000,0.0,682.9
1790925453.222,496632,67,0,0.094,0.005,0.5,951.4
1790925453.222,497430,67,0,0.000,0.000,0.0,681.9
1790925453.222,498104,67,0,0.005,0.000,0.0,683.4
1790925455.242,492906,67,0,0.000,0.000,0.0,679.2
1790925455.242,494226,67,0,0.005,0.005,0.5,681.7
1790925455.242,494767,67,0,0.010,0.005,0.5,679.7
1790925455.242,495346,67,0,0.000,0.000,0.5,683.7
1790925455.242,495975,67,0,0.000,0.005,0.5,682.2
1790925455.242,496632,67,0,0.005,0.000,0.0,685.6
1790925455.242,497430,67,0,0.015,0.000,0.0,681.2
1790925455.242,498104,67,0,0.015,0.000,0.0,684.7
1790925457.262,492906,67,0,0.000,0.005,0.0,681.2
1790925457.262,494226,67,0,0.000,0.005,0.0,685.6
1790925457.262,494767,67,0,0.000,0.005,0.0,682.6
1790925457.262,495346,67,0,0.000,0.005,1.0,679.2
1790925457.262,495975,67,0,0.005,0.000,0.0,681.7
1790925457.262,496632,67,0,0.005,0.000,1.0,681.7
1790925457.262,497430,67,0,0.005,0.000,0.5,680.7
1790925457.262,498104,67,0,0.005,0.000,0.5,682.2
1790925459.282,492906,67,0,0.000,0.000,0.0,680.8
1790925459.282,494226,67,0,0.005,0.000,0.0,680.8
1790925459.282,494767,67,0,0.005,0.005,0.0,680.3
1790925459.282,495346,67,0,0.005,0.005,0.0,679.8
1790925459.282,495975,67,0,0.000,0.000,2.5,686.2
1790925459.282,496632,67,0,0.000,0.000,0.0,681.7
1790925459.282,497430,67,0,0.000,0.000,0.5,679.8
1790925459.282,498104,67,0,0.010,0.000,0.5,682.7
1790925461.302,492906,67,0,0.000,0.000,0.0,682.6
1790925461.302,494226,67,0,0.015,0.000,1.0,720.7
1790925461.302,494767,67,0,0.000,0.000,0.0,680.6
1790925461.302,495346,67,0,0.000,0.000,0.5,679.6
1790925461.302,495975,67,0,0.040,0.000,4.0,718.2
1790925461.302,496632,67,0,0.035,0.000,0.0,754.4
1790925461.302,497430,67,0,0.005,0.005,0.0,683.6
1790925461.302,498104,67,0,0.025,0.000,0.0,714.8
1790925463.322,492906,67,0,0.020,0.000,0.0,719.3
1790925463.322,494226,67,0,0.025,0.000,5.4,721.7
1790925463.322,494767,67,0,0.059,0.005,3.0,791.0
1790925463.322,495346,67,0,0.045,0.005,1.0,759.4
1790925463.322,495975,67,0,0.000,0.000,0.5,681.6
1790925463.322,496632,67,0,0.005,0.000,0.0,682.1
1790925463.322,497430,67,0,0.035,0.000,0.0,713.3
1790925463.322,498104,67,0,0.005,0.000,0.0,681.6
1790925465.343,492906,67,0,0.030,0.005,0.0,718.2
1790925465.343,494226,67,0,0.005,0.000,0.0,681.6
1790925465.343,494767,67,0,0.064,0.010,0.5,775.1
1790925465.343,495346,67,0,0.005,0.000,0.5,683.5
1790925465.343,495975,67,0,0.015,0.005,1.5,721.2
1790925465.343,496632,67,0,0.015,0.005,0.0,719.2
1790925465.343,497430,67,0,0.020,0.000,0.5,713.7
1790925465.343,498104,67,0,0.040,0.000,3.5,752.8
1790925467.364,492906,67,0,0.005,0.005,0.0,682.9
1790925467.364,494226,67,0,0.089,0.000,7.4,826.8
1790925467.364,494767,67,0,0.040,0.000,0.5,773.9
1790925467.364,495346,67,0,0.025,0.000,1.0,720.0
1790925467.364,495975,67,0,0.025,0.005,1.5,720.0
1790925467.364,496632,67,0,0.035,0.005,0.5,752.1
1790925467.364,497430,67,0,0.000,0.000,0.0,683.3
1790925467.364,498104,67,0,0.045,0.000,5.4,753.6
1790925469.384,492906,67,0,0.040,0.000,1.5,754.7
1790925469.384,494226,67,0,0.015,0.000,1.5,717.6
1790925469.384,494767,67,0,0.000,0.000,0.0,681.5
1790925469.384,495346,67,0,0.040,0.000,1.5,752.7
1790925469.384,495975,67,0,0.020,0.000,1.0,718.1
1790925469.384,496632,67,0,0.000,0.000,0.0,682.4
1790925469.384,497430,67,0,0.054,0.000,4.0,792.8
1790925469.384,498104,67,0,0.000,0.005,0.0,682.0
1790925471.405,492906,67,0,0.015,0.005,0.5,720.2
1790925471.405,494226,67,0,0.020,0.000,1.0,716.7
1790925471.405,494767,67,0,0.000,0.000,0.5,683.1
1790925471.405,495346,67,0,0.005,0.005,0.0,682.1
1790925471.405,495975,67,0,0.030,0.005,2.0,752.4
1790925471.405,496632,67,0,0.035,0.000,1.5,715.2
1790925471.405,497430,67,0,0.010,0.000,0.0,684.1
1790925471.405,498104,67,0,0.015,0.000,0.5,682.6
1790925473.425,492906,67,0,0.040,0.000,2.5,757.3
1790925473.425,494226,67,0,0.005,0.005,0.0,681.6
1790925473.425,494767,67,0,0.000,0.000,0.0,681.1
1790925473.425,495346,67,0,0.000,0.000,0.0,685.1
1790925473.425,495975,67,0,0.030,0.000,0.0,716.2
1790925473.425,496632,67,0,0.005,0.000,0.0,682.6
1790925473.425,497430,67,0,0.000,0.000,0.0,681.6
1790925473.425,498104,67,0,0.005,0.005,0.0,681.6
1790925475.445,492906,67,0,0.000,0.000,0.5,680.6
1790925475.445,494226,67,0,0.005,0.000,0.0,681.6
1790925475.445,494767,67,0,0.000,0.000,0.0,682.1
1790925475.445,495346,67,0,0.035,0.000,1.0,747.9
1790925475.445,495975,67,0,0.000,0.000,0.0,682.1
1790925475.445,496632,67,0,0.000,0.000,0.0,683.1
1790925475.445,497430,67,0,0.045,0.000,2.5,761.8
1790925475.445,498104,67,0,0.040,0.000,1.0,758.8
1790925477.465,492906,67,0,0.000,0.000,0.5,683.1
1790925477.465,494226,67,0,0.000,0.000,0.0,684.6
1790925477.465,494767,67,0,0.005,0.000,0.0,683.6
1790925477.465,495346,67,0,0.020,0.010,0.5,713.8
1790925477.465,495975,67,0,0.000,0.000,0.0,682.1
1790925477.465,496632,67,0,0.005,0.000,0.0,684.1
1790925477.465,497430,67,0,0.020,0.000,1.5,718.7
1790925477.465,498104,67,0,0.025,0.000,0.5,729.6
1790925479.486,492906,67,0,0.030,0.000,0.0,724.5
1790925479.486,494226,67,0,0.000,0.000,0.0,682.9
1790925479.486,494767,67,0,0.005,0.005,0.5,683.4
1790925479.486,495346,67,0,0.005,0.000,0.0,680.4
1790925479.486,495975,67,0,0.020,0.005,0.5,718.0
1790925479.486,496632,67,0,0.040,0.005,1.0,744.3
1790925479.486,497430,67,0,0.005,0.000,0.5,681.9
1790925479.486,498104,67,0,0.005,0.000,0.5,681.4
1790925481.506,492906,67,0,0.000,0.000,0.0,684.6
1790925481.506,494226,67,0,0.005,0.000,0.0,681.6
1790925481.506,494767,67,0,0.005,0.000,0.0,683.1
1790925481.506,495346,67,0,0.000,0.000,0.0,682.1
1790925481.506,495975,67,0,0.005,0.000,1.0,684.6
1790925481.506,496632,67,0,0.000,0.005,0.0,680.6
1790925481.506,497430,67,0,0.000,0.000,2.0,684.6
1790925481.506,498104,67,0,0.000,0.000,0.0,683.1
1790925483.526,492906,67,0,0.000,0.005,0.0,682.2
1790925483.526,494226,67,0,0.010,0.000,0.0,682.2
1790925483.526,494767,67,0,0.000,0.000,0.0,681.2
1790925483.526,495346,67,0,0.005,0.000,0.0,685.1
1790925483.526,495975,67,0,0.000,0.000,0.5,680.7
1790925483.526,496632,67,0,0.000,0.000,0.0,682.7
1790925483.526,497430,67,0,0.000,0.000,0.0,681.7
1790925483.526,498104,67,0,0.005,0.000,0.0,683.1
1790925485.547,492906,67,0,0.010,0.000,1.0,681.7
1790925485.547,494226,67,0,0.000,0.000,0.0,682.7
1790925485.547,494767,67,0,0.015,0.005,1.0,680.2
1790925485.547,495346,67,0,0.005,0.000,0.0,683.2
1790925485.547,495975,67,0,0.000,0.005,0.0,682.7
1790925485.547,496632,67,0,0.005,0.000,0.0,682.2
1790925485.547,497430,67,0,0.010,0.000,1.0,682.7
1790925485.547,498104,67,0,0.000,0.000,0.0,681.7
1790925487.567,492906,67,0,0.005,0.000,0.0,683.1
1790925487.567,494226,67,0,0.000,0.000,1.0,682.1
1790925487.567,494767,67,0,0.005,0.000,0.5,680.6
1790925487.567,495346,67,0,0.000,0.000,0.0,683.1
1790925487.567,495975,67,0,0.000,0.000,0.0,682.1
1790925487.567,496632,67,0,0.000,0.000,0.5,687.1
1790925487.567,497430,67,0,0.005,0.000,0.0,683.6
1790925487.567,498104,67,0,0.010,0.000,1.0,687.6
1790925489.593,492906,67,0,0.010,0.000,0.0,681.4
1790925489.593,494226,67,0,0.005,0.005,0.0,680.4
1790925489.593,494767,67,0,0.000,0.005,0.0,680.9
1790925489.593,495346,67,0,0.005,0.005,0.0,679.9
1790925489.593,495975,67,0,0.005,0.000,0.0,681.4
1790925489.593,496632,67,0,0.000,0.005,0.0,679.9
1790925489.593,497430,67,0,0.005,0.000,0.0,680.9
1790925489.593,498104,67,0,0.000,0.000,0.5,679.4
1790925491.614,492906,67,0,0.639,0.005,39.1,1391.4
1790925491.614,494226,67,0,0.490,0.005,28.7,1219.2
1790925491.614,494767,67,0,0.569,0.015,31.7,1296.4
1790925491.614,495346,67,0,0.490,0.000,35.1,1338.4
1790925491.614,495975,67,0,0.223,0.000,25.2,897.9
1790925491.614,496632,67,1,0.609,0.010,31.2,1381.0
1790925491.614,497430,67,0,0.391,0.000,12.4,1146.9
1790925491.614,498104,67,1,0.688,0.000,32.7,1501.8
1790925493.634,492906,67,1,1.228,0.000,55.9,1727.6
1790925493.634,494226,67,1,0.906,0.000,28.7,1536.0
1790925493.634,494767,67,1,1.178,0.005,63.9,1768.2
1790925493.634,495346,67,1,1.163,0.005,50.0,1703.4
1790925493.634,495975,67,1,1.109,0.005,17.3,1637.0
1790925493.634,496632,67,1,1.183,0.000,53.0,1719.2
1790925493.634,497430,67,1,0.980,0.005,47.0,1661.3
1790925493.634,498104,67,1,1.178,0.000,78.7,1762.8
1790925495.655,492906,67,1,1.158,0.000,82.6,1824.8
1790925495.655,494226,67,1,1.222,0.000,74.2,1786.2
1790925495.655,494767,67,1,1.217,0.005,55.9,1734.8
1790925495.655,495346,67,1,1.168,0.010,79.7,1738.7
1790925495.655,495975,67,1,1.138,0.005,58.4,1667.5
1790925495.655,496632,67,1,1.178,0.000,61.8,1699.6
1790925495.655,497430,67,1,1.173,0.005,53.4,1714.0
1790925495.655,498104,67,1,1.108,0.005,46.5,1672.4
1790925497.674,492906,67,1,1.204,0.005,39.1,1635.7
1790925497.674,494226,67,1,0.703,0.010,37.2,1306.7
1790925497.674,494767,67,1,1.144,0.000,87.7,1808.5
1790925497.674,495346,67,1,1.169,0.005,46.6,1604.4
1790925497.674,495975,67,1,1.194,0.000,68.4,1691.6
1790925497.674,496632,67,1,1.134,0.000,71.3,1732.2
1790925497.674,497430,67,1,1.219,0.000,63.9,1744.1
1790925497.674,498104,67,1,1.219,0.005,70.8,1733.2
1790925499.692,492906,67,1,1.184,0.005,64.4,1657.1
1790925499.692,494226,67,1,1.199,0.000,57.5,1630.3
1790925499.692,494767,67,1,1.155,0.000,65.9,1734.9
1790925499.692,495346,67,1,1.090,0.000,37.2,1688.3
1790925499.692,495975,67,1,1.155,0.005,62.9,1734.9
1790925499.692,496632,67,1,1.209,0.005,38.7,1676.4
1790925499.692,497430,67,1,1.041,0.000,35.7,1524.8
1790925499.692,498104,67,1,1.189,0.000,39.6,1734.4
1790925501.710,492906,67,1,1.209,0.010,85.2,1714.8
1790925501.710,494226,67,1,1.239,0.000,82.7,1672.2
1790925501.710,494767,67,1,1.179,0.000,55.0,1660.3
1790925501.710,495346,67,1,1.184,0.005,61.9,1667.7
1790925501.710,495975,67,1,1.179,0.005,74.3,1693.0
1790925501.710,496632,67,1,1.174,0.015,43.1,1691.5
1790925501.710,497430,67,1,1.140,0.005,63.4,1731.7
1790925501.710,498104,67,1,1.204,0.000,53.5,1788.6
1790925503.728,492906,67,1,1.045,0.000,84.2,1656.7
1790925503.728,494226,67,1,1.135,0.000,45.1,1642.3
1790925503.728,494767,67,1,1.159,0.010,54.5,1691.9
1790925503.728,495346,67,1,1.164,0.000,67.4,1729.0
1790925503.728,495975,67,1,1.164,0.005,52.5,1611.6
1790925503.728,496632,67,1,1.144,0.005,55.5,1662.6
1790925503.728,497430,67,1,1.144,0.010,84.2,1830.6
1790925503.728,498104,67,1,1.154,0.010,74.3,1697.3
1790925505.747,492906,67,1,1.149,0.000,54.5,1740.3
1790925505.747,494226,67,1,1.213,0.005,48.5,1687.8
1790925505.747,494767,67,1,1.085,0.005,29.7,1665.6
1790925505.747,495346,67,1,1.184,0.005,63.4,1736.4
1790925505.747,495975,67,1,1.213,0.005,57.4,1842.4
1790925505.747,496632,67,1,0.971,0.005,33.2,1525.4
1790925505.747,497430,67,1,1.154,0.000,45.1,1748.3
1790925505.747,498104,67,1,1.164,0.000,70.3,1736.9
1790925507.765,492906,67,1,1.194,0.010,65.4,1700.2
1790925507.765,494226,67,1,1.189,0.000,45.1,1617.5
1790925507.765,494767,67,1,1.140,0.000,66.4,1669.0
1790925507.765,495346,67,1,1.189,0.000,101.1,1784.0
1790925507.765,495975,67,1,1.189,0.000,98.1,1701.2
1790925507.765,496632,67,1,1.145,0.000,69.9,1750.8
1790925507.765,497430,67,1,1.214,0.000,75.3,1680.9
1790925507.765,498104,67,1,1.189,0.000,58.0,1653.1
1790925509.783,492906,67,1,1.175,0.005,64.9,1691.0
1790925509.783,494226,67,1,1.125,0.015,73.8,1738.5
1790925509.783,494767,67,1,1.170,0.000,50.6,1686.0
1790925509.783,495346,67,1,0.986,0.000,49.1,1620.6
1790925509.783,495975,67,1,1.170,0.005,58.5,1701.9
1790925509.783,496632,67,1,1.145,0.005,63.4,1731.1
1790925509.783,497430,67,1,1.199,0.000,37.7,1662.7
1790925509.783,498104,67,1,1.105,0.000,59.5,1639.9
1790925511.802,492906,67,1,1.139,0.000,50.0,1716.3
1790925511.802,494226,67,1,1.159,0.000,71.3,1677.1
1790925511.802,494767,67,1,1.194,0.000,63.9,1718.8
1790925511.802,495346,67,1,1.194,0.000,59.9,1663.8
1790925511.802,495975,67,1,1.184,0.000,28.7,1643.0
1790925511.802,496632,67,1,1.228,0.000,86.2,1740.5
1790925511.802,497430,67,1,1.189,0.005,40.1,1595.4
1790925511.802,498104,67,1,1.233,0.005,56.5,1755.9
1790925513.820,492906,67,1,1.294,0.000,105.1,1809.5
1790925513.820,494226,67,1,1.185,0.010,78.8,1669.7
1790925513.820,494767,67,1,1.209,0.000,63.9,1709.4
1790925513.820,495346,67,1,1.155,0.005,65.9,1636.5
1790925513.820,495975,67,1,1.170,0.010,49.6,1640.0
1790925513.820,496632,67,1,1.110,0.005,89.2,1733.2
1790925513.820,497430,67,1,1.150,0.000,52.5,1598.4
1790925513.820,498104,67,1,1.155,0.010,72.9,1657.3
1790925515.844,492906,67,1,1.166,0.000,49.9,1684.8
1790925515.844,494226,67,1,1.210,0.000,48.4,1725.3
1790925515.844,494767,67,1,1.072,0.010,75.1,1737.7
1790925515.844,495346,67,1,1.176,0.000,49.9,1709.0
1790925515.844,495975,67,1,1.131,0.000,74.6,1797.9
1790925515.844,496632,67,1,1.146,0.000,61.3,1766.3
1790925515.844,497430,67,1,1.196,0.000,42.0,1717.9
1790925515.844,498104,67,1,1.166,0.000,45.0,1671.9
1790925517.863,492906,67,1,1.179,0.000,89.2,1792.6
1790925517.863,494226,67,1,1.184,0.005,66.9,1756.9
1790925517.863,494767,67,1,1.204,0.010,65.9,1720.8
1790925517.863,495346,67,1,0.897,0.010,28.2,1473.1
1790925517.863,495975,67,1,0.981,0.000,62.4,1554.3
1790925517.863,496632,67,1,1.159,0.005,54.5,1731.2
1790925517.863,497430,67,1,1.159,0.010,69.8,1716.8
1790925517.863,498104,67,1,1.149,0.000,84.7,1792.1
1790925519.880,492906,67,1,1.160,0.015,61.5,1690.8
1790925519.880,494226,67,1,1.155,0.000,57.0,1737.4
1790925519.880,494767,67,1,1.115,0.000,46.1,1726.0
1790925519.880,495346,67,1,1.061,0.005,61.5,1686.8
1790925519.880,495975,67,1,1.185,0.000,54.0,1716.5
1790925519.880,496632,67,1,1.155,0.005,32.2,1618.4
1790925519.880,497430,67,1,1.175,0.000,78.3,1866.7
1790925519.880,498104,67,1,1.195,0.000,46.6,1647.1
1790925521.899,492906,67,1,1.144,0.005,37.1,1657.8
1790925521.899,494226,67,1,1.189,0.005,69.3,1786.6
1790925521.899,494767,67,1,0.906,0.005,47.1,1436.4
1790925521.899,495346,67,1,1.199,0.000,72.8,1743.5
1790925521.899,495975,67,1,1.238,0.005,64.9,1778.2
1790925521.899,496632,67,1,1.174,0.005,84.2,1816.8
1790925521.899,497430,67,1,1.129,0.005,69.3,1692.5
1790925521.899,498104,67,1,1.119,0.005,43.6,1685.6
1790925523.919,492906,67,1,1.143,0.000,46.0,1691.4
1790925523.919,494226,67,1,1.168,0.000,54.5,1672.6
1790925523.919,494767,67,1,1.257,0.000,42.1,1692.9
1790925523.919,495346,67,1,1.129,0.010,50.0,1725.6
1790925523.919,495975,67,1,1.158,0.000,66.3,1665.2
1790925523.919,496632,67,1,1.143,0.000,25.2,1599.4
1790925523.919,497430,67,1,1.158,0.000,69.3,1715.2
1790925523.919,498104,67,1,1.139,0.010,69.3,1726.6
1790925525.938,492906,67,1,1.174,0.005,67.4,1723.0
1790925525.938,494226,67,1,1.154,0.010,78.8,1700.7
1790925525.938,494767,67,1,1.219,0.005,66.9,1728.9
1790925525.938,495346,67,1,0.872,0.005,46.1,1533.2
1790925525.938,495975,67,1,1.144,0.010,59.9,1710.6
1790925525.938,496632,67,1,1.179,0.005,59.0,1652.1
1790925525.938,497430,67,1,1.234,0.005,71.8,1749.2
1790925525.938,498104,67,1,1.115,0.005,89.2,1778.4
1790925527.963,492906,67,0,0.509,0.000,19.3,1117.3
1790925527.963,494226,67,1,0.617,0.010,40.5,1270.3
1790925527.963,494767,67,1,1.175,0.015,20.2,1742.8
1790925527.963,495346,67,1,1.229,0.010,76.0,1885.0
1790925527.963,495975,67,1,1.131,0.005,41.0,1859.3
1790925527.963,496632,67,1,1.180,0.000,60.2,1857.9
1790925527.963,497430,67,1,1.150,0.005,65.2,1811.5
1790925527.963,498104,67,1,1.185,0.000,85.9,1985.7
1790925529.983,492906,67,1,1.248,0.005,91.6,1775.6
1790925529.983,494226,67,1,1.203,0.010,89.6,1713.7
1790925529.983,494767,67,1,1.183,0.010,63.9,1646.8
1790925529.983,495346,67,1,1.208,0.000,41.1,1701.3
1790925529.983,495975,67,1,1.218,0.000,79.2,1649.3
1790925529.983,496632,67,1,1.178,0.000,69.8,1785.0
1790925529.983,497430,67,1,1.203,0.005,65.4,1708.2
1790925529.983,498104,67,1,1.040,0.000,48.0,1554.7
1790925532.004,492906,67,1,1.192,0.005,47.5,1675.3
1790925532.004,494226,67,1,1.212,0.000,76.7,1739.1
1790925532.004,494767,67,1,1.153,0.000,61.4,1721.3
1790925532.004,495346,67,1,0.653,0.000,40.1,1323.0
1790925532.004,495975,67,1,1.138,0.000,75.2,1703.5
1790925532.004,496632,67,1,1.183,0.010,77.2,1775.3
1790925532.004,497430,67,1,1.197,0.005,87.1,1725.3
1790925532.004,498104,67,1,1.217,0.000,65.3,1688.7
1790925534.023,492906,67,1,1.184,0.005,25.3,1615.1
1790925534.023,494226,67,1,1.149,0.000,48.0,1778.0
1790925534.023,494767,67,1,1.213,0.010,51.0,1763.7
1790925534.023,495346,67,1,1.199,0.000,60.4,1764.7
1790925534.023,495975,67,1,0.941,0.010,52.0,1584.9
1790925534.023,496632,67,1,1.164,0.000,28.7,1658.2
1790925534.023,497430,67,1,0.991,0.010,51.5,1630.9
1790925534.023,498104,67,1,1.119,0.005,66.4,1715.1
1790925536.041,492906,67,1,1.175,0.000,51.0,1705.3
1790925536.041,494226,67,1,1.120,0.000,39.2,1700.4
1790925536.041,494767,67,1,0.843,0.000,15.9,1401.0
1790925536.041,495346,67,1,1.051,0.010,59.0,1684.0
1790925536.041,495975,67,1,1.170,0.000,59.5,1805.0
1790925536.041,496632,67,1,1.160,0.005,41.1,1708.8
1790925536.041,497430,67,1,1.184,0.005,61.5,1721.2
1790925536.041,498104,67,1,1.155,0.000,75.8,1849.6
1790925538.060,492906,67,1,1.198,0.010,59.9,1779.3
1790925538.060,494226,67,1,1.174,0.005,55.5,1714.4
1790925538.060,494767,67,1,1.129,0.000,71.3,1717.4
1790925538.060,495346,67,1,1.174,0.010,87.2,1755.5
1790925538.060,495975,67,1,1.149,0.000,62.9,1741.2
1790925538.060,496632,67,1,1.129,0.005,53.5,1704.0
1790925538.060,497430,67,1,1.184,0.005,53.5,1741.2
1790925538.060,498104,67,1,1.149,0.000,50.5,1643.1
1790925540.078,492906,67,1,1.185,0.000,34.7,1681.1
1790925540.078,494226,67,1,1.175,0.010,67.4,1818.4
1790925540.078,494767,67,1,0.961,0.000,55.0,1604.3
1790925540.078,495346,67,1,1.130,0.005,48.1,1707.9
1790925540.078,495975,67,1,1.194,0.000,55.0,1736.6
1790925540.078,496632,67,1,1.175,0.000,58.5,1749.5
1790925540.078,497430,67,1,1.150,0.000,81.8,1804.0
1790925540.078,498104,67,1,0.813,0.005,34.7,1453.1
1790925542.097,492906,67,1,1.144,0.005,59.4,1724.4
1790925542.097,494226,67,1,0.921,0.000,54.0,1480.2
1790925542.097,494767,67,1,1.154,0.010,66.9,1732.3
1790925542.097,495346,67,1,1.154,0.000,48.0,1663.0
1790925542.097,495975,67,1,1.189,0.005,83.7,1800.6
1790925542.097,496632,67,1,1.184,0.005,68.8,1714.0
1790925542.097,497430,67,1,1.169,0.000,57.9,1720.9
1790925542.097,498104,67,1,1.179,0.000,70.3,1738.7
1790925544.116,492906,67,1,1.223,0.000,59.9,1740.0
1790925544.116,494226,67,1,0.991,0.000,73.8,1630.6
1790925544.116,494767,67,1,1.189,0.005,104.0,1725.7
1790925544.116,495346,67,1,1.233,0.000,57.5,1748.5
1790925544.116,495975,67,1,1.179,0.005,59.4,1772.2
1790925544.116,496632,67,1,1.149,0.005,61.4,1672.2
1790925544.116,497430,67,1,1.194,0.000,63.4,1706.8
1790925544.116,498104,67,1,1.154,0.000,40.1,1611.3
1790925546.136,492906,67,1,1.173,0.000,70.8,1727.7
1790925546.136,494226,67,1,1.193,0.005,56.9,1753.9
1790925546.136,494767,67,1,1.129,0.010,79.7,1704.4
1790925546.136,495346,67,1,1.188,0.000,68.8,1754.9
1790925546.136,495975,67,1,1.124,0.005,46.5,1591.5
1790925546.136,496632,67,1,0.965,0.000,81.7,1593.5
1790925546.136,497430,67,1,1.203,0.000,90.1,1730.6
1790925546.136,498104,67,1,1.173,0.005,91.1,1738.1
1790925548.158,492906,67,1,1.212,0.000,43.0,1752.1
1790925548.158,494226,67,1,1.167,0.000,49.5,1733.8
1790925548.158,494767,67,1,1.153,0.000,85.6,1829.8
1790925548.158,495346,67,1,1.172,0.005,51.4,1744.2
1790925548.158,495975,67,1,1.138,0.010,51.4,1669.0
1790925548.158,496632,67,1,1.143,0.005,59.4,1706.6
1790925548.158,497430,67,1,0.693,0.000,35.1,1317.3
1790925548.158,498104,67,1,1.207,0.005,58.4,1766.4
1790925550.176,492906,67,1,1.145,0.010,52.5,1650.3
1790925550.176,494226,67,1,1.229,0.000,72.9,1727.6
1790925550.176,494767,67,1,1.209,0.010,76.3,1762.3
1790925550.176,495346,67,1,1.184,0.000,65.4,1712.2
1790925550.176,495975,67,1,1.031,0.010,41.6,1523.9
1790925550.176,496632,67,1,1.130,0.000,78.8,1713.7
1790925550.176,497430,67,1,1.160,0.005,60.0,1731.6
1790925550.176,498104,67,1,1.194,0.000,37.7,1667.6
1790925552.194,492906,67,1,1.169,0.010,64.9,1682.7
1790925552.194,494226,67,1,1.090,0.000,28.7,1651.0
1790925552.194,494767,67,1,1.179,0.000,66.9,1739.2
1790925552.194,495346,67,1,1.130,0.015,40.1,1698.6
1790925552.194,495975,67,1,1.184,0.010,62.4,1728.8
1790925552.194,496632,67,1,1.169,0.000,47.6,1666.9
1790925552.194,497430,67,1,1.234,0.005,71.4,1808.1
1790925552.194,498104,67,1,1.150,0.005,90.7,1817.5
1790925554.212,492906,67,1,1.184,0.005,76.3,1699.3
1790925554.212,494226,67,1,1.130,0.005,70.9,1678.5
1790925554.212,494767,67,1,1.174,0.005,44.1,1590.3
1790925554.212,495346,67,1,1.174,0.005,85.2,1703.7
1790925554.212,495975,67,1,1.209,0.000,79.3,1712.2
1790925554.212,496632,67,1,1.244,0.010,70.4,1637.3
1790925554.212,497430,67,1,1.214,0.000,73.3,1692.3
1790925554.212,498104,67,1,1.130,0.000,73.3,1658.1
1790925556.230,492906,67,1,1.036,0.000,32.2,1590.2
1790925556.230,494226,67,1,1.189,0.020,56.5,1698.2
1790925556.230,494767,67,1,1.155,0.000,88.7,1725.0
1790925556.230,495346,67,1,1.239,0.005,85.2,1735.4
1790925556.230,495975,67,1,1.155,0.000,58.5,1708.1
1790925556.230,496632,67,1,1.145,0.010,73.3,1719.0
1790925556.230,497430,67,1,1.165,0.010,76.8,1781.0
1790925556.230,498104,67,1,1.135,0.000,62.4,1701.2
1790925558.249,492906,67,1,1.144,0.005,50.5,1658.6
1790925558.249,494226,67,1,1.169,0.005,57.0,1762.1
1790925558.249,494767,67,1,1.228,0.005,57.0,1730.9
1790925558.249,495346,67,1,1.154,0.005,56.0,1784.3
1790925558.249,495975,67,1,1.154,0.005,52.5,1641.2
1790925558.249,496632,67,1,1.075,0.000,43.1,1669.0
1790925558.249,497430,67,1,1.223,0.000,57.0,1683.8
1790925558.249,498104,67,1,1.184,0.000,56.0,1692.7
1790925560.268,492906,67,1,1.164,0.010,63.9,1760.6
1790925560.268,494226,67,1,1.273,0.005,42.6,1749.2
1790925560.268,494767,67,1,0.832,0.010,36.7,1409.8
1790925560.268,495346,67,1,1.214,0.000,70.8,1677.3
1790925560.268,495975,67,1,1.184,0.000,60.9,1731.3
1790925560.268,496632,67,1,1.224,0.000,51.0,1683.8
1790925560.268,497430,67,1,1.149,0.005,59.4,1675.8
1790925560.268,498104,67,1,1.159,0.005,49.5,1690.2
1790925562.286,492906,67,1,0.649,0.000,34.7,1285.6
1790925562.286,494226,67,1,1.179,0.000,59.4,1783.9
1790925562.286,494767,67,1,1.189,0.005,50.0,1729.9
1790925562.286,495346,67,1,1.184,0.000,55.5,1702.7
1790925562.286,495975,67,1,1.194,0.005,77.3,1764.6
1790925562.286,496632,67,1,1.016,0.005,37.7,1521.4
1790925562.286,497430,67,1,1.204,0.010,65.4,1781.5
1790925562.286,498104,67,1,1.169,0.000,54.5,1747.3
1790925564.304,492906,67,0,0.000,0.000,0.5,681.5
1790925564.304,494226,67,1,0.862,0.005,47.6,1553.4
1790925564.304,494767,67,1,1.135,0.005,58.0,1925.1
1790925564.304,495346,67,1,1.160,0.005,42.1,1799.2
1790925564.304,495975,67,1,1.150,0.005,27.3,1730.8
1790925564.304,496632,67,1,1.170,0.000,49.6,1862.2
1790925564.304,497430,67,1,1.190,0.005,47.6,1811.6
1790925564.304,498104,67,1,1.155,0.005,31.2,1764.5
1790925566.323,492906,67,0,0.000,0.000,0.0,682.1
1790925566.323,494226,67,1,0.822,0.000,35.7,1820.3
1790925566.323,494767,67,0,0.005,0.000,0.5,685.0
1790925566.323,495346,67,1,0.748,0.010,28.7,1657.8
1790925566.323,495975,67,1,1.164,0.005,53.5,2517.2
1790925566.323,496632,67,1,0.911,0.015,48.5,2080.9
1790925566.323,497430,67,0,0.025,0.000,2.0,710.3
1790925566.323,498104,67,1,0.718,0.010,24.8,1743.5
1790925568.339,492906,67,0,0.010,0.000,0.0,683.3
1790925568.339,494226,67,0,0.342,0.000,12.4,1238.1
1790925568.339,494767,67,0,0.000,0.000,0.5,682.8
1790925568.339,495346,67,0,0.005,0.005,0.0,682.8
1790925568.339,495975,67,1,1.195,0.005,25.3,2707.2
1790925568.339,496632,67,1,0.907,0.005,29.7,2397.8
1790925568.339,497430,67,0,0.000,0.000,0.5,682.3
1790925568.339,498104,67,1,1.011,0.000,24.8,2225.8
1790925570.356,492906,67,0,0.000,0.000,0.5,683.8
1790925570.356,494226,67,0,0.000,0.000,0.5,683.3
1790925570.356,494767,67,0,0.005,0.000,0.0,684.3
1790925570.356,495346,67,0,0.005,0.010,0.0,681.8
1790925570.356,495975,67,0,0.000,0.000,0.0,684.3
1790925570.356,496632,67,0,0.655,0.000,23.8,2383.6
1790925570.356,497430,67,0,0.005,0.000,0.5,685.8
1790925570.356,498104,67,1,0.724,0.000,23.3,2371.2
1790925572.373,492906,67,0,0.000,0.000,2.5,684.8
1790925572.373,494226,67,0,0.000,0.000,0.5,680.8
1790925572.373,494767,67,0,0.000,0.000,0.0,681.3
1790925572.373,495346,67,0,0.000,0.000,1.0,685.3
1790925572.373,495975,67,0,0.000,0.000,0.0,682.8
1790925572.373,496632,67,1,0.774,0.000,13.4,2360.9
1790925572.373,497430,67,0,0.000,0.005,0.5,682.3
1790925572.373,498104,67,1,1.160,0.010,24.3,3494.4
1790925574.392,492906,67,0,0.000,0.000,0.0,682.0
1790925574.392,494226,67,0,0.005,0.000,0.5,684.4
1790925574.392,494767,67,0,0.000,0.000,0.0,682.5
1790925574.392,495346,67,0,0.000,0.000,0.0,682.9
1790925574.392,495975,67,0,0.000,0.000,0.0,681.0
1790925574.392,496632,67,1,0.886,0.015,12.9,3022.0
1790925574.392,497430,67,0,0.000,0.005,0.0,682.9
1790925574.392,498104,67,0,0.317,0.000,2.0,1270.3
1790925576.408,492906,67,0,0.005,0.000,0.5,683.4
1790925576.408,494226,67,0,0.000,0.000,0.0,682.4
1790925576.408,494767,67,0,0.005,0.000,0.0,681.9
1790925576.408,495346,67,0,0.015,0.000,1.0,682.9
1790925576.408,495975,67,0,0.000,0.005,0.0,683.9
1790925576.408,496632,67,0,0.000,0.000,0.0,685.8
1790925576.408,497430,67,0,0.000,0.000,0.0,682.4
1790925576.408,498104,67,0,0.005,0.000,0.0,685.8
1790925578.429,492906,67,0,0.005,0.000,0.5,680.6
1790925578.429,494226,67,0,0.000,0.000,0.0,685.6
1790925578.429,494767,67,0,0.000,0.000,0.0,685.6
1790925578.429,495346,67,0,0.000,0.000,0.0,681.6
1790925578.429,495975,67,0,0.000,0.000,0.0,682.1
1790925578.429,496632,67,0,0.000,0.005,0.0,682.1
1790925578.429,497430,67,0,0.000,0.000,1.5,681.6
1790925578.429,498104,67,0,0.010,0.000,0.5,684.1
1790925580.449,492906,67,0,0.000,0.000,0.0,679.0
1790925580.449,494226,67,0,0.000,0.000,0.0,682.0
1790925580.449,494767,67,0,0.005,0.005,1.0,683.0
1790925580.449,495346,67,0,0.000,0.005,0.0,682.0
1790925580.449,495975,67,0,0.005,0.005,0.0,685.0
1790925580.449,496632,67,0,0.000,0.000,0.0,682.0
1790925580.449,497430,67,0,0.015,0.000,0.0,682.5
1790925580.449,498104,67,0,0.000,0.000,0.0,681.0
1790925582.469,492906,67,0,0.000,0.000,0.0,684.6
1790925582.469,494226,67,0,0.045,0.005,6.9,756.9
1790925582.469,494767,67,0,0.045,0.000,4.0,757.9
1790925582.469,495346,67,0,0.035,0.005,5.0,758.9
1790925582.469,495975,67,0,0.035,0.000,2.0,715.8
1790925582.469,496632,67,0,0.030,0.005,1.5,758.9
1790925582.469,497430,67,0,0.025,0.000,0.5,724.2
1790925582.469,498104,67,0,0.025,0.000,0.5,718.3
1790925584.490,492906,67,0,0.020,0.010,1.5,720.2
1790925584.490,494226,67,0,0.000,0.005,1.0,681.6
1790925584.490,494767,67,0,0.030,0.000,2.0,749.4
1790925584.490,495346,67,0,0.000,0.000,0.5,686.0
1790925584.490,495975,67,0,0.000,0.005,0.0,682.0
1790925584.490,496632,67,0,0.000,0.000,0.0,680.1
1790925584.490,497430,67,0,0.020,0.005,3.5,720.2
1790925584.490,498104,67,0,0.020,0.000,0.0,718.2
1790925586.510,492906,67,0,0.020,0.000,0.5,718.2
1790925586.510,494226,67,0,0.000,0.000,0.0,682.6
1790925586.510,494767,67,0,0.059,0.000,4.9,791.5
1790925586.510,495346,67,0,0.005,0.000,0.5,682.6
1790925586.510,495975,67,0,0.010,0.000,2.0,723.7
1790925586.510,496632,67,0,0.079,0.000,3.0,788.0
1790925586.510,497430,67,0,0.000,0.005,0.0,682.1
1790925586.510,498104,67,0,0.054,0.000,5.9,792.0
1790925588.531,492906,67,0,0.025,0.000,1.5,714.3
1790925588.531,494226,67,0,0.079,0.000,4.5,819.7
1790925588.531,494767,67,0,0.010,0.000,1.0,720.2
1790925588.531,495346,67,0,0.045,0.000,3.5,749.9
1790925588.531,495975,67,0,0.035,0.000,3.5,753.4
1790925588.531,496632,67,0,0.000,0.000,0.0,684.1
1790925588.531,497430,67,0,0.015,0.000,1.5,717.3
1790925588.531,498104,67,0,0.000,0.000,0.0,684.6
1790925590.552,492906,67,0,0.020,0.000,2.5,713.8
1790925590.552,494226,67,0,0.035,0.005,6.4,755.4
1790925590.552,494767,67,0,0.005,0.000,1.0,684.6
1790925590.552,495346,67,0,0.015,0.000,0.5,717.2
1790925590.552,495975,67,0,0.025,0.000,1.0,733.1
1790925590.552,496632,67,0,0.005,0.000,0.0,682.1
1790925590.552,497430,67,0,0.040,0.005,2.0,754.4
1790925590.552,498104,67,0,0.010,0.000,0.0,682.6
1790925592.572,492906,67,0,0.040,0.000,1.0,751.3
1790925592.572,494226,67,0,0.000,0.000,0.0,681.5
1790925592.572,494767,67,0,0.000,0.000,0.0,682.0
1790925592.572,495346,67,0,0.000,0.005,0.5,682.0
1790925592.572,495975,67,0,0.015,0.005,0.5,711.2
1790925592.572,496632,67,0,0.025,0.000,1.0,721.6
1790925592.572,497430,67,0,0.005,0.000,0.5,684.9
1790925592.572,498104,67,0,0.005,0.000,0.5,682.0
1790925594.592,492906,67,0,0.020,0.005,0.0,717.3
1790925594.592,494226,67,0,0.005,0.005,0.0,682.2
1790925594.592,494767,67,0,0.005,0.000,0.5,681.7
1790925594.592,495346,67,0,0.030,0.000,3.5,723.7
1790925594.592,495975,67,0,0.025,0.005,1.0,713.3
1790925594.592,496632,67,0,0.000,0.000,0.5,681.7
1790925594.592,497430,67,0,0.040,0.005,2.5,765.8
1790925594.592,498104,67,0,0.040,0.000,3.0,752.4
1790925596.612,492906,67,0,0.005,0.000,0.0,683.6
1790925596.612,494226,67,0,0.005,0.000,0.5,681.6
1790925596.612,494767,67,0,0.005,0.005,0.0,683.1
1790925596.612,495346,67,0,0.040,0.005,2.0,755.9
1790925596.612,495975,67,0,0.010,0.005,0.5,682.1
1790925596.612,496632,67,0,0.000,0.000,0.0,683.6
1790925596.612,497430,67,0,0.025,0.005,0.5,715.8
1790925596.612,498104,67,0,0.000,0.000,0.0,683.1
1790925598.633,492906,67,0,0.020,0.000,2.5,714.2
1790925598.633,494226,67,0,0.000,0.005,0.0,686.5
1790925598.633,494767,67,0,0.000,0.000,0.5,683.5
1790925598.633,495346,67,0,0.000,0.000,0.0,682.0
1790925598.633,495975,67,0,0.025,0.000,0.5,718.6
1790925598.633,496632,67,0,0.030,0.000,4.0,756.2
1790925598.633,497430,67,0,0.005,0.000,0.0,682.0
1790925598.633,498104,67,0,0.025,0.000,3.0,720.6
1790925600.654,492906,67,0,0.020,0.000,0.0,681.8
1790925600.654,494226,67,0,0.010,0.000,0.0,682.8
1790925600.654,494767,67,0,0.000,0.000,1.0,685.8
1790925600.654,495346,67,0,0.005,0.000,0.0,681.8
1790925600.654,495975,67,0,0.000,0.005,0.0,682.3
1790925600.654,496632,67,0,0.015,0.015,0.0,682.8
1790925600.654,497430,67,0,0.005,0.005,0.5,682.3
1790925600.654,498104,67,0,0.010,0.005,0.0,681.8
1790925602.675,492906,67,0,0.000,0.000,0.0,683.3
1790925602.675,494226,67,0,0.000,0.000,0.0,680.3
1790925602.675,494767,67,0,0.010,0.005,0.0,681.3
1790925602.675,495346,67,0,0.000,0.000,0.0,682.3
1790925602.675,495975,67,0,0.000,0.005,0.0,684.8
1790925602.675,496632,67,0,0.000,0.000,0.0,682.3
1790925602.675,497430,67,0,0.000,0.000,1.0,684.3
1790925602.675,498104,67,0,0.000,0.000,0.0,682.3
1790925604.695,492906,67,0,0.000,0.000,0.0,682.6
1790925604.695,494226,67,0,0.000,0.000,0.0,683.5
1790925604.695,494767,67,0,0.005,0.005,0.0,680.1
1790925604.695,495346,67,0,0.000,0.000,0.0,688.0
1790925604.695,495975,67,0,0.000,0.000,0.0,683.0
1790925604.695,496632,67,0,0.005,0.005,0.0,682.1
1790925604.695,497430,67,0,0.005,0.005,0.5,683.0
1790925604.695,498104,67,0,0.005,0.000,1.0,683.5
1790925606.716,492906,67,0,0.000,0.000,0.0,685.5
1790925606.716,494226,67,0,0.000,0.000,0.0,680.5
1790925606.716,494767,67,0,0.000,0.000,0.0,679.5
1790925606.716,495346,67,0,0.000,0.000,0.0,682.0
1790925606.716,495975,67,0,0.005,0.010,0.0,682.0
1790925606.716,496632,67,0,0.000,0.000,0.5,682.5
1790925606.716,497430,67,0,0.000,0.000,0.5,684.5
1790925606.716,498104,67,0,0.010,0.000,0.0,682.5
1790925608.737,492906,67,0,0.000,0.000,0.5,682.4
1790925608.737,494226,67,0,0.005,0.000,0.0,682.9
1790925608.737,494767,67,0,0.000,0.005,0.5,680.9
1790925608.737,495346,67,0,0.005,0.000,0.0,681.9
1790925608.737,495975,67,0,0.000,0.000,0.0,682.4
1790925608.737,496632,67,0,0.000,0.000,0.0,685.3
1790925608.737,497430,67,0,0.000,0.005,0.0,682.4
1790925608.737,498104,67,0,0.005,0.000,0.0,685.8
1790925610.758,492906,67,0,0.000,0.005,0.0,681.9
1790925610.758,494226,67,0,0.010,0.000,0.0,682.8
1790925610.758,494767,67,0,0.000,0.000,0.0,684.8
1790925610.758,495346,67,0,0.000,0.000,0.0,680.9
1790925610.758,495975,67,0,0.000,0.000,0.0,681.9
1790925610.758,496632,67,0,0.000,0.000,0.0,681.4
1790925610.758,497430,67,0,0.010,0.005,0.0,681.9
1790925610.758,498104,67,0,0.000,0.000,0.0,681.9
1790925612.778,492906,67,1,1.232,0.005,88.6,1728.8
1790925612.778,494226,67,1,1.020,0.005,78.2,1529.3
1790925612.778,494767,67,1,1.148,0.005,74.7,1636.7
1790925612.778,495346,67,1,1.213,0.005,62.4,1800.0
1790925612.778,495975,67,1,0.841,0.005,52.5,1408.0
1790925612.778,496632,67,1,1.153,0.005,72.3,1722.8
1790925612.778,497430,67,1,1.024,0.000,69.3,1691.1
1790925612.778,498104,67,1,1.208,0.005,81.2,1800.0
1790925614.797,492906,67,1,1.204,0.010,69.9,1642.9
1790925614.797,494226,67,1,1.234,0.000,51.5,1636.0
1790925614.797,494767,67,1,1.263,0.005,55.5,1626.1
1790925614.797,495346,67,1,1.189,0.000,78.8,1685.0
1790925614.797,495975,67,1,1.249,0.005,61.4,1640.9
1790925614.797,496632,67,1,1.209,0.000,79.8,1662.3
1790925614.797,497430,67,1,1.288,0.005,90.2,1738.6
1790925614.797,498104,67,1,1.179,0.000,72.8,1640.5
1790925616.818,492906,67,1,1.281,0.000,85.1,1696.3
1790925616.818,494226,67,1,1.202,0.000,76.7,1617.6
1790925616.818,494767,67,1,1.182,0.005,62.3,1629.5
1790925616.818,495346,67,1,1.182,0.000,58.4,1648.8
1790925616.818,495975,67,1,1.227,0.005,95.5,1733.4
1790925616.818,496632,67,1,1.227,0.000,71.2,1655.7
1790925616.818,497430,67,1,1.172,0.010,53.4,1626.5
1790925616.818,498104,67,1,1.266,0.000,86.1,1675.0
1790925618.838,492906,67,1,1.218,0.005,99.0,1713.8
1790925618.838,494226,67,1,1.262,0.010,119.3,1737.6
1790925618.838,494767,67,1,1.292,0.000,97.0,1670.7
1790925618.838,495346,67,1,1.228,0.010,82.2,1671.2
1790925618.838,495975,67,1,1.213,0.010,112.4,1716.8
1790925618.838,496632,67,1,1.198,0.005,90.1,1627.2
1790925618.838,497430,67,1,1.218,0.000,61.4,1638.6
1790925618.838,498104,67,1,1.233,0.010,72.3,1655.4
1790925620.858,492906,67,1,1.243,0.005,58.4,1651.1
1790925620.858,494226,67,1,1.208,0.010,75.3,1655.1
1790925620.858,494767,67,1,1.168,0.005,69.3,1665.5
1790925620.858,495346,67,1,1.218,0.005,87.6,1699.6
1790925620.858,495975,67,1,1.228,0.000,49.0,1624.9
1790925620.858,496632,67,1,1.159,0.010,83.2,1638.7
1790925620.858,497430,67,1,1.124,0.000,53.0,1599.1
1790925620.858,498104,67,1,1.253,0.005,83.7,1650.6
1790925622.877,492906,67,1,1.224,0.010,116.9,1705.0
1790925622.877,494226,67,1,1.253,0.000,71.3,1678.3
1790925622.877,494767,67,1,1.209,0.005,59.4,1622.3
1790925622.877,495346,67,1,1.278,0.010,81.7,1695.6
1790925622.877,495975,67,1,1.268,0.000,70.3,1586.2
1790925622.877,496632,67,1,1.189,0.005,95.1,1689.2
1790925622.877,497430,67,1,1.313,0.005,75.3,1632.7
1790925622.877,498104,67,1,1.204,0.005,61.9,1598.0
1790925624.896,492906,67,1,1.189,0.000,86.2,1662.6
1790925624.896,494226,67,1,1.154,0.005,81.2,1666.6
1790925624.896,494767,67,1,1.208,0.000,75.3,1706.2
1790925624.896,495346,67,1,1.194,0.000,68.8,1680.9
1790925624.896,495975,67,1,1.194,0.000,95.1,1711.6
1790925624.896,496632,67,1,1.273,0.010,57.9,1641.8
1790925624.896,497430,67,1,1.179,0.000,95.6,1691.8
1790925624.896,498104,67,1,1.293,0.005,80.7,1674.0
1790925626.917,492906,67,1,1.351,0.000,84.1,1653.3
1790925626.917,494226,67,1,1.252,0.005,81.7,1605.8
1790925626.917,494767,67,1,1.247,0.010,88.6,1671.6
1790925626.917,495346,67,1,1.203,0.010,71.3,1562.3
1790925626.917,495975,67,1,1.207,0.000,89.1,1619.2
1790925626.917,496632,67,1,1.163,0.005,90.1,1599.9
1790925626.917,497430,67,1,1.237,0.010,65.3,1600.4
1790925626.917,498104,67,1,1.193,0.010,73.7,1588.0
1790925628.937,492906,67,1,1.228,0.005,86.1,1667.8
1790925628.937,494226,67,1,1.272,0.005,83.7,1748.9
1790925628.937,494767,67,1,1.267,0.000,106.4,1655.4
1790925628.937,495346,67,1,1.173,0.005,75.7,1653.9
1790925628.937,495975,67,1,1.153,0.010,44.6,1614.8
1790925628.937,496632,67,1,1.193,0.010,79.7,1691.0
1790925628.937,497430,67,1,1.203,0.000,95.0,1705.4
1790925628.937,498104,67,1,1.243,0.000,62.9,1654.4
1790925630.955,492906,67,1,1.189,0.005,70.9,1736.1
1790925630.955,494226,67,1,1.204,0.000,58.0,1656.9
1790925630.955,494767,67,1,1.145,0.000,108.5,1769.3
1790925630.955,495346,67,1,1.239,0.000,94.6,1716.3
1790925630.955,495975,67,1,1.224,0.005,70.4,1688.1
1790925630.955,496632,67,1,1.179,0.005,26.8,1590.0
1790925630.955,497430,67,1,1.273,0.000,88.7,1655.9
1790925630.955,498104,67,1,1.199,0.000,63.4,1670.2
1790925632.974,492906,67,1,1.174,0.005,107.0,1669.3
1790925632.974,494226,67,1,1.189,0.010,113.5,1718.8
1790925632.974,494767,67,1,1.259,0.000,82.7,1681.6
1790925632.974,495346,67,1,1.209,0.005,82.7,1645.0
1790925632.974,495975,67,1,1.283,0.010,55.0,1698.0
1790925632.974,496632,67,1,1.224,0.005,92.2,1684.1
1790925632.974,497430,67,1,1.145,0.015,51.5,1572.1
1790925632.974,498104,67,1,1.164,0.010,81.8,1611.3
1790925634.992,492906,67,1,1.194,0.000,64.4,1715.1
1790925634.992,494226,67,1,1.179,0.010,60.9,1637.8
1790925634.992,494767,67,1,1.288,0.010,92.6,1706.2
1790925634.992,495346,67,1,1.164,0.010,58.5,1706.7
1790925634.992,495975,67,1,1.169,0.005,59.0,1633.9
1790925634.992,496632,67,1,1.199,0.005,41.1,1603.6
1790925634.992,497430,67,1,1.288,0.000,64.9,1652.7
1790925634.992,498104,67,1,1.159,0.000,76.8,1602.7
1790925637.013,492906,67,1,1.049,0.005,56.9,1532.4
1790925637.013,494226,67,1,1.138,0.005,61.8,1569.0
1790925637.013,494767,67,1,1.217,0.005,78.2,1757.0
1790925637.013,495346,67,1,1.326,0.005,121.2,1856.5
1790925637.013,495975,67,1,1.197,0.000,88.1,1680.3
1790925637.013,496632,67,1,1.247,0.005,100.9,1727.8
1790925637.013,497430,67,1,1.207,0.010,75.7,1662.5
1790925637.013,498104,67,1,1.158,0.005,85.1,1728.8
1790925639.031,492906,67,1,1.224,0.000,62.4,1622.3
1790925639.031,494226,67,1,1.239,0.000,75.3,1690.6
1790925639.031,494767,67,1,1.204,0.005,49.1,1593.0
1790925639.031,495346,67,1,1.070,0.005,49.5,1576.7
1790925639.031,495975,67,1,1.214,0.005,96.6,1724.8
1790925639.031,496632,67,1,1.214,0.005,67.4,1613.3
1790925639.031,497430,67,1,1.254,0.000,95.1,1625.2
1790925639.031,498104,67,1,1.254,0.000,99.1,1663.9
1790925641.052,492906,67,1,1.223,0.005,101.0,1663.1
1790925641.052,494226,67,1,1.158,0.010,71.3,1642.8
1790925641.052,494767,67,1,1.213,0.005,58.9,1637.8
1790925641.052,495346,67,1,1.188,0.000,78.7,1696.2
1790925641.052,495975,67,1,1.193,0.005,68.8,1633.9
1790925641.052,496632,67,1,1.237,0.005,79.2,1686.8
1790925641.052,497430,67,1,1.203,0.005,41.1,1605.6
1790925641.052,498104,67,1,1.158,0.000,64.8,1619.0
1790925643.071,492906,67,1,1.263,0.000,66.8,1658.3
1790925643.071,494226,67,1,1.223,0.005,72.8,1640.9
1790925643.071,494767,67,1,1.223,0.010,85.7,1645.9
1790925643.071,495346,67,1,1.228,0.005,79.2,1752.8
1790925643.071,495975,67,1,1.188,0.005,70.3,1719.7
1790925643.071,496632,67,1,1.174,0.000,95.1,1630.5
1790925643.071,497430,67,1,1.218,0.005,91.6,1619.6
1790925643.071,498104,67,1,1.174,0.005,85.7,1695.4
1790925645.089,492906,67,1,1.184,0.000,60.0,1668.4
1790925645.089,494226,67,1,1.179,0.005,112.0,1689.2
1790925645.089,494767,67,1,1.169,0.000,39.1,1619.3
1790925645.089,495346,67,1,1.159,0.005,77.3,1661.9
1790925645.089,495975,67,1,1.219,0.000,72.8,1706.0
1790925645.089,496632,67,1,1.219,0.005,69.4,1680.8
1790925645.089,497430,67,1,1.189,0.010,71.4,1636.2
1790925645.089,498104,67,1,1.184,0.010,79.8,1684.7
1790925647.108,492906,67,1,1.268,0.015,116.9,1740.6
1790925647.108,494226,67,1,1.129,0.000,80.7,1618.3
1790925647.108,494767,67,1,1.243,0.005,90.2,1709.4
1790925647.108,495346,67,1,1.293,0.000,104.5,1750.5
1790925647.108,495975,67,1,1.214,0.005,75.8,1658.9
1790925647.108,496632,67,1,1.189,0.010,57.0,1602.9
1790925647.108,497430,67,1,1.238,0.005,93.1,1694.5
1790925647.108,498104,67,1,1.184,0.010,94.1,1671.3
1790925649.126,492906,67,1,1.239,0.005,62.4,1689.5
1790925649.126,494226,67,1,1.244,0.005,59.5,1642.5
1790925649.126,494767,67,1,1.154,0.000,75.3,1677.6
1790925649.126,495346,67,1,1.263,0.005,87.7,1749.5
1790925649.126,495975,67,1,1.209,0.020,75.8,1688.0
1790925649.126,496632,67,1,1.169,0.005,67.4,1657.8
1790925649.126,497430,67,1,1.125,0.005,48.6,1541.4
1790925649.126,498104,67,1,1.244,0.000,68.4,1636.0
1790925651.147,492906,67,1,1.218,0.005,90.6,1711.5
1790925651.147,494226,67,1,1.237,0.005,71.8,1661.0
1790925651.147,494767,67,1,1.282,0.005,103.4,1737.7
1790925651.147,495346,67,1,1.222,0.010,52.5,1621.4
1790925651.147,495975,67,1,1.178,0.005,60.9,1657.1
1790925651.147,496632,67,1,1.163,0.005,97.0,1698.6
1790925651.147,497430,67,1,1.257,0.000,44.0,1665.5
1790925651.147,498104,67,1,1.267,0.000,50.5,1684.8
1790925653.165,492906,67,1,1.209,0.000,75.8,1653.6
1790925653.165,494226,67,1,1.209,0.010,55.0,1619.9
1790925653.165,494767,67,1,1.239,0.000,91.7,1650.1
1790925653.165,495346,67,1,1.179,0.000,98.6,1660.0
1790925653.165,495975,67,1,1.239,0.005,91.2,1663.0
1790925653.165,496632,67,1,1.278,0.005,86.2,1687.8
1790925653.165,497430,67,1,1.259,0.005,80.3,1652.6
1790925653.165,498104,67,1,1.155,0.005,86.7,1632.3
1790925655.185,492906,67,1,1.173,0.005,76.2,1607.5
1790925655.185,494226,67,1,1.218,0.005,68.8,1668.9
1790925655.185,494767,67,1,1.228,0.005,115.4,1726.3
1790925655.185,495346,67,1,1.292,0.005,69.3,1705.0
1790925655.185,495975,67,1,1.198,0.005,74.8,1599.6
1790925655.185,496632,67,1,1.173,0.005,61.9,1671.3
1790925655.185,497430,67,1,1.243,0.000,88.6,1684.2
1790925655.185,498104,67,1,1.203,0.005,70.3,1604.0
1790925657.203,492906,67,1,1.214,0.005,65.9,1642.2
1790925657.203,494226,67,1,1.278,0.000,83.2,1688.2
1790925657.203,494767,67,1,1.214,0.000,80.8,1648.6
1790925657.203,495346,67,1,1.244,0.005,97.1,1700.1
1790925657.203,495975,67,1,1.224,0.000,68.4,1625.3
1790925657.203,496632,67,1,1.259,0.000,70.9,1710.0
1790925657.203,497430,67,1,1.229,0.005,111.0,1689.2
1790925657.203,498104,67,1,1.204,0.005,37.2,1609.0
1790925659.222,492906,67,1,0.758,0.000,41.1,1297.9
1790925659.222,494226,67,1,1.233,0.000,104.0,1741.3
1790925659.222,494767,67,1,1.238,0.000,65.9,1646.6
1790925659.222,495346,67,1,1.233,0.000,102.5,1706.1
1790925659.222,495975,67,1,1.219,0.005,80.3,1658.5
1790925659.222,496632,67,1,1.179,0.005,37.6,1563.4
1790925659.222,497430,67,1,1.273,0.005,61.4,1694.2
1790925659.222,498104,67,1,1.194,0.005,71.8,1656.5
1790925661.241,492906,67,0,0.000,0.000,0.0,681.9
1790925661.241,494226,67,1,1.198,0.005,70.8,1897.7
1790925661.241,494767,67,1,0.669,0.005,52.0,1331.7
1790925661.241,495346,67,1,1.198,0.010,38.6,1770.4
1790925661.241,495975,67,1,1.198,0.005,76.3,1997.2
1790925661.241,496632,67,1,1.184,0.005,57.9,1931.4
1790925661.241,497430,67,1,0.693,0.005,23.8,1310.4
1790925661.241,498104,67,1,1.169,0.000,45.6,1844.2
1790925663.260,492906,67,0,0.005,0.000,0.5,682.5
1790925663.260,494226,67,0,0.416,0.010,28.2,1298.1
1790925663.260,494767,67,0,0.005,0.000,0.0,682.5
1790925663.260,495346,67,0,0.000,0.000,0.0,681.5
1790925663.260,495975,67,1,1.015,0.000,56.5,2193.6
1790925663.260,496632,67,1,1.159,0.010,44.1,2626.9
1790925663.260,497430,67,0,0.005,0.000,1.0,682.0
1790925663.260,498104,67,1,1.208,0.000,36.7,2682.9
1790925665.278,492906,67,0,0.000,0.000,0.0,682.3
1790925665.278,494226,67,0,0.000,0.000,0.0,686.8
1790925665.278,494767,67,0,0.000,0.000,0.5,684.3
1790925665.278,495346,67,0,0.000,0.000,0.0,684.3
1790925665.278,495975,67,0,0.005,0.005,1.0,682.8
1790925665.278,496632,67,1,1.075,0.005,23.8,2898.7
1790925665.278,497430,67,0,0.000,0.000,0.0,684.3
1790925665.278,498104,67,1,1.219,0.010,34.7,3269.8
1790925667.295,492906,67,0,0.000,0.005,0.0,683.1
1790925667.295,494226,67,0,0.000,0.000,0.0,682.1
1790925667.295,494767,67,0,0.000,0.005,0.5,682.1
1790925667.295,495346,67,0,0.000,0.000,0.0,682.1
1790925667.295,495975,67,0,0.000,0.005,0.0,682.1
1790925667.295,496632,67,1,0.818,0.000,26.8,2668.5
1790925667.295,497430,67,0,0.000,0.005,0.0,681.6
1790925667.295,498104,67,0,0.416,0.000,22.3,1652.8
1790925669.312,492906,67,0,0.010,0.000,0.0,685.7
1790925669.312,494226,67,0,0.005,0.000,0.0,682.7
1790925669.312,494767,67,0,0.000,0.000,0.0,682.7
1790925669.312,495346,67,0,0.000,0.000,0.0,681.7
1790925669.312,495975,67,0,0.000,0.000,0.0,687.2
1790925669.312,496632,67,0,0.000,0.005,0.0,682.2
1790925669.312,497430,67,0,0.005,0.005,0.0,686.7
1790925669.312,498104,67,0,0.005,0.000,0.5,683.2
1790925671.333,492906,67,0,0.000,0.005,0.5,682.5
1790925671.333,494226,67,0,0.015,0.000,0.0,720.6
1790925671.333,494767,67,0,0.005,0.000,0.5,683.5
1790925671.333,495346,67,0,0.000,0.005,0.0,686.9
1790925671.333,495975,67,0,0.000,0.000,0.0,682.5
1790925671.333,496632,67,0,0.020,0.000,0.5,713.2
1790925671.333,497430,67,0,0.000,0.000,0.0,683.5
1790925671.333,498104,67,0,0.035,0.000,1.5,715.1
1790925673.354,492906,67,0,0.005,0.000,0.0,682.7
1790925673.354,494226,67,0,0.030,0.005,2.0,719.3
1790925673.354,494767,67,0,0.054,0.000,3.5,761.8
1790925673.354,495346,67,0,0.045,0.000,4.9,761.8
1790925673.354,495975,67,0,0.020,0.000,0.5,721.3
1790925673.354,496632,67,0,0.030,0.000,4.5,730.7
1790925673.354,497430,67,0,0.025,0.005,12.4,719.8
1790925673.354,498104,67,0,0.000,0.000,0.0,682.7
1790925675.376,492906,67,0,0.035,0.000,1.5,767.3
1790925675.376,494226,67,0,0.000,0.000,0.0,684.7
1790925675.376,494767,67,0,0.054,0.000,6.4,787.1
1790925675.376,495346,67,0,0.010,0.005,1.5,683.2
1790925675.376,495975,67,0,0.005,0.000,0.5,683.2
1790925675.376,496632,67,0,0.015,0.000,4.0,725.3
1790925675.376,497430,67,0,0.030,0.000,0.5,720.3
1790925675.376,498104,67,0,0.015,0.000,1.0,720.8
1790925677.397,492906,67,0,0.000,0.000,0.0,683.8
1790925677.397,494226,67,0,0.030,0.000,4.0,755.1
1790925677.397,494767,67,0,0.049,0.005,0.0,753.1
1790925677.397,495346,67,0,0.000,0.000,0.0,681.9
1790925677.397,495975,67,0,0.025,0.005,0.5,719.5
1790925677.397,496632,67,0,0.035,0.000,2.5,751.6
1790925677.397,497430,67,0,0.000,0.005,0.0,682.8
1790925677.397,498104,67,0,0.064,0.000,3.5,787.7
1790925679.418,492906,67,0,0.054,0.005,5.4,764.0
1790925679.418,494226,67,0,0.059,0.000,4.9,792.7
1790925679.418,494767,67,0,0.020,0.000,1.0,714.0
1790925679.418,495346,67,0,0.035,0.000,0.5,752.1
1790925679.418,495975,67,0,0.040,0.000,6.4,756.6
1790925679.418,496632,67,0,0.005,0.000,0.0,681.8
1790925679.418,497430,67,0,0.020,0.000,1.5,723.4
1790925679.418,498104,67,0,0.000,0.000,0.5,682.3
1790925681.439,492906,67,0,0.000,0.005,1.0,683.8
1790925681.439,494226,67,0,0.025,0.000,1.5,718.0
1790925681.439,494767,67,0,0.000,0.000,0.5,683.8
1790925681.439,495346,67,0,0.020,0.000,5.9,724.4
1790925681.439,495975,67,0,0.045,0.000,4.9,751.6
1790925681.439,496632,67,0,0.000,0.000,0.0,681.8
1790925681.439,497430,67,0,0.035,0.000,6.4,765.0
1790925681.439,498104,67,0,0.000,0.000,0.0,682.8
1790925683.460,492906,67,0,0.040,0.000,5.9,762.5
1790925683.460,494226,67,0,0.000,0.005,0.5,681.8
1790925683.460,494767,67,0,0.000,0.000,0.0,682.8
1790925683.460,495346,67,0,0.000,0.000,0.0,682.3
1790925683.460,495975,67,0,0.025,0.005,2.0,719.9
1790925683.460,496632,67,0,0.020,0.005,1.0,720.9
1790925683.460,497430,67,0,0.000,0.000,0.0,681.8
1790925683.460,498104,67,0,0.000,0.000,0.0,682.3
1790925685.481,492906,67,0,0.015,0.005,3.5,718.9
1790925685.481,494226,67,0,0.000,0.000,0.5,683.8
1790925685.481,494767,67,0,0.000,0.000,0.0,681.8
1790925685.481,495346,67,0,0.040,0.000,7.4,762.0
1790925685.481,495975,67,0,0.000,0.005,0.0,682.3
1790925685.481,496632,67,0,0.000,0.000,0.0,685.3
1790925685.481,497430,67,0,0.045,0.000,5.9,765.4
1790925685.481,498104,67,0,0.035,0.000,4.0,772.9
1790925687.502,492906,67,0,0.000,0.000,0.0,683.8
1790925687.502,494226,67,0,0.005,0.005,0.0,683.8
1790925687.502,494767,67,0,0.000,0.000,0.0,686.3
1790925687.502,495346,67,0,0.020,0.005,2.0,713.5
1790925687.502,495975,67,0,0.000,0.005,0.0,681.8
1790925687.502,496632,67,0,0.000,0.000,0.0,682.8
1790925687.502,497430,67,0,0.025,0.000,1.5,718.4
1790925687.502,498104,67,0,0.015,0.000,2.5,718.9
1790925689.523,492906,67,0,0.025,0.005,1.0,721.9
1790925689.523,494226,67,0,0.005,0.000,0.0,683.3
1790925689.523,494767,67,0,0.005,0.005,0.5,682.3
1790925689.523,495346,67,0,0.010,0.010,0.5,681.8
1790925689.523,495975,67,0,0.020,0.005,1.0,723.3
1790925689.523,496632,67,0,0.040,0.010,3.5,750.1
1790925689.523,497430,67,0,0.000,0.005,1.0,686.2
1790925689.523,498104,67,0,0.000,0.000,0.0,682.8
1790925691.544,492906,67,0,0.000,0.000,0.5,682.8
1790925691.544,494226,67,0,0.005,0.000,0.5,682.3
1790925691.544,494767,67,0,0.005,0.005,0.5,682.8
1790925691.544,495346,67,0,0.000,0.000,0.0,684.8
1790925691.544,495975,67,0,0.000,0.000,0.0,681.8
1790925691.544,496632,67,0,0.000,0.005,0.0,681.8
1790925691.544,497430,67,0,0.000,0.000,0.0,681.3
1790925691.544,498104,67,0,0.005,0.000,0.0,682.3
1790925693.564,492906,67,0,0.000,0.000,0.0,682.1
1790925693.564,494226,67,0,0.000,0.000,1.0,682.6
1790925693.564,494767,67,0,0.005,0.005,0.0,681.6
1790925693.564,495346,67,0,0.000,0.000,0.0,682.1
1790925693.564,495975,67,0,0.005,0.000,0.0,681.2
1790925693.564,496632,67,0,0.005,0.005,0.0,682.6
1790925693.564,497430,67,0,0.000,0.000,0.0,682.1
1790925693.564,498104,67,0,0.000,0.005,0.0,683.1
1790925695.585,492906,67,0,0.000,0.010,0.0,682.0
1790925695.585,494226,67,0,0.000,0.000,0.0,681.5
1790925695.585,494767,67,0,0.000,0.010,0.0,679.5
1790925695.585,495346,67,0,0.005,0.000,0.0,683.9
1790925695.585,495975,67,0,0.005,0.000,0.5,682.0
1790925695.585,496632,67,0,0.000,0.000,0.0,684.9
1790925695.585,497430,67,0,0.000,0.000,0.0,682.4
1790925695.585,498104,67,0,0.005,0.000,0.0,685.4
1790925697.606,492906,67,0,0.005,0.000,0.0,682.4
1790925697.606,494226,67,0,0.005,0.000,0.0,683.3
1790925697.606,494767,67,0,0.000,0.000,0.0,682.9
1790925697.606,495346,67,0,0.000,0.000,1.5,681.9
1790925697.606,495975,67,0,0.000,0.000,0.5,684.8
1790925697.606,496632,67,0,0.005,0.000,0.0,681.9
1790925697.606,497430,67,0,0.005,0.005,0.0,682.4
1790925697.606,498104,67,0,0.005,0.000,0.0,682.4
1790925699.628,492906,67,0,0.005,0.000,0.0,682.8
1790925699.628,494226,67,0,0.005,0.005,0.0,680.3
1790925699.628,494767,67,0,0.000,0.000,0.0,679.3
1790925699.628,495346,67,0,0.000,0.000,0.5,681.3
1790925699.628,495975,67,0,0.005,0.000,0.0,685.2
1790925699.628,496632,67,0,0.005,0.010,1.0,681.3
1790925699.628,497430,67,0,0.000,0.000,0.5,685.7
1790925699.628,498104,67,0,0.000,0.000,0.0,681.8
1790925701.649,492906,67,0,0.317,0.005,22.8,994.3
1790925701.649,494226,67,0,0.228,0.005,17.8,900.7
1790925701.649,494767,67,0,0.277,0.015,29.7,980.4
1790925701.649,495346,67,0,0.307,0.000,30.7,1120.5
1790925701.649,495975,67,0,0.099,0.010,7.4,763.7
1790925701.649,496632,67,0,0.292,0.000,29.2,997.3
1790925701.649,497430,67,0,0.228,0.010,13.9,951.7
1790925701.649,498104,67,0,0.351,0.000,27.7,1054.7
1790925703.668,492906,67,1,1.347,0.010,89.2,1691.1
1790925703.668,494226,67,1,1.253,0.010,97.1,1692.0
1790925703.668,494767,67,1,1.323,0.000,106.5,1759.4
1790925703.668,495346,67,1,1.273,0.010,109.5,1710.4
1790925703.668,495975,67,1,1.238,0.015,74.3,1650.9
1790925703.668,496632,67,1,1.288,0.010,84.7,1648.9
1790925703.668,497430,67,1,1.258,0.010,97.1,1648.9
1790925703.668,498104,67,1,1.223,0.010,95.6,1681.1
1790925705.688,492906,67,1,1.292,0.005,93.1,1692.4
1790925705.688,494226,67,1,1.257,0.000,80.7,1621.7
1790925705.688,494767,67,1,1.218,0.000,70.3,1684.0
1790925705.688,495346,67,1,1.238,0.015,102.0,1620.2
1790925705.688,495975,67,1,1.297,0.005,88.6,1716.2
1790925705.688,496632,67,1,1.287,0.010,94.5,1628.1
1790925705.688,497430,67,1,1.267,0.005,88.6,1608.8
1790925705.688,498104,67,1,1.322,0.000,95.5,1670.7
1790925707.706,492906,67,1,1.278,0.005,126.8,1679.6
1790925707.706,494226,67,1,1.328,0.005,80.8,1624.6
1790925707.706,494767,67,1,1.283,0.005,133.8,1689.5
1790925707.706,495346,67,1,1.258,0.005,91.2,1595.4
1790925707.706,495975,67,1,1.258,0.000,96.6,1648.4
1790925707.706,496632,67,1,1.249,0.005,84.2,1591.9
1790925707.706,497430,67,1,1.239,0.005,102.1,1654.9
1790925707.706,498104,67,1,1.298,0.005,122.9,1706.4
1790925709.726,492906,67,1,1.292,0.000,115.3,1701.5
1790925709.726,494226,67,1,1.292,0.000,117.3,1688.1
1790925709.726,494767,67,1,1.228,0.005,102.5,1694.6
1790925709.726,495346,67,1,1.272,0.000,112.4,1702.0
1790925709.726,495975,67,1,1.327,0.000,77.2,1658.4
1790925709.726,496632,67,1,1.193,0.000,106.4,1649.5
1790925709.726,497430,67,1,1.272,0.000,121.8,1636.2
1790925709.726,498104,67,1,1.262,0.000,100.5,1716.4
1790925711.745,492906,67,1,1.239,0.005,80.3,1609.6
1790925711.745,494226,67,1,1.229,0.000,73.3,1615.6
1790925711.745,494767,67,1,1.283,0.000,117.4,1648.8
1790925711.745,495346,67,1,1.268,0.000,85.7,1638.4
1790925711.745,495975,67,1,1.283,0.000,93.1,1636.9
1790925711.745,496632,67,1,1.313,0.000,102.1,1616.1
1790925711.745,497430,67,1,1.288,0.005,94.6,1674.1
1790925711.745,498104,67,1,1.353,0.000,83.7,1593.3
1790925713.763,492906,67,1,1.372,0.005,108.5,1712.2
1790925713.763,494226,67,1,1.333,0.015,89.2,1610.6
1790925713.763,494767,67,1,1.288,0.005,121.4,1683.5
1790925713.763,495346,67,1,1.253,0.010,101.6,1626.5
1790925713.763,495975,67,1,1.239,0.015,100.1,1556.6
1790925713.763,496632,67,1,1.199,0.005,103.0,1574.0
1790925713.763,497430,67,1,1.288,0.005,162.0,1587.8
1790925713.763,498104,67,1,1.253,0.000,104.5,1618.6
1790925715.784,492906,67,1,1.276,0.010,67.8,1566.3
1790925715.784,494226,67,1,1.271,0.005,77.2,1611.8
1790925715.784,494767,67,1,1.271,0.005,98.4,1648.4
1790925715.784,495346,67,1,1.252,0.005,94.0,1611.8
1790925715.784,495975,67,1,1.227,0.005,127.6,1685.5
1790925715.784,496632,67,1,1.242,0.000,86.6,1626.1
1790925715.784,497430,67,1,1.257,0.005,107.8,1609.3
1790925715.784,498104,67,1,1.257,0.005,59.9,1584.6
1790925717.803,492906,67,1,1.204,0.010,101.5,1630.1
1790925717.803,494226,67,1,1.253,0.000,74.3,1623.7
1790925717.803,494767,67,1,1.308,0.010,102.0,1667.8
1790925717.803,495346,67,1,1.273,0.000,100.6,1664.3
1790925717.803,495975,67,1,1.323,0.005,118.4,1670.2
1790925717.803,496632,67,1,1.278,0.005,109.0,1629.1
1790925717.803,497430,67,1,1.233,0.000,105.0,1634.6
1790925717.803,498104,67,1,1.204,0.005,74.3,1577.6
1790925719.824,492906,67,1,1.222,0.000,70.8,1588.7
1790925719.824,494226,67,1,1.208,0.000,71.8,1600.6
1790925719.824,494767,67,1,1.307,0.000,113.8,1701.6
1790925719.824,495346,67,1,1.257,0.005,67.3,1616.4
1790925719.824,495975,67,1,1.208,0.000,62.4,1595.6
1790925719.824,496632,67,1,1.267,0.000,51.0,1570.4
1790925719.824,497430,67,1,1.321,0.000,122.2,1748.1
1790925719.824,498104,67,1,1.183,0.010,60.4,1572.9
1790925721.844,492906,67,1,1.371,0.010,85.6,1642.8
1790925721.844,494226,67,1,1.346,0.005,88.1,1606.1
1790925721.844,494767,67,1,1.262,0.000,63.8,1555.6
1790925721.844,495346,67,1,1.257,0.005,74.7,1557.1
1790925721.844,495975,67,1,1.252,0.005,75.7,1566.5
1790925721.844,496632,67,1,1.307,0.005,94.0,1645.7
1790925721.844,497430,67,1,1.326,0.010,104.4,1676.4
1790925721.844,498104,67,1,1.287,0.010,52.0,1592.8
1790925723.862,492906,67,1,1.258,0.000,85.2,1723.7
1790925723.862,494226,67,1,1.204,0.000,109.5,1715.3
1790925723.862,494767,67,1,1.258,0.005,75.3,1647.4
1790925723.862,495346,67,1,1.253,0.000,92.6,1619.6
1790925723.862,495975,67,1,1.234,0.000,112.5,1659.8
1790925723.862,496632,67,1,1.268,0.000,102.1,1638.0
1790925723.862,497430,67,1,1.219,0.005,59.0,1566.1
1790925723.862,498104,67,1,1.204,0.000,103.1,1605.8
1790925725.881,492906,67,1,1.298,0.000,120.9,1695.2
1790925725.881,494226,67,1,1.268,0.000,94.1,1652.6
1790925725.881,494767,67,1,1.229,0.005,65.9,1631.8
1790925725.881,495346,67,1,1.258,0.000,101.6,1757.2
1790925725.881,495975,67,1,1.248,0.005,90.7,1680.4
1790925725.881,496632,67,1,1.229,0.000,92.6,1692.8
1790925725.881,497430,67,1,1.248,0.000,88.2,1615.0
1790925725.881,498104,67,1,1.179,0.005,61.4,1536.7
1790925727.900,492906,67,1,1.263,0.000,97.6,1697.6
1790925727.900,494226,67,1,1.184,0.005,101.1,1673.8
1790925727.900,494767,67,1,1.268,0.005,69.3,1685.7
1790925727.900,495346,67,1,1.258,0.005,100.1,1724.8
1790925727.900,495975,67,1,1.278,0.000,122.8,1708.5
1790925727.900,496632,67,1,1.258,0.015,74.8,1737.7
1790925727.900,497430,67,1,1.283,0.000,78.8,1656.0
1790925727.900,498104,67,1,1.233,0.000,103.0,1679.3
1790925729.919,492906,67,1,1.288,0.005,127.8,1661.9
1790925729.919,494226,67,1,1.298,0.005,100.6,1626.3
1790925729.919,494767,67,1,1.214,0.005,84.7,1546.0
1790925729.919,495346,67,1,1.313,0.005,102.0,1652.0
1790925729.919,495975,67,1,1.224,0.010,123.3,1644.6
1790925729.919,496632,67,1,1.194,0.010,100.6,1586.1
1790925729.919,497430,67,1,1.214,0.010,106.5,1668.4
1790925729.919,498104,67,1,1.293,0.010,97.1,1663.9
1790925731.938,492906,67,1,1.248,0.015,137.2,1805.3
1790925731.938,494226,67,1,1.298,0.010,137.7,1728.0
1790925731.938,494767,67,1,1.332,0.010,99.5,1708.7
1790925731.938,495346,67,1,1.253,0.005,110.4,1676.5
1790925731.938,495975,67,1,1.223,0.015,77.3,1592.3
1790925731.938,496632,67,1,1.223,0.000,73.3,1577.9
1790925731.938,497430,67,1,1.332,0.005,91.6,1661.1
1790925731.938,498104,67,1,1.293,0.000,72.3,1637.9
1790925733.957,492906,67,1,1.233,0.000,84.7,1600.7
1790925733.957,494226,67,1,1.238,0.005,68.3,1570.5
1790925733.957,494767,67,1,1.297,0.000,68.3,1563.5
1790925733.957,495346,67,1,1.317,0.000,101.0,1660.1
1790925733.957,495975,67,1,1.297,0.005,120.3,1646.2
1790925733.957,496632,67,1,1.322,0.010,87.1,1649.7
1790925733.957,497430,67,1,1.302,0.010,65.8,1645.2
1790925733.957,498104,67,1,1.193,0.000,96.0,1633.8
1790925735.977,492906,67,1,1.253,0.000,114.9,1653.3
1790925735.977,494226,67,1,1.362,0.000,155.5,1727.1
1790925735.977,494767,67,1,1.273,0.010,101.5,1665.7
1790925735.977,495346,67,1,1.317,0.000,120.3,1776.1
1790925735.977,495975,67,1,1.263,0.005,100.5,1610.7
1790925735.977,496632,67,1,1.258,0.005,117.4,1672.6
1790925735.977,497430,67,1,1.287,0.005,114.9,1662.7
1790925735.977,498104,67,1,1.287,0.005,96.1,1681.5
1790925737.997,492906,67,1,0.718,0.005,31.7,1212.9
1790925737.997,494226,67,1,1.243,0.010,120.8,1649.1
1790925737.997,494767,67,1,1.257,0.005,102.5,1668.9
1790925737.997,495346,67,1,1.248,0.010,116.8,1731.8
1790925737.997,495975,67,1,1.267,0.000,87.6,1696.1
1790925737.997,496632,67,1,1.223,0.010,72.8,1645.6
1790925737.997,497430,67,1,1.307,0.005,108.4,1688.2
1790925737.997,498104,67,1,1.223,0.005,109.4,1673.4
1790925740.016,492906,67,0,0.000,0.000,0.5,682.4
1790925740.016,494226,67,1,1.055,0.005,56.5,1767.5
1790925740.016,494767,67,0,0.332,0.000,4.5,942.9
1790925740.016,495346,67,1,0.728,0.010,32.7,1371.8
1790925740.016,495975,67,1,1.302,0.010,83.7,2198.9
1790925740.016,496632,67,1,1.233,0.000,47.5,2037.9
1790925740.016,497430,67,0,0.352,0.000,5.9,992.0
1790925740.016,498104,67,1,1.233,0.010,58.4,1999.3
1790925742.034,492906,67,0,0.005,0.005,0.0,683.0
1790925742.034,494226,67,0,0.000,0.000,0.5,682.0
1790925742.034,494767,67,0,0.000,0.000,1.5,684.5
1790925742.034,495346,67,0,0.000,0.000,0.0,682.5
1790925742.034,495975,67,0,0.149,0.005,3.0,890.2
1790925742.034,496632,67,1,1.254,0.010,24.3,3191.6
1790925742.034,497430,67,0,0.000,0.005,1.0,682.0
1790925742.034,498104,67,1,1.314,0.000,53.5,3236.2
1790925744.051,492906,67,0,0.000,0.000,1.0,682.1
1790925744.051,494226,67,0,0.000,0.000,1.0,683.1
1790925744.051,494767,67,0,0.000,0.000,0.0,683.1
1790925744.051,495346,67,0,0.005,0.005,0.0,683.6
1790925744.051,495975,67,0,0.000,0.005,0.0,686.1
1790925744.051,496632,67,0,0.634,0.005,17.3,2119.6
1790925744.051,497430,67,0,0.000,0.000,0.0,687.0
1790925744.051,498104,67,0,0.342,0.000,10.9,1391.9
1790925746.072,492906,67,0,0.005,0.000,0.0,685.1
1790925746.072,494226,67,0,0.010,0.005,0.0,681.7
1790925746.072,494767,67,0,0.000,0.000,0.5,682.2
1790925746.072,495346,67,0,0.005,0.000,0.5,685.6
1790925746.072,495975,67,0,0.000,0.000,0.0,682.2
1790925746.072,496632,67,0,0.005,0.005,0.0,681.7
1790925746.072,497430,67,0,0.000,0.000,0.0,682.2
1790925746.072,498104,67,0,0.000,0.000,0.5,682.7
1790925748.092,492906,67,0,0.005,0.005,0.0,682.2
1790925748.092,494226,67,0,0.005,0.000,0.0,683.2
1790925748.092,494767,67,0,0.000,0.000,0.0,681.7
1790925748.092,495346,67,0,0.005,0.000,0.0,681.7
1790925748.092,495975,67,0,0.000,0.000,0.5,683.2
1790925748.092,496632,67,0,0.005,0.000,0.5,682.7
1790925748.092,497430,67,0,0.005,0.000,0.0,681.2
1790925748.092,498104,67,0,0.000,0.000,0.0,682.2
