ts,role,cores
1790898939.356,other_total,0.049
1790898939.356,avail_mb,57423
1790898939.356,pswpin,907370
1790898940.366,other_total,0.030
1790898940.366,avail_mb,57423
1790898940.366,pswpin,907370
1790898941.377,other_total,0.099
1790898941.377,avail_mb,57421
1790898941.377,pswpin,907370
1790898942.387,other_total,0.099
1790898942.387,avail_mb,57421
1790898942.387,pswpin,907370
1790898943.398,other_total,0.049
1790898943.398,avail_mb,57421
1790898943.398,pswpin,907370
1790898944.408,other_total,0.059
1790898944.408,avail_mb,57421
1790898944.408,pswpin,907370
1790898945.419,other_total,0.040
1790898945.419,avail_mb,57425
1790898945.419,pswpin,907370
1790898946.430,other_total,0.069
1790898946.430,avail_mb,57417
1790898946.430,pswpin,907370
1790898947.440,other_total,0.069
1790898947.440,avail_mb,57416
1790898947.440,pswpin,907370
1790898948.451,other_total,0.059
1790898948.451,avail_mb,57416
1790898948.451,pswpin,907370
1790898949.459,other_total,2.944
1790898949.459,avail_mb,57008
1790898949.459,pswpin,907370
1790898950.470,other_total,0.059
1790898950.470,store_0,0.109
1790898950.470,avail_mb,56985
1790898950.470,pswpin,907370
1790898951.480,other_total,3.863
1790898951.480,store_0,0.000
1790898951.480,avail_mb,56347
1790898951.480,pswpin,907370
1790898952.489,api,3.686
1790898952.489,other_total,0.040
1790898952.489,store_0,0.000
1790898952.489,avail_mb,56178
1790898952.489,pswpin,907370
1790898953.498,api,1.982
1790898953.498,other_total,0.059
1790898953.498,store_0,0.000
1790898953.498,avail_mb,55926
1790898953.498,pswpin,907370
1790898954.507,api,1.269
1790898954.507,other_total,0.020
1790898954.507,store_0,0.000
1790898954.507,avail_mb,55818
1790898954.507,pswpin,907370
1790898955.525,api,0.903
1790898955.525,other_total,0.894
1790898955.525,store_0,0.000
1790898955.525,avail_mb,55197
1790898955.525,pswpin,907370
1790898956.534,api,0.000
1790898956.534,other_total,3.341
1790898956.534,store_0,0.000
1790898956.534,avail_mb,54880
1790898956.534,pswpin,907370
1790898957.543,api,0.000
1790898957.543,other_total,3.895
1790898957.543,store_0,0.000
1790898957.543,avail_mb,54660
1790898957.543,pswpin,907370
1790898958.552,api,0.000
1790898958.552,other_total,2.022
1790898958.552,store_0,0.000
1790898958.552,avail_mb,54479
1790898958.552,pswpin,907370
1790898959.564,api,0.000
1790898959.564,other_total,2.659
1790898959.564,store_0,0.000
1790898959.564,avail_mb,53927
1790898959.564,pswpin,907370
1790898960.573,api,0.000
1790898960.573,enginecore,1.337
1790898960.573,other_total,1.684
1790898960.573,store_0,0.000
1790898960.573,avail_mb,53754
1790898960.573,pswpin,907370
1790898961.583,api,0.000
1790898961.583,enginecore,2.020
1790898961.583,other_total,0.040
1790898961.583,store_0,0.000
1790898961.583,avail_mb,53273
1790898961.583,pswpin,907370
1790898962.592,api,0.000
1790898962.592,enginecore,1.070
1790898962.592,other_total,0.961
1790898962.592,store_0,0.000
1790898962.592,avail_mb,53206
1790898962.592,pswpin,907370
1790898963.601,api,0.000
1790898963.601,enginecore,1.933
1790898963.601,other_total,0.159
1790898963.601,store_0,0.000
1790898963.601,avail_mb,52185
1790898963.601,pswpin,907370
1790898964.610,api,0.050
1790898964.610,enginecore,1.407
1790898964.610,other_total,0.030
1790898964.610,store_0,0.000
1790898964.610,avail_mb,51525
1790898964.610,pswpin,907370
1790898965.619,api,0.347
1790898965.619,enginecore,0.168
1790898965.619,other_total,0.882
1790898965.619,store_0,0.000
1790898965.619,avail_mb,51469
1790898965.619,pswpin,907370
1790898966.629,api,0.000
1790898966.629,enginecore,1.308
1790898966.629,other_total,0.238
1790898966.629,store_0,0.000
1790898966.629,avail_mb,50275
1790898966.629,pswpin,907370
1790898967.638,api,0.000
1790898967.638,enginecore,0.743
1790898967.638,other_total,0.020
1790898967.638,store_0,0.000
1790898967.638,avail_mb,50163
1790898967.638,pswpin,907370
1790898968.649,api,0.059
1790898968.649,enginecore,0.099
1790898968.649,other_total,0.069
1790898968.649,store_0,0.000
1790898968.649,avail_mb,50160
1790898968.649,pswpin,907370
1790898969.660,api,0.376
1790898969.660,enginecore,0.010
1790898969.660,other_total,0.010
1790898969.660,store_0,0.000
1790898969.660,avail_mb,50108
1790898969.660,pswpin,907370
1790898970.671,api,0.040
1790898970.671,enginecore,0.030
1790898970.671,other_total,0.089
1790898970.671,store_0,0.000
1790898970.671,avail_mb,50095
1790898970.671,pswpin,907370
1790898971.680,api,0.020
1790898971.680,enginecore,0.961
1790898971.680,other_total,0.040
1790898971.680,store_0,0.129
1790898971.680,avail_mb,49323
1790898971.680,pswpin,907370
1790898972.689,api,0.020
1790898972.689,enginecore,0.991
1790898972.689,other_total,0.050
1790898972.689,store_0,0.139
1790898972.689,avail_mb,48440
1790898972.689,pswpin,907370
1790898973.698,api,0.020
1790898973.698,enginecore,0.991
1790898973.698,other_total,0.010
1790898973.698,store_0,0.139
1790898973.698,avail_mb,47579
1790898973.698,pswpin,907370
1790898974.708,api,0.020
1790898974.708,enginecore,1.011
1790898974.708,other_total,0.040
1790898974.708,store_0,0.129
1790898974.708,avail_mb,46802
1790898974.708,pswpin,907370
1790898975.717,api,0.010
1790898975.717,enginecore,0.595
1790898975.717,other_total,0.357
1790898975.717,store_0,0.050
1790898975.717,avail_mb,49829
1790898975.717,pswpin,907370
1790898976.726,api,0.000
1790898976.726,enginecore,0.010
1790898976.726,other_total,2.636
1790898976.726,store_0,0.000
1790898976.726,avail_mb,49542
1790898976.726,pswpin,907370
1790898977.737,api,0.000
1790898977.737,enginecore,0.020
1790898977.737,other_total,0.030
1790898977.737,store_0,0.000
1790898977.737,store_1,0.069
1790898977.737,avail_mb,49519
1790898977.737,pswpin,907370
1790898978.746,api,0.000
1790898978.746,enginecore,0.010
1790898978.746,other_total,3.330
1790898978.746,store_0,0.000
1790898978.746,store_1,0.000
1790898978.746,avail_mb,48940
1790898978.746,pswpin,907370
1790898979.769,api,3.742
1790898979.769,enginecore,0.000
1790898979.769,other_total,0.049
1790898979.769,store_0,0.000
1790898979.769,store_1,0.000
1790898979.769,avail_mb,48727
1790898979.769,pswpin,907370
1790898980.778,api,1.972
1790898980.778,enginecore,0.010
1790898980.778,other_total,0.030
1790898980.778,store_0,0.000
1790898980.778,store_1,0.000
1790898980.778,avail_mb,48504
1790898980.778,pswpin,907370
1790898981.787,api,1.507
1790898981.787,enginecore,0.000
1790898981.787,other_total,0.069
1790898981.787,store_0,0.000
1790898981.787,store_1,0.000
1790898981.787,avail_mb,48367
1790898981.787,pswpin,907370
1790898982.797,api,0.951
1790898982.797,enginecore,0.020
1790898982.797,other_total,0.178
1790898982.797,store_0,0.000
1790898982.797,store_1,0.000
1790898982.797,avail_mb,48099
1790898982.797,pswpin,907370
1790898983.806,api,0.000
1790898983.806,enginecore,0.000
1790898983.806,other_total,4.360
1790898983.806,store_0,0.000
1790898983.806,store_1,0.000
1790898983.806,avail_mb,47487
1790898983.806,pswpin,907370
1790898984.815,api,0.000
1790898984.815,enginecore,0.000
1790898984.815,other_total,3.923
1790898984.815,store_0,0.000
1790898984.815,store_1,0.000
1790898984.815,avail_mb,47283
1790898984.815,pswpin,907370
1790898985.824,api,0.000
1790898985.824,enginecore,0.010
1790898985.824,other_total,2.022
1790898985.824,store_0,0.000
1790898985.824,store_1,0.000
1790898985.824,avail_mb,47085
1790898985.824,pswpin,907370
1790898986.834,api,0.000
1790898986.834,enginecore,0.000
1790898986.834,other_total,2.327
1790898986.834,store_0,0.000
1790898986.834,store_1,0.000
1790898986.834,avail_mb,46628
1790898986.834,pswpin,907370
1790898987.844,api,0.000
1790898987.844,enginecore,1.357
1790898987.844,other_total,1.882
1790898987.844,store_0,0.000
1790898987.844,store_1,0.000
1790898987.844,avail_mb,46394
1790898987.844,pswpin,907370
1790898988.853,api,0.000
1790898988.853,enginecore,1.982
1790898988.853,other_total,0.069
1790898988.853,store_0,0.000
1790898988.853,store_1,0.000
1790898988.853,avail_mb,45930
1790898988.853,pswpin,907370
1790898989.862,api,0.000
1790898989.862,enginecore,1.020
1790898989.862,other_total,1.020
1790898989.862,store_0,0.000
1790898989.862,store_1,0.000
1790898989.862,avail_mb,45887
1790898989.862,pswpin,907370
1790898990.872,api,0.000
1790898990.872,enginecore,2.169
1790898990.872,other_total,0.079
1790898990.872,store_0,0.000
1790898990.872,store_1,0.000
1790898990.872,avail_mb,44763
1790898990.872,pswpin,907370
1790898991.881,api,0.089
1790898991.881,enginecore,1.130
1790898991.881,other_total,0.040
1790898991.881,store_0,0.000
1790898991.881,store_1,0.000
1790898991.881,avail_mb,44193
1790898991.881,pswpin,907370
1790898992.890,api,0.307
1790898992.890,enginecore,0.159
1790898992.890,other_total,0.902
1790898992.890,store_0,0.000
1790898992.890,store_1,0.000
1790898992.890,avail_mb,44130
1790898992.890,pswpin,907370
1790898993.901,api,0.010
1790898993.901,enginecore,0.030
1790898993.901,other_total,0.208
1790898993.901,store_0,0.000
1790898993.901,store_1,0.000
1790898993.901,avail_mb,44136
1790898993.901,pswpin,907370
1790898994.912,api,0.000
1790898994.912,enginecore,0.040
1790898994.912,other_total,0.079
1790898994.912,store_0,0.000
1790898994.912,store_1,0.000
1790898994.912,avail_mb,44138
1790898994.912,pswpin,907370
1790898995.923,api,0.000
1790898995.923,enginecore,0.059
1790898995.923,other_total,0.030
1790898995.923,store_0,0.000
1790898995.923,store_1,0.000
1790898995.923,avail_mb,44141
1790898995.923,pswpin,907370
1790898996.934,api,0.000
1790898996.934,enginecore,0.040
1790898996.934,other_total,0.049
1790898996.934,store_0,0.000
1790898996.934,store_1,0.000
1790898996.934,avail_mb,44143
1790898996.934,pswpin,907370
1790898997.946,api,0.000
1790898997.946,enginecore,1.226
1790898997.946,other_total,0.020
1790898997.946,store_0,0.000
1790898997.946,store_1,0.000
1790898997.946,avail_mb,43100
1790898997.946,pswpin,907371
1790898998.957,api,0.000
1790898998.957,enginecore,0.811
1790898998.957,other_total,0.010
1790898998.957,store_0,0.000
1790898998.957,store_1,0.000
1790898998.957,avail_mb,42855
1790898998.957,pswpin,907377
1790898999.968,api,0.049
1790898999.968,enginecore,0.346
1790898999.968,other_total,0.049
1790898999.968,store_0,0.000
1790898999.968,store_1,0.000
1790898999.968,avail_mb,42833
1790898999.968,pswpin,907377
1790899000.979,api,0.386
1790899000.979,enginecore,0.040
1790899000.979,other_total,0.030
1790899000.979,store_0,0.000
1790899000.979,store_1,0.000
1790899000.979,avail_mb,42793
1790899000.979,pswpin,907377
1790899001.990,api,0.010
1790899001.990,enginecore,0.040
1790899001.990,other_total,0.020
1790899001.990,store_0,0.000
1790899001.990,store_1,0.000
1790899001.990,avail_mb,42793
1790899001.990,pswpin,907377
1790899002.999,api,0.079
1790899002.999,enginecore,0.793
1790899002.999,other_total,0.059
1790899002.999,store_0,0.000
1790899002.999,store_1,0.089
1790899002.999,avail_mb,42138
1790899002.999,pswpin,907377
1790899004.008,api,0.020
1790899004.008,enginecore,1.031
1790899004.008,other_total,0.020
1790899004.008,store_0,0.000
1790899004.008,store_1,0.139
1790899004.008,avail_mb,41286
1790899004.008,pswpin,907377
1790899005.017,api,0.020
1790899005.017,enginecore,1.021
1790899005.017,other_total,0.030
1790899005.017,store_0,0.000
1790899005.017,store_1,0.149
1790899005.017,avail_mb,40428
1790899005.017,pswpin,907377
1790899006.026,api,0.010
1790899006.026,enginecore,1.011
1790899006.026,other_total,0.040
1790899006.026,store_0,0.000
1790899006.026,store_1,0.139
1790899006.026,avail_mb,39548
1790899006.026,pswpin,907377
1790899007.035,api,0.010
1790899007.035,enginecore,0.605
1790899007.035,other_total,0.476
1790899007.035,store_0,0.000
1790899007.035,store_1,0.059
1790899007.035,avail_mb,42512
1790899007.035,pswpin,907377
1790899008.044,api,0.000
1790899008.044,enginecore,0.020
1790899008.044,other_total,2.538
1790899008.044,store_0,0.000
1790899008.044,store_1,0.000
1790899008.044,avail_mb,42248
1790899008.044,pswpin,907377
1790899009.054,api,0.000
1790899009.054,enginecore,0.020
1790899009.054,other_total,0.040
1790899009.054,store_0,0.000
1790899009.054,store_1,0.000
1790899009.054,store_2,0.168
1790899009.054,avail_mb,42232
1790899009.054,pswpin,907377
1790899010.066,api,0.000
1790899010.066,enginecore,0.010
1790899010.066,other_total,3.143
1790899010.066,store_0,0.000
1790899010.066,store_1,0.000
1790899010.066,store_2,0.000
1790899010.066,avail_mb,41755
1790899010.066,pswpin,907377
1790899011.075,api,1.933
1790899011.075,enginecore,0.020
1790899011.075,other_total,0.020
1790899011.075,store_0,0.000
1790899011.075,store_1,0.000
1790899011.075,store_2,0.000
1790899011.075,avail_mb,41532
1790899011.075,pswpin,907377
1790899012.084,api,3.816
1790899012.084,enginecore,0.010
1790899012.084,other_total,0.069
1790899012.084,store_0,0.000
1790899012.084,store_1,0.000
1790899012.084,store_2,0.000
1790899012.084,avail_mb,41319
1790899012.084,pswpin,907377
1790899013.093,api,1.685
1790899013.093,enginecore,0.010
1790899013.093,other_total,0.020
1790899013.093,store_0,0.000
1790899013.093,store_1,0.000
1790899013.093,store_2,0.000
1790899013.093,avail_mb,41107
1790899013.093,pswpin,907377
1790899014.103,api,0.921
1790899014.103,enginecore,0.010
1790899014.103,other_total,0.050
1790899014.103,store_0,0.000
1790899014.103,store_1,0.000
1790899014.103,store_2,0.000
1790899014.103,avail_mb,40912
1790899014.103,pswpin,907377
1790899015.112,api,0.040
1790899015.112,enginecore,0.010
1790899015.112,other_total,3.904
1790899015.112,store_0,0.000
1790899015.112,store_1,0.000
1790899015.112,store_2,0.000
1790899015.112,avail_mb,40236
1790899015.112,pswpin,907377
1790899016.121,api,0.000
1790899016.121,enginecore,0.000
1790899016.121,other_total,3.845
1790899016.121,store_0,0.000
1790899016.121,store_1,0.000
1790899016.121,store_2,0.000
1790899016.121,avail_mb,40034
1790899016.121,pswpin,907377
1790899017.130,api,0.010
1790899017.130,enginecore,0.010
1790899017.130,other_total,2.002
1790899017.130,store_0,0.000
1790899017.130,store_1,0.000
1790899017.130,store_2,0.000
1790899017.130,avail_mb,39834
1790899017.130,pswpin,907377
1790899018.140,api,0.000
1790899018.140,enginecore,0.000
1790899018.140,other_total,2.279
1790899018.140,store_0,0.000
1790899018.140,store_1,0.000
1790899018.140,store_2,0.000
1790899018.140,avail_mb,39178
1790899018.140,pswpin,907377
1790899019.152,api,0.000
1790899019.152,enginecore,1.344
1790899019.152,other_total,2.026
1790899019.152,store_0,0.000
1790899019.152,store_1,0.000
1790899019.152,store_2,0.000
1790899019.152,avail_mb,39105
1790899019.152,pswpin,907377
1790899020.161,api,0.000
1790899020.161,enginecore,2.040
1790899020.161,other_total,0.040
1790899020.161,store_0,0.000
1790899020.161,store_1,0.000
1790899020.161,store_2,0.000
1790899020.161,avail_mb,38635
1790899020.161,pswpin,907377
1790899021.171,api,0.000
1790899021.171,enginecore,1.060
1790899021.171,other_total,1.001
1790899021.171,store_0,0.000
1790899021.171,store_1,0.000
1790899021.171,store_2,0.000
1790899021.171,avail_mb,38571
1790899021.171,pswpin,907377
1790899022.180,api,0.000
1790899022.180,enginecore,2.160
1790899022.180,other_total,0.109
1790899022.180,store_0,0.000
1790899022.180,store_1,0.000
1790899022.180,store_2,0.000
1790899022.180,avail_mb,37464
1790899022.180,pswpin,907377
1790899023.189,api,0.050
1790899023.189,enginecore,1.139
1790899023.189,other_total,0.059
1790899023.189,store_0,0.000
1790899023.189,store_1,0.000
1790899023.189,store_2,0.000
1790899023.189,avail_mb,36926
1790899023.189,pswpin,907377
1790899024.199,api,0.337
1790899024.199,enginecore,0.178
1790899024.199,other_total,0.872
1790899024.199,store_0,0.000
1790899024.199,store_1,0.000
1790899024.199,store_2,0.000
1790899024.199,avail_mb,36839
1790899024.199,pswpin,907377
1790899025.208,api,0.000
1790899025.208,enginecore,1.338
1790899025.208,other_total,0.228
1790899025.208,store_0,0.000
1790899025.208,store_1,0.000
1790899025.208,store_2,0.000
1790899025.208,avail_mb,35613
1790899025.208,pswpin,907377
1790899026.218,api,0.000
1790899026.218,enginecore,0.752
1790899026.218,other_total,0.010
1790899026.218,store_0,0.000
1790899026.218,store_1,0.000
1790899026.218,store_2,0.000
1790899026.218,avail_mb,35505
1790899026.218,pswpin,907377
1790899027.231,api,0.138
1790899027.231,enginecore,0.079
1790899027.231,other_total,0.020
1790899027.231,store_0,0.000
1790899027.231,store_1,0.000
1790899027.231,store_2,0.000
1790899027.231,avail_mb,35467
1790899027.231,pswpin,907377
1790899028.242,api,0.307
1790899028.242,enginecore,0.030
1790899028.242,other_total,0.020
1790899028.242,store_0,0.000
1790899028.242,store_1,0.000
1790899028.242,store_2,0.000
1790899028.242,avail_mb,35459
1790899028.242,pswpin,907377
1790899029.253,api,0.000
1790899029.253,enginecore,0.030
1790899029.253,other_total,0.049
1790899029.253,store_0,0.000
1790899029.253,store_1,0.000
1790899029.253,store_2,0.000
1790899029.253,avail_mb,35461
1790899029.253,pswpin,907377
1790899030.262,api,0.059
1790899030.262,enginecore,0.703
1790899030.262,other_total,0.099
1790899030.262,store_0,0.000
1790899030.262,store_1,0.000
1790899030.262,store_2,0.089
1790899030.262,avail_mb,34907
1790899030.262,pswpin,907377
1790899031.272,api,0.020
1790899031.272,enginecore,1.010
1790899031.272,other_total,0.000
1790899031.272,store_0,0.000
1790899031.272,store_1,0.000
1790899031.272,store_2,0.139
1790899031.272,avail_mb,34074
1790899031.272,pswpin,907377
1790899032.282,api,0.010
1790899032.282,enginecore,1.020
1790899032.282,other_total,0.020
1790899032.282,store_0,0.000
1790899032.282,store_1,0.000
1790899032.282,store_2,0.139
1790899032.282,avail_mb,33176
1790899032.282,pswpin,907377
1790899033.305,api,0.029
1790899033.305,enginecore,0.988
1790899033.305,other_total,0.029
1790899033.305,store_0,0.000
1790899033.305,store_1,0.000
1790899033.305,store_2,0.127
1790899033.305,avail_mb,32377
1790899033.305,pswpin,907377
1790899034.314,api,0.010
1790899034.314,enginecore,0.644
1790899034.314,other_total,0.614
1790899034.314,store_0,0.000
1790899034.314,store_1,0.000
1790899034.314,store_2,0.069
1790899034.314,avail_mb,35252
1790899034.314,pswpin,907377
1790899035.323,api,0.000
1790899035.323,enginecore,0.040
1790899035.323,other_total,2.408
1790899035.323,store_0,0.000
1790899035.323,store_1,0.000
1790899035.323,store_2,0.000
1790899035.323,avail_mb,35031
1790899035.323,pswpin,907377
1790899036.334,api,0.000
1790899036.334,enginecore,0.030
1790899036.334,other_total,0.049
1790899036.334,store_0,0.000
1790899036.334,store_1,0.000
1790899036.334,store_2,0.000
1790899036.334,store_3,0.317
1790899036.334,avail_mb,34972
1790899036.334,pswpin,907377
1790899037.346,api,0.000
1790899037.346,enginecore,0.020
1790899037.346,other_total,2.795
1790899037.346,store_0,0.000
1790899037.346,store_1,0.000
1790899037.346,store_2,0.000
1790899037.346,store_3,0.000
1790899037.346,avail_mb,34489
1790899037.346,pswpin,907377
1790899038.358,api,1.908
1790899038.358,enginecore,0.020
1790899038.358,other_total,0.030
1790899038.358,store_0,0.000
1790899038.358,store_1,0.000
1790899038.358,store_2,0.000
1790899038.358,store_3,0.000
1790899038.358,avail_mb,34235
1790899038.358,pswpin,907377
1790899039.367,api,4.072
1790899039.367,enginecore,0.010
1790899039.367,other_total,0.079
1790899039.367,store_0,0.000
1790899039.367,store_1,0.000
1790899039.367,store_2,0.000
1790899039.367,store_3,0.000
1790899039.367,avail_mb,34010
1790899039.367,pswpin,907377
1790899040.376,api,2.002
1790899040.376,enginecore,0.020
1790899040.376,other_total,0.000
1790899040.376,store_0,0.000
1790899040.376,store_1,0.000
1790899040.376,store_2,0.000
1790899040.376,store_3,0.000
1790899040.376,avail_mb,33805
1790899040.376,pswpin,907377
1790899041.388,api,0.652
1790899041.388,enginecore,0.000
1790899041.388,other_total,0.030
1790899041.388,store_0,0.000
1790899041.388,store_1,0.000
1790899041.388,store_2,0.000
1790899041.388,store_3,0.000
1790899041.388,avail_mb,33727
1790899041.388,pswpin,907377
1790899042.397,api,0.287
1790899042.397,enginecore,0.020
1790899042.397,other_total,5.299
1790899042.397,store_0,0.000
1790899042.397,store_1,0.000
1790899042.397,store_2,0.000
1790899042.397,store_3,0.000
1790899042.397,avail_mb,32975
1790899042.397,pswpin,907377
1790899043.407,api,0.000
1790899043.407,enginecore,0.010
1790899043.407,other_total,5.656
1790899043.407,store_0,0.000
1790899043.407,store_1,0.000
1790899043.407,store_2,0.000
1790899043.407,store_3,0.000
1790899043.407,avail_mb,32779
1790899043.407,pswpin,907377
1790899044.416,api,0.000
1790899044.416,enginecore,0.000
1790899044.416,other_total,2.011
1790899044.416,store_0,0.000
1790899044.416,store_1,0.000
1790899044.416,store_2,0.000
1790899044.416,store_3,0.000
1790899044.416,avail_mb,32539
1790899044.416,pswpin,907377
1790899045.426,api,0.010
1790899045.426,enginecore,0.010
1790899045.426,other_total,2.130
1790899045.426,store_0,0.000
1790899045.426,store_1,0.000
1790899045.426,store_2,0.000
1790899045.426,store_3,0.000
1790899045.426,avail_mb,32222
1790899045.426,pswpin,907377
1790899046.437,api,0.000
1790899046.437,enginecore,1.395
1790899046.437,other_total,1.841
1790899046.437,store_0,0.000
1790899046.437,store_1,0.000
1790899046.437,store_2,0.000
1790899046.437,store_3,0.000
1790899046.437,avail_mb,31829
1790899046.437,pswpin,907377
1790899047.446,api,0.000
1790899047.446,enginecore,2.021
1790899047.446,other_total,0.436
1790899047.446,store_0,0.000
1790899047.446,store_1,0.000
1790899047.446,store_2,0.000
1790899047.446,store_3,0.000
1790899047.446,avail_mb,31380
1790899047.446,pswpin,907377
1790899048.455,api,0.000
1790899048.455,enginecore,1.189
1790899048.455,other_total,0.852
1790899048.455,store_0,0.000
1790899048.455,store_1,0.000
1790899048.455,store_2,0.000
1790899048.455,store_3,0.000
1790899048.455,avail_mb,31325
1790899048.455,pswpin,907377
1790899049.465,api,0.000
1790899049.465,enginecore,2.080
1790899049.465,other_total,0.238
1790899049.465,store_0,0.000
1790899049.465,store_1,0.000
1790899049.465,store_2,0.000
1790899049.465,store_3,0.000
1790899049.465,avail_mb,30191
1790899049.465,pswpin,907377
1790899050.475,api,0.059
1790899050.475,enginecore,1.258
1790899050.475,other_total,0.030
1790899050.475,store_0,0.000
1790899050.475,store_1,0.000
1790899050.475,store_2,0.000
1790899050.475,store_3,0.000
1790899050.475,avail_mb,29637
1790899050.475,pswpin,907377
1790899051.484,api,0.337
1790899051.484,enginecore,0.198
1790899051.484,other_total,0.842
1790899051.484,store_0,0.000
1790899051.484,store_1,0.000
1790899051.484,store_2,0.000
1790899051.484,store_3,0.000
1790899051.484,avail_mb,29576
1790899051.484,pswpin,907379
1790899052.493,api,0.000
1790899052.493,enginecore,1.278
1790899052.493,other_total,0.248
1790899052.493,store_0,0.000
1790899052.493,store_1,0.000
1790899052.493,store_2,0.000
1790899052.493,store_3,0.000
1790899052.493,avail_mb,28485
1790899052.493,pswpin,907379
1790899053.503,api,0.000
1790899053.503,enginecore,0.753
1790899053.503,other_total,0.030
1790899053.503,store_0,0.000
1790899053.503,store_1,0.000
1790899053.503,store_2,0.000
1790899053.503,store_3,0.000
1790899053.503,avail_mb,28244
1790899053.503,pswpin,907379
1790899054.514,api,0.059
1790899054.514,enginecore,0.158
1790899054.514,other_total,0.049
1790899054.514,store_0,0.000
1790899054.514,store_1,0.000
1790899054.514,store_2,0.000
1790899054.514,store_3,0.000
1790899054.514,avail_mb,28244
1790899054.514,pswpin,907379
1790899055.525,api,0.376
1790899055.525,enginecore,0.030
1790899055.525,other_total,0.000
1790899055.525,store_0,0.000
1790899055.525,store_1,0.000
1790899055.525,store_2,0.000
1790899055.525,store_3,0.000
1790899055.525,avail_mb,28200
1790899055.525,pswpin,907379
1790899056.536,api,0.000
1790899056.536,enginecore,0.020
1790899056.536,other_total,0.010
1790899056.536,store_0,0.000
1790899056.536,store_1,0.000
1790899056.536,store_2,0.000
1790899056.536,store_3,0.000
1790899056.536,avail_mb,28200
1790899056.536,pswpin,907379
1790899057.545,api,0.050
1790899057.545,enginecore,0.555
1790899057.545,other_total,0.030
1790899057.545,store_0,0.000
1790899057.545,store_1,0.000
1790899057.545,store_2,0.000
1790899057.545,store_3,0.059
1790899057.545,avail_mb,27775
1790899057.545,pswpin,907379
1790899058.556,api,0.030
1790899058.556,enginecore,0.989
1790899058.556,other_total,0.000
1790899058.556,store_0,0.000
1790899058.556,store_1,0.000
1790899058.556,store_2,0.000
1790899058.556,store_3,0.139
1790899058.556,avail_mb,27002
1790899058.556,pswpin,907380
1790899059.566,api,0.020
1790899059.566,enginecore,0.990
1790899059.566,other_total,0.069
1790899059.566,store_0,0.000
1790899059.566,store_1,0.000
1790899059.566,store_2,0.000
1790899059.566,store_3,0.129
1790899059.566,avail_mb,26134
1790899059.566,pswpin,907380
1790899060.576,api,0.030
1790899060.576,enginecore,1.020
1790899060.576,other_total,0.010
1790899060.576,store_0,0.000
1790899060.576,store_1,0.000
1790899060.576,store_2,0.000
1790899060.576,store_3,0.139
1790899060.576,avail_mb,25275
1790899060.576,pswpin,907380
1790899061.585,api,0.010
1790899061.585,enginecore,0.595
1790899061.585,other_total,0.813
1790899061.585,store_0,0.000
1790899061.585,store_1,0.000
1790899061.585,store_2,0.000
1790899061.585,store_3,0.109
1790899061.585,avail_mb,27937
1790899061.585,pswpin,907380
1790899062.595,api,0.000
1790899062.595,enginecore,0.030
1790899062.595,other_total,3.466
1790899062.595,store_0,0.000
1790899062.595,store_1,0.000
1790899062.595,store_2,0.000
1790899062.595,store_3,0.000
1790899062.595,avail_mb,27750
1790899062.595,pswpin,907380
1790899063.606,api,0.010
1790899063.606,client,0.059
1790899063.606,enginecore,0.010
1790899063.606,other_total,0.030
1790899063.606,store_0,0.000
1790899063.606,store_1,0.000
1790899063.606,store_2,0.000
1790899063.606,store_3,0.000
1790899063.606,avail_mb,27747
1790899063.606,pswpin,907380
1790899064.617,api,0.000
1790899064.617,client,0.000
1790899064.617,enginecore,0.010
1790899064.617,other_total,0.020
1790899064.617,store_0,0.000
1790899064.617,store_1,0.000
1790899064.617,store_2,0.000
1790899064.617,store_3,0.000
1790899064.617,avail_mb,27753
1790899064.617,pswpin,907380
1790899065.628,api,0.000
1790899065.628,client,0.000
1790899065.628,enginecore,0.020
1790899065.628,other_total,0.040
1790899065.628,store_0,0.000
1790899065.628,store_1,0.000
1790899065.628,store_2,0.000
1790899065.628,store_3,0.000
1790899065.628,avail_mb,27757
1790899065.628,pswpin,907380
1790899066.639,api,0.020
1790899066.639,client,0.010
1790899066.639,enginecore,0.227
1790899066.639,other_total,0.059
1790899066.639,store_0,0.000
1790899066.639,store_1,0.000
1790899066.639,store_2,0.000
1790899066.639,store_3,0.000
1790899066.639,avail_mb,27749
1790899066.639,pswpin,907380
1790899067.651,api,0.030
1790899067.651,client,0.010
1790899067.651,enginecore,1.978
1790899067.651,other_total,0.020
1790899067.651,store_0,0.000
1790899067.651,store_1,0.010
1790899067.651,store_2,0.010
1790899067.651,store_3,0.010
1790899067.651,avail_mb,27771
1790899067.651,pswpin,907380
1790899068.662,api,0.010
1790899068.662,client,0.010
1790899068.662,enginecore,0.722
1790899068.662,other_total,0.030
1790899068.662,store_0,0.000
1790899068.662,store_1,0.000
1790899068.662,store_2,0.010
1790899068.662,store_3,0.000
1790899068.662,avail_mb,27772
1790899068.662,pswpin,907380
1790899069.673,api,0.010
1790899069.673,client,0.000
1790899069.673,enginecore,1.355
1790899069.673,other_total,0.040
1790899069.673,store_0,0.000
1790899069.673,store_1,0.000
1790899069.673,store_2,0.010
1790899069.673,store_3,0.000
1790899069.673,avail_mb,27787
1790899069.673,pswpin,907380
1790899070.684,api,0.010
1790899070.684,client,0.000
1790899070.684,enginecore,1.226
1790899070.684,other_total,0.000
1790899070.684,store_0,0.000
1790899070.684,store_1,0.000
1790899070.684,store_2,0.030
1790899070.684,store_3,0.000
1790899070.684,avail_mb,27793
1790899070.684,pswpin,907380
1790899071.696,api,0.010
1790899071.696,client,0.010
1790899071.696,enginecore,1.829
1790899071.696,other_total,0.010
1790899071.696,store_0,0.000
1790899071.696,store_1,0.020
1790899071.696,store_2,0.010
1790899071.696,store_3,0.000
1790899071.696,avail_mb,27810
1790899071.696,pswpin,907380
1790899072.707,api,0.030
1790899072.707,client,0.000
1790899072.707,enginecore,2.492
1790899072.707,other_total,0.079
1790899072.707,store_0,0.000
1790899072.707,store_1,0.020
1790899072.707,store_2,0.000
1790899072.707,store_3,0.010
1790899072.707,avail_mb,27824
1790899072.707,pswpin,907380
1790899073.719,api,0.020
1790899073.719,client,0.000
1790899073.719,enginecore,2.591
1790899073.719,other_total,0.020
1790899073.719,store_0,0.020
1790899073.719,store_1,0.010
1790899073.719,store_2,0.000
1790899073.719,store_3,0.010
1790899073.719,avail_mb,27831
1790899073.719,pswpin,907380
1790899074.730,api,0.000
1790899074.730,client,0.000
1790899074.730,enginecore,0.692
1790899074.730,other_total,0.020
1790899074.730,store_0,0.000
1790899074.730,store_1,0.000
1790899074.730,store_2,0.000
1790899074.730,store_3,0.010
1790899074.730,avail_mb,27833
1790899074.730,pswpin,907380
1790899075.741,api,0.020
1790899075.741,client,0.000
1790899075.741,enginecore,1.968
1790899075.741,other_total,0.040
1790899075.741,store_0,0.000
1790899075.741,store_1,0.030
1790899075.741,store_2,0.010
1790899075.741,store_3,0.000
1790899075.741,avail_mb,27844
1790899075.741,pswpin,907380
1790899076.752,api,0.000
1790899076.752,client,0.000
1790899076.752,enginecore,0.682
1790899076.752,other_total,0.030
1790899076.752,store_0,0.010
1790899076.752,store_1,0.000
1790899076.752,store_2,0.000
1790899076.752,store_3,0.000
1790899076.752,avail_mb,27845
1790899076.752,pswpin,907380
1790899077.764,api,0.030
1790899077.764,client,0.000
1790899077.764,enginecore,1.355
1790899077.764,other_total,0.000
1790899077.764,store_0,0.010
1790899077.764,store_1,0.010
1790899077.764,store_2,0.000
1790899077.764,store_3,0.000
1790899077.764,avail_mb,27847
1790899077.764,pswpin,907380
1790899078.775,api,0.000
1790899078.775,client,0.010
1790899078.775,enginecore,1.908
1790899078.775,other_total,0.089
1790899078.775,store_0,0.010
1790899078.775,store_1,0.000
1790899078.775,store_2,0.010
1790899078.775,store_3,0.010
1790899078.775,avail_mb,27857
1790899078.775,pswpin,907380
1790899079.787,api,0.010
1790899079.787,client,0.000
1790899079.787,enginecore,1.502
1790899079.787,other_total,0.020
1790899079.787,store_0,0.000
1790899079.787,store_1,0.010
1790899079.787,store_2,0.010
1790899079.787,store_3,0.010
1790899079.787,avail_mb,27865
1790899079.787,pswpin,907380
1790899080.799,api,0.000
1790899080.799,client,0.010
1790899080.799,enginecore,1.671
1790899080.799,other_total,0.020
1790899080.799,store_0,0.000
1790899080.799,store_1,0.000
1790899080.799,store_2,0.010
1790899080.799,store_3,0.000
1790899080.799,avail_mb,27863
1790899080.799,pswpin,907380
1790899081.810,api,0.020
1790899081.810,client,0.000
1790899081.810,enginecore,1.819
1790899081.810,other_total,0.049
1790899081.810,store_0,0.000
1790899081.810,store_1,0.000
1790899081.810,store_2,0.000
1790899081.810,store_3,0.030
1790899081.810,avail_mb,27853
1790899081.810,pswpin,907380
1790899082.821,api,0.020
1790899082.821,client,0.010
1790899082.821,enginecore,1.800
1790899082.821,other_total,0.010
1790899082.821,store_0,0.000
1790899082.821,store_1,0.020
1790899082.821,store_2,0.000
1790899082.821,store_3,0.010
1790899082.821,avail_mb,27854
1790899082.821,pswpin,907380
1790899083.833,api,0.020
1790899083.833,client,0.000
1790899083.833,enginecore,1.908
1790899083.833,other_total,0.010
1790899083.833,store_0,0.010
1790899083.833,store_1,0.020
1790899083.833,store_2,0.000
1790899083.833,store_3,0.000
1790899083.833,avail_mb,27854
1790899083.833,pswpin,907380
1790899084.844,api,0.000
1790899084.844,client,0.000
1790899084.844,enginecore,1.245
1790899084.844,other_total,0.030
1790899084.844,store_0,0.010
1790899084.844,store_1,0.000
1790899084.844,store_2,0.000
1790899084.844,store_3,0.010
1790899084.844,avail_mb,27854
1790899084.844,pswpin,907380
1790899085.856,api,0.000
1790899085.856,client,0.000
1790899085.856,enginecore,0.603
1790899085.856,other_total,0.089
1790899085.856,store_0,0.000
1790899085.856,store_1,0.000
1790899085.856,store_2,0.010
1790899085.856,store_3,0.000
1790899085.856,avail_mb,27857
1790899085.856,pswpin,907380
1790899086.867,api,0.010
1790899086.867,client,0.010
1790899086.867,enginecore,1.296
1790899086.867,other_total,0.000
1790899086.867,store_0,0.020
1790899086.867,store_1,0.000
1790899086.867,store_2,0.000
1790899086.867,store_3,0.010
1790899086.867,avail_mb,27857
1790899086.867,pswpin,907380
1790899087.878,api,0.020
1790899087.878,client,0.000
1790899087.878,enginecore,1.285
1790899087.878,other_total,0.040
1790899087.878,store_0,0.000
1790899087.878,store_1,0.000
1790899087.878,store_2,0.000
1790899087.878,store_3,0.020
1790899087.878,avail_mb,27857
1790899087.878,pswpin,907380
1790899088.890,api,0.020
1790899088.890,client,0.000
1790899088.890,enginecore,2.027
1790899088.890,other_total,0.000
1790899088.890,store_0,0.000
1790899088.890,store_1,0.020
1790899088.890,store_2,0.010
1790899088.890,store_3,0.000
1790899088.890,avail_mb,27856
1790899088.890,pswpin,907380
1790899089.901,api,0.000
1790899089.901,client,0.000
1790899089.901,enginecore,0.603
1790899089.901,other_total,0.168
1790899089.901,store_0,0.000
1790899089.901,store_1,0.000
1790899089.901,store_2,0.010
1790899089.901,store_3,0.000
1790899089.901,avail_mb,27826
1790899089.901,pswpin,907380
1790899090.912,api,0.010
1790899090.912,client,0.000
1790899090.912,enginecore,0.010
1790899090.912,other_total,0.059
1790899090.912,store_0,0.000
1790899090.912,store_1,0.000
1790899090.912,store_2,0.000
1790899090.912,store_3,0.000
1790899090.912,avail_mb,27823
1790899090.912,pswpin,907380
1790899091.923,api,0.000
1790899091.923,client,0.000
1790899091.923,enginecore,0.702
1790899091.923,other_total,0.040
1790899091.923,store_0,0.000
1790899091.923,store_1,0.000
1790899091.923,store_2,0.000
1790899091.923,store_3,0.010
1790899091.923,avail_mb,27816
1790899091.923,pswpin,907380
1790899092.934,api,0.010
1790899092.934,client,0.000
1790899092.934,enginecore,1.365
1790899092.934,other_total,0.089
1790899092.934,store_0,0.010
1790899092.934,store_1,0.000
1790899092.934,store_2,0.000
1790899092.934,store_3,0.010
1790899092.934,avail_mb,27812
1790899092.934,pswpin,907380
1790899093.945,api,0.010
1790899093.945,client,0.000
1790899093.945,enginecore,0.020
1790899093.945,other_total,0.119
1790899093.945,store_0,0.000
1790899093.945,store_1,0.000
1790899093.945,store_2,0.000
1790899093.945,store_3,0.000
1790899093.945,avail_mb,27790
1790899093.945,pswpin,907380
1790899094.957,api,0.020
1790899094.957,client,0.000
1790899094.957,enginecore,1.295
1790899094.957,other_total,0.049
1790899094.957,store_0,0.010
1790899094.957,store_1,0.010
1790899094.957,store_2,0.000
1790899094.957,store_3,0.000
1790899094.957,avail_mb,27805
1790899094.957,pswpin,907380
1790899095.968,api,0.000
1790899095.968,client,0.010
1790899095.968,enginecore,1.899
1790899095.968,other_total,0.040
1790899095.968,store_0,0.010
1790899095.968,store_1,0.010
1790899095.968,store_2,0.020
1790899095.968,store_3,0.000
1790899095.968,avail_mb,27818
1790899095.968,pswpin,907380
1790899096.979,api,0.010
1790899096.979,client,0.000
1790899096.979,enginecore,1.325
1790899096.979,other_total,0.030
1790899096.979,store_0,0.000
1790899096.979,store_1,0.010
1790899096.979,store_2,0.000
1790899096.979,store_3,0.010
1790899096.979,avail_mb,27811
1790899096.979,pswpin,907380
1790899097.988,api,0.010
1790899097.988,client,0.000
1790899097.988,enginecore,1.308
1790899097.988,other_total,4.152
1790899097.988,store_0,0.000
1790899097.988,store_1,0.000
1790899097.988,store_2,0.020
1790899097.988,store_3,0.000
1790899097.988,avail_mb,27772
1790899097.988,pswpin,907380
1790899098.999,api,0.000
1790899098.999,client,0.000
1790899098.999,enginecore,0.020
1790899098.999,other_total,0.445
1790899098.999,store_0,0.000
1790899098.999,store_1,0.000
1790899098.999,store_2,0.000
1790899098.999,store_3,0.000
1790899098.999,avail_mb,27686
1790899098.999,pswpin,907380
1790899100.010,api,0.000
1790899100.010,client,0.000
1790899100.010,enginecore,0.010
1790899100.010,other_total,0.069
1790899100.010,store_0,0.000
1790899100.010,store_1,0.000
1790899100.010,store_2,0.000
1790899100.010,store_3,0.000
1790899100.010,avail_mb,27706
1790899100.010,pswpin,907380
1790899101.021,api,0.010
1790899101.021,client,0.000
1790899101.021,enginecore,1.286
1790899101.021,other_total,0.040
1790899101.021,store_0,0.010
1790899101.021,store_1,0.010
1790899101.021,store_2,0.000
1790899101.021,store_3,0.000
1790899101.021,avail_mb,27735
1790899101.021,pswpin,907380
1790899102.040,api,0.020
1790899102.040,client,0.000
1790899102.040,enginecore,3.662
1790899102.040,other_total,0.059
1790899102.040,store_0,0.010
1790899102.040,store_1,0.029
1790899102.040,store_2,0.010
1790899102.040,store_3,0.000
1790899102.040,avail_mb,27811
1790899102.040,pswpin,907380
1790899103.052,api,0.030
1790899103.052,client,0.000
1790899103.052,enginecore,1.572
1790899103.052,other_total,0.000
1790899103.052,store_0,0.010
1790899103.052,store_1,0.000
1790899103.052,store_2,0.000
1790899103.052,store_3,0.010
1790899103.052,avail_mb,27809
1790899103.052,pswpin,907380
1790899104.063,api,0.000
1790899104.063,client,0.000
1790899104.063,enginecore,0.613
1790899104.063,other_total,0.030
1790899104.063,store_0,0.000
1790899104.063,store_1,0.000
1790899104.063,store_2,0.000
1790899104.063,store_3,0.010
1790899104.063,avail_mb,27807
1790899104.063,pswpin,907380
1790899105.074,api,0.010
1790899105.074,client,0.010
1790899105.074,enginecore,1.276
1790899105.074,other_total,0.000
1790899105.074,store_0,0.000
1790899105.074,store_1,0.010
1790899105.074,store_2,0.000
1790899105.074,store_3,0.010
1790899105.074,avail_mb,27804
1790899105.074,pswpin,907380
1790899106.085,api,0.000
1790899106.085,client,0.010
1790899106.085,enginecore,0.613
1790899106.085,other_total,0.089
1790899106.085,store_0,0.000
1790899106.085,store_1,0.000
1790899106.085,store_2,0.010
1790899106.085,store_3,0.000
1790899106.085,avail_mb,27798
1790899106.085,pswpin,907380
1790899107.101,api,0.020
1790899107.101,client,0.000
1790899107.101,enginecore,2.648
1790899107.101,other_total,0.089
1790899107.101,store_0,0.010
1790899107.101,store_1,0.010
1790899107.101,store_2,0.030
1790899107.101,store_3,0.000
1790899107.101,avail_mb,27798
1790899107.101,pswpin,907380
1790899108.113,api,0.020
1790899108.113,client,0.010
1790899108.113,enginecore,18.011
1790899108.113,other_total,0.000
1790899108.113,store_0,0.010
1790899108.113,store_1,0.020
1790899108.113,store_2,0.010
1790899108.113,store_3,0.000
1790899108.113,avail_mb,27802
1790899108.113,pswpin,907380
1790899109.122,api,0.000
1790899109.122,client,0.000
1790899109.122,enginecore,0.575
1790899109.122,other_total,2.348
1790899109.122,store_0,0.010
1790899109.122,store_1,0.000
1790899109.122,store_2,0.000
1790899109.122,store_3,0.000
1790899109.122,avail_mb,27743
1790899109.122,pswpin,907380
1790899110.131,api,0.000
1790899110.131,client,0.010
1790899110.131,enginecore,1.130
1790899110.131,other_total,0.386
1790899110.131,store_0,0.000
1790899110.131,store_1,0.000
1790899110.131,store_2,0.000
1790899110.131,store_3,0.020
1790899110.131,avail_mb,27711
1790899110.131,pswpin,907380
1790899111.142,api,0.000
1790899111.142,client,0.000
1790899111.142,enginecore,0.020
1790899111.142,other_total,0.030
1790899111.142,store_0,0.000
1790899111.142,store_1,0.000
1790899111.142,store_2,0.000
1790899111.142,store_3,0.000
1790899111.142,avail_mb,27723
1790899111.142,pswpin,907380
1790899112.152,api,0.030
1790899112.152,client,0.010
1790899112.152,enginecore,5.882
1790899112.152,other_total,0.079
1790899112.152,store_0,0.059
1790899112.152,store_1,0.040
1790899112.152,store_2,0.000
1790899112.152,store_3,0.000
1790899112.152,avail_mb,27796
1790899112.152,pswpin,907380
1790899113.163,api,0.030
1790899113.163,client,0.000
1790899113.163,enginecore,0.643
1790899113.163,other_total,0.010
1790899113.163,store_0,0.010
1790899113.163,store_1,0.000
1790899113.163,store_2,0.000
1790899113.163,store_3,0.000
1790899113.163,avail_mb,27795
1790899113.163,pswpin,907380
1790899114.175,api,0.010
1790899114.175,client,0.000
1790899114.175,enginecore,1.276
1790899114.175,other_total,0.020
1790899114.175,store_0,0.010
1790899114.175,store_1,0.000
1790899114.175,store_2,0.010
1790899114.175,store_3,0.000
1790899114.175,avail_mb,27798
1790899114.175,pswpin,907380
1790899115.186,api,0.000
1790899115.186,client,0.000
1790899115.186,enginecore,0.020
1790899115.186,other_total,0.040
1790899115.186,store_0,0.000
1790899115.186,store_1,0.000
1790899115.186,store_2,0.000
1790899115.186,store_3,0.000
1790899115.186,avail_mb,27787
1790899115.186,pswpin,907380
1790899116.197,api,0.000
1790899116.197,client,0.010
1790899116.197,enginecore,1.236
1790899116.197,other_total,0.020
1790899116.197,store_0,0.010
1790899116.197,store_1,0.000
1790899116.197,store_2,0.000
1790899116.197,store_3,0.010
1790899116.197,avail_mb,27785
1790899116.197,pswpin,907385
1790899117.206,api,0.000
1790899117.206,client,0.000
1790899117.206,enginecore,0.614
1790899117.206,other_total,2.318
1790899117.206,store_0,0.000
1790899117.206,store_1,0.000
1790899117.206,store_2,0.000
1790899117.206,store_3,0.000
1790899117.206,avail_mb,27711
1790899117.206,pswpin,907385
1790899118.218,api,0.020
1790899118.218,client,0.000
1790899118.218,enginecore,2.382
1790899118.218,other_total,0.198
1790899118.218,store_0,0.020
1790899118.218,store_1,0.030
1790899118.218,store_2,0.000
1790899118.218,store_3,0.000
1790899118.218,avail_mb,27707
1790899118.218,pswpin,907385
1790899119.229,api,0.000
1790899119.229,client,0.000
1790899119.229,enginecore,0.030
1790899119.229,other_total,0.030
1790899119.229,store_0,0.000
1790899119.229,store_1,0.000
1790899119.229,store_2,0.000
1790899119.229,store_3,0.000
1790899119.229,avail_mb,27712
1790899119.229,pswpin,907385
1790899120.241,api,0.000
1790899120.241,client,0.000
1790899120.241,enginecore,1.286
1790899120.241,other_total,0.030
1790899120.241,store_0,0.010
1790899120.241,store_1,0.010
1790899120.241,store_2,0.000
1790899120.241,store_3,0.000
1790899120.241,avail_mb,27717
1790899120.241,pswpin,907385
1790899121.258,api,0.029
1790899121.258,client,0.000
1790899121.258,enginecore,2.468
1790899121.258,other_total,0.059
1790899121.258,store_0,0.020
1790899121.258,store_1,0.020
1790899121.258,store_2,0.000
1790899121.258,store_3,0.000
1790899121.258,avail_mb,27762
1790899121.258,pswpin,907385
1790899122.269,api,0.020
1790899122.269,client,0.000
1790899122.269,enginecore,2.086
1790899122.269,other_total,0.000
1790899122.269,store_0,0.020
1790899122.269,store_1,0.000
1790899122.269,store_2,0.000
1790899122.269,store_3,0.000
1790899122.269,avail_mb,27769
1790899122.269,pswpin,907385
1790899123.315,api,0.038
1790899123.315,client,0.000
1790899123.315,enginecore,1.769
1790899123.315,other_total,0.048
1790899123.315,store_0,0.010
1790899123.315,store_1,0.010
1790899123.315,store_2,0.010
1790899123.315,store_3,0.000
1790899123.315,avail_mb,27769
1790899123.315,pswpin,907385
1790899124.326,api,0.000
1790899124.326,client,0.000
1790899124.326,enginecore,0.030
1790899124.326,other_total,0.040
1790899124.326,store_0,0.000
1790899124.326,store_1,0.000
1790899124.326,store_2,0.000
1790899124.326,store_3,0.000
1790899124.326,avail_mb,27765
1790899124.326,pswpin,907385
1790899125.337,api,0.000
1790899125.337,client,0.000
1790899125.337,enginecore,0.020
1790899125.337,other_total,0.089
1790899125.337,store_0,0.000
1790899125.337,store_1,0.000
1790899125.337,store_2,0.000
1790899125.337,store_3,0.000
1790899125.337,avail_mb,27759
1790899125.337,pswpin,907385
1790899126.348,api,0.000
1790899126.348,client,0.000
1790899126.348,enginecore,1.117
1790899126.348,other_total,0.158
1790899126.348,store_0,0.000
1790899126.348,store_1,0.010
1790899126.348,store_2,0.010
1790899126.348,store_3,0.000
1790899126.348,avail_mb,27766
1790899126.348,pswpin,907385
1790899127.360,api,0.010
1790899127.360,client,0.010
1790899127.360,enginecore,0.237
1790899127.360,other_total,0.099
1790899127.360,store_0,0.000
1790899127.360,store_1,0.000
1790899127.360,store_2,0.000
1790899127.360,store_3,0.000
1790899127.360,avail_mb,27720
1790899127.360,pswpin,907385
1790899128.371,api,0.030
1790899128.371,client,0.000
1790899128.371,enginecore,4.015
1790899128.371,other_total,0.049
1790899128.371,store_0,0.000
1790899128.371,store_1,0.020
1790899128.371,store_2,0.010
1790899128.371,store_3,0.020
1790899128.371,avail_mb,27752
1790899128.371,pswpin,907385
1790899129.382,api,0.010
1790899129.382,client,0.010
1790899129.382,enginecore,1.839
1790899129.382,other_total,0.158
1790899129.382,store_0,0.000
1790899129.382,store_1,0.020
1790899129.382,store_2,0.010
1790899129.382,store_3,0.000
1790899129.382,avail_mb,27756
1790899129.382,pswpin,907385
1790899130.393,api,0.010
1790899130.393,client,0.000
1790899130.393,enginecore,0.633
1790899130.393,other_total,0.059
1790899130.393,store_0,0.000
1790899130.393,store_1,0.000
1790899130.393,store_2,0.010
1790899130.393,store_3,0.000
1790899130.393,avail_mb,27777
1790899130.393,pswpin,907385
1790899131.405,api,0.000
1790899131.405,client,0.000
1790899131.405,enginecore,0.030
1790899131.405,other_total,0.030
1790899131.405,store_0,0.000
1790899131.405,store_1,0.000
1790899131.405,store_2,0.000
1790899131.405,store_3,0.000
1790899131.405,avail_mb,27777
1790899131.405,pswpin,907385
1790899132.416,api,0.010
1790899132.416,client,0.010
1790899132.416,enginecore,1.236
1790899132.416,other_total,0.020
1790899132.416,store_0,0.020
1790899132.416,store_1,0.000
1790899132.416,store_2,0.000
1790899132.416,store_3,0.000
1790899132.416,avail_mb,27778
1790899132.416,pswpin,907385
1790899133.427,api,0.020
1790899133.427,client,0.000
1790899133.427,enginecore,1.345
1790899133.427,other_total,0.049
1790899133.427,store_0,0.000
1790899133.427,store_1,0.000
1790899133.427,store_2,0.030
1790899133.427,store_3,0.000
1790899133.427,avail_mb,27775
1790899133.427,pswpin,907385
1790899134.439,api,0.020
1790899134.439,client,0.000
1790899134.439,enginecore,1.345
1790899134.439,other_total,0.020
1790899134.439,store_0,0.010
1790899134.439,store_1,0.010
1790899134.439,store_2,0.000
1790899134.439,store_3,0.000
1790899134.439,avail_mb,27774
1790899134.439,pswpin,907385
1790899135.450,api,0.000
1790899135.450,client,0.000
1790899135.450,enginecore,1.394
1790899135.450,other_total,0.040
1790899135.450,store_0,0.000
1790899135.450,store_1,0.010
1790899135.450,store_2,0.000
1790899135.450,store_3,0.010
1790899135.450,avail_mb,27773
1790899135.450,pswpin,907385
1790899136.461,api,0.020
1790899136.461,client,0.000
1790899136.461,enginecore,2.492
1790899136.461,other_total,0.079
1790899136.461,store_0,0.030
1790899136.461,store_1,0.000
1790899136.461,store_2,0.010
1790899136.461,store_3,0.000
1790899136.461,avail_mb,27773
1790899136.461,pswpin,907385
1790899137.472,api,0.040
1790899137.472,client,0.010
1790899137.472,enginecore,3.679
1790899137.472,other_total,0.138
1790899137.472,store_0,0.020
1790899137.472,store_1,0.010
1790899137.472,store_2,0.000
1790899137.472,store_3,0.030
1790899137.472,avail_mb,27813
1790899137.472,pswpin,907385
1790899138.484,api,0.000
1790899138.484,client,0.000
1790899138.484,enginecore,1.730
1790899138.484,other_total,0.049
1790899138.484,store_0,0.000
1790899138.484,store_1,0.000
1790899138.484,store_2,0.020
1790899138.484,store_3,0.010
1790899138.484,avail_mb,27823
1790899138.484,pswpin,907385
1790899139.495,api,0.000
1790899139.495,client,0.000
1790899139.495,enginecore,0.662
1790899139.495,other_total,0.158
1790899139.495,store_0,0.000
1790899139.495,store_1,0.000
1790899139.495,store_2,0.010
1790899139.495,store_3,0.000
1790899139.495,avail_mb,27833
1790899139.495,pswpin,907385
1790899140.507,api,0.010
1790899140.507,client,0.000
1790899140.507,enginecore,0.059
1790899140.507,other_total,0.020
1790899140.507,store_0,0.000
1790899140.507,store_1,0.000
1790899140.507,store_2,0.000
1790899140.507,store_3,0.000
1790899140.507,avail_mb,27831
1790899140.507,pswpin,907385
1790899141.518,api,0.000
1790899141.518,client,0.000
1790899141.518,enginecore,0.040
1790899141.518,other_total,0.030
1790899141.518,store_0,0.000
1790899141.518,store_1,0.000
1790899141.518,store_2,0.000
1790899141.518,store_3,0.000
1790899141.518,avail_mb,27830
1790899141.518,pswpin,907385
1790899142.528,api,0.030
1790899142.528,client,0.000
1790899142.528,enginecore,0.663
1790899142.528,other_total,0.040
1790899142.528,store_0,0.000
1790899142.528,store_1,0.000
1790899142.528,store_2,0.000
1790899142.528,store_3,0.010
1790899142.528,avail_mb,27830
1790899142.528,pswpin,907385
1790899143.543,api,0.000
1790899143.543,client,0.000
1790899143.543,enginecore,0.621
1790899143.543,other_total,0.079
1790899143.543,store_0,0.010
1790899143.543,store_1,0.000
1790899143.543,store_2,0.000
1790899143.543,store_3,0.000
1790899143.543,avail_mb,27833
1790899143.543,pswpin,907385
1790899144.554,api,0.020
1790899144.554,client,0.010
1790899144.554,enginecore,1.928
1790899144.554,other_total,0.010
1790899144.554,store_0,0.010
1790899144.554,store_1,0.000
1790899144.554,store_2,0.000
1790899144.554,store_3,0.020
1790899144.554,avail_mb,27834
1790899144.554,pswpin,907385
1790899145.565,api,0.000
1790899145.565,client,0.000
1790899145.565,enginecore,0.040
1790899145.565,other_total,0.069
1790899145.565,store_0,0.000
1790899145.565,store_1,0.000
1790899145.565,store_2,0.000
1790899145.565,store_3,0.000
1790899145.565,avail_mb,27832
1790899145.565,pswpin,907385
1790899146.577,api,0.010
1790899146.577,client,0.000
1790899146.577,enginecore,0.662
1790899146.577,other_total,0.079
1790899146.577,store_0,0.000
1790899146.577,store_1,0.000
1790899146.577,store_2,0.010
1790899146.577,store_3,0.000
1790899146.577,avail_mb,27840
1790899146.577,pswpin,907385
1790899147.588,api,0.010
1790899147.588,client,0.000
1790899147.588,enginecore,2.235
1790899147.588,other_total,0.069
1790899147.588,store_0,0.010
1790899147.588,store_1,0.000
1790899147.588,store_2,0.000
1790899147.588,store_3,0.010
1790899147.588,avail_mb,27839
1790899147.588,pswpin,907385
1790899148.599,api,0.020
1790899148.599,client,0.010
1790899148.599,enginecore,0.623
1790899148.599,other_total,0.099
1790899148.599,store_0,0.000
1790899148.599,store_1,0.000
1790899148.599,store_2,0.010
1790899148.599,store_3,0.000
1790899148.599,avail_mb,27838
1790899148.599,pswpin,907385
1790899149.611,api,0.000
1790899149.611,client,0.000
1790899149.611,enginecore,0.662
1790899149.611,other_total,0.109
1790899149.611,store_0,0.000
1790899149.611,store_1,0.000
1790899149.611,store_2,0.010
1790899149.611,store_3,0.000
1790899149.611,avail_mb,27840
1790899149.611,pswpin,907385
1790899150.622,api,0.010
1790899150.622,client,0.000
1790899150.622,enginecore,0.653
1790899150.622,other_total,0.059
1790899150.622,store_0,0.010
1790899150.622,store_1,0.000
1790899150.622,store_2,0.000
1790899150.622,store_3,0.000
1790899150.622,avail_mb,27891
1790899150.622,pswpin,907385
1790899151.633,api,0.010
1790899151.633,client,0.000
1790899151.633,enginecore,0.643
1790899151.633,other_total,0.099
1790899151.633,store_0,0.000
1790899151.633,store_1,0.000
1790899151.633,store_2,0.010
1790899151.633,store_3,0.000
1790899151.633,avail_mb,27890
1790899151.633,pswpin,907385
1790899152.644,api,0.010
1790899152.644,client,0.000
1790899152.644,enginecore,0.662
1790899152.644,other_total,0.010
1790899152.644,store_0,0.000
1790899152.644,store_1,0.000
1790899152.644,store_2,0.010
1790899152.644,store_3,0.000
1790899152.644,avail_mb,27893
1790899152.644,pswpin,907385
1790899153.656,api,0.000
1790899153.656,client,0.000
1790899153.656,enginecore,0.040
1790899153.656,other_total,0.010
1790899153.656,store_0,0.000
1790899153.656,store_1,0.000
1790899153.656,store_2,0.000
1790899153.656,store_3,0.000
1790899153.656,avail_mb,27892
1790899153.656,pswpin,907385
1790899154.667,api,0.020
1790899154.667,client,0.000
1790899154.667,enginecore,0.663
1790899154.667,other_total,0.010
1790899154.667,store_0,0.000
1790899154.667,store_1,0.000
1790899154.667,store_2,0.010
1790899154.667,store_3,0.000
1790899154.667,avail_mb,27892
1790899154.667,pswpin,907385
1790899155.679,api,0.000
1790899155.679,client,0.000
1790899155.679,enginecore,1.245
1790899155.679,other_total,0.099
1790899155.679,store_0,0.000
1790899155.679,store_1,0.000
1790899155.679,store_2,0.000
1790899155.679,store_3,0.020
1790899155.679,avail_mb,27890
1790899155.679,pswpin,907385
1790899156.690,api,0.010
1790899156.690,client,0.010
1790899156.690,enginecore,1.968
1790899156.690,other_total,0.000
1790899156.690,store_0,0.000
1790899156.690,store_1,0.000
1790899156.690,store_2,0.030
1790899156.690,store_3,0.010
1790899156.690,avail_mb,27898
1790899156.690,pswpin,907385
1790899157.701,api,0.030
1790899157.701,client,0.000
1790899157.701,enginecore,0.613
1790899157.701,other_total,0.049
1790899157.701,store_0,0.000
1790899157.701,store_1,0.000
1790899157.701,store_2,0.000
1790899157.701,store_3,0.020
1790899157.701,avail_mb,27892
1790899157.701,pswpin,907385
1790899158.713,api,0.010
1790899158.713,client,0.000
1790899158.713,enginecore,0.643
1790899158.713,other_total,0.030
1790899158.713,store_0,0.000
1790899158.713,store_1,0.000
1790899158.713,store_2,0.000
1790899158.713,store_3,0.010
1790899158.713,avail_mb,27888
1790899158.713,pswpin,907385
1790899159.724,api,0.000
1790899159.724,client,0.000
1790899159.724,enginecore,1.345
1790899159.724,other_total,0.079
1790899159.724,store_0,0.000
1790899159.724,store_1,0.000
1790899159.724,store_2,0.020
1790899159.724,store_3,0.000
1790899159.724,avail_mb,27941
1790899159.724,pswpin,907385
1790899160.735,api,0.000
1790899160.735,client,0.000
1790899160.735,enginecore,0.040
1790899160.735,other_total,0.030
1790899160.735,store_0,0.000
1790899160.735,store_1,0.000
1790899160.735,store_2,0.000
1790899160.735,store_3,0.000
1790899160.735,avail_mb,27938
1790899160.735,pswpin,907385
1790899161.747,api,0.030
1790899161.747,client,0.000
1790899161.747,enginecore,0.652
1790899161.747,other_total,0.030
1790899161.747,store_0,0.000
1790899161.747,store_1,0.000
1790899161.747,store_2,0.000
1790899161.747,store_3,0.000
1790899161.747,avail_mb,27941
1790899161.747,pswpin,907385
1790899162.758,api,0.000
1790899162.758,client,0.000
1790899162.758,enginecore,0.030
1790899162.758,other_total,0.099
1790899162.758,store_0,0.000
1790899162.758,store_1,0.000
1790899162.758,store_2,0.000
1790899162.758,store_3,0.000
1790899162.758,avail_mb,27941
1790899162.758,pswpin,907385
1790899163.770,api,0.010
1790899163.770,client,0.000
1790899163.770,enginecore,0.652
1790899163.770,other_total,0.079
1790899163.770,store_0,0.000
1790899163.770,store_1,0.000
1790899163.770,store_2,0.000
1790899163.770,store_3,0.010
1790899163.770,avail_mb,27937
1790899163.770,pswpin,907385
1790899164.781,api,0.010
1790899164.781,client,0.000
1790899164.781,enginecore,0.672
1790899164.781,other_total,0.000
1790899164.781,store_0,0.000
1790899164.781,store_1,0.000
1790899164.781,store_2,0.000
1790899164.781,store_3,0.010
1790899164.781,avail_mb,27943
1790899164.781,pswpin,907385
1790899165.793,api,0.000
1790899165.793,client,0.000
1790899165.793,enginecore,0.049
1790899165.793,other_total,0.030
1790899165.793,store_0,0.000
1790899165.793,store_1,0.000
1790899165.793,store_2,0.000
1790899165.793,store_3,0.000
1790899165.793,avail_mb,27943
1790899165.793,pswpin,907385
1790899166.804,api,0.010
1790899166.804,client,0.000
1790899166.804,enginecore,1.216
1790899166.804,other_total,0.099
1790899166.804,store_0,0.000
1790899166.804,store_1,0.000
1790899166.804,store_2,0.000
1790899166.804,store_3,0.020
1790899166.804,avail_mb,27941
1790899166.804,pswpin,907385
1790899167.816,api,0.010
1790899167.816,client,0.000
1790899167.816,enginecore,0.662
1790899167.816,other_total,0.040
1790899167.816,store_0,0.000
1790899167.816,store_1,0.000
1790899167.816,store_2,0.000
1790899167.816,store_3,0.010
1790899167.816,avail_mb,27942
1790899167.816,pswpin,907385
1790899168.827,api,0.010
1790899168.827,client,0.000
1790899168.827,enginecore,0.030
1790899168.827,other_total,0.059
1790899168.827,store_0,0.000
1790899168.827,store_1,0.000
1790899168.827,store_2,0.000
1790899168.827,store_3,0.000
1790899168.827,avail_mb,27939
1790899168.827,pswpin,907385
1790899169.838,api,0.010
1790899169.838,client,0.000
1790899169.838,enginecore,0.040
1790899169.838,other_total,0.069
1790899169.838,store_0,0.000
1790899169.838,store_1,0.000
1790899169.838,store_2,0.000
1790899169.838,store_3,0.000
1790899169.838,avail_mb,27935
1790899169.838,pswpin,907385
1790899170.850,api,0.000
1790899170.850,client,0.000
1790899170.850,enginecore,0.040
1790899170.850,other_total,0.040
1790899170.850,store_0,0.000
1790899170.850,store_1,0.000
1790899170.850,store_2,0.000
1790899170.850,store_3,0.000
1790899170.850,avail_mb,27935
1790899170.850,pswpin,907454
1790899171.861,api,0.000
1790899171.861,client,0.010
1790899171.861,enginecore,0.702
1790899171.861,other_total,0.040
1790899171.861,store_0,0.000
1790899171.861,store_1,0.000
1790899171.861,store_2,0.000
1790899171.861,store_3,0.010
1790899171.861,avail_mb,27936
1790899171.861,pswpin,907454
1790899172.872,api,0.020
1790899172.872,enginecore,0.623
1790899172.872,other_total,0.069
1790899172.872,store_0,0.000
1790899172.872,store_1,0.000
1790899172.872,store_2,0.000
1790899172.872,store_3,0.010
1790899172.872,avail_mb,27987
1790899172.872,pswpin,907454
1790899173.883,api,0.000
1790899173.883,enginecore,0.049
1790899173.883,other_total,0.020
1790899173.883,store_0,0.000
1790899173.883,store_1,0.000
1790899173.883,store_2,0.000
1790899173.883,store_3,0.000
1790899173.883,avail_mb,27987
1790899173.883,pswpin,907454
1790899174.896,api,0.010
1790899174.896,enginecore,0.040
1790899174.896,other_total,0.020
1790899174.896,store_0,0.000
1790899174.896,store_1,0.000
1790899174.896,store_2,0.000
1790899174.896,store_3,0.000
1790899174.896,avail_mb,27987
1790899174.896,pswpin,907463
1790899175.907,api,0.010
1790899175.907,enginecore,0.020
1790899175.907,other_total,0.089
1790899175.907,store_0,0.000
1790899175.907,store_1,0.000
1790899175.907,store_2,0.000
1790899175.907,store_3,0.000
1790899175.907,avail_mb,27988
1790899175.907,pswpin,907463
1790899176.919,api,0.000
1790899176.919,enginecore,0.040
1790899176.919,other_total,0.010
1790899176.919,store_0,0.000
1790899176.919,store_1,0.000
1790899176.919,store_2,0.000
1790899176.919,store_3,0.000
1790899176.919,avail_mb,27988
1790899176.919,pswpin,907463
1790899177.930,api,0.010
1790899177.930,enginecore,0.040
1790899177.930,other_total,0.000
1790899177.930,store_0,0.000
1790899177.930,store_1,0.000
1790899177.930,store_2,0.000
1790899177.930,store_3,0.000
1790899177.930,avail_mb,27988
1790899177.930,pswpin,907463
1790899178.941,api,0.000
1790899178.941,enginecore,0.049
1790899178.941,other_total,0.069
1790899178.941,store_0,0.000
1790899178.941,store_1,0.000
1790899178.941,store_2,0.000
1790899178.941,store_3,0.000
1790899178.941,avail_mb,27987
1790899178.941,pswpin,907463
1790899179.953,api,0.010
1790899179.953,enginecore,0.020
1790899179.953,other_total,0.040
1790899179.953,store_0,0.000
1790899179.953,store_1,0.000
1790899179.953,store_2,0.000
1790899179.953,store_3,0.000
1790899179.953,avail_mb,27990
1790899179.953,pswpin,907463
1790899180.964,api,0.000
1790899180.964,enginecore,0.059
1790899180.964,other_total,0.040
1790899180.964,store_0,0.000
1790899180.964,store_1,0.000
1790899180.964,store_2,0.000
1790899180.964,store_3,0.000
1790899180.964,avail_mb,27991
1790899180.964,pswpin,907463
1790899181.976,api,0.010
1790899181.976,enginecore,0.030
1790899181.976,other_total,0.049
1790899181.976,store_0,0.000
1790899181.976,store_1,0.000
1790899181.976,store_2,0.000
1790899181.976,store_3,0.000
1790899181.976,avail_mb,27989
1790899181.976,pswpin,907463
1790899182.987,api,0.020
1790899182.987,enginecore,0.020
1790899182.987,other_total,2.838
1790899182.987,store_0,0.000
1790899182.987,store_1,0.000
1790899182.987,store_2,0.000
1790899182.987,store_3,0.000
1790899182.987,avail_mb,27760
1790899182.987,pswpin,907463
1790899183.998,api,0.000
1790899183.998,client,0.000
1790899183.998,enginecore,0.020
1790899183.998,other_total,0.010
1790899183.998,store_0,0.000
1790899183.998,store_1,0.000
1790899183.998,store_2,0.000
1790899183.998,store_3,0.000
1790899183.998,avail_mb,27759
1790899183.998,pswpin,907463
1790899185.010,api,0.010
1790899185.010,client,0.000
1790899185.010,enginecore,0.040
1790899185.010,other_total,0.069
1790899185.010,store_0,0.000
1790899185.010,store_1,0.000
1790899185.010,store_2,0.000
1790899185.010,store_3,0.000
1790899185.010,avail_mb,27757
1790899185.010,pswpin,907463
1790899186.021,api,0.020
1790899186.021,client,0.000
1790899186.021,enginecore,2.570
1790899186.021,other_total,0.040
1790899186.021,store_0,0.020
1790899186.021,store_1,0.000
1790899186.021,store_2,0.000
1790899186.021,store_3,0.010
1790899186.021,avail_mb,27774
1790899186.021,pswpin,907463
1790899187.031,api,0.119
1790899187.031,client,0.059
1790899187.031,enginecore,7.678
1790899187.031,other_total,0.000
1790899187.031,store_0,0.020
1790899187.031,store_1,0.020
1790899187.031,store_2,0.020
1790899187.031,store_3,0.000
1790899187.031,avail_mb,27779
1790899187.031,pswpin,907463
1790899188.042,api,0.059
1790899188.042,client,0.020
1790899188.042,enginecore,4.656
1790899188.042,other_total,0.030
1790899188.042,store_0,0.040
1790899188.042,store_1,0.000
1790899188.042,store_2,0.000
1790899188.042,store_3,0.020
1790899188.042,avail_mb,27775
1790899188.042,pswpin,907463
1790899189.052,api,0.119
1790899189.052,client,0.020
1790899189.052,enginecore,7.779
1790899189.052,other_total,0.010
1790899189.052,store_0,0.010
1790899189.052,store_1,0.000
1790899189.052,store_2,0.000
1790899189.052,store_3,0.010
1790899189.052,avail_mb,27776
1790899189.052,pswpin,907463
1790899190.061,api,0.079
1790899190.061,client,0.030
1790899190.061,enginecore,5.528
1790899190.061,other_total,0.000
1790899190.061,store_0,0.020
1790899190.061,store_1,0.000
1790899190.061,store_2,0.040
1790899190.061,store_3,0.000
1790899190.061,avail_mb,27788
1790899190.061,pswpin,907463
1790899191.070,api,0.129
1790899191.070,client,0.030
1790899191.070,enginecore,8.441
1790899191.070,other_total,0.020
1790899191.070,store_0,0.030
1790899191.070,store_1,0.010
1790899191.070,store_2,0.010
1790899191.070,store_3,0.030
1790899191.070,avail_mb,27794
1790899191.070,pswpin,907463
1790899192.080,api,0.069
1790899192.080,client,0.030
1790899192.080,enginecore,3.903
1790899192.080,other_total,0.040
1790899192.080,store_0,0.020
1790899192.080,store_1,0.000
1790899192.080,store_2,0.000
1790899192.080,store_3,0.000
1790899192.080,avail_mb,27790
1790899192.080,pswpin,907463
1790899193.092,api,0.109
1790899193.092,client,0.030
1790899193.092,enginecore,4.971
1790899193.092,other_total,0.010
1790899193.092,store_0,0.010
1790899193.092,store_1,0.010
1790899193.092,store_2,0.010
1790899193.092,store_3,0.010
1790899193.092,avail_mb,27791
1790899193.092,pswpin,907463
1790899194.101,api,0.099
1790899194.101,client,0.030
1790899194.101,enginecore,4.823
1790899194.101,other_total,0.000
1790899194.101,store_0,0.010
1790899194.101,store_1,0.010
1790899194.101,store_2,0.000
1790899194.101,store_3,0.000
1790899194.101,avail_mb,27785
1790899194.101,pswpin,907463
1790899195.112,api,0.109
1790899195.112,client,0.040
1790899195.112,enginecore,9.508
1790899195.112,other_total,0.000
1790899195.112,store_0,0.020
1790899195.112,store_1,0.020
1790899195.112,store_2,0.040
1790899195.112,store_3,0.020
1790899195.112,avail_mb,27787
1790899195.112,pswpin,907463
1790899196.133,api,0.108
1790899196.133,client,0.049
1790899196.133,enginecore,26.449
1790899196.133,other_total,0.059
1790899196.133,store_0,0.010
1790899196.133,store_1,0.039
1790899196.133,store_2,0.000
1790899196.133,store_3,0.020
1790899196.133,avail_mb,27792
1790899196.133,pswpin,907463
1790899197.145,api,0.089
1790899197.145,client,0.030
1790899197.145,enginecore,21.787
1790899197.145,other_total,0.000
1790899197.145,store_0,0.000
1790899197.145,store_1,0.000
1790899197.145,store_2,0.000
1790899197.145,store_3,0.010
1790899197.145,avail_mb,27786
1790899197.145,pswpin,907463
1790899198.155,api,0.099
1790899198.155,client,0.040
1790899198.155,enginecore,6.556
1790899198.155,other_total,0.030
1790899198.155,store_0,0.030
1790899198.155,store_1,0.000
1790899198.155,store_2,0.010
1790899198.155,store_3,0.000
1790899198.155,avail_mb,27784
1790899198.155,pswpin,907463
1790899199.164,api,0.089
1790899199.164,client,0.030
1790899199.164,enginecore,3.953
1790899199.164,other_total,0.059
1790899199.164,store_0,0.040
1790899199.164,store_1,0.000
1790899199.164,store_2,0.000
1790899199.164,store_3,0.000
1790899199.164,avail_mb,27777
1790899199.164,pswpin,907463
1790899200.176,api,0.079
1790899200.176,client,0.000
1790899200.176,enginecore,6.169
1790899200.176,other_total,0.030
1790899200.176,store_0,0.020
1790899200.176,store_1,0.020
1790899200.176,store_2,0.020
1790899200.176,store_3,0.000
1790899200.176,avail_mb,27774
1790899200.176,pswpin,907463
1790899201.188,api,0.099
1790899201.188,client,0.040
1790899201.188,enginecore,6.301
1790899201.188,other_total,0.010
1790899201.188,store_0,0.020
1790899201.188,store_1,0.040
1790899201.188,store_2,0.020
1790899201.188,store_3,0.000
1790899201.188,avail_mb,27775
1790899201.188,pswpin,907463
1790899202.198,api,0.129
1790899202.198,client,0.030
1790899202.198,enginecore,6.558
1790899202.198,other_total,0.010
1790899202.198,store_0,0.000
1790899202.198,store_1,0.000
1790899202.198,store_2,0.000
1790899202.198,store_3,0.010
1790899202.198,avail_mb,27768
1790899202.198,pswpin,907463
1790899203.208,api,0.099
1790899203.208,client,0.020
1790899203.208,enginecore,3.226
1790899203.208,other_total,0.069
1790899203.208,store_0,0.010
1790899203.208,store_1,0.010
1790899203.208,store_2,0.010
1790899203.208,store_3,0.000
1790899203.208,avail_mb,27761
1790899203.208,pswpin,907463
1790899204.217,api,0.129
1790899204.217,client,0.050
1790899204.217,enginecore,5.242
1790899204.217,other_total,0.000
1790899204.217,store_0,0.000
1790899204.217,store_1,0.010
1790899204.217,store_2,0.000
1790899204.217,store_3,0.020
1790899204.217,avail_mb,27760
1790899204.217,pswpin,907463
1790899205.228,api,0.148
1790899205.228,client,0.040
1790899205.228,enginecore,11.021
1790899205.228,other_total,0.040
1790899205.228,store_0,0.020
1790899205.228,store_1,0.040
1790899205.228,store_2,0.010
1790899205.228,store_3,0.020
1790899205.228,avail_mb,27763
1790899205.228,pswpin,907463
1790899206.241,api,0.128
1790899206.241,client,0.049
1790899206.241,enginecore,8.254
1790899206.241,other_total,0.039
1790899206.241,store_0,0.030
1790899206.241,store_1,0.000
1790899206.241,store_2,0.000
1790899206.241,store_3,0.010
1790899206.241,avail_mb,27763
1790899206.241,pswpin,907463
1790899207.250,api,0.119
1790899207.250,client,0.050
1790899207.250,enginecore,8.084
1790899207.250,other_total,0.000
1790899207.250,store_0,0.000
1790899207.250,store_1,0.010
1790899207.250,store_2,0.030
1790899207.250,store_3,0.010
1790899207.250,avail_mb,27760
1790899207.250,pswpin,907463
1790899208.260,api,0.099
1790899208.260,client,0.020
1790899208.260,enginecore,4.160
1790899208.260,other_total,0.000
1790899208.260,store_0,0.000
1790899208.260,store_1,0.030
1790899208.260,store_2,0.000
1790899208.260,store_3,0.020
1790899208.260,avail_mb,27757
1790899208.260,pswpin,907463
1790899209.279,api,0.088
1790899209.279,client,0.029
1790899209.279,enginecore,5.592
1790899209.279,other_total,0.039
1790899209.279,store_0,0.000
1790899209.279,store_1,0.010
1790899209.279,store_2,0.029
1790899209.279,store_3,0.020
1790899209.279,avail_mb,27753
1790899209.279,pswpin,907463
1790899210.289,api,0.089
1790899210.289,client,0.020
1790899210.289,enginecore,5.584
1790899210.289,other_total,0.000
1790899210.289,store_0,0.030
1790899210.289,store_1,0.000
1790899210.289,store_2,0.010
1790899210.289,store_3,0.010
1790899210.289,avail_mb,27755
1790899210.289,pswpin,907463
1790899211.298,api,0.079
1790899211.298,client,0.030
1790899211.298,enginecore,4.776
1790899211.298,other_total,0.000
1790899211.298,store_0,0.010
1790899211.298,store_1,0.020
1790899211.298,store_2,0.000
1790899211.298,store_3,0.010
1790899211.298,avail_mb,27753
1790899211.298,pswpin,907463
1790899212.308,api,0.099
1790899212.308,client,0.030
1790899212.308,enginecore,5.250
1790899212.308,other_total,0.000
1790899212.308,store_0,0.020
1790899212.308,store_1,0.010
1790899212.308,store_2,0.000
1790899212.308,store_3,0.020
1790899212.308,avail_mb,27744
1790899212.308,pswpin,907463
1790899213.318,api,0.119
1790899213.318,client,0.049
1790899213.318,enginecore,7.867
1790899213.318,other_total,0.000
1790899213.318,store_0,0.000
1790899213.318,store_1,0.020
1790899213.318,store_2,0.020
1790899213.318,store_3,0.010
1790899213.318,avail_mb,27744
1790899213.318,pswpin,907463
1790899214.328,api,0.069
1790899214.328,client,0.010
1790899214.328,enginecore,6.141
1790899214.328,other_total,0.030
1790899214.328,store_0,0.020
1790899214.328,store_1,0.010
1790899214.328,store_2,0.030
1790899214.328,store_3,0.000
1790899214.328,avail_mb,27748
1790899214.328,pswpin,907463
1790899215.339,api,0.129
1790899215.339,client,0.030
1790899215.339,enginecore,9.771
1790899215.339,other_total,0.000
1790899215.339,store_0,0.010
1790899215.339,store_1,0.010
1790899215.339,store_2,0.000
1790899215.339,store_3,0.040
1790899215.339,avail_mb,27744
1790899215.339,pswpin,907463
1790899216.350,api,0.069
1790899216.350,client,0.059
1790899216.350,enginecore,4.006
1790899216.350,other_total,0.000
1790899216.350,store_0,0.000
1790899216.350,store_1,0.000
1790899216.350,store_2,0.010
1790899216.350,store_3,0.010
1790899216.350,avail_mb,27742
1790899216.350,pswpin,907463
1790899217.360,api,0.129
1790899217.360,client,0.020
1790899217.360,enginecore,5.616
1790899217.360,other_total,0.000
1790899217.360,store_0,0.010
1790899217.360,store_1,0.000
1790899217.360,store_2,0.000
1790899217.360,store_3,0.010
1790899217.360,avail_mb,27737
1790899217.360,pswpin,907463
1790899218.381,api,0.029
1790899218.381,client,0.010
1790899218.381,enginecore,26.387
1790899218.381,other_total,0.049
1790899218.381,store_0,0.010
1790899218.381,store_1,0.020
1790899218.381,store_2,0.010
1790899218.381,store_3,0.029
1790899218.381,avail_mb,27736
1790899218.381,pswpin,907463
1790899219.404,api,0.020
1790899219.404,client,0.010
1790899219.404,enginecore,31.930
1790899219.404,other_total,0.010
1790899219.404,store_0,0.010
1790899219.404,store_1,0.000
1790899219.404,store_2,0.000
1790899219.404,store_3,0.000
1790899219.404,avail_mb,27726
1790899219.404,pswpin,907463
1790899220.431,api,0.010
1790899220.431,client,0.000
1790899220.431,enginecore,31.942
1790899220.431,other_total,0.039
1790899220.431,store_0,0.000
1790899220.431,store_1,0.000
1790899220.431,store_2,0.000
1790899220.431,store_3,0.000
1790899220.431,avail_mb,27717
1790899220.431,pswpin,907463
1790899221.455,api,0.010
1790899221.455,client,0.000
1790899221.455,enginecore,31.896
1790899221.455,other_total,0.029
1790899221.455,store_0,0.000
1790899221.455,store_1,0.000
1790899221.455,store_2,0.000
1790899221.455,store_3,0.000
1790899221.455,avail_mb,27711
1790899221.455,pswpin,907463
1790899222.487,api,0.000
1790899222.487,client,0.000
1790899222.487,enginecore,31.912
1790899222.487,other_total,0.058
1790899222.487,store_0,0.000
1790899222.487,store_1,0.010
1790899222.487,store_2,0.019
1790899222.487,store_3,0.000
1790899222.487,avail_mb,27711
1790899222.487,pswpin,907464
1790899223.520,api,0.029
1790899223.520,client,0.000
1790899223.520,enginecore,31.904
1790899223.520,other_total,0.048
1790899223.520,store_0,0.019
1790899223.520,store_1,0.000
1790899223.520,store_2,0.000
1790899223.520,store_3,0.000
1790899223.520,avail_mb,27706
1790899223.520,pswpin,907464
1790899224.544,api,0.010
1790899224.544,client,0.000
1790899224.544,enginecore,31.940
1790899224.544,other_total,0.020
1790899224.544,store_0,0.000
1790899224.544,store_1,0.000
1790899224.544,store_2,0.000
1790899224.544,store_3,0.000
1790899224.544,avail_mb,27701
1790899224.544,pswpin,907464
1790899225.580,api,0.000
1790899225.580,client,0.019
1790899225.580,enginecore,31.924
1790899225.580,other_total,0.029
1790899225.580,store_0,0.000
1790899225.580,store_1,0.000
1790899225.580,store_2,0.000
1790899225.580,store_3,0.000
1790899225.580,avail_mb,27697
1790899225.580,pswpin,907464
1790899226.614,api,0.010
1790899226.614,client,0.019
1790899226.614,enginecore,31.896
1790899226.614,other_total,0.039
1790899226.614,store_0,0.000
1790899226.614,store_1,0.000
1790899226.614,store_2,0.000
1790899226.614,store_3,0.010
1790899226.614,avail_mb,27690
1790899226.614,pswpin,907464
1790899227.648,api,0.029
1790899227.648,client,0.010
1790899227.648,enginecore,31.914
1790899227.648,other_total,0.010
1790899227.648,store_0,0.000
1790899227.648,store_1,0.000
1790899227.648,store_2,0.000
1790899227.648,store_3,0.000
1790899227.648,avail_mb,27689
1790899227.648,pswpin,907464
1790899228.688,api,0.000
1790899228.688,client,0.000
1790899228.688,enginecore,31.884
1790899228.688,other_total,0.048
1790899228.688,store_0,0.000
1790899228.688,store_1,0.000
1790899228.688,store_2,0.000
1790899228.688,store_3,0.000
1790899228.688,avail_mb,27680
1790899228.688,pswpin,907464
1790899229.722,api,0.019
1790899229.722,client,0.010
1790899229.722,enginecore,31.896
1790899229.722,other_total,0.010
1790899229.722,store_0,0.010
1790899229.722,store_1,0.000
1790899229.722,store_2,0.000
1790899229.722,store_3,0.000
1790899229.722,avail_mb,27672
1790899229.722,pswpin,907464
1790899230.756,api,0.029
1790899230.756,client,0.000
1790899230.756,enginecore,31.887
1790899230.756,other_total,0.019
1790899230.756,store_0,0.000
1790899230.756,store_1,0.000
1790899230.756,store_2,0.000
1790899230.756,store_3,0.000
1790899230.756,avail_mb,27667
1790899230.756,pswpin,907464
1790899231.791,api,0.019
1790899231.791,client,0.010
1790899231.791,enginecore,31.883
1790899231.791,other_total,0.010
1790899231.791,store_0,0.000
1790899231.791,store_1,0.010
1790899231.791,store_2,0.010
1790899231.791,store_3,0.000
1790899231.791,avail_mb,27660
1790899231.791,pswpin,907464
1790899232.816,api,0.020
1790899232.816,client,0.010
1790899232.816,enginecore,31.900
1790899232.816,other_total,0.049
1790899232.816,store_0,0.000
1790899232.816,store_1,0.000
1790899232.816,store_2,0.000
1790899232.816,store_3,0.000
1790899232.816,avail_mb,27652
1790899232.816,pswpin,907464
1790899233.844,api,0.019
1790899233.844,client,0.000
1790899233.844,enginecore,31.921
1790899233.844,other_total,0.019
1790899233.844,store_0,0.000
1790899233.844,store_1,0.000
1790899233.844,store_2,0.000
1790899233.844,store_3,0.000
1790899233.844,avail_mb,27651
1790899233.844,pswpin,907464
1790899234.869,api,0.000
1790899234.869,client,0.020
1790899234.869,enginecore,31.894
1790899234.869,other_total,0.068
1790899234.869,store_0,0.010
1790899234.869,store_1,0.000
1790899234.869,store_2,0.000
1790899234.869,store_3,0.000
1790899234.869,avail_mb,27650
1790899234.869,pswpin,907464
1790899235.884,api,0.020
1790899235.884,client,0.010
1790899235.884,enginecore,31.911
1790899235.884,other_total,0.000
1790899235.884,store_0,0.000
1790899235.884,store_1,0.000
1790899235.884,store_2,0.000
1790899235.884,store_3,0.000
1790899235.884,avail_mb,27641
1790899235.884,pswpin,907464
1790899236.923,api,0.010
1790899236.923,client,0.010
1790899236.923,enginecore,31.888
1790899236.923,other_total,0.058
1790899236.923,store_0,0.000
1790899236.923,store_1,0.010
1790899236.923,store_2,0.000
1790899236.923,store_3,0.000
1790899236.923,avail_mb,27639
1790899236.923,pswpin,907464
1790899237.945,api,0.020
1790899237.945,client,0.000
1790899237.945,enginecore,31.926
1790899237.945,other_total,0.000
1790899237.945,store_0,0.000
1790899237.945,store_1,0.000
1790899237.945,store_2,0.010
1790899237.945,store_3,0.010
1790899237.945,avail_mb,27629
1790899237.945,pswpin,907464
1790899238.964,api,0.010
1790899238.964,client,0.010
1790899238.964,enginecore,31.856
1790899238.964,other_total,0.059
1790899238.964,store_0,0.000
1790899238.964,store_1,0.000
1790899238.964,store_2,0.000
1790899238.964,store_3,0.000
1790899238.964,avail_mb,27619
1790899238.964,pswpin,907464
1790899239.988,api,0.010
1790899239.988,client,0.000
1790899239.988,enginecore,31.938
1790899239.988,other_total,0.000
1790899239.988,store_0,0.000
1790899239.988,store_1,0.000
1790899239.988,store_2,0.000
1790899239.988,store_3,0.000
1790899239.988,avail_mb,27619
1790899239.988,pswpin,907464
1790899241.019,api,0.000
1790899241.019,client,0.000
1790899241.019,enginecore,31.903
1790899241.019,other_total,0.048
1790899241.019,store_0,0.000
1790899241.019,store_1,0.000
1790899241.019,store_2,0.000
1790899241.019,store_3,0.000
1790899241.019,avail_mb,27616
1790899241.019,pswpin,907464
1790899242.054,api,0.019
1790899242.054,client,0.000
1790899242.054,enginecore,31.841
1790899242.054,other_total,0.058
1790899242.054,store_0,0.010
1790899242.054,store_1,0.000
1790899242.054,store_2,0.000
1790899242.054,store_3,0.000
1790899242.054,avail_mb,27614
1790899242.054,pswpin,907464
1790899243.077,api,0.029
1790899243.077,client,0.010
1790899243.077,enginecore,31.855
1790899243.077,other_total,0.000
1790899243.077,store_0,0.000
1790899243.077,store_1,0.000
1790899243.077,store_2,0.000
1790899243.077,store_3,0.000
1790899243.077,avail_mb,27608
1790899243.077,pswpin,907464
1790899244.103,api,0.000
1790899244.103,client,0.000
1790899244.103,enginecore,31.882
1790899244.103,other_total,0.019
1790899244.103,store_0,0.000
1790899244.103,store_1,0.000
1790899244.103,store_2,0.000
1790899244.103,store_3,0.019
1790899244.103,avail_mb,27605
1790899244.103,pswpin,907464
1790899245.131,api,0.000
1790899245.131,client,0.000
1790899245.131,enginecore,31.862
1790899245.131,other_total,0.000
1790899245.131,store_0,0.010
1790899245.131,store_1,0.000
1790899245.131,store_2,0.000
1790899245.131,store_3,0.000
1790899245.131,avail_mb,27601
1790899245.131,pswpin,907464
1790899246.156,api,0.039
1790899246.156,client,0.020
1790899246.156,enginecore,31.785
1790899246.156,other_total,0.078
1790899246.156,store_0,0.010
1790899246.156,store_1,0.010
1790899246.156,store_2,0.000
1790899246.156,store_3,0.000
1790899246.156,avail_mb,27605
1790899246.156,pswpin,907464
1790899247.168,api,0.000
1790899247.168,client,0.010
1790899247.168,enginecore,31.974
1790899247.168,other_total,0.000
1790899247.168,store_0,0.000
1790899247.168,store_1,0.000
1790899247.168,store_2,0.010
1790899247.168,store_3,0.000
1790899247.168,avail_mb,27603
1790899247.168,pswpin,907464
1790899248.195,api,0.019
1790899248.195,client,0.000
1790899248.195,enginecore,31.875
1790899248.195,other_total,0.029
1790899248.195,store_0,0.000
1790899248.195,store_1,0.000
1790899248.195,store_2,0.000
1790899248.195,store_3,0.000
1790899248.195,avail_mb,27591
1790899248.195,pswpin,907464
1790899249.222,api,0.010
1790899249.222,client,0.000
1790899249.222,enginecore,31.918
1790899249.222,other_total,0.068
1790899249.222,store_0,0.000
1790899249.222,store_1,0.000
1790899249.222,store_2,0.000
1790899249.222,store_3,0.000
1790899249.222,avail_mb,27586
1790899249.222,pswpin,907464
1790899250.256,api,0.029
1790899250.256,client,0.000
1790899250.256,enginecore,31.902
1790899250.256,other_total,0.000
1790899250.256,store_0,0.000
1790899250.256,store_1,0.000
1790899250.256,store_2,0.000
1790899250.256,store_3,0.000
1790899250.256,avail_mb,27579
1790899250.256,pswpin,907464
1790899251.282,api,0.010
1790899251.282,client,0.000
1790899251.282,enginecore,31.902
1790899251.282,other_total,0.049
1790899251.282,store_0,0.000
1790899251.282,store_1,0.010
1790899251.282,store_2,0.010
1790899251.282,store_3,0.000
1790899251.282,avail_mb,27569
1790899251.282,pswpin,907464
1790899252.318,api,0.019
1790899252.318,client,0.019
1790899252.318,enginecore,31.938
1790899252.318,other_total,0.000
1790899252.318,store_0,0.000
1790899252.318,store_1,0.000
1790899252.318,store_2,0.000
1790899252.318,store_3,0.000
1790899252.318,avail_mb,27562
1790899252.318,pswpin,907464
1790899253.349,api,0.019
1790899253.349,client,0.000
1790899253.349,enginecore,31.906
1790899253.349,other_total,0.078
1790899253.349,store_0,0.000
1790899253.349,store_1,0.000
1790899253.349,store_2,0.000
1790899253.349,store_3,0.000
1790899253.349,avail_mb,27558
1790899253.349,pswpin,907464
1790899254.386,api,0.077
1790899254.386,client,0.029
1790899254.386,enginecore,31.780
1790899254.386,other_total,0.039
1790899254.386,store_0,0.010
1790899254.386,store_1,0.000
1790899254.386,store_2,0.000
1790899254.386,store_3,0.010
1790899254.386,avail_mb,27550
1790899254.386,pswpin,907464
1790899255.420,api,0.010
1790899255.420,client,0.010
1790899255.420,enginecore,31.879
1790899255.420,other_total,0.000
1790899255.420,store_0,0.000
1790899255.420,store_1,0.000
1790899255.420,store_2,0.000
1790899255.420,store_3,0.000
1790899255.420,avail_mb,27550
1790899255.420,pswpin,907464
1790899256.453,api,0.000
1790899256.453,client,0.019
1790899256.453,enginecore,31.900
1790899256.453,other_total,0.039
1790899256.453,store_0,0.000
1790899256.453,store_1,0.000
1790899256.453,store_2,0.000
1790899256.453,store_3,0.000
1790899256.453,avail_mb,27548
1790899256.453,pswpin,907464
1790899257.480,api,0.019
1790899257.480,client,0.000
1790899257.480,enginecore,31.837
1790899257.480,other_total,0.049
1790899257.480,store_0,0.000
1790899257.480,store_1,0.010
1790899257.480,store_2,0.000
1790899257.480,store_3,0.000
1790899257.480,avail_mb,27541
1790899257.480,pswpin,907464
1790899258.507,api,0.000
1790899258.507,client,0.000
1790899258.507,enginecore,31.933
1790899258.507,other_total,0.000
1790899258.507,store_0,0.000
1790899258.507,store_1,0.000
1790899258.507,store_2,0.000
1790899258.507,store_3,0.010
1790899258.507,avail_mb,27534
1790899258.507,pswpin,907464
1790899259.533,api,0.019
1790899259.533,client,0.010
1790899259.533,enginecore,31.802
1790899259.533,other_total,0.078
1790899259.533,store_0,0.000
1790899259.533,store_1,0.000
1790899259.533,store_2,0.010
1790899259.533,store_3,0.000
1790899259.533,avail_mb,27549
1790899259.533,pswpin,907464
1790899260.555,api,0.039
1790899260.555,client,0.010
1790899260.555,enginecore,31.863
1790899260.555,other_total,0.078
1790899260.555,store_0,0.000
1790899260.555,store_1,0.000
1790899260.555,store_2,0.000
1790899260.555,store_3,0.000
1790899260.555,avail_mb,27549
1790899260.555,pswpin,907464
1790899261.583,api,0.000
1790899261.583,client,0.010
1790899261.583,enginecore,31.838
1790899261.583,other_total,0.097
1790899261.583,store_0,0.000
1790899261.583,store_1,0.010
1790899261.583,store_2,0.000
1790899261.583,store_3,0.000
1790899261.583,avail_mb,27544
1790899261.583,pswpin,907464
1790899262.613,api,0.010
1790899262.613,client,0.010
1790899262.613,enginecore,32.013
1790899262.613,other_total,0.000
1790899262.613,store_0,0.000
1790899262.613,store_1,0.000
1790899262.613,store_2,0.000
1790899262.613,store_3,0.000
1790899262.613,avail_mb,27539
1790899262.613,pswpin,907464
1790899263.629,api,0.089
1790899263.629,client,0.039
1790899263.629,enginecore,31.767
1790899263.629,other_total,0.049
1790899263.629,store_0,0.000
1790899263.629,store_1,0.000
1790899263.629,store_2,0.020
1790899263.629,store_3,0.010
1790899263.629,avail_mb,27540
1790899263.629,pswpin,907464
1790899264.659,api,0.010
1790899264.659,client,0.000
1790899264.659,enginecore,31.900
1790899264.659,other_total,0.068
1790899264.659,store_0,0.000
1790899264.659,store_1,0.000
1790899264.659,store_2,0.000
1790899264.659,store_3,0.000
1790899264.659,avail_mb,27534
1790899264.659,pswpin,907464
1790899265.671,api,0.020
1790899265.671,client,0.020
1790899265.671,enginecore,31.919
1790899265.671,other_total,0.000
1790899265.671,store_0,0.010
1790899265.671,store_1,0.010
1790899265.671,store_2,0.000
1790899265.671,store_3,0.000
1790899265.671,avail_mb,27533
1790899265.671,pswpin,907464
1790899266.690,api,0.010
1790899266.690,client,0.000
1790899266.690,enginecore,31.887
1790899266.690,other_total,0.049
1790899266.690,store_0,0.000
1790899266.690,store_1,0.000
1790899266.690,store_2,0.000
1790899266.690,store_3,0.000
1790899266.690,avail_mb,27522
1790899266.690,pswpin,907464
1790899267.729,api,0.019
1790899267.729,client,0.000
1790899267.729,enginecore,31.956
1790899267.729,other_total,0.010
1790899267.729,store_0,0.000
1790899267.729,store_1,0.000
1790899267.729,store_2,0.000
1790899267.729,store_3,0.000
1790899267.729,avail_mb,27518
1790899267.729,pswpin,907464
1790899268.776,api,0.010
1790899268.776,client,0.000
1790899268.776,enginecore,31.889
1790899268.776,other_total,0.029
1790899268.776,store_0,0.000
1790899268.776,store_1,0.000
1790899268.776,store_2,0.000
1790899268.776,store_3,0.000
1790899268.776,avail_mb,27514
1790899268.776,pswpin,907464
1790899269.810,api,0.010
1790899269.810,client,0.010
1790899269.810,enginecore,31.915
1790899269.810,other_total,0.068
1790899269.810,store_0,0.000
1790899269.810,store_1,0.000
1790899269.810,store_2,0.000
1790899269.810,store_3,0.000
1790899269.810,avail_mb,27506
1790899269.810,pswpin,907464
1790899270.834,api,0.020
1790899270.834,client,0.000
1790899270.834,enginecore,31.874
1790899270.834,other_total,0.039
1790899270.834,store_0,0.010
1790899270.834,store_1,0.000
1790899270.834,store_2,0.000
1790899270.834,store_3,0.000
1790899270.834,avail_mb,27505
1790899270.834,pswpin,907464
1790899271.852,api,0.010
1790899271.852,client,0.000
1790899271.852,enginecore,31.967
1790899271.852,other_total,0.000
1790899271.852,store_0,0.000
1790899271.852,store_1,0.000
1790899271.852,store_2,0.000
1790899271.852,store_3,0.000
1790899271.852,avail_mb,27500
1790899271.852,pswpin,907464
1790899272.874,api,0.059
1790899272.874,client,0.020
1790899272.874,enginecore,31.789
1790899272.874,other_total,0.059
1790899272.874,store_0,0.000
1790899272.874,store_1,0.000
1790899272.874,store_2,0.000
1790899272.874,store_3,0.010
1790899272.874,avail_mb,27497
1790899272.874,pswpin,907464
1790899273.909,api,0.010
1790899273.909,client,0.019
1790899273.909,enginecore,31.910
1790899273.909,other_total,0.000
1790899273.909,store_0,0.000
1790899273.909,store_1,0.000
1790899273.909,store_2,0.000
1790899273.909,store_3,0.000
1790899273.909,avail_mb,27496
1790899273.909,pswpin,907464
1790899274.951,api,0.000
1790899274.951,client,0.010
1790899274.951,enginecore,31.909
1790899274.951,other_total,0.048
1790899274.951,store_0,0.010
1790899274.951,store_1,0.000
1790899274.951,store_2,0.000
1790899274.951,store_3,0.000
1790899274.951,avail_mb,27493
1790899274.951,pswpin,907464
1790899275.984,api,0.039
1790899275.984,client,0.010
1790899275.984,enginecore,31.840
1790899275.984,other_total,0.029
1790899275.984,store_0,0.000
1790899275.984,store_1,0.000
1790899275.984,store_2,0.000
1790899275.984,store_3,0.000
1790899275.984,avail_mb,27487
1790899275.984,pswpin,907464
1790899277.025,api,0.010
1790899277.025,client,0.019
1790899277.025,enginecore,31.863
1790899277.025,other_total,0.106
1790899277.025,store_0,0.000
1790899277.025,store_1,0.000
1790899277.025,store_2,0.000
1790899277.025,store_3,0.000
1790899277.025,avail_mb,27481
1790899277.025,pswpin,907464
1790899278.057,api,0.019
1790899278.057,client,0.000
1790899278.057,enginecore,32.063
1790899278.057,other_total,0.000
1790899278.057,store_0,0.000
1790899278.057,store_1,0.000
1790899278.057,store_2,0.000
1790899278.057,store_3,0.000
1790899278.057,avail_mb,27480
1790899278.057,pswpin,907464
1790899279.085,api,0.010
1790899279.085,client,0.000
1790899279.085,enginecore,31.876
1790899279.085,other_total,0.068
1790899279.085,store_0,0.010
1790899279.085,store_1,0.000
1790899279.085,store_2,0.000
1790899279.085,store_3,0.010
1790899279.085,avail_mb,27476
1790899279.085,pswpin,907464
1790899280.118,api,0.019
1790899280.118,client,0.000
1790899280.118,enginecore,31.889
1790899280.118,other_total,0.000
1790899280.118,store_0,0.000
1790899280.118,store_1,0.000
1790899280.118,store_2,0.000
1790899280.118,store_3,0.000
1790899280.118,avail_mb,27469
1790899280.118,pswpin,907464
1790899281.150,api,0.048
1790899281.150,client,0.029
1790899281.150,enginecore,31.862
1790899281.150,other_total,0.039
1790899281.150,store_0,0.000
1790899281.150,store_1,0.010
1790899281.150,store_2,0.000
1790899281.150,store_3,0.000
1790899281.150,avail_mb,27469
1790899281.150,pswpin,907464
1790899282.185,api,0.010
1790899282.185,client,0.000
1790899282.185,enginecore,31.850
1790899282.185,other_total,0.077
1790899282.185,store_0,0.000
1790899282.185,store_1,0.000
1790899282.185,store_2,0.000
1790899282.185,store_3,0.010
1790899282.185,avail_mb,27465
1790899282.185,pswpin,907464
1790899283.208,api,0.010
1790899283.208,client,0.000
1790899283.208,enginecore,31.918
1790899283.208,other_total,0.039
1790899283.208,store_0,0.000
1790899283.208,store_1,0.000
1790899283.208,store_2,0.010
1790899283.208,store_3,0.000
1790899283.208,avail_mb,27466
1790899283.208,pswpin,907464
1790899284.242,api,0.019
1790899284.242,client,0.000
1790899284.242,enginecore,31.922
1790899284.242,other_total,0.000
1790899284.242,store_0,0.010
1790899284.242,store_1,0.000
1790899284.242,store_2,0.000
1790899284.242,store_3,0.000
1790899284.242,avail_mb,27468
1790899284.242,pswpin,907464
1790899285.265,api,0.000
1790899285.265,client,0.020
1790899285.265,enginecore,31.934
1790899285.265,other_total,0.029
1790899285.265,store_0,0.000
1790899285.265,store_1,0.000
1790899285.265,store_2,0.000
1790899285.265,store_3,0.000
1790899285.265,avail_mb,27456
1790899285.265,pswpin,907464
1790899286.293,api,0.010
1790899286.293,client,0.010
1790899286.293,enginecore,31.874
1790899286.293,other_total,0.058
1790899286.293,store_0,0.000
1790899286.293,store_1,0.000
1790899286.293,store_2,0.000
1790899286.293,store_3,0.010
1790899286.293,avail_mb,27455
1790899286.293,pswpin,907464
1790899287.326,api,0.010
1790899287.326,client,0.000
1790899287.326,enginecore,31.942
1790899287.326,other_total,0.029
1790899287.326,store_0,0.000
1790899287.326,store_1,0.000
1790899287.326,store_2,0.000
1790899287.326,store_3,0.000
1790899287.326,avail_mb,27453
1790899287.326,pswpin,907464
1790899288.346,api,0.000
1790899288.346,client,0.000
1790899288.346,enginecore,31.873
1790899288.346,other_total,0.088
1790899288.346,store_0,0.000
1790899288.346,store_1,0.000
1790899288.346,store_2,0.010
1790899288.346,store_3,0.000
1790899288.346,avail_mb,27448
1790899288.346,pswpin,907464
1790899289.380,api,0.019
1790899289.380,client,0.010
1790899289.380,enginecore,31.920
1790899289.380,other_total,0.000
1790899289.380,store_0,0.010
1790899289.380,store_1,0.000
1790899289.380,store_2,0.000
1790899289.380,store_3,0.000
1790899289.380,avail_mb,27444
1790899289.380,pswpin,907464
1790899290.425,api,0.019
1790899290.425,client,0.000
1790899290.425,enginecore,31.851
1790899290.425,other_total,0.029
1790899290.425,store_0,0.000
1790899290.425,store_1,0.010
1790899290.425,store_2,0.000
1790899290.425,store_3,0.000
1790899290.425,avail_mb,27441
1790899290.425,pswpin,907464
1790899291.459,api,0.000
1790899291.459,client,0.019
1790899291.459,enginecore,31.919
1790899291.459,other_total,0.019
1790899291.459,store_0,0.000
1790899291.459,store_1,0.000
1790899291.459,store_2,0.000
1790899291.459,store_3,0.000
1790899291.459,avail_mb,27431
1790899291.459,pswpin,907464
1790899292.495,api,0.019
1790899292.495,client,0.000
1790899292.495,enginecore,31.742
1790899292.495,other_total,0.183
1790899292.495,store_0,0.000
1790899292.495,store_1,0.000
1790899292.495,store_2,0.010
1790899292.495,store_3,0.000
1790899292.495,avail_mb,27433
1790899292.495,pswpin,907464
1790899293.537,api,0.029
1790899293.537,client,0.010
1790899293.537,enginecore,32.057
1790899293.537,other_total,0.000
1790899293.537,store_0,0.000
1790899293.537,store_1,0.000
1790899293.537,store_2,0.000
1790899293.537,store_3,0.000
1790899293.537,avail_mb,27429
1790899293.537,pswpin,907464
1790899294.573,api,0.010
1790899294.573,client,0.000
1790899294.573,enginecore,31.882
1790899294.573,other_total,0.058
1790899294.573,store_0,0.000
1790899294.573,store_1,0.000
1790899294.573,store_2,0.000
1790899294.573,store_3,0.000
1790899294.573,avail_mb,27417
1790899294.573,pswpin,907464
1790899295.595,api,0.020
1790899295.595,client,0.000
1790899295.595,enginecore,31.945
1790899295.595,other_total,0.000
1790899295.595,store_0,0.000
1790899295.595,store_1,0.000
1790899295.595,store_2,0.000
1790899295.595,store_3,0.000
1790899295.595,avail_mb,27412
1790899295.595,pswpin,907464
1790899296.623,api,0.029
1790899296.623,client,0.010
1790899296.623,enginecore,31.876
1790899296.623,other_total,0.058
1790899296.623,store_0,0.000
1790899296.623,store_1,0.010
1790899296.623,store_2,0.000
1790899296.623,store_3,0.000
1790899296.623,avail_mb,27407
1790899296.623,pswpin,907464
1790899297.639,api,0.010
1790899297.639,client,0.010
1790899297.639,enginecore,31.946
1790899297.639,other_total,0.049
1790899297.639,store_0,0.000
1790899297.639,store_1,0.000
1790899297.639,store_2,0.000
1790899297.639,store_3,0.000
1790899297.639,avail_mb,27399
1790899297.639,pswpin,907464
1790899298.671,api,0.000
1790899298.671,client,0.000
1790899298.671,enginecore,31.938
1790899298.671,other_total,0.010
1790899298.671,store_0,0.000
1790899298.671,store_1,0.000
1790899298.671,store_2,0.000
1790899298.671,store_3,0.000
1790899298.671,avail_mb,27395
1790899298.671,pswpin,907464
1790899299.696,api,0.020
1790899299.696,client,0.020
1790899299.696,enginecore,31.945
1790899299.696,other_total,0.000
1790899299.696,store_0,0.000
1790899299.696,store_1,0.000
1790899299.696,store_2,0.000
1790899299.696,store_3,0.000
1790899299.696,avail_mb,27387
1790899299.696,pswpin,907464
1790899300.725,api,0.010
1790899300.725,client,0.000
1790899300.725,enginecore,31.871
1790899300.725,other_total,0.049
1790899300.725,store_0,0.000
1790899300.725,store_1,0.000
1790899300.725,store_2,0.010
1790899300.725,store_3,0.000
1790899300.725,avail_mb,27381
1790899300.725,pswpin,907464
1790899301.758,api,0.019
1790899301.758,client,0.010
1790899301.758,enginecore,31.883
1790899301.758,other_total,0.000
1790899301.758,store_0,0.000
1790899301.758,store_1,0.010
1790899301.758,store_2,0.000
1790899301.758,store_3,0.000
1790899301.758,avail_mb,27376
1790899301.758,pswpin,907464
1790899302.779,api,0.020
1790899302.779,client,0.000
1790899302.779,enginecore,31.789
1790899302.779,other_total,0.118
1790899302.779,store_0,0.000
1790899302.779,store_1,0.000
1790899302.779,store_2,0.000
1790899302.779,store_3,0.000
1790899302.779,avail_mb,27372
1790899302.779,pswpin,907464
1790899303.804,api,0.020
1790899303.804,client,0.000
1790899303.804,enginecore,31.873
1790899303.804,other_total,0.039
1790899303.804,store_0,0.000
1790899303.804,store_1,0.000
1790899303.804,store_2,0.000
1790899303.804,store_3,0.000
1790899303.804,avail_mb,27369
1790899303.804,pswpin,907464
1790899304.828,api,0.029
1790899304.828,client,0.010
1790899304.828,enginecore,32.041
1790899304.828,other_total,0.000
1790899304.828,store_0,0.000
1790899304.828,store_1,0.000
1790899304.828,store_2,0.000
1790899304.828,store_3,0.000
1790899304.828,avail_mb,27368
1790899304.828,pswpin,907464
1790899305.854,api,0.010
1790899305.854,client,0.000
1790899305.854,enginecore,31.880
1790899305.854,other_total,0.000
1790899305.854,store_0,0.000
1790899305.854,store_1,0.000
1790899305.854,store_2,0.010
1790899305.854,store_3,0.000
1790899305.854,avail_mb,27366
1790899305.854,pswpin,907464
1790899306.876,api,0.010
1790899306.876,client,0.000
1790899306.876,enginecore,31.891
1790899306.876,other_total,0.029
1790899306.876,store_0,0.000
1790899306.876,store_1,0.000
1790899306.876,store_2,0.000
1790899306.876,store_3,0.000
1790899306.876,avail_mb,27359
1790899306.876,pswpin,907464
1790899307.909,api,0.000
1790899307.909,client,0.010
1790899307.909,enginecore,31.925
1790899307.909,other_total,0.048
1790899307.909,store_0,0.000
1790899307.909,store_1,0.000
1790899307.909,store_2,0.000
1790899307.909,store_3,0.010
1790899307.909,avail_mb,27356
1790899307.909,pswpin,907464
1790899308.942,api,0.019
1790899308.942,client,0.000
1790899308.942,enginecore,31.898
1790899308.942,other_total,0.048
1790899308.942,store_0,0.000
1790899308.942,store_1,0.010
1790899308.942,store_2,0.010
1790899308.942,store_3,0.000
1790899308.942,avail_mb,27354
1790899308.942,pswpin,907464
1790899309.976,api,0.000
1790899309.976,client,0.010
1790899309.976,enginecore,31.904
1790899309.976,other_total,0.039
1790899309.976,store_0,0.000
1790899309.976,store_1,0.000
1790899309.976,store_2,0.000
1790899309.976,store_3,0.000
1790899309.976,avail_mb,27340
1790899309.976,pswpin,907464
1790899311.006,api,0.078
1790899311.006,client,0.029
1790899311.006,enginecore,31.833
1790899311.006,other_total,0.000
1790899311.006,store_0,0.010
1790899311.006,store_1,0.000
1790899311.006,store_2,0.000
1790899311.006,store_3,0.000
1790899311.006,avail_mb,27340
1790899311.006,pswpin,907464
1790899312.026,api,0.000
1790899312.026,client,0.000
1790899312.026,enginecore,31.922
1790899312.026,other_total,0.029
1790899312.026,store_0,0.000
1790899312.026,store_1,0.000
1790899312.026,store_2,0.000
1790899312.026,store_3,0.000
1790899312.026,avail_mb,27337
1790899312.026,pswpin,907464
1790899313.061,api,0.029
1790899313.061,client,0.019
1790899313.061,enginecore,31.853
1790899313.061,other_total,0.039
1790899313.061,store_0,0.000
1790899313.061,store_1,0.000
1790899313.061,store_2,0.010
1790899313.061,store_3,0.010
1790899313.061,avail_mb,27335
1790899313.061,pswpin,907464
1790899314.086,api,0.010
1790899314.086,client,0.000
1790899314.086,enginecore,31.894
1790899314.086,other_total,0.059
1790899314.086,store_0,0.000
1790899314.086,store_1,0.000
1790899314.086,store_2,0.000
1790899314.086,store_3,0.000
1790899314.086,avail_mb,27330
1790899314.086,pswpin,907464
1790899315.098,api,0.020
1790899315.098,client,0.000
1790899315.098,enginecore,31.971
1790899315.098,other_total,0.000
1790899315.098,store_0,0.000
1790899315.098,store_1,0.000
1790899315.098,store_2,0.000
1790899315.098,store_3,0.000
1790899315.098,avail_mb,27326
1790899315.098,pswpin,907464
1790899316.113,api,0.030
1790899316.113,client,0.010
1790899316.113,enginecore,31.839
1790899316.113,other_total,0.069
1790899316.113,store_0,0.010
1790899316.113,store_1,0.000
1790899316.113,store_2,0.000
1790899316.113,store_3,0.000
1790899316.113,avail_mb,27321
1790899316.113,pswpin,907464
1790899317.142,api,0.010
1790899317.142,client,0.000
1790899317.142,enginecore,31.924
1790899317.142,other_total,0.029
1790899317.142,store_0,0.000
1790899317.142,store_1,0.000
1790899317.142,store_2,0.000
1790899317.142,store_3,0.000
1790899317.142,avail_mb,27317
1790899317.142,pswpin,907464
1790899318.163,api,0.069
1790899318.163,client,0.029
1790899318.163,enginecore,31.796
1790899318.163,other_total,0.000
1790899318.163,store_0,0.000
1790899318.163,store_1,0.010
1790899318.163,store_2,0.000
1790899318.163,store_3,0.000
1790899318.163,avail_mb,27307
1790899318.163,pswpin,907464
1790899319.201,api,0.067
1790899319.201,client,0.048
1790899319.201,enginecore,31.101
1790899319.201,other_total,0.058
1790899319.201,store_0,0.010
1790899319.201,store_1,0.019
1790899319.201,store_2,0.000
1790899319.201,store_3,0.000
1790899319.201,avail_mb,27315
1790899319.201,pswpin,907464
1790899320.224,api,0.000
1790899320.224,client,0.000
1790899320.224,enginecore,31.901
1790899320.224,other_total,0.059
1790899320.224,store_0,0.000
1790899320.224,store_1,0.000
1790899320.224,store_2,0.000
1790899320.224,store_3,0.000
1790899320.224,avail_mb,27309
1790899320.224,pswpin,907464
1790899321.250,api,0.029
1790899321.250,client,0.000
1790899321.250,enginecore,31.956
1790899321.250,other_total,0.020
1790899321.250,store_0,0.000
1790899321.250,store_1,0.000
1790899321.250,store_2,0.000
1790899321.250,store_3,0.000
1790899321.250,avail_mb,27304
1790899321.250,pswpin,907464
1790899322.271,api,0.000
1790899322.271,client,0.000
1790899322.271,enginecore,31.883
1790899322.271,other_total,0.039
1790899322.271,store_0,0.010
1790899322.271,store_1,0.000
1790899322.271,store_2,0.000
1790899322.271,store_3,0.000
1790899322.271,avail_mb,27294
1790899322.271,pswpin,907464
1790899323.287,api,0.049
1790899323.287,client,0.030
1790899323.287,enginecore,31.815
1790899323.287,other_total,0.039
1790899323.287,store_0,0.000
1790899323.287,store_1,0.000
1790899323.287,store_2,0.000
1790899323.287,store_3,0.000
1790899323.287,avail_mb,27290
1790899323.287,pswpin,907464
1790899324.309,api,0.049
1790899324.309,client,0.039
1790899324.309,enginecore,31.813
1790899324.309,other_total,0.000
1790899324.309,store_0,0.000
1790899324.309,store_1,0.010
1790899324.309,store_2,0.000
1790899324.309,store_3,0.020
1790899324.309,avail_mb,27288
1790899324.309,pswpin,907464
1790899325.343,api,0.019
1790899325.343,client,0.000
1790899325.343,enginecore,31.855
1790899325.343,other_total,0.000
1790899325.343,store_0,0.000
1790899325.343,store_1,0.000
1790899325.343,store_2,0.019
1790899325.343,store_3,0.010
1790899325.343,avail_mb,27284
1790899325.343,pswpin,907464
1790899326.370,api,0.019
1790899326.370,client,0.019
1790899326.370,enginecore,31.918
1790899326.370,other_total,0.000
1790899326.370,store_0,0.000
1790899326.370,store_1,0.000
1790899326.370,store_2,0.000
1790899326.370,store_3,0.000
1790899326.370,avail_mb,27278
1790899326.370,pswpin,907464
1790899327.405,api,0.000
1790899327.405,client,0.000
1790899327.405,enginecore,31.818
1790899327.405,other_total,0.164
1790899327.405,store_0,0.000
1790899327.405,store_1,0.000
1790899327.405,store_2,0.000
1790899327.405,store_3,0.000
1790899327.405,avail_mb,27273
1790899327.405,pswpin,907464
1790899328.436,api,0.010
1790899328.436,client,0.000
1790899328.436,enginecore,32.014
1790899328.436,other_total,0.000
1790899328.436,store_0,0.000
1790899328.436,store_1,0.000
1790899328.436,store_2,0.000
1790899328.436,store_3,0.000
1790899328.436,avail_mb,27265
1790899328.436,pswpin,907464
1790899329.461,api,0.010
1790899329.461,client,0.000
1790899329.461,enginecore,31.911
1790899329.461,other_total,0.010
1790899329.461,store_0,0.010
1790899329.461,store_1,0.020
1790899329.461,store_2,0.000
1790899329.461,store_3,0.000
1790899329.461,avail_mb,27266
1790899329.461,pswpin,907464
1790899330.485,api,0.010
1790899330.485,client,0.000
1790899330.485,enginecore,31.881
1790899330.485,other_total,0.078
1790899330.485,store_0,0.000
1790899330.485,store_1,0.000
1790899330.485,store_2,0.000
1790899330.485,store_3,0.010
1790899330.485,avail_mb,27267
1790899330.485,pswpin,907464
1790899331.509,api,0.010
1790899331.509,client,0.010
1790899331.509,enginecore,31.971
1790899331.509,other_total,0.000
1790899331.509,store_0,0.000
1790899331.509,store_1,0.000
1790899331.509,store_2,0.000
1790899331.509,store_3,0.000
1790899331.509,avail_mb,27263
1790899331.509,pswpin,907464
1790899332.529,api,0.000
1790899332.529,client,0.010
1790899332.529,enginecore,31.925
1790899332.529,other_total,0.029
1790899332.529,store_0,0.000
1790899332.529,store_1,0.000
1790899332.529,store_2,0.000
1790899332.529,store_3,0.000
1790899332.529,avail_mb,27262
1790899332.529,pswpin,907464
1790899333.541,api,0.040
1790899333.541,client,0.000
1790899333.541,enginecore,31.866
1790899333.541,other_total,0.030
1790899333.541,store_0,0.010
1790899333.541,store_1,0.000
1790899333.541,store_2,0.000
1790899333.541,store_3,0.000
1790899333.541,avail_mb,27269
1790899333.541,pswpin,907464
1790899334.563,api,0.010
1790899334.563,client,0.000
1790899334.563,enginecore,31.922
1790899334.563,other_total,0.010
1790899334.563,store_0,0.000
1790899334.563,store_1,0.000
1790899334.563,store_2,0.010
1790899334.563,store_3,0.000
1790899334.563,avail_mb,27258
1790899334.563,pswpin,907464
1790899335.582,api,0.020
1790899335.582,client,0.000
1790899335.582,enginecore,31.954
1790899335.582,other_total,0.020
1790899335.582,store_0,0.000
1790899335.582,store_1,0.000
1790899335.582,store_2,0.000
1790899335.582,store_3,0.000
1790899335.582,avail_mb,27252
1790899335.582,pswpin,907464
1790899336.605,api,0.000
1790899336.605,client,0.000
1790899336.605,enginecore,31.963
1790899336.605,other_total,0.029
1790899336.605,store_0,0.000
1790899336.605,store_1,0.000
1790899336.605,store_2,0.000
1790899336.605,store_3,0.000
1790899336.605,avail_mb,27251
1790899336.605,pswpin,907464
1790899337.636,api,0.000
1790899337.636,client,0.000
1790899337.636,enginecore,31.901
1790899337.636,other_total,0.078
1790899337.636,store_0,0.010
1790899337.636,store_1,0.010
1790899337.636,store_2,0.000
1790899337.636,store_3,0.000
1790899337.636,avail_mb,27250
1790899337.636,pswpin,907464
1790899338.670,api,0.000
1790899338.670,client,0.000
1790899338.670,enginecore,31.962
1790899338.670,other_total,0.029
1790899338.670,store_0,0.000
1790899338.670,store_1,0.000
1790899338.670,store_2,0.000
1790899338.670,store_3,0.000
1790899338.670,avail_mb,27247
1790899338.670,pswpin,907464
1790899339.705,api,0.000
1790899339.705,client,0.000
1790899339.705,enginecore,31.963
1790899339.705,other_total,0.000
1790899339.705,store_0,0.000
1790899339.705,store_1,0.000
1790899339.705,store_2,0.010
1790899339.705,store_3,0.000
1790899339.705,avail_mb,27242
1790899339.705,pswpin,907464
1790899340.728,api,0.000
1790899340.728,client,0.000
1790899340.728,enginecore,31.809
1790899340.728,other_total,0.176
1790899340.728,store_0,0.000
1790899340.728,store_1,0.000
1790899340.728,store_2,0.000
1790899340.728,store_3,0.010
1790899340.728,avail_mb,27238
1790899340.728,pswpin,907464
1790899341.739,api,0.000
1790899341.739,client,0.000
1790899341.739,enginecore,32.027
1790899341.739,other_total,0.000
1790899341.739,store_0,0.000
1790899341.739,store_1,0.010
1790899341.739,store_2,0.000
1790899341.739,store_3,0.000
1790899341.739,avail_mb,27239
1790899341.739,pswpin,907464
1790899342.763,api,0.000
1790899342.763,client,0.000
1790899342.763,enginecore,31.926
1790899342.763,other_total,0.049
1790899342.763,store_0,0.000
1790899342.763,store_1,0.000
1790899342.763,store_2,0.000
1790899342.763,store_3,0.000
1790899342.763,avail_mb,27238
1790899342.763,pswpin,907464
1790899343.774,api,0.020
1790899343.774,client,0.000
1790899343.774,enginecore,31.908
1790899343.774,other_total,0.030
1790899343.774,store_0,0.000
1790899343.774,store_1,0.000
1790899343.774,store_2,0.000
1790899343.774,store_3,0.000
1790899343.774,avail_mb,27234
1790899343.774,pswpin,907464
1790899344.800,api,0.000
1790899344.800,client,0.000
1790899344.800,enginecore,31.907
1790899344.800,other_total,0.029
1790899344.800,store_0,0.000
1790899344.800,store_1,0.010
1790899344.800,store_2,0.000
1790899344.800,store_3,0.010
1790899344.800,avail_mb,27243
1790899344.800,pswpin,907464
1790899345.832,api,0.000
1790899345.832,client,0.000
1790899345.832,enginecore,31.908
1790899345.832,other_total,0.058
1790899345.832,store_0,0.000
1790899345.832,store_1,0.000
1790899345.832,store_2,0.000
1790899345.832,store_3,0.000
1790899345.832,avail_mb,27242
1790899345.832,pswpin,907464
1790899346.863,api,0.000
1790899346.863,client,0.000
1790899346.863,enginecore,31.967
1790899346.863,other_total,0.000
1790899346.863,store_0,0.000
1790899346.863,store_1,0.000
1790899346.863,store_2,0.010
1790899346.863,store_3,0.000
1790899346.863,avail_mb,27250
1790899346.863,pswpin,907464
1790899347.899,api,0.000
1790899347.899,client,0.000
1790899347.899,enginecore,31.703
1790899347.899,other_total,0.299
1790899347.899,store_0,0.000
1790899347.899,store_1,0.000
1790899347.899,store_2,0.000
1790899347.899,store_3,0.000
1790899347.899,avail_mb,27251
1790899347.899,pswpin,907464
1790899348.930,api,0.000
1790899348.930,client,0.000
1790899348.930,enginecore,32.066
1790899348.930,other_total,0.000
1790899348.930,store_0,0.000
1790899348.930,store_1,0.000
1790899348.930,store_2,0.000
1790899348.930,store_3,0.000
1790899348.930,avail_mb,27245
1790899348.930,pswpin,907464
1790899349.969,api,0.000
1790899349.969,client,0.000
1790899349.969,enginecore,31.915
1790899349.969,other_total,0.077
1790899349.969,store_0,0.000
1790899349.969,store_1,0.000
1790899349.969,store_2,0.000
1790899349.969,store_3,0.000
1790899349.969,avail_mb,27239
1790899349.969,pswpin,907464
1790899351.002,api,0.000
1790899351.002,client,0.000
1790899351.002,enginecore,31.918
1790899351.002,other_total,0.000
1790899351.002,store_0,0.000
1790899351.002,store_1,0.000
1790899351.002,store_2,0.000
1790899351.002,store_3,0.000
1790899351.002,avail_mb,27237
1790899351.002,pswpin,907464
1790899352.028,api,0.000
1790899352.028,client,0.000
1790899352.028,enginecore,31.897
1790899352.028,other_total,0.010
1790899352.028,store_0,0.000
1790899352.028,store_1,0.000
1790899352.028,store_2,0.000
1790899352.028,store_3,0.010
1790899352.028,avail_mb,27233
1790899352.028,pswpin,907464
1790899353.043,api,0.020
1790899353.043,client,0.000
1790899353.043,enginecore,31.887
1790899353.043,other_total,0.039
1790899353.043,store_0,0.000
1790899353.043,store_1,0.000
1790899353.043,store_2,0.000
1790899353.043,store_3,0.000
1790899353.043,avail_mb,27232
1790899353.043,pswpin,907464
1790899354.071,api,0.000
1790899354.071,client,0.000
1790899354.071,enginecore,31.869
1790899354.071,other_total,0.010
1790899354.071,store_0,0.000
1790899354.071,store_1,0.000
1790899354.071,store_2,0.000
1790899354.071,store_3,0.000
1790899354.071,avail_mb,27232
1790899354.071,pswpin,907464
1790899355.100,api,0.000
1790899355.100,client,0.000
1790899355.100,enginecore,31.920
1790899355.100,other_total,0.010
1790899355.100,store_0,0.010
1790899355.100,store_1,0.010
1790899355.100,store_2,0.000
1790899355.100,store_3,0.000
1790899355.100,avail_mb,27234
1790899355.100,pswpin,907464
1790899356.136,api,0.000
1790899356.136,client,0.000
1790899356.136,enginecore,31.923
1790899356.136,other_total,0.039
1790899356.136,store_0,0.000
1790899356.136,store_1,0.000
1790899356.136,store_2,0.010
1790899356.136,store_3,0.000
1790899356.136,avail_mb,27234
1790899356.136,pswpin,907464
1790899357.181,api,0.000
1790899357.181,client,0.000
1790899357.181,enginecore,31.794
1790899357.181,other_total,0.134
1790899357.181,store_0,0.000
1790899357.181,store_1,0.000
1790899357.181,store_2,0.000
1790899357.181,store_3,0.000
1790899357.181,avail_mb,27235
1790899357.181,pswpin,907464
1790899358.205,api,0.000
1790899358.205,client,0.000
1790899358.205,enginecore,32.099
1790899358.205,other_total,0.000
1790899358.205,store_0,0.000
1790899358.205,store_1,0.000
1790899358.205,store_2,0.000
1790899358.205,store_3,0.010
1790899358.205,avail_mb,27239
1790899358.205,pswpin,907464
1790899359.241,api,0.010
1790899359.241,client,0.000
1790899359.241,enginecore,31.858
1790899359.241,other_total,0.087
1790899359.241,store_0,0.000
1790899359.241,store_1,0.010
1790899359.241,store_2,0.000
1790899359.241,store_3,0.000
1790899359.241,avail_mb,27240
1790899359.241,pswpin,907464
1790899360.276,api,0.058
1790899360.276,client,0.019
1790899360.276,enginecore,31.877
1790899360.276,other_total,0.029
1790899360.276,store_0,0.010
1790899360.276,store_1,0.000
1790899360.276,store_2,0.000
1790899360.276,store_3,0.000
1790899360.276,avail_mb,27240
1790899360.276,pswpin,907464
1790899361.308,api,0.000
1790899361.308,client,0.000
1790899361.308,enginecore,31.944
1790899361.308,other_total,0.000
1790899361.308,store_0,0.000
1790899361.308,store_1,0.000
1790899361.308,store_2,0.010
1790899361.308,store_3,0.000
1790899361.308,avail_mb,27246
1790899361.308,pswpin,907464
1790899362.336,api,0.029
1790899362.336,client,0.029
1790899362.336,enginecore,31.835
1790899362.336,other_total,0.049
1790899362.336,store_0,0.000
1790899362.336,store_1,0.000
1790899362.336,store_2,0.000
1790899362.336,store_3,0.000
1790899362.336,avail_mb,27245
1790899362.336,pswpin,907464
1790899363.351,api,0.030
1790899363.351,client,0.000
1790899363.351,enginecore,31.894
1790899363.351,other_total,0.010
1790899363.351,store_0,0.000
1790899363.351,store_1,0.010
1790899363.351,store_2,0.000
1790899363.351,store_3,0.000
1790899363.351,avail_mb,27244
1790899363.351,pswpin,907464
1790899364.374,api,0.000
1790899364.374,client,0.000
1790899364.374,enginecore,31.923
1790899364.374,other_total,0.039
1790899364.374,store_0,0.000
1790899364.374,store_1,0.000
1790899364.374,store_2,0.000
1790899364.374,store_3,0.000
1790899364.374,avail_mb,27243
1790899364.374,pswpin,907464
1790899365.401,api,0.000
1790899365.401,client,0.000
1790899365.401,enginecore,31.865
1790899365.401,other_total,0.078
1790899365.401,store_0,0.000
1790899365.401,store_1,0.000
1790899365.401,store_2,0.010
1790899365.401,store_3,0.000
1790899365.401,avail_mb,27239
1790899365.401,pswpin,907464
1790899366.425,api,0.000
1790899366.425,client,0.000
1790899366.425,enginecore,31.956
1790899366.425,other_total,0.010
1790899366.425,store_0,0.010
1790899366.425,store_1,0.000
1790899366.425,store_2,0.000
1790899366.425,store_3,0.000
1790899366.425,avail_mb,27240
1790899366.425,pswpin,907464
1790899367.450,api,0.010
1790899367.450,client,0.000
1790899367.450,enginecore,31.937
1790899367.450,other_total,0.049
1790899367.450,store_0,0.000
1790899367.450,store_1,0.010
1790899367.450,store_2,0.000
1790899367.450,store_3,0.010
1790899367.450,avail_mb,27240
1790899367.450,pswpin,907464
1790899368.487,api,0.000
1790899368.487,client,0.000
1790899368.487,enginecore,31.976
1790899368.487,other_total,0.019
1790899368.487,store_0,0.000
1790899368.487,store_1,0.000
1790899368.487,store_2,0.000
1790899368.487,store_3,0.000
1790899368.487,avail_mb,27237
1790899368.487,pswpin,907464
1790899369.525,api,0.000
1790899369.525,client,0.000
1790899369.525,enginecore,31.954
1790899369.525,other_total,0.010
1790899369.525,store_0,0.000
1790899369.525,store_1,0.000
1790899369.525,store_2,0.000
1790899369.525,store_3,0.000
1790899369.525,avail_mb,27231
1790899369.525,pswpin,907464
1790899370.560,api,0.000
1790899370.560,client,0.000
1790899370.560,enginecore,31.927
1790899370.560,other_total,0.029
1790899370.560,store_0,0.000
1790899370.560,store_1,0.000
1790899370.560,store_2,0.000
1790899370.560,store_3,0.000
1790899370.560,avail_mb,27235
1790899370.560,pswpin,907464
1790899371.579,api,0.039
1790899371.579,client,0.029
1790899371.579,enginecore,31.892
1790899371.579,other_total,0.029
1790899371.579,store_0,0.000
1790899371.579,store_1,0.000
1790899371.579,store_2,0.000
1790899371.579,store_3,0.000
1790899371.579,avail_mb,27235
1790899371.579,pswpin,907464
1790899372.605,api,0.010
1790899372.605,client,0.000
1790899372.605,enginecore,31.842
1790899372.605,other_total,0.039
1790899372.605,store_0,0.000
1790899372.605,store_1,0.000
1790899372.605,store_2,0.000
1790899372.605,store_3,0.010
1790899372.605,avail_mb,27240
1790899372.605,pswpin,907464
1790899373.631,api,0.010
1790899373.631,client,0.000
1790899373.631,enginecore,31.927
1790899373.631,other_total,0.019
1790899373.631,store_0,0.000
1790899373.631,store_1,0.000
1790899373.631,store_2,0.000
1790899373.631,store_3,0.000
1790899373.631,avail_mb,27239
1790899373.631,pswpin,907464
1790899374.661,api,0.000
1790899374.661,client,0.000
1790899374.661,enginecore,31.913
1790899374.661,other_total,0.049
1790899374.661,store_0,0.000
1790899374.661,store_1,0.000
1790899374.661,store_2,0.000
1790899374.661,store_3,0.000
1790899374.661,avail_mb,27235
1790899374.661,pswpin,907464
1790899375.709,api,0.000
1790899375.709,client,0.000
1790899375.709,enginecore,31.933
1790899375.709,other_total,0.010
1790899375.709,store_0,0.019
1790899375.709,store_1,0.010
1790899375.709,store_2,0.000
1790899375.709,store_3,0.000
1790899375.709,avail_mb,27235
1790899375.709,pswpin,907464
1790899376.742,api,0.000
1790899376.742,client,0.000
1790899376.742,enginecore,31.972
1790899376.742,other_total,0.000
1790899376.742,store_0,0.000
1790899376.742,store_1,0.000
1790899376.742,store_2,0.000
1790899376.742,store_3,0.000
1790899376.742,avail_mb,27234
1790899376.742,pswpin,907464
1790899377.776,api,0.000
1790899377.776,client,0.000
1790899377.776,enginecore,31.899
1790899377.776,other_total,0.048
1790899377.776,store_0,0.000
1790899377.776,store_1,0.000
1790899377.776,store_2,0.000
1790899377.776,store_3,0.010
1790899377.776,avail_mb,27237
1790899377.776,pswpin,907464
1790899378.801,api,0.049
1790899378.801,client,0.020
1790899378.801,enginecore,31.865
1790899378.801,other_total,0.020
1790899378.801,store_0,0.000
1790899378.801,store_1,0.000
1790899378.801,store_2,0.000
1790899378.801,store_3,0.000
1790899378.801,avail_mb,27242
1790899378.801,pswpin,907464
1790899379.825,api,0.000
1790899379.825,client,0.000
1790899379.825,enginecore,31.882
1790899379.825,other_total,0.059
1790899379.825,store_0,0.010
1790899379.825,store_1,0.000
1790899379.825,store_2,0.020
1790899379.825,store_3,0.000
1790899379.825,avail_mb,27238
1790899379.825,pswpin,907464
1790899380.857,api,0.000
1790899380.857,client,0.000
1790899380.857,enginecore,31.916
1790899380.857,other_total,0.000
1790899380.857,store_0,0.000
1790899380.857,store_1,0.010
1790899380.857,store_2,0.000
1790899380.857,store_3,0.000
1790899380.857,avail_mb,27237
1790899380.857,pswpin,907464
1790899381.888,api,0.000
1790899381.888,client,0.000
1790899381.888,enginecore,31.925
1790899381.888,other_total,0.010
1790899381.888,store_0,0.000
1790899381.888,store_1,0.000
1790899381.888,store_2,0.000
1790899381.888,store_3,0.010
1790899381.888,avail_mb,27248
1790899381.888,pswpin,907464
1790899382.903,api,0.010
1790899382.903,client,0.000
1790899382.903,enginecore,31.936
1790899382.903,other_total,0.049
1790899382.903,store_0,0.000
1790899382.903,store_1,0.000
1790899382.903,store_2,0.000
1790899382.903,store_3,0.000
1790899382.903,avail_mb,27244
1790899382.903,pswpin,907464
1790899383.926,api,0.039
1790899383.926,client,0.000
1790899383.926,enginecore,31.931
1790899383.926,other_total,0.000
1790899383.926,store_0,0.000
1790899383.926,store_1,0.000
1790899383.926,store_2,0.000
1790899383.926,store_3,0.000
1790899383.926,avail_mb,27243
1790899383.926,pswpin,907464
1790899384.950,api,0.000
1790899384.950,client,0.000
1790899384.950,enginecore,31.913
1790899384.950,other_total,0.068
1790899384.950,store_0,0.000
1790899384.950,store_1,0.000
1790899384.950,store_2,0.000
1790899384.950,store_3,0.000
1790899384.950,avail_mb,27244
1790899384.950,pswpin,907464
1790899385.983,api,0.000
1790899385.983,client,0.000
1790899385.983,enginecore,31.935
1790899385.983,other_total,0.039
1790899385.983,store_0,0.000
1790899385.983,store_1,0.000
1790899385.983,store_2,0.000
1790899385.983,store_3,0.000
1790899385.983,avail_mb,27239
1790899385.983,pswpin,907464
1790899387.012,api,0.000
1790899387.012,client,0.000
1790899387.012,enginecore,31.967
1790899387.012,other_total,0.000
1790899387.012,store_0,0.000
1790899387.012,store_1,0.000
1790899387.012,store_2,0.000
1790899387.012,store_3,0.010
1790899387.012,avail_mb,27240
1790899387.012,pswpin,907464
1790899388.043,api,0.000
1790899388.043,client,0.000
1790899388.043,enginecore,31.938
1790899388.043,other_total,0.058
1790899388.043,store_0,0.000
1790899388.043,store_1,0.000
1790899388.043,store_2,0.000
1790899388.043,store_3,0.000
1790899388.043,avail_mb,27240
1790899388.043,pswpin,907464
1790899389.067,api,0.000
1790899389.067,client,0.000
1790899389.067,enginecore,31.927
1790899389.067,other_total,0.049
1790899389.067,store_0,0.010
1790899389.067,store_1,0.000
1790899389.067,store_2,0.010
1790899389.067,store_3,0.000
1790899389.067,avail_mb,27238
1790899389.067,pswpin,907464
1790899390.094,api,0.000
1790899390.094,client,0.000
1790899390.094,enginecore,31.836
1790899390.094,other_total,0.097
1790899390.094,store_0,0.000
1790899390.094,store_1,0.000
1790899390.094,store_2,0.000
1790899390.094,store_3,0.010
1790899390.094,avail_mb,27237
1790899390.094,pswpin,907464
1790899391.116,api,0.000
1790899391.116,client,0.000
1790899391.116,enginecore,32.011
1790899391.116,other_total,0.000
1790899391.116,store_0,0.000
1790899391.116,store_1,0.000
1790899391.116,store_2,0.000
1790899391.116,store_3,0.000
1790899391.116,avail_mb,27237
1790899391.116,pswpin,907464
1790899392.176,api,0.009
1790899392.176,client,0.000
1790899392.176,enginecore,31.915
1790899392.176,other_total,0.000
1790899392.176,store_0,0.000
1790899392.176,store_1,0.009
1790899392.176,store_2,0.000
1790899392.176,store_3,0.000
1790899392.176,avail_mb,27242
1790899392.176,pswpin,907464
1790899393.204,api,0.000
1790899393.204,client,0.000
1790899393.204,enginecore,31.962
1790899393.204,other_total,0.019
1790899393.204,store_0,0.000
1790899393.204,store_1,0.000
1790899393.204,store_2,0.000
1790899393.204,store_3,0.000
1790899393.204,avail_mb,27242
1790899393.204,pswpin,907464
1790899394.237,api,0.000
1790899394.237,client,0.000
1790899394.237,enginecore,31.876
1790899394.237,other_total,0.058
1790899394.237,store_0,0.000
1790899394.237,store_1,0.000
1790899394.237,store_2,0.010
1790899394.237,store_3,0.000
1790899394.237,avail_mb,27242
1790899394.237,pswpin,907464
1790899395.270,api,0.000
1790899395.270,client,0.000
1790899395.270,enginecore,31.962
1790899395.270,other_total,0.029
1790899395.270,store_0,0.000
1790899395.270,store_1,0.000
1790899395.270,store_2,0.000
1790899395.270,store_3,0.000
1790899395.270,avail_mb,27242
1790899395.270,pswpin,907464
1790899396.304,api,0.000
1790899396.304,client,0.000
1790899396.304,enginecore,31.968
1790899396.304,other_total,0.039
1790899396.304,store_0,0.000
1790899396.304,store_1,0.000
1790899396.304,store_2,0.000
1790899396.304,store_3,0.000
1790899396.304,avail_mb,27240
1790899396.304,pswpin,907464
1790899397.334,api,0.000
1790899397.334,client,0.000
1790899397.334,enginecore,31.969
1790899397.334,other_total,0.039
1790899397.334,store_0,0.000
1790899397.334,store_1,0.000
1790899397.334,store_2,0.000
1790899397.334,store_3,0.000
1790899397.334,avail_mb,27236
1790899397.334,pswpin,907464
1790899398.353,api,0.000
1790899398.353,client,0.000
1790899398.353,enginecore,31.883
1790899398.353,other_total,0.029
1790899398.353,store_0,0.000
1790899398.353,store_1,0.000
1790899398.353,store_2,0.010
1790899398.353,store_3,0.010
1790899398.353,avail_mb,27232
1790899398.353,pswpin,907464
1790899399.375,api,0.000
1790899399.375,client,0.000
1790899399.375,enginecore,31.937
1790899399.375,other_total,0.010
1790899399.375,store_0,0.000
1790899399.375,store_1,0.000
1790899399.375,store_2,0.000
1790899399.375,store_3,0.000
1790899399.375,avail_mb,27227
1790899399.375,pswpin,907464
1790899400.406,api,0.000
1790899400.406,client,0.000
1790899400.406,enginecore,31.917
1790899400.406,other_total,0.039
1790899400.406,store_0,0.000
1790899400.406,store_1,0.000
1790899400.406,store_2,0.000
1790899400.406,store_3,0.000
1790899400.406,avail_mb,27223
1790899400.406,pswpin,907464
1790899401.431,api,0.010
1790899401.431,client,0.000
1790899401.431,enginecore,31.901
1790899401.431,other_total,0.049
1790899401.431,store_0,0.000
1790899401.431,store_1,0.010
1790899401.431,store_2,0.000
1790899401.431,store_3,0.000
1790899401.431,avail_mb,27226
1790899401.431,pswpin,907464
1790899402.462,api,0.000
1790899402.462,client,0.000
1790899402.462,enginecore,31.985
1790899402.462,other_total,0.000
1790899402.462,store_0,0.000
1790899402.462,store_1,0.000
1790899402.462,store_2,0.000
1790899402.462,store_3,0.010
1790899402.462,avail_mb,27229
1790899402.462,pswpin,907464
1790899403.497,api,0.019
1790899403.497,client,0.000
1790899403.497,enginecore,31.887
1790899403.497,other_total,0.077
1790899403.497,store_0,0.010
1790899403.497,store_1,0.000
1790899403.497,store_2,0.000
1790899403.497,store_3,0.000
1790899403.497,avail_mb,27239
1790899403.497,pswpin,907464
1790899404.520,api,0.000
1790899404.520,client,0.000
1790899404.520,enginecore,31.930
1790899404.520,other_total,0.029
1790899404.520,store_0,0.000
1790899404.520,store_1,0.000
1790899404.520,store_2,0.000
1790899404.520,store_3,0.000
1790899404.520,avail_mb,27235
1790899404.520,pswpin,907464
1790899405.556,api,0.000
1790899405.556,client,0.000
1790899405.556,enginecore,31.867
1790899405.556,other_total,0.097
1790899405.556,store_0,0.000
1790899405.556,store_1,0.000
1790899405.556,store_2,0.000
1790899405.556,store_3,0.010
1790899405.556,avail_mb,27237
1790899405.556,pswpin,907464
1790899406.579,api,0.000
1790899406.579,client,0.000
1790899406.579,enginecore,32.011
1790899406.579,other_total,0.000
1790899406.579,store_0,0.010
1790899406.579,store_1,0.000
1790899406.579,store_2,0.000
1790899406.579,store_3,0.000
1790899406.579,avail_mb,27241
1790899406.579,pswpin,907464
1790899407.613,api,0.010
1790899407.613,client,0.000
1790899407.613,enginecore,31.877
1790899407.613,other_total,0.029
1790899407.613,store_0,0.000
1790899407.613,store_1,0.010
1790899407.613,store_2,0.010
1790899407.613,store_3,0.000
1790899407.613,avail_mb,27238
1790899407.613,pswpin,907464
1790899408.632,api,0.000
1790899408.632,client,0.000
1790899408.632,enginecore,31.916
1790899408.632,other_total,0.000
1790899408.632,store_0,0.000
1790899408.632,store_1,0.000
1790899408.632,store_2,0.000
1790899408.632,store_3,0.000
1790899408.632,avail_mb,27236
1790899408.632,pswpin,907464
1790899409.664,api,0.000
1790899409.664,client,0.000
1790899409.664,enginecore,31.932
1790899409.664,other_total,0.048
1790899409.664,store_0,0.000
1790899409.664,store_1,0.000
1790899409.664,store_2,0.000
1790899409.664,store_3,0.000
1790899409.664,avail_mb,27232
1790899409.664,pswpin,907464
1790899410.686,api,0.000
1790899410.686,client,0.000
1790899410.686,enginecore,31.935
1790899410.686,other_total,0.029
1790899410.686,store_0,0.000
1790899410.686,store_1,0.000
1790899410.686,store_2,0.000
1790899410.686,store_3,0.000
1790899410.686,avail_mb,27227
1790899410.686,pswpin,907464
1790899411.714,api,0.039
1790899411.714,client,0.019
1790899411.714,enginecore,31.849
1790899411.714,other_total,0.049
1790899411.714,store_0,0.000
1790899411.714,store_1,0.000
1790899411.714,store_2,0.010
1790899411.714,store_3,0.000
1790899411.714,avail_mb,27228
1790899411.714,pswpin,907464
1790899412.731,api,0.020
1790899412.731,client,0.010
1790899412.731,enginecore,31.919
1790899412.731,other_total,0.000
1790899412.731,store_0,0.000
1790899412.731,store_1,0.010
1790899412.731,store_2,0.000
1790899412.731,store_3,0.000
1790899412.731,avail_mb,27230
1790899412.731,pswpin,907464
1790899413.750,api,0.000
1790899413.750,client,0.000
1790899413.750,enginecore,31.904
1790899413.750,other_total,0.020
1790899413.750,store_0,0.000
1790899413.750,store_1,0.000
1790899413.750,store_2,0.000
1790899413.750,store_3,0.000
1790899413.750,avail_mb,27225
1790899413.750,pswpin,907464
1790899414.777,api,0.000
1790899414.777,client,0.000
1790899414.777,enginecore,31.863
1790899414.777,other_total,0.146
1790899414.777,store_0,0.000
1790899414.777,store_1,0.000
1790899414.777,store_2,0.000
1790899414.777,store_3,0.000
1790899414.777,avail_mb,27225
1790899414.777,pswpin,907464
1790899415.815,api,0.000
1790899415.815,client,0.000
1790899415.815,enginecore,31.832
1790899415.815,other_total,0.077
1790899415.815,store_0,0.010
1790899415.815,store_1,0.000
1790899415.815,store_2,0.000
1790899415.815,store_3,0.000
1790899415.815,avail_mb,27229
1790899415.815,pswpin,907464
1790899416.848,api,0.000
1790899416.848,client,0.000
1790899416.848,enginecore,32.105
1790899416.848,other_total,0.000
1790899416.848,store_0,0.000
1790899416.848,store_1,0.000
1790899416.848,store_2,0.000
1790899416.848,store_3,0.000
1790899416.848,avail_mb,27226
1790899416.848,pswpin,907464
1790899417.877,api,0.000
1790899417.877,client,0.000
1790899417.877,enginecore,31.899
1790899417.877,other_total,0.039
1790899417.877,store_0,0.000
1790899417.877,store_1,0.000
1790899417.877,store_2,0.010
1790899417.877,store_3,0.000
1790899417.877,avail_mb,27235
1790899417.877,pswpin,907464
1790899418.913,api,0.000
1790899418.913,client,0.000
1790899418.913,enginecore,31.946
1790899418.913,other_total,0.000
1790899418.913,store_0,0.000
1790899418.913,store_1,0.000
1790899418.913,store_2,0.000
1790899418.913,store_3,0.000
1790899418.913,avail_mb,27233
1790899418.913,pswpin,907464
1790899419.932,api,0.069
1790899419.932,client,0.020
1790899419.932,enginecore,31.821
1790899419.932,other_total,0.059
1790899419.932,store_0,0.010
1790899419.932,store_1,0.000
1790899419.932,store_2,0.000
1790899419.932,store_3,0.010
1790899419.932,avail_mb,27235
1790899419.932,pswpin,907464
1790899420.963,api,0.000
1790899420.963,client,0.000
1790899420.963,enginecore,31.903
1790899420.963,other_total,0.029
1790899420.963,store_0,0.000
1790899420.963,store_1,0.000
1790899420.963,store_2,0.000
1790899420.963,store_3,0.000
1790899420.963,avail_mb,27226
1790899420.963,pswpin,907464
1790899421.989,api,0.000
1790899421.989,client,0.000
1790899421.989,enginecore,31.655
1790899421.989,other_total,0.244
1790899421.989,store_0,0.000
1790899421.989,store_1,0.000
1790899421.989,store_2,0.000
1790899421.989,store_3,0.000
1790899421.989,avail_mb,27188
1790899421.989,pswpin,907464
1790899423.020,api,0.039
1790899423.020,client,0.029
1790899423.020,enginecore,31.553
1790899423.020,other_total,0.242
1790899423.020,store_0,0.000
1790899423.020,store_1,0.000
1790899423.020,store_2,0.000
1790899423.020,store_3,0.010
1790899423.020,avail_mb,27174
1790899423.020,pswpin,907464
1790899424.054,api,0.010
1790899424.054,client,0.000
1790899424.054,enginecore,31.939
1790899424.054,other_total,0.000
1790899424.054,store_0,0.000
1790899424.054,store_1,0.000
1790899424.054,store_2,0.000
1790899424.054,store_3,0.000
1790899424.054,avail_mb,27174
1790899424.054,pswpin,907464
1790899425.086,api,0.000
1790899425.086,client,0.000
1790899425.086,enginecore,31.887
1790899425.086,other_total,0.000
1790899425.086,store_0,0.010
1790899425.086,store_1,0.010
1790899425.086,store_2,0.000
1790899425.086,store_3,0.000
1790899425.086,avail_mb,27182
1790899425.086,pswpin,907464
1790899426.106,api,0.000
1790899426.106,client,0.000
1790899426.106,enginecore,31.932
1790899426.106,other_total,0.039
1790899426.106,store_0,0.000
1790899426.106,store_1,0.000
1790899426.106,store_2,0.000
1790899426.106,store_3,0.000
1790899426.106,avail_mb,27179
1790899426.106,pswpin,907464
1790899427.137,api,0.000
1790899427.137,client,0.000
1790899427.137,enginecore,31.973
1790899427.137,other_total,0.000
1790899427.137,store_0,0.000
1790899427.137,store_1,0.000
1790899427.137,store_2,0.000
1790899427.137,store_3,0.000
1790899427.137,avail_mb,27181
1790899427.137,pswpin,907464
1790899428.166,api,0.049
1790899428.166,client,0.029
1790899428.166,enginecore,31.608
1790899428.166,other_total,0.068
1790899428.166,store_0,0.010
1790899428.166,store_1,0.010
1790899428.166,store_2,0.010
1790899428.166,store_3,0.010
1790899428.166,avail_mb,27197
1790899428.166,pswpin,907464
1790899429.181,api,0.000
1790899429.181,client,0.000
1790899429.181,enginecore,31.938
1790899429.181,other_total,0.020
1790899429.181,store_0,0.000
1790899429.181,store_1,0.000
1790899429.181,store_2,0.000
1790899429.181,store_3,0.000
1790899429.181,avail_mb,27188
1790899429.181,pswpin,907464
1790899430.204,api,0.000
1790899430.204,client,0.000
1790899430.204,enginecore,31.912
1790899430.204,other_total,0.029
1790899430.204,store_0,0.000
1790899430.204,store_1,0.000
1790899430.204,store_2,0.000
1790899430.204,store_3,0.000
1790899430.204,avail_mb,27184
1790899430.204,pswpin,907464
1790899431.220,api,0.010
1790899431.220,client,0.000
1790899431.220,enginecore,31.937
1790899431.220,other_total,0.030
1790899431.220,store_0,0.000
1790899431.220,store_1,0.000
1790899431.220,store_2,0.000
1790899431.220,store_3,0.010
1790899431.220,avail_mb,27188
1790899431.220,pswpin,907464
1790899432.252,api,0.000
1790899432.252,client,0.000
1790899432.252,enginecore,31.887
1790899432.252,other_total,0.077
1790899432.252,store_0,0.000
1790899432.252,store_1,0.000
1790899432.252,store_2,0.000
1790899432.252,store_3,0.000
1790899432.252,avail_mb,27184
1790899432.252,pswpin,907464
1790899433.267,api,0.010
1790899433.267,client,0.000
1790899433.267,enginecore,31.853
1790899433.267,other_total,0.049
1790899433.267,store_0,0.010
1790899433.267,store_1,0.010
1790899433.267,store_2,0.010
1790899433.267,store_3,0.000
1790899433.267,avail_mb,27198
1790899433.267,pswpin,907464
1790899434.301,api,0.000
1790899434.301,client,0.000
1790899434.301,enginecore,31.918
1790899434.301,other_total,0.029
1790899434.301,store_0,0.000
1790899434.301,store_1,0.000
1790899434.301,store_2,0.000
1790899434.301,store_3,0.010
1790899434.301,avail_mb,27202
1790899434.301,pswpin,907464
1790899435.336,api,0.000
1790899435.336,client,0.000
1790899435.336,enginecore,31.933
1790899435.336,other_total,0.010
1790899435.336,store_0,0.000
1790899435.336,store_1,0.000
1790899435.336,store_2,0.000
1790899435.336,store_3,0.000
1790899435.336,avail_mb,27193
1790899435.336,pswpin,907464
1790899436.369,api,0.000
1790899436.369,client,0.000
1790899436.369,enginecore,31.952
1790899436.369,other_total,0.039
1790899436.369,store_0,0.000
1790899436.369,store_1,0.000
1790899436.369,store_2,0.000
1790899436.369,store_3,0.000
1790899436.369,avail_mb,27192
1790899436.369,pswpin,907464
1790899437.411,api,0.000
1790899437.411,client,0.000
1790899437.411,enginecore,31.888
1790899437.411,other_total,0.019
1790899437.411,store_0,0.000
1790899437.411,store_1,0.000
1790899437.411,store_2,0.010
1790899437.411,store_3,0.000
1790899437.411,avail_mb,27201
1790899437.411,pswpin,907464
1790899438.437,api,0.000
1790899438.437,client,0.000
1790899438.437,enginecore,31.930
1790899438.437,other_total,0.078
1790899438.437,store_0,0.000
1790899438.437,store_1,0.000
1790899438.437,store_2,0.000
1790899438.437,store_3,0.000
1790899438.437,avail_mb,27201
1790899438.437,pswpin,907464
1790899439.473,api,0.000
1790899439.473,client,0.000
1790899439.473,enginecore,31.962
1790899439.473,other_total,0.010
1790899439.473,store_0,0.000
1790899439.473,store_1,0.000
1790899439.473,store_2,0.000
1790899439.473,store_3,0.000
1790899439.473,avail_mb,27196
1790899439.473,pswpin,907464
1790899440.503,api,0.000
1790899440.503,client,0.000
1790899440.503,enginecore,31.960
1790899440.503,other_total,0.019
1790899440.503,store_0,0.000
1790899440.503,store_1,0.000
1790899440.503,store_2,0.000
1790899440.503,store_3,0.000
1790899440.503,avail_mb,27196
1790899440.503,pswpin,907464
1790899441.536,api,0.000
1790899441.536,client,0.000
1790899441.536,enginecore,31.916
1790899441.536,other_total,0.048
1790899441.536,store_0,0.010
1790899441.536,store_1,0.000
1790899441.536,store_2,0.000
1790899441.536,store_3,0.000
1790899441.536,avail_mb,27199
1790899441.536,pswpin,907464
1790899442.569,api,0.000
1790899442.569,client,0.000
1790899442.569,enginecore,31.934
1790899442.569,other_total,0.058
1790899442.569,store_0,0.000
1790899442.569,store_1,0.000
1790899442.569,store_2,0.000
1790899442.569,store_3,0.000
1790899442.569,avail_mb,27193
1790899442.569,pswpin,907464
1790899443.601,api,0.029
1790899443.601,client,0.000
1790899443.601,enginecore,31.952
1790899443.601,other_total,0.039
1790899443.601,store_0,0.000
1790899443.601,store_1,0.000
1790899443.601,store_2,0.000
1790899443.601,store_3,0.000
1790899443.601,avail_mb,27193
1790899443.601,pswpin,907464
1790899444.630,api,0.010
1790899444.630,client,0.000
1790899444.630,enginecore,31.934
1790899444.630,other_total,0.039
1790899444.630,store_0,0.000
1790899444.630,store_1,0.000
1790899444.630,store_2,0.000
1790899444.630,store_3,0.000
1790899444.630,avail_mb,27188
1790899444.630,pswpin,907464
1790899445.662,api,0.000
1790899445.662,client,0.000
1790899445.662,enginecore,31.919
1790899445.662,other_total,0.010
1790899445.662,store_0,0.000
1790899445.662,store_1,0.000
1790899445.662,store_2,0.010
1790899445.662,store_3,0.000
1790899445.662,avail_mb,27192
1790899445.662,pswpin,907464
1790899446.683,api,0.010
1790899446.683,client,0.000
1790899446.683,enginecore,31.943
1790899446.683,other_total,0.020
1790899446.683,store_0,0.010
1790899446.683,store_1,0.010
1790899446.683,store_2,0.000
1790899446.683,store_3,0.000
1790899446.683,avail_mb,27194
1790899446.683,pswpin,907464
1790899447.712,api,0.000
1790899447.712,client,0.000
1790899447.712,enginecore,31.927
1790899447.712,other_total,0.049
1790899447.712,store_0,0.000
1790899447.712,store_1,0.000
1790899447.712,store_2,0.000
1790899447.712,store_3,0.010
1790899447.712,avail_mb,27196
1790899447.712,pswpin,907464
1790899448.737,api,0.000
1790899448.737,client,0.000
1790899448.737,enginecore,31.926
1790899448.737,other_total,0.039
1790899448.737,store_0,0.000
1790899448.737,store_1,0.000
1790899448.737,store_2,0.000
1790899448.737,store_3,0.000
1790899448.737,avail_mb,27196
1790899448.737,pswpin,907464
1790899449.766,api,0.000
1790899449.766,client,0.000
1790899449.766,enginecore,31.956
1790899449.766,other_total,0.000
1790899449.766,store_0,0.000
1790899449.766,store_1,0.000
1790899449.766,store_2,0.000
1790899449.766,store_3,0.000
1790899449.766,avail_mb,27192
1790899449.766,pswpin,907464
1790899450.780,api,0.000
1790899450.780,client,0.000
1790899450.780,enginecore,31.915
1790899450.780,other_total,0.049
1790899450.780,store_0,0.000
1790899450.780,store_1,0.000
1790899450.780,store_2,0.010
1790899450.780,store_3,0.000
1790899450.780,avail_mb,27192
1790899450.780,pswpin,907464
1790899451.804,api,0.000
1790899451.804,client,0.000
1790899451.804,enginecore,31.921
1790899451.804,other_total,0.049
1790899451.804,store_0,0.000
1790899451.804,store_1,0.010
1790899451.804,store_2,0.000
1790899451.804,store_3,0.010
1790899451.804,avail_mb,27192
1790899451.804,pswpin,907464
1790899452.826,api,0.000
1790899452.826,client,0.000
1790899452.826,enginecore,31.981
1790899452.826,other_total,0.000
1790899452.826,store_0,0.000
1790899452.826,store_1,0.000
1790899452.826,store_2,0.000
1790899452.826,store_3,0.000
1790899452.826,avail_mb,27191
1790899452.826,pswpin,907464
1790899453.841,api,0.000
1790899453.841,client,0.000
1790899453.841,enginecore,31.927
1790899453.841,other_total,0.089
1790899453.841,store_0,0.000
1790899453.841,store_1,0.000
1790899453.841,store_2,0.000
1790899453.841,store_3,0.000
1790899453.841,avail_mb,27190
1790899453.841,pswpin,907464
1790899454.859,api,0.000
1790899454.859,client,0.000
1790899454.859,enginecore,31.939
1790899454.859,other_total,0.010
1790899454.859,store_0,0.000
1790899454.859,store_1,0.000
1790899454.859,store_2,0.000
1790899454.859,store_3,0.000
1790899454.859,avail_mb,27190
1790899454.859,pswpin,907464
1790899455.880,api,0.000
1790899455.880,client,0.000
1790899455.880,enginecore,31.867
1790899455.880,other_total,0.029
1790899455.880,store_0,0.020
1790899455.880,store_1,0.000
1790899455.880,store_2,0.010
1790899455.880,store_3,0.010
1790899455.880,avail_mb,27193
1790899455.880,pswpin,907464
1790899456.913,api,0.000
1790899456.913,client,0.000
1790899456.913,enginecore,31.949
1790899456.913,other_total,0.068
1790899456.913,store_0,0.000
1790899456.913,store_1,0.000
1790899456.913,store_2,0.000
1790899456.913,store_3,0.000
1790899456.913,avail_mb,27190
1790899456.913,pswpin,907464
1790899457.946,api,0.000
1790899457.946,client,0.000
1790899457.946,enginecore,31.943
1790899457.946,other_total,0.010
1790899457.946,store_0,0.000
1790899457.946,store_1,0.010
1790899457.946,store_2,0.000
1790899457.946,store_3,0.000
1790899457.946,avail_mb,27190
1790899457.946,pswpin,907464
1790899458.977,api,0.000
1790899458.977,client,0.000
1790899458.977,enginecore,31.992
1790899458.977,other_total,0.000
1790899458.977,store_0,0.000
1790899458.977,store_1,0.000
1790899458.977,store_2,0.000
1790899458.977,store_3,0.000
1790899458.977,avail_mb,27192
1790899458.977,pswpin,907464
1790899460.010,api,0.000
1790899460.010,client,0.000
1790899460.010,enginecore,31.902
1790899460.010,other_total,0.087
1790899460.010,store_0,0.010
1790899460.010,store_1,0.000
1790899460.010,store_2,0.000
1790899460.010,store_3,0.000
1790899460.010,avail_mb,27182
1790899460.010,pswpin,907464
1790899461.044,api,0.000
1790899461.044,client,0.000
1790899461.044,enginecore,31.988
1790899461.044,other_total,0.010
1790899461.044,store_0,0.000
1790899461.044,store_1,0.000
1790899461.044,store_2,0.000
1790899461.044,store_3,0.000
1790899461.044,avail_mb,27183
1790899461.044,pswpin,907464
1790899462.074,api,0.010
1790899462.074,client,0.000
1790899462.074,enginecore,31.809
1790899462.074,other_total,0.155
1790899462.074,store_0,0.000
1790899462.074,store_1,0.000
1790899462.074,store_2,0.000
1790899462.074,store_3,0.000
1790899462.074,avail_mb,27191
1790899462.074,pswpin,907464
1790899463.101,api,0.000
1790899463.101,client,0.000
1790899463.101,enginecore,31.985
1790899463.101,other_total,0.000
1790899463.101,store_0,0.000
1790899463.101,store_1,0.000
1790899463.101,store_2,0.000
1790899463.101,store_3,0.000
1790899463.101,avail_mb,27187
1790899463.101,pswpin,907464
1790899464.143,api,0.019
1790899464.143,client,0.000
1790899464.143,enginecore,31.936
1790899464.143,other_total,0.000
1790899464.143,store_0,0.000
1790899464.143,store_1,0.000
1790899464.143,store_2,0.000
1790899464.143,store_3,0.000
1790899464.143,avail_mb,27190
1790899464.143,pswpin,907464
1790899465.181,api,0.000
1790899465.181,client,0.000
1790899465.181,enginecore,31.956
1790899465.181,other_total,0.000
1790899465.181,store_0,0.000
1790899465.181,store_1,0.000
1790899465.181,store_2,0.000
1790899465.181,store_3,0.000
1790899465.181,avail_mb,27189
1790899465.181,pswpin,907464
1790899466.199,api,0.079
1790899466.199,client,0.039
1790899466.199,enginecore,31.748
1790899466.199,other_total,0.079
1790899466.199,store_0,0.000
1790899466.199,store_1,0.020
1790899466.199,store_2,0.010
1790899466.199,store_3,0.000
1790899466.199,avail_mb,27194
1790899466.199,pswpin,907464
1790899467.230,api,0.087
1790899467.230,client,0.039
1790899467.230,enginecore,31.350
1790899467.230,other_total,0.029
1790899467.230,store_0,0.010
1790899467.230,store_1,0.010
1790899467.230,store_2,0.019
1790899467.230,store_3,0.010
1790899467.230,avail_mb,27205
1790899467.230,pswpin,907464
1790899468.266,api,0.000
1790899468.266,client,0.000
1790899468.266,enginecore,31.916
1790899468.266,other_total,0.048
1790899468.266,store_0,0.000
1790899468.266,store_1,0.000
1790899468.266,store_2,0.000
1790899468.266,store_3,0.000
1790899468.266,avail_mb,27204
1790899468.266,pswpin,907464
1790899469.305,api,0.000
1790899469.305,client,0.000
1790899469.305,enginecore,31.934
1790899469.305,other_total,0.019
1790899469.305,store_0,0.000
1790899469.305,store_1,0.000
1790899469.305,store_2,0.000
1790899469.305,store_3,0.000
1790899469.305,avail_mb,27199
1790899469.305,pswpin,907464
1790899470.338,api,0.000
1790899470.338,client,0.000
1790899470.338,enginecore,31.969
1790899470.338,other_total,0.029
1790899470.338,store_0,0.000
1790899470.338,store_1,0.000
1790899470.338,store_2,0.000
1790899470.338,store_3,0.000
1790899470.338,avail_mb,27199
1790899470.338,pswpin,907464
1790899471.358,api,0.000
1790899471.358,client,0.000
1790899471.358,enginecore,31.860
1790899471.358,other_total,0.078
1790899471.358,store_0,0.000
1790899471.358,store_1,0.000
1790899471.358,store_2,0.000
1790899471.358,store_3,0.010
1790899471.358,avail_mb,27202
1790899471.358,pswpin,907464
1790899472.374,api,0.000
1790899472.374,client,0.000
1790899472.374,enginecore,31.911
1790899472.374,other_total,0.000
1790899472.374,store_0,0.010
1790899472.374,store_1,0.000
1790899472.374,store_2,0.010
1790899472.374,store_3,0.000
1790899472.374,avail_mb,27201
1790899472.374,pswpin,907464
1790899473.394,api,0.029
1790899473.394,client,0.000
1790899473.394,enginecore,31.959
1790899473.394,other_total,0.000
1790899473.394,store_0,0.000
1790899473.394,store_1,0.000
1790899473.394,store_2,0.000
1790899473.394,store_3,0.000
1790899473.394,avail_mb,27200
1790899473.394,pswpin,907464
1790899474.427,api,0.000
1790899474.427,client,0.000
1790899474.427,enginecore,31.919
1790899474.427,other_total,0.048
1790899474.427,store_0,0.000
1790899474.427,store_1,0.000
1790899474.427,store_2,0.000
1790899474.427,store_3,0.000
1790899474.427,avail_mb,27199
1790899474.427,pswpin,907464
1790899475.451,api,0.010
1790899475.451,client,0.000
1790899475.451,enginecore,31.933
1790899475.451,other_total,0.020
1790899475.451,store_0,0.000
1790899475.451,store_1,0.000
1790899475.451,store_2,0.000
1790899475.451,store_3,0.000
1790899475.451,avail_mb,27194
1790899475.451,pswpin,907464
1790899476.484,api,0.000
1790899476.484,client,0.000
1790899476.484,enginecore,31.845
1790899476.484,other_total,0.048
1790899476.484,store_0,0.010
1790899476.484,store_1,0.010
1790899476.484,store_2,0.000
1790899476.484,store_3,0.000
1790899476.484,avail_mb,27198
1790899476.484,pswpin,907464
1790899477.513,api,0.000
1790899477.513,client,0.000
1790899477.513,enginecore,31.873
1790899477.513,other_total,0.078
1790899477.513,store_0,0.000
1790899477.513,store_1,0.000
1790899477.513,store_2,0.000
1790899477.513,store_3,0.000
1790899477.513,avail_mb,27196
1790899477.513,pswpin,907464
1790899478.524,api,0.000
1790899478.524,client,0.000
1790899478.524,enginecore,32.009
1790899478.524,other_total,0.000
1790899478.524,store_0,0.000
1790899478.524,store_1,0.000
1790899478.524,store_2,0.000
1790899478.524,store_3,0.000
1790899478.524,avail_mb,27195
1790899478.524,pswpin,907464
1790899479.556,api,0.000
1790899479.556,client,0.000
1790899479.556,enginecore,31.955
1790899479.556,other_total,0.010
1790899479.556,store_0,0.000
1790899479.556,store_1,0.000
1790899479.556,store_2,0.000
1790899479.556,store_3,0.000
1790899479.556,avail_mb,27194
1790899479.556,pswpin,907464
1790899480.584,api,0.039
1790899480.584,client,0.019
1790899480.584,enginecore,31.809
1790899480.584,other_total,0.068
1790899480.584,store_0,0.000
1790899480.584,store_1,0.000
1790899480.584,store_2,0.010
1790899480.584,store_3,0.000
1790899480.584,avail_mb,27197
1790899480.584,pswpin,907464
1790899481.620,api,0.000
1790899481.620,client,0.000
1790899481.620,enginecore,31.868
1790899481.620,other_total,0.068
1790899481.620,store_0,0.000
1790899481.620,store_1,0.000
1790899481.620,store_2,0.000
1790899481.620,store_3,0.010
1790899481.620,avail_mb,27195
1790899481.620,pswpin,907464
1790899482.666,api,0.000
1790899482.666,client,0.000
1790899482.666,enginecore,31.963
1790899482.666,other_total,0.000
1790899482.666,store_0,0.000
1790899482.666,store_1,0.000
1790899482.666,store_2,0.000
1790899482.666,store_3,0.000
1790899482.666,avail_mb,27194
1790899482.666,pswpin,907464
1790899483.698,api,0.029
1790899483.698,client,0.000
1790899483.698,enginecore,31.958
1790899483.698,other_total,0.010
1790899483.698,store_0,0.000
1790899483.698,store_1,0.000
1790899483.698,store_2,0.000
1790899483.698,store_3,0.000
1790899483.698,avail_mb,27193
1790899483.698,pswpin,907464
1790899484.723,api,0.010
1790899484.723,client,0.000
1790899484.723,enginecore,31.896
1790899484.723,other_total,0.078
1790899484.723,store_0,0.010
1790899484.723,store_1,0.000
1790899484.723,store_2,0.000
1790899484.723,store_3,0.000
1790899484.723,avail_mb,27193
1790899484.723,pswpin,907464
1790899485.753,api,0.000
1790899485.753,client,0.000
1790899485.753,enginecore,31.934
1790899485.753,other_total,0.010
1790899485.753,store_0,0.000
1790899485.753,store_1,0.000
1790899485.753,store_2,0.019
1790899485.753,store_3,0.000
1790899485.753,avail_mb,27200
1790899485.753,pswpin,907464
1790899486.792,api,0.000
1790899486.792,client,0.000
1790899486.792,enginecore,31.986
1790899486.792,other_total,0.000
1790899486.792,store_0,0.000
1790899486.792,store_1,0.000
1790899486.792,store_2,0.000
1790899486.792,store_3,0.010
1790899486.792,avail_mb,27202
1790899486.792,pswpin,907464
1790899487.825,api,0.000
1790899487.825,client,0.000
1790899487.825,enginecore,31.912
1790899487.825,other_total,0.087
1790899487.825,store_0,0.000
1790899487.825,store_1,0.000
1790899487.825,store_2,0.000
1790899487.825,store_3,0.000
1790899487.825,avail_mb,27199
1790899487.825,pswpin,907464
1790899488.863,api,0.000
1790899488.863,client,0.000
1790899488.863,enginecore,31.955
1790899488.863,other_total,0.029
1790899488.863,store_0,0.019
1790899488.863,store_1,0.000
1790899488.863,store_2,0.000
1790899488.863,store_3,0.000
1790899488.863,avail_mb,27203
1790899488.863,pswpin,907464
1790899489.886,api,0.000
1790899489.886,client,0.000
1790899489.886,enginecore,31.915
1790899489.886,other_total,0.020
1790899489.886,store_0,0.000
1790899489.886,store_1,0.010
1790899489.886,store_2,0.010
1790899489.886,store_3,0.000
1790899489.886,avail_mb,27206
1790899489.886,pswpin,907464
1790899490.919,api,0.000
1790899490.919,client,0.000
1790899490.919,enginecore,31.896
1790899490.919,other_total,0.048
1790899490.919,store_0,0.000
1790899490.919,store_1,0.000
1790899490.919,store_2,0.000
1790899490.919,store_3,0.000
1790899490.919,avail_mb,27212
1790899490.919,pswpin,907464
1790899491.952,api,0.000
1790899491.952,client,0.000
1790899491.952,enginecore,31.901
1790899491.952,other_total,0.010
1790899491.952,store_0,0.000
1790899491.952,store_1,0.000
1790899491.952,store_2,0.000
1790899491.952,store_3,0.000
1790899491.952,avail_mb,27210
1790899491.952,pswpin,907464
1790899492.984,api,0.000
1790899492.984,client,0.000
1790899492.984,enginecore,31.968
1790899492.984,other_total,0.000
1790899492.984,store_0,0.000
1790899492.984,store_1,0.000
1790899492.984,store_2,0.000
1790899492.984,store_3,0.000
1790899492.984,avail_mb,27209
1790899492.984,pswpin,907464
1790899494.017,api,0.019
1790899494.017,client,0.000
1790899494.017,enginecore,31.846
1790899494.017,other_total,0.068
1790899494.017,store_0,0.000
1790899494.017,store_1,0.000
1790899494.017,store_2,0.000
1790899494.017,store_3,0.000
1790899494.017,avail_mb,27206
1790899494.017,pswpin,907464
1790899495.051,api,0.000
1790899495.051,client,0.000
1790899495.051,enginecore,31.848
1790899495.051,other_total,0.106
1790899495.051,store_0,0.000
1790899495.051,store_1,0.010
1790899495.051,store_2,0.000
1790899495.051,store_3,0.000
1790899495.051,avail_mb,27206
1790899495.051,pswpin,907464
1790899496.084,api,0.000
1790899496.084,client,0.000
1790899496.084,enginecore,32.010
1790899496.084,other_total,0.000
1790899496.084,store_0,0.000
1790899496.084,store_1,0.000
1790899496.084,store_2,0.000
1790899496.084,store_3,0.010
1790899496.084,avail_mb,27206
1790899496.084,pswpin,907465
1790899497.107,api,0.000
1790899497.107,client,0.000
1790899497.107,enginecore,31.919
1790899497.107,other_total,0.049
1790899497.107,store_0,0.000
1790899497.107,store_1,0.000
1790899497.107,store_2,0.000
1790899497.107,store_3,0.000
1790899497.107,avail_mb,27205
1790899497.107,pswpin,907465
1790899498.139,api,0.000
1790899498.139,client,0.000
1790899498.139,enginecore,31.933
1790899498.139,other_total,0.000
1790899498.139,store_0,0.000
1790899498.139,store_1,0.000
1790899498.139,store_2,0.010
1790899498.139,store_3,0.000
1790899498.139,avail_mb,27203
1790899498.139,pswpin,907465
1790899499.173,api,0.000
1790899499.173,client,0.000
1790899499.173,enginecore,31.911
1790899499.173,other_total,0.039
1790899499.173,store_0,0.000
1790899499.173,store_1,0.000
1790899499.173,store_2,0.000
1790899499.173,store_3,0.000
1790899499.173,avail_mb,27202
1790899499.173,pswpin,907465
1790899500.199,api,0.000
1790899500.199,client,0.000
1790899500.199,enginecore,31.918
1790899500.199,other_total,0.068
1790899500.199,store_0,0.000
1790899500.199,store_1,0.010
1790899500.199,store_2,0.000
1790899500.199,store_3,0.000
1790899500.199,avail_mb,27197
1790899500.199,pswpin,907465
1790899501.223,api,0.000
1790899501.223,client,0.000
1790899501.223,enginecore,31.954
1790899501.223,other_total,0.078
1790899501.223,store_0,0.000
1790899501.223,store_1,0.000
1790899501.223,store_2,0.000
1790899501.223,store_3,0.000
1790899501.223,avail_mb,27196
1790899501.223,pswpin,907465
1790899502.245,api,0.000
1790899502.245,client,0.000
1790899502.245,enginecore,31.955
1790899502.245,other_total,0.000
1790899502.245,store_0,0.000
1790899502.245,store_1,0.000
1790899502.245,store_2,0.010
1790899502.245,store_3,0.000
1790899502.245,avail_mb,27194
1790899502.245,pswpin,907465
1790899503.273,api,0.000
1790899503.273,client,0.000
1790899503.273,enginecore,31.907
1790899503.273,other_total,0.049
1790899503.273,store_0,0.010
1790899503.273,store_1,0.000
1790899503.273,store_2,0.000
1790899503.273,store_3,0.000
1790899503.273,avail_mb,27195
1790899503.273,pswpin,907465
1790899504.310,api,0.019
1790899504.310,client,0.000
1790899504.310,enginecore,31.747
1790899504.310,other_total,0.232
1790899504.310,store_0,0.000
1790899504.310,store_1,0.000
1790899504.310,store_2,0.000
1790899504.310,store_3,0.000
1790899504.310,avail_mb,27195
1790899504.310,pswpin,907465
1790899505.336,api,0.000
1790899505.336,client,0.000
1790899505.336,enginecore,32.158
1790899505.336,other_total,0.000
1790899505.336,store_0,0.000
1790899505.336,store_1,0.000
1790899505.336,store_2,0.000
1790899505.336,store_3,0.000
1790899505.336,avail_mb,27194
1790899505.336,pswpin,907465
1790899506.362,api,0.000
1790899506.362,client,0.000
1790899506.362,enginecore,31.924
1790899506.362,other_total,0.078
1790899506.362,store_0,0.000
1790899506.362,store_1,0.000
1790899506.362,store_2,0.000
1790899506.362,store_3,0.010
1790899506.362,avail_mb,27193
1790899506.362,pswpin,907465
1790899507.387,api,0.000
1790899507.387,client,0.000
1790899507.387,enginecore,31.916
1790899507.387,other_total,0.068
1790899507.387,store_0,0.000
1790899507.387,store_1,0.000
1790899507.387,store_2,0.000
1790899507.387,store_3,0.000
1790899507.387,avail_mb,27193
1790899507.387,pswpin,907465
1790899508.408,api,0.000
1790899508.408,client,0.000
1790899508.408,enginecore,32.045
1790899508.408,other_total,0.000
1790899508.408,store_0,0.000
1790899508.408,store_1,0.000
1790899508.408,store_2,0.000
1790899508.408,store_3,0.000
1790899508.408,avail_mb,27193
1790899508.408,pswpin,907465
1790899509.430,api,0.010
1790899509.430,client,0.000
1790899509.430,enginecore,31.929
1790899509.430,other_total,0.069
1790899509.430,store_0,0.000
1790899509.430,store_1,0.000
1790899509.430,store_2,0.000
1790899509.430,store_3,0.000
1790899509.430,avail_mb,27190
1790899509.430,pswpin,907465
1790899510.464,api,0.000
1790899510.464,client,0.000
1790899510.464,enginecore,31.927
1790899510.464,other_total,0.019
1790899510.464,store_0,0.010
1790899510.464,store_1,0.000
1790899510.464,store_2,0.000
1790899510.464,store_3,0.000
1790899510.464,avail_mb,27192
1790899510.464,pswpin,907465
1790899511.495,api,0.000
1790899511.495,client,0.000
1790899511.495,enginecore,31.953
1790899511.495,other_total,0.000
1790899511.495,store_0,0.000
1790899511.495,store_1,0.000
1790899511.495,store_2,0.000
1790899511.495,store_3,0.010
1790899511.495,avail_mb,27194
1790899511.495,pswpin,907465
1790899512.531,api,0.000
1790899512.531,client,0.000
1790899512.531,enginecore,31.929
1790899512.531,other_total,0.048
1790899512.531,store_0,0.000
1790899512.531,store_1,0.000
1790899512.531,store_2,0.000
1790899512.531,store_3,0.000
1790899512.531,avail_mb,27192
1790899512.531,pswpin,907465
1790899513.566,api,0.010
1790899513.566,client,0.000
1790899513.566,enginecore,31.916
1790899513.566,other_total,0.039
1790899513.566,store_0,0.000
1790899513.566,store_1,0.000
1790899513.566,store_2,0.010
1790899513.566,store_3,0.000
1790899513.566,avail_mb,27190
1790899513.566,pswpin,907465
1790899514.600,api,0.000
1790899514.600,client,0.000
1790899514.600,enginecore,31.931
1790899514.600,other_total,0.000
1790899514.600,store_0,0.000
1790899514.600,store_1,0.010
1790899514.600,store_2,0.000
1790899514.600,store_3,0.000
1790899514.600,avail_mb,27193
1790899514.600,pswpin,907465
1790899515.641,api,0.000
1790899515.641,client,0.000
1790899515.641,enginecore,31.879
1790899515.641,other_total,0.077
1790899515.641,store_0,0.000
1790899515.641,store_1,0.000
1790899515.641,store_2,0.000
1790899515.641,store_3,0.000
1790899515.641,avail_mb,27192
1790899515.641,pswpin,907465
1790899516.672,api,0.049
1790899516.672,client,0.029
1790899516.672,enginecore,31.856
1790899516.672,other_total,0.000
1790899516.672,store_0,0.000
1790899516.672,store_1,0.000
1790899516.672,store_2,0.000
1790899516.672,store_3,0.000
1790899516.672,avail_mb,27196
1790899516.672,pswpin,907465
1790899517.708,api,0.000
1790899517.708,client,0.000
1790899517.708,enginecore,31.994
1790899517.708,other_total,0.010
1790899517.708,store_0,0.000
1790899517.708,store_1,0.000
1790899517.708,store_2,0.000
1790899517.708,store_3,0.000
1790899517.708,avail_mb,27196
1790899517.708,pswpin,907465
1790899518.738,api,0.010
1790899518.738,client,0.000
1790899518.738,enginecore,31.923
1790899518.738,other_total,0.058
1790899518.738,store_0,0.000
1790899518.738,store_1,0.000
1790899518.738,store_2,0.010
1790899518.738,store_3,0.000
1790899518.738,avail_mb,27194
1790899518.738,pswpin,907465
1790899519.763,api,0.049
1790899519.763,client,0.020
1790899519.763,enginecore,31.837
1790899519.763,other_total,0.068
1790899519.763,store_0,0.000
1790899519.763,store_1,0.010
1790899519.763,store_2,0.000
1790899519.763,store_3,0.010
1790899519.763,avail_mb,27195
1790899519.763,pswpin,907465
1790899520.796,api,0.000
1790899520.796,client,0.000
1790899520.796,enginecore,31.946
1790899520.796,other_total,0.000
1790899520.796,store_0,0.010
1790899520.796,store_1,0.000
1790899520.796,store_2,0.000
1790899520.796,store_3,0.000
1790899520.796,avail_mb,27194
1790899520.796,pswpin,907465
1790899521.828,api,0.000
1790899521.828,client,0.000
1790899521.828,enginecore,31.952
1790899521.828,other_total,0.039
1790899521.828,store_0,0.000
1790899521.828,store_1,0.000
1790899521.828,store_2,0.010
1790899521.828,store_3,0.000
1790899521.828,avail_mb,27193
1790899521.828,pswpin,907465
1790899522.861,api,0.010
1790899522.861,client,0.000
1790899522.861,enginecore,31.973
1790899522.861,other_total,0.010
1790899522.861,store_0,0.000
1790899522.861,store_1,0.000
1790899522.861,store_2,0.000
1790899522.861,store_3,0.000
1790899522.861,avail_mb,27192
1790899522.861,pswpin,907465
1790899523.892,api,0.010
1790899523.892,client,0.000
1790899523.892,enginecore,31.942
1790899523.892,other_total,0.048
1790899523.892,store_0,0.000
1790899523.892,store_1,0.000
1790899523.892,store_2,0.000
1790899523.892,store_3,0.000
1790899523.892,avail_mb,27192
1790899523.892,pswpin,907465
1790899524.928,api,0.000
1790899524.928,client,0.000
1790899524.928,enginecore,31.900
1790899524.928,other_total,0.058
1790899524.928,store_0,0.010
1790899524.928,store_1,0.010
1790899524.928,store_2,0.000
1790899524.928,store_3,0.000
1790899524.928,avail_mb,27192
1790899524.928,pswpin,907465
1790899525.962,api,0.000
1790899525.962,client,0.000
1790899525.962,enginecore,31.958
1790899525.962,other_total,0.029
1790899525.962,store_0,0.000
1790899525.962,store_1,0.000
1790899525.962,store_2,0.000
1790899525.962,store_3,0.000
1790899525.962,avail_mb,27192
1790899525.962,pswpin,907465
1790899526.994,api,0.000
1790899526.994,client,0.000
1790899526.994,enginecore,31.888
1790899526.994,other_total,0.019
1790899526.994,store_0,0.000
1790899526.994,store_1,0.000
1790899526.994,store_2,0.010
1790899526.994,store_3,0.000
1790899526.994,avail_mb,27191
1790899526.994,pswpin,907465
1790899528.028,api,0.010
1790899528.028,client,0.000
1790899528.028,enginecore,31.915
1790899528.028,other_total,0.000
1790899528.028,store_0,0.000
1790899528.028,store_1,0.000
1790899528.028,store_2,0.000
1790899528.028,store_3,0.000
1790899528.028,avail_mb,27188
1790899528.028,pswpin,907465
1790899529.054,api,0.039
1790899529.054,client,0.019
1790899529.054,enginecore,31.828
1790899529.054,other_total,0.010
1790899529.054,store_0,0.010
1790899529.054,store_1,0.000
1790899529.054,store_2,0.000
1790899529.054,store_3,0.019
1790899529.054,avail_mb,27194
1790899529.054,pswpin,907465
1790899530.088,api,0.000
1790899530.088,client,0.000
1790899530.088,enginecore,31.868
1790899530.088,other_total,0.048
1790899530.088,store_0,0.000
1790899530.088,store_1,0.000
1790899530.088,store_2,0.000
1790899530.088,store_3,0.000
1790899530.088,avail_mb,27191
1790899530.088,pswpin,907465
1790899531.129,api,0.010
1790899531.129,client,0.000
1790899531.129,enginecore,31.926
1790899531.129,other_total,0.000
1790899531.129,store_0,0.000
1790899531.129,store_1,0.000
1790899531.129,store_2,0.000
1790899531.129,store_3,0.000
1790899531.129,avail_mb,27184
1790899531.129,pswpin,907465
1790899532.157,api,0.000
1790899532.157,client,0.000
1790899532.157,enginecore,31.949
1790899532.157,other_total,0.000
1790899532.157,store_0,0.000
1790899532.157,store_1,0.000
1790899532.157,store_2,0.000
1790899532.157,store_3,0.000
1790899532.157,avail_mb,27186
1790899532.157,pswpin,907465
1790899533.186,api,0.000
1790899533.186,client,0.000
1790899533.186,enginecore,31.844
1790899533.186,other_total,0.039
1790899533.186,store_0,0.010
1790899533.186,store_1,0.000
1790899533.186,store_2,0.000
1790899533.186,store_3,0.000
1790899533.186,avail_mb,27190
1790899533.186,pswpin,907465
1790899534.211,api,0.010
1790899534.211,client,0.000
1790899534.211,enginecore,31.898
1790899534.211,other_total,0.029
1790899534.211,store_0,0.000
1790899534.211,store_1,0.020
1790899534.211,store_2,0.000
1790899534.211,store_3,0.000
1790899534.211,avail_mb,27191
1790899534.211,pswpin,907465
1790899535.236,api,0.000
1790899535.236,client,0.000
1790899535.236,enginecore,31.976
1790899535.236,other_total,0.010
1790899535.236,store_0,0.000
1790899535.236,store_1,0.000
1790899535.236,store_2,0.000
1790899535.236,store_3,0.000
1790899535.236,avail_mb,27188
1790899535.236,pswpin,907465
1790899536.270,api,0.000
1790899536.270,client,0.000
1790899536.270,enginecore,31.952
1790899536.270,other_total,0.048
1790899536.270,store_0,0.000
1790899536.270,store_1,0.000
1790899536.270,store_2,0.000
1790899536.270,store_3,0.000
1790899536.270,avail_mb,27187
1790899536.270,pswpin,907465
1790899537.304,api,0.000
1790899537.304,client,0.000
1790899537.304,enginecore,31.922
1790899537.304,other_total,0.048
1790899537.304,store_0,0.000
1790899537.304,store_1,0.000
1790899537.304,store_2,0.000
1790899537.304,store_3,0.000
1790899537.304,avail_mb,27185
1790899537.304,pswpin,907465
1790899538.332,api,0.010
1790899538.332,client,0.000
1790899538.332,enginecore,31.684
1790899538.332,other_total,0.000
1790899538.332,store_0,0.000
1790899538.332,store_1,0.000
1790899538.332,store_2,0.010
1790899538.332,store_3,0.010
1790899538.332,avail_mb,27191
1790899538.332,pswpin,907465
1790899539.358,api,0.010
1790899539.358,client,0.000
1790899539.358,enginecore,32.104
1790899539.358,other_total,0.039
1790899539.358,store_0,0.000
1790899539.358,store_1,0.010
1790899539.358,store_2,0.000
1790899539.358,store_3,0.000
1790899539.358,avail_mb,27194
1790899539.358,pswpin,907465
1790899540.391,api,0.000
1790899540.391,client,0.000
1790899540.391,enginecore,31.947
1790899540.391,other_total,0.029
1790899540.391,store_0,0.000
1790899540.391,store_1,0.000
1790899540.391,store_2,0.000
1790899540.391,store_3,0.000
1790899540.391,avail_mb,27191
1790899540.391,pswpin,907465
1790899541.430,api,0.000
1790899541.430,client,0.000
1790899541.430,enginecore,31.932
1790899541.430,other_total,0.048
1790899541.430,store_0,0.000
1790899541.430,store_1,0.000
1790899541.430,store_2,0.000
1790899541.430,store_3,0.000
1790899541.430,avail_mb,27190
1790899541.430,pswpin,907465
1790899542.460,api,0.000
1790899542.460,client,0.000
1790899542.460,enginecore,31.941
1790899542.460,other_total,0.000
1790899542.460,store_0,0.010
1790899542.460,store_1,0.000
1790899542.460,store_2,0.000
1790899542.460,store_3,0.010
1790899542.460,avail_mb,27194
1790899542.460,pswpin,907465
1790899543.491,api,0.058
1790899543.491,client,0.029
1790899543.491,enginecore,31.824
1790899543.491,other_total,0.068
1790899543.491,store_0,0.000
1790899543.491,store_1,0.000
1790899543.491,store_2,0.019
1790899543.491,store_3,0.000
1790899543.491,avail_mb,27193
1790899543.491,pswpin,907465
1790899544.523,api,0.000
1790899544.523,client,0.000
1790899544.523,enginecore,31.885
1790899544.523,other_total,0.000
1790899544.523,store_0,0.000
1790899544.523,store_1,0.000
1790899544.523,store_2,0.000
1790899544.523,store_3,0.000
1790899544.523,avail_mb,27195
1790899544.523,pswpin,907465
1790899545.553,api,0.000
1790899545.553,client,0.000
1790899545.553,enginecore,31.944
1790899545.553,other_total,0.039
1790899545.553,store_0,0.000
1790899545.553,store_1,0.000
1790899545.553,store_2,0.000
1790899545.553,store_3,0.000
1790899545.553,avail_mb,27192
1790899545.553,pswpin,907465
1790899546.586,api,0.000
1790899546.586,client,0.000
1790899546.586,enginecore,31.894
1790899546.586,other_total,0.078
1790899546.586,store_0,0.000
1790899546.586,store_1,0.000
1790899546.586,store_2,0.000
1790899546.586,store_3,0.000
1790899546.586,avail_mb,27198
1790899546.586,pswpin,907465
1790899547.620,api,0.000
1790899547.620,client,0.000
1790899547.620,enginecore,31.925
1790899547.620,other_total,0.039
1790899547.620,store_0,0.010
1790899547.620,store_1,0.000
1790899547.620,store_2,0.000
1790899547.620,store_3,0.010
1790899547.620,avail_mb,27200
1790899547.620,pswpin,907465
1790899548.647,api,0.000
1790899548.647,client,0.000
1790899548.647,enginecore,31.964
1790899548.647,other_total,0.019
1790899548.647,store_0,0.000
1790899548.647,store_1,0.000
1790899548.647,store_2,0.000
1790899548.647,store_3,0.000
1790899548.647,avail_mb,27199
1790899548.647,pswpin,907465
1790899549.679,api,0.010
1790899549.679,client,0.000
1790899549.679,enginecore,31.952
1790899549.679,other_total,0.039
1790899549.679,store_0,0.000
1790899549.679,store_1,0.010
1790899549.679,store_2,0.000
1790899549.679,store_3,0.000
1790899549.679,avail_mb,27193
1790899549.679,pswpin,907465
1790899550.716,api,0.000
1790899550.716,client,0.000
1790899550.716,enginecore,31.982
1790899550.716,other_total,0.000
1790899550.716,store_0,0.000
1790899550.716,store_1,0.000
1790899550.716,store_2,0.010
1790899550.716,store_3,0.000
1790899550.716,avail_mb,27192
1790899550.716,pswpin,907465
1790899551.737,api,0.000
1790899551.737,client,0.000
1790899551.737,enginecore,31.859
1790899551.737,other_total,0.108
1790899551.737,store_0,0.000
1790899551.737,store_1,0.000
1790899551.737,store_2,0.000
1790899551.737,store_3,0.000
1790899551.737,avail_mb,27192
1790899551.737,pswpin,907465
1790899552.772,api,0.000
1790899552.772,client,0.000
1790899552.772,enginecore,31.966
1790899552.772,other_total,0.000
1790899552.772,store_0,0.000
1790899552.772,store_1,0.000
1790899552.772,store_2,0.000
1790899552.772,store_3,0.000
1790899552.772,avail_mb,27190
1790899552.772,pswpin,907465
1790899553.806,api,0.010
1790899553.806,client,0.000
1790899553.806,enginecore,31.936
1790899553.806,other_total,0.019
1790899553.806,store_0,0.000
1790899553.806,store_1,0.000
1790899553.806,store_2,0.010
1790899553.806,store_3,0.000
1790899553.806,avail_mb,27205
1790899553.806,pswpin,907465
1790899554.838,api,0.019
1790899554.838,client,0.000
1790899554.838,enginecore,31.873
1790899554.838,other_total,0.039
1790899554.838,store_0,0.000
1790899554.838,store_1,0.010
1790899554.838,store_2,0.000
1790899554.838,store_3,0.000
1790899554.838,avail_mb,27203
1790899554.838,pswpin,907465
1790899555.883,api,0.000
1790899555.883,client,0.000
1790899555.883,enginecore,31.952
1790899555.883,other_total,0.029
1790899555.883,store_0,0.000
1790899555.883,store_1,0.000
1790899555.883,store_2,0.000
1790899555.883,store_3,0.010
1790899555.883,avail_mb,27204
1790899555.883,pswpin,907465
1790899556.910,api,0.000
1790899556.910,client,0.000
1790899556.910,enginecore,31.963
1790899556.910,other_total,0.000
1790899556.910,store_0,0.000
1790899556.910,store_1,0.000
1790899556.910,store_2,0.000
1790899556.910,store_3,0.000
1790899556.910,avail_mb,27204
1790899556.910,pswpin,907465
1790899557.944,api,0.000
1790899557.944,client,0.000
1790899557.944,enginecore,31.947
1790899557.944,other_total,0.068
1790899557.944,store_0,0.000
1790899557.944,store_1,0.000
1790899557.944,store_2,0.000
1790899557.944,store_3,0.000
1790899557.944,avail_mb,27203
1790899557.944,pswpin,907465
1790899558.977,api,0.000
1790899558.977,client,0.000
1790899558.977,enginecore,31.935
1790899558.977,other_total,0.058
1790899558.977,store_0,0.000
1790899558.977,store_1,0.000
1790899558.977,store_2,0.000
1790899558.977,store_3,0.000
1790899558.977,avail_mb,27206
1790899558.977,pswpin,907465
1790899559.998,api,0.000
1790899559.998,client,0.000
1790899559.998,enginecore,31.961
1790899559.998,other_total,0.000
1790899559.998,store_0,0.000
1790899559.998,store_1,0.000
1790899559.998,store_2,0.000
1790899559.998,store_3,0.000
1790899559.998,avail_mb,27206
1790899559.998,pswpin,907465
1790899561.019,api,0.000
1790899561.019,client,0.000
1790899561.019,enginecore,31.908
1790899561.019,other_total,0.029
1790899561.019,store_0,0.010
1790899561.019,store_1,0.000
1790899561.019,store_2,0.000
1790899561.019,store_3,0.010
1790899561.019,avail_mb,27205
1790899561.019,pswpin,907465
1790899562.040,api,0.000
1790899562.040,client,0.000
1790899562.040,enginecore,31.955
1790899562.040,other_total,0.029
1790899562.040,store_0,0.000
1790899562.040,store_1,0.000
1790899562.040,store_2,0.000
1790899562.040,store_3,0.000
1790899562.040,avail_mb,27200
1790899562.040,pswpin,907465
1790899563.063,api,0.000
1790899563.063,client,0.000
1790899563.063,enginecore,31.933
1790899563.063,other_total,0.029
1790899563.063,store_0,0.000
1790899563.063,store_1,0.000
1790899563.063,store_2,0.010
1790899563.063,store_3,0.000
1790899563.063,avail_mb,27201
1790899563.063,pswpin,907465
1790899564.098,api,0.010
1790899564.098,client,0.000
1790899564.098,enginecore,31.882
1790899564.098,other_total,0.068
1790899564.098,store_0,0.000
1790899564.098,store_1,0.000
1790899564.098,store_2,0.000
1790899564.098,store_3,0.010
1790899564.098,avail_mb,27199
1790899564.098,pswpin,907465
1790899565.125,api,0.000
1790899565.125,client,0.000
1790899565.125,enginecore,31.926
1790899565.125,other_total,0.019
1790899565.125,store_0,0.000
1790899565.125,store_1,0.000
1790899565.125,store_2,0.000
1790899565.125,store_3,0.000
1790899565.125,avail_mb,27196
1790899565.125,pswpin,907465
1790899566.149,api,0.000
1790899566.149,client,0.000
1790899566.149,enginecore,31.944
1790899566.149,other_total,0.010
1790899566.149,store_0,0.000
1790899566.149,store_1,0.000
1790899566.149,store_2,0.000
1790899566.149,store_3,0.000
1790899566.149,avail_mb,27193
1790899566.149,pswpin,907465
1790899567.184,api,0.000
1790899567.184,client,0.000
1790899567.184,enginecore,31.909
1790899567.184,other_total,0.077
1790899567.184,store_0,0.000
1790899567.184,store_1,0.010
1790899567.184,store_2,0.000
1790899567.184,store_3,0.000
1790899567.184,avail_mb,27198
1790899567.184,pswpin,907465
1790899568.218,api,0.010
1790899568.218,client,0.000
1790899568.218,enginecore,31.929
1790899568.218,other_total,0.019
1790899568.218,store_0,0.000
1790899568.218,store_1,0.000
1790899568.218,store_2,0.010
1790899568.218,store_3,0.000
1790899568.218,avail_mb,27198
1790899568.218,pswpin,907465
1790899569.250,api,0.000
1790899569.250,client,0.000
1790899569.250,enginecore,31.962
1790899569.250,other_total,0.039
1790899569.250,store_0,0.000
1790899569.250,store_1,0.000
1790899569.250,store_2,0.000
1790899569.250,store_3,0.000
1790899569.250,avail_mb,27196
1790899569.250,pswpin,907465
1790899570.277,api,0.010
1790899570.277,client,0.000
1790899570.277,enginecore,31.932
1790899570.277,other_total,0.000
1790899570.277,store_0,0.000
1790899570.277,store_1,0.000
1790899570.277,store_2,0.000
1790899570.277,store_3,0.000
1790899570.277,avail_mb,27194
1790899570.277,pswpin,907465
1790899571.298,api,0.010
1790899571.298,client,0.000
1790899571.298,enginecore,31.927
1790899571.298,other_total,0.000
1790899571.298,store_0,0.010
1790899571.298,store_1,0.000
1790899571.298,store_2,0.000
1790899571.298,store_3,0.000
1790899571.298,avail_mb,27194
1790899571.298,pswpin,907465
1790899572.324,api,0.000
1790899572.324,client,0.000
1790899572.324,enginecore,31.925
1790899572.324,other_total,0.049
1790899572.324,store_0,0.000
1790899572.324,store_1,0.000
1790899572.324,store_2,0.000
1790899572.324,store_3,0.000
1790899572.324,avail_mb,27195
1790899572.324,pswpin,907465
1790899573.346,api,0.000
1790899573.346,client,0.000
1790899573.346,enginecore,31.894
1790899573.346,other_total,0.039
1790899573.346,store_0,0.000
1790899573.346,store_1,0.000
1790899573.346,store_2,0.010
1790899573.346,store_3,0.000
1790899573.346,avail_mb,27202
1790899573.346,pswpin,907465
1790899574.370,api,0.000
1790899574.370,client,0.000
1790899574.370,enginecore,31.926
1790899574.370,other_total,0.020
1790899574.370,store_0,0.010
1790899574.370,store_1,0.000
1790899574.370,store_2,0.000
1790899574.370,store_3,0.000
1790899574.370,avail_mb,27202
1790899574.370,pswpin,907465
1790899575.400,api,0.000
1790899575.400,client,0.000
1790899575.400,enginecore,31.932
1790899575.400,other_total,0.019
1790899575.400,store_0,0.000
1790899575.400,store_1,0.000
1790899575.400,store_2,0.000
1790899575.400,store_3,0.000
1790899575.400,avail_mb,27201
1790899575.400,pswpin,907465
1790899576.436,api,0.000
1790899576.436,client,0.000
1790899576.436,enginecore,31.939
1790899576.436,other_total,0.039
1790899576.436,store_0,0.000
1790899576.436,store_1,0.010
1790899576.436,store_2,0.000
1790899576.436,store_3,0.000
1790899576.436,avail_mb,27198
1790899576.436,pswpin,907465
1790899577.471,api,0.000
1790899577.471,client,0.010
1790899577.471,enginecore,31.900
1790899577.471,other_total,0.029
1790899577.471,store_0,0.000
1790899577.471,store_1,0.000
1790899577.471,store_2,0.000
1790899577.471,store_3,0.010
1790899577.471,avail_mb,27199
1790899577.471,pswpin,907465
1790899578.514,api,0.010
1790899578.514,client,0.000
1790899578.514,enginecore,31.924
1790899578.514,other_total,0.058
1790899578.514,store_0,0.000
1790899578.514,store_1,0.000
1790899578.514,store_2,0.000
1790899578.514,store_3,0.000
1790899578.514,avail_mb,27201
1790899578.514,pswpin,907465
1790899579.549,api,0.010
1790899579.549,client,0.000
1790899579.549,enginecore,31.935
1790899579.549,other_total,0.029
1790899579.549,store_0,0.000
1790899579.549,store_1,0.000
1790899579.549,store_2,0.000
1790899579.549,store_3,0.000
1790899579.549,avail_mb,27193
1790899579.549,pswpin,907465
1790899580.566,api,0.010
1790899580.566,client,0.000
1790899580.566,enginecore,31.892
1790899580.566,other_total,0.000
1790899580.566,store_0,0.000
1790899580.566,store_1,0.010
1790899580.566,store_2,0.000
1790899580.566,store_3,0.000
1790899580.566,avail_mb,27194
1790899580.566,pswpin,907465
1790899581.595,api,0.010
1790899581.595,client,0.000
1790899581.595,enginecore,31.858
1790899581.595,other_total,0.068
1790899581.595,store_0,0.000
1790899581.595,store_1,0.000
1790899581.595,store_2,0.000
1790899581.595,store_3,0.010
1790899581.595,avail_mb,27195
1790899581.595,pswpin,907465
1790899582.612,api,0.000
1790899582.612,client,0.000
1790899582.612,enginecore,31.999
1790899582.612,other_total,0.000
1790899582.612,store_0,0.000
1790899582.612,store_1,0.000
1790899582.612,store_2,0.000
1790899582.612,store_3,0.000
1790899582.612,avail_mb,27192
1790899582.612,pswpin,907465
1790899583.633,api,0.000
1790899583.633,client,0.000
1790899583.633,enginecore,31.864
1790899583.633,other_total,0.049
1790899583.633,store_0,0.010
1790899583.633,store_1,0.000
1790899583.633,store_2,0.000
1790899583.633,store_3,0.000
1790899583.633,avail_mb,27202
1790899583.633,pswpin,907465
1790899584.671,api,0.000
1790899584.671,client,0.000
1790899584.671,enginecore,31.919
1790899584.671,other_total,0.058
1790899584.671,store_0,0.000
1790899584.671,store_1,0.010
1790899584.671,store_2,0.010
1790899584.671,store_3,0.000
1790899584.671,avail_mb,27203
1790899584.671,pswpin,907465
1790899585.692,api,0.000
1790899585.692,client,0.000
1790899585.692,enginecore,31.972
1790899585.692,other_total,0.010
1790899585.692,store_0,0.000
1790899585.692,store_1,0.000
1790899585.692,store_2,0.000
1790899585.692,store_3,0.000
1790899585.692,avail_mb,27196
1790899585.692,pswpin,907465
1790899586.708,api,0.000
1790899586.708,client,0.000
1790899586.708,enginecore,31.932
1790899586.708,other_total,0.000
1790899586.708,store_0,0.000
1790899586.708,store_1,0.000
1790899586.708,store_2,0.000
1790899586.708,store_3,0.000
1790899586.708,avail_mb,27196
1790899586.708,pswpin,907465
1790899587.721,api,0.020
1790899587.721,client,0.010
1790899587.721,enginecore,31.918
1790899587.721,other_total,0.030
1790899587.721,store_0,0.010
1790899587.721,store_1,0.000
1790899587.721,store_2,0.000
1790899587.721,store_3,0.010
1790899587.721,avail_mb,27199
1790899587.721,pswpin,907465
1790899588.755,api,0.000
1790899588.755,client,0.000
1790899588.755,enginecore,31.870
1790899588.755,other_total,0.106
1790899588.755,store_0,0.000
1790899588.755,store_1,0.000
1790899588.755,store_2,0.010
1790899588.755,store_3,0.000
1790899588.755,avail_mb,27194
1790899588.755,pswpin,907465
1790899589.789,api,0.019
1790899589.789,client,0.000
1790899589.789,enginecore,32.027
1790899589.789,other_total,0.000
1790899589.789,store_0,0.000
1790899589.789,store_1,0.010
1790899589.789,store_2,0.000
1790899589.789,store_3,0.000
1790899589.789,avail_mb,27196
1790899589.789,pswpin,907465
1790899590.831,api,0.000
1790899590.831,client,0.000
1790899590.831,enginecore,31.961
1790899590.831,other_total,0.048
1790899590.831,store_0,0.000
1790899590.831,store_1,0.000
1790899590.831,store_2,0.000
1790899590.831,store_3,0.000
1790899590.831,avail_mb,27196
1790899590.831,pswpin,907465
1790899591.872,api,0.010
1790899591.872,client,0.000
1790899591.872,enginecore,31.930
1790899591.872,other_total,0.048
1790899591.872,store_0,0.000
1790899591.872,store_1,0.000
1790899591.872,store_2,0.000
1790899591.872,store_3,0.000
1790899591.872,avail_mb,27194
1790899591.872,pswpin,907466
1790899592.906,api,0.000
1790899592.906,client,0.000
1790899592.906,enginecore,31.912
1790899592.906,other_total,0.048
1790899592.906,store_0,0.000
1790899592.906,store_1,0.000
1790899592.906,store_2,0.000
1790899592.906,store_3,0.000
1790899592.906,avail_mb,27196
1790899592.906,pswpin,907466
1790899593.928,api,0.000
1790899593.928,client,0.000
1790899593.928,enginecore,31.896
1790899593.928,other_total,0.049
1790899593.928,store_0,0.000
1790899593.928,store_1,0.000
1790899593.928,store_2,0.010
1790899593.928,store_3,0.000
1790899593.928,avail_mb,27199
1790899593.928,pswpin,907466
1790899594.953,api,0.000
1790899594.953,client,0.000
1790899594.953,enginecore,31.918
1790899594.953,other_total,0.039
1790899594.953,store_0,0.000
1790899594.953,store_1,0.000
1790899594.953,store_2,0.000
1790899594.953,store_3,0.000
1790899594.953,avail_mb,27194
1790899594.953,pswpin,907466
1790899595.978,api,0.000
1790899595.978,client,0.000
1790899595.978,enginecore,31.956
1790899595.978,other_total,0.000
1790899595.978,store_0,0.000
1790899595.978,store_1,0.000
1790899595.978,store_2,0.000
1790899595.978,store_3,0.000
1790899595.978,avail_mb,27192
1790899595.978,pswpin,907466
1790899597.001,api,0.000
1790899597.001,client,0.000
1790899597.001,enginecore,31.873
1790899597.001,other_total,0.000
1790899597.001,store_0,0.010
1790899597.001,store_1,0.000
1790899597.001,store_2,0.000
1790899597.001,store_3,0.000
1790899597.001,avail_mb,27193
1790899597.001,pswpin,907466
1790899598.038,api,0.010
1790899598.038,client,0.000
1790899598.038,enginecore,31.879
1790899598.038,other_total,0.077
1790899598.038,store_0,0.000
1790899598.038,store_1,0.000
1790899598.038,store_2,0.010
1790899598.038,store_3,0.000
1790899598.038,avail_mb,27193
1790899598.038,pswpin,907466
1790899599.073,api,0.000
1790899599.073,client,0.000
1790899599.073,enginecore,31.917
1790899599.073,other_total,0.010
1790899599.073,store_0,0.000
1790899599.073,store_1,0.010
1790899599.073,store_2,0.000
1790899599.073,store_3,0.010
1790899599.073,avail_mb,27195
1790899599.073,pswpin,907466
1790899600.106,api,0.010
1790899600.106,client,0.000
1790899600.106,enginecore,31.914
1790899600.106,other_total,0.000
1790899600.106,store_0,0.000
1790899600.106,store_1,0.000
1790899600.106,store_2,0.000
1790899600.106,store_3,0.000
1790899600.106,avail_mb,27193
1790899600.106,pswpin,907466
1790899601.139,api,0.019
1790899601.139,client,0.000
1790899601.139,enginecore,31.934
1790899601.139,other_total,0.029
1790899601.139,store_0,0.000
1790899601.139,store_1,0.000
1790899601.139,store_2,0.000
1790899601.139,store_3,0.000
1790899601.139,avail_mb,27191
1790899601.139,pswpin,907466
1790899602.174,api,0.000
1790899602.174,client,0.000
1790899602.174,enginecore,31.932
1790899602.174,other_total,0.019
1790899602.174,store_0,0.010
1790899602.174,store_1,0.000
1790899602.174,store_2,0.000
1790899602.174,store_3,0.000
1790899602.174,avail_mb,27191
1790899602.174,pswpin,907466
1790899603.193,api,0.010
1790899603.193,client,0.000
1790899603.193,enginecore,31.857
1790899603.193,other_total,0.108
1790899603.193,store_0,0.000
1790899603.193,store_1,0.000
1790899603.193,store_2,0.000
1790899603.193,store_3,0.000
1790899603.193,avail_mb,27190
1790899603.193,pswpin,907466
1790899604.215,api,0.000
1790899604.215,client,0.000
1790899604.215,enginecore,31.899
1790899604.215,other_total,0.029
1790899604.215,store_0,0.000
1790899604.215,store_1,0.010
1790899604.215,store_2,0.000
1790899604.215,store_3,0.010
1790899604.215,avail_mb,27194
1790899604.215,pswpin,907466
1790899605.249,api,0.000
1790899605.249,client,0.000
1790899605.249,enginecore,31.958
1790899605.249,other_total,0.010
1790899605.249,store_0,0.000
1790899605.249,store_1,0.000
1790899605.249,store_2,0.000
1790899605.249,store_3,0.000
1790899605.249,avail_mb,27194
1790899605.249,pswpin,907466
1790899606.291,api,0.000
1790899606.291,client,0.000
1790899606.291,enginecore,31.896
1790899606.291,other_total,0.000
1790899606.291,store_0,0.010
1790899606.291,store_1,0.000
1790899606.291,store_2,0.000
1790899606.291,store_3,0.000
1790899606.291,avail_mb,27194
1790899606.291,pswpin,907466
1790899607.325,api,0.000
1790899607.325,client,0.000
1790899607.325,enginecore,31.898
1790899607.325,other_total,0.097
1790899607.325,store_0,0.000
1790899607.325,store_1,0.000
1790899607.325,store_2,0.000
1790899607.325,store_3,0.000
1790899607.325,avail_mb,27189
1790899607.325,pswpin,907466
1790899608.347,api,0.010
1790899608.347,client,0.000
1790899608.347,enginecore,31.895
1790899608.347,other_total,0.000
1790899608.347,store_0,0.000
1790899608.347,store_1,0.000
1790899608.347,store_2,0.010
1790899608.347,store_3,0.000
1790899608.347,avail_mb,27191
1790899608.347,pswpin,907466
1790899609.375,api,0.000
1790899609.375,client,0.000
1790899609.375,enginecore,31.925
1790899609.375,other_total,0.000
1790899609.375,store_0,0.000
1790899609.375,store_1,0.010
1790899609.375,store_2,0.000
1790899609.375,store_3,0.010
1790899609.375,avail_mb,27194
1790899609.375,pswpin,907466
1790899610.397,api,0.000
1790899610.397,client,0.000
1790899610.397,enginecore,31.908
1790899610.397,other_total,0.059
1790899610.397,store_0,0.010
1790899610.397,store_1,0.000
1790899610.397,store_2,0.000
1790899610.397,store_3,0.000
1790899610.397,avail_mb,27189
1790899610.397,pswpin,907466
1790899611.422,api,0.010
1790899611.422,client,0.000
1790899611.422,enginecore,31.982
1790899611.422,other_total,0.010
1790899611.422,store_0,0.000
1790899611.422,store_1,0.000
1790899611.422,store_2,0.000
1790899611.422,store_3,0.000
1790899611.422,avail_mb,27190
1790899611.422,pswpin,907466
1790899612.446,api,0.010
1790899612.446,client,0.000
1790899612.446,enginecore,31.936
1790899612.446,other_total,0.010
1790899612.446,store_0,0.000
1790899612.446,store_1,0.000
1790899612.446,store_2,0.010
1790899612.446,store_3,0.000
1790899612.446,avail_mb,27194
1790899612.446,pswpin,907466
1790899613.481,api,0.010
1790899613.481,client,0.010
1790899613.481,enginecore,31.928
1790899613.481,other_total,0.058
1790899613.481,store_0,0.000
1790899613.481,store_1,0.000
1790899613.481,store_2,0.000
1790899613.481,store_3,0.000
1790899613.481,avail_mb,27192
1790899613.481,pswpin,907466
1790899614.513,api,0.000
1790899614.513,client,0.010
1790899614.513,enginecore,31.940
1790899614.513,other_total,0.039
1790899614.513,store_0,0.000
1790899614.513,store_1,0.000
1790899614.513,store_2,0.000
1790899614.513,store_3,0.000
1790899614.513,avail_mb,27189
1790899614.513,pswpin,907466
1790899615.548,api,0.000
1790899615.548,client,0.000
1790899615.548,enginecore,31.935
1790899615.548,other_total,0.039
1790899615.548,store_0,0.000
1790899615.548,store_1,0.000
1790899615.548,store_2,0.010
1790899615.548,store_3,0.000
1790899615.548,avail_mb,27194
1790899615.548,pswpin,907466
1790899616.585,api,0.000
1790899616.585,client,0.000
1790899616.585,enginecore,31.944
1790899616.585,other_total,0.029
1790899616.585,store_0,0.000
1790899616.585,store_1,0.000
1790899616.585,store_2,0.000
1790899616.585,store_3,0.000
1790899616.585,avail_mb,27189
1790899616.585,pswpin,907466
1790899617.611,api,0.000
1790899617.611,client,0.000
1790899617.611,enginecore,31.964
1790899617.611,other_total,0.010
1790899617.611,store_0,0.000
1790899617.611,store_1,0.010
1790899617.611,store_2,0.000
1790899617.611,store_3,0.000
1790899617.611,avail_mb,27186
1790899617.611,pswpin,907466
1790899618.639,api,0.000
1790899618.639,client,0.000
1790899618.639,enginecore,31.938
1790899618.639,other_total,0.029
1790899618.639,store_0,0.000
1790899618.639,store_1,0.000
1790899618.639,store_2,0.000
1790899618.639,store_3,0.000
1790899618.639,avail_mb,27187
1790899618.639,pswpin,907466
1790899619.669,api,0.010
1790899619.669,client,0.000
1790899619.669,enginecore,31.869
1790899619.669,other_total,0.068
1790899619.669,store_0,0.010
1790899619.669,store_1,0.000
1790899619.669,store_2,0.000
1790899619.669,store_3,0.000
1790899619.669,avail_mb,27196
1790899619.669,pswpin,907466
1790899620.712,api,0.000
1790899620.712,client,0.000
1790899620.712,enginecore,31.917
1790899620.712,other_total,0.067
1790899620.712,store_0,0.000
1790899620.712,store_1,0.000
1790899620.712,store_2,0.000
1790899620.712,store_3,0.010
1790899620.712,avail_mb,27198
1790899620.712,pswpin,907466
1790899621.743,api,0.000
1790899621.743,client,0.000
1790899621.743,enginecore,31.909
1790899621.743,other_total,0.000
1790899621.743,store_0,0.000
1790899621.743,store_1,0.000
1790899621.743,store_2,0.000
1790899621.743,store_3,0.000
1790899621.743,avail_mb,27195
1790899621.743,pswpin,907466
1790899622.775,api,0.010
1790899622.775,client,0.000
1790899622.775,enginecore,31.880
1790899622.775,other_total,0.029
1790899622.775,store_0,0.000
1790899622.775,store_1,0.000
1790899622.775,store_2,0.000
1790899622.775,store_3,0.000
1790899622.775,avail_mb,27192
1790899622.775,pswpin,907466
1790899623.813,api,0.019
1790899623.813,client,0.000
1790899623.813,enginecore,31.837
1790899623.813,other_total,0.039
1790899623.813,store_0,0.000
1790899623.813,store_1,0.010
1790899623.813,store_2,0.000
1790899623.813,store_3,0.010
1790899623.813,avail_mb,27209
1790899623.813,pswpin,907466
1790899624.838,api,0.000
1790899624.838,client,0.010
1790899624.838,enginecore,31.957
1790899624.838,other_total,0.000
1790899624.838,store_0,0.000
1790899624.838,store_1,0.000
1790899624.838,store_2,0.000
1790899624.838,store_3,0.000
1790899624.838,avail_mb,27205
1790899624.838,pswpin,907466
1790899625.872,api,0.010
1790899625.872,client,0.010
1790899625.872,enginecore,31.859
1790899625.872,other_total,0.087
1790899625.872,store_0,0.010
1790899625.872,store_1,0.000
1790899625.872,store_2,0.010
1790899625.872,store_3,0.000
1790899625.872,avail_mb,27210
1790899625.872,pswpin,907466
1790899626.887,api,0.000
1790899626.887,client,0.000
1790899626.887,enginecore,31.978
1790899626.887,other_total,0.000
1790899626.887,store_0,0.000
1790899626.887,store_1,0.000
1790899626.887,store_2,0.000
1790899626.887,store_3,0.000
1790899626.887,avail_mb,27259
1790899626.887,pswpin,907466
1790899627.909,api,0.000
1790899627.909,client,0.000
1790899627.909,enginecore,31.858
1790899627.909,other_total,0.000
1790899627.909,store_0,0.000
1790899627.909,store_1,0.000
1790899627.909,store_2,0.000
1790899627.909,store_3,0.010
1790899627.909,avail_mb,27267
1790899627.909,pswpin,907466
1790899628.930,api,0.010
1790899628.930,client,0.000
1790899628.930,enginecore,31.865
1790899628.930,other_total,0.078
1790899628.930,store_0,0.000
1790899628.930,store_1,0.000
1790899628.930,store_2,0.000
1790899628.930,store_3,0.000
1790899628.930,avail_mb,27261
1790899628.930,pswpin,907466
1790899629.956,api,0.000
1790899629.956,client,0.000
1790899629.956,enginecore,31.865
1790899629.956,other_total,0.000
1790899629.956,store_0,0.000
1790899629.956,store_1,0.010
1790899629.956,store_2,0.010
1790899629.956,store_3,0.000
1790899629.956,avail_mb,27268
1790899629.956,pswpin,907466
1790899630.972,api,0.000
1790899630.972,client,0.000
1790899630.972,enginecore,31.964
1790899630.972,other_total,0.000
1790899630.972,store_0,0.000
1790899630.972,store_1,0.000
1790899630.972,store_2,0.000
1790899630.972,store_3,0.000
1790899630.972,avail_mb,27267
1790899630.972,pswpin,907466
1790899631.995,api,0.010
1790899631.995,client,0.000
1790899631.995,enginecore,31.899
1790899631.995,other_total,0.098
1790899631.995,store_0,0.000
1790899631.995,store_1,0.000
1790899631.995,store_2,0.000
1790899631.995,store_3,0.000
1790899631.995,avail_mb,27317
1790899631.995,pswpin,907466
1790899633.019,api,0.000
1790899633.019,client,0.000
1790899633.019,enginecore,31.911
1790899633.019,other_total,0.000
1790899633.019,store_0,0.000
1790899633.019,store_1,0.000
1790899633.019,store_2,0.000
1790899633.019,store_3,0.000
1790899633.019,avail_mb,27320
1790899633.019,pswpin,907466
1790899634.042,api,0.010
1790899634.042,client,0.010
1790899634.042,enginecore,31.931
1790899634.042,other_total,0.000
1790899634.042,store_0,0.000
1790899634.042,store_1,0.000
1790899634.042,store_2,0.000
1790899634.042,store_3,0.000
1790899634.042,avail_mb,27320
1790899634.042,pswpin,907466
1790899635.056,api,0.000
1790899635.056,client,0.000
1790899635.056,enginecore,31.806
1790899635.056,other_total,0.059
1790899635.056,store_0,0.010
1790899635.056,store_1,0.020
1790899635.056,store_2,0.000
1790899635.056,store_3,0.000
1790899635.056,avail_mb,27381
1790899635.056,pswpin,907466
1790899636.079,api,0.000
1790899636.079,client,0.000
1790899636.079,enginecore,31.936
1790899636.079,other_total,0.059
1790899636.079,store_0,0.000
1790899636.079,store_1,0.000
1790899636.079,store_2,0.000
1790899636.079,store_3,0.000
1790899636.079,avail_mb,27381
1790899636.079,pswpin,907466
1790899637.108,api,0.010
1790899637.108,client,0.000
1790899637.108,enginecore,31.975
1790899637.108,other_total,0.000
1790899637.108,store_0,0.000
1790899637.108,store_1,0.000
1790899637.108,store_2,0.000
1790899637.108,store_3,0.000
1790899637.108,avail_mb,27379
1790899637.108,pswpin,907466
1790899638.118,api,0.000
1790899638.118,enginecore,26.835
1790899638.118,other_total,0.079
1790899638.118,store_0,0.030
1790899638.118,store_1,0.050
1790899638.118,store_2,0.000
1790899638.118,store_3,0.000
1790899638.118,avail_mb,27449
1790899638.118,pswpin,907466
1790899639.129,api,0.000
1790899639.129,enginecore,0.020
1790899639.129,other_total,0.000
1790899639.129,store_0,0.000
1790899639.129,store_1,0.000
1790899639.129,store_2,0.000
1790899639.129,store_3,0.000
1790899639.129,avail_mb,27448
1790899639.129,pswpin,907466
1790899640.139,api,0.000
1790899640.139,enginecore,0.010
1790899640.139,other_total,0.040
1790899640.139,store_0,0.000
1790899640.139,store_1,0.000
1790899640.139,store_2,0.000
1790899640.139,store_3,0.000
1790899640.139,avail_mb,27439
1790899640.139,pswpin,907466
1790899641.150,api,0.010
1790899641.150,enginecore,0.030
1790899641.150,other_total,0.010
1790899641.150,store_0,0.000
1790899641.150,store_1,0.000
1790899641.150,store_2,0.000
1790899641.150,store_3,0.000
1790899641.150,avail_mb,27434
1790899641.150,pswpin,907466
1790899642.160,api,0.000
1790899642.160,enginecore,0.010
1790899642.160,other_total,0.010
1790899642.160,store_0,0.000
1790899642.160,store_1,0.000
1790899642.160,store_2,0.000
1790899642.160,store_3,0.000
1790899642.160,avail_mb,27433
1790899642.160,pswpin,907466
1790899643.170,api,0.000
1790899643.170,enginecore,0.030
1790899643.170,other_total,0.000
1790899643.170,store_0,0.000
1790899643.170,store_1,0.000
1790899643.170,store_2,0.000
1790899643.170,store_3,0.000
1790899643.170,avail_mb,27433
1790899643.170,pswpin,907466
