ts,step,dt_ms,tok_per_s,loss,peak_gib
1787726942.249,1,203.4,5036,12.2742,1.50
1787726942.309,2,59.4,17225,12.3155,1.52
1787726942.372,3,62.8,16306,12.1459,1.52
1787726942.414,4,41.9,24426,12.1306,1.52
1787726942.435,5,20.0,51181,12.0367,1.52
1787726942.458,6,22.8,44853,12.1122,1.52
1787726942.526,7,67.6,15155,12.0317,1.52
1787726942.593,8,67.5,15173,11.9970,1.52
1787726942.632,9,38.7,26477,11.8880,1.52
1787726942.652,10,19.8,51757,11.7904,1.52
1787726942.698,11,45.4,22546,11.8511,1.52
1787726942.768,12,69.5,14731,11.7530,1.52
1787726942.832,13,64.4,15910,11.7047,1.52
1787726942.852,14,19.5,52413,11.6995,1.52
1787726942.884,15,31.7,32300,11.6074,1.52
1787726942.936,16,51.2,20010,11.5426,1.52
1787726942.961,17,24.9,41090,11.5843,1.52
1787726942.975,18,14.6,70341,11.5258,1.52
1787726942.990,19,14.5,70567,11.4827,1.52
1787726943.005,20,14.5,70447,11.4553,1.52
1787726943.019,21,14.5,70608,11.4344,1.52
1787726943.034,22,14.5,70383,11.4437,1.52
1787726943.049,23,14.5,70512,11.3724,1.52
1787726943.063,24,14.5,70536,11.3931,1.52
1787726943.078,25,14.5,70548,11.3687,1.52
1787726943.093,26,14.5,70490,11.2771,1.52
1787726943.107,27,14.5,70498,11.2997,1.52
1787726943.122,28,14.5,70577,11.3176,1.52
1787726943.136,29,14.5,70564,11.2406,1.52
1787726943.151,30,14.5,70445,11.2391,1.52
1787726943.166,31,14.5,70653,11.1647,1.52
1787726943.180,32,14.5,70541,11.1556,1.52
1787726943.195,33,14.5,70572,11.1731,1.52
1787726943.210,34,14.5,70523,11.1959,1.52
1787726943.224,35,14.5,70585,11.1570,1.52
1787726943.239,36,14.5,70400,11.1004,1.52
1787726943.253,37,14.5,70512,11.1755,1.52
1787726943.268,38,14.5,70495,11.1573,1.52
1787726943.283,39,14.5,70578,11.1074,1.52
1787726943.297,40,14.5,70567,11.1281,1.52
1787726943.312,41,14.5,70572,11.1437,1.52
1787726943.327,42,14.5,70438,11.1063,1.52
1787726943.341,43,14.5,70453,11.1026,1.52
1787726943.356,44,14.5,70443,11.1276,1.52
1787726943.370,45,14.5,70553,11.1296,1.52
1787726943.385,46,14.5,70438,11.0874,1.52
1787726943.400,47,14.5,70676,11.0559,1.52
1787726943.414,48,14.5,70508,11.0622,1.52
1787726943.429,49,14.5,70626,11.0385,1.52
1787726943.444,50,14.5,70542,11.0570,1.52
1787726943.458,51,14.5,70615,11.1044,1.52
1787726943.473,52,14.5,70560,11.0766,1.52
1787726943.487,53,14.5,70603,11.0614,1.52
1787726943.502,54,14.5,70588,11.0358,1.52
1787726943.517,55,14.5,70472,11.0636,1.52
1787726943.531,56,14.5,70600,11.0520,1.52
1787726943.546,57,14.5,70506,11.0447,1.52
1787726943.561,58,14.5,70486,11.0595,1.52
1787726943.575,59,14.5,70564,11.0250,1.52
1787726943.590,60,14.5,70393,11.0067,1.52
1787726943.605,61,14.6,70364,11.0409,1.52
1787726943.619,62,14.5,70461,11.0094,1.52
1787726943.634,63,14.5,70486,11.0392,1.52
1787726943.648,64,14.5,70422,11.0632,1.52
1787726943.663,65,14.5,70528,11.0013,1.52
1787726943.678,66,14.6,70369,11.0344,1.52
1787726943.692,67,14.5,70545,11.0080,1.52
1787726943.707,68,14.5,70461,11.0130,1.52
1787726943.722,69,14.5,70471,10.9999,1.52
1787726943.736,70,14.5,70416,10.9778,1.52
1787726943.751,71,14.5,70446,11.0373,1.52
1787726943.766,72,14.5,70474,10.9806,1.52
1787726943.780,73,14.5,70508,10.9598,1.52
1787726943.795,74,14.5,70474,11.0107,1.52
1787726943.810,75,14.5,70560,10.9850,1.52
1787726943.824,76,14.5,70589,11.0152,1.52
1787726943.839,77,14.5,70461,10.9701,1.52
1787726943.853,78,14.5,70468,10.9935,1.52
1787726943.868,79,14.5,70404,10.9950,1.52
1787726943.883,80,14.5,70511,10.9778,1.52
1787726943.897,81,14.5,70534,11.0028,1.52
1787726943.912,82,14.5,70570,11.0106,1.52
1787726943.927,83,14.5,70508,10.9853,1.52
1787726943.941,84,14.5,70541,11.0267,1.52
1787726943.956,85,14.5,70424,11.0055,1.52
1787726943.971,86,14.5,70481,10.9843,1.52
1787726943.985,87,14.5,70484,10.9952,1.52
1787726944.000,88,14.6,70354,10.9714,1.52
1787726944.015,89,14.5,70438,10.9984,1.52
1787726944.029,90,14.5,70575,10.9924,1.52
1787726944.044,91,14.5,70494,10.9725,1.52
1787726944.058,92,14.5,70414,10.9859,1.52
1787726944.073,93,14.5,70525,10.9906,1.52
1787726944.088,94,14.5,70562,10.9629,1.52
1787726944.103,95,14.8,69247,11.0159,1.52
1787726944.117,96,14.5,70540,10.9772,1.52
1787726944.132,97,14.5,70574,10.9934,1.52
1787726944.147,98,14.5,70409,11.0014,1.52
1787726944.161,99,14.5,70548,10.9967,1.52
1787726944.176,100,14.6,70349,11.0013,1.52
1787726944.192,101,15.2,67229,10.9984,1.52
1787726944.207,102,15.3,66963,11.0061,1.52
1787726944.222,103,15.0,68442,11.0076,1.52
1787726944.237,104,15.0,68092,11.0048,1.52
1787726944.253,105,15.3,67069,10.9839,1.52
1787726944.268,106,15.1,67777,10.9710,1.52
1787726944.284,107,15.2,67261,10.9776,1.52
1787726944.299,108,14.9,68704,10.9911,1.52
1787726944.314,109,15.2,67581,10.9627,1.52
1787726944.330,110,15.2,67167,10.9602,1.52
1787726944.345,111,15.2,67299,10.9886,1.52
1787726944.361,112,15.1,67933,11.0238,1.52
1787726944.376,113,15.1,67797,10.9860,1.52
1787726944.391,114,14.7,69503,11.0104,1.52
1787726944.405,115,14.6,70314,11.0148,1.52
1787726944.420,116,14.5,70407,11.0249,1.52
1787726944.435,117,14.6,70333,11.0096,1.52
1787726944.449,118,14.5,70459,11.0108,1.52
1787726944.464,119,14.5,70398,10.9942,1.52
1787726944.479,120,14.5,70417,10.9823,1.52
1787726944.493,121,14.5,70514,11.0132,1.52
1787726944.508,122,14.5,70483,11.0004,1.52
1787726944.523,123,14.5,70493,10.9673,1.52
1787726944.537,124,14.5,70459,10.9883,1.52
1787726944.552,125,14.5,70493,11.0078,1.52
1787726944.567,126,14.5,70434,10.9832,1.52
1787726944.581,127,14.5,70501,10.9966,1.52
1787726944.596,128,14.5,70600,10.9828,1.52
1787726944.611,129,14.5,70612,10.9947,1.52
1787726944.625,130,14.5,70454,10.9894,1.52
1787726944.640,131,14.5,70460,11.0103,1.52
1787726944.654,132,14.5,70504,10.9872,1.52
1787726944.669,133,14.5,70552,11.0252,1.52
1787726944.684,134,14.5,70512,10.9973,1.52
1787726944.698,135,14.5,70605,10.9652,1.52
1787726944.713,136,14.6,70203,11.0052,1.52
1787726944.728,137,14.5,70474,11.0137,1.52
1787726944.742,138,14.5,70436,11.0090,1.52
1787726944.757,139,14.6,70329,11.0062,1.52
1787726944.772,140,14.5,70488,10.9974,1.52
1787726944.786,141,14.5,70424,11.0549,1.52
1787726944.801,142,14.5,70445,10.9637,1.52
1787726944.816,143,14.5,70615,11.0018,1.52
1787726944.830,144,14.5,70438,11.0028,1.52
1787726944.845,145,14.5,70514,10.9838,1.52
1787726944.859,146,14.5,70405,11.0039,1.52
1787726944.874,147,14.5,70453,11.0284,1.52
1787726944.889,148,14.5,70568,11.0002,1.52
1787726944.903,149,14.5,70613,11.0089,1.52
1787726944.918,150,14.5,70465,11.0014,1.52
1787726944.933,151,14.5,70525,10.9818,1.52
1787726944.947,152,14.5,70625,11.0233,1.52
1787726944.962,153,14.5,70514,11.0260,1.52
1787726944.977,154,14.5,70456,10.9921,1.52
1787726944.991,155,14.6,70353,11.0228,1.52
1787726945.006,156,14.5,70450,11.0149,1.52
1787726945.020,157,14.5,70488,11.0129,1.52
1787726945.035,158,14.5,70449,11.0024,1.52
1787726945.050,159,14.5,70423,10.9877,1.52
1787726945.064,160,14.6,70354,10.9846,1.52
1787726945.079,161,14.5,70482,11.0185,1.52
1787726945.094,162,14.5,70475,11.0175,1.52
1787726945.108,163,14.5,70475,11.0044,1.52
1787726945.123,164,14.5,70479,11.0158,1.52
1787726945.138,165,14.5,70422,11.0061,1.52
1787726945.152,166,14.5,70574,10.9841,1.52
1787726945.167,167,14.5,70513,11.0144,1.52
1787726945.182,168,14.5,70436,11.0012,1.52
1787726945.196,169,14.5,70548,11.0447,1.52
1787726945.211,170,14.5,70430,10.9626,1.52
1787726945.225,171,14.5,70456,10.9719,1.52
1787726945.240,172,14.5,70423,11.0044,1.52
1787726945.255,173,14.5,70498,11.0116,1.52
1787726945.269,174,14.5,70557,10.9876,1.52
1787726945.284,175,14.5,70498,10.9852,1.52
1787726945.299,176,14.5,70437,10.9888,1.52
1787726945.313,177,14.5,70454,10.9863,1.52
1787726945.328,178,14.5,70542,11.0223,1.52
1787726945.343,179,14.5,70502,11.0356,1.52
1787726945.357,180,14.5,70503,11.0211,1.52
1787726945.372,181,14.5,70481,11.0243,1.52
1787726945.386,182,14.5,70516,11.0037,1.52
1787726945.401,183,14.5,70654,10.9968,1.52
1787726945.416,184,14.5,70431,11.0095,1.52
1787726945.431,185,14.8,69371,10.9610,1.52
1787726945.446,186,14.7,69841,11.0192,1.52
1787726945.462,187,16.4,62513,11.0073,1.52
1787726945.478,188,15.7,65224,10.9860,1.52
1787726945.494,189,15.4,66627,10.9806,1.52
1787726945.510,190,15.8,64888,10.9629,1.52
1787726945.526,191,15.7,65429,10.9900,1.52
1787726945.542,192,16.4,62287,11.0282,1.52
1787726945.559,193,16.4,62307,11.0376,1.52
1787726945.576,194,16.4,62339,11.0020,1.52
1787726945.592,195,15.5,66062,11.0117,1.52
1787726945.608,196,16.0,63813,10.9857,1.52
1787726945.624,197,16.3,62812,11.0166,1.52
1787726945.640,198,15.0,68350,10.9975,1.52
1787726945.655,199,15.5,66060,10.9867,1.52
1787726945.671,200,15.8,64845,11.0202,1.52
1787726945.691,201,18.8,54373,11.0121,1.52
1787726945.710,202,19.3,53166,10.9834,1.52
1787726945.728,203,17.4,58934,11.0268,1.52
1787726945.745,204,17.0,60131,10.9841,1.52
1787726945.762,205,17.0,60130,10.9833,1.52
1787726945.780,206,17.1,59862,11.0068,1.52
1787726945.797,207,17.1,59773,10.9855,1.52
1787726945.814,208,16.9,60417,11.0050,1.52
1787726945.831,209,17.1,60037,10.9896,1.52
1787726945.854,210,22.2,46066,10.9782,1.52
1787726945.899,211,44.9,22815,11.0024,1.52
1787726945.949,212,49.0,20914,11.0170,1.52
1787726945.964,213,15.0,68287,10.9757,1.52
1787726945.979,214,14.5,70449,10.9979,1.52
1787726945.993,215,14.5,70430,10.9932,1.52
1787726946.008,216,14.6,70370,11.0044,1.52
1787726946.023,217,14.5,70461,10.9753,1.52
1787726946.037,218,14.6,70346,10.9906,1.52
1787726946.052,219,14.5,70468,11.0157,1.52
1787726946.067,220,14.5,70454,10.9851,1.52
1787726946.081,221,14.5,70410,11.0284,1.52
1787726946.096,222,14.5,70420,10.9968,1.52
1787726946.111,223,14.5,70584,10.9880,1.52
1787726946.125,224,14.5,70618,10.9800,1.52
1787726946.140,225,14.5,70489,10.9813,1.52
1787726946.154,226,14.5,70541,11.0039,1.52
1787726946.169,227,14.5,70457,10.9949,1.52
1787726946.184,228,14.6,70365,10.9841,1.52
1787726946.198,229,14.5,70684,11.0073,1.52
1787726946.213,230,14.5,70553,10.9764,1.52
1787726946.228,231,14.5,70425,11.0073,1.52
1787726946.242,232,14.5,70669,10.9760,1.52
1787726946.257,233,14.5,70539,10.9535,1.52
1787726946.272,234,14.8,69135,10.9482,1.52
1787726946.286,235,14.5,70599,11.0257,1.52
1787726946.301,236,14.5,70480,10.9874,1.52
1787726946.316,237,14.8,69284,10.9701,1.52
1787726946.331,238,14.5,70402,11.0162,1.52
1787726946.345,239,14.5,70506,10.9586,1.52
1787726946.360,240,14.5,70491,11.0156,1.52
1787726946.374,241,14.5,70569,11.0011,1.52
1787726946.389,242,14.5,70466,10.9585,1.52
1787726946.404,243,14.5,70473,10.9839,1.52
1787726946.418,244,14.5,70467,10.9582,1.52
1787726946.433,245,14.5,70506,10.9853,1.52
1787726946.448,246,14.5,70608,11.0059,1.52
1787726946.462,247,14.5,70434,10.9793,1.52
1787726946.477,248,14.6,70223,11.0122,1.52
1787726946.492,249,14.5,70462,10.9974,1.52
1787726946.506,250,14.6,70263,10.9855,1.52
1787726946.521,251,14.5,70521,10.9589,1.52
1787726946.536,252,14.5,70490,11.0148,1.52
1787726946.553,253,16.7,61389,11.0015,1.52
1787726946.570,254,16.9,60449,10.9896,1.52
1787726946.586,255,16.1,63752,10.9759,1.52
1787726946.605,256,18.2,56322,10.9697,1.52
1787726946.622,257,16.8,60892,10.9771,1.52
1787726946.639,258,16.4,62399,11.0101,1.52
1787726946.655,259,16.3,62906,10.9985,1.52
1787726946.674,260,18.2,56333,11.0081,1.52
1787726946.692,261,17.9,57276,10.9919,1.52
1787726946.710,262,17.9,57298,10.9956,1.52
1787726946.728,263,17.8,57592,10.9923,1.52
1787726946.746,264,18.0,56901,10.9964,1.52
1787726946.765,265,17.9,57167,10.9656,1.52
1787726946.783,266,17.7,57967,10.9769,1.52
1787726946.801,267,18.3,56031,10.9830,1.52
1787726946.820,268,18.6,54960,10.9896,1.52
1787726946.838,269,17.6,58316,10.9576,1.52
1787726946.853,270,14.7,69740,10.9669,1.52
1787726946.868,271,14.5,70380,10.9708,1.52
1787726946.884,272,15.9,64605,10.9950,1.52
1787726946.900,273,15.5,65951,11.0072,1.52
1787726946.915,274,15.4,66319,10.9957,1.52
1787726946.932,275,16.2,63156,10.9885,1.52
1787726946.949,276,17.3,59102,10.9978,1.52
1787726946.967,277,17.3,59347,10.9543,1.52
1787726946.984,278,17.2,59434,10.9617,1.52
1787726947.002,279,17.2,59666,10.9752,1.52
1787726947.019,280,17.3,59027,10.9719,1.52
1787726947.037,281,17.2,59475,10.9826,1.52
1787726947.054,282,17.4,59010,10.9966,1.52
1787726947.072,283,17.3,59091,10.9815,1.52
1787726947.088,284,16.2,63392,10.9701,1.52
1787726947.131,285,42.3,24216,10.9929,1.52
1787726947.195,286,63.8,16043,10.9691,1.52
1787726947.256,287,61.8,16582,10.9963,1.52
1787726947.275,288,18.8,54398,10.9765,1.52
1787726947.306,289,30.9,33164,10.9761,1.52
1787726947.375,290,67.8,15101,10.9955,1.52
1787726947.440,291,65.1,15718,10.9897,1.52
1787726947.475,292,34.8,29460,10.9644,1.52
1787726947.495,293,20.1,50956,10.9745,1.52
1787726947.568,294,72.3,14159,11.0145,1.52
1787726947.641,295,73.2,13992,10.9781,1.52
1787726947.687,296,45.2,22670,10.9910,1.52
1787726947.707,297,19.8,51804,10.9571,1.52
1787726947.732,298,25.0,40917,10.9606,1.52
1787726947.759,299,26.4,38787,10.9670,1.52
1787726947.793,300,34.3,29846,10.9647,1.52
1787726947.838,301,43.8,23377,10.9998,1.52
1787726947.859,302,21.2,48316,10.9973,1.52
1787726947.874,303,15.0,68428,10.9531,1.52
1787726947.889,304,14.6,70180,10.9799,1.52
1787726947.904,305,14.5,70582,10.9770,1.52
1787726947.918,306,14.5,70399,10.9544,1.52
1787726947.933,307,14.5,70471,10.9892,1.52
1787726947.948,308,14.6,70365,10.9761,1.52
1787726947.962,309,14.5,70617,10.9770,1.52
1787726947.977,310,14.5,70405,10.9681,1.52
1787726947.992,311,14.6,70242,10.9894,1.52
1787726948.006,312,14.5,70453,11.0020,1.52
1787726948.021,313,14.5,70503,10.9588,1.52
1787726948.036,314,14.6,70367,10.9775,1.52
1787726948.050,315,14.5,70422,10.9878,1.52
1787726948.065,316,14.5,70383,11.0047,1.52
1787726948.080,317,14.5,70446,11.0000,1.52
1787726948.094,318,14.6,70327,10.9694,1.52
1787726948.109,319,14.5,70576,10.9750,1.52
1787726948.123,320,14.5,70487,10.9681,1.52
1787726948.138,321,14.5,70542,10.9634,1.52
1787726948.153,322,14.5,70473,10.9768,1.52
1787726948.167,323,14.5,70456,10.9788,1.52
1787726948.182,324,14.5,70382,10.9845,1.52
1787726948.197,325,14.5,70488,10.9908,1.52
1787726948.211,326,14.5,70409,10.9593,1.52
1787726948.226,327,14.5,70469,10.9789,1.52
1787726948.241,328,14.5,70488,10.9451,1.52
1787726948.255,329,14.5,70491,10.9872,1.52
1787726948.270,330,14.5,70491,10.9754,1.52
1787726948.285,331,14.5,70607,11.0070,1.52
1787726948.299,332,14.5,70439,10.9731,1.52
1787726948.314,333,14.5,70530,10.9970,1.52
1787726948.328,334,14.5,70477,10.9854,1.52
1787726948.343,335,14.5,70386,10.9801,1.52
1787726948.358,336,14.5,70399,10.9616,1.52
1787726948.372,337,14.5,70608,11.0073,1.52
1787726948.387,338,14.5,70502,10.9499,1.52
1787726948.402,339,14.5,70422,10.9915,1.52
1787726948.416,340,14.5,70434,10.9885,1.52
1787726948.431,341,14.5,70438,11.0037,1.52
1787726948.446,342,14.5,70494,10.9874,1.52
1787726948.460,343,14.5,70404,10.9933,1.52
1787726948.475,344,14.6,70292,11.0076,1.52
1787726948.490,345,14.5,70534,10.9949,1.52
1787726948.504,346,14.5,70454,10.9885,1.52
1787726948.519,347,14.5,70505,10.9741,1.52
1787726948.534,348,14.5,70592,10.9889,1.52
1787726948.548,349,14.5,70596,10.9790,1.52
1787726948.563,350,14.5,70568,11.0128,1.52
1787726948.577,351,14.5,70524,10.9455,1.52
1787726948.633,352,55.6,18420,10.9838,1.52
1787726948.698,353,64.1,15967,10.9615,1.52
1787726948.744,354,45.4,22568,10.9861,1.52
1787726948.765,355,20.5,49982,10.9836,1.52
1787726948.803,356,38.2,26821,10.9685,1.52
1787726948.870,357,66.4,15422,10.9511,1.52
1787726948.938,358,67.4,15188,10.9883,1.52
1787726948.960,359,22.0,46628,10.9964,1.52
1787726948.980,360,20.0,51156,10.9764,1.52
1787726949.040,361,59.6,17186,10.9857,1.52
1787726949.113,362,72.2,14182,10.9728,1.52
1787726949.170,363,56.5,18129,10.9848,1.52
1787726949.190,364,20.3,50341,10.9524,1.52
1787726949.214,365,23.4,43852,10.9624,1.52
1787726949.253,366,37.8,27076,10.9840,1.52
1787726949.305,367,51.8,19758,10.9708,1.52
1787726949.326,368,21.3,48091,10.9828,1.52
1787726949.342,369,15.3,67091,10.9595,1.52
1787726949.358,370,15.5,66061,10.9726,1.52
1787726949.373,371,15.1,67795,10.9624,1.52
1787726949.388,372,14.6,69964,10.9790,1.52
1787726949.402,373,14.5,70400,10.9730,1.52
1787726949.417,374,14.5,70474,10.9650,1.52
1787726949.432,375,14.5,70471,10.9712,1.52
1787726949.446,376,14.5,70462,10.9554,1.52
1787726949.461,377,14.6,70368,10.9639,1.52
1787726949.476,378,14.6,70325,10.9435,1.52
1787726949.490,379,14.5,70494,11.0071,1.52
1787726949.505,380,14.5,70459,10.9794,1.52
1787726949.520,381,14.5,70456,10.9574,1.52
1787726949.534,382,14.5,70382,10.9710,1.52
1787726949.549,383,14.5,70541,10.9968,1.52
1787726949.564,384,14.5,70471,10.9719,1.52
1787726949.578,385,14.5,70517,10.9739,1.52
1787726949.593,386,14.5,70508,10.9552,1.52
1787726949.608,387,14.5,70472,10.9816,1.52
1787726949.622,388,14.5,70425,10.9681,1.52
1787726949.637,389,14.5,70432,10.9548,1.52
1787726949.651,390,14.5,70610,10.9318,1.52
1787726949.666,391,14.6,70372,10.9724,1.52
1787726949.681,392,14.5,70435,10.9930,1.52
1787726949.695,393,14.5,70546,10.9711,1.52
1787726949.710,394,14.5,70417,10.9749,1.52
1787726949.725,395,14.5,70528,10.9757,1.52
1787726949.739,396,14.5,70456,11.0324,1.52
1787726949.754,397,14.5,70383,10.9708,1.52
1787726949.769,398,14.5,70564,11.0003,1.52
1787726949.783,399,14.5,70660,11.0274,1.52
1787726949.798,400,14.6,70285,10.9792,1.52
1787726949.813,401,14.5,70511,10.9559,1.52
1787726949.827,402,14.5,70437,10.9757,1.52
1787726949.842,403,14.5,70518,10.9988,1.52
1787726949.857,404,14.5,70449,10.9817,1.52
1787726949.871,405,14.5,70488,10.9723,1.52
1787726949.886,406,14.6,70375,10.9571,1.52
1787726949.901,407,14.6,70346,10.9890,1.52
1787726949.915,408,14.5,70488,10.9832,1.52
1787726949.930,409,14.6,70296,10.9931,1.52
1787726949.993,410,62.6,16370,10.9860,1.52
1787726950.059,411,66.1,15488,10.9615,1.52
1787726950.097,412,37.4,27355,10.9690,1.52
1787726950.117,413,20.2,50758,10.9587,1.52
1787726950.162,414,44.0,23278,10.9747,1.52
1787726950.230,415,68.0,15051,10.9793,1.52
1787726950.294,416,63.9,16021,10.9909,1.52
1787726950.315,417,20.2,50788,10.9595,1.52
1787726950.335,418,20.1,50849,11.0058,1.52
1787726950.404,419,68.5,14952,10.9493,1.52
1787726950.475,420,70.6,14514,10.9601,1.52
1787726950.525,421,49.2,20829,10.9945,1.52
1787726950.545,422,20.0,51218,10.9458,1.52
1787726950.569,423,24.3,42220,10.9555,1.52
1787726950.612,424,42.7,23985,10.9631,1.52
1787726950.664,425,51.0,20061,10.9775,1.52
1787726950.680,426,15.4,66321,11.0034,1.52
1787726950.696,427,15.7,65194,10.9605,1.52
1787726950.711,428,15.0,68385,11.0023,1.52
1787726950.725,429,14.6,69929,10.9784,1.52
1787726950.740,430,14.6,70368,10.9552,1.52
1787726950.755,431,14.5,70390,10.9573,1.52
1787726950.769,432,14.5,70414,10.9903,1.52
1787726950.784,433,14.5,70481,10.9824,1.52
1787726950.799,434,14.5,70465,10.9695,1.52
1787726950.813,435,14.5,70491,10.9889,1.52
1787726950.828,436,14.5,70401,11.0000,1.52
1787726950.843,437,14.5,70395,10.9554,1.52
1787726950.857,438,14.5,70397,10.9862,1.52
1787726950.872,439,14.5,70427,10.9538,1.52
1787726950.887,440,14.5,70387,10.9863,1.52
1787726950.901,441,14.5,70440,10.9858,1.52
1787726950.916,442,14.5,70620,10.9723,1.52
1787726950.931,443,14.5,70513,10.9671,1.52
1787726950.945,444,14.5,70431,10.9759,1.52
1787726950.960,445,14.5,70514,10.9702,1.52
1787726950.975,446,14.5,70402,10.9376,1.52
1787726950.989,447,14.5,70553,10.9471,1.52
1787726951.004,448,14.5,70414,10.9946,1.52
1787726951.018,449,14.5,70644,10.9712,1.52
1787726951.033,450,14.6,70285,10.9941,1.52
1787726951.048,451,14.5,70387,10.9866,1.52
1787726951.062,452,14.5,70483,10.9820,1.52
1787726951.077,453,14.5,70443,10.9714,1.52
1787726951.092,454,14.5,70592,10.9931,1.52
1787726951.106,455,14.5,70496,10.9666,1.52
1787726951.121,456,14.5,70469,10.9592,1.52
1787726951.136,457,14.5,70524,10.9928,1.52
1787726951.150,458,14.5,70516,10.9859,1.52
1787726951.165,459,14.5,70528,10.9648,1.52
1787726951.179,460,14.5,70509,10.9597,1.52
1787726951.194,461,14.5,70581,10.9631,1.52
1787726951.209,462,14.5,70440,10.9579,1.52
1787726951.223,463,14.5,70484,10.9720,1.52
1787726951.238,464,14.5,70607,10.9825,1.52
1787726951.253,465,14.5,70481,10.9797,1.52
1787726951.267,466,14.5,70541,10.9800,1.52
1787726951.282,467,14.5,70530,10.9603,1.52
1787726951.297,468,14.5,70555,10.9462,1.52
1787726951.311,469,14.5,70601,11.0084,1.52
1787726951.326,470,14.5,70565,10.9803,1.52
1787726951.340,471,14.5,70647,10.9453,1.52
1787726951.355,472,14.5,70461,10.9499,1.52
1787726951.370,473,14.5,70528,10.9601,1.52
1787726951.384,474,14.5,70378,10.9520,1.52
1787726951.399,475,14.5,70601,10.9955,1.52
1787726951.413,476,14.5,70555,10.9699,1.52
1787726951.428,477,14.6,70279,10.9523,1.52
1787726951.468,478,39.7,25800,10.9724,1.52
1787726951.535,479,66.2,15474,10.9761,1.52
1787726951.592,480,56.6,18083,10.9614,1.52
1787726951.613,481,20.5,49863,10.9865,1.52
1787726951.638,482,24.5,41824,10.9931,1.52
1787726951.704,483,66.1,15490,10.9648,1.52
1787726951.773,484,68.1,15030,10.9520,1.52
1787726951.810,485,37.4,27401,10.9484,1.52
1787726951.831,486,20.3,50533,10.9871,1.52
1787726951.876,487,44.5,23020,10.9627,1.52
1787726951.947,488,70.4,14538,10.9632,1.52
1787726952.019,489,72.1,14209,10.9809,1.52
1787726952.039,490,20.0,51220,10.9534,1.52
1787726952.060,491,20.5,50063,10.9769,1.52
1787726952.088,492,27.7,36974,10.9419,1.52
1787726952.141,493,52.7,19441,10.9871,1.52
1787726952.177,494,35.0,29238,10.9517,1.52
1787726952.192,495,15.2,67208,10.9535,1.52
1787726952.207,496,14.8,69295,10.9921,1.52
1787726952.222,497,14.9,68867,10.9578,1.52
1787726952.237,498,14.6,70012,10.9815,1.52
1787726952.252,499,14.6,70295,10.9490,1.52
1787726952.266,500,14.6,70333,10.9430,1.52
1787726952.281,501,14.5,70511,10.9719,1.52
1787726952.296,502,14.5,70464,10.9684,1.52
1787726952.310,503,14.5,70385,10.9739,1.52
1787726952.325,504,14.5,70489,10.9803,1.52
1787726952.340,505,14.5,70471,10.9624,1.52
1787726952.354,506,14.5,70577,10.9921,1.52
1787726952.369,507,14.5,70559,10.9870,1.52
1787726952.383,508,14.5,70420,10.9703,1.52
1787726952.398,509,14.5,70506,10.9757,1.52
1787726952.413,510,14.5,70511,10.9664,1.52
1787726952.427,511,14.5,70570,10.9572,1.52
1787726952.442,512,14.5,70536,10.9462,1.52
1787726952.457,513,14.5,70536,10.9598,1.52
1787726952.471,514,14.5,70520,10.9848,1.52
1787726952.486,515,14.5,70502,10.9312,1.52
1787726952.500,516,14.5,70523,10.9781,1.52
1787726952.515,517,14.5,70520,10.9670,1.52
1787726952.530,518,14.5,70583,10.9430,1.52
1787726952.544,519,14.5,70678,10.9660,1.52
1787726952.559,520,14.5,70435,10.9413,1.52
1787726952.574,521,14.5,70532,10.9764,1.52
1787726952.588,522,14.5,70561,10.9648,1.52
1787726952.603,523,14.5,70590,10.9860,1.52
1787726952.617,524,14.5,70604,10.9694,1.52
1787726952.632,525,14.5,70539,10.9719,1.52
1787726952.647,526,14.5,70435,10.9710,1.52
1787726952.661,527,14.5,70704,10.9988,1.52
1787726952.676,528,14.5,70534,10.9644,1.52
1787726952.691,529,14.5,70571,10.9842,1.52
1787726952.705,530,14.5,70598,10.9684,1.52
1787726952.720,531,14.6,70186,10.9573,1.52
1787726952.735,532,14.5,70490,10.9533,1.52
1787726952.749,533,14.3,71455,10.9397,1.52
1787726952.763,534,13.9,73882,10.9621,1.52
1787726952.777,535,13.9,73928,10.9872,1.52
1787726952.791,536,13.9,73863,10.9630,1.52
1787726952.805,537,13.9,73914,10.9716,1.52
1787726952.819,538,13.9,73910,10.9987,1.52
1787726952.833,539,13.9,73873,10.9872,1.52
1787726952.847,540,13.9,73933,10.9550,1.52
1787726952.861,541,13.9,73839,10.9305,1.52
1787726952.875,542,13.9,73928,10.9783,1.52
1787726952.889,543,13.9,73859,10.9436,1.52
1787726952.903,544,13.8,73970,10.9718,1.52
1787726952.917,545,13.8,73954,10.9916,1.52
1787726952.931,546,13.9,73916,10.9628,1.52
1787726952.944,547,13.9,73917,10.9413,1.52
1787726952.958,548,13.9,73770,10.9554,1.52
1787726952.972,549,13.9,73863,10.9732,1.52
1787726952.986,550,13.8,73963,10.9752,1.52
1787726953.000,551,13.9,73760,10.9585,1.52
1787726953.014,552,13.9,73742,10.9768,1.52
1787726953.028,553,13.8,73964,10.9815,1.52
1787726953.042,554,13.9,73847,10.9557,1.52
1787726953.056,555,13.9,73752,10.9495,1.52
1787726953.070,556,13.9,73912,10.9629,1.52
1787726953.084,557,13.9,73745,10.9845,1.52
1787726953.098,558,13.9,73928,10.9895,1.52
1787726953.112,559,13.8,73989,10.9653,1.52
1787726953.126,560,13.8,73972,10.9649,1.52
1787726953.140,561,13.9,73811,10.9506,1.52
1787726953.154,562,13.9,73814,10.9776,1.52
1787726953.168,563,13.9,73776,10.9615,1.52
1787726953.182,564,13.8,73985,10.9749,1.52
1787726953.196,565,13.9,73854,10.9769,1.52
1787726953.210,566,13.9,73831,10.9627,1.52
1787726953.224,567,13.9,73858,10.9848,1.52
1787726953.238,568,13.8,73950,10.9936,1.52
1787726953.252,569,13.9,73860,10.9699,1.52
1787726953.266,570,13.8,73947,10.9451,1.52
1787726953.280,571,13.8,73976,10.9742,1.52
1787726953.294,572,13.9,73872,10.9612,1.52
1787726953.308,573,13.8,73995,10.9662,1.52
1787726953.322,574,13.8,73948,10.9457,1.52
1787726953.336,575,13.9,73926,10.9823,1.52
1787726953.350,576,13.9,73888,10.9963,1.52
1787726953.364,577,13.9,73878,10.9677,1.52
1787726953.378,578,13.9,73808,10.9796,1.52
1787726953.391,579,13.8,73998,10.9887,1.52
1787726953.405,580,13.9,73920,10.9617,1.52
1787726953.419,581,13.9,73888,10.9531,1.52
1787726953.433,582,13.9,73836,10.9954,1.52
1787726953.447,583,13.8,73972,10.9497,1.52
1787726953.461,584,13.9,73897,10.9587,1.52
1787726953.475,585,13.9,73676,10.9384,1.52
1787726953.489,586,13.9,73769,10.9852,1.52
1787726953.503,587,13.8,73978,10.9517,1.52
1787726953.517,588,13.8,73971,10.9625,1.52
1787726953.531,589,13.9,73827,10.9976,1.52
1787726953.545,590,13.8,74032,10.9810,1.52
1787726953.559,591,13.8,74000,10.9381,1.52
1787726953.573,592,13.9,73771,10.9969,1.52
1787726953.587,593,13.9,73697,10.9287,1.52
1787726953.601,594,13.9,73859,10.9771,1.52
1787726953.615,595,13.9,73741,10.9709,1.52
1787726953.629,596,13.9,73836,10.9881,1.52
1787726953.643,597,13.9,73822,10.9718,1.52
1787726953.657,598,13.9,73922,10.9479,1.52
1787726953.671,599,13.8,73952,10.9664,1.52
1787726953.685,600,13.8,73961,10.9843,1.52
1787726953.699,601,13.9,73818,10.9569,1.52
1787726953.713,602,13.9,73673,10.9817,1.52
1787726953.727,603,13.8,74019,10.9691,1.52
1787726953.741,604,13.8,73958,10.9551,1.52
1787726953.755,605,13.8,73949,10.9230,1.52
1787726953.769,606,13.9,73770,10.9445,1.52
1787726953.783,607,13.8,74023,10.9690,1.52
1787726953.797,608,13.9,73887,10.9817,1.52
1787726953.811,609,13.9,73891,10.9545,1.52
1787726953.825,610,13.9,73920,10.9598,1.52
1787726953.839,611,13.9,73906,10.9317,1.52
1787726953.853,612,13.9,73915,10.9711,1.52
1787726953.866,613,13.8,73950,10.9732,1.52
1787726953.880,614,13.8,73944,10.9829,1.52
1787726953.894,615,13.8,73989,10.9681,1.52
1787726953.908,616,13.9,73693,10.9840,1.52
1787726953.922,617,13.8,74041,10.9699,1.52
1787726953.936,618,13.9,73785,10.9510,1.52
1787726953.950,619,13.8,73939,10.9765,1.52
1787726953.964,620,13.9,73919,10.9324,1.52
1787726953.978,621,13.9,73768,10.9665,1.52
1787726953.992,622,13.9,73717,10.9585,1.52
1787726954.006,623,13.8,73952,10.9564,1.52
1787726954.020,624,13.9,73820,10.9696,1.52
1787726954.034,625,13.9,73921,10.9874,1.52
1787726954.048,626,13.9,73750,10.9451,1.52
1787726954.062,627,13.9,73861,10.9676,1.52
1787726954.076,628,13.9,73806,10.9310,1.52
1787726954.090,629,13.8,73943,10.9532,1.52
1787726954.104,630,13.9,73863,10.9504,1.52
1787726954.118,631,13.8,73998,10.9623,1.52
1787726954.132,632,13.8,73963,10.9897,1.52
1787726954.146,633,13.9,73866,10.9430,1.52
1787726954.160,634,13.9,73812,10.9563,1.52
1787726954.174,635,13.8,73980,10.9397,1.52
1787726954.188,636,13.9,73762,10.9494,1.52
1787726954.202,637,13.9,73906,10.9889,1.52
1787726954.216,638,13.9,73855,10.9640,1.52
1787726954.230,639,13.8,73980,10.9680,1.52
1787726954.244,640,13.9,73910,10.9616,1.52
1787726954.258,641,13.9,73915,10.9895,1.52
1787726954.272,642,13.9,73839,10.9684,1.52
1787726954.285,643,13.9,73917,10.9691,1.52
1787726954.300,644,13.9,73717,10.9502,1.52
1787726954.313,645,13.9,73865,10.9665,1.52
1787726954.327,646,13.9,73930,10.9446,1.52
1787726954.341,647,13.9,73842,10.9690,1.52
1787726954.355,648,13.9,73788,10.9574,1.52
1787726954.369,649,13.9,73816,10.9235,1.52
1787726954.383,650,13.8,73936,10.9597,1.52
1787726954.397,651,13.8,74050,10.9598,1.52
1787726954.411,652,13.9,73817,10.9586,1.52
1787726954.425,653,13.9,73917,10.9372,1.52
1787726954.439,654,13.9,73821,10.9664,1.52
1787726954.453,655,13.9,73726,10.9594,1.52
1787726954.467,656,13.9,73436,11.0037,1.52
1787726954.481,657,13.9,73931,10.9702,1.52
1787726954.495,658,13.8,73985,10.9240,1.52
1787726954.509,659,13.8,74033,10.9688,1.52
1787726954.523,660,13.9,73794,10.9500,1.52
1787726954.537,661,13.9,73856,10.9538,1.52
1787726954.551,662,13.8,74005,10.9828,1.52
1787726954.565,663,13.8,73971,10.9900,1.52
1787726954.579,664,13.8,74036,10.9740,1.52
1787726954.593,665,13.8,73943,10.9759,1.52
1787726954.607,666,13.8,74137,10.9791,1.52
1787726954.621,667,13.8,73939,10.9423,1.52
1787726954.635,668,13.9,73779,10.9626,1.52
1787726954.649,669,13.9,73879,10.9759,1.52
1787726954.663,670,13.8,73950,10.9466,1.52
1787726954.677,671,13.8,73971,10.9459,1.52
1787726954.691,672,13.8,73986,10.9384,1.52
1787726954.705,673,13.9,73827,10.9513,1.52
1787726954.719,674,13.9,73557,10.9828,1.52
1787726954.733,675,13.9,73766,10.9565,1.52
1787726954.747,676,13.9,73868,10.9716,1.52
1787726954.761,677,13.9,73849,10.9766,1.52
1787726954.775,678,13.9,73845,10.9648,1.52
1787726954.788,679,13.8,74114,10.9623,1.52
1787726954.802,680,13.9,73842,10.9677,1.52
1787726954.816,681,13.9,73898,10.9545,1.52
1787726954.830,682,13.9,73749,10.9902,1.52
1787726954.844,683,13.9,73835,10.9577,1.52
1787726954.858,684,13.9,73757,10.9440,1.52
1787726954.872,685,13.9,73897,10.9595,1.52
1787726954.886,686,13.8,73954,11.0000,1.52
1787726954.900,687,13.9,73816,10.9425,1.52
1787726954.914,688,13.9,73914,10.9627,1.52
1787726954.928,689,13.9,73818,10.9843,1.52
1787726954.942,690,13.8,74035,10.9697,1.52
1787726954.956,691,13.9,73692,10.9821,1.52
1787726954.970,692,13.9,73934,10.9285,1.52
1787726954.984,693,13.9,73757,10.9684,1.52
1787726954.998,694,13.9,73741,10.9354,1.52
1787726955.012,695,13.8,73977,10.9704,1.52
1787726955.026,696,13.9,73900,10.9666,1.52
1787726955.040,697,13.9,73934,10.9623,1.52
1787726955.054,698,13.9,73905,10.9764,1.52
1787726955.068,699,13.8,73980,10.9460,1.52
1787726955.082,700,13.8,74044,10.9738,1.52
1787726955.096,701,13.9,73921,10.9760,1.52
1787726955.110,702,13.9,73866,11.0095,1.52
1787726955.124,703,13.9,73799,10.9807,1.52
1787726955.138,704,13.8,73943,10.9816,1.52
1787726955.152,705,13.9,73906,10.9655,1.52
1787726955.166,706,13.9,73931,10.9578,1.52
1787726955.180,707,13.9,73922,10.9855,1.52
1787726955.194,708,13.9,73821,10.9644,1.52
1787726955.208,709,13.8,74046,10.9705,1.52
1787726955.221,710,13.9,73912,10.9430,1.52
1787726955.235,711,13.9,73861,10.9799,1.52
1787726955.249,712,13.8,73935,10.9978,1.52
1787726955.263,713,13.9,73908,10.9669,1.52
1787726955.277,714,13.9,73877,10.9634,1.52
1787726955.291,715,13.9,73859,10.9619,1.52
1787726955.305,716,13.9,73925,10.9393,1.52
1787726955.319,717,13.9,73831,10.9511,1.52
1787726955.333,718,13.9,73830,10.9531,1.52
1787726955.347,719,13.9,73844,10.9692,1.52
1787726955.361,720,13.9,73827,10.9712,1.52
1787726955.375,721,13.9,73755,10.9600,1.52
1787726955.389,722,13.8,73953,10.9463,1.52
1787726955.403,723,13.9,73785,10.9491,1.52
1787726955.417,724,13.9,73716,10.9817,1.52
1787726955.431,725,13.9,73718,10.9818,1.52
1787726955.445,726,14.1,72702,10.9847,1.52
1787726955.459,727,13.9,73636,10.9800,1.52
1787726955.473,728,13.9,73883,10.9612,1.52
1787726955.487,729,13.9,73842,10.9407,1.52
1787726955.501,730,13.8,73970,10.9795,1.52
1787726955.515,731,13.9,73929,10.9718,1.52
1787726955.529,732,13.9,73900,10.9401,1.52
1787726955.543,733,13.9,73920,10.9407,1.52
1787726955.557,734,13.9,73917,10.9631,1.52
1787726955.571,735,13.9,73858,10.9772,1.52
1787726955.585,736,13.9,73921,10.9408,1.52
1787726955.599,737,13.8,73957,10.9647,1.52
1787726955.613,738,13.9,73919,10.9610,1.52
1787726955.627,739,13.8,74081,10.9898,1.52
1787726955.641,740,13.9,73694,10.9470,1.52
1787726955.655,741,13.9,73896,10.9672,1.52
1787726955.669,742,13.8,73978,10.9844,1.52
1787726955.683,743,13.9,73793,10.9488,1.52
1787726955.697,744,13.9,73784,10.9770,1.52
1787726955.711,745,13.9,73886,10.9471,1.52
1787726955.725,746,13.9,73898,10.9418,1.52
1787726955.739,747,13.9,73933,10.9705,1.52
1787726955.753,748,13.9,73887,10.9853,1.52
1787726955.767,749,13.8,73940,10.9367,1.52
1787726955.781,750,13.8,74003,10.9640,1.52
1787726955.795,751,13.9,73872,10.9445,1.52
1787726955.809,752,13.9,73851,10.9978,1.52
1787726955.822,753,13.8,74026,10.9546,1.52
1787726955.836,754,13.8,73970,10.9537,1.52
1787726955.850,755,13.8,73939,10.9879,1.52
1787726955.864,756,13.9,73882,10.9939,1.52
1787726955.878,757,13.9,73866,10.9302,1.52
1787726955.892,758,13.9,73880,10.9393,1.52
1787726955.906,759,13.9,73855,10.9665,1.52
1787726955.920,760,13.9,73880,10.9587,1.52
1787726955.934,761,13.9,73860,10.9332,1.52
1787726955.948,762,13.9,73908,10.9691,1.52
1787726955.962,763,13.9,73841,10.9799,1.52
1787726955.976,764,13.9,73897,10.9509,1.52
1787726955.990,765,13.9,73919,10.9567,1.52
1787726956.004,766,13.9,73806,10.9722,1.52
1787726956.018,767,13.9,73920,10.9602,1.52
1787726956.032,768,13.9,73840,10.9603,1.52
1787726956.046,769,13.9,73845,10.9646,1.52
1787726956.060,770,13.8,73938,10.9378,1.52
1787726956.074,771,13.9,73903,10.9431,1.52
1787726956.088,772,13.9,73808,10.9577,1.52
1787726956.102,773,13.8,73935,10.9644,1.52
1787726956.116,774,13.9,73756,10.9932,1.52
1787726956.130,775,13.9,73792,10.9428,1.52
1787726956.144,776,13.8,74017,10.9557,1.52
1787726956.158,777,13.9,73872,10.9463,1.52
1787726956.172,778,13.9,73926,10.9776,1.52
1787726956.186,779,13.8,74054,10.9600,1.52
1787726956.200,780,13.9,73912,10.9490,1.52
1787726956.214,781,13.9,73911,10.9656,1.52
1787726956.227,782,13.9,73924,10.9653,1.52
1787726956.241,783,13.8,74040,10.9596,1.52
1787726956.255,784,13.8,73973,10.9704,1.52
1787726956.269,785,13.9,73921,10.9850,1.52
1787726956.283,786,13.9,73853,10.9455,1.52
1787726956.297,787,13.8,74031,10.9710,1.52
1787726956.311,788,13.9,73844,10.9833,1.52
1787726956.325,789,13.9,73846,10.9557,1.52
1787726956.339,790,13.9,73820,10.9627,1.52
1787726956.353,791,13.8,73944,10.9439,1.52
1787726956.367,792,13.9,73794,10.9868,1.52
1787726956.381,793,13.9,73864,10.9611,1.52
1787726956.395,794,13.8,74008,10.9793,1.52
1787726956.409,795,13.9,73826,10.9664,1.52
1787726956.423,796,13.9,73864,10.9589,1.52
1787726956.437,797,13.9,73880,10.9304,1.52
1787726956.451,798,13.9,73894,10.9305,1.52
1787726956.465,799,13.9,73892,10.9432,1.52
1787726956.479,800,13.9,73812,10.9567,1.52
1787726956.493,801,13.9,73789,10.9493,1.52
1787726956.507,802,13.8,73980,10.9577,1.52
1787726956.521,803,13.9,73821,10.9566,1.52
1787726956.535,804,13.9,73792,10.9356,1.52
1787726956.549,805,13.9,73882,10.9330,1.52
1787726956.563,806,13.9,73751,10.9525,1.52
1787726956.577,807,13.9,73745,10.9567,1.52
1787726956.591,808,13.9,73839,10.9359,1.52
1787726956.605,809,13.9,73855,10.9810,1.52
1787726956.619,810,13.9,73893,10.9570,1.52
1787726956.633,811,13.8,73963,10.9509,1.52
1787726956.647,812,13.9,73816,10.9671,1.52
1787726956.661,813,13.9,73933,10.9664,1.52
1787726956.675,814,13.9,73828,10.9590,1.52
1787726956.689,815,13.9,73906,10.9355,1.52
1787726956.703,816,13.9,73836,10.9709,1.52
1787726956.717,817,13.9,73706,10.9728,1.52
1787726956.731,818,13.9,73785,10.9360,1.52
1787726956.745,819,13.9,73802,10.9553,1.52
1787726956.759,820,13.9,73856,10.9588,1.52
1787726956.773,821,13.9,73841,10.9785,1.52
1787726956.787,822,13.9,73925,10.9494,1.52
1787726956.800,823,13.8,73962,10.9729,1.52
1787726956.814,824,13.9,73798,10.9504,1.52
1787726956.828,825,13.8,73964,10.9533,1.52
1787726956.842,826,13.9,73844,10.9879,1.52
1787726956.856,827,13.9,73803,10.9528,1.52
1787726956.870,828,13.9,73820,10.9573,1.52
1787726956.884,829,13.9,73740,10.9346,1.52
1787726956.898,830,13.9,73845,10.9624,1.52
1787726956.912,831,13.8,73936,10.9618,1.52
1787726956.926,832,13.9,73841,10.9454,1.52
1787726956.940,833,13.9,73690,10.9124,1.52
1787726956.954,834,13.9,73779,10.9431,1.52
1787726956.968,835,13.9,73783,10.9466,1.52
1787726956.982,836,13.9,73812,10.9643,1.52
1787726956.996,837,13.9,73756,10.9693,1.52
1787726957.010,838,13.9,73781,10.9821,1.52
1787726957.024,839,13.8,73996,10.9449,1.52
1787726957.038,840,13.9,73688,10.9449,1.52
1787726957.052,841,13.9,73687,10.9926,1.52
1787726957.066,842,13.9,73719,10.9762,1.52
1787726957.126,843,59.4,17228,10.9194,1.52
1787726957.193,844,66.2,15471,10.9694,1.52
1787726957.234,845,41.1,24918,10.9540,1.52
1787726957.255,846,20.7,49502,10.9317,1.52
1787726957.305,847,48.9,20951,10.9573,1.52
1787726957.372,848,67.2,15247,10.9436,1.52
1787726957.432,849,59.8,17119,10.9677,1.52
1787726957.452,850,19.8,51746,10.9716,1.52
1787726957.473,851,20.7,49411,10.9356,1.52
1787726957.545,852,71.4,14332,10.9378,1.52
1787726957.618,853,72.3,14166,10.9098,1.52
1787726957.662,854,44.5,22989,10.9566,1.52
1787726957.683,855,20.0,51240,10.9620,1.52
1787726957.708,856,24.9,41136,10.9462,1.52
1787726957.753,857,44.7,22921,10.9622,1.52
1787726957.803,858,49.7,20609,10.9785,1.52
1787726957.819,859,15.5,66218,10.9930,1.52
1787726957.834,860,14.9,68897,10.9857,1.52
1787726957.849,861,14.9,68608,10.9697,1.52
1787726957.864,862,14.9,68656,10.9312,1.52
1787726957.879,863,14.6,70239,10.9881,1.52
1787726957.893,864,14.5,70402,10.9822,1.52
1787726957.908,865,14.5,70490,10.9197,1.52
1787726957.923,866,14.5,70482,10.9562,1.52
1787726957.937,867,14.5,70516,10.9496,1.52
1787726957.952,868,14.5,70472,10.9810,1.52
1787726957.967,869,14.5,70591,10.9689,1.52
1787726957.981,870,14.5,70401,10.9635,1.52
1787726957.996,871,14.5,70435,10.9459,1.52
1787726958.011,872,14.5,70450,10.9428,1.52
1787726958.025,873,14.5,70530,10.9643,1.52
1787726958.040,874,14.5,70491,10.9571,1.52
1787726958.055,875,14.6,70333,10.9447,1.52
1787726958.069,876,14.5,70535,10.9412,1.52
1787726958.084,877,14.5,70427,10.9320,1.52
1787726958.098,878,14.5,70575,10.9632,1.52
1787726958.113,879,14.5,70523,10.9635,1.52
1787726958.128,880,14.5,70572,10.9684,1.52
1787726958.142,881,14.5,70584,10.9619,1.52
1787726958.157,882,14.5,70575,10.9382,1.52
1787726958.172,883,14.5,70701,10.9545,1.52
1787726958.186,884,14.5,70451,10.9399,1.52
1787726958.201,885,14.5,70559,10.9354,1.52
1787726958.215,886,14.5,70509,10.9496,1.52
1787726958.230,887,14.5,70601,10.9612,1.52
1787726958.245,888,14.5,70412,10.9808,1.52
1787726958.259,889,14.5,70518,10.9664,1.52
1787726958.274,890,14.5,70447,10.9418,1.52
1787726958.289,891,14.5,70535,10.9603,1.52
1787726958.303,892,14.5,70422,10.9455,1.52
1787726958.318,893,14.5,70523,10.9748,1.52
1787726958.332,894,14.5,70458,10.9619,1.52
1787726958.347,895,14.5,70538,10.9442,1.52
1787726958.362,896,14.5,70503,10.9760,1.52
1787726958.376,897,14.5,70647,10.9579,1.52
1787726958.391,898,14.5,70476,10.9494,1.52
1787726958.406,899,14.5,70471,10.9869,1.52
1787726958.420,900,14.5,70577,10.9661,1.52
1787726958.435,901,14.5,70497,10.9623,1.52
1787726958.450,902,14.5,70447,10.9598,1.52
1787726958.464,903,14.5,70572,10.9491,1.52
1787726958.479,904,14.5,70585,10.9757,1.52
1787726958.493,905,14.5,70464,10.9598,1.52
1787726958.508,906,14.5,70379,10.9542,1.52
1787726958.523,907,14.5,70517,10.9494,1.52
1787726958.537,908,14.5,70425,10.9499,1.52
1787726958.552,909,14.5,70535,10.9812,1.52
1787726958.567,910,14.5,70399,10.9725,1.52
1787726958.581,911,14.5,70518,10.9577,1.52
1787726958.596,912,14.5,70531,10.9759,1.52
1787726958.610,913,14.5,70612,10.9771,1.52
1787726958.625,914,14.5,70534,10.9868,1.52
1787726958.640,915,14.5,70462,10.9284,1.52
1787726958.654,916,14.5,70536,10.9568,1.52
1787726958.669,917,14.5,70541,10.9614,1.52
1787726958.684,918,14.5,70603,10.9470,1.52
1787726958.698,919,14.5,70608,10.9611,1.52
1787726958.713,920,14.5,70570,10.9838,1.52
1787726958.728,921,14.5,70476,10.9789,1.52
1787726958.742,922,14.5,70564,10.9658,1.52
1787726958.757,923,14.5,70596,10.9946,1.52
1787726958.771,924,14.5,70574,10.9520,1.52
1787726958.786,925,14.5,70516,10.9169,1.52
1787726958.801,926,14.5,70454,10.9657,1.52
1787726958.815,927,14.5,70549,10.9675,1.52
1787726958.830,928,14.5,70487,10.9768,1.52
1787726958.844,929,14.5,70526,10.9198,1.52
1787726958.859,930,14.5,70572,10.9485,1.52
1787726958.874,931,14.5,70386,10.9571,1.52
1787726958.888,932,14.5,70474,10.9495,1.52
1787726958.903,933,14.5,70581,10.9585,1.52
1787726958.918,934,14.5,70502,10.9342,1.52
1787726958.932,935,14.5,70570,10.9342,1.52
1787726958.947,936,14.5,70565,10.9614,1.52
1787726958.962,937,14.5,70493,10.9415,1.52
1787726958.976,938,14.5,70429,10.9462,1.52
1787726958.991,939,14.5,70540,10.9435,1.52
1787726959.005,940,14.5,70531,10.9569,1.52
1787726959.020,941,14.5,70494,10.9655,1.52
1787726959.035,942,14.5,70397,10.9478,1.52
1787726959.049,943,14.5,70600,10.9594,1.52
1787726959.064,944,14.5,70487,10.9692,1.52
1787726959.079,945,14.5,70560,10.9666,1.52
1787726959.093,946,14.5,70612,10.9804,1.52
1787726959.108,947,14.5,70502,10.9664,1.52
1787726959.123,948,14.6,70368,10.9612,1.52
1787726959.137,949,14.5,70531,10.9246,1.52
1787726959.152,950,14.5,70584,10.9414,1.52
1787726959.166,951,14.5,70499,10.9511,1.52
1787726959.181,952,14.5,70424,10.9357,1.52
1787726959.196,953,14.5,70619,10.9644,1.52
1787726959.210,954,14.5,70467,10.9812,1.52
1787726959.225,955,14.5,70419,10.9713,1.52
1787726959.240,956,14.5,70502,10.9522,1.52
1787726959.254,957,14.5,70641,10.9721,1.52
1787726959.269,958,14.5,70542,10.9518,1.52
1787726959.283,959,14.5,70533,10.9213,1.52
1787726959.298,960,14.5,70460,10.9702,1.52
1787726959.313,961,14.6,70377,10.9366,1.52
1787726959.327,962,14.5,70464,10.9576,1.52
1787726959.342,963,14.5,70536,10.9599,1.52
1787726959.357,964,14.5,70538,10.9631,1.52
1787726959.371,965,14.5,70654,10.9459,1.52
1787726959.386,966,14.5,70491,10.9487,1.52
1787726959.400,967,14.5,70561,10.9570,1.52
1787726959.415,968,14.5,70512,10.9665,1.52
1787726959.430,969,14.5,70541,10.9606,1.52
1787726959.444,970,14.5,70519,10.9393,1.52
1787726959.459,971,14.5,70528,10.9861,1.52
1787726959.474,972,14.5,70456,10.9432,1.52
1787726959.488,973,14.5,70533,10.9482,1.52
1787726959.503,974,14.5,70487,10.9283,1.52
1787726959.517,975,14.5,70669,10.9492,1.52
1787726959.532,976,14.5,70437,10.9643,1.52
1787726959.547,977,14.5,70475,10.9500,1.52
1787726959.561,978,14.5,70486,10.9164,1.52
1787726959.576,979,14.5,70533,10.9344,1.52
1787726959.591,980,14.5,70468,10.9424,1.52
1787726959.605,981,14.5,70462,10.9352,1.52
1787726959.620,982,14.6,70352,10.9319,1.52
1787726959.635,983,14.5,70557,10.9589,1.52
1787726959.649,984,14.5,70633,10.9416,1.52
1787726959.664,985,14.5,70569,10.9660,1.52
1787726959.678,986,14.5,70513,10.9639,1.52
1787726959.693,987,14.5,70685,10.9687,1.52
1787726959.708,988,14.5,70428,10.9305,1.52
1787726959.722,989,14.6,70365,10.9343,1.52
1787726959.737,990,14.5,70533,10.9592,1.52
1787726959.752,991,14.5,70570,10.9554,1.52
1787726959.766,992,14.5,70684,10.9435,1.52
1787726959.781,993,14.5,70493,10.9735,1.52
1787726959.796,994,14.5,70543,10.9682,1.52
1787726959.810,995,14.5,70513,10.9539,1.52
1787726959.825,996,14.6,70289,10.9289,1.52
1787726959.839,997,14.5,70621,10.9371,1.52
1787726959.854,998,14.5,70511,10.9810,1.52
1787726959.869,999,14.5,70475,10.9627,1.52
1787726959.883,1000,14.5,70473,10.9585,1.52
1787726959.898,1001,14.5,70531,10.9742,1.52
1787726959.913,1002,14.6,70241,10.9519,1.52
1787726959.927,1003,13.9,73896,10.9878,1.52
1787726959.941,1004,13.9,73880,10.9707,1.52
1787726959.955,1005,13.8,73986,10.9262,1.52
1787726959.969,1006,13.9,73760,11.0031,1.52
1787726959.983,1007,13.9,73863,10.9560,1.52
1787726959.997,1008,13.9,73866,10.9569,1.52
1787726960.010,1009,13.8,73976,10.9574,1.52
1787726960.024,1010,13.9,73903,10.9261,1.52
1787726960.038,1011,13.9,73766,10.9500,1.52
1787726960.052,1012,13.9,73910,10.9458,1.52
1787726960.066,1013,13.8,74106,10.9772,1.52
1787726960.080,1014,13.9,73832,10.9662,1.52
1787726960.094,1015,13.9,73854,10.9578,1.52
1787726960.108,1016,13.9,73925,10.9632,1.52
1787726960.122,1017,13.9,73869,10.9602,1.52
1787726960.136,1018,13.9,73880,10.9722,1.52
1787726960.150,1019,13.9,73795,10.9353,1.52
1787726960.164,1020,13.9,73883,10.9593,1.52
1787726960.178,1021,13.9,73804,10.9536,1.52
1787726960.192,1022,13.9,73806,10.9465,1.52
1787726960.206,1023,13.9,73864,10.9485,1.52
1787726960.220,1024,13.9,73764,10.9638,1.52
1787726960.234,1025,13.9,73907,10.9764,1.52
1787726960.248,1026,13.9,73850,10.9615,1.52
1787726960.262,1027,13.9,73793,10.9523,1.52
1787726960.276,1028,13.9,73842,10.9093,1.52
1787726960.290,1029,13.9,73912,10.9465,1.52
1787726960.304,1030,13.9,73817,10.9401,1.52
1787726960.318,1031,13.9,73905,10.9519,1.52
1787726960.332,1032,13.9,73866,10.9563,1.52
1787726960.346,1033,13.8,73973,10.9088,1.52
1787726960.360,1034,13.9,73905,10.9504,1.52
1787726960.374,1035,13.9,73900,10.9713,1.52
1787726960.388,1036,13.8,73944,10.9558,1.52
1787726960.402,1037,13.9,73842,10.9903,1.52
1787726960.416,1038,13.9,73736,10.9389,1.52
1787726960.430,1039,13.9,73901,10.9409,1.52
1787726960.444,1040,13.9,73882,10.9426,1.52
1787726960.458,1041,13.9,73797,10.9714,1.52
1787726960.472,1042,13.9,73869,10.9788,1.52
1787726960.486,1043,13.8,74047,10.9477,1.52
1787726960.500,1044,13.9,73830,10.9483,1.52
1787726960.514,1045,13.9,73847,10.9789,1.52
1787726960.527,1046,13.9,73928,10.9586,1.52
1787726960.541,1047,13.9,73874,10.9327,1.52
1787726960.555,1048,13.9,73792,10.9284,1.52
1787726960.569,1049,13.8,73964,10.9802,1.52
1787726960.583,1050,13.9,73870,10.9578,1.52
1787726960.597,1051,13.9,73827,10.9478,1.52
1787726960.611,1052,13.9,73934,10.9577,1.52
1787726960.625,1053,13.9,73807,10.9550,1.52
1787726960.639,1054,13.9,73780,10.9686,1.52
1787726960.653,1055,13.9,73742,10.9545,1.52
1787726960.667,1056,13.9,73723,10.9910,1.52
1787726960.681,1057,13.9,73866,10.9703,1.52
1787726960.695,1058,13.9,73861,10.9597,1.52
1787726960.709,1059,13.9,73860,10.9616,1.52
1787726960.723,1060,13.9,73765,10.9497,1.52
1787726960.737,1061,13.8,73963,10.9636,1.52
1787726960.751,1062,13.8,73968,10.9478,1.52
1787726960.765,1063,13.9,73880,10.9655,1.52
1787726960.779,1064,13.9,73832,10.9737,1.52
1787726960.793,1065,13.9,73783,10.9674,1.52
1787726960.807,1066,13.9,73813,10.9533,1.52
1787726960.821,1067,14.0,73101,10.9326,1.52
1787726960.835,1068,13.9,73820,10.9742,1.52
1787726960.849,1069,13.8,73987,10.9782,1.52
1787726960.863,1070,13.9,73717,10.9587,1.52
1787726960.877,1071,13.9,73835,10.9437,1.52
1787726960.891,1072,13.8,73959,10.9872,1.52
1787726960.905,1073,13.9,73842,10.9849,1.52
1787726960.919,1074,13.9,73723,10.9031,1.52
1787726960.933,1075,13.9,73785,10.9401,1.52
1787726960.947,1076,13.9,73596,10.9674,1.52
1787726960.961,1077,13.9,73831,10.9834,1.52
1787726960.975,1078,13.9,73844,10.9736,1.52
1787726960.989,1079,13.8,74046,10.9659,1.52
1787726961.003,1080,13.8,73963,10.9484,1.52
1787726961.017,1081,13.9,73812,10.9374,1.52
1787726961.031,1082,13.9,73907,10.9526,1.52
1787726961.045,1083,13.9,73921,10.9446,1.52
1787726961.059,1084,13.9,73847,10.9677,1.52
1787726961.073,1085,13.9,73822,10.9272,1.52
1787726961.087,1086,13.8,73992,10.9653,1.52
1787726961.101,1087,13.9,73914,10.9405,1.52
1787726961.115,1088,13.9,73855,10.9697,1.52
1787726961.129,1089,13.9,73845,10.9712,1.52
1787726961.143,1090,13.9,73851,10.9548,1.52
1787726961.157,1091,13.9,73889,10.9744,1.52
1787726961.171,1092,13.8,73999,10.9187,1.52
1787726961.185,1093,13.9,73787,10.9461,1.52
1787726961.199,1094,13.9,73861,10.9637,1.52
1787726961.212,1095,13.9,73905,10.9674,1.52
1787726961.226,1096,13.8,73980,10.9411,1.52
1787726961.240,1097,13.9,73910,10.9772,1.52
1787726961.254,1098,13.9,73859,10.9667,1.52
1787726961.268,1099,13.9,73884,10.9629,1.52
1787726961.282,1100,13.9,73783,10.9751,1.52
1787726961.296,1101,13.9,73830,10.9553,1.52
1787726961.310,1102,13.9,73837,10.9603,1.52
1787726961.324,1103,13.9,73850,10.9553,1.52
1787726961.338,1104,13.9,73797,10.9852,1.52
1787726961.352,1105,13.9,73764,10.9398,1.52
1787726961.366,1106,13.8,73995,10.9823,1.52
1787726961.380,1107,13.9,73797,10.9662,1.52
1787726961.394,1108,13.9,73768,10.9518,1.52
1787726961.408,1109,13.9,73803,10.9837,1.52
1787726961.422,1110,13.9,73837,10.9335,1.52
1787726961.436,1111,13.9,73792,10.9427,1.52
1787726961.450,1112,13.9,73762,10.9455,1.52
1787726961.464,1113,13.9,73847,10.9606,1.52
1787726961.478,1114,13.8,73943,10.9648,1.52
1787726961.492,1115,13.8,74008,10.9667,1.52
1787726961.506,1116,13.9,73858,10.9705,1.52
1787726961.520,1117,13.8,73978,10.9355,1.52
1787726961.534,1118,13.9,73798,10.9767,1.52
1787726961.548,1119,13.9,73911,10.9493,1.52
1787726961.562,1120,13.9,73884,10.9344,1.52
1787726961.576,1121,13.8,74031,10.9625,1.52
1787726961.590,1122,13.8,74026,10.9633,1.52
1787726961.604,1123,13.9,73896,10.9576,1.52
1787726961.618,1124,13.9,73784,10.9425,1.52
1787726961.632,1125,13.9,73873,10.9483,1.52
1787726961.646,1126,13.9,73917,10.9590,1.52
1787726961.660,1127,13.8,73953,10.9570,1.52
1787726961.674,1128,13.9,73872,10.9562,1.52
1787726961.687,1129,13.9,73827,10.9381,1.52
1787726961.701,1130,13.9,73887,10.9650,1.52
1787726961.716,1131,13.9,73564,10.9348,1.52
1787726961.730,1132,13.9,73869,10.9839,1.52
1787726961.743,1133,13.9,73873,10.9638,1.52
1787726961.757,1134,13.9,73928,10.9527,1.52
1787726961.771,1135,13.9,73861,10.9343,1.52
1787726961.785,1136,13.9,73906,10.9461,1.52
1787726961.799,1137,13.9,73845,10.9433,1.52
1787726961.813,1138,13.8,74004,10.9812,1.52
1787726961.827,1139,13.9,73751,10.9642,1.52
1787726961.841,1140,13.9,73792,10.9502,1.52
1787726961.855,1141,13.9,73855,10.9425,1.52
1787726961.869,1142,13.9,73809,10.9662,1.52
1787726961.883,1143,13.9,73785,10.9800,1.52
1787726961.897,1144,13.9,73737,10.9807,1.52
1787726961.911,1145,13.9,73714,10.9310,1.52
1787726961.925,1146,13.9,73659,10.9309,1.52
1787726961.939,1147,13.9,73655,10.9275,1.52
1787726961.953,1148,13.9,73907,10.9762,1.52
1787726961.967,1149,13.9,73700,10.9525,1.52
1787726961.981,1150,13.9,73784,10.9515,1.52
1787726961.995,1151,13.9,73727,10.9316,1.52
1787726962.009,1152,13.9,73728,10.9606,1.52
1787726962.023,1153,13.9,73749,10.9582,1.52
1787726962.037,1154,13.9,73722,10.9411,1.52
1787726962.051,1155,13.9,73821,10.9534,1.52
1787726962.065,1156,13.9,73850,10.9607,1.52
1787726962.079,1157,13.9,73880,10.9577,1.52
1787726962.093,1158,13.9,73920,10.9564,1.52
1787726962.107,1159,13.9,73872,10.9376,1.52
1787726962.121,1160,13.9,73891,10.9504,1.52
1787726962.135,1161,13.9,73859,10.9372,1.52
1787726962.149,1162,13.9,73790,10.9511,1.52
1787726962.163,1163,13.9,73882,10.9504,1.52
1787726962.177,1164,13.9,73847,10.9501,1.52
1787726962.191,1165,13.8,74058,10.9620,1.52
1787726962.205,1166,13.9,73884,10.9568,1.52
1787726962.219,1167,13.9,73789,10.9532,1.52
1787726962.233,1168,13.9,73814,10.9232,1.52
1787726962.247,1169,13.9,73855,10.9452,1.52
1787726962.261,1170,13.9,73802,10.9693,1.52
1787726962.275,1171,13.9,73869,10.9390,1.52
1787726962.289,1172,13.9,73831,10.9385,1.52
1787726962.303,1173,13.8,73968,10.9557,1.52
1787726962.317,1174,13.9,73896,10.9919,1.52
1787726962.331,1175,13.9,73839,10.9744,1.52
1787726962.345,1176,13.9,73733,10.9452,1.52
1787726962.359,1177,13.9,73790,10.9840,1.52
1787726962.372,1178,13.9,73794,10.9420,1.52
1787726962.386,1179,13.8,74036,10.9402,1.52
1787726962.400,1180,13.9,73809,10.9692,1.52
1787726962.414,1181,13.9,73916,10.9353,1.52
1787726962.428,1182,13.9,73785,10.9625,1.52
1787726962.442,1183,13.9,73793,10.9365,1.52
1787726962.456,1184,13.8,73948,10.9493,1.52
1787726962.470,1185,13.8,73945,10.9607,1.52
1787726962.484,1186,13.9,73880,10.9803,1.52
1787726962.498,1187,13.9,73846,10.9537,1.52
1787726962.512,1188,13.8,73945,10.9857,1.52
1787726962.526,1189,13.9,73760,10.9488,1.52
1787726962.540,1190,13.9,73719,10.9383,1.52
1787726962.554,1191,13.9,73774,10.9579,1.52
1787726962.568,1192,13.8,73952,10.9406,1.52
1787726962.582,1193,13.9,73835,10.9781,1.52
1787726962.596,1194,13.9,73663,10.9730,1.52
1787726962.610,1195,13.9,73798,10.9394,1.52
1787726962.624,1196,13.9,73780,10.9321,1.52
1787726962.638,1197,13.9,73750,10.8983,1.52
1787726962.652,1198,13.9,73855,10.9836,1.52
1787726962.666,1199,13.9,73642,10.9983,1.52
1787726962.680,1200,13.9,73654,10.9373,1.52
1787726962.694,1201,13.9,73745,10.9756,1.52
1787726962.709,1202,14.3,71508,10.9778,1.52
1787726962.723,1203,14.0,73085,10.9776,1.52
1787726962.737,1204,13.8,73940,10.9834,1.52
1787726962.751,1205,13.9,73835,10.9186,1.52
1787726962.765,1206,13.8,73996,10.9705,1.52
1787726962.779,1207,13.9,73760,10.9438,1.52
1787726962.793,1208,13.9,73840,10.9173,1.52
1787726962.807,1209,13.8,73936,10.9579,1.52
1787726962.820,1210,13.9,73921,10.9801,1.52
1787726962.834,1211,13.9,73837,10.9528,1.52
1787726962.848,1212,13.9,73698,10.9409,1.52
1787726962.862,1213,13.9,73888,10.9469,1.52
1787726962.876,1214,13.9,73759,10.9779,1.52
1787726962.890,1215,13.9,73707,10.9410,1.52
1787726962.904,1216,13.9,73606,10.9543,1.52
1787726962.918,1217,13.9,73847,10.9492,1.52
1787726962.932,1218,13.9,73842,10.9747,1.52
1787726962.946,1219,13.9,73825,10.9374,1.52
1787726962.960,1220,13.9,73766,10.9559,1.52
1787726962.974,1221,13.9,73931,10.9645,1.52
1787726962.988,1222,13.9,73774,10.9630,1.52
1787726963.002,1223,13.9,73708,10.9918,1.52
1787726963.016,1224,13.9,73804,10.9425,1.52
1787726963.030,1225,13.9,73840,10.9489,1.52
1787726963.044,1226,13.9,73738,10.9433,1.52
1787726963.058,1227,13.9,73879,10.9381,1.52
1787726963.072,1228,13.9,73808,10.9774,1.52
1787726963.086,1229,13.9,73839,10.9595,1.52
1787726963.100,1230,13.9,73836,10.9716,1.52
1787726963.114,1231,13.9,73872,10.9234,1.52
1787726963.128,1232,13.9,73722,10.9301,1.52
1787726963.142,1233,13.9,73742,10.9786,1.52
1787726963.156,1234,13.9,73695,10.9596,1.52
1787726963.170,1235,13.9,73844,10.9912,1.52
1787726963.184,1236,13.9,73687,10.9622,1.52
1787726963.198,1237,13.9,73836,10.9815,1.52
1787726963.212,1238,13.9,73762,10.9772,1.52
1787726963.226,1239,13.9,73826,10.9518,1.52
1787726963.240,1240,13.9,73700,10.9493,1.52
1787726963.254,1241,13.9,73888,10.9464,1.52
1787726963.268,1242,13.9,73765,10.9659,1.52
1787726963.282,1243,13.9,73788,10.9575,1.52
1787726963.296,1244,13.9,73884,10.9493,1.52
1787726963.310,1245,13.9,73833,10.9481,1.52
1787726963.324,1246,13.9,73606,10.9581,1.52
1787726963.338,1247,13.9,73844,10.9566,1.52
1787726963.352,1248,13.9,73847,10.9495,1.52
1787726963.366,1249,13.9,73891,10.9431,1.52
1787726963.380,1250,13.9,73875,10.9664,1.52
1787726963.394,1251,13.9,73666,10.9412,1.52
1787726963.408,1252,13.9,73793,10.9638,1.52
1787726963.422,1253,13.9,73879,10.9847,1.52
1787726963.436,1254,13.9,73844,10.9394,1.52
1787726963.450,1255,13.9,73776,10.9730,1.52
1787726963.464,1256,13.9,73841,10.9492,1.52
1787726963.478,1257,13.9,73802,10.9278,1.52
1787726963.492,1258,13.9,73802,10.9494,1.52
1787726963.506,1259,13.9,73924,10.9766,1.52
1787726963.520,1260,13.9,73747,10.9741,1.52
1787726963.534,1261,13.9,73889,10.9732,1.52
1787726963.548,1262,13.9,73807,10.9335,1.52
1787726963.562,1263,13.9,73916,10.9579,1.52
1787726963.576,1264,13.9,73793,10.9510,1.52
1787726963.590,1265,13.9,73844,10.9733,1.52
1787726963.604,1266,13.8,73942,10.9535,1.52
1787726963.618,1267,13.9,73826,10.9576,1.52
1787726963.632,1268,13.9,73853,10.9096,1.52
1787726963.646,1269,13.9,73732,10.9626,1.52
1787726963.660,1270,13.9,73911,10.9670,1.52
1787726963.673,1271,13.9,73851,10.9705,1.52
1787726963.687,1272,13.9,73840,10.9088,1.52
1787726963.701,1273,13.9,73778,10.9636,1.52
1787726963.716,1274,13.9,73486,10.9458,1.52
1787726963.729,1275,13.9,73922,10.9512,1.52
1787726963.743,1276,13.9,73809,10.9645,1.52
1787726963.757,1277,13.9,73884,10.9250,1.52
1787726963.771,1278,13.9,73870,10.9519,1.52
1787726963.785,1279,13.9,73773,10.9497,1.52
1787726963.799,1280,13.9,73883,10.9687,1.52
1787726963.813,1281,13.9,73903,10.9690,1.52
1787726963.827,1282,13.9,73548,10.9683,1.52
1787726963.841,1283,13.9,73681,10.9294,1.52
1787726963.855,1284,13.9,73855,10.9471,1.52
1787726963.869,1285,13.9,73788,10.9810,1.52
1787726963.883,1286,13.9,73806,10.9242,1.52
1787726963.897,1287,13.9,73855,10.9711,1.52
1787726963.911,1288,13.9,73841,10.9824,1.52
1787726963.925,1289,13.8,74015,10.9600,1.52
1787726963.939,1290,13.9,73764,10.9479,1.52
1787726963.953,1291,13.9,73846,10.9559,1.52
1787726963.967,1292,13.9,73813,10.9717,1.52
1787726963.981,1293,13.9,73759,10.9581,1.52
1787726963.995,1294,13.9,73652,10.9544,1.52
1787726964.009,1295,13.9,73799,10.9296,1.52
1787726964.023,1296,13.9,73864,10.9469,1.52
1787726964.037,1297,13.9,73896,10.9785,1.52
1787726964.051,1298,13.9,73808,10.9489,1.52
1787726964.065,1299,13.9,73784,10.9618,1.52
1787726964.079,1300,13.9,73726,10.9493,1.52
1787726964.093,1301,13.9,73654,10.9560,1.52
1787726964.107,1302,13.9,73775,10.9567,1.52
1787726964.121,1303,13.9,73765,10.9663,1.52
1787726964.135,1304,13.9,73760,10.9840,1.52
1787726964.149,1305,13.9,73861,10.9304,1.52
1787726964.163,1306,13.9,73783,10.9514,1.52
1787726964.177,1307,13.9,73873,10.9788,1.52
1787726964.191,1308,13.9,73799,10.9495,1.52
1787726964.205,1309,13.9,73804,10.9496,1.52
1787726964.219,1310,13.9,73764,10.9400,1.52
1787726964.233,1311,13.9,73804,10.9410,1.52
1787726964.247,1312,13.9,73773,10.9433,1.52
1787726964.261,1313,13.9,73813,10.9437,1.52
1787726964.275,1314,13.9,73863,10.9542,1.52
1787726964.289,1315,13.9,73813,10.9319,1.52
1787726964.303,1316,13.9,73787,10.9085,1.52
1787726964.317,1317,13.9,73785,10.9639,1.52
1787726964.331,1318,13.9,73877,10.9402,1.52
1787726964.345,1319,13.9,73842,10.9535,1.52
1787726964.359,1320,13.9,73797,10.9548,1.52
1787726964.373,1321,13.9,73750,10.9582,1.52
1787726964.387,1322,13.9,73746,10.9503,1.52
1787726964.401,1323,13.9,73807,10.9270,1.52
1787726964.415,1324,13.9,73844,10.9510,1.52
1787726964.429,1325,13.9,73755,10.9716,1.52
1787726964.443,1326,13.9,73722,10.9367,1.52
1787726964.457,1327,13.9,73847,10.9597,1.52
1787726964.471,1328,13.9,73887,10.9537,1.52
1787726964.485,1329,13.9,73928,10.9421,1.52
1787726964.499,1330,13.9,73798,10.9525,1.52
1787726964.513,1331,13.8,74049,10.9425,1.52
1787726964.526,1332,13.8,73947,10.9095,1.52
1787726964.540,1333,13.9,73873,10.9577,1.52
1787726964.554,1334,13.9,73690,10.9313,1.52
1787726964.568,1335,13.9,73880,10.9708,1.52
1787726964.582,1336,13.9,73793,10.9759,1.52
1787726964.596,1337,13.9,73709,10.9742,1.52
1787726964.610,1338,13.9,73812,10.9188,1.52
1787726964.624,1339,13.9,73816,10.9398,1.52
1787726964.638,1340,13.9,73480,10.9328,1.52
1787726964.652,1341,13.9,73771,10.9451,1.52
1787726964.666,1342,13.9,73732,10.9429,1.52
1787726964.680,1343,13.9,73750,10.9729,1.52
1787726964.694,1344,13.9,73892,10.9404,1.52
1787726964.708,1345,13.9,73804,10.9690,1.52
1787726964.722,1346,13.9,73663,10.9527,1.52
1787726964.736,1347,13.9,73788,10.9562,1.52
1787726964.750,1348,13.9,73910,10.9535,1.52
1787726964.764,1349,13.9,73770,10.9590,1.52
1787726964.778,1350,13.9,73746,10.9554,1.52
1787726964.792,1351,13.9,73783,10.9414,1.52
1787726964.806,1352,13.9,73684,10.9561,1.52
1787726964.820,1353,13.9,73894,10.9781,1.52
1787726964.834,1354,13.9,73774,10.9515,1.52
1787726964.848,1355,13.9,73722,10.9641,1.52
1787726964.862,1356,13.9,73845,10.9631,1.52
1787726964.876,1357,13.9,73826,10.9900,1.52
1787726964.890,1358,13.9,73652,10.9511,1.52
1787726964.904,1359,13.9,73863,10.9634,1.52
1787726964.918,1360,13.9,73802,10.9556,1.52
1787726964.932,1361,13.8,73935,10.9645,1.52
1787726964.946,1362,13.9,73717,10.9316,1.52
1787726964.960,1363,13.9,73845,10.9673,1.52
1787726964.974,1364,13.9,73825,10.9470,1.52
1787726964.988,1365,13.9,73828,10.9532,1.52
1787726965.002,1366,13.9,73768,10.9456,1.52
1787726965.016,1367,13.9,73733,10.9613,1.52
1787726965.030,1368,13.9,73847,10.9332,1.52
1787726965.044,1369,13.8,73942,10.9818,1.52
1787726965.058,1370,13.9,73670,10.9432,1.52
1787726965.072,1371,13.9,73853,10.9590,1.52
1787726965.086,1372,13.9,73882,10.9263,1.52
1787726965.100,1373,13.9,73878,10.9464,1.52
1787726965.114,1374,13.9,73844,10.9425,1.52
1787726965.128,1375,13.9,73798,10.9485,1.52
1787726965.142,1376,13.9,73830,10.9382,1.52
1787726965.156,1377,13.9,73908,10.9430,1.52
1787726965.170,1378,13.9,73770,10.9514,1.52
1787726965.184,1379,13.9,73695,10.9782,1.52
1787726965.198,1380,13.9,73817,10.9566,1.52
1787726965.212,1381,13.9,73817,10.9453,1.52
1787726965.226,1382,13.9,73792,10.9997,1.52
1787726965.240,1383,13.8,73944,10.9626,1.52
1787726965.254,1384,13.9,73933,10.9454,1.52
1787726965.268,1385,13.9,73891,10.9692,1.52
1787726965.282,1386,13.9,73769,10.9349,1.52
1787726965.296,1387,13.9,73802,10.9597,1.52
1787726965.310,1388,13.9,73757,10.9724,1.52
1787726965.324,1389,13.8,73962,10.9546,1.52
1787726965.338,1390,13.9,73781,10.9546,1.52
1787726965.352,1391,13.9,73737,10.9598,1.52
1787726965.366,1392,13.9,73830,10.9439,1.52
1787726965.380,1393,13.8,73948,10.9384,1.52
1787726965.394,1394,13.9,73773,10.9382,1.52
1787726965.408,1395,14.2,72055,10.9551,1.52
1787726965.422,1396,13.9,73914,10.9402,1.52
1787726965.436,1397,13.9,73840,10.9394,1.52
1787726965.450,1398,13.9,73865,10.9436,1.52
1787726965.464,1399,13.9,73755,10.9592,1.52
1787726965.478,1400,13.8,73936,10.9456,1.52
1787726965.492,1401,13.9,73702,10.9299,1.52
1787726965.506,1402,13.9,73855,10.9609,1.52
1787726965.520,1403,13.8,73964,10.9331,1.52
1787726965.534,1404,13.9,73773,10.9519,1.52
1787726965.548,1405,13.9,73861,10.9639,1.52
1787726965.562,1406,13.9,73816,10.9332,1.52
1787726965.576,1407,13.9,73799,10.9704,1.52
1787726965.590,1408,13.9,73869,10.9852,1.52
1787726965.604,1409,13.9,73666,10.9551,1.52
1787726965.618,1410,13.9,73803,10.9471,1.52
1787726965.632,1411,13.9,73814,10.9565,1.52
1787726965.646,1412,13.9,73865,10.9600,1.52
1787726965.659,1413,13.9,73776,10.9427,1.52
1787726965.673,1414,13.9,73828,10.9363,1.52
1787726965.687,1415,13.9,73877,10.9280,1.52
1787726965.701,1416,13.9,73823,10.9683,1.52
1787726965.715,1417,13.9,73563,10.9406,1.52
1787726965.729,1418,13.9,73840,10.9602,1.52
1787726965.743,1419,13.9,73778,10.9752,1.52
1787726965.757,1420,13.9,73760,10.9452,1.52
1787726965.771,1421,13.9,73727,10.9643,1.52
1787726965.785,1422,13.9,73832,10.9547,1.52
1787726965.799,1423,13.9,73776,10.9494,1.52
1787726965.813,1424,13.9,73704,10.9713,1.52
1787726965.827,1425,13.9,73863,10.9644,1.52
1787726965.841,1426,13.9,73770,10.9509,1.52
1787726965.855,1427,13.9,73770,10.9357,1.52
1787726965.869,1428,13.9,73853,10.9389,1.52
1787726965.883,1429,13.9,73869,10.9692,1.52
1787726965.897,1430,13.9,73793,10.9652,1.52
1787726965.911,1431,13.9,73855,10.9501,1.52
1787726965.925,1432,13.9,73781,10.9395,1.52
1787726965.939,1433,13.9,73592,10.9749,1.52
1787726965.953,1434,13.9,73874,10.9227,1.52
1787726965.967,1435,13.9,73778,10.9451,1.52
1787726965.981,1436,13.9,73659,10.9453,1.52
1787726965.995,1437,13.9,73718,10.9496,1.52
1787726966.009,1438,13.9,73914,10.9574,1.52
1787726966.023,1439,13.9,73656,10.9377,1.52
1787726966.037,1440,14.1,72554,10.9540,1.52
1787726966.052,1441,13.9,73699,10.9568,1.52
1787726966.065,1442,13.9,73879,10.9506,1.52
1787726966.079,1443,13.9,73841,10.9578,1.52
1787726966.093,1444,13.9,73766,10.9696,1.52
1787726966.107,1445,13.9,73831,10.9527,1.52
1787726966.121,1446,13.9,73893,10.9753,1.52
1787726966.135,1447,13.9,73636,10.9459,1.52
1787726966.149,1448,13.8,73999,10.9412,1.52
1787726966.163,1449,13.9,73756,10.9779,1.52
1787726966.177,1450,13.9,73722,10.9456,1.52
1787726966.191,1451,13.9,73773,10.9635,1.52
1787726966.205,1452,13.9,73811,10.9594,1.52
1787726966.219,1453,13.9,73811,10.9621,1.52
1787726966.233,1454,13.9,73828,10.9499,1.52
1787726966.247,1455,13.9,73822,10.9263,1.52
1787726966.261,1456,13.9,73800,10.9271,1.52
1787726966.275,1457,13.9,73697,10.9306,1.52
1787726966.289,1458,13.9,73788,10.9422,1.52
1787726966.303,1459,13.8,73948,10.9403,1.52
1787726966.317,1460,13.9,73768,10.9493,1.52
1787726966.331,1461,13.9,73797,10.9549,1.52
1787726966.345,1462,13.9,73730,10.9538,1.52
1787726966.359,1463,13.9,73879,10.9646,1.52
1787726966.373,1464,13.9,73839,10.9608,1.52
1787726966.387,1465,13.9,73821,10.9657,1.52
1787726966.401,1466,13.8,73995,10.9561,1.52
1787726966.415,1467,13.9,73438,10.9457,1.52
1787726966.429,1468,13.9,73845,10.9615,1.52
1787726966.443,1469,13.8,73963,10.9410,1.52
1787726966.457,1470,13.9,73697,10.9606,1.52
1787726966.471,1471,13.9,73683,10.9713,1.52
1787726966.485,1472,13.9,73630,10.9345,1.52
1787726966.499,1473,13.9,73760,10.9685,1.52
1787726966.513,1474,13.9,73920,10.9431,1.52
1787726966.527,1475,13.9,73775,10.9627,1.52
1787726966.541,1476,13.9,73671,10.9568,1.52
1787726966.555,1477,13.9,73803,10.9656,1.52
1787726966.569,1478,13.9,73794,10.9455,1.52
1787726966.583,1479,13.9,73757,10.9436,1.52
1787726966.597,1480,13.9,73698,10.9430,1.52
1787726966.611,1481,13.9,73708,10.9445,1.52
1787726966.625,1482,13.9,73906,10.9688,1.52
1787726966.639,1483,13.9,73652,10.9570,1.52
1787726966.653,1484,13.9,73884,10.9540,1.52
1787726966.668,1485,14.5,70823,10.9477,1.52
1787726966.682,1486,13.9,73816,10.9614,1.52
1787726966.696,1487,13.9,73844,10.9781,1.52
1787726966.710,1488,13.9,73731,10.9436,1.52
1787726966.724,1489,13.9,73674,10.9573,1.52
1787726966.738,1490,13.9,73722,10.9213,1.52
1787726966.752,1491,13.9,73785,10.9417,1.52
1787726966.766,1492,13.9,73854,10.9610,1.52
1787726966.779,1493,13.9,73859,10.9602,1.52
1787726966.793,1494,13.9,73736,10.9548,1.52
1787726966.807,1495,13.9,73861,10.9696,1.52
1787726966.821,1496,13.9,73821,10.9698,1.52
1787726966.835,1497,13.9,73754,10.9357,1.52
1787726966.849,1498,13.8,73943,10.9349,1.52
1787726966.863,1499,13.9,73783,10.9556,1.52
1787726966.877,1500,13.9,73804,10.9482,1.52
1787726966.891,1501,13.9,73660,10.9616,1.52
1787726966.905,1502,13.9,73845,10.9382,1.52
1787726966.919,1503,13.9,73817,10.9733,1.52
1787726966.933,1504,13.9,73839,10.9508,1.52
1787726966.947,1505,13.9,73702,10.9551,1.52
1787726966.961,1506,13.9,73783,10.9729,1.52
1787726966.975,1507,13.9,73835,10.9359,1.52
1787726966.989,1508,13.9,73755,10.9445,1.52
1787726967.003,1509,13.9,73808,10.9326,1.52
1787726967.017,1510,13.9,73903,10.9469,1.52
1787726967.031,1511,13.9,73778,10.9663,1.52
1787726967.045,1512,13.9,73868,10.9377,1.52
1787726967.059,1513,13.9,73707,10.9471,1.52
1787726967.073,1514,13.9,73813,10.9322,1.52
1787726967.087,1515,14.0,73077,10.9499,1.52
1787726967.101,1516,13.9,73845,10.9478,1.52
1787726967.115,1517,13.9,73736,10.9815,1.52
1787726967.129,1518,13.9,73922,10.9374,1.52
1787726967.143,1519,13.9,73825,10.9408,1.52
1787726967.157,1520,13.9,73811,10.9362,1.52
1787726967.171,1521,13.9,73655,10.9358,1.52
1787726967.185,1522,13.9,73779,10.9744,1.52
1787726967.199,1523,13.9,73731,10.9496,1.52
1787726967.213,1524,13.9,73756,10.9572,1.52
1787726967.227,1525,13.9,73693,10.9501,1.52
1787726967.241,1526,13.9,73708,10.9229,1.52
1787726967.255,1527,13.9,73702,10.9415,1.52
1787726967.269,1528,13.9,73733,10.9239,1.52
1787726967.283,1529,13.9,73640,10.9818,1.52
1787726967.297,1530,13.9,73721,10.9370,1.52
1787726967.311,1531,13.9,73811,10.9639,1.52
1787726967.325,1532,13.9,73926,10.9349,1.52
1787726967.339,1533,13.8,73954,10.9593,1.52
1787726967.353,1534,13.9,73760,10.9530,1.52
1787726967.367,1535,13.9,73816,10.9531,1.52
1787726967.381,1536,13.9,73921,10.9426,1.52
1787726967.395,1537,13.9,73814,10.9644,1.52
1787726967.409,1538,13.9,73880,10.9675,1.52
1787726967.423,1539,14.1,72480,10.9271,1.52
1787726967.437,1540,13.8,73957,10.9216,1.52
1787726967.451,1541,13.9,73627,10.9618,1.52
1787726967.465,1542,13.9,73742,10.9679,1.52
1787726967.479,1543,13.9,73671,10.9643,1.52
1787726967.493,1544,13.9,73711,10.9735,1.52
1787726967.508,1545,14.4,71332,10.9602,1.52
1787726967.522,1546,13.9,73766,10.9315,1.52
1787726967.536,1547,13.9,73809,10.9376,1.52
1787726967.550,1548,13.9,73704,10.9529,1.52
1787726967.564,1549,13.9,73906,10.9586,1.52
1787726967.578,1550,13.9,73731,10.9419,1.52
1787726967.592,1551,13.9,73773,10.9564,1.52
1787726967.606,1552,13.9,73837,10.9512,1.52
1787726967.620,1553,13.9,73859,10.9611,1.52
1787726967.634,1554,13.9,73869,10.9454,1.52
1787726967.648,1555,13.8,73940,10.9261,1.52
1787726967.662,1556,13.9,73760,10.9663,1.52
1787726967.676,1557,13.9,73770,10.9878,1.52
1787726967.689,1558,13.9,73755,10.9632,1.52
1787726967.704,1559,13.9,73783,10.9539,1.52
1787726967.718,1560,13.9,73681,10.9544,1.52
1787726967.732,1561,13.9,73769,10.9471,1.52
1787726967.746,1562,13.9,73730,10.9530,1.52
1787726967.760,1563,13.9,73875,10.9625,1.52
1787726967.774,1564,13.9,73840,10.9686,1.52
1787726967.788,1565,13.9,73832,10.9352,1.52
1787726967.802,1566,13.8,73984,10.9547,1.52
1787726967.816,1567,13.9,73821,10.9607,1.52
1787726967.830,1568,13.9,73766,10.9223,1.52
1787726967.844,1569,13.9,73894,10.9560,1.52
1787726967.858,1570,14.1,72642,10.9634,1.52
1787726967.872,1571,13.9,73601,10.9732,1.52
1787726967.886,1572,13.9,73925,10.9762,1.52
1787726967.900,1573,13.8,73953,10.9662,1.52
1787726967.914,1574,13.9,73785,10.9242,1.52
1787726967.928,1575,13.9,73825,10.9403,1.52
1787726967.942,1576,13.9,73849,10.9505,1.52
1787726967.956,1577,13.9,73808,10.9638,1.52
1787726967.970,1578,13.9,73674,10.9499,1.52
1787726967.984,1579,13.9,73868,10.9367,1.52
1787726967.998,1580,13.9,73837,10.9260,1.52
1787726968.012,1581,13.9,73794,10.9332,1.52
1787726968.026,1582,13.9,73732,10.9420,1.52
1787726968.040,1583,13.9,73709,10.9330,1.52
1787726968.054,1584,13.9,73865,10.9611,1.52
1787726968.068,1585,13.9,73816,10.9645,1.52
1787726968.081,1586,13.9,73880,10.9679,1.52
1787726968.095,1587,13.8,73992,10.9504,1.52
1787726968.109,1588,13.9,73854,10.9279,1.52
1787726968.123,1589,13.9,73817,10.9530,1.52
1787726968.137,1590,13.9,73818,10.9540,1.52
1787726968.151,1591,13.8,73989,10.9406,1.52
1787726968.165,1592,13.9,73733,10.9612,1.52
1787726968.179,1593,13.9,73687,10.9581,1.52
1787726968.193,1594,13.9,73780,10.9634,1.52
1787726968.207,1595,13.9,73760,10.9733,1.52
1787726968.221,1596,13.9,73657,10.9454,1.52
1787726968.235,1597,13.9,73766,10.9338,1.52
1787726968.249,1598,13.9,73840,10.9408,1.52
1787726968.263,1599,13.9,73896,10.9492,1.52
1787726968.277,1600,13.9,73863,10.9606,1.52
1787726968.291,1601,13.9,73711,10.9753,1.52
1787726968.305,1602,13.9,73920,10.9288,1.52
1787726968.319,1603,13.9,73854,10.9232,1.52
1787726968.333,1604,13.9,73737,10.9399,1.52
1787726968.347,1605,13.9,73803,10.9543,1.52
1787726968.361,1606,13.8,73944,10.9416,1.52
1787726968.375,1607,13.9,73853,10.9645,1.52
1787726968.389,1608,13.9,73887,10.9425,1.52
1787726968.403,1609,13.9,73726,10.9556,1.52
1787726968.417,1610,13.9,73716,10.9827,1.52
1787726968.431,1611,13.9,73917,10.9838,1.52
1787726968.445,1612,13.9,73916,10.9620,1.52
1787726968.459,1613,13.9,73793,10.9449,1.52
1787726968.473,1614,13.8,73973,10.9522,1.52
1787726968.487,1615,13.9,73858,10.9552,1.52
1787726968.501,1616,13.9,73808,10.9506,1.52
1787726968.515,1617,13.9,73851,10.9694,1.52
1787726968.529,1618,13.9,73850,10.9497,1.52
1787726968.543,1619,13.9,73687,10.9165,1.52
1787726968.557,1620,13.9,73875,10.9479,1.52
1787726968.571,1621,13.9,73756,10.9420,1.52
1787726968.585,1622,13.9,73875,10.9309,1.52
1787726968.599,1623,13.9,73817,10.9740,1.52
1787726968.613,1624,13.9,73597,10.9860,1.52
1787726968.627,1625,13.9,73709,10.9487,1.52
1787726968.642,1626,14.8,69171,10.9416,1.52
1787726968.656,1627,13.9,73567,10.9544,1.52
1787726968.670,1628,14.1,72712,10.9426,1.52
1787726968.684,1629,13.9,73692,10.9288,1.52
1787726968.698,1630,13.9,73817,10.9598,1.52
1787726968.712,1631,13.9,73588,10.9604,1.52
1787726968.726,1632,13.9,73604,10.9371,1.52
1787726968.740,1633,13.9,73875,10.9446,1.52
1787726968.754,1634,14.0,73235,10.9860,1.52
1787726968.768,1635,13.9,73882,10.9463,1.52
1787726968.782,1636,13.9,73779,10.9140,1.52
1787726968.796,1637,13.9,73604,10.9244,1.52
1787726968.810,1638,13.9,73874,10.9519,1.52
1787726968.824,1639,13.9,73780,10.9403,1.52
1787726968.838,1640,13.9,73783,10.9431,1.52
1787726968.852,1641,13.9,73620,10.9324,1.52
1787726968.866,1642,13.9,73779,10.9519,1.52
1787726968.880,1643,13.9,73865,10.9586,1.52
1787726968.894,1644,13.9,73770,10.9523,1.52
1787726968.908,1645,13.9,73718,10.9562,1.52
1787726968.922,1646,13.9,73828,10.9512,1.52
1787726968.936,1647,13.9,73792,10.9379,1.52
1787726968.950,1648,13.9,73741,10.9652,1.52
1787726968.964,1649,13.9,73723,10.9199,1.52
1787726968.978,1650,13.9,73789,10.9643,1.52
1787726968.992,1651,13.9,73597,10.9404,1.52
1787726969.006,1652,13.9,73719,10.9700,1.52
1787726969.020,1653,13.9,73688,10.9483,1.52
1787726969.034,1654,13.9,73764,10.9487,1.52
1787726969.048,1655,13.8,73950,10.9235,1.52
1787726969.062,1656,13.9,73809,10.9647,1.52
1787726969.076,1657,13.9,73820,10.9431,1.52
1787726969.090,1658,13.9,73764,10.9614,1.52
1787726969.104,1659,13.9,73842,10.9651,1.52
1787726969.118,1660,13.9,73851,10.9548,1.52
1787726969.132,1661,13.9,73773,10.9651,1.52
1787726969.146,1662,13.9,73750,10.9529,1.52
1787726969.160,1663,13.9,73886,10.9374,1.52
1787726969.174,1664,13.9,73736,10.9190,1.52
1787726969.188,1665,13.9,73598,10.9397,1.52
1787726969.253,1666,63.9,16026,10.9345,1.52
1787726969.317,1667,64.4,15901,10.9288,1.52
1787726969.355,1668,37.7,27174,10.9345,1.52
1787726969.375,1669,19.7,52103,10.9241,1.52
1787726969.418,1670,42.8,23926,10.9368,1.52
1787726969.485,1671,66.3,15443,10.9645,1.52
1787726969.553,1672,67.2,15248,10.9561,1.52
1787726969.573,1673,19.9,51545,10.9387,1.52
1787726969.594,1674,20.5,49975,10.9634,1.52
1787726969.663,1675,68.7,14905,10.9323,1.52
1787726969.734,1676,70.6,14496,10.9317,1.52
1787726969.783,1677,49.1,20873,10.9404,1.52
1787726969.804,1678,20.2,50656,10.9694,1.52
1787726969.828,1679,24.3,42198,10.9858,1.52
1787726969.873,1680,44.4,23059,10.9468,1.52
1787726969.924,1681,50.6,20253,10.9541,1.52
1787726969.939,1682,14.6,69943,10.9790,1.52
1787726969.954,1683,14.7,69604,10.9657,1.52
1787726969.968,1684,14.3,71644,10.9622,1.52
1787726969.982,1685,14.0,73377,10.9398,1.52
1787726969.996,1686,13.9,73607,10.9439,1.52
1787726970.010,1687,13.9,73814,10.9533,1.52
1787726970.024,1688,13.9,73771,10.9492,1.52
1787726970.038,1689,13.9,73812,10.9252,1.52
1787726970.052,1690,13.9,73735,10.9516,1.52
1787726970.066,1691,13.9,73651,10.9500,1.52
1787726970.080,1692,13.9,73704,10.9430,1.52
1787726970.094,1693,13.9,73776,10.9557,1.52
1787726970.108,1694,13.9,73751,10.9474,1.52
1787726970.122,1695,13.9,73808,10.9500,1.52
1787726970.136,1696,13.9,73808,10.9408,1.52
1787726970.150,1697,13.9,73795,10.9413,1.52
1787726970.164,1698,13.9,73745,10.9583,1.52
1787726970.178,1699,13.9,73847,10.9679,1.52
1787726970.192,1700,13.9,73688,10.9323,1.52
1787726970.206,1701,13.9,73714,10.9399,1.52
1787726970.220,1702,13.9,73784,10.9372,1.52
1787726970.234,1703,13.9,73757,10.9516,1.52
1787726970.248,1704,13.9,73695,10.9771,1.52
1787726970.262,1705,13.9,73811,10.9586,1.52
1787726970.276,1706,13.9,73742,10.9654,1.52
1787726970.290,1707,13.9,73807,10.9480,1.52
1787726970.304,1708,13.9,73898,10.9284,1.52
1787726970.318,1709,13.9,73823,10.9799,1.52
1787726970.332,1710,13.9,73666,10.9665,1.52
1787726970.346,1711,13.9,73784,10.9430,1.52
1787726970.360,1712,13.9,73644,10.9555,1.52
1787726970.374,1713,13.9,73872,10.9737,1.52
1787726970.388,1714,13.9,73825,10.9431,1.52
1787726970.402,1715,13.9,73827,10.9392,1.52
1787726970.416,1716,13.9,73462,10.9852,1.52
1787726970.430,1717,13.9,73849,10.9308,1.52
1787726970.444,1718,13.9,73669,10.9525,1.52
1787726970.458,1719,13.9,73764,10.9545,1.52
1787726970.472,1720,13.9,73741,10.9507,1.52
1787726970.486,1721,13.9,73771,10.9514,1.52
1787726970.500,1722,13.9,73702,10.9420,1.52
1787726970.514,1723,13.9,73804,10.9691,1.52
1787726970.528,1724,13.9,73769,10.9764,1.52
1787726970.542,1725,13.9,73850,10.9432,1.52
1787726970.556,1726,13.9,73752,10.9502,1.52
1787726970.570,1727,13.9,73754,10.9571,1.52
1787726970.584,1728,13.9,73808,10.9604,1.52
1787726970.598,1729,13.9,73756,10.9336,1.52
1787726970.612,1730,13.9,73757,10.9615,1.52
1787726970.626,1731,13.9,73723,10.9653,1.52
1787726970.640,1732,13.9,73630,10.9505,1.52
1787726970.654,1733,13.9,73817,10.9487,1.52
1787726970.668,1734,13.9,73817,10.9527,1.52
1787726970.682,1735,13.9,73773,10.9426,1.52
1787726970.696,1736,13.9,73768,10.9838,1.52
1787726970.710,1737,13.9,73622,10.9448,1.52
1787726970.724,1738,13.9,73707,10.9543,1.52
1787726970.738,1739,13.9,73907,10.9394,1.52
1787726970.752,1740,13.9,73818,10.9482,1.52
1787726970.766,1741,13.9,73780,10.9463,1.52
1787726970.780,1742,13.9,73861,10.9410,1.52
1787726970.794,1743,13.8,73949,10.9235,1.52
1787726970.809,1744,14.5,70479,10.9391,1.52
1787726970.823,1745,13.9,73812,10.9268,1.52
1787726970.837,1746,13.8,73977,10.9449,1.52
1787726970.851,1747,13.8,73966,10.9426,1.52
1787726970.865,1748,13.9,73714,10.9641,1.52
1787726970.879,1749,13.9,73754,10.9560,1.52
1787726970.893,1750,13.9,73821,10.9596,1.52
1787726970.907,1751,13.8,73975,10.9320,1.52
1787726970.920,1752,13.8,73981,10.9609,1.52
1787726970.934,1753,13.9,73859,10.9459,1.52
1787726970.948,1754,13.8,73942,10.9595,1.52
1787726970.962,1755,13.9,73924,10.9635,1.52
1787726970.976,1756,13.9,73853,10.9690,1.52
1787726970.990,1757,13.9,73781,10.9461,1.52
1787726971.004,1758,13.9,73687,10.9802,1.52
1787726971.018,1759,13.9,73754,10.9360,1.52
1787726971.032,1760,13.9,73814,10.9490,1.52
1787726971.046,1761,13.9,73716,10.9511,1.52
1787726971.060,1762,13.9,73764,10.9604,1.52
1787726971.074,1763,13.9,73877,10.9724,1.52
1787726971.088,1764,13.9,73807,10.9682,1.52
1787726971.102,1765,13.9,73868,10.9631,1.52
1787726971.116,1766,13.9,73749,10.9477,1.52
1787726971.130,1767,13.9,73743,10.9423,1.52
1787726971.144,1768,13.9,73773,10.9374,1.52
1787726971.158,1769,13.9,73809,10.9664,1.52
1787726971.172,1770,13.9,73714,10.9477,1.52
1787726971.186,1771,13.9,73736,10.9425,1.52
1787726971.200,1772,13.9,73849,10.9571,1.52
1787726971.214,1773,13.9,73774,10.9463,1.52
1787726971.228,1774,13.9,73930,10.9650,1.52
1787726971.242,1775,13.9,73703,10.9632,1.52
1787726971.256,1776,13.9,73761,10.9707,1.52
1787726971.270,1777,13.8,74019,10.9353,1.52
1787726971.284,1778,13.9,73907,10.9590,1.52
1787726971.298,1779,13.9,73891,10.9591,1.52
1787726971.312,1780,13.9,73780,10.9347,1.52
1787726971.326,1781,13.9,73780,10.9623,1.52
1787726971.340,1782,13.9,73823,10.9382,1.52
1787726971.354,1783,13.9,73860,10.9483,1.52
1787726971.368,1784,13.9,73719,10.9180,1.52
1787726971.382,1785,13.9,73811,10.9329,1.52
1787726971.396,1786,13.8,73950,10.9507,1.52
1787726971.410,1787,13.9,73741,10.9776,1.52
1787726971.424,1788,13.9,73894,10.9587,1.52
1787726971.438,1789,13.9,73875,10.9447,1.52
1787726971.452,1790,13.9,73855,10.9394,1.52
1787726971.466,1791,13.9,73840,10.9562,1.52
1787726971.480,1792,13.9,73741,10.9370,1.52
1787726971.494,1793,13.9,73713,10.9313,1.52
1787726971.508,1794,13.9,73902,10.9440,1.52
1787726971.522,1795,13.8,73961,10.9388,1.52
1787726971.536,1796,13.9,73873,10.9448,1.52
1787726971.550,1797,13.9,73816,10.9535,1.52
1787726971.564,1798,13.9,73795,10.9575,1.52
1787726971.578,1799,13.9,73766,10.9473,1.52
1787726971.592,1800,13.9,73808,10.9507,1.52
1787726971.606,1801,13.9,73886,10.9335,1.52
1787726971.619,1802,13.9,73920,10.9484,1.52
1787726971.633,1803,13.9,73912,10.9546,1.52
1787726971.647,1804,13.9,73835,10.9431,1.52
1787726971.661,1805,13.9,73811,10.9565,1.52
1787726971.676,1806,13.9,73466,10.9553,1.52
1787726971.690,1807,13.9,73853,10.9385,1.52
1787726971.704,1808,13.9,73832,10.9353,1.52
1787726971.718,1809,13.9,73436,10.9741,1.52
1787726971.732,1810,13.9,73742,10.9461,1.52
1787726971.746,1811,13.8,73992,10.9534,1.52
1787726971.760,1812,13.9,73709,10.9424,1.52
1787726971.774,1813,13.9,73897,10.9544,1.52
1787726971.788,1814,13.9,73894,10.9352,1.52
1787726971.801,1815,13.9,73922,10.9165,1.52
1787726971.815,1816,13.9,73790,10.9551,1.52
1787726971.829,1817,13.9,73860,10.9263,1.52
1787726971.843,1818,13.9,73921,10.9528,1.52
1787726971.857,1819,13.9,73847,10.9409,1.52
1787726971.871,1820,13.9,73730,10.9640,1.52
1787726971.886,1821,14.2,72288,10.9621,1.52
1787726971.900,1822,13.9,73784,10.9572,1.52
1787726971.914,1823,13.9,73813,10.9336,1.52
1787726971.928,1824,13.9,73652,10.9474,1.52
1787726971.942,1825,13.9,73707,10.9648,1.52
1787726971.956,1826,13.9,73811,10.9579,1.52
1787726971.970,1827,13.9,73731,10.9544,1.52
1787726971.984,1828,13.9,73803,10.9500,1.52
1787726971.998,1829,13.9,73851,10.9385,1.52
1787726972.012,1830,13.9,73607,10.9320,1.52
1787726972.026,1831,13.9,73761,10.9472,1.52
1787726972.040,1832,13.9,73750,10.9586,1.52
1787726972.054,1833,13.9,73833,10.9290,1.52
1787726972.068,1834,13.9,73778,10.9525,1.52
1787726972.082,1835,13.8,74037,10.9644,1.52
1787726972.096,1836,13.9,73903,10.9690,1.52
1787726972.110,1837,13.8,73952,10.9556,1.52
1787726972.124,1838,13.9,73875,10.9706,1.52
1787726972.138,1839,13.9,73780,10.9536,1.52
1787726972.151,1840,13.9,73929,10.9527,1.52
1787726972.165,1841,13.9,73888,10.9660,1.52
1787726972.179,1842,13.9,73877,10.9605,1.52
1787726972.193,1843,13.9,73875,10.9384,1.52
1787726972.207,1844,13.9,73746,10.9618,1.52
1787726972.221,1845,13.9,73837,10.9442,1.52
1787726972.235,1846,13.8,74004,10.9544,1.52
1787726972.249,1847,13.9,73666,10.9520,1.52
1787726972.263,1848,13.9,73749,10.9393,1.52
1787726972.277,1849,13.9,73778,10.9508,1.52
1787726972.291,1850,13.9,73869,10.9442,1.52
1787726972.305,1851,13.9,73750,10.9511,1.52
1787726972.319,1852,13.9,73659,10.9528,1.52
1787726972.333,1853,13.9,73582,10.9498,1.52
1787726972.347,1854,13.9,73692,10.9590,1.52
1787726972.361,1855,13.9,73534,10.9617,1.52
1787726972.375,1856,13.9,73847,10.9486,1.52
1787726972.389,1857,13.9,73897,10.9543,1.52
1787726972.403,1858,13.9,73847,10.9538,1.52
1787726972.417,1859,13.9,73877,10.9361,1.52
1787726972.431,1860,13.9,73865,10.9877,1.52
1787726972.445,1861,13.9,73771,10.9508,1.52
1787726972.459,1862,13.9,73602,10.9525,1.52
1787726972.473,1863,13.9,73745,10.9453,1.52
1787726972.487,1864,13.9,73754,10.9735,1.52
1787726972.501,1865,13.9,73841,10.9528,1.52
1787726972.515,1866,13.9,73877,10.9552,1.52
1787726972.529,1867,13.9,73726,10.9669,1.52
1787726972.543,1868,13.9,73693,10.9730,1.52
1787726972.557,1869,13.9,73613,10.9222,1.52
1787726972.571,1870,13.9,73781,10.9468,1.52
1787726972.585,1871,13.9,73800,10.9647,1.52
1787726972.599,1872,13.9,73839,10.9714,1.52
1787726972.613,1873,13.9,73788,10.9297,1.52
1787726972.627,1874,13.9,73830,10.9640,1.52
1787726972.641,1875,13.9,73733,10.9431,1.52
1787726972.655,1876,13.9,73742,10.9242,1.52
1787726972.669,1877,13.9,73769,10.9402,1.52
1787726972.683,1878,13.9,73827,10.9509,1.52
1787726972.697,1879,13.9,73745,10.9286,1.52
1787726972.711,1880,13.9,73514,10.9261,1.52
1787726972.725,1881,13.9,73708,10.9566,1.52
1787726972.739,1882,13.9,73706,10.9439,1.52
1787726972.753,1883,13.8,73995,10.9691,1.52
1787726972.767,1884,13.9,73698,10.9400,1.52
1787726972.781,1885,13.9,73820,10.9633,1.52
1787726972.795,1886,13.9,73718,10.9409,1.52
1787726972.809,1887,13.9,73787,10.9248,1.52
1787726972.823,1888,13.9,73618,10.9626,1.52
1787726972.837,1889,13.9,73842,10.9559,1.52
1787726972.851,1890,13.9,73809,10.9582,1.52
1787726972.865,1891,13.9,73726,10.9609,1.52
1787726972.879,1892,13.9,73784,10.9451,1.52
1787726972.893,1893,13.9,73733,10.9511,1.52
1787726972.907,1894,13.9,73649,10.9677,1.52
1787726972.921,1895,13.9,73828,10.9581,1.52
1787726972.935,1896,13.9,73765,10.9301,1.52
1787726972.949,1897,13.9,73880,10.9581,1.52
1787726972.963,1898,13.8,73990,10.9511,1.52
1787726972.977,1899,13.9,73703,10.9256,1.52
1787726972.991,1900,13.9,73802,10.9674,1.52
1787726973.005,1901,13.9,73726,10.9329,1.52
1787726973.019,1902,13.9,73722,10.9561,1.52
1787726973.033,1903,13.9,73732,10.9477,1.52
1787726973.047,1904,13.9,73752,10.9353,1.52
1787726973.061,1905,13.9,73519,10.9476,1.52
1787726973.075,1906,13.9,73811,10.9786,1.52
1787726973.089,1907,13.9,73869,10.9970,1.52
1787726973.103,1908,13.9,73859,10.9410,1.52
1787726973.117,1909,13.9,73842,10.9695,1.52
1787726973.131,1910,13.9,73745,10.9635,1.52
1787726973.145,1911,13.9,73872,10.9694,1.52
1787726973.159,1912,13.9,73866,10.9292,1.52
1787726973.173,1913,13.9,73730,10.9652,1.52
1787726973.187,1914,13.9,73897,10.9381,1.52
1787726973.201,1915,13.9,73783,10.9493,1.52
1787726973.215,1916,13.9,73692,10.9709,1.52
1787726973.229,1917,13.9,73839,10.9627,1.52
1787726973.243,1918,13.9,73752,10.9690,1.52
1787726973.257,1919,13.9,73878,10.9269,1.52
1787726973.271,1920,13.9,73933,10.9566,1.52
1787726973.285,1921,13.9,73851,10.9317,1.52
1787726973.299,1922,13.9,73872,10.9510,1.52
1787726973.313,1923,13.9,73860,10.9583,1.52
1787726973.327,1924,13.9,73804,10.9519,1.52
1787726973.341,1925,13.9,73837,10.9628,1.52
1787726973.355,1926,13.9,73779,10.9516,1.52
1787726973.369,1927,13.9,73774,10.9392,1.52
1787726973.383,1928,13.9,73870,10.9462,1.52
1787726973.397,1929,13.8,73956,10.9211,1.52
1787726973.411,1930,13.9,73738,10.9601,1.52
1787726973.425,1931,13.9,73446,10.9301,1.52
1787726973.439,1932,13.9,73579,10.9456,1.52
1787726973.453,1933,13.9,73817,10.9318,1.52
1787726973.467,1934,13.9,73773,10.9489,1.52
1787726973.481,1935,13.9,73746,10.9799,1.52
1787726973.495,1936,13.9,73907,10.9247,1.52
1787726973.509,1937,13.9,73925,10.9483,1.52
1787726973.523,1938,13.9,73694,10.9568,1.52
1787726973.537,1939,13.9,73823,10.9430,1.52
1787726973.551,1940,13.9,73837,10.9294,1.52
1787726973.565,1941,13.9,73550,10.9348,1.52
1787726973.579,1942,13.9,73869,10.9730,1.52
1787726973.593,1943,13.9,73771,10.9611,1.52
1787726973.607,1944,14.0,73253,10.9598,1.52
1787726973.621,1945,14.0,73372,10.9439,1.52
1787726973.635,1946,13.9,73695,10.9615,1.52
1787726973.649,1947,13.9,73661,10.9352,1.52
1787726973.663,1948,13.9,73747,10.9681,1.52
1787726973.677,1949,13.9,73797,10.9431,1.52
1787726973.691,1950,13.9,73697,10.9481,1.52
1787726973.705,1951,13.9,73497,10.9681,1.52
1787726973.719,1952,14.0,73213,10.9501,1.52
1787726973.733,1953,13.9,73430,10.9334,1.52
1787726973.747,1954,13.9,73732,10.9445,1.52
1787726973.761,1955,13.9,73627,10.9564,1.52
1787726973.775,1956,13.9,73807,10.9636,1.52
1787726973.789,1957,13.9,73741,10.9315,1.52
1787726973.803,1958,13.9,73787,10.9246,1.52
1787726973.817,1959,13.9,73623,10.9489,1.52
1787726973.831,1960,13.9,73769,10.9475,1.52
1787726973.845,1961,13.9,73706,10.9477,1.52
1787726973.859,1962,13.8,73950,10.9397,1.52
1787726973.873,1963,13.9,73752,10.9520,1.52
1787726973.887,1964,13.9,73737,10.9606,1.52
1787726973.901,1965,13.9,73651,10.9452,1.52
1787726973.915,1966,13.9,73866,10.9712,1.52
1787726973.929,1967,13.9,73827,10.9314,1.52
1787726973.943,1968,13.9,73912,10.9425,1.52
1787726973.957,1969,13.9,73737,10.9479,1.52
1787726973.971,1970,13.9,73754,10.9667,1.52
1787726973.985,1971,13.9,73774,10.9317,1.52
1787726973.999,1972,13.9,73599,10.9402,1.52
1787726974.013,1973,13.9,73787,10.9633,1.52
1787726974.027,1974,13.9,73693,10.9039,1.52
1787726974.041,1975,13.9,73718,10.9540,1.52
1787726974.055,1976,13.9,73747,10.9471,1.52
1787726974.069,1977,13.9,73650,10.9550,1.52
1787726974.083,1978,13.9,73840,10.9523,1.52
1787726974.097,1979,13.9,73766,10.9551,1.52
1787726974.111,1980,13.9,73575,10.9817,1.52
1787726974.125,1981,13.9,73709,10.9202,1.52
1787726974.139,1982,13.9,73765,10.9417,1.52
1787726974.153,1983,13.9,73602,10.9432,1.52
1787726974.167,1984,13.9,73708,10.9427,1.52
1787726974.181,1985,13.9,73813,10.9413,1.52
1787726974.195,1986,13.9,73612,11.0055,1.52
1787726974.209,1987,13.9,73889,10.9551,1.52
1787726974.223,1988,13.9,73799,10.9571,1.52
1787726974.237,1989,13.9,73604,10.9476,1.52
1787726974.252,1990,14.1,72626,10.9093,1.52
1787726974.266,1991,13.9,73854,10.9434,1.52
1787726974.279,1992,13.9,73797,10.9202,1.52
1787726974.293,1993,13.9,73886,10.9503,1.52
1787726974.307,1994,13.9,73877,10.9257,1.52
1787726974.321,1995,13.9,73761,10.9441,1.52
1787726974.335,1996,13.9,73699,10.9499,1.52
1787726974.349,1997,13.8,73943,10.9407,1.52
1787726974.363,1998,13.8,73990,10.9516,1.52
1787726974.377,1999,13.9,73914,10.9502,1.52
1787726974.391,2000,13.9,73673,10.9369,1.52
1787726974.405,2001,13.9,73884,10.9313,1.52
1787726974.419,2002,13.9,73727,10.9444,1.52
1787726974.433,2003,13.9,73707,10.9491,1.52
1787726974.447,2004,13.9,73573,10.9635,1.52
1787726974.461,2005,13.9,73623,10.9631,1.52
1787726974.475,2006,13.9,73625,10.9875,1.52
1787726974.489,2007,13.9,73699,10.9491,1.52
1787726974.503,2008,13.9,73688,10.9017,1.52
1787726974.517,2009,13.9,73823,10.9659,1.52
1787726974.531,2010,13.9,73771,10.9509,1.52
1787726974.545,2011,13.9,73774,10.9579,1.52
1787726974.559,2012,13.9,73799,10.9713,1.52
1787726974.573,2013,13.9,73721,10.9363,1.52
1787726974.587,2014,13.9,73794,10.9644,1.52
1787726974.601,2015,13.9,73872,10.9332,1.52
1787726974.615,2016,13.9,73780,10.9300,1.52
1787726974.629,2017,13.9,73888,10.9347,1.52
1787726974.643,2018,13.9,73659,10.9231,1.52
1787726974.657,2019,13.9,73702,10.9375,1.52
1787726974.671,2020,13.9,73751,10.9741,1.52
1787726974.685,2021,13.9,73804,10.9501,1.52
1787726974.699,2022,13.9,73914,10.9434,1.52
1787726974.713,2023,13.9,73626,10.9738,1.52
1787726974.727,2024,13.9,73727,10.9558,1.52
1787726974.741,2025,13.9,73813,10.9475,1.52
1787726974.755,2026,13.9,73901,10.9730,1.52
1787726974.769,2027,13.9,73922,10.9471,1.52
1787726974.783,2028,13.9,73797,10.9306,1.52
1787726974.797,2029,13.9,73602,10.9184,1.52
1787726974.811,2030,13.9,73789,10.9561,1.52
1787726974.825,2031,13.9,73873,10.9710,1.52
1787726974.839,2032,13.9,73864,10.9423,1.52
1787726974.853,2033,13.9,73771,10.9319,1.52
1787726974.867,2034,13.9,73832,10.9505,1.52
1787726974.881,2035,13.9,73762,10.9303,1.52
1787726974.895,2036,13.9,73737,10.9471,1.52
1787726974.909,2037,13.9,73709,10.9666,1.52
1787726974.923,2038,13.9,73898,10.9234,1.52
1787726974.937,2039,13.9,73751,10.9300,1.52
1787726974.951,2040,13.9,73883,10.9521,1.52
1787726974.965,2041,13.9,73790,10.9545,1.52
1787726974.979,2042,13.9,73789,10.9545,1.52
1787726974.993,2043,13.9,73792,10.9553,1.52
1787726975.007,2044,13.8,73948,10.9689,1.52
1787726975.021,2045,13.9,73928,10.9404,1.52
1787726975.035,2046,13.9,73837,10.9547,1.52
1787726975.049,2047,13.9,73882,10.9682,1.52
1787726975.063,2048,13.9,73853,10.9547,1.52
1787726975.077,2049,13.8,73950,10.9227,1.52
1787726975.091,2050,13.9,73755,10.9819,1.52
1787726975.105,2051,13.9,73868,10.9448,1.52
1787726975.119,2052,13.9,73698,10.9360,1.52
1787726975.133,2053,13.9,73745,10.9647,1.52
1787726975.147,2054,13.9,73850,10.9454,1.52
1787726975.161,2055,13.9,73788,10.9584,1.52
1787726975.175,2056,13.9,73780,10.9560,1.52
1787726975.189,2057,13.9,73711,10.9378,1.52
1787726975.203,2058,13.9,73769,10.9681,1.52
1787726975.217,2059,13.9,73740,10.9582,1.52
1787726975.231,2060,13.9,73825,10.9235,1.52
1787726975.245,2061,13.9,73783,10.9010,1.52
1787726975.259,2062,13.9,73708,10.9397,1.52
1787726975.273,2063,13.9,73732,10.9595,1.52
1787726975.287,2064,13.9,73755,10.9940,1.52
1787726975.301,2065,13.9,73760,10.9406,1.52
1787726975.315,2066,13.9,73778,10.9380,1.52
1787726975.329,2067,13.9,73812,10.9248,1.52
1787726975.343,2068,13.9,73741,10.9631,1.52
1787726975.357,2069,13.9,73814,10.9624,1.52
1787726975.371,2070,13.9,73797,10.9450,1.52
1787726975.385,2071,13.8,73956,10.9640,1.52
1787726975.399,2072,13.9,73830,10.9497,1.52
1787726975.413,2073,14.0,72930,10.9577,1.52
1787726975.427,2074,13.9,73866,10.9513,1.52
1787726975.441,2075,13.8,73963,10.9464,1.52
1787726975.455,2076,14.0,73292,10.9215,1.52
1787726975.469,2077,13.9,73844,10.9742,1.52
1787726975.483,2078,13.9,73766,10.9323,1.52
1787726975.497,2079,13.9,73875,10.9615,1.52
1787726975.511,2080,13.9,73825,10.9216,1.52
1787726975.525,2081,13.9,73727,10.9459,1.52
1787726975.539,2082,13.9,73788,10.9253,1.52
1787726975.553,2083,13.9,73779,10.9307,1.52
1787726975.567,2084,13.9,73706,10.9702,1.52
1787726975.581,2085,13.9,73695,10.9543,1.52
1787726975.595,2086,13.9,73703,10.9698,1.52
1787726975.609,2087,13.9,73785,10.9774,1.52
1787726975.623,2088,13.9,73841,10.9540,1.52
1787726975.637,2089,13.9,73882,10.9161,1.52
1787726975.651,2090,13.9,73840,10.9401,1.52
1787726975.665,2091,13.9,73911,10.9650,1.52
1787726975.679,2092,13.9,73825,10.9319,1.52
1787726975.693,2093,13.9,73750,10.9553,1.52
1787726975.707,2094,13.9,73711,10.9516,1.52
1787726975.721,2095,13.9,73618,10.9730,1.52
1787726975.735,2096,13.9,73727,10.9788,1.52
1787726975.749,2097,13.9,73826,10.9315,1.52
1787726975.763,2098,13.9,73813,10.9553,1.52
1787726975.777,2099,13.9,73798,10.9553,1.52
1787726975.791,2100,13.9,73757,10.9552,1.52
1787726975.805,2101,13.9,73868,10.9627,1.52
1787726975.819,2102,13.8,73949,10.9332,1.52
1787726975.833,2103,13.8,73947,10.9521,1.52
1787726975.846,2104,13.9,73906,10.9501,1.52
1787726975.860,2105,13.9,73790,10.9561,1.52
1787726975.874,2106,13.9,73742,10.9718,1.52
1787726975.888,2107,13.9,73826,10.9453,1.52
1787726975.902,2108,13.9,73804,10.9537,1.52
1787726975.916,2109,13.9,73793,10.9503,1.52
1787726975.930,2110,13.9,73794,10.9657,1.52
1787726975.944,2111,13.9,73873,10.9292,1.52
1787726975.958,2112,13.9,73802,10.9431,1.52
1787726975.972,2113,13.9,73766,10.9290,1.52
1787726975.986,2114,13.9,73809,10.9740,1.52
1787726976.000,2115,13.9,73645,10.9798,1.52
1787726976.014,2116,13.9,73738,10.9449,1.52
1787726976.028,2117,13.9,73816,10.9408,1.52
1787726976.042,2118,13.9,73615,10.9509,1.52
1787726976.056,2119,13.9,73622,10.9146,1.52
1787726976.070,2120,13.9,73800,10.9706,1.52
1787726976.084,2121,13.9,73685,10.9509,1.52
1787726976.098,2122,13.9,73781,10.9596,1.52
1787726976.112,2123,13.9,73806,10.9531,1.52
1787726976.126,2124,13.9,73799,10.9455,1.52
1787726976.140,2125,13.9,73800,10.9416,1.52
1787726976.154,2126,13.9,73760,10.9665,1.52
1787726976.168,2127,13.9,73712,10.9297,1.52
1787726976.182,2128,13.9,73870,10.9381,1.52
1787726976.196,2129,13.9,73746,10.9564,1.52
1787726976.210,2130,13.9,73892,10.9326,1.52
1787726976.224,2131,13.9,73760,10.9564,1.52
1787726976.240,2132,15.3,67091,10.9340,1.52
1787726976.255,2133,15.0,68282,10.9489,1.52
1787726976.270,2134,14.5,70799,10.9546,1.52
1787726976.285,2135,15.2,67154,10.9528,1.52
1787726976.300,2136,14.5,70567,10.9532,1.52
1787726976.315,2137,14.5,70833,10.9380,1.52
1787726976.363,2138,47.8,21423,10.9400,1.52
1787726976.427,2139,64.3,15932,10.9710,1.52
1787726976.480,2140,52.1,19664,10.9786,1.52
1787726976.500,2141,19.6,52288,10.9168,1.52
1787726976.527,2142,26.8,38172,10.9256,1.52
1787726976.596,2143,68.5,14942,10.9260,1.52
1787726976.663,2144,66.7,15353,10.9579,1.52
1787726976.697,2145,33.6,30506,10.9305,1.52
1787726976.718,2146,20.2,50662,10.9439,1.52
1787726976.763,2147,44.6,22936,10.9562,1.52
1787726976.834,2148,70.7,14481,10.9570,1.52
1787726976.906,2149,72.2,14188,10.9403,1.52
1787726976.926,2150,19.2,53279,10.9077,1.52
1787726976.946,2151,19.9,51476,10.9729,1.52
1787726976.962,2152,15.6,65699,10.9648,1.52
1787726976.977,2153,15.2,67487,10.9468,1.52
1787726976.993,2154,15.3,66872,10.9481,1.52
1787726977.008,2155,15.0,68388,10.9600,1.52
1787726977.024,2156,15.5,66002,10.9693,1.52
1787726977.039,2157,15.1,67918,10.9562,1.52
1787726977.055,2158,15.3,66851,10.9505,1.52
1787726977.071,2159,16.0,64061,10.9497,1.52
1787726977.087,2160,15.4,66612,10.9158,1.52
1787726977.102,2161,15.3,66816,10.9515,1.52
1787726977.118,2162,15.4,66596,10.9508,1.52
1787726977.133,2163,15.0,68098,10.9413,1.52
1787726977.148,2164,15.1,67707,10.9881,1.52
1787726977.164,2165,15.0,68187,10.9518,1.52
1787726977.179,2166,15.0,68098,10.9417,1.52
1787726977.194,2167,15.0,68342,10.9506,1.52
1787726977.212,2168,17.8,57367,10.9245,1.52
1787726977.231,2169,17.8,57396,10.9490,1.52
1787726977.248,2170,17.3,59243,10.9298,1.52
1787726977.266,2171,17.5,58544,10.9580,1.52
1787726977.283,2172,17.5,58618,10.9483,1.52
1787726977.301,2173,17.4,58934,10.9615,1.52
1787726977.318,2174,17.4,58917,10.9441,1.52
1787726977.336,2175,17.5,58558,10.9478,1.52
1787726977.360,2176,24.0,42637,10.9361,1.52
1787726977.394,2177,32.9,31082,10.9572,1.52
1787726977.427,2178,33.1,30965,10.9631,1.52
1787726977.459,2179,32.4,31575,10.9547,1.52
1787726977.487,2180,27.1,37725,10.9581,1.52
1787726977.501,2181,14.6,70151,10.9252,1.52
1787726977.516,2182,14.5,70379,10.9628,1.52
1787726977.531,2183,14.6,70291,10.9332,1.52
1787726977.545,2184,14.5,70390,10.9337,1.52
1787726977.560,2185,14.5,70445,10.9333,1.52
1787726977.575,2186,14.5,70430,10.9577,1.52
1787726977.589,2187,14.5,70559,10.9444,1.52
1787726977.604,2188,14.5,70488,10.9455,1.52
1787726977.619,2189,14.5,70611,10.9501,1.52
1787726977.633,2190,14.5,70435,10.9563,1.52
1787726977.648,2191,14.6,70338,10.9596,1.52
1787726977.663,2192,14.5,70655,10.9491,1.52
1787726977.677,2193,14.5,70596,10.9521,1.52
1787726977.692,2194,14.5,70461,10.9643,1.52
1787726977.706,2195,14.5,70497,10.9233,1.52
1787726977.721,2196,14.6,70188,10.9572,1.52
1787726977.736,2197,14.5,70409,10.9413,1.52
1787726977.750,2198,14.5,70535,10.9530,1.52
1787726977.765,2199,14.5,70561,10.9646,1.52
1787726977.780,2200,14.5,70459,10.9638,1.52
1787726977.794,2201,14.5,70518,10.9618,1.52
1787726977.809,2202,14.5,70545,10.9511,1.52
1787726977.824,2203,14.5,70519,10.9566,1.52
1787726977.838,2204,14.5,70472,10.9594,1.52
1787726977.853,2205,14.5,70469,10.9505,1.52
1787726977.868,2206,14.5,70454,10.9661,1.52
1787726977.882,2207,14.5,70446,10.9389,1.52
1787726977.897,2208,14.5,70502,10.9513,1.52
1787726977.911,2209,14.5,70510,10.9528,1.52
1787726977.926,2210,14.5,70549,10.9456,1.52
1787726977.941,2211,14.6,70334,10.9388,1.52
1787726977.955,2212,14.5,70405,10.9277,1.52
1787726977.970,2213,14.5,70383,10.9444,1.52
1787726977.985,2214,14.5,70387,10.9555,1.52
1787726977.999,2215,14.6,70322,10.9162,1.52
1787726978.014,2216,14.5,70379,10.9474,1.52
1787726978.029,2217,14.5,70461,10.9625,1.52
1787726978.043,2218,14.5,70415,10.9499,1.52
1787726978.058,2219,14.5,70449,10.9364,1.52
1787726978.073,2220,14.5,70479,10.9467,1.52
1787726978.087,2221,14.5,70585,10.9512,1.52
1787726978.102,2222,14.5,70427,10.9150,1.52
1787726978.117,2223,14.5,70497,10.9580,1.52
1787726978.131,2224,14.5,70540,10.9212,1.52
1787726978.146,2225,14.5,70524,10.9303,1.52
1787726978.161,2226,14.5,70505,10.9453,1.52
1787726978.175,2227,14.5,70510,10.9398,1.52
1787726978.190,2228,14.5,70469,10.9548,1.52
1787726978.204,2229,14.5,70471,10.9688,1.52
1787726978.219,2230,14.5,70535,10.9633,1.52
1787726978.234,2231,14.5,70526,10.9282,1.52
1787726978.248,2232,14.5,70506,10.9670,1.52
1787726978.263,2233,14.5,70526,10.9615,1.52
1787726978.278,2234,14.5,70524,10.9390,1.52
1787726978.292,2235,14.5,70531,10.9547,1.52
1787726978.307,2236,14.5,70484,10.9477,1.52
1787726978.321,2237,14.5,70521,10.9505,1.52
1787726978.336,2238,14.5,70439,10.9714,1.52
1787726978.351,2239,14.5,70513,10.9518,1.52
1787726978.365,2240,14.5,70486,10.9414,1.52
1787726978.380,2241,14.5,70503,10.9463,1.52
1787726978.395,2242,14.5,70410,10.9607,1.52
1787726978.409,2243,14.5,70434,10.9590,1.52
1787726978.424,2244,14.5,70394,10.9355,1.52
1787726978.439,2245,14.5,70460,10.9647,1.52
1787726978.453,2246,14.5,70533,10.9478,1.52
1787726978.468,2247,14.5,70386,10.9483,1.52
1787726978.483,2248,14.5,70516,10.9559,1.52
1787726978.497,2249,14.5,70501,10.9234,1.52
1787726978.512,2250,14.6,70292,10.9367,1.52
1787726978.527,2251,14.5,70519,10.9489,1.52
1787726978.541,2252,14.5,70516,10.9687,1.52
1787726978.556,2253,14.5,70565,10.9672,1.52
1787726978.570,2254,14.5,70473,10.9542,1.52
1787726978.585,2255,14.5,70413,10.9570,1.52
1787726978.600,2256,14.5,70476,10.9070,1.52
1787726978.614,2257,14.6,70371,10.9663,1.52
1787726978.629,2258,14.5,70461,10.9499,1.52
1787726978.644,2259,14.5,70516,10.9387,1.52
1787726978.658,2260,14.5,70395,10.9513,1.52
1787726978.673,2261,14.6,70312,10.9305,1.52
1787726978.688,2262,14.5,70390,10.9263,1.52
1787726978.702,2263,14.5,70461,10.9588,1.52
1787726978.717,2264,14.5,70517,10.9405,1.52
1787726978.732,2265,14.5,70581,10.9736,1.52
1787726978.746,2266,14.5,70570,10.9561,1.52
1787726978.761,2267,14.5,70545,10.9568,1.52
1787726978.775,2268,14.5,70487,10.9238,1.52
1787726978.790,2269,14.5,70489,10.9656,1.52
1787726978.805,2270,14.5,70593,10.9717,1.52
1787726978.819,2271,14.5,70576,10.9433,1.52
1787726978.834,2272,14.6,70371,10.9591,1.52
1787726978.849,2273,14.5,70555,10.9361,1.52
1787726978.863,2274,14.5,70502,10.9511,1.52
1787726978.878,2275,14.5,70409,10.9553,1.52
1787726978.892,2276,14.5,70611,10.9505,1.52
1787726978.907,2277,14.5,70714,10.9611,1.52
1787726978.922,2278,14.6,70367,10.9533,1.52
1787726978.936,2279,14.5,70633,10.9386,1.52
1787726978.951,2280,14.5,70615,10.9725,1.52
1787726978.966,2281,14.5,70569,10.9394,1.52
1787726978.980,2282,14.5,70509,10.9575,1.52
1787726978.995,2283,14.7,69847,10.9616,1.52
1787726979.010,2284,14.5,70499,10.9534,1.52
1787726979.024,2285,14.5,70434,10.9619,1.52
1787726979.039,2286,14.5,70378,10.9478,1.52
1787726979.054,2287,14.5,70435,10.9299,1.52
1787726979.068,2288,14.5,70606,10.9664,1.52
1787726979.083,2289,14.5,70469,10.9584,1.52
1787726979.098,2290,14.5,70491,10.9510,1.52
1787726979.112,2291,14.5,70547,10.9397,1.52
1787726979.127,2292,14.6,70327,10.9477,1.52
1787726979.141,2293,14.5,70424,10.9583,1.52
1787726979.156,2294,14.5,70534,10.9438,1.52
1787726979.171,2295,14.5,70482,10.9475,1.52
1787726979.185,2296,14.5,70527,10.9537,1.52
1787726979.200,2297,14.5,70536,10.9535,1.52
1787726979.215,2298,14.5,70475,10.9563,1.52
1787726979.229,2299,14.5,70410,10.9551,1.52
1787726979.244,2300,14.6,70357,10.9554,1.52
1787726979.259,2301,14.5,70476,10.9527,1.52
1787726979.273,2302,14.5,70473,10.9417,1.52
1787726979.288,2303,14.5,70482,10.9497,1.52
1787726979.303,2304,14.5,70449,10.9324,1.52
1787726979.317,2305,14.5,70685,10.9370,1.52
1787726979.332,2306,14.5,70553,10.9321,1.52
1787726979.346,2307,14.5,70479,10.9474,1.52
1787726979.361,2308,14.5,70504,10.9477,1.52
1787726979.376,2309,14.5,70593,10.9348,1.52
1787726979.390,2310,14.5,70495,10.9710,1.52
1787726979.405,2311,14.5,70527,10.9442,1.52
1787726979.420,2312,14.5,70458,10.9459,1.52
1787726979.434,2313,14.5,70491,10.9648,1.52
1787726979.449,2314,14.5,70476,10.9704,1.52
1787726979.463,2315,14.5,70406,10.9607,1.52
1787726979.478,2316,14.5,70525,10.9407,1.52
1787726979.493,2317,14.5,70476,10.9485,1.52
1787726979.507,2318,14.5,70459,10.9402,1.52
1787726979.522,2319,14.5,70509,10.9534,1.52
1787726979.537,2320,14.5,70570,10.9481,1.52
1787726979.551,2321,14.5,70636,10.9450,1.52
1787726979.566,2322,14.5,70539,10.9531,1.52
1787726979.580,2323,14.5,70685,10.9590,1.52
1787726979.595,2324,14.5,70472,10.9435,1.52
1787726979.610,2325,14.5,70514,10.9576,1.52
1787726979.624,2326,14.5,70553,10.9222,1.52
1787726979.639,2327,14.5,70414,10.9878,1.52
1787726979.654,2328,14.5,70482,10.9446,1.52
1787726979.668,2329,14.5,70550,10.9396,1.52
1787726979.683,2330,14.5,70443,10.9325,1.52
1787726979.698,2331,14.5,70527,10.9615,1.52
1787726979.712,2332,14.5,70383,10.9585,1.52
1787726979.727,2333,14.6,70336,10.9520,1.52
1787726979.742,2334,14.8,69323,10.9485,1.52
1787726979.757,2335,14.6,70342,10.9545,1.52
1787726979.771,2336,14.5,70533,10.9472,1.52
1787726979.786,2337,14.5,70419,10.9690,1.52
1787726979.801,2338,14.9,68954,10.9564,1.52
1787726979.816,2339,14.5,70575,10.9508,1.52
1787726979.830,2340,14.5,70547,10.9551,1.52
1787726979.845,2341,14.6,70292,10.9314,1.52
1787726979.860,2342,14.5,70561,10.9384,1.52
1787726979.874,2343,14.5,70574,10.9595,1.52
1787726979.889,2344,14.5,70519,10.9737,1.52
1787726979.903,2345,14.5,70464,10.9513,1.52
1787726979.918,2346,14.5,70499,10.9412,1.52
1787726979.933,2347,14.6,70354,10.9719,1.52
1787726979.947,2348,14.5,70447,10.9707,1.52
1787726979.962,2349,14.5,70495,10.9410,1.52
1787726979.977,2350,14.5,70543,10.9568,1.52
1787726979.991,2351,14.6,70341,10.9683,1.52
1787726980.006,2352,14.5,70480,10.9580,1.52
1787726980.021,2353,14.5,70452,10.9626,1.52
1787726980.035,2354,14.5,70488,10.9271,1.52
1787726980.050,2355,14.5,70499,10.9596,1.52
1787726980.065,2356,14.5,70524,10.9325,1.52
1787726980.079,2357,14.5,70460,10.9664,1.52
1787726980.094,2358,14.5,70427,10.9188,1.52
1787726980.108,2359,14.5,70575,10.9567,1.52
1787726980.123,2360,14.6,70272,10.9477,1.52
1787726980.138,2361,14.5,70480,10.9115,1.52
1787726980.152,2362,14.5,70599,10.9578,1.52
1787726980.167,2363,14.8,69312,10.9509,1.52
1787726980.182,2364,14.5,70545,10.9369,1.52
1787726980.197,2365,14.5,70503,10.9626,1.52
1787726980.211,2366,14.5,70414,10.9466,1.52
1787726980.226,2367,14.5,70481,10.9436,1.52
1787726980.241,2368,14.5,70501,10.9423,1.52
1787726980.255,2369,14.5,70473,10.9370,1.52
1787726980.270,2370,14.5,70473,10.9675,1.52
1787726980.284,2371,14.5,70435,10.9382,1.52
1787726980.299,2372,14.5,70483,10.9361,1.52
1787726980.314,2373,14.5,70428,10.9322,1.52
1787726980.329,2374,14.9,68692,10.9273,1.52
1787726980.344,2375,15.1,67784,10.9490,1.52
1787726980.360,2376,15.2,67419,10.9386,1.52
1787726980.376,2377,15.6,65825,10.9514,1.52
1787726980.391,2378,14.9,68660,10.9701,1.52
1787726980.406,2379,15.4,66293,10.9423,1.52
1787726980.422,2380,15.3,66828,10.9567,1.52
1787726980.438,2381,15.5,66101,10.9459,1.52
1787726980.454,2382,15.7,65197,10.9578,1.52
1787726980.469,2383,15.0,68295,10.9531,1.52
1787726980.484,2384,15.1,67972,10.9440,1.52
1787726980.501,2385,16.2,63178,10.9551,1.52
1787726980.515,2386,14.6,70226,10.9255,1.52
1787726980.530,2387,14.6,70374,10.9683,1.52
1787726980.545,2388,14.6,70361,10.9421,1.52
1787726980.560,2389,15.0,68260,10.9644,1.52
1787726980.574,2390,14.6,70241,10.9448,1.52
1787726980.589,2391,14.5,70430,10.9522,1.52
1787726980.604,2392,14.6,70301,10.9516,1.52
1787726980.619,2393,14.6,70318,10.9520,1.52
1787726980.633,2394,14.5,70482,10.9514,1.52
1787726980.648,2395,14.5,70431,10.9678,1.52
1787726980.662,2396,14.5,70496,10.9426,1.52
1787726980.677,2397,14.5,70468,10.9612,1.52
1787726980.692,2398,14.6,70376,10.9696,1.52
1787726980.706,2399,14.5,70417,10.9463,1.52
1787726980.721,2400,14.6,70217,10.9499,1.52
1787726980.736,2401,14.5,70390,10.9239,1.52
1787726980.751,2402,14.5,70494,10.9304,1.52
1787726980.765,2403,14.5,70589,10.9484,1.52
1787726980.780,2404,14.5,70439,10.9445,1.52
1787726980.794,2405,14.5,70641,10.9528,1.52
1787726980.809,2406,14.6,70368,10.9399,1.52
1787726980.824,2407,14.5,70453,10.9751,1.52
1787726980.838,2408,14.5,70490,10.9428,1.52
1787726980.853,2409,14.5,70417,10.9288,1.52
1787726980.868,2410,14.5,70416,10.9478,1.52
1787726980.882,2411,14.5,70572,10.9452,1.52
1787726980.897,2412,14.6,70322,10.9455,1.52
1787726980.912,2413,14.5,70564,10.9467,1.52
1787726980.926,2414,14.5,70541,10.9397,1.52
1787726980.941,2415,14.5,70519,10.9397,1.52
1787726980.955,2416,14.5,70569,10.9200,1.52
1787726980.970,2417,14.5,70578,10.9110,1.52
1787726980.985,2418,14.5,70534,10.9606,1.52
1787726980.999,2419,14.5,70608,10.9522,1.52
1787726981.014,2420,14.5,70510,10.9536,1.52
1787726981.029,2421,14.9,68723,10.9655,1.52
1787726981.044,2422,14.6,70360,10.9521,1.52
1787726981.058,2423,14.5,70475,10.9483,1.52
1787726981.073,2424,14.6,70327,10.9583,1.52
1787726981.088,2425,14.5,70653,10.9555,1.52
1787726981.103,2426,15.2,67292,10.9242,1.52
1787726981.121,2427,17.1,59767,10.9586,1.52
1787726981.136,2428,15.1,68038,10.9544,1.52
1787726981.151,2429,14.9,68678,10.9682,1.52
1787726981.167,2430,15.6,65661,10.9236,1.52
1787726981.182,2431,14.8,68973,10.9300,1.52
1787726981.199,2432,16.2,63101,10.9561,1.52
1787726981.216,2433,17.0,60159,10.9124,1.52
1787726981.233,2434,17.1,59872,10.9569,1.52
1787726981.250,2435,16.3,62999,10.9370,1.52
1787726981.268,2436,17.7,57952,10.9260,1.52
1787726981.290,2437,21.6,47504,10.9377,1.52
1787726981.307,2438,17.4,58747,10.9530,1.52
1787726981.325,2439,17.1,59959,10.9476,1.52
1787726981.342,2440,17.5,58486,10.9532,1.52
1787726981.360,2441,17.5,58438,10.9572,1.52
1787726981.378,2442,17.3,59319,10.9554,1.52
1787726981.396,2443,18.0,56955,10.9591,1.52
1787726981.414,2444,18.1,56432,10.9258,1.52
1787726981.431,2445,16.4,62287,10.9314,1.52
1787726981.484,2446,52.7,19441,10.9570,1.52
1787726981.545,2447,61.0,16795,10.9436,1.52
1787726981.599,2448,53.8,19018,10.9475,1.52
1787726981.619,2449,19.1,53535,10.9518,1.52
1787726981.661,2450,42.6,24035,10.9279,1.52
1787726981.729,2451,67.0,15273,10.9648,1.52
1787726981.797,2452,67.8,15099,10.9283,1.52
1787726981.816,2453,19.2,53213,10.9370,1.52
1787726981.836,2454,19.7,52043,10.9250,1.52
1787726981.908,2455,71.8,14258,10.9641,1.52
1787726981.978,2456,69.5,14732,10.9480,1.52
1787726982.026,2457,48.1,21287,10.9467,1.52
1787726982.046,2458,19.6,52192,10.9590,1.52
1787726982.070,2459,23.2,44165,10.9485,1.52
1787726982.103,2460,32.9,31111,10.9268,1.52
1787726982.138,2461,34.4,29796,10.9462,1.52
1787726982.176,2462,38.2,26826,10.9404,1.52
1787726982.191,2463,14.6,70180,10.9453,1.52
1787726982.205,2464,14.6,70333,10.9442,1.52
1787726982.220,2465,14.6,70352,10.9296,1.52
1787726982.235,2466,14.5,70400,10.9632,1.52
1787726982.249,2467,14.5,70610,10.9452,1.52
1787726982.264,2468,14.5,70503,10.9303,1.52
1787726982.279,2469,14.5,70458,10.9217,1.52
1787726982.293,2470,14.5,70508,10.9207,1.52
1787726982.308,2471,14.5,70394,10.9378,1.52
1787726982.323,2472,14.5,70468,10.9555,1.52
1787726982.337,2473,14.5,70443,10.9604,1.52
1787726982.352,2474,14.6,70325,10.9615,1.52
1787726982.367,2475,14.5,70462,10.9203,1.52
1787726982.381,2476,14.5,70378,10.9606,1.52
1787726982.396,2477,14.5,70382,10.9500,1.52
1787726982.411,2478,14.5,70386,10.9140,1.52
1787726982.425,2479,14.5,70427,10.9418,1.52
1787726982.440,2480,14.5,70464,10.9423,1.52
1787726982.454,2481,14.5,70399,10.9547,1.52
1787726982.469,2482,14.5,70468,10.9731,1.52
1787726982.484,2483,14.5,70442,10.9710,1.52
1787726982.498,2484,14.5,70503,10.9588,1.52
1787726982.513,2485,14.8,69300,10.9577,1.52
1787726982.528,2486,14.6,70374,10.9322,1.52
1787726982.543,2487,14.5,70464,10.9630,1.52
1787726982.557,2488,14.5,70498,10.9597,1.52
1787726982.572,2489,14.5,70546,10.9446,1.52
1787726982.597,2490,25.1,40747,10.9486,1.52
1787726982.664,2491,66.1,15495,10.9457,1.52
1787726982.728,2492,63.4,16162,10.9362,1.52
1787726982.754,2493,25.8,39661,10.9309,1.52
1787726982.774,2494,20.1,51051,10.9695,1.52
1787726982.828,2495,53.1,19282,10.9506,1.52
1787726982.895,2496,67.4,15200,10.9717,1.52
1787726982.952,2497,56.4,18166,10.9557,1.52
1787726982.971,2498,18.8,54328,10.9335,1.52
1787726983.004,2499,33.0,31037,10.9467,1.52
1787726983.075,2500,69.9,14649,10.9537,1.52
1787726983.147,2501,72.5,14124,10.9385,1.52
1787726983.179,2502,31.5,32515,10.9396,1.52
1787726983.198,2503,19.1,53692,10.9335,1.52
1787726983.223,2504,24.6,41689,10.9456,1.52
1787726983.272,2505,48.3,21203,10.9397,1.52
1787726983.317,2506,44.8,22844,10.9382,1.52
1787726983.332,2507,14.7,69891,10.9569,1.52
1787726983.346,2508,14.6,70168,10.9299,1.52
1787726983.361,2509,14.6,70340,10.9323,1.52
1787726983.376,2510,14.6,70241,10.9722,1.52
1787726983.390,2511,14.6,70309,10.9598,1.52
1787726983.405,2512,14.6,70332,10.9523,1.52
1787726983.420,2513,14.6,70268,10.9532,1.52
1787726983.434,2514,14.5,70421,10.9788,1.52
1787726983.449,2515,14.5,70389,10.9701,1.52
1787726983.464,2516,14.6,70229,10.9378,1.52
1787726983.478,2517,14.5,70393,10.9378,1.52
1787726983.493,2518,14.6,70334,10.9303,1.52
1787726983.508,2519,14.6,70314,10.9319,1.52
1787726983.522,2520,14.6,70372,10.9632,1.52
1787726983.537,2521,14.6,70337,10.9622,1.52
1787726983.552,2522,14.5,70454,10.9422,1.52
1787726983.566,2523,14.5,70454,10.9337,1.52
1787726983.581,2524,14.5,70409,10.9454,1.52
1787726983.596,2525,14.5,70382,10.9197,1.52
1787726983.610,2526,14.5,70440,10.9563,1.52
1787726983.625,2527,14.6,70287,10.9366,1.52
1787726983.640,2528,14.5,70419,10.9569,1.52
1787726983.654,2529,14.5,70567,10.9176,1.52
1787726983.669,2530,14.6,70160,10.9569,1.52
1787726983.684,2531,14.5,70413,10.9364,1.52
1787726983.698,2532,14.5,70640,10.9508,1.52
1787726983.713,2533,14.6,70196,10.9408,1.52
1787726983.728,2534,14.5,70474,10.9340,1.52
1787726983.742,2535,14.5,70488,10.9539,1.52
1787726983.757,2536,14.5,70524,10.9425,1.52
1787726983.772,2537,14.5,70591,10.9604,1.52
1787726983.786,2538,14.5,70516,10.9552,1.52
1787726983.801,2539,14.5,70546,10.9401,1.52
1787726983.815,2540,14.5,70614,10.9240,1.52
1787726983.830,2541,14.5,70534,10.9408,1.52
1787726983.845,2542,14.5,70458,10.9393,1.52
1787726983.859,2543,14.5,70473,10.9363,1.52
1787726983.874,2544,14.5,70391,10.9635,1.52
1787726983.889,2545,14.5,70429,10.9350,1.52
1787726983.903,2546,14.5,70517,10.9527,1.52
1787726983.918,2547,14.6,70363,10.9647,1.52
1787726983.933,2548,14.5,70406,10.9670,1.52
1787726983.947,2549,14.5,70592,10.9371,1.52
1787726983.962,2550,14.6,70370,10.9292,1.52
1787726983.977,2551,14.6,70254,10.9603,1.52
1787726983.991,2552,14.5,70589,10.9445,1.52
1787726984.006,2553,14.6,70275,10.9334,1.52
1787726984.021,2554,14.6,70368,10.9519,1.52
1787726984.035,2555,14.5,70464,10.9314,1.52
1787726984.050,2556,14.5,70450,10.9446,1.52
1787726984.065,2557,14.5,70452,10.9328,1.52
1787726984.079,2558,14.5,70489,10.9442,1.52
1787726984.094,2559,14.5,70438,10.9315,1.52
1787726984.109,2560,14.5,70404,10.9372,1.52
1787726984.123,2561,14.5,70493,10.9760,1.52
1787726984.138,2562,14.5,70520,10.9358,1.52
1787726984.153,2563,14.5,70502,10.9666,1.52
1787726984.167,2564,14.5,70430,10.9812,1.52
1787726984.182,2565,14.5,70508,10.9509,1.52
1787726984.196,2566,14.5,70477,10.9331,1.52
1787726984.211,2567,14.5,70428,10.9309,1.52
1787726984.226,2568,14.5,70409,10.9340,1.52
1787726984.240,2569,14.5,70539,10.9630,1.52
1787726984.255,2570,14.5,70491,10.9233,1.52
1787726984.270,2571,14.5,70429,10.9482,1.52
1787726984.302,2572,32.2,31756,10.9520,1.52
1787726984.367,2573,64.1,15965,10.9595,1.52
1787726984.432,2574,64.9,15779,10.9349,1.52
1787726984.452,2575,19.5,52456,10.9333,1.52
1787726984.472,2576,19.8,51773,10.9564,1.52
1787726984.526,2577,53.5,19141,10.9686,1.52
1787726984.594,2578,68.0,15052,10.9587,1.52
1787726984.649,2579,55.0,18608,10.9665,1.52
1787726984.669,2580,19.5,52538,10.9057,1.52
1787726984.698,2581,28.7,35691,10.9664,1.52
1787726984.768,2582,69.8,14664,10.9505,1.52
1787726984.838,2583,69.3,14771,10.9432,1.52
1787726984.877,2584,38.7,26488,10.9526,1.52
1787726984.897,2585,19.9,51483,10.9758,1.52
1787726984.921,2586,23.6,43458,10.9278,1.52
1787726984.965,2587,43.7,23449,10.9439,1.52
1787726985.016,2588,50.4,20312,10.9605,1.52
1787726985.031,2589,14.8,69115,10.9683,1.52
1787726985.045,2590,14.6,70077,10.9465,1.52
1787726985.060,2591,14.6,70233,10.9342,1.52
1787726985.075,2592,14.6,70240,10.9398,1.52
1787726985.089,2593,14.6,70269,10.9504,1.52
1787726985.104,2594,14.6,70248,10.9228,1.52
1787726985.119,2595,14.6,70321,10.9412,1.52
1787726985.133,2596,14.6,70268,10.9426,1.52
1787726985.148,2597,14.6,70370,10.9357,1.52
1787726985.163,2598,14.6,70252,10.9604,1.52
1787726985.177,2599,14.6,70329,10.9509,1.52
1787726985.192,2600,14.6,70311,10.9346,1.52
1787726985.207,2601,14.6,70311,10.9484,1.52
1787726985.222,2602,14.6,70317,10.9434,1.52
1787726985.236,2603,14.6,70352,10.9253,1.52
1787726985.251,2604,14.6,70314,10.9515,1.52
1787726985.266,2605,14.5,70437,10.9363,1.52
1787726985.280,2606,14.5,70378,10.9148,1.52
1787726985.295,2607,14.6,70307,10.9603,1.52
1787726985.309,2608,14.5,70468,10.9554,1.52
1787726985.324,2609,14.5,70415,10.9649,1.52
1787726985.339,2610,14.5,70393,10.9642,1.52
1787726985.353,2611,14.5,70432,10.9488,1.52
1787726985.368,2612,14.5,70397,10.9523,1.52
1787726985.383,2613,14.5,70618,10.9497,1.52
1787726985.397,2614,14.5,70523,10.9159,1.52
1787726985.412,2615,14.6,70198,10.9807,1.52
1787726985.427,2616,14.5,70509,10.9414,1.52
1787726985.441,2617,14.5,70506,10.9584,1.52
1787726985.456,2618,14.6,70364,10.9434,1.52
1787726985.471,2619,14.5,70517,10.9370,1.52
1787726985.485,2620,14.5,70466,10.9561,1.52
1787726985.500,2621,14.5,70420,10.9515,1.52
1787726985.515,2622,14.5,70450,10.9614,1.52
1787726985.529,2623,14.5,70579,10.9587,1.52
1787726985.544,2624,14.5,70406,10.9529,1.52
1787726985.558,2625,14.5,70562,10.9305,1.52
1787726985.573,2626,14.5,70575,10.9502,1.52
1787726985.588,2627,14.5,70547,10.9519,1.52
1787726985.602,2628,14.5,70533,10.9372,1.52
1787726985.617,2629,14.5,70516,10.9364,1.52
1787726985.632,2630,14.5,70563,10.9668,1.52
1787726985.646,2631,14.5,70556,10.9353,1.52
1787726985.661,2632,14.5,70508,10.9396,1.52
1787726985.675,2633,14.5,70648,10.9427,1.52
1787726985.690,2634,14.5,70560,10.9318,1.52
1787726985.705,2635,14.5,70495,10.9213,1.52
1787726985.719,2636,14.6,70172,10.9486,1.52
1787726985.734,2637,14.5,70431,10.9705,1.52
1787726985.749,2638,14.5,70547,10.9561,1.52
1787726985.763,2639,14.5,70454,10.9335,1.52
1787726985.778,2640,14.5,70532,10.9444,1.52
1787726985.793,2641,14.5,70495,10.9720,1.52
1787726985.807,2642,14.5,70503,10.9290,1.52
1787726985.822,2643,14.5,70519,10.9609,1.52
1787726985.836,2644,14.5,70555,10.9603,1.52
1787726985.851,2645,14.5,70511,10.9563,1.52
1787726985.866,2646,14.5,70666,10.9308,1.52
1787726985.880,2647,14.5,70520,10.9657,1.52
1787726985.895,2648,14.5,70658,10.9305,1.52
1787726985.910,2649,14.5,70574,10.9543,1.52
1787726985.924,2650,14.5,70599,10.9426,1.52
1787726985.939,2651,14.5,70535,10.9510,1.52
1787726985.953,2652,14.5,70510,10.9555,1.52
1787726985.968,2653,14.5,70565,10.9276,1.52
1787726985.983,2654,14.5,70600,10.9400,1.52
1787726985.997,2655,14.5,70442,10.9332,1.52
1787726986.012,2656,14.5,70445,10.9411,1.52
1787726986.027,2657,14.5,70626,10.9419,1.52
1787726986.041,2658,14.5,70483,10.9388,1.52
1787726986.056,2659,14.5,70472,10.9232,1.52
1787726986.070,2660,14.5,70570,10.9384,1.52
1787726986.085,2661,14.5,70489,10.9363,1.52
1787726986.100,2662,14.5,70390,10.9443,1.52
1787726986.114,2663,14.5,70474,10.9608,1.52
1787726986.129,2664,14.5,70495,10.9524,1.52
1787726986.144,2665,14.5,70466,10.9452,1.52
1787726986.158,2666,14.5,70415,10.9424,1.52
1787726986.173,2667,14.5,70471,10.9398,1.52
1787726986.188,2668,14.5,70511,10.9499,1.52
1787726986.202,2669,14.5,70506,10.9828,1.52
1787726986.217,2670,14.5,70379,10.9311,1.52
1787726986.232,2671,14.5,70392,10.9510,1.52
1787726986.246,2672,14.5,70611,10.9589,1.52
1787726986.261,2673,14.5,70469,10.9441,1.52
1787726986.275,2674,14.5,70532,10.9432,1.52
1787726986.290,2675,14.5,70468,10.9325,1.52
1787726986.305,2676,14.5,70458,10.9554,1.52
1787726986.319,2677,14.5,70474,10.9449,1.52
1787726986.334,2678,14.5,70501,10.9683,1.52
1787726986.349,2679,14.5,70559,10.9383,1.52
1787726986.363,2680,14.5,70490,10.9586,1.52
1787726986.378,2681,14.5,70449,10.9268,1.52
1787726986.393,2682,14.5,70555,10.9337,1.52
1787726986.407,2683,14.5,70489,10.9341,1.52
1787726986.422,2684,14.5,70397,10.9266,1.52
1787726986.436,2685,14.5,70417,10.9790,1.52
1787726986.451,2686,14.5,70555,10.9518,1.52
1787726986.466,2687,14.5,70458,10.9764,1.52
1787726986.480,2688,14.5,70582,10.9365,1.52
1787726986.495,2689,14.5,70456,10.9568,1.52
1787726986.510,2690,14.5,70457,10.9338,1.52
1787726986.524,2691,14.5,70502,10.9551,1.52
1787726986.539,2692,14.5,70402,10.9553,1.52
1787726986.554,2693,14.5,70606,10.9559,1.52
1787726986.568,2694,14.5,70557,10.9479,1.52
1787726986.583,2695,14.5,70497,10.9737,1.52
1787726986.597,2696,14.5,70487,10.9432,1.52
1787726986.612,2697,14.5,70386,10.9469,1.52
1787726986.627,2698,14.5,70561,10.9287,1.52
1787726986.641,2699,14.5,70432,10.9275,1.52
1787726986.656,2700,14.5,70528,10.9427,1.52
1787726986.671,2701,14.5,70386,10.9475,1.52
1787726986.685,2702,14.5,70487,10.9492,1.52
1787726986.700,2703,14.5,70593,10.9191,1.52
1787726986.715,2704,14.6,70309,10.9237,1.52
1787726986.729,2705,14.5,70476,10.9284,1.52
1787726986.744,2706,14.5,70417,10.9727,1.52
1787726986.759,2707,14.5,70549,10.9497,1.52
1787726986.773,2708,14.5,70526,10.9249,1.52
1787726986.788,2709,14.5,70516,10.9443,1.52
1787726986.802,2710,14.5,70528,10.9365,1.52
1787726986.817,2711,14.6,70340,10.9318,1.52
1787726986.832,2712,14.6,70377,10.9632,1.52
1787726986.846,2713,14.5,70532,10.9461,1.52
1787726986.861,2714,14.5,70519,10.9612,1.52
1787726986.876,2715,14.5,70559,10.9421,1.52
1787726986.890,2716,14.5,70526,10.9050,1.52
1787726986.905,2717,14.5,70592,10.9424,1.52
1787726986.919,2718,14.5,70663,10.9233,1.52
1787726986.934,2719,14.5,70511,10.9325,1.52
1787726986.949,2720,14.5,70542,10.9263,1.52
1787726986.963,2721,14.6,70340,10.9637,1.52
1787726986.978,2722,14.5,70464,10.9638,1.52
1787726986.993,2723,14.5,70501,10.9408,1.52
1787726987.007,2724,14.5,70431,10.9551,1.52
1787726987.022,2725,14.5,70565,10.9334,1.52
1787726987.037,2726,14.5,70528,10.9701,1.52
1787726987.051,2727,14.5,70617,10.9686,1.52
1787726987.066,2728,14.5,70445,10.9281,1.52
1787726987.080,2729,14.5,70450,10.9322,1.52
1787726987.095,2730,14.5,70599,10.9299,1.52
1787726987.110,2731,14.5,70498,10.9384,1.52
1787726987.124,2732,14.5,70487,10.9755,1.52
1787726987.139,2733,14.5,70543,10.9562,1.52
1787726987.154,2734,14.5,70562,10.9339,1.52
1787726987.168,2735,14.5,70683,10.9625,1.52
1787726987.183,2736,14.5,70436,10.9413,1.52
1787726987.197,2737,14.5,70476,10.9432,1.52
1787726987.212,2738,14.5,70552,10.9441,1.52
1787726987.227,2739,14.5,70571,10.9357,1.52
1787726987.241,2740,14.5,70487,10.9419,1.52
1787726987.256,2741,14.5,70443,10.9269,1.52
1787726987.271,2742,14.5,70557,10.9528,1.52
1787726987.285,2743,14.5,70510,10.9558,1.52
1787726987.300,2744,14.5,70539,10.9362,1.52
1787726987.314,2745,14.5,70548,10.9375,1.52
1787726987.329,2746,14.5,70576,10.9608,1.52
1787726987.344,2747,14.6,70317,10.9614,1.52
1787726987.358,2748,14.5,70560,10.9363,1.52
1787726987.373,2749,14.5,70486,10.9594,1.52
1787726987.388,2750,14.5,70504,10.9551,1.52
1787726987.402,2751,14.5,70425,10.9409,1.52
1787726987.417,2752,14.6,70367,10.9320,1.52
1787726987.432,2753,14.5,70607,10.9349,1.52
1787726987.446,2754,14.6,70317,10.9273,1.52
1787726987.461,2755,14.5,70543,10.9343,1.52
1787726987.476,2756,14.5,70501,10.9397,1.52
1787726987.490,2757,14.6,70276,10.9639,1.52
1787726987.505,2758,14.6,70368,10.9704,1.52
1787726987.520,2759,14.5,70540,10.9646,1.52
1787726987.534,2760,14.5,70546,10.9669,1.52
1787726987.549,2761,14.5,70489,10.9553,1.52
1787726987.563,2762,14.5,70501,10.9425,1.52
1787726987.578,2763,14.5,70531,10.9279,1.52
1787726987.593,2764,14.5,70572,10.9575,1.52
1787726987.607,2765,14.5,70607,10.9371,1.52
1787726987.622,2766,14.5,70490,10.9562,1.52
1787726987.637,2767,14.5,70663,10.9686,1.52
1787726987.651,2768,14.6,70336,10.9435,1.52
1787726987.666,2769,14.6,70324,10.9338,1.52
1787726987.681,2770,14.5,70444,10.9420,1.52
1787726987.695,2771,14.5,70594,10.9466,1.52
1787726987.710,2772,14.5,70599,10.9511,1.52
1787726987.725,2773,14.5,70412,10.9509,1.52
1787726987.739,2774,14.5,70402,10.9261,1.52
1787726987.754,2775,14.5,70467,10.9411,1.52
1787726987.768,2776,14.5,70559,10.9612,1.52
1787726987.783,2777,14.5,70473,10.9341,1.52
1787726987.798,2778,14.5,70513,10.9418,1.52
1787726987.812,2779,14.5,70477,10.9436,1.52
1787726987.827,2780,14.5,70496,10.9385,1.52
1787726987.842,2781,14.5,70479,10.9385,1.52
1787726987.856,2782,14.5,70464,10.9802,1.52
1787726987.871,2783,14.5,70670,10.9609,1.52
1787726987.886,2784,14.5,70446,10.9100,1.52
1787726987.900,2785,14.5,70431,10.9505,1.52
1787726987.915,2786,14.6,70346,10.9432,1.52
1787726987.930,2787,14.5,70530,10.9393,1.52
1787726987.944,2788,14.5,70480,10.9522,1.52
1787726987.959,2789,14.5,70509,10.9463,1.52
1787726987.973,2790,14.5,70464,10.9824,1.52
1787726987.988,2791,14.5,70506,10.9600,1.52
1787726988.003,2792,14.5,70435,10.9402,1.52
1787726988.017,2793,14.5,70572,10.9454,1.52
1787726988.032,2794,14.5,70542,10.9599,1.52
1787726988.047,2795,14.5,70597,10.9411,1.52
1787726988.061,2796,14.5,70521,10.9440,1.52
1787726988.076,2797,14.5,70524,10.9549,1.52
1787726988.090,2798,14.5,70501,10.9249,1.52
1787726988.105,2799,14.5,70605,10.9499,1.52
1787726988.120,2800,14.5,70467,10.9326,1.52
1787726988.134,2801,14.5,70568,10.9294,1.52
1787726988.149,2802,14.5,70506,10.9738,1.52
1787726988.164,2803,14.5,70466,10.9502,1.52
1787726988.178,2804,14.5,70434,10.9285,1.52
1787726988.193,2805,14.5,70439,10.9618,1.52
1787726988.208,2806,14.5,70465,10.9414,1.52
1787726988.222,2807,14.5,70575,10.9484,1.52
1787726988.237,2808,14.5,70421,10.9451,1.52
1787726988.252,2809,14.5,70490,10.9487,1.52
1787726988.266,2810,14.5,70615,10.9473,1.52
1787726988.281,2811,14.5,70387,10.9423,1.52
1787726988.295,2812,14.5,70528,10.9305,1.52
1787726988.310,2813,14.5,70545,10.9404,1.52
1787726988.325,2814,14.5,70505,10.9556,1.52
1787726988.339,2815,14.5,70549,10.9519,1.52
1787726988.354,2816,14.5,70530,10.9258,1.52
1787726988.369,2817,14.5,70577,10.9417,1.52
1787726988.383,2818,14.5,70480,10.9481,1.52
1787726988.398,2819,14.5,70422,10.9747,1.52
1787726988.412,2820,14.5,70397,10.9677,1.52
1787726988.427,2821,14.5,70473,10.9551,1.52
1787726988.442,2822,14.5,70495,10.9208,1.52
1787726988.456,2823,14.5,70599,10.9240,1.52
1787726988.471,2824,14.5,70428,10.9726,1.52
1787726988.486,2825,14.5,70425,10.9543,1.52
1787726988.500,2826,14.5,70516,10.8981,1.52
1787726988.515,2827,14.5,70465,10.9333,1.52
1787726988.530,2828,14.5,70484,10.9443,1.52
1787726988.544,2829,14.5,70479,10.9688,1.52
1787726988.559,2830,14.5,70416,10.9585,1.52
1787726988.574,2831,14.5,70579,10.9595,1.52
1787726988.588,2832,14.4,71335,10.9469,1.52
1787726988.602,2833,13.9,73804,10.9407,1.52
1787726988.616,2834,13.9,73900,10.9582,1.52
1787726988.630,2835,13.9,73762,10.9347,1.52
1787726988.644,2836,13.9,73765,10.9325,1.52
1787726988.658,2837,13.9,73847,10.9251,1.52
1787726988.672,2838,13.8,73991,10.9539,1.52
1787726988.686,2839,13.9,73888,10.9467,1.52
1787726988.700,2840,13.9,73818,10.9480,1.52
1787726988.714,2841,13.8,73972,10.9605,1.52
1787726988.728,2842,13.9,73856,10.9507,1.52
1787726988.742,2843,13.9,73723,10.9397,1.52
1787726988.756,2844,13.9,73851,10.9500,1.52
1787726988.770,2845,13.9,73816,10.9754,1.52
1787726988.784,2846,13.9,73878,10.9418,1.52
1787726988.798,2847,13.9,73794,10.9265,1.52
1787726988.812,2848,13.9,73882,10.9420,1.52
1787726988.826,2849,13.9,73891,10.9122,1.52
1787726988.840,2850,13.9,73788,10.9492,1.52
1787726988.854,2851,13.9,73718,10.9574,1.52
1787726988.868,2852,13.9,73811,10.9515,1.52
1787726988.881,2853,13.8,74084,10.9376,1.52
1787726988.895,2854,13.9,73863,11.0025,1.52
1787726988.909,2855,13.9,73830,10.9546,1.52
1787726988.923,2856,13.9,73893,10.9616,1.52
1787726988.937,2857,13.9,73835,10.9279,1.52
1787726988.951,2858,13.9,73798,10.9570,1.52
1787726988.965,2859,13.9,73671,10.9535,1.52
1787726988.979,2860,13.9,73698,10.9728,1.52
1787726988.993,2861,13.9,73727,10.9113,1.52
1787726989.007,2862,13.9,73794,10.9512,1.52
1787726989.021,2863,13.9,73728,10.9262,1.52
1787726989.035,2864,13.9,73799,10.9386,1.52
1787726989.049,2865,13.9,73869,10.9224,1.52
1787726989.063,2866,13.9,73828,10.9562,1.52
1787726989.077,2867,13.9,73659,10.9448,1.52
1787726989.091,2868,13.9,73818,10.9381,1.52
1787726989.105,2869,13.9,73774,10.9710,1.52
1787726989.119,2870,13.9,73799,10.9543,1.52
1787726989.133,2871,13.9,73835,10.9488,1.52
1787726989.147,2872,13.9,73822,10.9128,1.52
1787726989.161,2873,13.9,73792,10.9483,1.52
1787726989.175,2874,13.9,73799,10.9522,1.52
1787726989.189,2875,13.9,73840,10.9525,1.52
1787726989.203,2876,13.8,73950,10.9750,1.52
1787726989.217,2877,13.9,73764,10.9514,1.52
1787726989.231,2878,13.9,73856,10.9758,1.52
1787726989.245,2879,13.9,73842,10.9628,1.52
1787726989.259,2880,13.9,73916,10.9438,1.52
1787726989.273,2881,13.9,73799,10.9444,1.52
1787726989.287,2882,13.9,73826,10.9642,1.52
1787726989.301,2883,13.8,74022,10.9526,1.52
1787726989.315,2884,13.8,73968,10.9249,1.52
1787726989.329,2885,13.8,73953,10.9684,1.52
1787726989.343,2886,13.9,73781,10.9201,1.52
1787726989.357,2887,13.9,73841,10.9410,1.52
1787726989.371,2888,13.8,73953,10.9451,1.52
1787726989.385,2889,13.9,73854,10.9297,1.52
1787726989.399,2890,13.9,73902,10.9571,1.52
1787726989.413,2891,13.9,73868,10.9532,1.52
1787726989.427,2892,13.9,73812,10.9664,1.52
1787726989.441,2893,13.9,73797,10.9351,1.52
1787726989.455,2894,13.9,73790,10.9759,1.52
1787726989.469,2895,13.9,73655,10.9235,1.52
1787726989.483,2896,13.9,73698,10.9343,1.52
1787726989.497,2897,13.9,73842,10.9600,1.52
1787726989.511,2898,13.9,73816,10.9410,1.52
1787726989.525,2899,13.9,73930,10.9501,1.52
1787726989.538,2900,13.9,73778,10.9467,1.52
1787726989.553,2901,13.9,73639,10.9387,1.52
1787726989.567,2902,13.9,73808,10.9503,1.52
1787726989.581,2903,13.9,73783,10.9341,1.52
1787726989.594,2904,13.9,73861,10.9673,1.52
1787726989.608,2905,13.9,73846,10.9146,1.52
1787726989.623,2906,14.0,73086,10.9413,1.52
1787726989.637,2907,13.9,73589,10.9374,1.52
1787726989.651,2908,13.9,73543,10.9276,1.52
1787726989.665,2909,13.9,73757,10.9382,1.52
1787726989.679,2910,13.9,73678,10.9394,1.52
1787726989.693,2911,13.9,73745,10.9222,1.52
1787726989.707,2912,13.9,73804,10.9351,1.52
1787726989.721,2913,14.1,72711,10.9499,1.52
1787726989.735,2914,13.9,73610,10.9255,1.52
1787726989.749,2915,13.9,73760,10.9324,1.52
1787726989.764,2916,14.7,69471,10.9315,1.52
1787726989.779,2917,14.4,70964,10.9528,1.52
1787726989.793,2918,13.9,73596,10.9646,1.52
1787726989.807,2919,13.9,73759,10.9389,1.52
1787726989.821,2920,13.9,73808,10.9379,1.52
1787726989.835,2921,13.9,73741,10.9140,1.52
1787726989.849,2922,13.9,73736,10.9551,1.52
1787726989.863,2923,13.9,73889,10.9805,1.52
1787726989.877,2924,13.9,73886,10.9419,1.52
1787726989.891,2925,13.9,73874,10.9471,1.52
1787726989.905,2926,13.9,73828,10.9512,1.52
1787726989.919,2927,13.8,73943,10.9284,1.52
1787726989.932,2928,13.9,73934,10.9547,1.52
1787726989.946,2929,13.9,73905,10.9588,1.52
1787726989.960,2930,13.9,73797,10.9337,1.52
1787726989.974,2931,13.9,73907,10.9461,1.52
1787726989.988,2932,13.9,73898,10.9333,1.52
1787726990.002,2933,13.9,73835,10.9383,1.52
1787726990.016,2934,13.9,73707,10.9716,1.52
1787726990.030,2935,13.9,73842,10.9385,1.52
1787726990.044,2936,13.9,73651,10.9419,1.52
1787726990.058,2937,13.9,73882,10.9577,1.52
1787726990.072,2938,13.8,73953,10.9503,1.52
1787726990.086,2939,13.9,73717,10.9608,1.52
1787726990.100,2940,13.9,73751,10.9494,1.52
1787726990.114,2941,13.9,73711,10.9367,1.52
1787726990.128,2942,13.9,73827,10.9353,1.52
1787726990.142,2943,13.9,73606,10.9217,1.52
1787726990.156,2944,13.9,73770,10.9272,1.52
1787726990.170,2945,13.9,73754,10.9606,1.52
1787726990.184,2946,13.9,73794,10.9506,1.52
1787726990.198,2947,13.9,73759,10.9542,1.52
1787726990.212,2948,13.9,73728,10.9364,1.52
1787726990.226,2949,13.9,73695,10.9558,1.52
1787726990.240,2950,13.9,73813,10.9571,1.52
1787726990.254,2951,13.9,73877,10.9124,1.52
1787726990.268,2952,13.9,73785,10.9173,1.52
1787726990.282,2953,13.9,73723,10.9434,1.52
1787726990.296,2954,13.9,73882,10.9449,1.52
1787726990.310,2955,13.9,73737,10.9094,1.52
1787726990.324,2956,13.9,73680,10.9232,1.52
1787726990.338,2957,13.9,73868,10.9227,1.52
1787726990.352,2958,13.9,73736,10.9588,1.52
1787726990.366,2959,13.9,73773,10.9368,1.52
1787726990.380,2960,13.9,73646,10.9595,1.52
1787726990.394,2961,13.9,73813,10.9623,1.52
1787726990.408,2962,13.9,73599,10.9692,1.52
1787726990.422,2963,13.9,73529,10.9438,1.52
1787726990.436,2964,13.9,73814,10.9323,1.52
1787726990.450,2965,13.9,73870,10.9304,1.52
1787726990.464,2966,13.9,73762,10.9409,1.52
1787726990.478,2967,13.9,73759,10.9691,1.52
1787726990.492,2968,13.9,73851,10.9391,1.52
1787726990.506,2969,13.9,73681,10.9350,1.52
1787726990.520,2970,13.9,73847,10.9548,1.52
1787726990.534,2971,13.9,73892,10.9523,1.52
1787726990.548,2972,13.9,73790,10.9569,1.52
1787726990.562,2973,13.9,73752,10.9514,1.52
1787726990.576,2974,13.9,73827,10.9563,1.52
1787726990.605,2975,28.5,35970,10.9556,1.52
1787726990.669,2976,63.6,16108,10.9431,1.52
1787726990.734,2977,64.7,15818,10.9068,1.52
1787726990.757,2978,22.9,44675,10.9411,1.52
1787726990.778,2979,19.8,51587,10.8998,1.52
1787726990.830,2980,52.3,19589,10.9399,1.52
1787726990.898,2981,67.5,15160,10.9552,1.52
1787726990.955,2982,56.3,18202,10.9609,1.52
1787726990.975,2983,20.0,51251,10.9822,1.52
1787726991.005,2984,30.1,34024,10.9602,1.52
1787726991.075,2985,69.8,14666,10.9581,1.52
1787726991.145,2986,69.8,14669,10.9519,1.52
1787726991.181,2987,35.6,28774,10.9412,1.52
1787726991.201,2988,19.9,51528,10.9585,1.52
1787726991.225,2989,23.9,42892,10.9315,1.52
1787726991.272,2990,46.2,22153,10.9633,1.52
1787726991.320,2991,47.8,21429,10.9295,1.52
1787726991.334,2992,14.0,72935,10.9350,1.52
1787726991.348,2993,14.0,73369,10.9386,1.52
1787726991.362,2994,13.9,73681,10.9342,1.52
1787726991.376,2995,13.9,73437,10.9540,1.52
1787726991.390,2996,13.9,73596,10.9508,1.52
1787726991.404,2997,13.9,73621,10.9148,1.52
1787726991.419,2998,14.6,70011,10.9462,1.52
1787726991.435,2999,14.9,68701,10.9399,1.52
1787726991.449,3000,14.6,70367,10.9437,1.52
1787726991.464,3001,14.3,71512,10.9584,1.52
1787726991.479,3002,15.2,67458,10.9396,1.52
1787726991.494,3003,14.5,70693,10.9564,1.52
1787726991.509,3004,15.0,68389,10.9715,1.52
1787726991.524,3005,14.6,69926,10.9557,1.52
1787726991.539,3006,14.9,68894,10.9712,1.52
1787726991.555,3007,15.5,65992,10.9449,1.52
1787726991.570,3008,14.3,71829,10.9493,1.52
1787726991.584,3009,14.7,69843,10.9532,1.52
1787726991.599,3010,14.5,70482,10.9563,1.52
1787726991.615,3011,15.4,66406,10.9713,1.52
1787726991.629,3012,14.3,71701,10.9399,1.52
1787726991.644,3013,14.0,73232,10.9441,1.52
1787726991.657,3014,13.9,73864,10.9324,1.52
1787726991.671,3015,13.9,73759,10.9379,1.52
1787726991.685,3016,13.9,73807,10.9334,1.52
1787726991.699,3017,13.9,73820,10.9482,1.52
1787726991.713,3018,13.9,73774,10.9477,1.52
1787726991.727,3019,13.9,73754,10.9583,1.52
1787726991.741,3020,13.9,73864,10.9469,1.52
1787726991.755,3021,13.9,73803,10.9392,1.52
1787726991.769,3022,13.9,73866,10.9637,1.52
1787726991.783,3023,13.9,73866,10.9684,1.52
1787726991.797,3024,13.9,73808,10.9552,1.52
1787726991.811,3025,13.9,73756,10.9544,1.52
1787726991.825,3026,13.9,73803,10.9373,1.52
1787726991.839,3027,13.9,73840,10.9391,1.52
1787726991.853,3028,13.9,73915,10.9753,1.52
1787726991.867,3029,13.9,73771,10.9512,1.52
1787726991.881,3030,13.9,73816,10.9434,1.52
1787726991.895,3031,13.9,73711,10.9511,1.52
1787726991.909,3032,13.9,73765,10.9496,1.52
1787726991.923,3033,13.9,73770,10.9686,1.52
1787726991.937,3034,13.9,73721,10.9656,1.52
1787726991.951,3035,13.9,73849,10.9269,1.52
1787726991.965,3036,13.9,73847,10.9506,1.52
1787726991.979,3037,13.9,73902,10.9478,1.52
1787726991.993,3038,13.9,73693,10.9429,1.52
1787726992.007,3039,13.9,73793,10.9563,1.52
1787726992.021,3040,13.9,73863,10.9812,1.52
1787726992.035,3041,13.9,73743,10.9438,1.52
1787726992.049,3042,13.9,73681,10.9319,1.52
1787726992.063,3043,13.9,73818,10.9619,1.52
1787726992.077,3044,13.9,73879,10.9472,1.52
1787726992.091,3045,13.9,73785,10.9455,1.52
1787726992.105,3046,13.9,73874,10.9416,1.52
1787726992.119,3047,13.9,73726,10.9534,1.52
1787726992.133,3048,13.9,73799,10.9410,1.52
1787726992.147,3049,13.9,73802,10.9309,1.52
1787726992.161,3050,13.8,73936,10.9714,1.52
1787726992.175,3051,13.9,73769,10.9087,1.52
1787726992.189,3052,13.9,73835,10.9326,1.52
1787726992.203,3053,13.9,73851,10.9387,1.52
1787726992.219,3054,15.6,65809,10.9483,1.52
1787726992.234,3055,14.6,70304,10.9524,1.52
1787726992.249,3056,15.2,67554,10.9420,1.52
1787726992.264,3057,15.0,68437,10.9571,1.52
1787726992.279,3058,14.3,71686,10.9471,1.52
1787726992.294,3059,15.5,66066,10.9363,1.52
1787726992.310,3060,15.5,65998,10.9362,1.52
1787726992.327,3061,16.2,63075,10.9519,1.52
1787726992.343,3062,16.5,61933,10.9543,1.52
1787726992.360,3063,16.1,63474,10.9382,1.52
1787726992.379,3064,18.4,55694,10.9569,1.52
1787726992.397,3065,18.0,56933,10.9208,1.52
1787726992.415,3066,17.5,58549,10.9525,1.52
1787726992.432,3067,17.1,60010,10.9566,1.52
1787726992.449,3068,17.0,60153,10.9322,1.52
1787726992.466,3069,16.9,60466,10.9342,1.52
1787726992.485,3070,18.4,55644,10.9282,1.52
1787726992.505,3071,19.7,51868,10.9220,1.52
1787726992.524,3072,18.7,54891,10.9765,1.52
1787726992.543,3073,18.1,56604,10.9484,1.52
1787726992.576,3074,33.4,30704,10.9735,1.52
1787726992.639,3075,62.5,16397,10.9333,1.52
1787726992.703,3076,64.0,16003,10.9520,1.52
1787726992.729,3077,26.3,39008,10.9124,1.52
1787726992.753,3078,23.7,43189,10.9473,1.52
1787726992.818,3079,65.1,15725,10.9149,1.52
1787726992.886,3080,67.1,15256,10.9524,1.52
1787726992.929,3081,43.1,23742,10.9561,1.52
1787726992.949,3082,19.5,52389,10.9648,1.52
1787726992.993,3083,44.0,23262,10.9399,1.52
1787726993.065,3084,71.6,14302,10.9280,1.52
1787726993.135,3085,69.6,14702,10.9342,1.52
1787726993.157,3086,22.2,46123,10.9345,1.52
1787726993.177,3087,19.5,52582,10.9303,1.52
1787726993.202,3088,25.0,41014,10.9424,1.52
1787726993.236,3089,33.5,30605,10.9325,1.52
1787726993.275,3090,39.2,26142,10.9540,1.52
1787726993.304,3091,28.5,35897,10.9532,1.52
1787726993.319,3092,14.6,70161,10.9513,1.52
1787726993.333,3093,14.6,70367,10.9228,1.52
1787726993.348,3094,14.5,70398,10.9543,1.52
1787726993.363,3095,14.5,70389,10.9392,1.52
1787726993.377,3096,14.6,70372,10.9543,1.52
1787726993.392,3097,14.5,70390,10.9028,1.52
1787726993.407,3098,14.6,70289,10.9397,1.52
1787726993.421,3099,14.6,70355,10.9279,1.52
1787726993.436,3100,14.5,70458,10.9293,1.52
1787726993.451,3101,14.6,70369,10.9640,1.52
1787726993.465,3102,14.5,70449,10.9587,1.52
1787726993.480,3103,14.6,70332,10.9559,1.52
1787726993.495,3104,14.6,70341,10.9426,1.52
1787726993.509,3105,14.5,70462,10.9545,1.52
1787726993.524,3106,14.6,70363,10.9299,1.52
1787726993.539,3107,14.5,70540,10.9671,1.52
1787726993.553,3108,14.5,70481,10.9404,1.52
1787726993.568,3109,14.5,70605,10.9519,1.52
1787726993.583,3110,14.5,70481,10.9582,1.52
1787726993.597,3111,14.5,70517,10.9404,1.52
1787726993.612,3112,14.5,70512,10.9606,1.52
1787726993.626,3113,14.5,70619,10.9448,1.52
1787726993.641,3114,14.5,70425,10.9313,1.52
1787726993.656,3115,14.5,70404,10.9504,1.52
1787726993.670,3116,14.5,70557,10.9630,1.52
1787726993.685,3117,14.5,70400,10.9593,1.52
1787726993.700,3118,14.5,70487,10.9469,1.52
1787726993.714,3119,14.5,70546,10.9529,1.52
1787726993.729,3120,14.5,70428,10.9085,1.52
1787726993.744,3121,14.5,70442,10.9263,1.52
1787726993.758,3122,14.5,70488,10.9220,1.52
1787726993.773,3123,14.5,70487,10.9228,1.52
1787726993.788,3124,14.5,70520,10.9382,1.52
1787726993.802,3125,14.6,70377,10.9610,1.52
1787726993.817,3126,14.6,70325,10.9665,1.52
1787726993.831,3127,14.5,70568,10.9691,1.52
1787726993.846,3128,14.5,70560,10.9561,1.52
1787726993.861,3129,14.5,70450,10.9100,1.52
1787726993.875,3130,14.5,70605,10.9275,1.52
1787726993.890,3131,14.5,70392,10.9691,1.52
1787726993.905,3132,14.5,70520,10.9857,1.52
1787726993.919,3133,14.5,70510,10.9512,1.52
1787726993.934,3134,14.5,70536,10.9438,1.52
1787726993.949,3135,14.5,70438,10.9304,1.52
1787726993.963,3136,14.5,70430,10.9495,1.52
1787726993.978,3137,14.6,70281,10.9257,1.52
1787726993.993,3138,14.5,70447,10.9330,1.52
1787726994.007,3139,14.5,70562,10.9273,1.52
1787726994.022,3140,14.5,70533,10.9237,1.52
1787726994.036,3141,14.5,70526,10.9609,1.52
1787726994.051,3142,14.5,70617,10.9403,1.52
1787726994.066,3143,14.5,70467,10.9268,1.52
1787726994.080,3144,14.5,70698,10.9527,1.52
1787726994.095,3145,14.5,70493,10.9483,1.52
1787726994.110,3146,14.5,70586,10.9584,1.52
1787726994.124,3147,14.5,70462,10.9539,1.52
1787726994.139,3148,14.5,70464,10.9575,1.52
1787726994.154,3149,14.5,70531,10.9273,1.52
1787726994.168,3150,14.5,70571,10.9499,1.52
1787726994.183,3151,14.5,70462,10.9666,1.52
1787726994.197,3152,14.5,70504,10.9349,1.52
1787726994.212,3153,14.5,70560,10.9497,1.52
1787726994.227,3154,14.5,70517,10.9581,1.52
1787726994.241,3155,14.5,70465,10.9382,1.52
1787726994.256,3156,14.7,69703,10.9542,1.52
1787726994.271,3157,14.5,70430,10.9452,1.52
1787726994.285,3158,14.5,70524,10.9557,1.52
1787726994.300,3159,14.5,70516,10.9627,1.52
1787726994.315,3160,14.6,70376,10.9937,1.52
1787726994.329,3161,14.5,70480,10.9519,1.52
1787726994.344,3162,14.5,70665,10.9472,1.52
1787726994.359,3163,14.5,70460,10.9570,1.52
1787726994.373,3164,14.5,70391,10.9539,1.52
1787726994.388,3165,14.5,70453,10.9597,1.52
1787726994.403,3166,14.5,70437,10.9382,1.52
1787726994.417,3167,14.5,70438,10.9485,1.52
1787726994.432,3168,14.5,70475,10.9169,1.52
1787726994.447,3169,14.5,70514,10.9491,1.52
1787726994.461,3170,14.5,70445,10.9379,1.52
1787726994.476,3171,14.5,70503,10.9415,1.52
1787726994.491,3172,14.5,70386,10.9251,1.52
1787726994.505,3173,14.5,70516,10.9713,1.52
1787726994.520,3174,14.5,70550,10.9467,1.52
1787726994.534,3175,14.5,70493,10.9470,1.52
1787726994.549,3176,14.5,70589,10.9422,1.52
1787726994.564,3177,14.5,70663,10.9522,1.52
1787726994.578,3178,14.5,70438,10.9533,1.52
1787726994.593,3179,14.6,70304,10.9410,1.52
1787726994.608,3180,14.5,70555,10.9428,1.52
1787726994.622,3181,14.5,70437,10.9490,1.52
1787726994.637,3182,14.6,70315,10.9454,1.52
1787726994.652,3183,14.5,70495,10.9772,1.52
1787726994.666,3184,14.5,70422,10.9409,1.52
1787726994.681,3185,14.5,70449,10.9612,1.52
1787726994.696,3186,14.5,70503,10.9458,1.52
1787726994.710,3187,14.5,70498,10.9759,1.52
1787726994.725,3188,14.5,70509,10.9408,1.52
1787726994.739,3189,14.5,70472,10.9217,1.52
1787726994.754,3190,14.5,70599,10.9295,1.52
1787726994.769,3191,14.5,70553,10.9451,1.52
1787726994.783,3192,14.5,70564,10.9570,1.52
1787726994.798,3193,14.5,70394,10.9271,1.52
1787726994.813,3194,14.5,70445,10.9260,1.52
1787726994.827,3195,14.5,70585,10.9591,1.52
1787726994.842,3196,14.5,70561,10.9753,1.52
1787726994.857,3197,14.6,70347,10.9550,1.52
1787726994.871,3198,14.5,70601,10.9503,1.52
1787726994.886,3199,14.5,70472,10.9495,1.52
1787726994.901,3200,14.7,69791,10.9612,1.52
1787726994.917,3201,15.6,65616,10.9679,1.52
1787726994.932,3202,15.1,67858,10.9410,1.52
1787726994.948,3203,15.7,65224,10.9376,1.52
1787726994.963,3204,15.1,68036,10.9401,1.52
1787726994.979,3205,16.0,64070,10.9694,1.52
1787726994.995,3206,15.3,66851,10.9289,1.52
1787726995.011,3207,15.5,65975,10.9201,1.52
1787726995.027,3208,15.7,65036,10.9566,1.52
1787726995.043,3209,15.4,66668,10.9424,1.52
1787726995.058,3210,15.3,66864,10.9478,1.52
1787726995.074,3211,15.5,66244,10.9524,1.52
1787726995.089,3212,15.2,67349,10.9408,1.52
1787726995.105,3213,14.9,68502,10.9160,1.52
1787726995.121,3214,15.7,65088,10.9086,1.52
1787726995.136,3215,15.1,67787,10.9431,1.52
1787726995.152,3216,16.2,63116,10.9564,1.52
1787726995.167,3217,14.6,69955,10.9440,1.52
1787726995.182,3218,14.5,70456,10.9809,1.52
1787726995.197,3219,14.5,70536,10.9429,1.52
1787726995.211,3220,14.5,70498,10.9330,1.52
1787726995.226,3221,14.5,70428,10.9423,1.52
1787726995.241,3222,14.5,70519,10.9658,1.52
1787726995.255,3223,14.5,70489,10.9545,1.52
1787726995.270,3224,14.5,70511,10.9209,1.52
1787726995.284,3225,14.5,70559,10.9597,1.52
1787726995.299,3226,14.6,70376,10.9540,1.52
1787726995.314,3227,14.5,70454,10.9590,1.52
1787726995.328,3228,14.5,70512,10.9414,1.52
1787726995.343,3229,14.5,70444,10.9630,1.52
1787726995.358,3230,14.5,70610,10.9537,1.52
1787726995.372,3231,14.5,70606,10.9716,1.52
1787726995.387,3232,14.6,70233,10.9799,1.52
1787726995.401,3233,14.5,70578,10.9285,1.52
1787726995.416,3234,14.5,70392,10.9358,1.52
1787726995.431,3235,14.5,70467,10.9623,1.52
1787726995.445,3236,14.5,70621,10.9252,1.52
1787726995.460,3237,14.5,70464,10.9599,1.52
1787726995.475,3238,14.5,70443,10.9289,1.52
1787726995.489,3239,14.5,70510,10.9610,1.52
1787726995.504,3240,14.5,70472,10.9367,1.52
1787726995.519,3241,14.5,70499,10.9452,1.52
1787726995.533,3242,14.5,70548,10.9275,1.52
1787726995.548,3243,14.5,70505,10.9321,1.52
1787726995.562,3244,14.5,70578,10.9273,1.52
1787726995.577,3245,14.5,70508,10.9595,1.52
1787726995.592,3246,14.5,70568,10.9587,1.52
1787726995.606,3247,14.5,70525,10.9160,1.52
1787726995.621,3248,14.5,70390,10.9494,1.52
1787726995.636,3249,14.5,70559,10.9570,1.52
1787726995.650,3250,14.5,70458,10.9311,1.52
1787726995.665,3251,14.5,70545,10.9490,1.52
1787726995.680,3252,14.5,70578,10.9144,1.52
1787726995.694,3253,14.5,70629,10.9415,1.52
1787726995.709,3254,14.5,70581,10.9306,1.52
1787726995.723,3255,14.5,70586,10.9240,1.52
1787726995.738,3256,14.5,70459,10.9381,1.52
1787726995.753,3257,14.6,70337,10.9608,1.52
1787726995.767,3258,13.8,73962,10.9301,1.52
1787726995.781,3259,13.9,73822,10.9320,1.52
1787726995.795,3260,13.9,73776,10.9404,1.52
1787726995.809,3261,13.8,73958,10.9731,1.52
1787726995.823,3262,13.9,73919,10.9618,1.52
1787726995.836,3263,13.9,73837,10.9431,1.52
1787726995.850,3264,13.9,73830,10.9277,1.52
1787726995.864,3265,13.9,73883,10.9535,1.52
1787726995.878,3266,13.9,73792,10.9413,1.52
1787726995.892,3267,13.9,73818,10.9411,1.52
1787726995.906,3268,13.9,73778,10.9450,1.52
1787726995.920,3269,13.9,73809,10.9403,1.52
1787726995.934,3270,13.9,73833,10.9392,1.52
1787726995.948,3271,13.8,73999,10.9206,1.52
1787726995.962,3272,13.9,73761,10.9520,1.52
1787726995.976,3273,13.9,73886,10.9443,1.52
1787726995.990,3274,13.8,73948,10.9543,1.52
1787726996.004,3275,13.9,73893,10.9413,1.52
1787726996.018,3276,13.9,73737,10.9281,1.52
1787726996.032,3277,13.9,73773,10.9445,1.52
1787726996.046,3278,13.9,73847,10.9469,1.52
1787726996.060,3279,13.8,73958,10.9766,1.52
1787726996.074,3280,13.9,73747,10.9595,1.52
1787726996.088,3281,13.9,73716,10.9624,1.52
1787726996.102,3282,13.9,73726,10.9613,1.52
1787726996.116,3283,13.9,73790,10.9371,1.52
1787726996.130,3284,13.9,73683,10.9517,1.52
1787726996.144,3285,13.9,73905,10.9445,1.52
1787726996.158,3286,13.9,73808,10.9508,1.52
1787726996.172,3287,13.9,73719,10.9361,1.52
1787726996.186,3288,13.9,73790,10.9490,1.52
1787726996.200,3289,13.9,73755,10.9359,1.52
1787726996.215,3290,15.0,68362,10.9604,1.52
1787726996.231,3291,15.4,66694,10.9458,1.52
1787726996.246,3292,15.2,67218,10.9525,1.52
1787726996.262,3293,15.4,66333,10.9710,1.52
1787726996.278,3294,15.5,66108,10.9384,1.52
1787726996.293,3295,15.4,66327,10.9542,1.52
1787726996.308,3296,14.4,71246,10.9743,1.52
1787726996.324,3297,16.0,64051,10.9542,1.52
1787726996.339,3298,14.9,68687,10.9592,1.52
1787726996.354,3299,14.5,70415,10.9226,1.52
1787726996.370,3300,16.0,64174,10.9166,1.52
1787726996.386,3301,15.2,67345,10.9691,1.52
1787726996.401,3302,14.7,69733,10.9227,1.52
1787726996.417,3303,15.8,64856,10.9431,1.52
1787726996.433,3304,16.0,64197,10.9547,1.52
1787726996.449,3305,16.2,63368,10.9505,1.52
1787726996.466,3306,16.6,61732,10.9651,1.52
1787726996.484,3307,17.7,57899,10.9530,1.52
1787726996.502,3308,17.9,57178,10.9544,1.52
1787726996.520,3309,17.3,59168,10.9459,1.52
1787726996.539,3310,18.9,54091,10.9598,1.52
1787726996.557,3311,17.3,59106,10.9318,1.52
1787726996.575,3312,17.8,57597,10.9392,1.52
1787726996.593,3313,17.8,57498,10.9357,1.52
1787726996.611,3314,17.7,57822,10.9500,1.52
1787726996.629,3315,17.8,57501,10.9479,1.52
1787726996.650,3316,20.6,49802,10.9478,1.52
1787726996.674,3317,23.5,43609,10.9553,1.52
1787726996.692,3318,17.1,59976,10.9522,1.52
1787726996.707,3319,15.6,65669,10.9461,1.52
1787726996.725,3320,17.0,60160,10.9475,1.52
1787726996.741,3321,15.9,64407,10.9480,1.52
1787726996.757,3322,16.3,63008,10.9324,1.52
1787726996.775,3323,16.9,60619,10.9508,1.52
1787726996.791,3324,16.4,62360,10.9557,1.52
1787726996.808,3325,16.6,61768,10.9261,1.52
1787726996.824,3326,15.6,65517,10.9470,1.52
1787726996.847,3327,23.0,44553,10.9641,1.52
1787726996.868,3328,20.8,49187,10.9415,1.52
1787726996.888,3329,19.3,52923,10.9451,1.52
1787726996.908,3330,19.2,53233,10.9595,1.52
1787726996.927,3331,19.3,53177,10.9631,1.52
1787726996.946,3332,19.1,53479,10.9497,1.52
1787726996.966,3333,19.1,53534,10.9490,1.52
1787726996.985,3334,19.1,53553,10.9292,1.52
1787726997.003,3335,18.1,56617,10.9505,1.52
1787726997.019,3336,15.4,66279,10.9599,1.52
1787726997.036,3337,16.9,60638,10.9417,1.52
1787726997.056,3338,19.5,52436,10.9697,1.52
1787726997.074,3339,17.4,59003,10.9500,1.52
1787726997.095,3340,21.1,48416,10.9463,1.52
1787726997.161,3341,66.0,15526,10.9258,1.52
1787726997.229,3342,67.3,15206,10.9343,1.52
1787726997.272,3343,43.4,23611,10.9507,1.52
1787726997.292,3344,19.9,51496,10.9459,1.52
1787726997.353,3345,60.1,17035,10.9437,1.52
1787726997.426,3346,73.5,13928,10.9408,1.52
1787726997.484,3347,56.6,18088,10.9658,1.52
1787726997.505,3348,20.9,48938,10.9415,1.52
1787726997.525,3349,19.5,52411,10.9408,1.52
1787726997.542,3350,16.2,63154,10.9223,1.52
1787726997.558,3351,16.1,63698,10.9581,1.52
1787726997.574,3352,16.0,63962,10.9509,1.52
1787726997.590,3353,15.8,64866,10.9309,1.52
1787726997.608,3354,17.5,58674,10.9411,1.52
1787726997.623,3355,15.2,67309,10.9402,1.52
1787726997.639,3356,15.2,67389,10.9649,1.52
1787726997.656,3357,16.2,63100,10.9440,1.52
1787726997.673,3358,17.3,59214,10.9404,1.52
1787726997.689,3359,16.1,63602,10.9415,1.52
1787726997.705,3360,15.0,68472,10.9326,1.52
1787726997.720,3361,15.4,66468,10.9269,1.52
1787726997.736,3362,15.1,67626,10.9258,1.52
1787726997.751,3363,15.4,66418,10.9351,1.52
1787726997.768,3364,16.3,62776,10.9321,1.52
1787726997.790,3365,22.2,46042,10.9189,1.52
1787726997.810,3366,19.9,51539,10.9432,1.52
1787726997.830,3367,19.3,53060,10.9465,1.52
1787726997.847,3368,17.0,60389,10.9306,1.52
1787726997.864,3369,17.1,60007,10.9496,1.52
1787726997.907,3370,42.5,24084,10.9524,1.52
1787726997.977,3371,69.7,14699,10.9613,1.52
1787726998.046,3372,69.1,14828,10.9541,1.52
1787726998.068,3373,21.6,47338,10.9347,1.52
1787726998.091,3374,23.2,44107,10.9443,1.52
1787726998.141,3375,48.9,20935,10.9618,1.52
1787726998.188,3376,46.8,21859,10.9325,1.52
1787726998.209,3377,20.7,49387,10.9511,1.52
1787726998.246,3378,37.0,27660,10.9446,1.52
1787726998.281,3379,34.4,29773,10.9286,1.52
1787726998.315,3380,33.4,30629,10.9491,1.52
1787726998.329,3381,14.7,69879,10.9184,1.52
1787726998.344,3382,14.6,70066,10.9370,1.52
1787726998.359,3383,14.6,70144,10.9358,1.52
1787726998.374,3384,14.6,70077,10.9307,1.52
1787726998.388,3385,14.6,70264,10.9509,1.52
1787726998.403,3386,14.6,70342,10.9555,1.52
1787726998.418,3387,14.6,70256,10.9633,1.52
1787726998.432,3388,14.5,70482,10.9277,1.52
1787726998.447,3389,14.6,70371,10.9657,1.52
1787726998.462,3390,14.5,70429,10.9551,1.52
1787726998.476,3391,14.5,70443,10.9518,1.52
1787726998.491,3392,14.5,70398,10.9241,1.52
1787726998.506,3393,14.5,70570,10.9533,1.52
1787726998.520,3394,14.5,70487,10.9284,1.52
1787726998.535,3395,14.5,70486,10.9348,1.52
1787726998.550,3396,14.5,70442,10.9453,1.52
1787726998.564,3397,14.5,70460,10.9552,1.52
1787726998.579,3398,14.5,70613,10.9461,1.52
1787726998.593,3399,14.5,70508,10.9407,1.52
1787726998.608,3400,14.5,70497,10.9345,1.52
1787726998.623,3401,14.5,70405,10.9764,1.52
1787726998.637,3402,14.5,70405,10.9573,1.52
1787726998.652,3403,14.5,70517,10.9457,1.52
1787726998.667,3404,14.5,70447,10.9558,1.52
1787726998.681,3405,14.5,70392,10.9282,1.52
1787726998.696,3406,14.5,70427,10.9466,1.52
1787726998.711,3407,14.5,70494,10.9471,1.52
1787726998.725,3408,14.5,70444,10.9529,1.52
1787726998.740,3409,14.5,70517,10.9452,1.52
1787726998.755,3410,14.5,70527,10.9481,1.52
1787726998.769,3411,14.5,70540,10.9134,1.52
1787726998.784,3412,14.5,70578,10.9283,1.52
1787726998.798,3413,14.5,70519,10.9351,1.52
1787726998.813,3414,14.5,70461,10.9509,1.52
1787726998.828,3415,14.5,70480,10.9508,1.52
1787726998.842,3416,14.5,70442,10.9427,1.52
1787726998.902,3417,59.2,17298,10.9396,1.52
1787726998.969,3418,66.4,15424,10.9708,1.52
1787726999.010,3419,41.4,24707,10.9623,1.52
1787726999.031,3420,20.3,50480,10.9509,1.52
1787726999.074,3421,42.2,24284,10.9649,1.52
1787726999.141,3422,67.3,15206,10.9645,1.52
1787726999.209,3423,67.3,15214,10.9469,1.52
1787726999.229,3424,19.5,52591,10.9310,1.52
1787726999.253,3425,24.0,42626,10.9476,1.52
1787726999.322,3426,69.0,14834,10.9398,1.52
1787726999.392,3427,70.0,14628,10.9274,1.52
1787726999.437,3428,44.8,22869,10.9332,1.52
1787726999.457,3429,19.8,51816,10.9275,1.52
1787726999.482,3430,23.9,42798,10.9511,1.52
1787726999.528,3431,45.7,22402,10.9503,1.52
1787726999.577,3432,49.2,20819,10.9690,1.52
1787726999.592,3433,15.0,68192,10.9652,1.52
1787726999.608,3434,15.0,68287,10.9539,1.52
1787726999.622,3435,14.6,70143,10.9681,1.52
1787726999.637,3436,14.6,70295,10.9647,1.52
1787726999.652,3437,14.7,69794,10.9541,1.52
1787726999.667,3438,14.6,70312,10.9736,1.52
1787726999.681,3439,14.6,70281,10.9517,1.52
1787726999.696,3440,14.6,70323,10.9373,1.52
1787726999.711,3441,14.6,70311,10.9276,1.52
1787726999.725,3442,14.6,70184,10.9447,1.52
1787726999.740,3443,14.5,70438,10.9406,1.52
1787726999.755,3444,14.5,70406,10.9427,1.52
1787726999.769,3445,14.5,70430,10.9307,1.52
1787726999.784,3446,14.5,70394,10.9215,1.52
1787726999.799,3447,14.6,70355,10.9538,1.52
1787726999.813,3448,14.6,70354,10.9502,1.52
1787726999.828,3449,14.6,70363,10.9407,1.52
1787726999.843,3450,14.5,70454,10.9641,1.52
1787726999.857,3451,14.6,70317,10.9315,1.52
1787726999.872,3452,14.5,70380,10.9449,1.52
1787726999.887,3453,14.6,70326,10.9495,1.52
1787726999.901,3454,14.5,70464,10.9571,1.52
1787726999.916,3455,14.6,70344,10.9555,1.52
1787726999.931,3456,14.5,70400,10.9535,1.52
1787726999.945,3457,14.5,70387,10.9679,1.52
1787726999.960,3458,14.6,70240,10.9323,1.52
1787726999.975,3459,14.5,70494,10.9539,1.52
1787726999.989,3460,14.6,70344,10.9268,1.52
1787727000.004,3461,14.6,70319,10.9343,1.52
1787727000.019,3462,14.5,70397,10.9240,1.52
1787727000.033,3463,14.5,70409,10.9491,1.52
1787727000.048,3464,14.6,70275,10.9458,1.52
1787727000.063,3465,14.6,70347,10.9435,1.52
1787727000.077,3466,14.6,70376,10.9365,1.52
1787727000.092,3467,14.5,70391,10.9373,1.52
1787727000.107,3468,14.5,70425,10.9163,1.52
1787727000.121,3469,14.5,70409,10.9265,1.52
1787727000.136,3470,14.5,70435,10.9475,1.52
1787727000.150,3471,14.5,70399,10.9494,1.52
1787727000.165,3472,14.6,70377,10.9316,1.52
1787727000.180,3473,14.6,70275,10.9458,1.52
1787727000.194,3474,14.5,70398,10.9494,1.52
1787727000.209,3475,14.6,70344,10.9319,1.52
1787727000.224,3476,14.6,70325,10.9450,1.52
1787727000.238,3477,14.6,70296,10.9737,1.52
1787727000.253,3478,14.5,70387,10.9429,1.52
1787727000.268,3479,14.6,70342,10.9293,1.52
1787727000.282,3480,14.6,70359,10.9369,1.52
1787727000.297,3481,14.5,70378,10.9452,1.52
1787727000.312,3482,14.6,70357,10.9564,1.52
1787727000.326,3483,14.5,70496,10.9570,1.52
1787727000.341,3484,14.6,70375,10.9555,1.52
1787727000.356,3485,14.5,70535,10.9379,1.52
1787727000.370,3486,14.5,70503,10.9310,1.52
1787727000.385,3487,14.6,70321,10.9466,1.52
1787727000.400,3488,14.5,70536,10.9446,1.52
1787727000.414,3489,14.5,70459,10.9599,1.52
1787727000.429,3490,14.6,70365,10.9230,1.52
1787727000.444,3491,14.5,70484,10.9388,1.52
1787727000.458,3492,14.6,70347,10.9430,1.52
1787727000.473,3493,14.6,70311,10.9502,1.52
1787727000.487,3494,14.5,70389,10.9452,1.52
1787727000.502,3495,14.5,70405,10.9316,1.52
1787727000.517,3496,14.5,70378,10.9473,1.52
1787727000.531,3497,14.6,70367,10.9353,1.52
1787727000.546,3498,14.5,70385,10.9519,1.52
1787727000.561,3499,14.5,70405,10.9512,1.52
1787727000.575,3500,14.5,70434,10.9497,1.52
1787727000.590,3501,14.6,70333,10.9571,1.52
1787727000.605,3502,14.6,70285,10.9425,1.52
1787727000.619,3503,14.5,70395,10.9477,1.52
1787727000.634,3504,14.6,70332,10.9323,1.52
1787727000.649,3505,14.5,70407,10.9415,1.52
1787727000.663,3506,14.5,70474,10.9565,1.52
1787727000.678,3507,14.6,70317,10.9213,1.52
1787727000.693,3508,14.6,70130,10.9616,1.52
1787727000.708,3509,14.6,70350,10.9263,1.52
1787727000.722,3510,14.6,70223,10.9278,1.52
1787727000.737,3511,14.5,70394,10.9085,1.52
1787727000.752,3512,14.6,70370,10.9265,1.52
1787727000.766,3513,14.5,70436,10.9454,1.52
1787727000.781,3514,14.5,70399,10.9218,1.52
1787727000.796,3515,14.6,70377,10.9409,1.52
1787727000.810,3516,14.5,70447,10.9574,1.52
1787727000.825,3517,14.5,70513,10.9468,1.52
1787727000.839,3518,14.6,70371,10.9578,1.52
1787727000.854,3519,14.5,70499,10.9473,1.52
1787727000.869,3520,14.5,70514,10.9409,1.52
1787727000.883,3521,14.5,70487,10.9037,1.52
1787727000.898,3522,14.5,70425,10.9542,1.52
1787727000.913,3523,14.6,70315,10.9088,1.52
1787727000.927,3524,14.6,70375,10.9451,1.52
1787727000.942,3525,14.6,70325,10.9702,1.52
1787727000.957,3526,14.6,70367,10.9397,1.52
1787727000.971,3527,14.6,70310,10.9336,1.52
1787727000.986,3528,14.5,70392,10.9219,1.52
1787727001.001,3529,14.5,70486,10.9363,1.52
1787727001.015,3530,14.6,70325,10.9489,1.52
1787727001.030,3531,14.6,70372,10.9205,1.52
1787727001.045,3532,14.6,70224,10.9282,1.52
1787727001.059,3533,14.6,70333,10.9598,1.52
1787727001.074,3534,14.6,70331,10.9309,1.52
1787727001.089,3535,14.5,70430,10.9356,1.52
1787727001.103,3536,14.5,70447,10.9474,1.52
1787727001.118,3537,14.6,70339,10.9623,1.52
1787727001.133,3538,14.5,70502,10.9464,1.52
1787727001.147,3539,14.6,70337,10.9237,1.52
1787727001.162,3540,14.5,70430,10.9145,1.52
1787727001.177,3541,14.5,70415,10.9367,1.52
1787727001.191,3542,14.5,70390,10.9547,1.52
1787727001.206,3543,14.6,70263,10.9241,1.52
1787727001.221,3544,14.6,70115,10.9332,1.52
1787727001.235,3545,14.6,70265,10.9626,1.52
1787727001.250,3546,14.6,70364,10.9124,1.52
1787727001.265,3547,14.6,70234,10.9647,1.52
1787727001.279,3548,14.6,70341,10.9108,1.52
1787727001.294,3549,14.6,70254,10.9299,1.52
1787727001.309,3550,14.6,70304,10.9815,1.52
1787727001.323,3551,14.6,70330,10.9264,1.52
1787727001.338,3552,14.5,70472,10.9600,1.52
1787727001.353,3553,14.5,70453,10.9647,1.52
1787727001.367,3554,14.6,70353,10.9361,1.52
1787727001.382,3555,14.5,70452,10.9335,1.52
1787727001.397,3556,14.5,70517,10.9624,1.52
1787727001.411,3557,14.6,70360,10.9423,1.52
1787727001.426,3558,14.6,70322,10.9405,1.52
1787727001.441,3559,14.6,70375,10.9258,1.52
1787727001.455,3560,14.6,70354,10.9577,1.52
1787727001.470,3561,14.6,70295,10.9581,1.52
1787727001.485,3562,14.6,70350,10.9543,1.52
1787727001.499,3563,14.5,70401,10.9517,1.52
1787727001.514,3564,14.5,70401,10.9584,1.52
1787727001.529,3565,14.5,70416,10.9662,1.52
1787727001.543,3566,14.5,70539,10.9410,1.52
1787727001.558,3567,14.5,70458,10.9488,1.52
1787727001.573,3568,14.6,70348,10.9206,1.52
1787727001.587,3569,14.5,70525,10.9394,1.52
1787727001.602,3570,14.6,70317,10.9373,1.52
1787727001.616,3571,14.5,70412,10.9379,1.52
1787727001.631,3572,14.5,70496,10.9739,1.52
1787727001.646,3573,14.6,70306,10.9511,1.52
1787727001.660,3574,14.5,70520,10.9097,1.52
1787727001.675,3575,14.5,70574,10.9723,1.52
1787727001.690,3576,14.5,70499,10.9415,1.52
1787727001.704,3577,14.5,70528,10.9686,1.52
1787727001.719,3578,14.5,70495,10.9202,1.52
1787727001.734,3579,14.5,70505,10.9404,1.52
1787727001.748,3580,14.5,70584,10.9474,1.52
1787727001.763,3581,14.5,70503,10.9426,1.52
1787727001.778,3582,14.5,70416,10.9421,1.52
1787727001.792,3583,14.5,70511,10.9363,1.52
1787727001.807,3584,14.5,70542,10.9636,1.52
1787727001.821,3585,14.5,70464,10.9412,1.52
1787727001.836,3586,14.5,70380,10.9517,1.52
1787727001.851,3587,14.5,70445,10.9316,1.52
1787727001.865,3588,14.6,70246,10.9613,1.52
1787727001.880,3589,14.6,70286,10.9523,1.52
1787727001.895,3590,14.6,70336,10.9233,1.52
1787727001.909,3591,14.5,70378,10.9583,1.52
1787727001.924,3592,14.5,70482,10.9286,1.52
1787727001.939,3593,14.5,70440,10.9493,1.52
1787727001.953,3594,14.5,70565,10.9322,1.52
1787727001.968,3595,14.5,70649,10.9519,1.52
1787727001.983,3596,14.5,70553,10.9279,1.52
1787727001.997,3597,14.5,70506,10.9476,1.52
1787727002.012,3598,14.5,70510,10.9397,1.52
1787727002.026,3599,14.5,70579,10.9650,1.52
1787727002.041,3600,14.5,70542,10.9265,1.52
1787727002.056,3601,14.6,70370,10.9245,1.52
1787727002.070,3602,14.5,70427,10.9454,1.52
1787727002.085,3603,14.5,70535,10.9392,1.52
1787727002.100,3604,14.6,70363,10.9652,1.52
1787727002.114,3605,14.6,70337,10.9571,1.52
1787727002.129,3606,14.5,70408,10.9503,1.52
1787727002.144,3607,14.5,70501,10.9363,1.52
1787727002.158,3608,14.5,70390,10.9050,1.52
1787727002.173,3609,14.5,70454,10.9299,1.52
1787727002.188,3610,14.5,70465,10.9528,1.52
1787727002.202,3611,14.6,70337,10.9528,1.52
1787727002.217,3612,14.6,70372,10.9271,1.52
1787727002.232,3613,14.5,70382,10.9591,1.52
1787727002.246,3614,14.5,70421,10.9483,1.52
1787727002.261,3615,14.5,70408,10.9496,1.52
1787727002.276,3616,14.5,70378,10.9482,1.52
1787727002.290,3617,14.5,70458,10.9506,1.52
1787727002.305,3618,14.5,70382,10.9215,1.52
1787727002.320,3619,14.6,70304,10.9310,1.52
1787727002.358,3620,38.0,26957,10.9574,1.52
1787727002.422,3621,63.3,16189,10.9408,1.52
1787727002.484,3622,62.0,16526,10.9388,1.52
1787727002.504,3623,19.7,51990,10.9287,1.52
1787727002.528,3624,23.7,43126,10.9604,1.52
1787727002.596,3625,67.1,15260,10.9294,1.52
1787727002.665,3626,68.4,14970,10.9669,1.52
1787727002.702,3627,37.0,27688,10.9608,1.52
1787727002.720,3628,17.6,58311,10.9571,1.52
1787727002.739,3629,18.7,54689,10.9432,1.52
1787727002.801,3630,61.7,16606,10.9038,1.52
1787727002.872,3631,70.0,14633,10.9604,1.52
1787727002.928,3632,56.1,18259,10.9446,1.52
1787727002.948,3633,19.3,53140,10.9375,1.52
1787727002.968,3634,19.9,51536,10.9526,1.52
1787727002.998,3635,30.4,33680,10.9456,1.52
1787727003.051,3636,52.1,19668,10.9165,1.52
1787727003.083,3637,31.6,32411,10.9455,1.52
1787727003.099,3638,16.3,62738,10.9272,1.52
1787727003.115,3639,15.4,66309,10.9494,1.52
1787727003.131,3640,15.8,64755,10.9327,1.52
1787727003.147,3641,15.5,66014,10.9452,1.52
1787727003.162,3642,15.1,67836,10.9686,1.52
1787727003.177,3643,15.0,68410,10.9468,1.52
1787727003.193,3644,16.1,63628,10.9312,1.52
1787727003.209,3645,14.9,68502,10.9336,1.52
1787727003.224,3646,15.0,68305,10.9241,1.52
1787727003.239,3647,15.5,66022,10.9314,1.52
1787727003.255,3648,14.9,68650,10.9391,1.52
1787727003.269,3649,14.6,70221,10.9563,1.52
1787727003.284,3650,14.6,70185,10.9435,1.52
1787727003.299,3651,14.6,70082,10.9330,1.52
1787727003.313,3652,14.6,70209,10.9146,1.52
1787727003.328,3653,14.6,70102,10.9513,1.52
1787727003.343,3654,14.6,70312,10.9403,1.52
1787727003.358,3655,14.6,70317,10.9566,1.52
1787727003.372,3656,14.6,70168,10.9311,1.52
1787727003.387,3657,14.6,70175,10.9457,1.52
1787727003.402,3658,14.6,70217,10.9671,1.52
1787727003.416,3659,14.6,70226,10.9419,1.52
1787727003.431,3660,14.6,70080,10.9279,1.52
1787727003.446,3661,14.6,70196,10.9378,1.52
1787727003.461,3662,14.6,70165,10.9648,1.52
1787727003.475,3663,14.6,70086,10.9733,1.52
1787727003.490,3664,14.6,70334,10.9472,1.52
1787727003.505,3665,14.6,70346,10.9396,1.52
1787727003.519,3666,14.6,70235,10.9108,1.52
1787727003.534,3667,14.5,70452,10.9461,1.52
1787727003.549,3668,14.6,70338,10.9497,1.52
1787727003.563,3669,14.5,70410,10.9373,1.52
1787727003.578,3670,14.6,70235,10.9339,1.52
1787727003.593,3671,14.5,70429,10.9502,1.52
1787727003.607,3672,14.5,70451,10.9306,1.52
1787727003.622,3673,14.5,70439,10.9180,1.52
1787727003.637,3674,14.6,70291,10.9399,1.52
1787727003.651,3675,14.6,70310,10.9402,1.52
1787727003.666,3676,14.6,70338,10.8998,1.52
1787727003.681,3677,14.6,70323,10.9556,1.52
1787727003.695,3678,14.6,70253,10.9371,1.52
1787727003.710,3679,14.6,70301,10.9447,1.52
1787727003.727,3680,16.7,61286,10.9278,1.52
1787727003.744,3681,16.0,63954,10.9362,1.52
1787727003.759,3682,15.4,66384,10.9231,1.52
1787727003.774,3683,15.0,68364,10.9217,1.52
1787727003.790,3684,15.0,68399,10.9248,1.52
1787727003.805,3685,15.0,68268,10.9387,1.52
1787727003.820,3686,15.0,68142,10.9251,1.52
1787727003.835,3687,15.0,68147,10.9152,1.52
1787727003.850,3688,15.0,68288,10.9352,1.52
1787727003.865,3689,14.9,68719,10.9271,1.52
1787727003.881,3690,15.3,66848,10.9605,1.52
1787727003.897,3691,16.0,63837,10.9730,1.52
1787727003.914,3692,16.3,62899,10.9514,1.52
1787727003.929,3693,14.9,68614,10.9308,1.52
1787727003.944,3694,14.9,68598,10.9509,1.52
1787727003.960,3695,15.2,67185,10.9340,1.52
1787727003.975,3696,14.7,69528,10.9384,1.52
1787727003.990,3697,15.1,67994,10.9218,1.52
1787727004.005,3698,14.7,69457,10.9531,1.52
1787727004.020,3699,14.7,69770,10.9220,1.52
1787727004.035,3700,14.9,68534,10.9207,1.52
1787727004.050,3701,14.7,69810,10.9325,1.52
1787727004.065,3702,15.0,68200,10.9459,1.52
1787727004.080,3703,14.7,69886,10.9442,1.52
1787727004.096,3704,16.2,63241,10.9513,1.52
1787727004.111,3705,14.7,69806,10.9610,1.52
1787727004.126,3706,14.8,69361,10.9497,1.52
1787727004.141,3707,14.8,69149,10.9543,1.52
1787727004.156,3708,14.6,70060,10.9274,1.52
1787727004.171,3709,14.7,69653,10.9355,1.52
1787727004.186,3710,15.3,66974,10.9220,1.52
1787727004.201,3711,15.1,67874,10.9507,1.52
1787727004.217,3712,15.0,68268,10.9418,1.52
1787727004.231,3713,14.6,70064,10.9381,1.52
1787727004.246,3714,14.6,70038,10.9751,1.52
1787727004.261,3715,14.6,70330,10.9433,1.52
1787727004.275,3716,14.5,70410,10.9528,1.52
1787727004.290,3717,14.6,70299,10.9485,1.52
1787727004.305,3718,14.6,70272,10.9502,1.52
1787727004.319,3719,14.5,70399,10.9568,1.52
1787727004.334,3720,14.5,70415,10.9894,1.52
1787727004.349,3721,14.6,70299,10.9359,1.52
1787727004.364,3722,14.6,70275,10.9672,1.52
1787727004.378,3723,14.6,70326,10.9462,1.52
1787727004.393,3724,14.6,70302,10.9254,1.52
1787727004.408,3725,14.6,70339,10.9677,1.52
1787727004.422,3726,14.6,70261,10.9294,1.52
1787727004.437,3727,14.6,70357,10.9176,1.52
1787727004.452,3728,14.5,70511,10.9523,1.52
1787727004.466,3729,14.5,70415,10.9537,1.52
1787727004.481,3730,14.6,70214,10.9663,1.52
1787727004.496,3731,14.5,70440,10.9376,1.52
1787727004.510,3732,14.5,70421,10.9680,1.52
1787727004.525,3733,14.5,70397,10.9593,1.52
1787727004.540,3734,14.5,70407,10.9479,1.52
1787727004.554,3735,14.5,70482,10.9386,1.52
1787727004.569,3736,14.5,70460,10.9551,1.52
1787727004.584,3737,14.6,70311,10.9276,1.52
1787727004.598,3738,14.6,70346,10.9405,1.52
1787727004.613,3739,14.6,70364,10.9478,1.52
1787727004.628,3740,14.5,70405,10.9527,1.52
1787727004.642,3741,14.6,70277,10.9536,1.52
1787727004.657,3742,14.6,70371,10.9598,1.52
1787727004.672,3743,14.6,70315,10.9491,1.52
1787727004.686,3744,14.5,70501,10.9438,1.52
1787727004.701,3745,14.6,70353,10.9354,1.52
1787727004.716,3746,14.6,70177,10.9301,1.52
1787727004.730,3747,14.6,70059,10.9489,1.52
1787727004.745,3748,14.5,70431,10.9510,1.52
1787727004.760,3749,14.6,70361,10.9366,1.52
1787727004.774,3750,14.6,70315,10.9976,1.52
1787727004.789,3751,14.5,70465,10.9420,1.52
1787727004.804,3752,14.5,70493,10.9249,1.52
1787727004.818,3753,14.5,70553,10.9367,1.52
1787727004.834,3754,15.1,67924,10.9337,1.52
1787727004.850,3755,16.2,63350,10.9688,1.52
1787727004.866,3756,15.3,66868,10.9525,1.52
1787727004.881,3757,14.9,68883,10.9329,1.52
1787727004.897,3758,16.1,63491,10.9367,1.52
1787727004.914,3759,16.4,62553,10.9471,1.52
1787727004.931,3760,16.6,61514,10.9458,1.52
1787727004.948,3761,16.5,62189,10.9643,1.52
1787727004.964,3762,15.7,65279,10.9492,1.52
1787727004.980,3763,16.0,64100,10.9516,1.52
1787727004.996,3764,15.8,64886,10.9530,1.52
1787727005.012,3765,15.7,65339,10.9228,1.52
1787727005.028,3766,15.7,65403,10.9322,1.52
1787727005.044,3767,15.6,65609,10.9287,1.52
1787727005.061,3768,16.8,60858,10.9499,1.52
1787727005.080,3769,18.8,54427,10.9436,1.52
1787727005.098,3770,17.2,59502,10.9513,1.52
1787727005.116,3771,17.6,58309,10.9704,1.52
1787727005.133,3772,17.0,60298,10.9357,1.52
1787727005.151,3773,17.4,58867,10.9544,1.52
1787727005.169,3774,17.7,57723,10.9109,1.52
1787727005.186,3775,17.7,57993,10.9435,1.52
1787727005.205,3776,18.7,54779,10.9606,1.52
1787727005.222,3777,16.7,61385,10.9346,1.52
1787727005.240,3778,17.5,58498,10.9516,1.52
1787727005.255,3779,14.8,69340,10.9629,1.52
1787727005.271,3780,15.4,66349,10.9365,1.52
1787727005.288,3781,17.1,59987,10.9660,1.52
1787727005.306,3782,17.1,59718,10.9443,1.52
1787727005.329,3783,23.5,43632,10.9556,1.52
1787727005.394,3784,64.7,15836,10.9696,1.52
1787727005.460,3785,65.9,15532,10.9312,1.52
1787727005.499,3786,38.4,26678,10.9436,1.52
1787727005.518,3787,19.4,52902,10.9574,1.52
1787727005.567,3788,48.9,20942,10.9588,1.52
1787727005.637,3789,69.3,14768,10.9477,1.52
1787727005.703,3790,65.3,15678,10.9485,1.52
1787727005.722,3791,19.2,53440,10.9682,1.52
1787727005.742,3792,19.8,51646,10.9683,1.52
1787727005.787,3793,45.0,22738,10.9422,1.52
1787727005.834,3794,46.2,22170,10.9450,1.52
1787727005.856,3795,22.2,46146,10.9186,1.52
1787727005.890,3796,33.2,30859,10.9300,1.52
1787727005.923,3797,33.3,30706,10.9641,1.52
1787727005.957,3798,33.3,30707,10.9479,1.52
1787727005.972,3799,14.6,70329,10.9598,1.52
1787727005.986,3800,14.5,70385,10.9281,1.52
1787727006.001,3801,14.6,70309,10.9135,1.52
1787727006.016,3802,14.6,70235,10.9504,1.52
1787727006.030,3803,14.6,70268,10.9611,1.52
1787727006.045,3804,14.6,70276,10.9436,1.52
1787727006.060,3805,14.5,70408,10.9595,1.52
1787727006.074,3806,14.5,70382,10.9151,1.52
1787727006.089,3807,14.5,70380,10.9419,1.52
1787727006.104,3808,14.5,70384,10.9615,1.52
1787727006.118,3809,14.5,70428,10.9370,1.52
1787727006.133,3810,14.5,70484,10.9472,1.52
1787727006.148,3811,14.5,70469,10.9258,1.52
1787727006.162,3812,14.6,70367,10.9399,1.52
1787727006.177,3813,14.5,70480,10.9399,1.52
1787727006.192,3814,14.5,70456,10.9307,1.52
1787727006.206,3815,14.5,70386,10.9590,1.52
1787727006.221,3816,14.6,70254,10.9536,1.52
1787727006.236,3817,14.5,70398,10.9370,1.52
1787727006.250,3818,14.5,70386,10.9407,1.52
1787727006.265,3819,14.6,70357,10.9293,1.52
1787727006.279,3820,14.6,70341,10.9512,1.52
1787727006.294,3821,14.6,70357,10.9447,1.52
1787727006.309,3822,14.5,70407,10.9320,1.52
1787727006.323,3823,14.6,70347,10.9564,1.52
1787727006.338,3824,14.6,70329,10.9659,1.52
1787727006.353,3825,14.5,70413,10.9455,1.52
1787727006.367,3826,14.5,70401,10.9391,1.52
1787727006.382,3827,14.6,70370,10.9426,1.52
1787727006.397,3828,14.6,70375,10.9536,1.52
1787727006.411,3829,14.5,70401,10.9275,1.52
1787727006.426,3830,14.6,70323,10.9450,1.52
1787727006.441,3831,14.5,70416,10.9678,1.52
1787727006.455,3832,14.6,70367,10.9215,1.52
1787727006.470,3833,14.6,70376,10.9376,1.52
1787727006.485,3834,14.5,70389,10.9307,1.52
1787727006.499,3835,14.5,70469,10.9224,1.52
1787727006.514,3836,14.5,70416,10.9331,1.52
1787727006.529,3837,14.5,70407,10.9607,1.52
1787727006.543,3838,14.5,70380,10.9223,1.52
1787727006.558,3839,14.5,70387,10.9247,1.52
1787727006.573,3840,14.5,70378,10.9518,1.52
1787727006.587,3841,14.5,70471,10.9452,1.52
1787727006.602,3842,14.6,70339,10.9372,1.52
1787727006.617,3843,14.5,70401,10.9561,1.52
1787727006.631,3844,14.6,70347,10.9433,1.52
1787727006.646,3845,14.6,70323,10.9503,1.52
1787727006.661,3846,14.5,70422,10.9585,1.52
1787727006.675,3847,14.5,70456,10.9301,1.52
1787727006.690,3848,14.6,70370,10.9366,1.52
1787727006.705,3849,14.6,70362,10.9443,1.52
1787727006.719,3850,14.6,70347,10.9518,1.52
1787727006.734,3851,14.5,70392,10.9208,1.52
1787727006.749,3852,14.6,70355,10.9359,1.52
1787727006.763,3853,14.5,70452,10.9455,1.52
1787727006.778,3854,14.6,70291,10.9436,1.52
1787727006.793,3855,14.5,70400,10.9315,1.52
1787727006.807,3856,14.6,70321,10.9343,1.52
1787727006.822,3857,14.5,70479,10.9166,1.52
1787727006.837,3858,14.5,70379,10.9368,1.52
1787727006.851,3859,14.6,70324,10.9347,1.52
1787727006.866,3860,14.6,70273,10.9361,1.52
1787727006.881,3861,14.5,70474,10.9203,1.52
1787727006.895,3862,14.5,70416,10.9310,1.52
1787727006.910,3863,14.5,70617,10.9748,1.52
1787727006.924,3864,14.5,70563,10.9466,1.52
1787727006.939,3865,14.5,70554,10.9087,1.52
1787727006.954,3866,14.5,70526,10.9520,1.52
1787727006.968,3867,14.5,70496,10.9779,1.52
1787727006.983,3868,14.5,70395,10.9662,1.52
1787727006.998,3869,14.5,70493,10.9624,1.52
1787727007.012,3870,14.5,70456,10.9290,1.52
1787727007.027,3871,14.5,70382,10.9768,1.52
1787727007.041,3872,14.5,70419,10.9482,1.52
1787727007.056,3873,14.5,70534,10.9195,1.52
1787727007.071,3874,14.6,70364,10.9446,1.52
1787727007.085,3875,14.5,70480,10.9315,1.52
1787727007.100,3876,14.6,70275,10.9410,1.52
1787727007.115,3877,14.5,70379,10.9173,1.52
1787727007.129,3878,14.5,70451,10.9539,1.52
1787727007.144,3879,14.5,70477,10.9266,1.52
1787727007.159,3880,14.6,70365,10.9514,1.52
1787727007.173,3881,14.5,70424,10.9447,1.52
1787727007.188,3882,14.5,70523,10.9326,1.52
1787727007.203,3883,14.6,70345,10.9807,1.52
1787727007.217,3884,14.5,70491,10.9391,1.52
1787727007.232,3885,14.5,70464,10.9662,1.52
1787727007.247,3886,14.5,70465,10.9402,1.52
1787727007.261,3887,14.5,70490,10.9387,1.52
1787727007.276,3888,14.6,70317,10.9475,1.52
1787727007.291,3889,14.5,70424,10.9531,1.52
1787727007.305,3890,14.6,70359,10.9497,1.52
1787727007.320,3891,14.6,70371,10.9595,1.52
1787727007.335,3892,14.6,70326,10.9595,1.52
1787727007.349,3893,14.5,70536,10.9452,1.52
1787727007.364,3894,14.5,70494,10.9398,1.52
1787727007.378,3895,14.5,70524,10.9293,1.52
1787727007.393,3896,14.6,70372,10.9637,1.52
1787727007.408,3897,14.5,70394,10.9468,1.52
1787727007.423,3898,14.6,70266,10.9619,1.52
1787727007.437,3899,14.6,69927,10.9358,1.52
1787727007.452,3900,14.6,70300,10.9326,1.52
1787727007.467,3901,14.6,70250,10.9320,1.52
1787727007.482,3902,14.6,69898,10.9553,1.52
1787727007.496,3903,14.6,70293,10.9228,1.52
1787727007.511,3904,14.6,70324,10.9495,1.52
1787727007.526,3905,14.5,70453,10.9100,1.52
1787727007.540,3906,14.5,70457,10.9378,1.52
1787727007.555,3907,14.6,70329,10.9323,1.52
1787727007.570,3908,14.5,70526,10.9593,1.52
1787727007.584,3909,14.5,70521,10.9403,1.52
1787727007.599,3910,14.5,70383,10.9618,1.52
1787727007.613,3911,14.5,70394,10.9422,1.52
1787727007.628,3912,14.5,70390,10.9608,1.52
1787727007.643,3913,14.6,70269,10.9457,1.52
1787727007.657,3914,14.5,70459,10.9703,1.52
1787727007.672,3915,14.6,70353,10.9507,1.52
1787727007.687,3916,14.6,70355,10.9555,1.52
1787727007.701,3917,14.5,70432,10.9357,1.52
1787727007.716,3918,14.6,70359,10.9309,1.52
1787727007.731,3919,14.6,70324,10.9344,1.52
1787727007.745,3920,14.6,70329,10.9377,1.52
1787727007.760,3921,14.5,70385,10.9407,1.52
1787727007.775,3922,14.6,70375,10.9353,1.52
1787727007.798,3923,23.2,44153,10.9463,1.52
1787727007.861,3924,62.4,16421,10.9444,1.52
1787727007.926,3925,64.8,15814,10.9493,1.52
1787727007.955,3926,28.6,35768,10.9229,1.52
1787727007.973,3927,17.7,57847,10.9518,1.52
1787727007.992,3928,19.0,53799,10.9191,1.52
1787727008.009,3929,16.0,63938,10.9129,1.52
1787727008.026,3930,17.3,59070,10.9351,1.52
1787727008.050,3931,23.3,43963,10.9610,1.52
1787727008.091,3932,41.5,24653,10.9498,1.52
1787727008.159,3933,67.4,15200,10.9499,1.52
1787727008.216,3934,56.5,18132,10.9283,1.52
1787727008.236,3935,19.7,51926,10.9207,1.52
1787727008.257,3936,20.0,51248,10.9542,1.52
1787727008.313,3937,55.7,18385,10.9437,1.52
1787727008.383,3938,70.1,14605,10.9387,1.52
1787727008.443,3939,59.6,17177,10.9293,1.52
1787727008.463,3940,19.9,51576,10.9366,1.52
1787727008.482,3941,18.5,55412,10.9392,1.52
1787727008.509,3942,25.9,39537,10.9336,1.52
1787727008.558,3943,49.5,20693,10.9674,1.52
1787727008.601,3944,42.5,24107,10.9316,1.52
1787727008.617,3945,15.6,65684,10.9266,1.52
1787727008.635,3946,17.1,59772,10.9376,1.52
1787727008.650,3947,14.9,68768,10.9340,1.52
1787727008.667,3948,16.7,61370,10.9440,1.52
1787727008.682,3949,15.0,68267,10.9291,1.52
1787727008.698,3950,15.6,65790,10.9218,1.52
1787727008.715,3951,16.7,61434,10.9481,1.52
1787727008.730,3952,15.4,66603,10.9622,1.52
1787727008.745,3953,14.7,69464,10.9667,1.52
1787727008.760,3954,14.7,69827,10.9200,1.52
1787727008.775,3955,14.9,68873,10.9552,1.52
1787727008.790,3956,15.2,67339,10.9452,1.52
1787727008.808,3957,16.9,60532,10.9544,1.52
1787727008.823,3958,15.1,67863,10.9598,1.52
1787727008.839,3959,15.6,65595,10.9391,1.52
1787727008.854,3960,15.4,66279,10.9584,1.52
1787727008.869,3961,14.6,69969,10.9282,1.52
1787727008.884,3962,14.6,70198,10.9403,1.52
1787727008.899,3963,14.6,70270,10.9567,1.52
1787727008.913,3964,14.6,70162,10.9167,1.52
1787727008.928,3965,14.6,70176,10.9467,1.52
1787727008.943,3966,14.7,69833,10.9327,1.52
1787727008.958,3967,14.6,70070,10.9157,1.52
1787727008.972,3968,14.6,70240,10.9137,1.52
1787727008.987,3969,14.6,70188,10.9319,1.52
1787727009.002,3970,14.6,70101,10.9405,1.52
1787727009.016,3971,14.6,70216,10.9330,1.52
1787727009.031,3972,14.6,70088,10.9349,1.52
1787727009.046,3973,14.6,70169,10.9181,1.52
1787727009.061,3974,14.6,70294,10.9575,1.52
1787727009.075,3975,14.6,70014,10.9666,1.52
1787727009.090,3976,14.6,69924,10.9409,1.52
1787727009.105,3977,14.6,70270,10.9313,1.52
1787727009.119,3978,14.5,70402,10.9552,1.52
1787727009.134,3979,14.6,70295,10.9580,1.52
1787727009.149,3980,14.6,70354,10.9490,1.52
1787727009.163,3981,14.6,70359,10.9403,1.52
1787727009.178,3982,14.6,70369,10.9798,1.52
1787727009.193,3983,14.6,70231,10.9585,1.52
1787727009.208,3984,14.6,70334,10.9540,1.52
1787727009.222,3985,14.6,70376,10.9301,1.52
1787727009.237,3986,14.5,70406,10.9519,1.52
1787727009.251,3987,14.6,70314,10.9536,1.52
1787727009.266,3988,14.6,70352,10.9584,1.52
1787727009.281,3989,14.6,70065,10.9337,1.52
1787727009.296,3990,14.5,70413,10.9603,1.52
1787727009.310,3991,14.6,70374,10.9591,1.52
1787727009.325,3992,14.6,70355,10.9407,1.52
1787727009.340,3993,14.6,70347,10.9578,1.52
1787727009.354,3994,14.6,70312,10.9479,1.52
1787727009.369,3995,14.5,70466,10.9354,1.52
1787727009.384,3996,14.6,70257,10.9331,1.52
1787727009.398,3997,14.5,70400,10.9655,1.52
1787727009.413,3998,14.6,70314,10.9552,1.52
1787727009.428,3999,14.6,70347,10.9391,1.52
1787727009.442,4000,14.6,70365,10.9575,1.52
1787727009.457,4001,14.5,70385,10.9409,1.52
1787727009.472,4002,14.6,70326,10.9443,1.52
1787727009.486,4003,14.5,70436,10.9530,1.52
1787727009.501,4004,14.6,70324,10.9197,1.52
1787727009.516,4005,14.6,70334,10.9603,1.52
1787727009.530,4006,14.5,70430,10.9420,1.52
1787727009.545,4007,14.6,70194,10.9612,1.52
1787727009.560,4008,14.6,70294,10.9568,1.52
1787727009.574,4009,14.6,70355,10.9912,1.52
1787727009.589,4010,14.5,70391,10.9472,1.52
1787727009.604,4011,14.6,70312,10.9592,1.52
1787727009.618,4012,14.6,70288,10.9321,1.52
1787727009.633,4013,14.6,70289,10.9504,1.52
1787727009.648,4014,14.6,70070,10.9215,1.52
1787727009.663,4015,14.6,70252,10.9393,1.52
1787727009.677,4016,14.5,70469,10.9710,1.52
1787727009.692,4017,14.5,70503,10.9414,1.52
1787727009.706,4018,14.5,70535,10.9617,1.52
1787727009.721,4019,14.6,70078,10.9339,1.52
1787727009.736,4020,14.5,70528,10.9608,1.52
1787727009.750,4021,14.5,70553,10.9330,1.52
1787727009.765,4022,14.6,70371,10.9141,1.52
1787727009.780,4023,14.5,70378,10.9203,1.52
1787727009.794,4024,14.5,70524,10.9501,1.52
1787727009.809,4025,14.5,70439,10.9407,1.52
1787727009.824,4026,14.5,70432,10.9530,1.52
1787727009.838,4027,14.5,70596,10.9522,1.52
1787727009.853,4028,14.5,70436,10.9474,1.52
1787727009.868,4029,14.5,70533,10.9588,1.52
1787727009.882,4030,14.5,70490,10.9470,1.52
1787727009.897,4031,14.5,70532,10.9466,1.52
1787727009.911,4032,14.5,70679,10.9400,1.52
1787727009.926,4033,14.5,70493,10.9331,1.52
1787727009.941,4034,14.5,70477,10.9746,1.52
1787727009.955,4035,14.5,70536,10.9071,1.52
1787727009.970,4036,14.5,70464,10.9244,1.52
1787727009.985,4037,14.5,70582,10.9623,1.52
1787727009.999,4038,14.5,70601,10.9535,1.52
1787727010.014,4039,14.5,70480,10.9451,1.52
1787727010.028,4040,14.5,70626,10.9362,1.52
1787727010.043,4041,14.5,70594,10.9341,1.52
1787727010.058,4042,14.5,70552,10.9552,1.52
1787727010.072,4043,14.5,70523,10.9517,1.52
1787727010.087,4044,14.5,70475,10.9146,1.52
1787727010.101,4045,13.9,73849,10.9265,1.52
1787727010.115,4046,13.9,73893,10.9246,1.52
1787727010.129,4047,13.9,73818,10.9226,1.52
1787727010.143,4048,13.9,73901,10.9536,1.52
1787727010.157,4049,13.9,73886,10.9411,1.52
1787727010.171,4050,13.9,73818,10.9538,1.52
1787727010.185,4051,13.8,74007,10.9232,1.52
1787727010.199,4052,13.9,73882,10.9583,1.52
1787727010.213,4053,13.9,73849,10.9249,1.52
1787727010.227,4054,13.9,73855,10.9413,1.52
1787727010.241,4055,13.9,73905,10.9314,1.52
1787727010.255,4056,13.9,73679,10.9564,1.52
1787727010.269,4057,13.9,73540,10.9222,1.52
1787727010.283,4058,13.9,73802,10.9396,1.52
1787727010.297,4059,13.9,73627,10.9018,1.52
1787727010.311,4060,13.9,73837,10.9632,1.52
1787727010.325,4061,13.9,73769,10.9465,1.52
1787727010.339,4062,13.9,73623,10.9322,1.52
1787727010.353,4063,13.9,73655,10.9382,1.52
1787727010.367,4064,13.9,73640,10.9512,1.52
1787727010.381,4065,13.9,73647,10.9306,1.52
1787727010.395,4066,13.9,73637,10.9591,1.52
1787727010.409,4067,13.9,73604,10.9695,1.52
1787727010.423,4068,13.9,73673,10.9266,1.52
1787727010.437,4069,13.9,73526,10.9368,1.52
1787727010.451,4070,13.9,73567,10.9507,1.52
1787727010.465,4071,13.9,73575,10.9442,1.52
1787727010.479,4072,13.9,73718,10.9466,1.52
1787727010.493,4073,13.9,73630,10.9222,1.52
1787727010.507,4074,13.9,73631,10.9402,1.52
1787727010.521,4075,13.9,73706,10.9448,1.52
1787727010.535,4076,13.9,73827,10.9506,1.52
1787727010.549,4077,13.9,73630,10.9459,1.52
1787727010.563,4078,13.9,73636,10.9476,1.52
1787727010.577,4079,13.9,73541,10.9592,1.52
1787727010.591,4080,13.9,73659,10.9460,1.52
1787727010.605,4081,13.9,73695,10.9605,1.52
1787727010.619,4082,13.9,73615,10.9613,1.52
1787727010.633,4083,14.0,73060,10.9335,1.52
1787727010.647,4084,14.1,72643,10.9257,1.52
1787727010.662,4085,14.0,73093,10.9686,1.52
1787727010.676,4086,14.0,73171,10.9473,1.52
1787727010.690,4087,13.9,73467,10.9472,1.52
1787727010.704,4088,14.0,73240,10.9391,1.52
1787727010.718,4089,14.0,73349,10.9672,1.52
1787727010.732,4090,13.9,73573,10.9469,1.52
1787727010.746,4091,13.9,73711,10.9406,1.52
1787727010.760,4092,13.9,73627,10.9487,1.52
1787727010.774,4093,13.9,73681,10.9616,1.52
1787727010.788,4094,13.9,73842,10.9570,1.52
1787727010.802,4095,13.8,73947,10.9873,1.52
1787727010.816,4096,13.8,73954,10.9533,1.52
1787727010.830,4097,13.9,73853,10.9440,1.52
1787727010.844,4098,13.9,73726,10.9491,1.52
1787727010.858,4099,13.8,73948,10.9476,1.52
1787727010.872,4100,13.9,73894,10.9214,1.52
1787727010.886,4101,13.9,73832,10.9327,1.52
1787727010.900,4102,13.9,73809,10.9369,1.52
1787727010.914,4103,13.8,73970,10.9485,1.52
1787727010.928,4104,13.9,73853,10.9226,1.52
1787727010.942,4105,13.9,73854,10.9404,1.52
1787727010.956,4106,13.8,74086,10.9311,1.52
1787727010.970,4107,13.9,73870,10.9495,1.52
1787727010.984,4108,13.9,73883,10.9510,1.52
1787727010.998,4109,13.9,73802,10.9292,1.52
1787727011.012,4110,13.9,73773,10.9462,1.52
1787727011.026,4111,13.9,73743,10.9423,1.52
1787727011.039,4112,13.9,73877,10.9717,1.52
1787727011.054,4113,13.9,73719,10.9128,1.52
1787727011.067,4114,13.9,73900,10.9509,1.52
1787727011.081,4115,13.9,73788,10.9323,1.52
1787727011.095,4116,13.9,73742,10.9224,1.52
1787727011.109,4117,13.8,73950,10.9448,1.52
1787727011.123,4118,13.9,73789,10.9238,1.52
1787727011.137,4119,13.9,73700,10.9355,1.52
1787727011.151,4120,13.9,73789,10.9450,1.52
1787727011.165,4121,13.9,73887,10.9139,1.52
1787727011.179,4122,13.9,73868,10.9542,1.52
1787727011.193,4123,13.8,73943,10.9311,1.52
1787727011.207,4124,13.9,73916,10.9504,1.52
1787727011.221,4125,13.9,73863,10.9355,1.52
1787727011.235,4126,13.9,73811,10.9485,1.52
1787727011.249,4127,13.9,73882,10.9464,1.52
1787727011.263,4128,13.9,73754,10.9342,1.52
1787727011.277,4129,13.9,73654,10.9451,1.52
1787727011.291,4130,13.9,73621,10.9304,1.52
1787727011.307,4131,15.6,65672,10.9105,1.52
1787727011.322,4132,14.4,70984,10.9521,1.52
1787727011.336,4133,14.3,71635,10.9302,1.52
1787727011.351,4134,14.9,68786,10.9376,1.52
1787727011.366,4135,14.6,69946,10.9196,1.52
1787727011.381,4136,14.7,69509,10.9595,1.52
1787727011.396,4137,14.2,71974,10.9438,1.52
1787727011.410,4138,14.5,70553,10.9540,1.52
1787727011.426,4139,15.0,68437,10.9603,1.52
1787727011.440,4140,14.4,71112,10.9325,1.52
1787727011.455,4141,14.2,71973,10.9261,1.52
1787727011.470,4142,14.5,70430,10.9792,1.52
1787727011.484,4143,14.3,71520,10.9419,1.52
1787727011.499,4144,14.3,71502,10.9215,1.52
1787727011.515,4145,15.9,64474,10.9362,1.52
1787727011.529,4146,14.1,72829,10.9621,1.52
1787727011.543,4147,14.0,73317,10.9434,1.52
1787727011.558,4148,14.8,69184,10.9786,1.52
1787727011.572,4149,14.0,73315,10.9676,1.52
1787727011.588,4150,15.5,65876,10.9463,1.52
1787727011.602,4151,14.1,72586,10.9496,1.52
1787727011.616,4152,13.9,73538,10.9507,1.52
1787727011.631,4153,14.8,69313,10.9400,1.52
1787727011.646,4154,14.1,72762,10.9250,1.52
1787727011.660,4155,14.2,72256,10.9473,1.52
1787727011.674,4156,14.3,71590,10.9817,1.52
1787727011.689,4157,14.0,73010,10.9620,1.52
1787727011.703,4158,14.6,70265,10.9164,1.52
1787727011.717,4159,14.0,73341,10.9270,1.52
1787727011.732,4160,14.0,73207,10.9343,1.52
1787727011.747,4161,15.2,67156,10.9693,1.52
1787727011.761,4162,14.0,73206,10.9528,1.52
1787727011.776,4163,13.9,73511,10.9440,1.52
1787727011.790,4164,14.3,71785,10.9278,1.52
1787727011.804,4165,14.0,73072,10.9665,1.52
1787727011.818,4166,14.0,73346,10.9039,1.52
1787727011.832,4167,13.9,73626,10.9480,1.52
1787727011.846,4168,13.9,73465,10.9497,1.52
1787727011.860,4169,13.9,73708,10.9201,1.52
1787727011.874,4170,13.9,73683,10.9539,1.52
1787727011.888,4171,13.8,73952,10.9423,1.52
1787727011.902,4172,13.9,73695,10.9306,1.52
1787727011.916,4173,13.9,73719,10.9451,1.52
1787727011.930,4174,13.9,73655,10.9419,1.52
1787727011.944,4175,13.9,73535,10.9236,1.52
1787727011.958,4176,13.9,73933,10.9365,1.52
1787727011.972,4177,13.9,73837,10.9685,1.52
1787727011.986,4178,13.9,73501,10.9531,1.52
1787727012.000,4179,13.9,73445,10.9633,1.52
1787727012.015,4180,14.1,72685,10.9241,1.52
1787727012.029,4181,14.0,73394,10.9327,1.52
1787727012.043,4182,13.9,73573,10.9318,1.52
1787727012.057,4183,13.9,73603,10.9525,1.52
1787727012.071,4184,13.9,73633,10.9618,1.52
1787727012.085,4185,13.9,73676,10.9660,1.52
1787727012.099,4186,13.9,73479,10.9462,1.52
1787727012.113,4187,13.9,73656,10.9469,1.52
1787727012.127,4188,13.9,73670,10.9462,1.52
1787727012.141,4189,13.9,73668,10.9570,1.52
1787727012.155,4190,13.9,73580,10.9493,1.52
1787727012.169,4191,14.0,73257,10.9239,1.52
1787727012.183,4192,13.9,73646,10.9574,1.52
1787727012.197,4193,14.2,72073,10.9502,1.52
1787727012.211,4194,13.9,73649,10.9459,1.52
1787727012.226,4195,13.9,73529,10.9295,1.52
1787727012.239,4196,13.9,73873,10.9602,1.52
1787727012.253,4197,13.9,73860,10.9217,1.52
1787727012.267,4198,13.9,73831,10.9429,1.52
1787727012.281,4199,13.9,73821,10.9445,1.52
1787727012.295,4200,13.9,73850,10.9402,1.52
1787727012.309,4201,13.9,73799,10.9531,1.52
1787727012.323,4202,13.9,73878,10.9367,1.52
1787727012.337,4203,13.9,73880,10.9443,1.52
1787727012.351,4204,13.9,73694,10.9474,1.52
1787727012.365,4205,13.9,73920,10.9461,1.52
1787727012.379,4206,13.9,73893,10.9582,1.52
1787727012.393,4207,13.9,73821,10.9407,1.52
1787727012.408,4208,14.2,72257,10.9551,1.52
1787727012.423,4209,15.5,66223,10.9691,1.52
1787727012.438,4210,14.7,69615,10.9330,1.52
1787727012.454,4211,15.5,66005,10.9426,1.52
1787727012.470,4212,15.5,66075,10.9578,1.52
1787727012.486,4213,16.2,63138,10.9452,1.52
1787727012.502,4214,16.0,63862,10.9166,1.52
1787727012.517,4215,14.1,72752,10.9542,1.52
1787727012.533,4216,16.1,63425,10.9423,1.52
1787727012.548,4217,15.0,68136,10.9475,1.52
1787727012.565,4218,16.7,61423,10.9390,1.52
1787727012.580,4219,14.1,72792,10.9023,1.52
1787727012.598,4220,17.9,57169,10.9368,1.52
1787727012.616,4221,17.0,60347,10.9401,1.52
1787727012.633,4222,17.1,59950,10.9259,1.52
1787727012.652,4223,18.3,56095,10.9271,1.52
1787727012.669,4224,17.3,59114,10.9152,1.52
1787727012.690,4225,19.9,51343,10.9487,1.52
1787727012.707,4226,16.9,60657,10.9292,1.52
1787727012.726,4227,18.7,54732,10.9168,1.52
1787727012.744,4228,17.2,59381,10.9321,1.52
1787727012.764,4229,20.2,50632,10.9672,1.52
1787727012.799,4230,34.4,29797,10.9270,1.52
1787727012.851,4231,52.4,19535,10.9515,1.52
1787727012.877,4232,25.7,39902,10.9298,1.52
1787727012.893,4233,14.9,68595,10.9277,1.52
1787727012.908,4234,15.4,66543,10.9579,1.52
1787727012.923,4235,14.7,69632,10.9554,1.52
1787727012.938,4236,14.9,68599,10.9337,1.52
1787727012.953,4237,15.0,68312,10.9702,1.52
1787727012.969,4238,15.7,65095,10.9403,1.52
1787727012.984,4239,14.8,69183,10.9424,1.52
1787727012.999,4240,15.0,68158,10.9640,1.52
1787727013.015,4241,15.4,66414,10.9507,1.52
1787727013.030,4242,14.8,69289,10.9314,1.52
1787727013.045,4243,14.7,69534,10.9244,1.52
1787727013.060,4244,14.6,70088,10.9401,1.52
1787727013.075,4245,14.6,70218,10.9566,1.52
1787727013.089,4246,14.6,69997,10.9540,1.52
1787727013.104,4247,14.7,69753,10.9460,1.52
1787727013.119,4248,14.8,69182,10.9428,1.52
1787727013.134,4249,14.6,70194,10.9245,1.52
1787727013.149,4250,14.8,69177,10.9542,1.52
1787727013.164,4251,14.9,68520,10.9388,1.52
1787727013.179,4252,14.5,70435,10.9331,1.52
1787727013.193,4253,14.5,70427,10.9479,1.52
1787727013.208,4254,14.5,70398,10.9079,1.52
1787727013.223,4255,14.5,70413,10.9475,1.52
1787727013.237,4256,14.6,70323,10.9717,1.52
1787727013.252,4257,15.0,68223,10.9190,1.52
1787727013.267,4258,14.6,70083,10.9646,1.52
1787727013.282,4259,14.6,70361,10.9350,1.52
1787727013.296,4260,14.6,70277,10.9186,1.52
1787727013.311,4261,14.6,70287,10.9345,1.52
1787727013.326,4262,14.6,70212,10.9545,1.52
1787727013.341,4263,14.5,70517,10.9782,1.52
1787727013.355,4264,14.5,70384,10.9091,1.52
1787727013.370,4265,14.5,70399,10.9299,1.52
1787727013.385,4266,14.5,70458,10.9383,1.52
1787727013.399,4267,14.5,70491,10.9356,1.52
1787727013.414,4268,14.6,70350,10.9345,1.52
1787727013.428,4269,14.5,70443,10.9458,1.52
1787727013.443,4270,14.5,70457,10.9377,1.52
1787727013.458,4271,14.6,70341,10.9369,1.52
1787727013.472,4272,14.5,70386,10.9277,1.52
1787727013.487,4273,14.5,70401,10.9671,1.52
1787727013.502,4274,14.6,70347,10.9558,1.52
1787727013.517,4275,14.6,70352,10.9397,1.52
1787727013.531,4276,14.6,70354,10.9536,1.52
1787727013.546,4277,14.5,70559,10.9731,1.52
1787727013.560,4278,14.5,70511,10.9381,1.52
1787727013.575,4279,14.5,70678,10.9359,1.52
1787727013.590,4280,14.5,70532,10.9558,1.52
1787727013.605,4281,14.6,70368,10.9231,1.52
1787727013.620,4282,15.4,66531,10.9243,1.52
1787727013.635,4283,15.1,67970,10.9332,1.52
1787727013.652,4284,16.1,63433,10.9725,1.52
1787727013.667,4285,15.3,67004,10.9325,1.52
1787727013.682,4286,14.9,68517,10.9414,1.52
1787727013.698,4287,15.0,68208,10.9450,1.52
1787727013.715,4288,17.3,59312,10.9434,1.52
1787727013.731,4289,15.7,65216,10.9334,1.52
1787727013.748,4290,17.0,60106,10.9243,1.52
1787727013.764,4291,15.0,68428,10.9431,1.52
1787727013.781,4292,16.8,61111,10.9493,1.52
1787727013.795,4293,14.6,69955,10.9588,1.52
1787727013.812,4294,16.7,61410,10.9787,1.52
1787727013.827,4295,14.7,69482,10.9320,1.52
1787727013.843,4296,15.3,66746,10.9243,1.52
1787727013.862,4297,18.4,55513,10.9387,1.52
1787727013.878,4298,15.7,65165,10.9496,1.52
1787727013.892,4299,14.7,69763,10.9377,1.52
1787727013.908,4300,15.0,68323,10.9658,1.52
1787727013.926,4301,17.5,58444,10.9309,1.52
1787727013.941,4302,15.0,68145,10.9637,1.52
1787727013.957,4303,16.0,64073,10.9188,1.52
1787727013.972,4304,15.3,67142,10.9446,1.52
1787727013.990,4305,17.4,58848,10.9495,1.52
1787727014.005,4306,14.9,68601,10.9485,1.52
1787727014.023,4307,17.6,58052,10.9380,1.52
1787727014.039,4308,15.3,67023,10.9303,1.52
1787727014.055,4309,16.5,61926,10.9289,1.52
1787727014.070,4310,14.7,69451,10.9132,1.52
1787727014.086,4311,15.1,68016,10.9673,1.52
1787727014.101,4312,14.7,69645,10.9288,1.52
1787727014.115,4313,14.7,69890,10.9443,1.52
1787727014.130,4314,14.7,69719,10.9524,1.52
1787727014.145,4315,14.9,68603,10.9472,1.52
1787727014.160,4316,14.7,69694,10.9713,1.52
1787727014.175,4317,14.8,68992,10.9533,1.52
1787727014.190,4318,14.7,69860,10.9257,1.52
1787727014.206,4319,16.1,63672,10.9468,1.52
1787727014.222,4320,14.9,68620,10.9781,1.52
1787727014.237,4321,14.8,68959,10.9697,1.52
1787727014.251,4322,14.6,70138,10.9438,1.52
1787727014.266,4323,14.5,70475,10.9542,1.52
1787727014.282,4324,15.9,64585,10.9308,1.52
1787727014.297,4325,14.5,70514,10.9513,1.52
1787727014.311,4326,14.5,70438,10.9295,1.52
1787727014.326,4327,14.6,70330,10.9827,1.52
1787727014.341,4328,14.6,70306,10.9331,1.52
1787727014.359,4329,17.9,57266,10.9329,1.52
1787727014.376,4330,16.8,60853,10.9432,1.52
1787727014.391,4331,14.7,69556,10.9408,1.52
1787727014.406,4332,14.6,70293,10.9228,1.52
1787727014.421,4333,14.7,69889,10.9598,1.52
1787727014.435,4334,14.6,70306,10.9519,1.52
1787727014.450,4335,14.6,70287,10.9869,1.52
1787727014.465,4336,14.6,70138,10.9442,1.52
1787727014.479,4337,14.5,70401,10.9269,1.52
1787727014.494,4338,14.5,70397,10.9241,1.52
1787727014.509,4339,14.6,70314,10.9523,1.52
1787727014.524,4340,14.5,70422,10.9519,1.52
1787727014.538,4341,14.5,70533,10.9578,1.52
1787727014.553,4342,14.5,70468,10.9416,1.52
1787727014.568,4343,14.5,70439,10.9405,1.52
1787727014.582,4344,14.5,70508,10.9363,1.52
1787727014.597,4345,14.5,70527,10.9304,1.52
1787727014.611,4346,14.5,70427,10.9494,1.52
1787727014.626,4347,14.5,70416,10.9481,1.52
1787727014.641,4348,14.5,70389,10.9485,1.52
1787727014.655,4349,14.6,70376,10.9470,1.52
1787727014.670,4350,14.5,70480,10.9695,1.52
1787727014.685,4351,14.5,70556,10.9295,1.52
1787727014.699,4352,14.5,70399,10.9784,1.52
1787727014.714,4353,14.5,70449,10.9247,1.52
1787727014.730,4354,15.3,66980,10.9438,1.52
1787727014.744,4355,14.6,69992,10.9489,1.52
1787727014.759,4356,14.9,68564,10.9523,1.52
1787727014.774,4357,14.7,69845,10.9822,1.52
1787727014.789,4358,14.5,70506,10.9415,1.52
1787727014.806,4359,16.4,62578,10.9350,1.52
1787727014.825,4360,18.8,54562,10.9720,1.52
1787727014.844,4361,19.3,52999,10.9630,1.52
1787727014.863,4362,18.0,56752,10.9729,1.52
1787727014.883,4363,19.7,51898,10.9264,1.52
1787727014.902,4364,19.0,53987,10.9517,1.52
1787727014.921,4365,18.8,54515,10.9670,1.52
1787727014.939,4366,17.7,57989,10.9287,1.52
1787727014.957,4367,17.8,57558,10.9507,1.52
1787727014.975,4368,17.5,58608,10.9256,1.52
1787727014.992,4369,16.5,62006,10.9376,1.52
1787727015.008,4370,15.8,64859,10.9203,1.52
1787727015.023,4371,15.4,66298,10.9444,1.52
1787727015.038,4372,14.8,69085,10.9467,1.52
1787727015.054,4373,15.2,67574,10.9596,1.52
1787727015.069,4374,14.6,69913,10.9251,1.52
1787727015.083,4375,14.6,70157,10.9269,1.52
1787727015.098,4376,14.6,70250,10.9705,1.52
1787727015.113,4377,14.6,70330,10.9129,1.52
1787727015.127,4378,14.6,70348,10.9313,1.52
1787727015.142,4379,14.6,70227,10.9431,1.52
1787727015.158,4380,15.5,66106,10.9335,1.52
1787727015.173,4381,14.6,70121,10.9293,1.52
1787727015.188,4382,14.6,70367,10.9470,1.52
1787727015.202,4383,14.6,70284,10.9445,1.52
1787727015.217,4384,14.5,70394,10.9280,1.52
1787727015.232,4385,14.5,70420,10.9254,1.52
1787727015.246,4386,14.6,70255,10.9393,1.52
1787727015.261,4387,14.6,70359,10.9442,1.52
1787727015.276,4388,14.5,70407,10.9320,1.52
1787727015.292,4389,15.7,65285,10.9559,1.52
1787727015.307,4390,14.8,69142,10.9286,1.52
1787727015.322,4391,15.5,66009,10.9510,1.52
1787727015.337,4392,14.6,70041,10.9588,1.52
1787727015.352,4393,14.6,70064,10.9290,1.52
1787727015.367,4394,15.1,67698,10.9291,1.52
1787727015.384,4395,16.3,62776,10.9637,1.52
1787727015.419,4396,34.5,29647,10.9454,1.52
1787727015.480,4397,61.3,16713,10.9394,1.52
1787727015.544,4398,63.3,16177,10.9663,1.52
1787727015.567,4399,22.8,44842,10.9262,1.52
1787727015.582,4400,14.8,69021,10.9443,1.52
1787727015.597,4401,14.7,69678,10.9243,1.52
1787727015.612,4402,14.7,69618,10.9172,1.52
1787727015.627,4403,14.7,69514,10.9258,1.52
1787727015.642,4404,14.7,69714,10.9109,1.52
1787727015.657,4405,14.9,68936,10.9371,1.52
1787727015.671,4406,14.7,69779,10.9329,1.52
1787727015.686,4407,14.7,69590,10.9514,1.52
1787727015.701,4408,14.7,69669,10.9256,1.52
1787727015.716,4409,14.7,69713,10.9571,1.52
1787727015.731,4410,14.7,69791,10.9568,1.52
1787727015.746,4411,15.0,68240,10.9399,1.52
1787727015.761,4412,14.7,69497,10.9699,1.52
1787727015.775,4413,14.7,69608,10.9613,1.52
1787727015.790,4414,14.7,69537,10.9476,1.52
1787727015.805,4415,14.7,69481,10.9596,1.52
1787727015.820,4416,14.8,69088,10.9479,1.52
1787727015.835,4417,14.7,69754,10.9544,1.52
1787727015.850,4418,14.7,69597,10.9328,1.52
1787727015.865,4419,14.7,69453,10.9472,1.52
1787727015.879,4420,14.7,69683,10.9319,1.52
1787727015.894,4421,14.7,69864,10.9490,1.52
1787727015.909,4422,14.8,68957,10.9474,1.52
1787727015.924,4423,14.7,69678,10.9242,1.52
1787727015.939,4424,14.7,69668,10.9496,1.52
1787727015.954,4425,14.7,69764,10.9134,1.52
1787727015.968,4426,14.7,69562,10.9501,1.52
1787727015.983,4427,14.9,68792,10.9428,1.52
1787727015.998,4428,14.8,69244,10.9435,1.52
1787727016.041,4429,42.0,24396,10.9653,1.52
1787727016.108,4430,67.0,15287,10.9077,1.52
1787727016.176,4431,68.3,15003,10.9484,1.52
1787727016.196,4432,19.2,53266,10.9347,1.52
1787727016.211,4433,15.2,67573,10.9571,1.52
1787727016.226,4434,14.7,69516,10.9417,1.52
1787727016.241,4435,14.7,69816,10.9236,1.52
1787727016.255,4436,14.7,69735,10.9422,1.52
1787727016.270,4437,14.7,69607,10.9591,1.52
1787727016.285,4438,14.8,68979,10.9285,1.52
1787727016.300,4439,14.7,69644,10.9464,1.52
1787727016.315,4440,14.7,69599,10.9391,1.52
1787727016.330,4441,14.7,69789,10.9209,1.52
1787727016.345,4442,14.7,69435,10.9408,1.52
1787727016.359,4443,14.7,69649,10.9490,1.52
1787727016.374,4444,14.8,69053,10.9574,1.52
1787727016.389,4445,14.7,69717,10.9290,1.52
1787727016.404,4446,14.7,69567,10.9401,1.52
1787727016.419,4447,14.7,69726,10.9424,1.52
1787727016.434,4448,14.7,69645,10.9640,1.52
1787727016.448,4449,14.7,69872,10.9564,1.52
1787727016.463,4450,14.8,69027,10.9584,1.52
1787727016.478,4451,14.8,69308,10.9494,1.52
1787727016.493,4452,14.7,69556,10.9116,1.52
1787727016.508,4453,14.7,69535,10.9425,1.52
1787727016.523,4454,14.7,69569,10.9166,1.52
1787727016.542,4455,19.4,52878,10.9526,1.52
1787727016.612,4456,69.8,14669,10.9465,1.52
1787727016.683,4457,70.7,14493,10.9363,1.52
1787727016.726,4458,42.9,23866,10.9536,1.52
1787727016.741,4459,14.9,68708,10.8894,1.52
1787727016.756,4460,14.7,69606,10.9752,1.52
1787727016.771,4461,14.7,69425,10.9513,1.52
1787727016.786,4462,14.7,69539,10.9586,1.52
1787727016.801,4463,14.6,69959,10.9269,1.52
1787727016.816,4464,14.9,68659,10.9405,1.52
1787727016.830,4465,14.7,69768,10.9310,1.52
1787727016.845,4466,14.8,69389,10.9587,1.52
1787727016.860,4467,14.8,69414,10.9431,1.52
1787727016.875,4468,14.7,69736,10.9363,1.52
1787727016.890,4469,14.8,69104,10.9446,1.52
1787727016.905,4470,14.6,69898,10.9144,1.52
1787727016.923,4471,18.5,55499,10.9467,1.52
1787727016.941,4472,17.2,59573,10.9605,1.52
1787727016.956,4473,15.2,67458,10.9522,1.52
1787727016.971,4474,15.1,67734,10.9353,1.52
1787727016.987,4475,15.7,65229,10.9281,1.52
1787727017.003,4476,15.2,67432,10.9344,1.52
1787727017.018,4477,15.3,67092,10.9084,1.52
1787727017.035,4478,16.2,63246,10.9539,1.52
1787727017.049,4479,14.6,69939,10.9691,1.52
1787727017.064,4480,14.6,70315,10.9350,1.52
1787727017.079,4481,14.6,70296,10.9388,1.52
1787727017.094,4482,14.6,70230,10.9309,1.52
1787727017.108,4483,14.5,70384,10.9582,1.52
1787727017.123,4484,14.6,70311,10.9680,1.52
1787727017.138,4485,14.6,70344,10.9279,1.52
1787727017.152,4486,14.6,70293,10.9281,1.52
1787727017.167,4487,14.6,70340,10.9649,1.52
1787727017.182,4488,14.6,70223,10.9559,1.52
1787727017.196,4489,14.5,70422,10.9502,1.52
1787727017.211,4490,14.5,70399,10.9089,1.52
1787727017.226,4491,14.6,70296,10.9408,1.52
1787727017.240,4492,14.5,70412,10.9458,1.52
1787727017.255,4493,14.5,70392,10.9456,1.52
1787727017.269,4494,13.9,73752,10.9449,1.52
1787727017.283,4495,13.9,73573,10.9611,1.52
1787727017.297,4496,13.9,73554,10.9645,1.52
1787727017.311,4497,13.9,73467,10.9222,1.52
1787727017.325,4498,13.9,73671,10.9479,1.52
1787727017.339,4499,13.9,73646,10.9323,1.52
1787727017.353,4500,13.9,73618,10.9569,1.52
1787727017.367,4501,13.9,73509,10.9462,1.52
1787727017.381,4502,13.9,73579,10.9402,1.52
1787727017.395,4503,13.9,73593,10.9196,1.52
1787727017.409,4504,13.9,73704,10.9325,1.52
1787727017.424,4505,13.9,73495,10.9251,1.52
1787727017.438,4506,13.9,73597,10.9639,1.52
1787727017.452,4507,13.9,73637,10.9299,1.52
1787727017.466,4508,13.9,73506,10.9323,1.52
1787727017.480,4509,13.9,73608,10.9519,1.52
1787727017.494,4510,13.9,73453,10.9253,1.52
1787727017.508,4511,13.9,73445,10.9275,1.52
1787727017.522,4512,13.9,73665,10.9382,1.52
1787727017.536,4513,13.9,73541,10.9723,1.52
1787727017.550,4514,13.9,73628,10.9469,1.52
1787727017.564,4515,13.9,73523,10.9573,1.52
1787727017.578,4516,13.9,73552,10.9498,1.52
1787727017.593,4517,15.0,68312,10.9414,1.52
1787727017.607,4518,14.1,72616,10.9598,1.52
1787727017.621,4519,13.9,73865,10.9549,1.52
1787727017.635,4520,13.9,73855,10.9506,1.52
1787727017.650,4521,13.9,73479,10.9267,1.52
1787727017.664,4522,13.9,73670,10.9311,1.52
1787727017.678,4523,13.9,73659,10.9497,1.52
1787727017.692,4524,13.9,73616,10.9454,1.52
1787727017.706,4525,13.9,73635,10.9442,1.52
1787727017.720,4526,14.0,73279,10.9498,1.52
1787727017.734,4527,14.0,73394,10.9404,1.52
1787727017.748,4528,13.9,73592,10.9429,1.52
1787727017.762,4529,13.9,73755,10.9358,1.52
1787727017.776,4530,13.9,73457,10.9325,1.52
1787727017.790,4531,13.9,73703,10.9429,1.52
1787727017.804,4532,13.9,73560,10.9286,1.52
1787727017.818,4533,13.9,73671,10.9106,1.52
1787727017.832,4534,13.9,73494,10.9496,1.52
1787727017.846,4535,13.9,73514,10.9655,1.52
1787727017.860,4536,13.9,73437,10.9594,1.52
1787727017.874,4537,13.9,73409,10.9273,1.52
1787727017.888,4538,13.9,73719,10.9500,1.52
1787727017.902,4539,13.9,73610,10.9304,1.52
1787727017.916,4540,13.9,73656,10.9352,1.52
1787727017.930,4541,13.9,73594,10.9382,1.52
1787727017.944,4542,13.9,73625,10.9213,1.52
1787727017.958,4543,13.9,73625,10.9660,1.52
1787727017.972,4544,13.9,73654,10.9503,1.52
1787727017.986,4545,13.9,73615,10.9447,1.52
1787727018.001,4546,13.9,73596,10.9351,1.52
1787727018.015,4547,13.9,73582,10.9386,1.52
1787727018.029,4548,13.9,73627,10.9561,1.52
1787727018.043,4549,13.9,73528,10.9495,1.52
1787727018.057,4550,13.9,73717,10.9566,1.52
1787727018.071,4551,13.9,73749,10.9420,1.52
1787727018.085,4552,13.9,73633,10.9643,1.52
1787727018.099,4553,13.9,73559,10.9314,1.52
1787727018.113,4554,13.9,73680,10.9635,1.52
1787727018.127,4555,13.9,73511,10.9316,1.52
1787727018.141,4556,13.9,73479,10.9497,1.52
1787727018.157,4557,15.9,64404,10.9162,1.52
1787727018.175,4558,17.4,59010,10.9201,1.52
1787727018.192,4559,17.3,59252,10.9296,1.52
1787727018.209,4560,17.2,59380,10.9135,1.52
1787727018.227,4561,17.2,59440,10.9406,1.52
1787727018.244,4562,17.3,59105,10.9572,1.52
1787727018.262,4563,17.1,59956,10.9543,1.52
1787727018.279,4564,17.3,59236,10.9328,1.52
1787727018.297,4565,17.2,59561,10.9335,1.52
1787727018.317,4566,19.9,51387,10.9318,1.52
1787727018.346,4567,29.6,34548,10.9264,1.52
1787727018.382,4568,35.0,29279,10.9690,1.52
1787727018.415,4569,33.0,31068,10.9476,1.52
1787727018.444,4570,29.3,34919,10.9507,1.52
1787727018.459,4571,14.6,70330,10.9223,1.52
1787727018.473,4572,14.6,70226,10.9634,1.52
1787727018.488,4573,14.5,70436,10.9513,1.52
1787727018.503,4574,14.5,70397,10.9262,1.52
1787727018.517,4575,14.5,70437,10.9513,1.52
1787727018.532,4576,14.5,70398,10.9363,1.52
1787727018.547,4577,14.5,70400,10.9476,1.52
1787727018.561,4578,14.6,70286,10.9341,1.52
1787727018.576,4579,14.5,70451,10.9519,1.52
1787727018.591,4580,14.5,70479,10.9217,1.52
1787727018.605,4581,14.5,70397,10.9219,1.52
1787727018.620,4582,14.5,70473,10.9334,1.52
1787727018.635,4583,14.6,70350,10.9456,1.52
1787727018.649,4584,14.5,70473,10.9381,1.52
1787727018.664,4585,14.5,70578,10.9596,1.52
1787727018.679,4586,14.5,70437,10.9500,1.52
1787727018.693,4587,14.5,70461,10.9415,1.52
1787727018.708,4588,14.5,70394,10.9585,1.52
1787727018.723,4589,14.6,70060,10.9371,1.52
1787727018.737,4590,14.6,70336,10.9294,1.52
1787727018.752,4591,14.6,70323,10.9387,1.52
1787727018.767,4592,14.5,70442,10.9609,1.52
1787727018.781,4593,14.6,70377,10.9322,1.52
1787727018.796,4594,14.5,70415,10.9394,1.52
1787727018.811,4595,14.5,70443,10.9531,1.52
1787727018.825,4596,14.5,70443,10.9572,1.52
1787727018.840,4597,14.5,70466,10.9195,1.52
1787727018.855,4598,14.5,70421,10.9232,1.52
1787727018.869,4599,14.5,70412,10.9258,1.52
1787727018.884,4600,14.5,70435,10.9021,1.52
1787727018.898,4601,14.5,70506,10.9338,1.52
1787727018.913,4602,14.5,70413,10.9225,1.52
1787727018.928,4603,14.5,70517,10.9725,1.52
1787727018.942,4604,14.5,70501,10.9226,1.52
1787727018.957,4605,14.5,70499,10.9317,1.52
1787727018.972,4606,14.5,70633,10.9366,1.52
1787727018.986,4607,14.5,70554,10.9603,1.52
1787727019.001,4608,14.6,70369,10.9594,1.52
1787727019.016,4609,14.5,70449,10.9475,1.52
1787727019.030,4610,14.5,70552,10.9859,1.52
1787727019.045,4611,14.5,70429,10.9255,1.52
1787727019.059,4612,14.5,70600,10.9539,1.52
1787727019.074,4613,14.5,70601,10.9745,1.52
1787727019.089,4614,14.5,70496,10.9144,1.52
1787727019.103,4615,14.5,70563,10.9640,1.52
1787727019.118,4616,14.5,70546,10.9557,1.52
1787727019.133,4617,14.5,70607,10.9597,1.52
1787727019.147,4618,14.5,70496,10.9304,1.52
1787727019.162,4619,14.5,70488,10.9275,1.52
1787727019.176,4620,14.5,70508,10.9469,1.52
1787727019.191,4621,14.6,70369,10.9572,1.52
1787727019.206,4622,14.5,70407,10.9432,1.52
1787727019.220,4623,14.5,70484,10.9716,1.52
1787727019.235,4624,14.6,70365,10.9587,1.52
1787727019.250,4625,14.5,70409,10.9543,1.52
1787727019.264,4626,14.5,70465,10.9238,1.52
1787727019.279,4627,14.5,70410,10.9331,1.52
1787727019.294,4628,14.6,70370,10.9594,1.52
1787727019.308,4629,14.6,70334,10.9368,1.52
1787727019.323,4630,14.6,70346,10.9391,1.52
1787727019.338,4631,14.5,70378,10.9476,1.52
1787727019.352,4632,14.6,70345,10.9334,1.52
1787727019.367,4633,14.5,70442,10.9510,1.52
1787727019.382,4634,14.6,70276,10.9299,1.52
1787727019.396,4635,14.5,70390,10.9532,1.52
1787727019.411,4636,14.6,70325,10.9432,1.52
1787727019.426,4637,14.6,70327,10.9668,1.52
1787727019.440,4638,14.5,70525,10.9581,1.52
1787727019.455,4639,14.6,70339,10.9335,1.52
1787727019.470,4640,14.5,70481,10.9451,1.52
1787727019.485,4641,15.5,65900,10.9340,1.52
1787727019.501,4642,15.2,67401,10.9665,1.52
1787727019.516,4643,15.2,67464,10.9389,1.52
1787727019.531,4644,15.0,68381,10.9667,1.52
1787727019.547,4645,15.0,68355,10.9222,1.52
1787727019.562,4646,15.0,68227,10.9442,1.52
1787727019.577,4647,15.2,67207,10.9492,1.52
1787727019.592,4648,14.8,69276,10.9180,1.52
1787727019.608,4649,15.7,65251,10.9309,1.52
1787727019.623,4650,14.6,70026,10.9696,1.52
1787727019.638,4651,14.7,69739,10.9503,1.52
1787727019.653,4652,15.2,67289,10.9439,1.52
1787727019.668,4653,15.1,68029,10.9426,1.52
1787727019.684,4654,15.1,67650,10.9332,1.52
1787727019.699,4655,15.2,67433,10.9260,1.52
1787727019.715,4656,15.2,67457,10.9614,1.52
1787727019.730,4657,15.4,66555,10.9433,1.52
1787727019.745,4658,15.2,67395,10.9439,1.52
1787727019.760,4659,14.5,70392,10.9382,1.52
1787727019.775,4660,14.6,70308,10.9527,1.52
1787727019.791,4661,15.6,65786,10.9344,1.52
1787727019.806,4662,15.1,67816,10.9472,1.52
1787727019.821,4663,14.9,68532,10.9492,1.52
1787727019.837,4664,15.1,67669,10.9327,1.52
1787727019.852,4665,15.1,67914,10.9648,1.52
1787727019.867,4666,14.9,68509,10.9450,1.52
1787727019.883,4667,15.5,65952,10.9625,1.52
1787727019.899,4668,15.7,65399,10.9454,1.52
1787727019.914,4669,15.2,67297,10.9750,1.52
1787727019.929,4670,15.1,67775,10.9658,1.52
1787727019.945,4671,15.1,67740,10.9395,1.52
1787727019.960,4672,15.1,67885,10.9327,1.52
1787727019.975,4673,15.2,67478,10.9280,1.52
1787727019.991,4674,15.1,67640,10.9431,1.52
1787727020.006,4675,15.4,66598,10.9282,1.52
1787727020.021,4676,15.1,67860,10.9105,1.52
1787727020.036,4677,14.6,70295,10.9593,1.52
1787727020.051,4678,14.6,70316,10.9630,1.52
1787727020.065,4679,14.5,70428,10.9412,1.52
1787727020.080,4680,14.5,70425,10.9189,1.52
1787727020.095,4681,14.5,70432,10.9562,1.52
1787727020.109,4682,14.5,70495,10.9145,1.52
1787727020.124,4683,14.5,70480,10.9218,1.52
1787727020.139,4684,14.6,70365,10.9317,1.52
1787727020.153,4685,14.6,70349,10.9250,1.52
1787727020.168,4686,14.5,70409,10.9231,1.52
1787727020.183,4687,14.6,70372,10.9374,1.52
1787727020.197,4688,14.5,70378,10.9514,1.52
1787727020.212,4689,14.6,70323,10.9274,1.52
1787727020.227,4690,14.6,70284,10.9063,1.52
1787727020.241,4691,14.5,70380,10.9463,1.52
1787727020.256,4692,14.6,70359,10.9745,1.52
1787727020.271,4693,14.6,70265,10.9292,1.52
1787727020.285,4694,14.5,70477,10.9450,1.52
1787727020.300,4695,14.6,70342,10.9205,1.52
1787727020.315,4696,14.5,70466,10.9724,1.52
1787727020.329,4697,14.5,70503,10.9463,1.52
1787727020.344,4698,14.5,70446,10.9207,1.52
1787727020.359,4699,14.5,70483,10.9368,1.52
1787727020.373,4700,14.5,70424,10.9287,1.52
1787727020.388,4701,14.6,70326,10.9445,1.52
1787727020.403,4702,14.6,70368,10.9328,1.52
1787727020.417,4703,14.6,70365,10.9418,1.52
1787727020.432,4704,14.5,70466,10.9478,1.52
1787727020.447,4705,14.5,70427,10.9544,1.52
1787727020.462,4706,15.1,67688,10.9229,1.52
1787727020.478,4707,15.3,66744,10.9418,1.52
1787727020.493,4708,15.6,65517,10.9581,1.52
1787727020.509,4709,15.7,65356,10.9474,1.52
1787727020.527,4710,17.4,59009,10.9234,1.52
1787727020.544,4711,17.3,59185,10.9343,1.52
1787727020.562,4712,17.5,58628,10.9349,1.52
1787727020.580,4713,17.3,59296,10.9347,1.52
1787727020.597,4714,17.3,59322,10.9581,1.52
1787727020.615,4715,17.4,58774,10.9774,1.52
1787727020.632,4716,17.4,58863,10.9622,1.52
1787727020.650,4717,17.5,58465,10.9298,1.52
1787727020.666,4718,15.7,65020,10.9219,1.52
1787727020.681,4719,14.6,70105,10.9229,1.52
1787727020.696,4720,15.2,67225,10.9412,1.52
1787727020.712,4721,15.2,67466,10.9490,1.52
1787727020.728,4722,15.7,65177,10.9374,1.52
1787727020.744,4723,15.8,64721,10.9369,1.52
1787727020.761,4724,17.4,58871,10.9555,1.52
1787727020.779,4725,17.5,58416,10.9588,1.52
1787727020.797,4726,17.4,58875,10.9186,1.52
1787727020.815,4727,17.9,57313,10.9611,1.52
1787727020.832,4728,17.2,59377,10.9396,1.52
1787727020.850,4729,17.3,59279,10.9326,1.52
1787727020.868,4730,17.3,59106,10.9541,1.52
1787727020.885,4731,17.3,59343,10.9642,1.52
1787727020.908,4732,22.6,45289,10.9349,1.52
1787727020.939,4733,30.8,33241,10.9156,1.52
1787727020.972,4734,32.9,31084,10.9293,1.52
1787727021.006,4735,33.7,30346,10.9182,1.52
1787727021.039,4736,32.8,31221,10.9623,1.52
1787727021.071,4737,32.6,31419,10.9373,1.52
1787727021.105,4738,33.0,31056,10.9264,1.52
1787727021.138,4739,33.4,30636,10.9602,1.52
1787727021.172,4740,33.6,30459,10.9577,1.52
1787727021.205,4741,33.1,30967,10.9360,1.52
1787727021.238,4742,32.8,31247,10.9654,1.52
1787727021.271,4743,32.9,31116,10.9617,1.52
1787727021.305,4744,33.4,30703,10.9295,1.52
1787727021.338,4745,32.8,31176,10.9605,1.52
1787727021.370,4746,32.7,31329,10.9574,1.52
1787727021.403,4747,32.8,31181,10.9305,1.52
1787727021.436,4748,32.4,31578,10.9206,1.52
1787727021.469,4749,33.4,30644,10.9377,1.52
1787727021.502,4750,32.8,31233,10.9556,1.52
1787727021.536,4751,33.1,30964,10.9551,1.52
1787727021.569,4752,33.0,31069,10.9662,1.52
1787727021.602,4753,33.0,31046,10.9301,1.52
1787727021.635,4754,32.9,31114,10.9378,1.52
1787727021.668,4755,32.8,31243,10.9487,1.52
1787727021.701,4756,32.8,31223,10.9732,1.52
1787727021.733,4757,31.9,32092,10.9535,1.52
1787727021.767,4758,33.7,30377,10.9545,1.52
1787727021.799,4759,32.5,31475,10.9294,1.52
1787727021.832,4760,32.9,31129,10.9562,1.52
1787727021.865,4761,32.7,31268,10.9328,1.52
1787727021.898,4762,32.8,31232,10.9406,1.52
1787727021.931,4763,32.2,31760,10.9362,1.52
1787727021.965,4764,33.9,30168,10.9237,1.52
1787727021.997,4765,31.7,32257,10.9485,1.52
1787727022.030,4766,32.9,31082,10.9534,1.52
1787727022.063,4767,33.3,30790,10.9341,1.52
1787727022.097,4768,33.4,30671,10.9251,1.52
1787727022.131,4769,33.7,30397,10.9526,1.52
1787727022.165,4770,33.8,30337,10.9411,1.52
1787727022.198,4771,33.2,30867,10.9444,1.52
1787727022.233,4772,33.9,30187,10.9455,1.52
1787727022.266,4773,33.3,30765,10.9296,1.52
1787727022.299,4774,32.9,31134,10.9444,1.52
1787727022.333,4775,33.4,30617,10.9089,1.52
1787727022.367,4776,33.1,30932,10.9353,1.52
1787727022.399,4777,32.5,31551,10.9063,1.52
1787727022.433,4778,33.6,30490,10.9304,1.52
1787727022.467,4779,33.1,30974,10.9488,1.52
1787727022.501,4780,34.1,29993,10.9299,1.52
1787727022.535,4781,33.6,30506,10.9305,1.52
1787727022.569,4782,33.6,30519,10.9247,1.52
1787727022.602,4783,32.9,31118,10.9444,1.52
1787727022.636,4784,33.4,30649,10.9236,1.52
1787727022.670,4785,33.5,30572,10.9223,1.52
1787727022.703,4786,33.0,31035,10.9298,1.52
1787727022.737,4787,33.3,30781,10.9355,1.52
1787727022.771,4788,34.1,30021,10.9574,1.52
1787727022.804,4789,32.4,31629,10.9386,1.52
1787727022.832,4790,28.2,36323,10.9540,1.52
1787727022.848,4791,15.1,67951,10.9316,1.52
1787727022.862,4792,14.6,69921,10.9328,1.52
1787727022.878,4793,15.5,66004,10.9359,1.52
1787727022.894,4794,15.3,66785,10.9338,1.52
1787727022.908,4795,14.6,70105,10.9678,1.52
1787727022.923,4796,14.9,68873,10.9755,1.52
1787727022.939,4797,14.8,69079,10.9242,1.52
1787727022.954,4798,14.8,69045,10.9462,1.52
1787727022.969,4799,15.3,66954,10.9167,1.52
1787727022.984,4800,15.1,67824,10.9269,1.52
1787727023.002,4801,17.2,59685,10.9598,1.52
1787727023.019,4802,17.2,59371,10.9515,1.52
1787727023.037,4803,17.4,58705,10.9472,1.52
1787727023.055,4804,18.1,56496,10.9427,1.52
1787727023.073,4805,17.3,59077,10.9352,1.52
1787727023.090,4806,17.3,59037,10.9659,1.52
1787727023.108,4807,17.3,59339,10.9410,1.52
1787727023.125,4808,17.6,58333,10.9669,1.52
1787727023.147,4809,21.0,48691,10.9541,1.52
1787727023.167,4810,20.5,49982,10.9434,1.52
1787727023.182,4811,14.6,70020,10.9477,1.52
1787727023.197,4812,15.1,68007,10.9133,1.52
1787727023.213,4813,15.8,64991,10.9403,1.52
1787727023.228,4814,15.0,68264,10.9676,1.52
1787727023.244,4815,15.1,67656,10.9445,1.52
1787727023.260,4816,15.7,65427,10.9405,1.52
1787727023.278,4817,18.2,56268,10.9467,1.52
1787727023.299,4818,20.3,50523,10.9549,1.52
1787727023.320,4819,20.4,50312,10.9327,1.52
1787727023.341,4820,21.0,48687,10.9318,1.52
1787727023.361,4821,19.8,51656,10.9406,1.52
1787727023.379,4822,18.0,56901,10.9774,1.52
1787727023.397,4823,17.2,59402,10.9421,1.52
1787727023.414,4824,17.1,59843,10.9266,1.52
1787727023.430,4825,15.6,65628,10.9445,1.52
1787727023.445,4826,14.6,70059,10.9489,1.52
1787727023.460,4827,14.6,70160,10.9420,1.52
1787727023.474,4828,14.6,70191,10.9303,1.52
1787727023.489,4829,14.6,70082,10.9571,1.52
1787727023.504,4830,14.6,70179,10.9596,1.52
1787727023.519,4831,14.6,70073,10.9411,1.52
1787727023.533,4832,14.6,70161,10.9135,1.52
1787727023.548,4833,14.6,70138,10.9400,1.52
1787727023.563,4834,14.6,69989,10.9252,1.52
1787727023.578,4835,15.1,67867,10.9269,1.52
1787727023.595,4836,16.4,62510,10.9268,1.52
1787727023.612,4837,17.0,60324,10.9378,1.52
1787727023.630,4838,17.8,57367,10.9456,1.52
1787727023.648,4839,17.5,58481,10.9409,1.52
1787727023.665,4840,17.3,59032,10.9548,1.52
1787727023.683,4841,17.5,58562,10.9224,1.52
1787727023.701,4842,17.4,58914,10.9546,1.52
1787727023.719,4843,17.7,57776,10.9717,1.52
1787727023.737,4844,17.5,58422,10.9486,1.52
1787727023.769,4845,32.2,31841,10.9332,1.52
1787727023.807,4846,38.2,26795,10.9556,1.52
1787727023.841,4847,33.7,30405,10.9212,1.52
1787727023.877,4848,34.9,29341,10.9566,1.52
1787727023.911,4849,33.8,30334,10.9224,1.52
1787727023.939,4850,28.6,35804,10.9437,1.52
1787727023.957,4851,17.3,59206,10.9596,1.52
1787727023.973,4852,15.6,65477,10.9203,1.52
1787727023.989,4853,15.6,65747,10.9457,1.52
1787727024.004,4854,15.2,67512,10.9423,1.52
1787727024.020,4855,15.9,64259,10.9744,1.52
1787727024.038,4856,17.0,60110,10.9475,1.52
1787727024.055,4857,17.5,58458,10.9170,1.52
1787727024.072,4858,16.9,60431,10.9444,1.52
1787727024.090,4859,17.3,59045,10.9407,1.52
1787727024.107,4860,16.8,61111,10.9308,1.52
1787727024.125,4861,17.5,58377,10.9579,1.52
1787727024.142,4862,17.1,59744,10.9515,1.52
1787727024.159,4863,17.2,59630,10.9391,1.52
1787727024.177,4864,17.2,59695,10.9468,1.52
1787727024.204,4865,27.3,37529,10.9174,1.52
1787727024.221,4866,16.6,61808,10.9497,1.52
1787727024.237,4867,15.6,65465,10.9336,1.52
1787727024.253,4868,15.6,65714,10.9423,1.52
1787727024.268,4869,15.3,67132,10.9432,1.52
1787727024.284,4870,15.0,68057,10.9425,1.52
1787727024.300,4871,16.4,62621,10.9100,1.52
1787727024.318,4872,17.3,59342,10.9507,1.52
1787727024.335,4873,16.7,61190,10.9483,1.52
1787727024.352,4874,17.2,59478,10.9186,1.52
1787727024.369,4875,17.3,59156,10.9909,1.52
1787727024.387,4876,17.5,58619,10.9487,1.52
1787727024.405,4877,17.3,59068,10.9343,1.52
1787727024.422,4878,17.3,59186,10.9552,1.52
1787727024.440,4879,17.3,59241,10.9511,1.52
1787727024.457,4880,17.1,59919,10.9351,1.52
1787727024.475,4881,17.4,58773,10.9668,1.52
1787727024.492,4882,17.3,59297,10.9489,1.52
1787727024.510,4883,17.2,59478,10.9467,1.52
1787727024.527,4884,17.3,59024,10.9535,1.52
1787727024.545,4885,17.4,58960,10.9352,1.52
1787727024.562,4886,17.2,59387,10.9823,1.52
1787727024.580,4887,17.4,58824,10.9410,1.52
1787727024.597,4888,17.3,59251,10.9491,1.52
1787727024.615,4889,17.2,59397,10.9358,1.52
1787727024.632,4890,17.4,58872,10.9286,1.52
1787727024.650,4891,17.4,59014,10.9138,1.52
1787727024.667,4892,17.1,59831,10.9298,1.52
1787727024.684,4893,17.1,59930,10.9296,1.52
1787727024.702,4894,17.0,60283,10.9324,1.52
1787727024.719,4895,17.1,59803,10.9466,1.52
1787727024.736,4896,17.2,59565,10.9510,1.52
1787727024.754,4897,17.5,58470,10.9228,1.52
1787727024.771,4898,17.3,59283,10.9382,1.52
1787727024.789,4899,17.3,59224,10.9729,1.52
1787727024.806,4900,17.1,59973,10.9394,1.52
1787727024.823,4901,16.9,60421,10.9355,1.52
1787727024.841,4902,17.1,59922,10.9498,1.52
1787727024.858,4903,17.1,59816,10.9405,1.52
1787727024.876,4904,17.3,59189,10.9568,1.52
1787727024.893,4905,17.1,59739,10.9672,1.52
1787727024.910,4906,17.3,59241,10.9619,1.52
1787727024.942,4907,31.4,32565,10.9372,1.52
1787727024.983,4908,40.8,25105,10.9489,1.52
1787727025.006,4909,22.8,44951,10.9461,1.52
1787727025.024,4910,18.1,56532,10.9457,1.52
1787727025.042,4911,17.5,58404,10.9535,1.52
1787727025.060,4912,17.5,58436,10.9339,1.52
1787727025.078,4913,17.6,58263,10.9174,1.52
1787727025.095,4914,17.7,58008,10.9424,1.52
1787727025.113,4915,17.8,57611,10.9423,1.52
1787727025.132,4916,18.1,56438,10.9376,1.52
1787727025.149,4917,17.3,59335,10.9225,1.52
1787727025.167,4918,17.4,58804,10.9090,1.52
1787727025.184,4919,17.3,59332,10.9361,1.52
1787727025.202,4920,17.5,58558,10.9355,1.52
1787727025.220,4921,17.3,59080,10.9451,1.52
1787727025.237,4922,17.5,58632,10.9399,1.52
1787727025.255,4923,17.5,58550,10.9222,1.52
1787727025.273,4924,17.5,58485,10.9406,1.52
1787727025.291,4925,18.3,56011,10.9500,1.52
1787727025.336,4926,44.3,23099,10.9492,1.52
1787727025.368,4927,32.0,32007,10.9536,1.52
1787727025.399,4928,30.9,33095,10.9377,1.52
1787727025.430,4929,30.5,33602,10.9533,1.52
1787727025.460,4930,30.2,33862,10.9296,1.52
1787727025.491,4931,30.7,33314,10.9457,1.52
1787727025.521,4932,30.1,34058,10.9620,1.52
1787727025.552,4933,30.5,33528,10.9463,1.52
1787727025.581,4934,29.6,34609,10.9222,1.52
1787727025.612,4935,30.8,33206,10.9358,1.52
1787727025.643,4936,30.2,33877,10.9474,1.52
1787727025.673,4937,30.3,33773,10.9435,1.52
1787727025.692,4938,18.0,56876,10.9458,1.52
1787727025.709,4939,17.5,58562,10.9280,1.52
1787727025.727,4940,17.9,57345,10.9460,1.52
1787727025.745,4941,17.2,59568,10.9426,1.52
1787727025.762,4942,17.0,60169,10.9464,1.52
1787727025.780,4943,17.4,58948,10.9304,1.52
1787727025.797,4944,17.3,59150,10.9740,1.52
1787727025.815,4945,17.2,59472,10.9407,1.52
1787727025.832,4946,17.3,59284,10.9714,1.52
1787727025.865,4947,32.9,31162,10.9464,1.52
1787727025.887,4948,21.8,47010,10.9488,1.52
1787727025.904,4949,17.2,59697,10.9334,1.52
1787727025.922,4950,17.3,59097,10.9444,1.52
1787727025.939,4951,17.4,58711,10.9510,1.52
1787727025.957,4952,17.2,59443,10.9451,1.52
1787727025.974,4953,17.2,59649,10.9277,1.52
1787727025.992,4954,17.2,59430,10.9418,1.52
1787727026.009,4955,17.1,59747,10.9355,1.52
1787727026.026,4956,17.2,59471,10.9484,1.52
1787727026.059,4957,32.7,31342,10.9597,1.52
1787727026.093,4958,33.3,30773,10.9440,1.52
1787727026.125,4959,32.4,31574,10.9521,1.52
1787727026.158,4960,32.1,31921,10.9174,1.52
1787727026.190,4961,32.3,31723,10.9383,1.52
1787727026.224,4962,33.6,30500,10.9398,1.52
1787727026.257,4963,32.2,31848,10.9274,1.52
1787727026.291,4964,33.4,30661,10.9450,1.52
1787727026.323,4965,32.1,31939,10.9613,1.52
1787727026.357,4966,33.6,30441,10.9350,1.52
1787727026.389,4967,32.1,31910,10.9433,1.52
1787727026.422,4968,32.8,31202,10.9652,1.52
1787727026.456,4969,32.9,31084,10.9332,1.52
1787727026.487,4970,31.6,32381,10.9492,1.52
1787727026.519,4971,31.9,32120,10.9779,1.52
1787727026.552,4972,32.7,31356,10.9296,1.52
1787727026.584,4973,31.3,32681,10.9528,1.52
1787727026.617,4974,33.0,31053,10.9536,1.52
1787727026.648,4975,30.8,33260,10.9350,1.52
1787727026.680,4976,32.5,31466,10.9617,1.52
1787727026.713,4977,32.8,31176,10.9325,1.52
1787727026.746,4978,32.7,31305,10.9591,1.52
1787727026.779,4979,32.5,31463,10.9493,1.52
1787727026.810,4980,30.8,33197,10.9604,1.52
1787727026.842,4981,31.8,32195,10.9391,1.52
1787727026.875,4982,33.6,30490,10.9830,1.52
1787727026.907,4983,31.3,32687,10.9355,1.52
1787727026.940,4984,32.6,31401,10.9291,1.52
1787727026.973,4985,33.1,30972,10.9335,1.52
1787727027.005,4986,32.0,32029,10.9628,1.52
1787727027.037,4987,32.4,31639,10.9630,1.52
1787727027.070,4988,32.4,31595,10.9407,1.52
1787727027.102,4989,32.1,31909,10.9284,1.52
1787727027.134,4990,31.4,32562,10.9527,1.52
1787727027.167,4991,33.0,31049,10.9639,1.52
1787727027.198,4992,31.0,33076,10.9313,1.52
1787727027.230,4993,32.4,31583,10.9673,1.52
1787727027.264,4994,33.1,30969,10.9473,1.52
1787727027.296,4995,31.8,32207,10.9666,1.52
1787727027.328,4996,32.2,31834,10.9452,1.52
1787727027.360,4997,31.9,32107,10.9474,1.52
1787727027.392,4998,31.9,32126,10.9320,1.52
1787727027.424,4999,31.7,32274,10.9260,1.52
1787727027.456,5000,32.5,31488,10.8995,1.52
1787727027.488,5001,31.8,32204,10.9422,1.52
1787727027.521,5002,32.1,31928,10.9429,1.52
1787727027.553,5003,31.9,32068,10.9483,1.52
1787727027.585,5004,32.5,31473,10.9437,1.52
1787727027.617,5005,32.0,32000,10.9492,1.52
1787727027.650,5006,32.1,31927,10.9231,1.52
1787727027.682,5007,31.9,32056,10.9697,1.52
1787727027.715,5008,32.9,31108,10.9182,1.52
1787727027.748,5009,32.8,31210,10.9482,1.52
1787727027.780,5010,32.2,31846,10.9498,1.52
1787727027.813,5011,32.5,31476,10.9262,1.52
1787727027.845,5012,31.9,32063,10.9492,1.52
1787727027.876,5013,31.6,32419,10.9355,1.52
1787727027.910,5014,33.2,30885,10.9244,1.52
1787727027.941,5015,31.4,32604,10.9583,1.52
1787727027.974,5016,32.7,31362,10.9404,1.52
1787727028.005,5017,31.3,32744,10.9214,1.52
1787727028.039,5018,33.0,30988,10.9326,1.52
1787727028.071,5019,31.8,32165,10.9492,1.52
1787727028.104,5020,33.0,31039,10.9272,1.52
1787727028.135,5021,31.3,32664,10.9388,1.52
1787727028.154,5022,18.4,55672,10.9424,1.52
1787727028.171,5023,17.3,59084,10.9482,1.52
1787727028.189,5024,17.5,58599,10.9472,1.52
1787727028.207,5025,17.5,58511,10.9372,1.52
1787727028.224,5026,17.3,59185,10.9355,1.52
1787727028.242,5027,17.4,58949,10.9397,1.52
1787727028.259,5028,17.4,58888,10.9563,1.52
1787727028.277,5029,17.5,58653,10.9265,1.52
1787727028.298,5030,21.2,48371,10.9441,1.52
1787727028.331,5031,32.8,31255,10.9259,1.52
1787727028.346,5032,14.6,70034,10.9400,1.52
1787727028.361,5033,15.3,66969,10.9475,1.52
1787727028.377,5034,15.0,68249,10.9331,1.52
1787727028.392,5035,15.0,68157,10.9658,1.52
1787727028.407,5036,15.3,66773,10.9283,1.52
1787727028.425,5037,17.3,59115,10.9265,1.52
1787727028.443,5038,17.5,58594,10.9484,1.52
1787727028.460,5039,17.5,58392,10.9123,1.52
1787727028.478,5040,17.4,58902,10.9327,1.52
1787727028.496,5041,17.4,58734,10.9451,1.52
1787727028.513,5042,17.3,59197,10.9435,1.52
1787727028.531,5043,17.3,59225,10.9340,1.52
1787727028.548,5044,17.0,60267,10.9597,1.52
1787727028.565,5045,17.3,59261,10.9323,1.52
1787727028.583,5046,17.1,59743,10.9246,1.52
1787727028.600,5047,17.1,59770,10.9722,1.52
1787727028.618,5048,17.2,59548,10.9553,1.52
1787727028.635,5049,17.0,60169,10.9555,1.52
1787727028.652,5050,17.1,59778,10.9531,1.52
1787727028.670,5051,17.1,59716,10.9475,1.52
1787727028.687,5052,17.2,59650,10.9390,1.52
1787727028.717,5053,29.6,34617,10.9312,1.52
1787727028.758,5054,41.4,24764,10.9428,1.52
1787727028.799,5055,40.3,25423,10.9234,1.52
1787727028.832,5056,32.8,31205,10.9219,1.52
1787727028.865,5057,33.1,30974,10.9555,1.52
1787727028.899,5058,33.4,30621,10.9391,1.52
1787727028.931,5059,32.1,31916,10.9296,1.52
1787727028.964,5060,32.8,31217,10.9354,1.52
1787727028.996,5061,32.0,31983,10.9259,1.52
1787727029.014,5062,17.8,57429,10.9736,1.52
1787727029.032,5063,17.2,59586,10.9587,1.52
1787727029.049,5064,17.2,59659,10.9413,1.52
1787727029.068,5065,18.7,54830,10.9669,1.52
1787727029.085,5066,17.4,58851,10.9445,1.52
1787727029.103,5067,17.2,59369,10.9473,1.52
1787727029.120,5068,17.3,59110,10.9313,1.52
1787727029.138,5069,17.1,60033,10.9468,1.52
1787727029.155,5070,17.5,58593,10.9351,1.52
1787727029.182,5071,26.5,38691,10.9374,1.52
1787727029.206,5072,23.5,43507,10.9132,1.52
1787727029.223,5073,17.3,59305,10.9618,1.52
1787727029.241,5074,17.4,58951,10.9727,1.52
1787727029.258,5075,17.3,59178,10.9590,1.52
1787727029.276,5076,17.1,59804,10.9486,1.52
1787727029.293,5077,17.4,58741,10.9387,1.52
1787727029.311,5078,17.4,58921,10.9711,1.52
1787727029.328,5079,17.3,59215,10.9266,1.52
1787727029.346,5080,17.2,59462,10.9123,1.52
1787727029.361,5081,15.3,66754,10.9617,1.52
1787727029.377,5082,15.7,65320,10.9277,1.52
1787727029.393,5083,15.2,67294,10.9435,1.52
1787727029.408,5084,15.2,67590,10.9479,1.52
1787727029.423,5085,15.0,68295,10.9054,1.52
1787727029.440,5086,16.7,61329,10.9274,1.52
1787727029.458,5087,17.3,59164,10.9633,1.52
1787727029.475,5088,17.3,59316,10.9211,1.52
1787727029.493,5089,17.4,58832,10.9514,1.52
1787727029.510,5090,17.3,59280,10.9312,1.52
1787727029.528,5091,17.2,59394,10.9357,1.52
1787727029.545,5092,17.2,59468,10.9295,1.52
1787727029.563,5093,17.1,59740,10.9342,1.52
1787727029.581,5094,18.5,55203,10.9210,1.52
1787727029.600,5095,18.3,55857,10.9579,1.52
1787727029.619,5096,18.4,55524,10.9275,1.52
1787727029.637,5097,18.3,56088,10.9533,1.52
1787727029.656,5098,18.1,56692,10.9296,1.52
1787727029.674,5099,18.0,56735,10.9507,1.52
1787727029.692,5100,17.9,57236,10.9585,1.52
1787727029.710,5101,17.1,59794,10.9475,1.52
1787727029.727,5102,17.3,59315,10.9353,1.52
1787727029.744,5103,16.9,60573,10.9295,1.52
1787727029.772,5104,28.0,36595,10.9625,1.52
1787727029.813,5105,40.0,25579,10.9411,1.52
1787727029.843,5106,30.2,33915,10.9716,1.52
1787727029.874,5107,30.7,33341,10.9431,1.52
1787727029.904,5108,30.1,33977,10.9284,1.52
1787727029.934,5109,29.9,34279,10.9291,1.52
1787727029.960,5110,25.8,39677,10.9385,1.52
1787727029.975,5111,14.6,70246,10.9315,1.52
1787727029.991,5112,15.9,64531,10.9445,1.52
1787727030.007,5113,15.3,66896,10.9620,1.52
1787727030.022,5114,15.1,67645,10.9638,1.52
1787727030.038,5115,15.6,65433,10.9196,1.52
1787727030.053,5116,15.2,67306,10.9345,1.52
1787727030.071,5117,17.4,58822,10.9478,1.52
1787727030.089,5118,17.4,58922,10.9369,1.52
1787727030.106,5119,17.2,59402,10.9488,1.52
1787727030.124,5120,17.4,58985,10.9339,1.52
1787727030.141,5121,17.4,58721,10.9236,1.52
1787727030.159,5122,17.4,58925,10.9447,1.52
1787727030.177,5123,17.4,58734,10.9473,1.52
1787727030.194,5124,17.5,58620,10.9421,1.52
1787727030.214,5125,19.5,52506,10.9363,1.52
1787727030.247,5126,33.0,30988,10.9133,1.52
1787727030.278,5127,31.2,32823,10.9391,1.52
1787727030.309,5128,30.3,33748,10.9608,1.52
1787727030.340,5129,31.4,32612,10.9282,1.52
1787727030.371,5130,30.2,33874,10.9482,1.52
1787727030.402,5131,31.2,32768,10.9489,1.52
1787727030.433,5132,30.1,33964,10.9559,1.52
1787727030.462,5133,29.1,35230,10.9633,1.52
1787727030.490,5134,28.2,36276,10.9538,1.52
1787727030.519,5135,29.1,35206,10.9303,1.52
1787727030.548,5136,28.8,35587,10.9661,1.52
1787727030.578,5137,29.3,34942,10.9440,1.52
1787727030.606,5138,28.3,36186,10.9442,1.52
1787727030.635,5139,28.7,35691,10.9260,1.52
1787727030.664,5140,28.6,35807,10.9440,1.52
1787727030.693,5141,28.7,35645,10.9471,1.52
1787727030.721,5142,28.4,36000,10.9604,1.52
1787727030.750,5143,29.0,35326,10.9319,1.52
1787727030.779,5144,28.4,36028,10.9477,1.52
1787727030.808,5145,29.6,34611,10.9546,1.52
1787727030.838,5146,29.1,35218,10.9674,1.52
1787727030.867,5147,28.7,35661,10.9465,1.52
1787727030.896,5148,28.9,35389,10.9405,1.52
1787727030.925,5149,29.2,35109,10.9244,1.52
1787727030.954,5150,28.3,36121,10.9193,1.52
1787727030.983,5151,28.8,35516,10.9527,1.52
1787727031.012,5152,29.3,34897,10.9343,1.52
1787727031.032,5153,20.0,51294,10.9509,1.52
1787727031.050,5154,17.3,59045,10.9492,1.52
1787727031.067,5155,17.2,59589,10.9256,1.52
1787727031.084,5156,17.2,59683,10.9058,1.52
1787727031.102,5157,17.4,58841,10.9365,1.52
1787727031.119,5158,17.2,59498,10.9333,1.52
1787727031.137,5159,17.3,59349,10.9318,1.52
1787727031.154,5160,17.4,58935,10.9264,1.52
1787727031.172,5161,17.2,59491,10.9265,1.52
1787727031.203,5162,30.5,33611,10.9150,1.52
1787727031.234,5163,31.1,32969,10.9467,1.52
1787727031.264,5164,29.7,34432,10.9534,1.52
1787727031.294,5165,30.0,34167,10.9391,1.52
1787727031.323,5166,29.4,34847,10.9327,1.52
1787727031.353,5167,29.9,34192,10.9631,1.52
1787727031.384,5168,30.6,33478,10.9543,1.52
1787727031.414,5169,29.9,34230,10.9239,1.52
1787727031.444,5170,30.0,34146,10.9428,1.52
1787727031.474,5171,29.9,34251,10.9209,1.52
1787727031.505,5172,30.6,33516,10.9416,1.52
1787727031.535,5173,30.0,34165,10.9469,1.52
1787727031.565,5174,30.3,33771,10.9670,1.52
1787727031.596,5175,30.2,33925,10.9376,1.52
1787727031.625,5176,29.3,34997,10.9487,1.52
1787727031.656,5177,30.7,33340,10.9304,1.52
1787727031.686,5178,29.7,34442,10.9497,1.52
1787727031.716,5179,30.2,33925,10.9525,1.52
1787727031.746,5180,29.5,34681,10.9253,1.52
1787727031.776,5181,30.3,33806,10.9321,1.52
1787727031.806,5182,30.0,34130,10.9238,1.52
1787727031.836,5183,29.7,34457,10.9330,1.52
1787727031.866,5184,29.9,34231,10.9405,1.52
1787727031.897,5185,30.7,33384,10.9378,1.52
1787727031.927,5186,30.2,33932,10.9492,1.52
1787727031.959,5187,31.0,33007,10.9364,1.52
1787727031.989,5188,30.0,34170,10.9466,1.52
1787727032.019,5189,30.0,34089,10.9478,1.52
1787727032.050,5190,30.9,33133,10.9363,1.52
1787727032.082,5191,30.9,33174,10.9419,1.52
1787727032.112,5192,30.2,33920,10.9549,1.52
1787727032.142,5193,30.2,33933,10.9307,1.52
1787727032.173,5194,30.5,33544,10.9188,1.52
1787727032.203,5195,29.5,34710,10.9219,1.52
1787727032.234,5196,30.6,33422,10.9001,1.52
1787727032.264,5197,30.1,33970,10.9568,1.52
1787727032.292,5198,28.4,35996,10.9197,1.52
1787727032.308,5199,15.7,65393,10.9445,1.52
1787727032.324,5200,15.0,68104,10.9200,1.52
1787727032.339,5201,15.1,68013,10.9545,1.52
1787727032.355,5202,15.5,66266,10.9581,1.52
1787727032.370,5203,15.3,66933,10.9169,1.52
1787727032.388,5204,17.3,59343,10.9143,1.52
1787727032.405,5205,17.2,59651,10.9509,1.52
1787727032.422,5206,17.1,59952,10.9358,1.52
1787727032.439,5207,17.1,59865,10.9253,1.52
1787727032.457,5208,17.2,59447,10.9285,1.52
1787727032.474,5209,17.1,59770,10.9278,1.52
1787727032.492,5210,17.2,59478,10.9386,1.52
1787727032.509,5211,17.1,59795,10.9515,1.52
1787727032.527,5212,17.3,59049,10.9307,1.52
1787727032.558,5213,31.2,32860,10.9162,1.52
1787727032.591,5214,32.6,31457,10.9419,1.52
1787727032.622,5215,30.8,33204,10.9451,1.52
1787727032.653,5216,31.1,32947,10.9266,1.52
1787727032.684,5217,30.4,33696,10.9382,1.52
1787727032.715,5218,30.9,33143,10.9428,1.52
1787727032.746,5219,31.2,32851,10.9537,1.52
1787727032.778,5220,31.2,32873,10.9408,1.52
1787727032.809,5221,30.8,33244,10.9263,1.52
1787727032.839,5222,29.7,34521,10.9147,1.52
1787727032.869,5223,29.4,34884,10.9613,1.52
1787727032.897,5224,27.7,37020,10.9340,1.52
1787727032.926,5225,28.8,35558,10.9469,1.52
1787727032.954,5226,27.9,36656,10.9511,1.52
1787727032.982,5227,28.2,36365,10.9434,1.52
1787727033.010,5228,27.4,37367,10.9263,1.52
1787727033.039,5229,28.4,36006,10.9357,1.52
1787727033.066,5230,27.2,37596,10.9431,1.52
1787727033.096,5231,29.5,34682,10.9457,1.52
1787727033.115,5232,18.7,54858,10.9368,1.52
1787727033.131,5233,15.6,65458,10.9320,1.52
1787727033.146,5234,15.6,65831,10.9248,1.52
1787727033.162,5235,15.3,66958,10.9625,1.52
1787727033.178,5236,15.5,66231,10.9358,1.52
1787727033.193,5237,15.4,66335,10.9644,1.52
1787727033.211,5238,17.8,57383,10.9443,1.52
1787727033.229,5239,17.5,58655,10.9378,1.52
1787727033.247,5240,17.4,58822,10.9375,1.52
1787727033.264,5241,17.5,58502,10.9430,1.52
1787727033.282,5242,17.4,58994,10.9442,1.52
1787727033.300,5243,17.3,59053,10.9429,1.52
1787727033.317,5244,17.5,58676,10.9412,1.52
1787727033.335,5245,17.4,58811,10.9485,1.52
1787727033.357,5246,22.2,46101,10.9177,1.52
1787727033.380,5247,22.2,46089,10.9462,1.52
1787727033.396,5248,16.2,63379,10.9404,1.52
1787727033.412,5249,15.4,66530,10.9685,1.52
1787727033.427,5250,15.3,66948,10.9707,1.52
1787727033.443,5251,15.3,66745,10.9253,1.52
1787727033.459,5252,15.6,65676,10.9231,1.52
1787727033.475,5253,15.8,64652,10.9305,1.52
1787727033.492,5254,17.2,59449,10.9458,1.52
1787727033.510,5255,17.3,59124,10.9294,1.52
1787727033.527,5256,17.2,59561,10.9236,1.52
1787727033.544,5257,17.3,59283,10.9560,1.52
1787727033.562,5258,17.1,59881,10.9248,1.52
1787727033.579,5259,17.2,59556,10.9555,1.52
1787727033.596,5260,16.9,60533,10.9466,1.52
1787727033.614,5261,17.0,60087,10.9242,1.52
1787727033.632,5262,18.2,56242,10.9333,1.52
1787727033.660,5263,28.1,36505,10.9379,1.52
1787727033.677,5264,16.3,62848,10.9623,1.52
1787727033.693,5265,15.9,64224,10.9459,1.52
1787727033.708,5266,15.3,66875,10.9353,1.52
1787727033.724,5267,15.4,66550,10.9362,1.52
1787727033.740,5268,15.3,67040,10.9486,1.52
1787727033.755,5269,15.2,67516,10.9456,1.52
1787727033.772,5270,16.6,61583,10.9437,1.52
1787727033.790,5271,17.5,58386,10.9236,1.52
1787727033.807,5272,17.4,58831,10.9564,1.52
1787727033.825,5273,17.4,58832,10.9702,1.52
1787727033.842,5274,17.2,59628,10.9433,1.52
1787727033.860,5275,17.5,58659,10.9379,1.52
1787727033.877,5276,17.3,59060,10.9482,1.52
1787727033.895,5277,17.4,58802,10.9631,1.52
1787727033.912,5278,17.2,59664,10.9333,1.52
1787727033.930,5279,17.4,59014,10.9635,1.52
1787727033.947,5280,17.3,59362,10.9641,1.52
1787727033.965,5281,17.4,58722,10.9575,1.52
1787727033.983,5282,17.4,58706,10.9494,1.52
1787727034.000,5283,17.4,58731,10.9536,1.52
1787727034.018,5284,17.4,58997,10.9469,1.52
1787727034.035,5285,17.4,58688,10.9518,1.52
1787727034.053,5286,17.4,58797,10.9542,1.52
1787727034.084,5287,30.9,33102,10.9542,1.52
1787727034.119,5288,34.6,29635,10.9465,1.52
1787727034.147,5289,28.1,36395,10.9333,1.52
1787727034.175,5290,27.4,37352,10.9483,1.52
1787727034.203,5291,27.9,36682,10.9605,1.52
1787727034.230,5292,27.0,37986,10.9344,1.52
1787727034.257,5293,27.6,37097,10.9579,1.52
1787727034.285,5294,27.2,37690,10.9623,1.52
1787727034.312,5295,27.2,37590,10.9480,1.52
1787727034.340,5296,27.8,36890,10.9745,1.52
1787727034.367,5297,26.8,38169,10.9439,1.52
1787727034.395,5298,27.8,36832,10.9663,1.52
1787727034.422,5299,26.7,38315,10.9297,1.52
1787727034.449,5300,27.5,37289,10.9550,1.52
1787727034.477,5301,27.0,37883,10.9193,1.52
1787727034.504,5302,27.3,37451,10.9346,1.52
1787727034.531,5303,27.2,37619,10.9444,1.52
1787727034.559,5304,27.3,37563,10.9329,1.52
1787727034.586,5305,27.1,37717,10.9408,1.52
1787727034.614,5306,27.8,36861,10.9552,1.52
1787727034.641,5307,27.0,37860,10.9604,1.52
1787727034.668,5308,27.1,37753,10.9383,1.52
1787727034.696,5309,27.5,37235,10.9410,1.52
1787727034.723,5310,27.2,37713,10.9493,1.52
1787727034.751,5311,27.4,37335,10.9645,1.52
1787727034.778,5312,26.6,38508,10.9399,1.52
1787727034.805,5313,27.1,37735,10.9327,1.52
1787727034.832,5314,27.1,37727,10.9344,1.52
1787727034.860,5315,27.6,37168,10.9373,1.52
1787727034.887,5316,26.9,38061,10.9453,1.52
1787727034.914,5317,26.8,38177,10.9513,1.52
1787727034.941,5318,27.3,37485,10.9664,1.52
1787727034.968,5319,26.3,38864,10.9611,1.52
1787727034.995,5320,27.3,37502,10.9362,1.52
1787727035.021,5321,26.1,39199,10.9337,1.52
1787727035.049,5322,27.3,37498,10.9516,1.52
1787727035.076,5323,26.7,38320,10.9683,1.52
1787727035.103,5324,27.1,37752,10.9458,1.52
1787727035.129,5325,26.5,38620,10.9202,1.52
1787727035.156,5326,26.0,39364,10.9333,1.52
1787727035.183,5327,26.8,38177,10.9353,1.52
1787727035.210,5328,26.9,38047,10.9358,1.52
1787727035.237,5329,27.3,37489,10.9445,1.52
1787727035.264,5330,26.6,38487,10.9629,1.52
1787727035.291,5331,27.1,37812,10.9515,1.52
1787727035.318,5332,26.5,38693,10.9576,1.52
1787727035.344,5333,26.5,38655,10.9250,1.52
1787727035.372,5334,27.5,37246,10.9583,1.52
1787727035.398,5335,26.3,38942,10.8987,1.52
1787727035.425,5336,26.9,37998,10.9486,1.52
1787727035.452,5337,26.5,38575,10.9504,1.52
1787727035.479,5338,27.1,37803,10.9401,1.52
1787727035.506,5339,26.6,38502,10.9588,1.52
1787727035.532,5340,26.1,39181,10.9598,1.52
1787727035.559,5341,26.6,38424,10.9390,1.52
1787727035.586,5342,26.5,38690,10.9178,1.52
1787727035.613,5343,27.1,37802,10.9548,1.52
1787727035.640,5344,26.7,38340,10.9734,1.52
1787727035.667,5345,27.2,37616,10.9467,1.52
1787727035.694,5346,26.6,38458,10.9476,1.52
1787727035.721,5347,27.4,37337,10.9283,1.52
1787727035.748,5348,26.9,38113,10.9683,1.52
1787727035.775,5349,26.5,38707,10.9412,1.52
1787727035.803,5350,27.6,37141,10.9538,1.52
1787727035.829,5351,26.4,38797,10.9497,1.52
1787727035.856,5352,26.8,38203,10.9612,1.52
1787727035.883,5353,26.5,38652,10.9437,1.52
1787727035.910,5354,27.3,37528,10.9475,1.52
1787727035.942,5355,31.6,32375,10.9428,1.52
1787727035.979,5356,37.0,27702,10.9305,1.52
1787727036.014,5357,35.3,28974,10.9753,1.52
1787727036.051,5358,36.6,28003,10.9630,1.52
1787727036.087,5359,36.0,28455,10.9475,1.52
1787727036.124,5360,37.1,27634,10.9366,1.52
1787727036.160,5361,36.0,28476,10.9596,1.52
1787727036.197,5362,36.4,28095,10.9254,1.52
1787727036.234,5363,37.4,27389,10.9746,1.52
1787727036.272,5364,37.5,27330,10.9675,1.52
1787727036.309,5365,36.7,27895,10.9165,1.52
1787727036.345,5366,35.7,28692,10.9291,1.52
1787727036.380,5367,34.9,29341,10.9575,1.52
1787727036.402,5368,22.4,45751,10.9229,1.52
1787727036.417,5369,14.5,70414,10.9275,1.52
1787727036.432,5370,14.5,70387,10.9594,1.52
1787727036.446,5371,14.6,70375,10.9400,1.52
1787727036.461,5372,14.6,70310,10.9354,1.52
1787727036.476,5373,14.5,70387,10.9473,1.52
1787727036.490,5374,14.6,70345,10.9613,1.52
1787727036.505,5375,14.6,70287,10.9353,1.52
1787727036.520,5376,14.5,70469,10.9510,1.52
1787727036.534,5377,14.6,70322,10.9374,1.52
1787727036.549,5378,14.5,70412,10.9590,1.52
1787727036.564,5379,14.5,70434,10.9446,1.52
1787727036.578,5380,14.6,70365,10.9100,1.52
1787727036.593,5381,14.6,70324,10.9651,1.52
1787727036.608,5382,14.6,70286,10.9562,1.52
1787727036.622,5383,14.5,70378,10.9533,1.52
1787727036.637,5384,14.5,70452,10.9136,1.52
1787727036.652,5385,14.6,70327,10.9168,1.52
1787727036.666,5386,14.6,70361,10.9417,1.52
1787727036.681,5387,14.6,70334,10.9497,1.52
1787727036.696,5388,14.6,70337,10.9253,1.52
1787727036.710,5389,14.5,70390,10.9228,1.52
1787727036.725,5390,14.6,70353,10.9258,1.52
1787727036.740,5391,14.6,70371,10.9337,1.52
1787727036.754,5392,14.5,70444,10.9440,1.52
1787727036.769,5393,14.5,70391,10.9460,1.52
1787727036.783,5394,14.5,70459,10.9361,1.52
1787727036.798,5395,14.6,70334,10.9279,1.52
1787727036.813,5396,14.5,70390,10.9116,1.52
1787727036.827,5397,14.5,70420,10.9610,1.52
1787727036.842,5398,14.5,70402,10.9416,1.52
1787727036.857,5399,14.5,70547,10.9169,1.52
1787727036.871,5400,14.6,70361,10.9175,1.52
1787727036.886,5401,14.5,70387,10.9569,1.52
1787727036.901,5402,14.5,70461,10.9283,1.52
1787727036.915,5403,14.5,70447,10.9633,1.52
1787727036.930,5404,14.5,70406,10.9451,1.52
1787727036.945,5405,14.6,70356,10.9255,1.52
1787727036.959,5406,14.6,70365,10.9525,1.52
1787727036.974,5407,14.5,70465,10.9230,1.52
1787727036.989,5408,14.5,70519,10.9351,1.52
1787727037.003,5409,14.5,70422,10.9535,1.52
1787727037.018,5410,14.5,70412,10.9467,1.52
1787727037.033,5411,14.5,70380,10.9457,1.52
1787727037.047,5412,14.5,70439,10.9341,1.52
1787727037.062,5413,14.5,70412,10.9472,1.52
1787727037.077,5414,14.5,70391,10.9269,1.52
1787727037.091,5415,14.5,70469,10.9429,1.52
1787727037.106,5416,14.6,70336,10.9289,1.52
1787727037.120,5417,14.5,70392,10.9537,1.52
1787727037.135,5418,14.5,70395,10.9642,1.52
1787727037.150,5419,14.5,70435,10.9458,1.52
1787727037.164,5420,14.6,70371,10.9591,1.52
1787727037.179,5421,14.6,70375,10.9572,1.52
1787727037.194,5422,14.6,70368,10.9682,1.52
1787727037.208,5423,14.5,70460,10.9399,1.52
1787727037.223,5424,14.5,70399,10.9190,1.52
1787727037.238,5425,14.6,70364,10.9527,1.52
1787727037.252,5426,14.6,70332,10.9285,1.52
1787727037.267,5427,14.5,70464,10.9454,1.52
1787727037.282,5428,14.6,70364,10.9195,1.52
1787727037.296,5429,14.5,70380,10.9379,1.52
1787727037.311,5430,14.5,70428,10.9276,1.52
1787727037.326,5431,14.5,70384,10.9273,1.52
1787727037.340,5432,14.6,70369,10.9452,1.52
1787727037.355,5433,14.5,70386,10.9344,1.52
1787727037.370,5434,14.6,70350,10.9441,1.52
1787727037.384,5435,14.5,70442,10.9270,1.52
1787727037.399,5436,14.5,70452,10.9802,1.52
1787727037.414,5437,14.5,70380,10.9218,1.52
1787727037.428,5438,14.5,70385,10.8978,1.52
1787727037.443,5439,14.5,70408,10.9225,1.52
1787727037.458,5440,14.5,70382,10.9666,1.52
1787727037.472,5441,14.6,70327,10.9310,1.52
1787727037.487,5442,14.6,70291,10.9351,1.52
1787727037.502,5443,14.5,70475,10.9303,1.52
1787727037.516,5444,14.6,70375,10.9257,1.52
1787727037.531,5445,14.6,70362,10.9574,1.52
1787727037.546,5446,14.5,70480,10.9331,1.52
1787727037.560,5447,14.6,70370,10.9398,1.52
1787727037.575,5448,14.6,70357,10.9408,1.52
1787727037.589,5449,14.5,70387,10.9376,1.52
1787727037.604,5450,14.6,70338,10.9516,1.52
1787727037.619,5451,14.5,70434,10.9533,1.52
1787727037.633,5452,14.5,70445,10.8985,1.52
1787727037.648,5453,14.5,70390,10.9451,1.52
1787727037.663,5454,14.5,70465,10.9332,1.52
1787727037.677,5455,14.5,70425,10.9449,1.52
1787727037.692,5456,14.5,70423,10.9305,1.52
1787727037.707,5457,14.6,70344,10.9317,1.52
1787727037.721,5458,14.5,70401,10.9484,1.52
1787727037.736,5459,14.6,70235,10.9499,1.52
1787727037.751,5460,14.6,70337,10.9442,1.52
1787727037.765,5461,14.6,70221,10.9217,1.52
1787727037.782,5462,16.8,61128,10.9228,1.52
1787727037.800,5463,17.2,59415,10.9221,1.52
1787727037.817,5464,17.3,59069,10.9339,1.52
1787727037.835,5465,17.3,59312,10.9308,1.52
1787727037.852,5466,17.1,59992,10.9543,1.52
1787727037.869,5467,17.2,59588,10.9587,1.52
1787727037.887,5468,17.3,59318,10.9459,1.52
1787727037.904,5469,17.2,59454,10.9589,1.52
1787727037.922,5470,17.3,59230,10.9412,1.52
1787727037.947,5471,25.0,40940,10.9205,1.52
1787727037.965,5472,17.8,57489,10.9264,1.52
1787727037.983,5473,17.5,58624,10.9341,1.52
1787727038.000,5474,17.6,58200,10.9300,1.52
1787727038.018,5475,17.3,59274,10.9576,1.52
1787727038.035,5476,17.2,59586,10.9452,1.52
1787727038.053,5477,17.4,58973,10.9154,1.52
1787727038.070,5478,17.3,59182,10.8999,1.52
1787727038.088,5479,17.2,59435,10.9436,1.52
1787727038.105,5480,17.2,59480,10.9340,1.52
1787727038.130,5481,24.8,41225,10.9498,1.52
1787727038.163,5482,32.5,31538,10.9341,1.52
1787727038.196,5483,33.6,30489,10.9329,1.52
1787727038.230,5484,33.2,30863,10.9327,1.52
1787727038.263,5485,33.0,31059,10.9461,1.52
1787727038.296,5486,32.8,31178,10.9266,1.52
1787727038.329,5487,33.5,30597,10.9321,1.52
1787727038.362,5488,33.1,30978,10.9039,1.52
1787727038.395,5489,32.4,31607,10.9343,1.52
1787727038.428,5490,32.9,31131,10.9470,1.52
1787727038.461,5491,32.9,31101,10.9299,1.52
1787727038.494,5492,33.1,30921,10.9583,1.52
1787727038.528,5493,33.2,30826,10.9814,1.52
1787727038.561,5494,33.1,30952,10.9471,1.52
1787727038.594,5495,33.4,30696,10.9462,1.52
1787727038.628,5496,33.4,30671,10.9592,1.52
1787727038.660,5497,32.5,31483,10.9309,1.52
1787727038.693,5498,32.0,32003,10.9165,1.52
1787727038.726,5499,32.9,31129,10.9464,1.52
1787727038.759,5500,32.9,31099,10.9437,1.52
1787727038.791,5501,32.4,31584,10.9399,1.52
1787727038.824,5502,33.0,31019,10.9434,1.52
1787727038.857,5503,32.8,31213,10.9018,1.52
1787727038.890,5504,33.0,31032,10.9436,1.52
1787727038.923,5505,32.4,31634,10.9390,1.52
1787727038.956,5506,33.0,31072,10.9302,1.52
1787727038.989,5507,33.3,30752,10.9354,1.52
1787727039.022,5508,32.4,31624,10.9378,1.52
1787727039.055,5509,33.0,31022,10.9440,1.52
1787727039.089,5510,33.4,30664,10.9341,1.52
1787727039.122,5511,32.8,31217,10.9389,1.52
1787727039.146,5512,24.2,42369,10.9312,1.52
1787727039.163,5513,17.0,60163,10.9602,1.52
1787727039.181,5514,17.4,58733,10.9663,1.52
1787727039.198,5515,17.5,58622,10.9356,1.52
1787727039.217,5516,17.7,57800,10.9393,1.52
1787727039.234,5517,17.1,59723,10.9508,1.52
1787727039.251,5518,17.2,59379,10.9755,1.52
1787727039.269,5519,17.3,59031,10.9317,1.52
1787727039.286,5520,17.3,59270,10.9491,1.52
1787727039.306,5521,19.8,51624,10.9604,1.52
1787727039.335,5522,28.6,35815,10.9517,1.52
1787727039.370,5523,34.2,29956,10.9208,1.52
1787727039.405,5524,34.7,29484,10.9177,1.52
1787727039.439,5525,34.4,29808,10.9487,1.52
1787727039.474,5526,34.2,29951,10.9489,1.52
1787727039.508,5527,34.3,29855,10.9359,1.52
1787727039.544,5528,35.5,28829,10.9444,1.52
1787727039.578,5529,34.2,29921,10.9343,1.52
1787727039.612,5530,34.1,30057,10.9191,1.52
1787727039.646,5531,34.0,30094,10.9308,1.52
1787727039.681,5532,34.6,29633,10.9384,1.52
1787727039.715,5533,34.0,30107,10.9224,1.52
1787727039.750,5534,34.1,30003,10.9400,1.52
1787727039.783,5535,33.6,30506,10.9529,1.52
1787727039.818,5536,34.5,29663,10.9287,1.52
1787727039.852,5537,34.4,29763,10.9333,1.52
1787727039.887,5538,34.4,29763,10.9526,1.52
1787727039.922,5539,34.6,29594,10.9327,1.52
1787727039.957,5540,34.8,29438,10.9299,1.52
1787727039.991,5541,34.0,30155,10.9353,1.52
1787727040.025,5542,33.8,30321,10.9362,1.52
1787727040.058,5543,33.5,30530,10.9230,1.52
1787727040.093,5544,34.8,29406,10.9465,1.52
1787727040.129,5545,35.0,29218,10.9508,1.52
1787727040.163,5546,34.1,30008,10.9376,1.52
1787727040.199,5547,35.3,28998,10.9736,1.52
1787727040.236,5548,36.5,28085,10.9484,1.52
1787727040.287,5549,51.2,20015,10.9391,1.52
1787727040.340,5550,52.1,19642,10.9548,1.52
1787727040.392,5551,52.1,19650,10.9654,1.52
1787727040.444,5552,51.3,19969,10.9345,1.52
1787727040.497,5553,52.5,19501,10.9313,1.52
1787727040.549,5554,51.5,19870,10.9462,1.52
1787727040.601,5555,51.6,19853,10.9425,1.52
1787727040.636,5556,35.0,29291,10.9182,1.52
1787727040.652,5557,16.1,63442,10.9249,1.52
1787727040.668,5558,15.1,67654,10.9464,1.52
1787727040.683,5559,15.0,68402,10.9471,1.52
1787727040.698,5560,15.1,67864,10.9387,1.52
1787727040.714,5561,15.1,68015,10.9406,1.52
1787727040.731,5562,17.6,58327,10.9469,1.52
1787727040.749,5563,17.5,58654,10.9401,1.52
1787727040.767,5564,17.5,58650,10.9270,1.52
1787727040.784,5565,17.4,59011,10.9208,1.52
1787727040.802,5566,17.3,59208,10.9411,1.52
1787727040.819,5567,17.4,58914,10.9178,1.52
1787727040.837,5568,17.3,59033,10.9343,1.52
1787727040.855,5569,17.4,58903,10.9556,1.52
1787727040.874,5570,19.0,53801,10.9432,1.52
1787727040.898,5571,24.1,42453,10.9372,1.52
1787727040.913,5572,14.7,69812,10.9159,1.52
1787727040.928,5573,15.1,67649,10.9379,1.52
1787727040.944,5574,15.3,67059,10.9363,1.52
1787727040.959,5575,15.2,67441,10.9357,1.52
1787727040.974,5576,15.0,68429,10.9299,1.52
1787727040.992,5577,17.2,59456,10.9616,1.52
1787727041.009,5578,17.3,59067,10.9409,1.52
1787727041.027,5579,17.6,58186,10.9260,1.52
1787727041.045,5580,17.4,58752,10.9146,1.52
1787727041.063,5581,17.4,58806,10.9370,1.52
1787727041.080,5582,17.3,59110,10.9553,1.52
1787727041.098,5583,17.5,58425,10.9416,1.52
1787727041.115,5584,17.2,59390,10.9176,1.52
1787727041.133,5585,17.5,58494,10.9449,1.52
1787727041.159,5586,26.2,39136,10.9094,1.52
1787727041.185,5587,25.3,40543,10.9358,1.52
1787727041.202,5588,17.1,60054,10.9355,1.52
1787727041.220,5589,17.4,58730,10.9278,1.52
1787727041.238,5590,17.7,57976,10.9402,1.52
1787727041.255,5591,17.4,58762,10.9471,1.52
1787727041.273,5592,17.5,58656,10.9422,1.52
1787727041.291,5593,17.5,58674,10.9533,1.52
1787727041.308,5594,17.4,58991,10.9515,1.52
1787727041.326,5595,17.6,58093,10.9534,1.52
1787727041.351,5596,24.8,41339,10.9307,1.52
1787727041.372,5597,21.3,48119,10.9357,1.52
1787727041.390,5598,17.5,58636,10.9386,1.52
1787727041.408,5599,17.7,57727,10.9274,1.52
1787727041.426,5600,17.5,58426,10.9016,1.52
1787727041.444,5601,17.4,58792,10.9463,1.52
1787727041.461,5602,17.4,58820,10.9486,1.52
1787727041.479,5603,17.4,58701,10.9251,1.52
1787727041.496,5604,17.5,58584,10.9288,1.52
1787727041.515,5605,18.5,55209,10.9513,1.52
1787727041.544,5606,28.5,35978,10.9205,1.52
1787727041.572,5607,27.4,37327,10.9597,1.52
1787727041.598,5608,26.7,38318,10.9343,1.52
1787727041.626,5609,27.2,37610,10.9352,1.52
1787727041.652,5610,26.4,38842,10.9224,1.52
1787727041.680,5611,27.3,37500,10.9476,1.52
1787727041.706,5612,26.6,38544,10.9343,1.52
1787727041.733,5613,26.2,39085,10.9282,1.52
1787727041.760,5614,27.0,37979,10.9448,1.52
1787727041.786,5615,26.4,38789,10.9545,1.52
1787727041.814,5616,27.1,37804,10.9416,1.52
1787727041.840,5617,26.5,38606,10.9167,1.52
1787727041.867,5618,26.1,39202,10.9403,1.52
1787727041.884,5619,16.8,60820,10.9518,1.52
1787727041.901,5620,17.3,59203,10.9589,1.52
1787727041.918,5621,17.3,59297,10.9446,1.52
1787727041.936,5622,17.2,59523,10.9376,1.52
1787727041.953,5623,17.2,59661,10.9444,1.52
1787727041.971,5624,17.2,59533,10.9323,1.52
1787727041.988,5625,17.2,59700,10.9611,1.52
1787727042.005,5626,17.2,59420,10.9559,1.52
1787727042.023,5627,17.0,60076,10.9289,1.52
1787727042.053,5628,29.9,34274,10.9424,1.52
1787727042.080,5629,27.4,37350,10.9377,1.52
1787727042.107,5630,27.1,37818,10.9358,1.52
1787727042.135,5631,27.5,37275,10.9326,1.52
1787727042.162,5632,26.8,38183,10.9692,1.52
1787727042.189,5633,27.2,37591,10.9507,1.52
1787727042.216,5634,26.9,38090,10.9558,1.52
1787727042.243,5635,26.6,38459,10.9274,1.52
1787727042.271,5636,27.4,37314,10.9101,1.52
1787727042.297,5637,26.7,38328,10.9569,1.52
1787727042.325,5638,27.0,37894,10.9327,1.52
1787727042.351,5639,26.6,38519,10.9344,1.52
1787727042.378,5640,26.8,38181,10.9279,1.52
1787727042.405,5641,26.5,38676,10.9398,1.52
1787727042.432,5642,26.5,38639,10.9365,1.52
1787727042.459,5643,27.4,37352,10.9370,1.52
1787727042.486,5644,26.7,38392,10.9285,1.52
1787727042.514,5645,27.7,36994,10.9449,1.52
1787727042.542,5646,27.1,37782,10.9395,1.52
1787727042.569,5647,27.1,37776,10.9448,1.52
1787727042.596,5648,26.9,38091,10.9667,1.52
1787727042.624,5649,27.5,37250,10.9682,1.52
1787727042.651,5650,26.5,38676,10.9330,1.52
1787727042.678,5651,27.1,37764,10.9683,1.52
1787727042.705,5652,26.5,38695,10.9313,1.52
1787727042.723,5653,18.0,56766,10.9503,1.52
1787727042.740,5654,16.4,62447,10.9503,1.52
1787727042.755,5655,15.1,67933,10.9335,1.52
1787727042.771,5656,15.4,66364,10.9145,1.52
1787727042.786,5657,14.8,69262,10.9509,1.52
1787727042.803,5658,16.7,61405,10.9445,1.52
1787727042.820,5659,17.4,58845,10.9168,1.52
1787727042.838,5660,17.5,58430,10.9507,1.52
1787727042.856,5661,17.5,58352,10.9496,1.52
1787727042.873,5662,17.3,59033,10.9437,1.52
1787727042.891,5663,17.4,58909,10.9264,1.52
1787727042.909,5664,17.6,58268,10.9615,1.52
1787727042.926,5665,17.5,58656,10.9155,1.52
1787727042.945,5666,18.0,56879,10.9370,1.52
1787727042.974,5667,29.5,34687,10.9757,1.52
1787727042.993,5668,18.3,55916,10.9644,1.52
1787727043.011,5669,17.7,57862,10.9236,1.52
1787727043.028,5670,16.9,60710,10.9034,1.52
1787727043.045,5671,17.1,59882,10.9387,1.52
1787727043.062,5672,17.2,59633,10.9613,1.52
1787727043.080,5673,17.0,60085,10.9242,1.52
1787727043.097,5674,17.1,59888,10.9437,1.52
1787727043.114,5675,17.1,59822,10.9343,1.52
1787727043.131,5676,16.5,62159,10.9520,1.52
1787727043.147,5677,15.7,65103,10.9482,1.52
1787727043.163,5678,16.1,63745,10.9551,1.52
1787727043.193,5679,29.4,34777,10.9438,1.52
1787727043.222,5680,29.0,35324,10.9449,1.52
1787727043.250,5681,28.0,36541,10.9398,1.52
1787727043.279,5682,28.4,35999,10.9730,1.52
1787727043.307,5683,27.7,37031,10.9118,1.52
1787727043.335,5684,28.2,36360,10.9327,1.52
1787727043.357,5685,21.9,46707,10.9618,1.52
1787727043.372,5686,14.9,68853,10.9250,1.52
1787727043.388,5687,15.0,68261,10.9585,1.52
1787727043.403,5688,15.0,68369,10.9298,1.52
1787727043.418,5689,14.9,68572,10.9266,1.52
1787727043.434,5690,15.9,64330,10.9471,1.52
1787727043.452,5691,17.5,58559,10.9361,1.52
1787727043.469,5692,17.2,59448,10.9578,1.52
1787727043.487,5693,17.3,59176,10.9219,1.52
1787727043.504,5694,17.3,59327,10.9236,1.52
1787727043.522,5695,17.5,58631,10.9667,1.52
1787727043.539,5696,17.4,58899,10.9504,1.52
1787727043.557,5697,17.5,58630,10.9415,1.52
1787727043.575,5698,17.4,58995,10.9116,1.52
1787727043.599,5699,24.6,41701,10.9353,1.52
1787727043.631,5700,31.1,32910,10.9259,1.52
1787727043.660,5701,29.3,34959,10.9474,1.52
1787727043.689,5702,29.0,35313,10.9465,1.52
1787727043.719,5703,29.7,34435,10.9272,1.52
1787727043.748,5704,28.2,36265,10.9380,1.52
1787727043.777,5705,28.9,35421,10.9355,1.52
1787727043.805,5706,28.2,36351,10.9385,1.52
1787727043.834,5707,28.9,35403,10.9359,1.52
1787727043.863,5708,28.7,35736,10.9273,1.52
1787727043.892,5709,28.8,35544,10.9355,1.52
1787727043.921,5710,29.2,35047,10.9461,1.52
1787727043.950,5711,28.6,35851,10.9617,1.52
1787727043.979,5712,29.2,35051,10.9329,1.52
1787727044.008,5713,28.9,35438,10.9371,1.52
1787727044.037,5714,28.7,35689,10.9714,1.52
1787727044.066,5715,28.7,35689,10.9244,1.52
1787727044.094,5716,28.2,36295,10.9459,1.52
1787727044.123,5717,28.8,35607,10.9310,1.52
1787727044.152,5718,29.3,34995,10.9214,1.52
1787727044.180,5719,27.8,36820,10.9481,1.52
1787727044.209,5720,29.0,35326,10.9536,1.52
1787727044.238,5721,28.1,36429,10.9396,1.52
1787727044.267,5722,29.0,35298,10.9361,1.52
1787727044.295,5723,28.1,36417,10.9631,1.52
1787727044.324,5724,29.1,35203,10.9307,1.52
1787727044.353,5725,28.7,35734,10.9395,1.52
1787727044.382,5726,29.4,34842,10.9495,1.52
1787727044.411,5727,28.6,35799,10.9328,1.52
1787727044.440,5728,29.0,35273,10.9118,1.52
1787727044.470,5729,29.1,35179,10.9301,1.52
1787727044.498,5730,28.5,35983,10.9604,1.52
1787727044.527,5731,28.5,35928,10.9512,1.52
1787727044.557,5732,29.5,34661,10.9674,1.52
1787727044.586,5733,29.3,34901,10.9452,1.52
1787727044.615,5734,28.8,35515,10.9274,1.52
1787727044.644,5735,29.2,35072,10.9445,1.52
1787727044.673,5736,28.6,35784,10.9409,1.52
1787727044.701,5737,28.3,36223,10.9608,1.52
1787727044.731,5738,29.2,35069,10.9725,1.52
1787727044.759,5739,27.9,36661,10.9092,1.52
1787727044.787,5740,27.9,36736,10.9412,1.52
1787727044.814,5741,27.0,37989,10.9350,1.52
1787727044.841,5742,26.5,38621,10.9358,1.52
1787727044.878,5743,36.7,27882,10.9323,1.52
1787727044.916,5744,38.2,26788,10.9483,1.52
1787727044.954,5745,37.9,27054,10.9312,1.52
1787727044.992,5746,37.2,27500,10.9586,1.52
1787727045.030,5747,38.0,26978,10.9409,1.52
1787727045.067,5748,36.6,27990,10.9552,1.52
1787727045.105,5749,37.2,27495,10.9418,1.52
1787727045.140,5750,35.1,29147,10.9707,1.52
1787727045.171,5751,30.4,33652,10.9404,1.52
1787727045.186,5752,15.1,67743,10.9288,1.52
1787727045.202,5753,15.5,65974,10.9034,1.52
1787727045.217,5754,15.2,67588,10.9406,1.52
1787727045.232,5755,14.9,68530,10.9423,1.52
1787727045.247,5756,14.9,68644,10.9526,1.52
1787727045.265,5757,17.3,59277,10.9566,1.52
1787727045.282,5758,16.7,61321,10.9244,1.52
1787727045.299,5759,17.3,59229,10.9371,1.52
1787727045.319,5760,19.0,53929,10.9332,1.52
1787727045.337,5761,18.3,55812,10.9286,1.52
1787727045.356,5762,18.3,56088,10.9719,1.52
1787727045.375,5763,19.0,53767,10.9518,1.52
1787727045.394,5764,18.3,55907,10.9499,1.52
1787727045.412,5765,17.6,58195,10.9463,1.52
1787727045.436,5766,23.9,42917,10.9255,1.52
1787727045.469,5767,32.9,31084,10.9248,1.52
1787727045.506,5768,36.4,28098,10.9178,1.52
1787727045.543,5769,37.4,27387,10.9459,1.52
1787727045.580,5770,36.0,28478,10.9477,1.52
1787727045.609,5771,29.4,34887,10.9262,1.52
1787727045.626,5772,16.2,63129,10.9376,1.52
1787727045.642,5773,15.7,65156,10.9612,1.52
1787727045.658,5774,15.6,65540,10.9007,1.52
1787727045.673,5775,15.1,67687,10.9433,1.52
1787727045.688,5776,15.0,68293,10.9490,1.52
1787727045.706,5777,17.3,59207,10.9353,1.52
1787727045.723,5778,17.5,58663,10.9348,1.52
1787727045.741,5779,17.6,58254,10.9202,1.52
1787727045.759,5780,17.7,57791,10.9332,1.52
1787727045.777,5781,17.6,58257,10.9690,1.52
1787727045.795,5782,17.7,57988,10.9519,1.52
1787727045.813,5783,17.8,57519,10.9551,1.52
1787727045.831,5784,17.6,58083,10.9439,1.52
1787727045.854,5785,22.7,45168,10.9689,1.52
1787727045.880,5786,25.4,40311,10.9324,1.52
1787727045.898,5787,18.4,55754,10.9321,1.52
1787727045.916,5788,17.1,59734,10.9266,1.52
1787727045.938,5789,22.4,45617,10.9278,1.52
1787727045.961,5790,21.8,47056,10.9341,1.52
1787727045.981,5791,20.2,50738,10.9163,1.52
1787727045.999,5792,17.4,58910,10.9482,1.52
1787727046.016,5793,17.2,59557,10.9459,1.52
1787727046.032,5794,15.8,64932,10.9385,1.52
1787727046.047,5795,15.1,67898,10.9529,1.52
1787727046.063,5796,15.3,67116,10.9365,1.52
1787727046.078,5797,15.3,67098,10.9072,1.52
1787727046.094,5798,15.3,66761,10.9587,1.52
1787727046.109,5799,15.1,67767,10.9566,1.52
1787727046.125,5800,15.5,65903,10.9564,1.52
1787727046.140,5801,15.4,66581,10.9680,1.52
1787727046.156,5802,15.1,67866,10.9287,1.52
1787727046.171,5803,15.0,68111,10.9206,1.52
1787727046.188,5804,16.9,60471,10.9500,1.52
1787727046.218,5805,29.4,34820,10.9327,1.52
1787727046.243,5806,25.2,40635,10.9338,1.52
1787727046.258,5807,15.1,67751,10.9639,1.52
1787727046.274,5808,15.3,66718,10.9329,1.52
1787727046.289,5809,15.0,68094,10.9346,1.52
1787727046.304,5810,15.0,68390,10.9516,1.52
1787727046.321,5811,16.7,61409,10.9446,1.52
1787727046.341,5812,19.2,53461,10.9076,1.52
1787727046.360,5813,19.2,53411,10.9577,1.52
1787727046.379,5814,19.2,53459,10.9622,1.52
1787727046.399,5815,19.4,52840,10.9565,1.52
1787727046.419,5816,19.4,52833,10.9378,1.52
1787727046.438,5817,19.2,53393,10.9507,1.52
1787727046.456,5818,17.5,58532,10.9631,1.52
1787727046.473,5819,17.4,58693,10.9160,1.52
1787727046.504,5820,30.0,34102,10.9522,1.52
1787727046.523,5821,19.7,51931,10.9478,1.52
1787727046.541,5822,17.3,59179,10.9586,1.52
1787727046.558,5823,17.1,59977,10.9525,1.52
1787727046.576,5824,17.2,59420,10.9263,1.52
1787727046.593,5825,17.3,59255,10.9629,1.52
1787727046.610,5826,17.1,59929,10.9515,1.52
1787727046.628,5827,17.1,59956,10.9339,1.52
1787727046.645,5828,17.3,59170,10.9502,1.52
1787727046.663,5829,17.3,59357,10.9555,1.52
1787727046.688,5830,25.3,40440,10.9520,1.52
1787727046.718,5831,29.7,34519,10.9274,1.52
1787727046.748,5832,29.8,34355,10.9303,1.52
1787727046.778,5833,29.1,35158,10.9497,1.52
1787727046.807,5834,29.2,35112,10.9151,1.52
1787727046.836,5835,28.5,35876,10.9447,1.52
1787727046.865,5836,29.3,34993,10.9281,1.52
1787727046.895,5837,29.3,34899,10.9855,1.52
1787727046.924,5838,28.9,35377,10.9618,1.52
1787727046.952,5839,28.3,36248,10.9279,1.52
1787727046.982,5840,29.1,35158,10.9414,1.52
1787727047.012,5841,29.9,34227,10.9462,1.52
1787727047.041,5842,28.9,35493,10.9471,1.52
1787727047.069,5843,27.6,37046,10.9353,1.52
1787727047.085,5844,16.0,63929,10.9203,1.52
1787727047.102,5845,15.9,64250,10.9306,1.52
1787727047.117,5846,15.7,65039,10.9377,1.52
1787727047.133,5847,15.4,66674,10.9465,1.52
1787727047.148,5848,15.1,67988,10.9398,1.52
1787727047.166,5849,16.9,60487,10.9461,1.52
1787727047.183,5850,17.5,58635,10.9517,1.52
1787727047.201,5851,17.4,58813,10.9520,1.52
1787727047.218,5852,17.3,59224,10.9461,1.52
1787727047.236,5853,17.3,59272,10.9271,1.52
1787727047.253,5854,17.3,59112,10.9395,1.52
1787727047.271,5855,17.4,58778,10.9495,1.52
1787727047.288,5856,17.4,58935,10.9296,1.52
1787727047.308,5857,19.2,53226,10.9407,1.52
1787727047.338,5858,30.0,34170,10.9081,1.52
1787727047.353,5859,14.6,70070,10.9367,1.52
1787727047.368,5860,15.5,65928,10.9487,1.52
1787727047.384,5861,15.4,66413,10.9425,1.52
1787727047.400,5862,15.1,67634,10.9701,1.52
1787727047.415,5863,15.5,66256,10.9458,1.52
1787727047.433,5864,17.1,60057,10.9411,1.52
1787727047.450,5865,17.6,58107,10.9099,1.52
1787727047.468,5866,17.6,58150,10.9552,1.52
1787727047.486,5867,17.2,59420,10.9434,1.52
1787727047.503,5868,17.5,58564,10.9400,1.52
1787727047.521,5869,17.3,59054,10.9371,1.52
1787727047.538,5870,17.5,58514,10.9310,1.52
1787727047.556,5871,17.4,58965,10.9405,1.52
1787727047.576,5872,19.9,51577,10.9630,1.52
1787727047.607,5873,30.5,33598,10.9411,1.52
1787727047.624,5874,17.4,58943,10.9800,1.52
1787727047.642,5875,17.4,58749,10.9442,1.52
1787727047.660,5876,17.5,58538,10.9643,1.52
1787727047.677,5877,17.4,58815,10.9522,1.52
1787727047.695,5878,17.5,58404,10.9326,1.52
1787727047.713,5879,17.4,58686,10.9363,1.52
1787727047.731,5880,18.1,56687,10.9572,1.52
1787727047.749,5881,17.4,58730,10.9476,1.52
1787727047.778,5882,29.0,35366,10.9410,1.52
1787727047.809,5883,30.8,33274,10.9466,1.52
1787727047.839,5884,30.5,33520,10.9416,1.52
1787727047.869,5885,29.4,34789,10.9321,1.52
1787727047.898,5886,29.4,34800,10.9410,1.52
1787727047.927,5887,28.1,36450,10.9470,1.52
1787727047.955,5888,28.8,35595,10.9468,1.52
1787727047.984,5889,28.3,36189,10.9269,1.52
1787727048.014,5890,29.8,34351,10.9528,1.52
1787727048.043,5891,28.7,35711,10.9159,1.52
1787727048.072,5892,29.1,35138,10.9492,1.52
1787727048.101,5893,28.9,35433,10.9616,1.52
1787727048.132,5894,29.9,34208,10.9599,1.52
1787727048.161,5895,29.2,35052,10.9543,1.52
1787727048.192,5896,30.4,33700,10.9367,1.52
1787727048.221,5897,28.5,35929,10.9802,1.52
1787727048.251,5898,29.7,34429,10.9555,1.52
1787727048.280,5899,29.2,35014,10.9442,1.52
1787727048.309,5900,29.1,35212,10.9385,1.52
1787727048.338,5901,28.7,35706,10.9426,1.52
1787727048.368,5902,29.0,35257,10.9362,1.52
1787727048.387,5903,19.5,52599,10.9609,1.52
1787727048.404,5904,16.1,63747,10.9313,1.52
1787727048.419,5905,15.5,66142,10.9398,1.52
1787727048.435,5906,15.4,66636,10.9366,1.52
1787727048.451,5907,15.5,66250,10.9499,1.52
1787727048.466,5908,15.5,66158,10.9171,1.52
1787727048.484,5909,17.1,59729,10.9384,1.52
1787727048.501,5910,17.4,58939,10.9341,1.52
1787727048.519,5911,17.4,58982,10.9214,1.52
1787727048.537,5912,17.4,58716,10.9429,1.52
1787727048.554,5913,17.4,58873,10.9641,1.52
1787727048.572,5914,17.3,59345,10.9537,1.52
1787727048.589,5915,17.3,59060,10.9373,1.52
1787727048.607,5916,17.6,58246,10.9410,1.52
1787727048.624,5917,17.3,59179,10.9546,1.52
1787727048.656,5918,31.0,33000,10.9253,1.52
1787727048.676,5919,20.6,49713,10.9587,1.52
1787727048.694,5920,17.4,58801,10.9293,1.52
1787727048.712,5921,17.3,59183,10.9395,1.52
1787727048.729,5922,17.3,59109,10.9420,1.52
1787727048.746,5923,17.2,59415,10.9708,1.52
1787727048.764,5924,17.3,59348,10.9318,1.52
1787727048.781,5925,17.2,59542,10.9499,1.52
1787727048.799,5926,17.1,59716,10.9302,1.52
1787727048.816,5927,17.1,59996,10.9538,1.52
1787727048.844,5928,28.1,36461,10.9309,1.52
1787727048.877,5929,32.4,31589,10.9363,1.52
1787727048.907,5930,30.4,33721,10.9509,1.52
1787727048.938,5931,30.5,33569,10.9597,1.52
1787727048.969,5932,30.9,33135,10.9297,1.52
1787727049.000,5933,31.1,32897,10.9442,1.52
1787727049.031,5934,30.5,33524,10.9555,1.52
1787727049.061,5935,30.3,33759,10.9562,1.52
1787727049.092,5936,30.9,33104,10.8805,1.52
1787727049.123,5937,30.2,33917,10.9296,1.52
1787727049.154,5938,31.0,32980,10.9432,1.52
1787727049.184,5939,30.4,33657,10.9306,1.52
1787727049.215,5940,30.7,33333,10.9675,1.52
1787727049.246,5941,31.0,33024,10.9659,1.52
1787727049.277,5942,30.5,33560,10.9613,1.52
1787727049.308,5943,31.0,33031,10.9426,1.52
1787727049.338,5944,30.0,34083,10.9380,1.52
1787727049.369,5945,30.2,33895,10.9861,1.52
1787727049.399,5946,29.9,34258,10.9463,1.52
1787727049.429,5947,30.5,33600,10.9369,1.52
1787727049.460,5948,30.2,33931,10.9374,1.52
1787727049.491,5949,30.9,33143,10.9183,1.52
1787727049.521,5950,30.7,33392,10.9513,1.52
1787727049.552,5951,30.8,33216,10.9187,1.52
1787727049.583,5952,30.3,33840,10.9676,1.52
1787727049.614,5953,30.9,33170,10.9399,1.52
1787727049.644,5954,30.2,33951,10.9197,1.52
1787727049.666,5955,21.7,47209,10.9409,1.52
1787727049.683,5956,17.2,59440,10.9313,1.52
1787727049.700,5957,17.0,60383,10.9613,1.52
1787727049.718,5958,17.1,59841,10.9449,1.52
1787727049.735,5959,17.3,59141,10.9663,1.52
1787727049.753,5960,17.2,59537,10.9539,1.52
1787727049.770,5961,17.2,59533,10.9408,1.52
1787727049.787,5962,17.2,59466,10.9599,1.52
1787727049.805,5963,17.5,58674,10.9406,1.52
1787727049.833,5964,27.8,36871,10.9365,1.52
1787727049.860,5965,26.7,38298,10.9379,1.52
1787727049.877,5966,17.2,59392,10.9262,1.52
1787727049.895,5967,17.4,58851,10.9274,1.52
1787727049.912,5968,17.0,60318,10.9472,1.52
1787727049.930,5969,17.9,57184,10.9070,1.52
1787727049.948,5970,17.3,59128,10.9302,1.52
1787727049.966,5971,17.6,58199,10.9281,1.52
1787727049.984,5972,17.4,58903,10.9586,1.52
1787727050.002,5973,18.4,55670,10.9510,1.52
1787727050.020,5974,17.3,59191,10.9282,1.52
1787727050.054,5975,33.8,30294,10.9545,1.52
1787727050.088,5976,33.4,30672,10.9412,1.52
1787727050.121,5977,33.1,30899,10.9592,1.52
1787727050.155,5978,33.5,30560,10.9420,1.52
1787727050.188,5979,33.0,31033,10.9576,1.52
1787727050.221,5980,33.1,30934,10.9432,1.52
1787727050.254,5981,32.4,31634,10.9123,1.52
1787727050.286,5982,32.2,31805,10.9485,1.52
1787727050.318,5983,31.6,32426,10.9255,1.52
1787727050.351,5984,32.9,31111,10.9368,1.52
1787727050.383,5985,32.0,31973,10.9236,1.52
1787727050.417,5986,33.0,31039,10.9577,1.52
1787727050.448,5987,31.4,32641,10.9536,1.52
1787727050.476,5988,27.9,36749,10.9620,1.52
1787727050.494,5989,17.3,59197,10.9395,1.52
1787727050.511,5990,17.4,58962,10.9261,1.52
1787727050.529,5991,17.2,59487,10.9173,1.52
1787727050.546,5992,17.3,59201,10.9434,1.52
1787727050.564,5993,17.3,59279,10.9744,1.52
1787727050.581,5994,17.3,59305,10.9447,1.52
1787727050.598,5995,17.2,59535,10.9457,1.52
1787727050.616,5996,17.4,58774,10.9537,1.52
1787727050.640,5997,23.8,43029,10.9290,1.52
1787727050.675,5998,35.2,29130,10.9473,1.52
1787727050.707,5999,31.2,32825,10.9339,1.52
1787727050.739,6000,32.5,31474,10.9718,1.52
1787727050.771,6001,31.7,32280,10.9224,1.52
1787727050.804,6002,32.8,31201,10.9132,1.52
1787727050.836,6003,31.4,32625,10.9418,1.52
1787727050.868,6004,31.8,32194,10.9396,1.52
1787727050.891,6005,22.6,45343,10.9165,1.52
1787727050.907,6006,16.2,63156,10.9356,1.52
1787727050.923,6007,15.2,67225,10.9373,1.52
1787727050.938,6008,15.3,66895,10.9053,1.52
1787727050.954,6009,15.3,66851,10.9278,1.52
1787727050.969,6010,15.5,65968,10.9491,1.52
1787727050.987,6011,16.9,60570,10.9622,1.52
1787727051.004,6012,17.2,59364,10.9153,1.52
1787727051.022,6013,17.3,59115,10.9505,1.52
1787727051.039,6014,17.4,58774,10.9606,1.52
1787727051.057,6015,17.5,58549,10.9570,1.52
1787727051.075,6016,17.5,58429,10.9468,1.52
1787727051.092,6017,17.3,59221,10.9152,1.52
1787727051.110,6018,17.4,58915,10.9236,1.52
1787727051.127,6019,17.3,59136,10.9177,1.52
1787727051.158,6020,30.4,33671,10.9323,1.52
1787727051.182,6021,24.3,42120,10.9547,1.52
1787727051.200,6022,17.1,59798,10.9113,1.52
1787727051.217,6023,17.2,59505,10.9257,1.52
1787727051.234,6024,17.0,60121,10.9336,1.52
1787727051.252,6025,17.2,59630,10.9417,1.52
1787727051.269,6026,17.1,59791,10.9319,1.52
1787727051.286,6027,17.1,59789,10.9481,1.52
1787727051.304,6028,17.2,59534,10.9303,1.52
1787727051.321,6029,17.1,59781,10.9466,1.52
1787727051.347,6030,25.6,40002,10.9244,1.52
1787727051.382,6031,34.6,29565,10.9440,1.52
1787727051.403,6032,21.1,48456,10.9546,1.52
1787727051.421,6033,17.4,58771,10.9407,1.52
1787727051.438,6034,17.3,59115,10.9697,1.52
1787727051.456,6035,17.4,58821,10.9445,1.52
1787727051.473,6036,17.4,58874,10.9523,1.52
1787727051.491,6037,17.6,58273,10.9203,1.52
1787727051.509,6038,17.4,58925,10.9283,1.52
1787727051.526,6039,17.3,59055,10.9322,1.52
1787727051.544,6040,17.4,58805,10.9392,1.52
1787727051.578,6041,33.8,30288,10.9315,1.52
1787727051.599,6042,20.9,49095,10.9363,1.52
1787727051.617,6043,17.4,58706,10.9722,1.52
1787727051.634,6044,17.4,58927,10.9067,1.52
1787727051.652,6045,17.3,59102,10.9407,1.52
1787727051.669,6046,17.5,58678,10.9169,1.52
1787727051.687,6047,17.4,58893,10.9323,1.52
1787727051.705,6048,17.4,58954,10.9381,1.52
1787727051.722,6049,17.2,59708,10.9434,1.52
1787727051.740,6050,17.3,59163,10.9511,1.52
1787727051.773,6051,33.0,31044,10.9474,1.52
1787727051.806,6052,33.5,30576,10.9400,1.52
1787727051.838,6053,31.7,32311,10.9575,1.52
1787727051.870,6054,31.7,32293,10.9136,1.52
1787727051.903,6055,32.4,31572,10.9301,1.52
1787727051.935,6056,32.5,31536,10.9645,1.52
1787727051.968,6057,32.3,31743,10.9449,1.52
1787727052.000,6058,31.9,32076,10.9455,1.52
1787727052.031,6059,31.7,32314,10.9319,1.52
1787727052.063,6060,31.6,32421,10.9516,1.52
1787727052.094,6061,30.9,33123,10.9470,1.52
1787727052.127,6062,32.6,31418,10.9489,1.52
1787727052.161,6063,33.2,30835,10.9676,1.52
1787727052.192,6064,31.0,33006,10.9436,1.52
1787727052.209,6065,16.5,62222,10.9379,1.52
1787727052.224,6066,15.0,68116,10.9525,1.52
1787727052.239,6067,14.9,68605,10.9393,1.52
1787727052.254,6068,14.9,68750,10.9534,1.52
1787727052.269,6069,14.8,69056,10.9552,1.52
1787727052.284,6070,14.9,68696,10.9410,1.52
1787727052.300,6071,15.0,68434,10.9340,1.52
1787727052.315,6072,15.6,65632,10.9437,1.52
1787727052.333,6073,17.3,59317,10.9338,1.52
1787727052.351,6074,18.1,56537,10.9334,1.52
1787727052.370,6075,18.7,54795,10.9332,1.52
1787727052.389,6076,18.8,54381,10.9243,1.52
1787727052.408,6077,18.8,54460,10.9400,1.52
1787727052.428,6078,18.9,54142,10.9532,1.52
1787727052.447,6079,19.0,53859,10.9222,1.52
1787727052.466,6080,18.4,55798,10.9408,1.52
1787727052.500,6081,34.5,29698,10.9505,1.52
1787727052.533,6082,32.1,31943,10.9434,1.52
1787727052.563,6083,30.3,33831,10.9394,1.52
1787727052.594,6084,30.7,33383,10.9474,1.52
1787727052.625,6085,30.9,33099,10.9545,1.52
1787727052.654,6086,28.5,35985,10.9569,1.52
1787727052.670,6087,16.0,63959,10.9161,1.52
1787727052.686,6088,15.4,66431,10.9310,1.52
1787727052.702,6089,15.5,66049,10.9341,1.52
1787727052.717,6090,15.1,67855,10.9523,1.52
1787727052.732,6091,15.2,67582,10.9411,1.52
1787727052.750,6092,17.2,59369,10.9538,1.52
1787727052.768,6093,18.3,56059,10.9224,1.52
1787727052.786,6094,17.4,58842,10.9696,1.52
1787727052.804,6095,17.4,58979,10.9645,1.52
1787727052.821,6096,17.4,58715,10.9531,1.52
1787727052.839,6097,17.4,58886,10.9816,1.52
1787727052.857,6098,17.5,58481,10.9482,1.52
1787727052.874,6099,17.3,59225,10.9587,1.52
1787727052.894,6100,20.0,51101,10.9248,1.52
1787727052.929,6101,34.7,29523,10.9332,1.52
1787727052.947,6102,17.4,58980,10.9248,1.52
1787727052.964,6103,17.4,58761,10.9417,1.52
1787727052.982,6104,17.5,58589,10.9327,1.52
1787727053.000,6105,17.4,58729,10.9551,1.52
1787727053.018,6106,17.6,58178,10.9109,1.52
1787727053.035,6107,17.4,59018,10.9365,1.52
1787727053.053,6108,17.4,58842,10.9341,1.52
1787727053.070,6109,17.6,58322,10.9287,1.52
1787727053.095,6110,24.8,41267,10.9380,1.52
1787727053.131,6111,35.3,29004,10.9418,1.52
1787727053.163,6112,32.0,31959,10.9106,1.52
1787727053.196,6113,33.1,30983,10.9143,1.52
1787727053.230,6114,33.1,30969,10.9323,1.52
1787727053.262,6115,32.5,31510,10.9457,1.52
1787727053.294,6116,32.1,31944,10.9622,1.52
1787727053.326,6117,31.7,32291,10.9238,1.52
1787727053.358,6118,31.5,32472,10.9464,1.52
1787727053.390,6119,31.8,32167,10.9397,1.52
1787727053.422,6120,31.8,32173,10.9267,1.52
1787727053.455,6121,32.6,31365,10.9282,1.52
1787727053.487,6122,32.5,31516,10.9320,1.52
1787727053.519,6123,31.9,32108,10.9297,1.52
1787727053.551,6124,31.5,32495,10.9305,1.52
1787727053.584,6125,33.1,30980,10.9420,1.52
1787727053.616,6126,31.8,32220,10.9156,1.52
1787727053.631,6127,14.6,70217,10.9316,1.52
1787727053.647,6128,15.4,66284,10.9690,1.52
1787727053.662,6129,15.2,67189,10.9461,1.52
1787727053.678,6130,15.2,67236,10.9670,1.52
1787727053.694,6131,15.8,64908,10.9296,1.52
1787727053.709,6132,15.2,67505,10.9642,1.52
1787727053.726,6133,17.0,60116,10.9485,1.52
1787727053.744,6134,17.1,59889,10.9161,1.52
1787727053.761,6135,17.6,58112,10.9565,1.52
1787727053.779,6136,17.5,58570,10.9620,1.52
1787727053.797,6137,17.3,59266,10.9454,1.52
1787727053.814,6138,17.3,59218,10.9636,1.52
1787727053.832,6139,17.5,58391,10.9571,1.52
1787727053.849,6140,17.3,59094,10.9608,1.52
1787727053.867,6141,17.4,58874,10.9398,1.52
1787727053.900,6142,32.5,31504,10.9330,1.52
1787727053.922,6143,22.2,46104,10.9509,1.52
1787727053.943,6144,20.4,50318,10.9370,1.52
1787727053.963,6145,19.8,51787,10.9465,1.52
1787727053.983,6146,19.6,52220,10.9368,1.52
1787727054.004,6147,20.3,50531,10.9242,1.52
1787727054.021,6148,17.2,59555,10.9399,1.52
1787727054.045,6149,23.8,43024,10.9216,1.52
1787727054.064,6150,18.9,54144,10.9360,1.52
1787727054.087,6151,22.8,44988,10.9499,1.52
1787727054.123,6152,35.0,29253,10.9425,1.52
1787727054.155,6153,32.5,31483,10.9701,1.52
1787727054.188,6154,32.8,31223,10.9590,1.52
1787727054.221,6155,32.3,31727,10.9565,1.52
1787727054.254,6156,32.8,31209,10.9536,1.52
1787727054.286,6157,32.1,31919,10.9322,1.52
1787727054.319,6158,32.6,31449,10.9427,1.52
1787727054.351,6159,31.5,32527,10.9341,1.52
1787727054.383,6160,32.4,31603,10.9528,1.52
1787727054.415,6161,32.0,32030,10.9473,1.52
1787727054.447,6162,31.9,32070,10.9285,1.52
1787727054.480,6163,32.2,31774,10.9541,1.52
1787727054.513,6164,32.6,31367,10.9466,1.52
1787727054.545,6165,32.3,31695,10.9626,1.52
1787727054.578,6166,32.6,31364,10.9453,1.52
1787727054.611,6167,32.9,31086,10.9644,1.52
1787727054.642,6168,30.9,33097,10.9651,1.52
1787727054.674,6169,31.5,32528,10.9360,1.52
1787727054.706,6170,32.4,31617,10.9526,1.52
1787727054.739,6171,32.3,31692,10.9508,1.52
1787727054.772,6172,32.9,31100,10.9324,1.52
1787727054.803,6173,31.7,32273,10.9275,1.52
1787727054.836,6174,32.1,31943,10.9475,1.52
1787727054.867,6175,31.5,32498,10.9490,1.52
1787727054.900,6176,32.0,31963,10.9507,1.52
1787727054.932,6177,32.3,31713,10.9314,1.52
1787727054.950,6178,17.7,57701,10.9434,1.52
1787727054.969,6179,19.1,53519,10.9241,1.52
1787727054.989,6180,19.6,52360,10.9365,1.52
1787727055.007,6181,17.5,58417,10.9565,1.52
1787727055.025,6182,17.6,58319,10.9432,1.52
1787727055.043,6183,17.5,58579,10.9421,1.52
1787727055.060,6184,17.5,58562,10.9253,1.52
1787727055.078,6185,17.4,58934,10.9196,1.52
1787727055.104,6186,25.5,40094,10.9433,1.52
1787727055.133,6187,29.3,34897,10.9397,1.52
1787727055.151,6188,17.4,58779,10.9437,1.52
1787727055.168,6189,17.3,59137,10.9485,1.52
1787727055.186,6190,17.5,58638,10.9319,1.52
1787727055.206,6191,17.3,59033,10.9247,1.52
1787727055.223,6192,17.4,58879,10.9284,1.52
1787727055.241,6193,17.5,58618,10.9333,1.52
1787727055.258,6194,17.4,58764,10.9332,1.52
1787727055.276,6195,17.5,58406,10.9267,1.52
1787727055.309,6196,32.1,31878,10.9450,1.52
1787727055.342,6197,33.2,30848,10.9363,1.52
1787727055.374,6198,31.8,32151,10.9550,1.52
1787727055.405,6199,30.6,33413,10.9468,1.52
1787727055.437,6200,32.0,31968,10.9363,1.52
1787727055.469,6201,32.2,31844,10.9345,1.52
1787727055.502,6202,32.1,31856,10.9536,1.52
1787727055.535,6203,32.8,31199,10.9606,1.52
1787727055.567,6204,32.2,31790,10.9460,1.52
1787727055.599,6205,32.3,31737,10.9470,1.52
1787727055.632,6206,32.6,31384,10.9514,1.52
1787727055.663,6207,31.2,32822,10.9329,1.52
1787727055.696,6208,32.5,31482,10.9518,1.52
1787727055.727,6209,30.5,33530,10.9487,1.52
1787727055.745,6210,18.2,56351,10.9483,1.52
1787727055.763,6211,17.2,59553,10.9434,1.52
1787727055.780,6212,17.2,59429,10.9213,1.52
1787727055.797,6213,17.3,59309,10.9673,1.52
1787727055.815,6214,17.2,59547,10.9318,1.52
1787727055.832,6215,17.1,59791,10.9311,1.52
1787727055.849,6216,17.1,59727,10.9664,1.52
1787727055.867,6217,17.2,59656,10.9297,1.52
1787727055.884,6218,17.1,59793,10.9286,1.52
1787727055.910,6219,25.4,40381,10.9374,1.52
1787727055.944,6220,34.2,29924,10.9480,1.52
1787727055.978,6221,33.7,30430,10.9398,1.52
1787727056.010,6222,31.8,32156,10.9265,1.52
1787727056.043,6223,32.5,31533,10.9064,1.52
1787727056.075,6224,32.3,31728,10.9556,1.52
1787727056.107,6225,32.1,31940,10.9478,1.52
1787727056.139,6226,32.0,31956,10.9336,1.52
1787727056.161,6227,21.3,48009,10.9374,1.52
1787727056.178,6228,17.3,59243,10.9632,1.52
1787727056.196,6229,17.2,59523,10.9657,1.52
1787727056.213,6230,17.3,59311,10.9510,1.52
1787727056.231,6231,17.5,58596,10.9307,1.52
1787727056.248,6232,17.5,58543,10.9436,1.52
1787727056.266,6233,17.5,58505,10.9538,1.52
1787727056.284,6234,17.5,58460,10.9164,1.52
1787727056.304,6235,19.9,51448,10.9639,1.52
1787727056.339,6236,34.9,29376,10.9238,1.52
1787727056.354,6237,14.8,69210,10.9306,1.52
1787727056.369,6238,15.4,66686,10.9652,1.52
1787727056.385,6239,15.1,67599,10.9350,1.52
1787727056.400,6240,15.1,67679,10.9284,1.52
1787727056.416,6241,15.2,67455,10.9060,1.52
1787727056.431,6242,15.2,67191,10.9239,1.52
1787727056.447,6243,16.1,63720,10.9677,1.52
1787727056.465,6244,17.5,58363,10.9082,1.52
1787727056.483,6245,17.5,58571,10.9450,1.52
1787727056.500,6246,17.4,58772,10.9437,1.52
1787727056.518,6247,17.3,59156,10.9786,1.52
1787727056.536,6248,17.3,59129,10.9380,1.52
1787727056.553,6249,17.3,59266,10.9576,1.52
1787727056.571,6250,17.4,58763,10.9363,1.52
1787727056.588,6251,17.3,59156,10.9431,1.52
1787727056.617,6252,28.9,35444,10.9078,1.52
1787727056.651,6253,33.4,30622,10.9454,1.52
1787727056.670,6254,19.3,53121,10.9348,1.52
1787727056.688,6255,17.3,59194,10.9237,1.52
1787727056.705,6256,17.5,58474,10.9279,1.52
1787727056.723,6257,17.4,58949,10.9321,1.52
1787727056.741,6258,17.4,58805,10.9135,1.52
1787727056.758,6259,17.4,58913,10.9624,1.52
1787727056.776,6260,17.4,58747,10.9280,1.52
1787727056.793,6261,17.3,59092,10.9412,1.52
1787727056.815,6262,21.1,48422,10.9486,1.52
1787727056.850,6263,34.9,29315,10.9483,1.52
1787727056.881,6264,30.9,33100,10.9179,1.52
1787727056.913,6265,32.2,31785,10.9422,1.52
1787727056.945,6266,31.8,32227,10.9355,1.52
1787727056.977,6267,31.6,32387,10.9419,1.52
1787727057.009,6268,31.9,32135,10.9484,1.52
1787727057.041,6269,31.8,32210,10.9299,1.52
1787727057.072,6270,31.1,32972,10.9395,1.52
1787727057.104,6271,31.9,32101,10.9614,1.52
1787727057.136,6272,31.3,32678,10.9341,1.52
1787727057.168,6273,31.9,32144,10.9431,1.52
1787727057.199,6274,31.6,32438,10.9758,1.52
1787727057.231,6275,31.8,32247,10.9410,1.52
1787727057.262,6276,30.4,33639,10.9762,1.52
1787727057.293,6277,30.9,33171,10.9354,1.52
1787727057.323,6278,30.6,33476,10.9395,1.52
1787727057.354,6279,31.0,33076,10.9304,1.52
1787727057.385,6280,30.6,33465,10.9563,1.52
1787727057.417,6281,31.7,32330,10.9337,1.52
1787727057.447,6282,29.7,34530,10.9347,1.52
1787727057.477,6283,29.8,34389,10.9443,1.52
1787727057.507,6284,30.1,34015,10.9304,1.52
1787727057.536,6285,29.3,34930,10.9151,1.52
1787727057.564,6286,27.7,36959,10.9205,1.52
1787727057.593,6287,28.7,35636,10.9133,1.52
1787727057.622,6288,28.7,35707,10.9269,1.52
1787727057.651,6289,28.9,35426,10.9481,1.52
1787727057.680,6290,29.0,35265,10.9459,1.52
1787727057.709,6291,28.6,35838,10.9159,1.52
1787727057.738,6292,28.6,35863,10.9417,1.52
1787727057.767,6293,29.2,35113,10.9517,1.52
1787727057.796,6294,28.6,35806,10.9473,1.52
1787727057.825,6295,28.8,35514,10.9419,1.52
1787727057.853,6296,28.3,36201,10.9606,1.52
1787727057.883,6297,29.4,34799,10.9652,1.52
1787727057.911,6298,28.4,36010,10.9280,1.52
1787727057.939,6299,27.8,36799,10.9240,1.52
1787727057.966,6300,27.1,37812,10.9482,1.52
1787727057.993,6301,26.5,38666,10.9560,1.52
1787727058.021,6302,28.0,36616,10.9412,1.52
1787727058.049,6303,27.7,36954,10.9281,1.52
1787727058.078,6304,27.8,36776,10.9556,1.52
1787727058.105,6305,27.3,37560,10.9445,1.52
1787727058.133,6306,27.1,37811,10.9320,1.52
1787727058.160,6307,27.4,37340,10.9374,1.52
1787727058.189,6308,28.0,36554,10.9641,1.52
1787727058.216,6309,27.5,37224,10.9565,1.52
1787727058.245,6310,28.0,36592,10.9157,1.52
1787727058.272,6311,27.0,37971,10.9556,1.52
1787727058.301,6312,28.3,36179,10.9343,1.52
1787727058.328,6313,27.4,37318,10.9488,1.52
1787727058.357,6314,28.5,35878,10.9460,1.52
1787727058.385,6315,27.2,37705,10.9386,1.52
1787727058.413,6316,28.0,36586,10.9520,1.52
1787727058.440,6317,26.8,38229,10.9323,1.52
1787727058.468,6318,27.6,37103,10.9387,1.52
1787727058.495,6319,27.0,37962,10.9384,1.52
1787727058.521,6320,25.7,39804,10.9622,1.52
1787727058.539,6321,17.6,58167,10.9348,1.52
1787727058.555,6322,15.9,64295,10.9523,1.52
1787727058.572,6323,16.3,62654,10.9282,1.52
1787727058.588,6324,16.0,64165,10.9497,1.52
1787727058.604,6325,15.6,65629,10.9386,1.52
1787727058.620,6326,16.1,63716,10.9282,1.52
1787727058.637,6327,17.2,59600,10.9690,1.52
1787727058.654,6328,16.4,62287,10.9312,1.52
1787727058.671,6329,17.2,59488,10.9475,1.52
1787727058.689,6330,17.2,59632,10.9842,1.52
1787727058.706,6331,17.3,59224,10.9432,1.52
1787727058.723,6332,16.6,61602,10.9601,1.52
1787727058.741,6333,17.3,59143,10.9240,1.52
1787727058.757,6334,16.0,64160,10.9381,1.52
1787727058.772,6335,15.1,67883,10.9432,1.52
1787727058.787,6336,15.0,68428,10.9179,1.52
1787727058.802,6337,14.7,69648,10.9469,1.52
1787727058.817,6338,14.8,69010,10.9619,1.52
1787727058.832,6339,14.8,68990,10.9576,1.52
1787727058.847,6340,14.9,68535,10.9444,1.52
1787727058.862,6341,14.8,69254,10.9476,1.52
1787727058.877,6342,14.8,69190,10.9316,1.52
1787727058.892,6343,14.8,69255,10.9445,1.52
1787727058.908,6344,15.4,66412,10.9500,1.52
1787727058.925,6345,17.1,59991,10.9173,1.52
1787727058.942,6346,17.3,59080,10.9324,1.52
1787727058.972,6347,29.8,34408,10.9304,1.52
1787727058.989,6348,16.9,60542,10.9377,1.52
1787727059.006,6349,16.2,63200,10.9575,1.52
1787727059.023,6350,16.7,61151,10.9343,1.52
1787727059.040,6351,17.1,59803,10.9305,1.52
1787727059.057,6352,16.5,62238,10.9349,1.52
1787727059.073,6353,15.6,65676,10.9629,1.52
1787727059.089,6354,15.5,66143,10.9365,1.52
1787727059.109,6355,19.6,52173,10.9372,1.52
1787727059.126,6356,17.4,58688,10.9442,1.52
1787727059.144,6357,17.1,59898,10.9634,1.52
1787727059.161,6358,17.1,59855,10.9358,1.52
1787727059.178,6359,17.1,59774,10.9066,1.52
1787727059.195,6360,17.0,60092,10.9600,1.52
1787727059.213,6361,17.3,59317,10.9560,1.52
1787727059.228,6362,14.9,68566,10.9511,1.52
1787727059.243,6363,14.9,68694,10.9721,1.52
1787727059.262,6364,18.4,55526,10.9254,1.52
1787727059.278,6365,16.1,63781,10.9307,1.52
1787727059.298,6366,15.6,65795,10.9457,1.52
1787727059.315,6367,17.3,59054,10.9354,1.52
1787727059.330,6368,15.0,68392,10.9359,1.52
1787727059.345,6369,14.8,69069,10.9124,1.52
1787727059.360,6370,14.8,69198,10.9333,1.52
1787727059.376,6371,15.9,64411,10.9644,1.52
1787727059.394,6372,17.2,59611,10.9404,1.52
1787727059.409,6373,15.4,66427,10.9422,1.52
1787727059.424,6374,14.7,69872,10.9544,1.52
1787727059.441,6375,16.1,63780,10.9393,1.52
1787727059.458,6376,17.2,59618,10.9517,1.52
1787727059.473,6377,15.1,67614,10.9407,1.52
1787727059.489,6378,15.5,65854,10.9508,1.52
1787727059.505,6379,16.0,63965,10.9228,1.52
1787727059.523,6380,17.1,59882,10.9523,1.52
1787727059.540,6381,17.1,59864,10.9208,1.52
1787727059.557,6382,17.1,59807,10.9514,1.52
1787727059.575,6383,17.2,59474,10.9515,1.52
1787727059.592,6384,17.3,59318,10.9415,1.52
1787727059.609,6385,16.9,60481,10.9493,1.52
1787727059.627,6386,17.3,59121,10.9394,1.52
1787727059.644,6387,17.4,58923,10.9548,1.52
1787727059.671,6388,26.3,38998,10.9328,1.52
1787727059.710,6389,39.1,26161,10.9505,1.52
1787727059.725,6390,15.1,67802,10.9495,1.52
1787727059.741,6391,15.5,65914,10.9469,1.52
1787727059.757,6392,15.4,66449,10.9491,1.52
1787727059.772,6393,15.3,66779,10.9421,1.52
1787727059.788,6394,15.4,66325,10.9577,1.52
1787727059.804,6395,15.4,66486,10.9251,1.52
1787727059.821,6396,17.1,59858,10.9428,1.52
1787727059.839,6397,17.5,58669,10.9457,1.52
1787727059.856,6398,17.4,58896,10.9237,1.52
1787727059.874,6399,17.4,58876,10.9331,1.52
1787727059.892,6400,17.4,59002,10.9393,1.52
1787727059.910,6401,17.8,57485,10.9292,1.52
1787727059.927,6402,17.3,59079,10.9392,1.52
1787727059.945,6403,17.3,59356,10.9368,1.52
1787727059.962,6404,17.3,59243,10.9594,1.52
1787727059.980,6405,17.4,58880,10.9259,1.52
1787727059.997,6406,17.4,58864,10.9241,1.52
1787727060.015,6407,17.3,59297,10.9510,1.52
1787727060.032,6408,17.3,59073,10.9209,1.52
1787727060.050,6409,17.3,59031,10.9551,1.52
1787727060.067,6410,17.4,58726,10.9266,1.52
1787727060.085,6411,17.4,58778,10.9445,1.52
1787727060.103,6412,17.3,59167,10.9353,1.52
1787727060.120,6413,17.2,59557,10.9681,1.52
1787727060.138,6414,17.4,58850,10.9474,1.52
1787727060.155,6415,17.2,59463,10.9103,1.52
1787727060.172,6416,17.2,59505,10.9376,1.52
1787727060.190,6417,17.3,59216,10.9725,1.52
1787727060.207,6418,17.3,59330,10.9380,1.52
1787727060.225,6419,17.3,59070,10.9170,1.52
1787727060.242,6420,17.4,58976,10.9519,1.52
1787727060.260,6421,17.4,58923,10.9534,1.52
1787727060.293,6422,33.0,31002,10.9432,1.52
1787727060.337,6423,43.5,23543,10.9383,1.52
1787727060.369,6424,32.3,31741,10.9472,1.52
1787727060.402,6425,32.8,31189,10.9393,1.52
1787727060.434,6426,31.3,32768,10.9231,1.52
1787727060.451,6427,17.3,59041,10.9261,1.52
1787727060.469,6428,17.4,59001,10.9309,1.52
1787727060.487,6429,17.7,57938,10.9384,1.52
1787727060.504,6430,17.3,59348,10.9409,1.52
1787727060.522,6431,17.2,59433,10.9293,1.52
1787727060.539,6432,17.2,59500,10.9509,1.52
1787727060.557,6433,17.3,59153,10.9718,1.52
1787727060.574,6434,17.3,59097,10.9505,1.52
1787727060.596,6435,21.9,46691,10.9589,1.52
1787727060.631,6436,34.4,29795,10.9655,1.52
1787727060.663,6437,31.4,32573,10.9517,1.52
1787727060.694,6438,31.5,32458,10.9396,1.52
1787727060.726,6439,31.3,32733,10.9650,1.52
1787727060.758,6440,31.8,32170,10.9065,1.52
1787727060.789,6441,31.3,32712,10.9495,1.52
1787727060.821,6442,31.7,32309,10.9412,1.52
1787727060.853,6443,31.4,32648,10.9315,1.52
1787727060.872,6444,19.5,52576,10.9189,1.52
1787727060.889,6445,17.1,59954,10.8980,1.52
1787727060.907,6446,17.1,59777,10.9254,1.52
1787727060.924,6447,17.1,59954,10.9109,1.52
1787727060.941,6448,17.2,59519,10.9453,1.52
1787727060.959,6449,17.2,59665,10.9420,1.52
1787727060.976,6450,17.2,59406,10.9544,1.52
1787727060.993,6451,17.1,59911,10.9338,1.52
1787727061.011,6452,17.2,59506,10.9467,1.52
1787727061.040,6453,28.7,35659,10.9462,1.52
1787727061.075,6454,34.8,29394,10.9736,1.52
1787727061.108,6455,32.8,31214,10.8975,1.52
1787727061.140,6456,32.0,32030,10.9366,1.52
1787727061.172,6457,32.4,31594,10.9251,1.52
1787727061.204,6458,31.9,32142,10.9484,1.52
1787727061.236,6459,31.9,32145,10.9257,1.52
1787727061.268,6460,31.4,32594,10.9258,1.52
1787727061.301,6461,32.4,31651,10.9245,1.52
1787727061.332,6462,31.1,32914,10.9629,1.52
1787727061.365,6463,32.0,31992,10.9545,1.52
1787727061.397,6464,32.4,31642,10.9489,1.52
1787727061.429,6465,31.6,32396,10.9426,1.52
1787727061.460,6466,31.3,32715,10.9557,1.52
1787727061.486,6467,25.0,40914,10.9401,1.52
1787727061.502,6468,16.0,64034,10.9617,1.52
1787727061.521,6469,19.0,53789,10.9410,1.52
1787727061.538,6470,16.3,62793,10.9608,1.52
1787727061.557,6471,18.7,54684,10.9310,1.52
1787727061.573,6472,16.4,62335,10.9523,1.52
1787727061.590,6473,16.9,60466,10.9233,1.52
1787727061.609,6474,18.2,56414,10.9645,1.52
1787727061.626,6475,17.0,60313,10.9287,1.52
1787727061.643,6476,17.1,59873,10.9147,1.52
1787727061.661,6477,17.0,60197,10.9531,1.52
1787727061.678,6478,17.1,59898,10.9515,1.52
1787727061.695,6479,17.1,59745,10.9213,1.52
1787727061.713,6480,17.0,60133,10.9498,1.52
1787727061.730,6481,16.8,60888,10.9316,1.52
1787727061.745,6482,15.6,65621,10.9558,1.52
1787727061.762,6483,16.3,62923,10.9508,1.52
1787727061.779,6484,17.2,59498,10.9511,1.52
1787727061.797,6485,17.1,59865,10.9563,1.52
1787727061.819,6486,22.6,45373,10.9407,1.52
1787727061.854,6487,34.0,30096,10.9251,1.52
1787727061.884,6488,30.2,33892,10.9257,1.52
1787727061.915,6489,30.5,33605,10.9731,1.52
1787727061.945,6490,30.4,33646,10.9139,1.52
1787727061.974,6491,28.2,36339,10.9177,1.52
1787727061.989,6492,14.6,70003,10.9681,1.52
1787727062.004,6493,15.1,67595,10.9693,1.52
1787727062.019,6494,15.2,67434,10.9226,1.52
1787727062.035,6495,15.1,67593,10.9705,1.52
1787727062.050,6496,14.9,68544,10.9069,1.52
1787727062.067,6497,17.1,59774,10.9487,1.52
1787727062.085,6498,17.3,59339,10.8994,1.52
1787727062.102,6499,17.0,60106,10.9216,1.52
1787727062.119,6500,17.0,60100,10.9244,1.52
1787727062.136,6501,17.1,60025,10.9466,1.52
1787727062.154,6502,17.3,59234,10.9276,1.52
1787727062.171,6503,17.1,59754,10.9174,1.52
1787727062.189,6504,17.1,59947,10.9558,1.52
1787727062.206,6505,17.3,59360,10.9597,1.52
1787727062.232,6506,26.2,39069,10.9626,1.52
1787727062.261,6507,28.0,36625,10.9671,1.52
1787727062.278,6508,17.2,59668,10.9368,1.52
1787727062.296,6509,17.4,59002,10.9211,1.52
1787727062.313,6510,17.1,59741,10.9223,1.52
1787727062.332,6511,18.9,54291,10.9202,1.52
1787727062.350,6512,17.6,58323,10.9378,1.52
1787727062.368,6513,17.4,58761,10.9537,1.52
1787727062.385,6514,17.4,58825,10.9189,1.52
1787727062.403,6515,17.5,58598,10.9417,1.52
1787727062.420,6516,17.2,59600,10.9347,1.52
1787727062.438,6517,17.3,59214,10.9292,1.52
1787727062.455,6518,17.4,58747,10.9294,1.52
1787727062.473,6519,17.5,58627,10.9388,1.52
1787727062.491,6520,17.3,59294,10.9416,1.52
1787727062.508,6521,17.4,58876,10.9616,1.52
1787727062.526,6522,17.6,58335,10.9488,1.52
1787727062.544,6523,17.3,59073,10.9596,1.52
1787727062.565,6524,21.3,47983,10.9366,1.52
1787727062.612,6525,46.9,21822,10.9563,1.52
1787727062.645,6526,32.7,31287,10.9204,1.52
1787727062.678,6527,32.3,31686,10.9409,1.52
1787727062.710,6528,31.8,32207,10.9278,1.52
1787727062.742,6529,32.0,32018,10.9303,1.52
1787727062.774,6530,31.8,32164,10.9323,1.52
1787727062.806,6531,32.7,31313,10.9408,1.52
1787727062.838,6532,31.7,32256,10.9707,1.52
1787727062.871,6533,32.4,31607,10.9322,1.52
1787727062.903,6534,31.6,32449,10.9426,1.52
1787727062.935,6535,31.9,32122,10.9554,1.52
1787727062.967,6536,31.9,32092,10.9370,1.52
1787727062.999,6537,32.0,32013,10.9310,1.52
1787727063.031,6538,32.3,31712,10.9390,1.52
1787727063.064,6539,32.7,31331,10.9239,1.52
1787727063.096,6540,31.8,32215,10.9488,1.52
1787727063.129,6541,32.4,31558,10.9277,1.52
1787727063.161,6542,32.6,31387,10.9514,1.52
1787727063.194,6543,32.5,31476,10.9419,1.52
1787727063.226,6544,31.8,32230,10.9520,1.52
1787727063.259,6545,32.9,31144,10.9545,1.52
1787727063.292,6546,32.0,31960,10.9378,1.52
1787727063.325,6547,32.5,31523,10.9734,1.52
1787727063.357,6548,31.9,32089,10.9353,1.52
1787727063.389,6549,32.3,31737,10.9485,1.52
1787727063.422,6550,32.8,31259,10.8939,1.52
1787727063.456,6551,33.0,31066,10.9336,1.52
1787727063.488,6552,32.3,31739,10.9392,1.52
1787727063.522,6553,33.3,30750,10.9611,1.52
1787727063.554,6554,32.0,31990,10.9513,1.52
1787727063.587,6555,33.1,30898,10.9306,1.52
1787727063.619,6556,32.1,31939,10.9685,1.52
1787727063.652,6557,32.0,31951,10.9373,1.52
1787727063.684,6558,32.5,31530,10.9173,1.52
1787727063.716,6559,32.1,31924,10.9133,1.52
1787727063.749,6560,32.4,31623,10.9289,1.52
1787727063.781,6561,32.3,31723,10.9573,1.52
1787727063.813,6562,31.6,32454,10.9443,1.52
1787727063.845,6563,32.0,31951,10.9261,1.52
1787727063.877,6564,31.6,32383,10.9526,1.52
1787727063.910,6565,32.5,31517,10.9356,1.52
1787727063.942,6566,32.5,31545,10.9390,1.52
1787727063.975,6567,32.5,31497,10.9068,1.52
1787727064.006,6568,31.5,32513,10.9375,1.52
1787727064.039,6569,32.6,31432,10.9392,1.52
1787727064.071,6570,32.1,31851,10.9541,1.52
1787727064.105,6571,33.0,31000,10.9503,1.52
1787727064.137,6572,31.9,32081,10.9110,1.52
1787727064.169,6573,32.4,31607,10.9472,1.52
1787727064.202,6574,32.5,31508,10.9151,1.52
1787727064.234,6575,32.1,31931,10.9477,1.52
1787727064.267,6576,32.2,31758,10.9550,1.52
1787727064.299,6577,32.4,31623,10.9329,1.52
1787727064.321,6578,21.6,47423,10.9338,1.52
1787727064.338,6579,16.2,63339,10.9173,1.52
1787727064.353,6580,15.4,66444,10.9515,1.52
1787727064.369,6581,15.5,66042,10.9318,1.52
1787727064.385,6582,15.4,66431,10.9313,1.52
1787727064.400,6583,15.0,68052,10.9231,1.52
1787727064.417,6584,16.9,60472,10.9602,1.52
1787727064.434,6585,17.1,59858,10.9747,1.52
1787727064.452,6586,16.8,60949,10.9409,1.52
1787727064.470,6587,17.7,57742,10.9529,1.52
1787727064.487,6588,17.3,59229,10.9226,1.52
1787727064.505,6589,17.7,58005,10.9324,1.52
1787727064.523,6590,17.6,58226,10.9627,1.52
1787727064.541,6591,17.4,58705,10.9476,1.52
1787727064.558,6592,17.3,59113,10.9173,1.52
1787727064.586,6593,27.8,36815,10.9550,1.52
1787727064.613,6594,26.4,38853,10.9394,1.52
1787727064.630,6595,17.2,59395,10.9553,1.52
1787727064.648,6596,17.4,58991,10.9535,1.52
1787727064.665,6597,17.3,59159,10.9371,1.52
1787727064.683,6598,17.4,58865,10.9251,1.52
1787727064.700,6599,17.3,59056,10.9446,1.52
1787727064.718,6600,17.3,59047,10.9216,1.52
1787727064.736,6601,17.4,58760,10.9424,1.52
1787727064.753,6602,17.4,58813,10.9432,1.52
1787727064.771,6603,17.2,59452,10.9515,1.52
1787727064.788,6604,17.3,59185,10.9288,1.52
1787727064.806,6605,17.3,59065,10.9295,1.52
1787727064.823,6606,17.3,59043,10.9497,1.52
1787727064.841,6607,17.4,58965,10.9507,1.52
1787727064.859,6608,17.6,58246,10.9380,1.52
1787727064.876,6609,17.4,58712,10.9591,1.52
1787727064.894,6610,17.3,59137,10.9498,1.52
1787727064.911,6611,17.4,59001,10.9416,1.52
1787727064.955,6612,43.2,23677,10.9189,1.52
1787727064.976,6613,20.6,49693,10.9322,1.52
1787727064.992,6614,16.4,62571,10.9416,1.52
1787727065.008,6615,15.5,66222,10.9519,1.52
1787727065.024,6616,15.2,67321,10.9391,1.52
1787727065.039,6617,15.1,67930,10.9708,1.52
1787727065.056,6618,16.5,61895,10.9304,1.52
1787727065.073,6619,17.3,59337,10.9493,1.52
1787727065.091,6620,17.5,58673,10.9180,1.52
1787727065.108,6621,17.3,59061,10.9265,1.52
1787727065.126,6622,17.6,58276,10.9193,1.52
1787727065.144,6623,17.4,58872,10.9558,1.52
1787727065.161,6624,17.2,59542,10.9337,1.52
1787727065.179,6625,17.4,58947,10.9366,1.52
1787727065.196,6626,17.3,59198,10.9612,1.52
1787727065.228,6627,31.4,32638,10.9197,1.52
1787727065.260,6628,32.2,31841,10.9361,1.52
1787727065.291,6629,30.5,33557,10.9738,1.52
1787727065.321,6630,30.0,34097,10.9310,1.52
1787727065.352,6631,30.6,33455,10.9643,1.52
1787727065.382,6632,29.6,34574,10.9649,1.52
1787727065.410,6633,27.6,37164,10.9352,1.52
1787727065.427,6634,17.4,58960,10.9370,1.52
1787727065.445,6635,17.6,58242,10.9421,1.52
1787727065.463,6636,17.8,57666,10.9487,1.52
1787727065.480,6637,17.1,59859,10.9523,1.52
1787727065.497,6638,17.0,60370,10.9500,1.52
1787727065.515,6639,17.1,59843,10.9474,1.52
1787727065.534,6640,18.9,54116,10.9568,1.52
1787727065.553,6641,18.8,54471,10.9036,1.52
1787727065.574,6642,21.0,48834,10.9472,1.52
1787727065.608,6643,32.7,31306,10.9208,1.52
1787727065.639,6644,31.5,32528,10.9500,1.52
1787727065.670,6645,30.6,33510,10.9467,1.52
1787727065.702,6646,31.3,32764,10.9375,1.52
1787727065.732,6647,30.5,33549,10.9825,1.52
1787727065.764,6648,31.0,33077,10.9524,1.52
1787727065.794,6649,30.0,34095,10.9538,1.52
1787727065.821,6650,26.9,38006,10.9537,1.52
1787727065.837,6651,15.6,65723,10.9374,1.52
1787727065.853,6652,15.4,66356,10.9150,1.52
1787727065.869,6653,15.6,65479,10.9342,1.52
1787727065.884,6654,15.2,67390,10.9252,1.52
1787727065.900,6655,15.6,65549,10.9261,1.52
1787727065.917,6656,16.4,62566,10.9599,1.52
1787727065.934,6657,17.5,58614,10.9557,1.52
1787727065.952,6658,17.3,59190,10.9174,1.52
1787727065.969,6659,17.2,59409,10.9304,1.52
1787727065.987,6660,17.4,58917,10.9259,1.52
1787727066.005,6661,17.5,58517,10.9450,1.52
1787727066.022,6662,17.3,59354,10.9331,1.52
1787727066.040,6663,17.4,58801,10.9100,1.52
1787727066.057,6664,17.5,58437,10.9383,1.52
1787727066.086,6665,28.8,35535,10.9287,1.52
1787727066.119,6666,32.6,31434,10.9353,1.52
1787727066.150,6667,30.2,33915,10.9326,1.52
1787727066.181,6668,30.9,33190,10.9137,1.52
1787727066.211,6669,30.8,33298,10.9084,1.52
1787727066.242,6670,30.3,33755,10.9685,1.52
1787727066.260,6671,18.0,56996,10.9057,1.52
1787727066.276,6672,16.0,64047,10.9362,1.52
1787727066.292,6673,15.4,66678,10.9456,1.52
1787727066.307,6674,15.2,67273,10.9325,1.52
1787727066.323,6675,15.1,67916,10.9505,1.52
1787727066.339,6676,15.8,64935,10.9484,1.52
1787727066.356,6677,17.2,59486,10.9637,1.52
1787727066.374,6678,17.2,59651,10.9434,1.52
1787727066.391,6679,17.0,60207,10.9462,1.52
1787727066.408,6680,16.8,61105,10.9706,1.52
1787727066.425,6681,16.8,61089,10.9553,1.52
1787727066.442,6682,17.3,59054,10.9307,1.52
1787727066.460,6683,17.3,59113,10.9241,1.52
1787727066.477,6684,16.8,60919,10.9426,1.52
1787727066.492,6685,15.0,68353,10.9414,1.52
1787727066.507,6686,14.9,68676,10.9440,1.52
1787727066.522,6687,14.9,68856,10.9461,1.52
1787727066.537,6688,14.8,68967,10.9459,1.52
1787727066.552,6689,14.9,68706,10.9329,1.52
1787727066.567,6690,14.7,69581,10.9516,1.52
1787727066.582,6691,14.8,69371,10.9775,1.52
1787727066.597,6692,14.8,69283,10.9001,1.52
1787727066.612,6693,14.7,69639,10.9203,1.52
1787727066.628,6694,15.8,64805,10.9278,1.52
1787727066.644,6695,16.3,62707,10.9575,1.52
1787727066.662,6696,17.2,59603,10.9385,1.52
1787727066.694,6697,31.4,32629,10.9271,1.52
1787727066.727,6698,33.4,30693,10.9269,1.52
1787727066.760,6699,32.3,31745,10.9360,1.52
1787727066.792,6700,32.0,32035,10.9319,1.52
1787727066.824,6701,31.4,32654,10.9383,1.52
1787727066.857,6702,32.6,31400,10.9312,1.52
1787727066.889,6703,32.0,31994,10.9387,1.52
1787727066.921,6704,31.5,32468,10.9478,1.52
1787727066.951,6705,29.8,34328,10.9701,1.52
1787727066.982,6706,31.2,32857,10.9635,1.52
1787727067.013,6707,30.2,33950,10.9369,1.52
1787727067.043,6708,30.7,33347,10.9427,1.52
1787727067.067,6709,23.3,43863,10.9447,1.52
1787727067.082,6710,14.9,68873,10.9235,1.52
1787727067.097,6711,14.7,69485,10.9348,1.52
1787727067.112,6712,14.7,69765,10.9339,1.52
1787727067.127,6713,14.7,69660,10.9102,1.52
1787727067.142,6714,14.7,69674,10.9386,1.52
1787727067.156,6715,14.7,69822,10.9129,1.52
1787727067.172,6716,15.4,66395,10.9361,1.52
1787727067.189,6717,16.9,60610,10.9663,1.52
1787727067.206,6718,16.6,61632,10.9444,1.52
1787727067.223,6719,17.0,60259,10.9213,1.52
1787727067.240,6720,16.7,61312,10.9429,1.52
1787727067.257,6721,17.2,59380,10.9376,1.52
1787727067.275,6722,17.3,59359,10.9595,1.52
1787727067.292,6723,17.4,58955,10.9464,1.52
1787727067.310,6724,17.3,59229,10.9575,1.52
1787727067.327,6725,16.7,61136,10.9516,1.52
1787727067.343,6726,16.2,63398,10.9304,1.52
1787727067.359,6727,15.2,67301,10.9513,1.52
1787727067.383,6728,23.7,43193,10.9532,1.52
1787727067.413,6729,30.6,33488,10.9531,1.52
1787727067.432,6730,18.5,55251,10.9470,1.52
1787727067.448,6731,15.5,66200,10.9503,1.52
1787727067.462,6732,14.3,71457,10.9440,1.52
1787727067.478,6733,14.8,69286,10.9508,1.52
1787727067.492,6734,14.7,69629,10.9396,1.52
1787727067.507,6735,14.4,70984,10.9430,1.52
1787727067.524,6736,16.5,62135,10.9230,1.52
1787727067.541,6737,17.0,60109,10.9543,1.52
1787727067.558,6738,17.2,59376,10.9479,1.52
1787727067.576,6739,17.3,59347,10.9455,1.52
1787727067.593,6740,17.2,59523,10.9349,1.52
1787727067.611,6741,17.3,59287,10.9782,1.52
1787727067.628,6742,17.4,58823,10.9508,1.52
1787727067.646,6743,17.3,59058,10.9483,1.52
1787727067.663,6744,17.1,59755,10.9703,1.52
1787727067.679,6745,15.4,66372,10.9609,1.52
1787727067.694,6746,14.6,70167,10.9548,1.52
1787727067.709,6747,15.5,65945,10.9489,1.52
1787727067.725,6748,15.4,66322,10.9107,1.52
1787727067.740,6749,15.0,68433,10.9391,1.52
1787727067.757,6750,16.5,61921,10.9366,1.52
1787727067.774,6751,17.3,59324,10.9364,1.52
1787727067.792,6752,17.6,58272,10.9595,1.52
1787727067.810,6753,17.3,59109,10.9526,1.52
1787727067.827,6754,17.4,58843,10.9412,1.52
1787727067.845,6755,17.3,59219,10.9356,1.52
1787727067.863,6756,17.5,58531,10.9465,1.52
1787727067.880,6757,17.5,58383,10.9329,1.52
1787727067.901,6758,20.4,50202,10.9496,1.52
1787727067.946,6759,44.9,22787,10.9212,1.52
1787727067.962,6760,15.6,65599,10.9434,1.52
1787727067.978,6761,15.9,64539,10.9281,1.52
1787727067.994,6762,15.5,66033,10.9558,1.52
1787727068.009,6763,15.3,66761,10.9594,1.52
1787727068.025,6764,15.4,66302,10.9497,1.52
1787727068.041,6765,15.5,66130,10.9479,1.52
1787727068.058,6766,16.9,60746,10.9836,1.52
1787727068.075,6767,17.2,59598,10.9300,1.52
1787727068.093,6768,17.3,59138,10.9356,1.52
1787727068.110,6769,17.4,58912,10.9488,1.52
1787727068.128,6770,17.5,58560,10.9328,1.52
1787727068.146,6771,17.3,59252,10.9806,1.52
1787727068.163,6772,17.4,58739,10.9285,1.52
1787727068.181,6773,17.5,58433,10.9400,1.52
1787727068.198,6774,17.3,59283,10.9296,1.52
1787727068.216,6775,17.2,59424,10.9240,1.52
1787727068.234,6776,17.5,58371,10.9321,1.52
1787727068.251,6777,17.4,58773,10.9513,1.52
1787727068.269,6778,17.6,58194,10.9112,1.52
1787727068.287,6779,17.4,58756,10.9416,1.52
1787727068.304,6780,17.5,58478,10.9373,1.52
1787727068.322,6781,17.5,58429,10.9456,1.52
1787727068.340,6782,17.5,58437,10.9375,1.52
1787727068.368,6783,27.6,37068,10.9149,1.52
1787727068.411,6784,43.3,23652,10.9429,1.52
1787727068.444,6785,32.1,31922,10.9534,1.52
1787727068.476,6786,32.7,31343,10.9433,1.52
1787727068.509,6787,32.2,31790,10.9219,1.52
1787727068.542,6788,32.8,31189,10.9438,1.52
1787727068.575,6789,32.8,31192,10.9332,1.52
1787727068.607,6790,31.6,32390,10.9263,1.52
1787727068.640,6791,32.5,31522,10.9661,1.52
1787727068.673,6792,32.8,31262,10.9622,1.52
1787727068.706,6793,32.4,31558,10.9131,1.52
1787727068.738,6794,32.2,31758,10.9373,1.52
1787727068.770,6795,31.5,32522,10.9330,1.52
1787727068.802,6796,32.2,31755,10.9440,1.52
1787727068.834,6797,32.1,31880,10.9472,1.52
1787727068.867,6798,32.1,31944,10.9620,1.52
1787727068.899,6799,32.4,31572,10.9406,1.52
1787727068.931,6800,31.7,32264,10.9493,1.52
1787727068.963,6801,32.1,31899,10.9259,1.52
1787727068.995,6802,31.9,32095,10.9396,1.52
1787727069.027,6803,31.3,32742,10.9481,1.52
1787727069.060,6804,33.6,30493,10.9214,1.52
1787727069.093,6805,32.6,31456,10.9413,1.52
1787727069.126,6806,32.3,31687,10.9606,1.52
1787727069.158,6807,32.0,31993,10.9522,1.52
1787727069.190,6808,32.4,31631,10.9578,1.52
1787727069.223,6809,32.7,31307,10.9296,1.52
1787727069.255,6810,31.4,32621,10.9603,1.52
1787727069.287,6811,32.0,31998,10.9497,1.52
1787727069.319,6812,32.0,32002,10.9369,1.52
1787727069.351,6813,32.0,32037,10.9391,1.52
1787727069.383,6814,31.9,32076,10.9328,1.52
1787727069.416,6815,32.5,31474,10.9486,1.52
1787727069.448,6816,31.7,32267,10.9734,1.52
1787727069.481,6817,32.9,31104,10.9267,1.52
1787727069.513,6818,32.0,31992,10.9288,1.52
1787727069.545,6819,32.6,31457,10.9444,1.52
1787727069.578,6820,32.3,31719,10.9323,1.52
1787727069.611,6821,33.3,30706,10.9417,1.52
1787727069.644,6822,32.4,31596,10.9435,1.52
1787727069.676,6823,32.1,31893,10.9535,1.52
1787727069.708,6824,31.8,32226,10.9178,1.52
1787727069.741,6825,33.1,30952,10.9153,1.52
1787727069.773,6826,32.0,32015,10.9657,1.52
1787727069.806,6827,32.6,31418,10.9201,1.52
1787727069.839,6828,32.4,31603,10.9474,1.52
1787727069.871,6829,32.3,31688,10.9495,1.52
1787727069.904,6830,32.5,31496,10.9294,1.52
1787727069.936,6831,32.5,31501,10.9337,1.52
1787727069.968,6832,31.6,32397,10.9261,1.52
1787727070.001,6833,33.0,31035,10.9470,1.52
1787727070.033,6834,31.9,32088,10.9412,1.52
1787727070.064,6835,30.5,33528,10.9392,1.52
1787727070.081,6836,17.0,60109,10.9482,1.52
1787727070.099,6837,17.6,58322,10.9398,1.52
1787727070.116,6838,17.2,59583,10.9574,1.52
1787727070.134,6839,17.3,59253,10.9217,1.52
1787727070.151,6840,17.3,59278,10.9650,1.52
1787727070.169,6841,17.5,58520,10.9727,1.52
1787727070.187,6842,17.4,58826,10.9205,1.52
1787727070.204,6843,17.2,59448,10.9695,1.52
1787727070.227,6844,22.9,44667,10.9440,1.52
1787727070.258,6845,30.9,33096,10.9322,1.52
1787727070.276,6846,17.3,59041,10.9499,1.52
1787727070.294,6847,17.5,58393,10.9380,1.52
1787727070.311,6848,17.4,58923,10.9518,1.52
1787727070.329,6849,17.4,58722,10.9192,1.52
1787727070.346,6850,17.5,58628,10.9343,1.52
1787727070.364,6851,17.5,58647,10.9418,1.52
1787727070.382,6852,17.5,58556,10.9236,1.52
1787727070.399,6853,17.4,58685,10.9536,1.52
1787727070.417,6854,17.4,58830,10.9415,1.52
1787727070.435,6855,17.6,58213,10.9376,1.52
1787727070.453,6856,17.6,58257,10.9144,1.52
1787727070.470,6857,17.4,58788,10.9671,1.52
1787727070.488,6858,17.6,58056,10.9246,1.52
1787727070.506,6859,17.5,58444,10.9497,1.52
1787727070.523,6860,17.3,59030,10.9161,1.52
1787727070.541,6861,17.6,58263,10.9558,1.52
1787727070.563,6862,21.1,48530,10.9393,1.52
1787727070.608,6863,45.4,22558,10.9227,1.52
1787727070.626,6864,17.4,59020,10.9485,1.52
1787727070.642,6865,16.2,63250,10.9410,1.52
1787727070.659,6866,16.3,62788,10.9404,1.52
1787727070.676,6867,16.3,62761,10.9705,1.52
1787727070.692,6868,16.3,62927,10.9385,1.52
1787727070.709,6869,16.5,61880,10.9231,1.52
1787727070.726,6870,16.4,62268,10.9527,1.52
1787727070.742,6871,15.8,64799,10.9402,1.52
1787727070.758,6872,16.1,63673,10.9227,1.52
1787727070.773,6873,15.1,68000,10.9397,1.52
1787727070.788,6874,14.8,69005,10.9336,1.52
1787727070.803,6875,14.8,69003,10.9423,1.52
1787727070.818,6876,14.9,68854,10.9338,1.52
1787727070.833,6877,14.9,68695,10.9535,1.52
1787727070.848,6878,14.9,68586,10.9282,1.52
1787727070.864,6879,15.3,66956,10.9379,1.52
1787727070.880,6880,15.6,65440,10.9518,1.52
1787727070.896,6881,16.3,62671,10.9345,1.52
1787727070.914,6882,17.2,59450,10.9547,1.52
1787727070.931,6883,16.9,60761,10.9315,1.52
1787727070.948,6884,17.2,59601,10.9636,1.52
1787727070.966,6885,17.2,59481,10.9203,1.52
1787727070.983,6886,17.2,59380,10.9041,1.52
1787727071.000,6887,17.2,59484,10.9481,1.52
1787727071.018,6888,17.2,59419,10.9299,1.52
1787727071.038,6889,20.2,50595,10.9073,1.52
1787727071.074,6890,35.6,28741,10.9425,1.52
1787727071.106,6891,32.3,31742,10.9302,1.52
1787727071.139,6892,32.5,31531,10.9408,1.52
1787727071.171,6893,31.9,32073,10.9374,1.52
1787727071.203,6894,32.0,31999,10.9443,1.52
1787727071.235,6895,31.7,32310,10.9342,1.52
1787727071.257,6896,21.4,47861,10.9216,1.52
1787727071.274,6897,17.2,59396,10.9286,1.52
1787727071.291,6898,17.2,59536,10.9052,1.52
1787727071.309,6899,17.3,59114,10.9539,1.52
1787727071.327,6900,17.3,59157,10.9466,1.52
1787727071.344,6901,17.4,58934,10.9311,1.52
1787727071.362,6902,17.4,58758,10.9393,1.52
1787727071.379,6903,17.4,58854,10.9665,1.52
1787727071.397,6904,17.4,58764,10.9641,1.52
1787727071.431,6905,33.4,30683,10.9305,1.52
1787727071.464,6906,33.2,30872,10.9402,1.52
1787727071.496,6907,31.9,32057,10.9200,1.52
1787727071.529,6908,33.0,31053,10.9488,1.52
1787727071.561,6909,31.9,32136,10.9730,1.52
1787727071.594,6910,32.5,31483,10.9051,1.52
1787727071.625,6911,31.5,32488,10.9130,1.52
1787727071.656,6912,30.5,33593,10.9437,1.52
1787727071.674,6913,17.3,59359,10.9358,1.52
1787727071.691,6914,17.4,58904,10.9261,1.52
1787727071.709,6915,17.3,59083,10.9307,1.52
1787727071.726,6916,17.2,59453,10.9341,1.52
1787727071.744,6917,17.3,59108,10.9548,1.52
1787727071.761,6918,17.3,59285,10.9769,1.52
1787727071.779,6919,17.6,58238,10.9663,1.52
1787727071.796,6920,17.4,58790,10.9527,1.52
1787727071.817,6921,20.0,51111,10.9268,1.52
1787727071.852,6922,35.3,28999,10.9372,1.52
1787727071.884,6923,31.3,32747,10.9466,1.52
1787727071.916,6924,31.9,32094,10.9720,1.52
1787727071.948,6925,32.5,31548,10.9636,1.52
1787727071.980,6926,32.0,31999,10.9336,1.52
1787727072.008,6927,27.4,37315,10.9672,1.52
1787727072.025,6928,17.2,59662,10.9373,1.52
1787727072.043,6929,17.3,59263,10.9417,1.52
1787727072.060,6930,17.4,58786,10.9286,1.52
1787727072.078,6931,17.2,59458,10.9311,1.52
1787727072.095,6932,17.2,59391,10.9252,1.52
1787727072.113,6933,17.2,59492,10.9264,1.52
1787727072.130,6934,17.1,59904,10.9484,1.52
1787727072.148,6935,17.3,59225,10.9483,1.52
1787727072.170,6936,22.4,45723,10.9590,1.52
1787727072.205,6937,34.8,29417,10.9263,1.52
1787727072.237,6938,31.8,32161,10.9124,1.52
1787727072.269,6939,32.1,31879,10.9354,1.52
1787727072.301,6940,31.8,32193,10.9594,1.52
1787727072.334,6941,32.6,31440,10.9262,1.52
1787727072.366,6942,32.3,31720,10.9371,1.52
1787727072.399,6943,32.7,31348,10.9549,1.52
1787727072.432,6944,32.4,31575,10.9562,1.52
1787727072.464,6945,32.0,32014,10.9225,1.52
1787727072.496,6946,32.4,31564,10.9659,1.52
1787727072.529,6947,32.9,31112,10.9561,1.52
1787727072.561,6948,31.4,32614,10.9494,1.52
1787727072.581,6949,19.5,52523,10.9291,1.52
1787727072.598,6950,17.3,59137,10.9486,1.52
1787727072.616,6951,17.2,59586,10.9466,1.52
1787727072.633,6952,17.2,59708,10.9551,1.52
1787727072.650,6953,17.2,59452,10.9536,1.52
1787727072.668,6954,17.3,59232,10.9574,1.52
1787727072.685,6955,17.1,59889,10.9362,1.52
1787727072.703,6956,17.3,59305,10.9393,1.52
1787727072.720,6957,17.2,59532,10.9309,1.52
1787727072.752,6958,32.0,31968,10.9543,1.52
1787727072.785,6959,32.7,31341,10.9463,1.52
1787727072.800,6960,14.6,70146,10.9486,1.52
1787727072.816,6961,15.5,65969,10.9392,1.52
1787727072.831,6962,15.3,66832,10.9282,1.52
1787727072.847,6963,15.3,66973,10.9479,1.52
1787727072.862,6964,15.2,67260,10.9678,1.52
1787727072.878,6965,15.3,66712,10.9532,1.52
1787727072.895,6966,17.5,58354,10.9364,1.52
1787727072.913,6967,17.4,58739,10.9263,1.52
1787727072.931,6968,17.5,58376,10.9335,1.52
1787727072.948,6969,17.5,58534,10.9505,1.52
1787727072.966,6970,17.4,58869,10.9277,1.52
1787727072.984,6971,17.4,58939,10.9349,1.52
1787727073.001,6972,17.4,58842,10.9006,1.52
1787727073.019,6973,17.5,58562,10.9492,1.52
1787727073.036,6974,17.4,58684,10.9358,1.52
1787727073.054,6975,17.6,58326,10.9403,1.52
1787727073.072,6976,17.2,59527,10.9318,1.52
1787727073.089,6977,17.4,58994,10.9368,1.52
1787727073.107,6978,17.5,58585,10.9658,1.52
1787727073.124,6979,17.3,59064,10.9397,1.52
1787727073.142,6980,17.3,59043,10.9568,1.52
1787727073.159,6981,17.3,59345,10.9458,1.52
1787727073.179,6982,19.3,53081,10.9304,1.52
1787727073.225,6983,45.8,22381,10.9204,1.52
1787727073.256,6984,31.2,32839,10.9337,1.52
1787727073.287,6985,30.3,33747,10.9283,1.52
1787727073.318,6986,30.9,33134,10.9470,1.52
1787727073.348,6987,30.2,33940,10.9644,1.52
1787727073.379,6988,30.7,33350,10.9498,1.52
1787727073.409,6989,30.1,34027,10.9201,1.52
1787727073.440,6990,30.6,33478,10.9344,1.52
1787727073.470,6991,30.5,33586,10.9273,1.52
1787727073.500,6992,30.0,34132,10.9323,1.52
1787727073.531,6993,30.1,33968,10.9274,1.52
1787727073.562,6994,31.4,32640,10.9647,1.52
1787727073.593,6995,30.3,33819,10.9558,1.52
1787727073.623,6996,30.8,33293,10.9430,1.52
1787727073.654,6997,30.8,33235,10.9602,1.52
1787727073.676,6998,21.7,47283,10.8986,1.52
1787727073.694,6999,17.4,58897,10.9303,1.52
1787727073.711,7000,17.3,59181,10.9249,1.52
1787727073.729,7001,17.2,59504,10.9418,1.52
1787727073.746,7002,17.5,58476,10.9611,1.52
1787727073.764,7003,17.3,59125,10.9403,1.52
1787727073.781,7004,17.4,58998,10.9422,1.52
1787727073.799,7005,17.3,59349,10.9395,1.52
1787727073.817,7006,18.2,56294,10.9155,1.52
1787727073.852,7007,34.3,29847,10.9437,1.52
1787727073.884,7008,31.9,32063,10.9497,1.52
1787727073.915,7009,31.2,32801,10.9047,1.52
1787727073.947,7010,31.4,32612,10.9619,1.52
1787727073.979,7011,32.1,31917,10.9412,1.52
1787727074.011,7012,31.6,32370,10.9161,1.52
1787727074.042,7013,31.1,32949,10.9267,1.52
1787727074.075,7014,32.0,31999,10.9356,1.52
1787727074.106,7015,31.2,32826,10.9345,1.52
1787727074.138,7016,32.1,31913,10.9443,1.52
1787727074.170,7017,31.2,32847,10.9429,1.52
1787727074.202,7018,31.9,32133,10.9367,1.52
1787727074.223,7019,21.1,48566,10.9570,1.52
1787727074.239,7020,15.6,65760,10.9121,1.52
1787727074.254,7021,15.0,68298,10.9261,1.52
1787727074.269,7022,15.0,68129,10.9280,1.52
1787727074.285,7023,14.9,68548,10.9479,1.52
1787727074.302,7024,17.1,60054,10.9316,1.52
1787727074.319,7025,17.3,59051,10.9303,1.52
1787727074.337,7026,17.5,58396,10.9344,1.52
1787727074.355,7027,17.6,58227,10.9597,1.52
1787727074.372,7028,17.4,59015,10.9210,1.52
1787727074.390,7029,17.3,59256,10.9589,1.52
1787727074.407,7030,17.4,59014,10.9708,1.52
1787727074.425,7031,17.1,59809,10.9434,1.52
1787727074.445,7032,20.0,51192,10.9465,1.52
1787727074.480,7033,35.4,28965,10.9050,1.52
1787727074.513,7034,32.0,32040,10.9338,1.52
1787727074.546,7035,33.0,31014,10.9213,1.52
1787727074.579,7036,32.7,31274,10.9393,1.52
1787727074.611,7037,32.2,31770,10.9172,1.52
1787727074.642,7038,31.3,32739,10.9221,1.52
1787727074.675,7039,32.4,31604,10.9504,1.52
1787727074.707,7040,32.0,32026,10.9222,1.52
1787727074.739,7041,32.2,31827,10.9260,1.52
1787727074.771,7042,31.9,32094,10.9478,1.52
1787727074.805,7043,33.1,30937,10.9372,1.52
1787727074.837,7044,32.0,31985,10.9447,1.52
1787727074.869,7045,32.1,31869,10.9682,1.52
1787727074.901,7046,32.0,32013,10.9472,1.52
1787727074.934,7047,32.7,31349,10.9351,1.52
1787727074.966,7048,31.9,32136,10.9150,1.52
1787727074.997,7049,31.5,32559,10.9729,1.52
1787727075.031,7050,33.0,31062,10.9502,1.52
1787727075.062,7051,31.6,32398,10.9556,1.52
1787727075.094,7052,32.0,31996,10.9470,1.52
1787727075.127,7053,32.0,32017,10.9371,1.52
1787727075.159,7054,32.2,31813,10.9694,1.52
1787727075.191,7055,32.1,31922,10.9308,1.52
1787727075.223,7056,32.2,31764,10.9384,1.52
1787727075.256,7057,32.4,31646,10.9873,1.52
1787727075.289,7058,32.6,31450,10.9290,1.52
1787727075.312,7059,22.7,45054,10.9406,1.52
1787727075.329,7060,17.4,58807,10.9448,1.52
1787727075.346,7061,17.1,59883,10.9463,1.52
1787727075.364,7062,16.9,60598,10.9477,1.52
1787727075.381,7063,17.4,58725,10.9354,1.52
1787727075.399,7064,17.4,58842,10.9255,1.52
1787727075.416,7065,17.5,58400,10.9428,1.52
1787727075.434,7066,17.5,58610,10.9674,1.52
1787727075.452,7067,17.5,58482,10.9649,1.52
1787727075.482,7068,30.3,33816,10.9568,1.52
1787727075.507,7069,24.1,42484,10.9523,1.52
1787727075.524,7070,17.3,59097,10.9414,1.52
1787727075.542,7071,17.4,58917,10.9655,1.52
1787727075.559,7072,17.3,59108,10.9225,1.52
1787727075.577,7073,17.3,59038,10.9619,1.52
1787727075.594,7074,17.4,58994,10.9419,1.52
1787727075.612,7075,17.5,58507,10.9368,1.52
1787727075.630,7076,17.3,59133,10.9362,1.52
1787727075.647,7077,17.3,59108,10.9460,1.52
1787727075.665,7078,17.3,59038,10.9244,1.52
1787727075.682,7079,17.5,58610,10.9352,1.52
1787727075.700,7080,17.5,58583,10.9461,1.52
1787727075.717,7081,17.3,59090,10.9338,1.52
1787727075.735,7082,17.4,59008,10.9447,1.52
1787727075.753,7083,17.5,58519,10.9397,1.52
1787727075.770,7084,17.4,58685,10.9265,1.52
1787727075.788,7085,17.5,58421,10.9438,1.52
1787727075.822,7086,33.3,30755,10.9312,1.52
1787727075.855,7087,33.7,30396,10.9373,1.52
1787727075.873,7088,17.4,58815,10.9428,1.52
1787727075.891,7089,17.4,58871,10.9530,1.52
1787727075.908,7090,17.4,58825,10.9260,1.52
1787727075.926,7091,17.2,59536,10.9225,1.52
1787727075.943,7092,17.4,58943,10.9080,1.52
1787727075.961,7093,17.2,59650,10.9542,1.52
1787727075.978,7094,17.2,59411,10.9323,1.52
1787727075.996,7095,17.3,59176,10.9365,1.52
1787727076.013,7096,17.1,59743,10.9426,1.52
1787727076.048,7097,34.9,29311,10.9263,1.52
1787727076.082,7098,33.8,30301,10.9408,1.52
1787727076.115,7099,31.8,32184,10.9441,1.52
1787727076.147,7100,32.5,31544,10.9381,1.52
1787727076.179,7101,31.9,32145,10.9319,1.52
1787727076.211,7102,31.8,32161,10.9561,1.52
1787727076.236,7103,23.9,42831,10.9248,1.52
1787727076.253,7104,17.5,58664,10.9616,1.52
1787727076.271,7105,17.3,59025,10.9271,1.52
1787727076.288,7106,17.4,58880,10.9510,1.52
1787727076.306,7107,17.3,59330,10.9342,1.52
1787727076.323,7108,17.3,59319,10.9286,1.52
1787727076.341,7109,17.4,58992,10.9269,1.52
1787727076.358,7110,17.4,58989,10.9381,1.52
1787727076.376,7111,17.4,58922,10.9442,1.52
1787727076.408,7112,32.1,31921,10.9201,1.52
1787727076.442,7113,34.0,30131,10.9223,1.52
1787727076.475,7114,32.1,31891,10.9432,1.52
1787727076.508,7115,32.9,31169,10.9488,1.52
1787727076.539,7116,31.8,32230,10.9298,1.52
1787727076.573,7117,33.0,31052,10.9516,1.52
1787727076.604,7118,31.7,32330,10.9297,1.52
1787727076.635,7119,30.6,33517,10.9587,1.52
1787727076.650,7120,14.7,69765,10.9271,1.52
1787727076.665,7121,15.3,66981,10.9498,1.52
1787727076.681,7122,15.4,66690,10.9090,1.52
1787727076.697,7123,15.4,66692,10.9515,1.52
1787727076.712,7124,15.2,67161,10.9393,1.52
1787727076.728,7125,15.4,66631,10.9495,1.52
1787727076.745,7126,16.9,60727,10.9326,1.52
1787727076.762,7127,17.4,58939,10.9237,1.52
1787727076.780,7128,17.3,59188,10.9330,1.52
1787727076.797,7129,17.4,58938,10.9579,1.52
1787727076.815,7130,17.3,59090,10.9234,1.52
1787727076.833,7131,17.5,58674,10.9254,1.52
1787727076.850,7132,17.3,59223,10.9547,1.52
1787727076.868,7133,17.3,59211,10.9418,1.52
1787727076.885,7134,17.4,58834,10.9306,1.52
1787727076.920,7135,34.9,29364,10.9253,1.52
1787727076.953,7136,32.7,31283,10.9657,1.52
1787727076.985,7137,32.1,31890,10.9545,1.52
1787727077.018,7138,33.1,30927,10.9319,1.52
1787727077.050,7139,31.6,32407,10.9497,1.52
1787727077.082,7140,31.6,32358,10.9355,1.52
1787727077.113,7141,31.2,32805,10.9256,1.52
1787727077.146,7142,32.4,31612,10.9448,1.52
1787727077.176,7143,30.2,33943,10.9461,1.52
1787727077.208,7144,31.3,32743,10.9222,1.52
1787727077.239,7145,31.7,32301,10.9586,1.52
1787727077.272,7146,32.2,31818,10.9284,1.52
1787727077.303,7147,31.2,32864,10.9502,1.52
1787727077.335,7148,31.3,32699,10.9407,1.52
1787727077.366,7149,31.6,32371,10.9344,1.52
1787727077.398,7150,31.3,32673,10.9258,1.52
1787727077.430,7151,32.3,31715,10.9201,1.52
1787727077.462,7152,31.5,32555,10.9437,1.52
1787727077.491,7153,29.4,34772,10.9413,1.52
1787727077.520,7154,28.9,35483,10.9337,1.52
1787727077.549,7155,28.7,35679,10.9322,1.52
1787727077.578,7156,28.8,35499,10.9257,1.52
1787727077.607,7157,28.7,35733,10.9524,1.52
1787727077.636,7158,28.9,35453,10.9697,1.52
1787727077.665,7159,29.0,35282,10.9461,1.52
1787727077.694,7160,28.8,35548,10.9676,1.52
1787727077.723,7161,28.9,35423,10.9214,1.52
1787727077.752,7162,28.5,35907,10.9721,1.52
1787727077.780,7163,28.4,36094,10.9268,1.52
1787727077.810,7164,29.6,34603,10.9439,1.52
1787727077.839,7165,28.6,35819,10.9259,1.52
1787727077.866,7166,27.3,37572,10.9297,1.52
1787727077.884,7167,17.3,59269,10.9085,1.52
1787727077.901,7168,17.3,59034,10.9351,1.52
1787727077.919,7169,17.3,59083,10.9513,1.52
1787727077.936,7170,17.3,59228,10.9343,1.52
1787727077.953,7171,17.0,60082,10.9394,1.52
1787727077.971,7172,17.1,59713,10.9274,1.52
1787727077.988,7173,17.5,58588,10.9183,1.52
1787727078.006,7174,17.3,59259,10.9460,1.52
1787727078.030,7175,23.6,43341,10.9111,1.52
1787727078.058,7176,28.1,36490,10.9426,1.52
1787727078.075,7177,17.3,59238,10.9355,1.52
1787727078.093,7178,17.5,58670,10.9551,1.52
1787727078.111,7179,17.3,59183,10.9259,1.52
1787727078.128,7180,17.4,59008,10.9443,1.52
1787727078.145,7181,17.2,59659,10.9648,1.52
1787727078.163,7182,17.0,60251,10.9298,1.52
1787727078.180,7183,17.2,59532,10.9376,1.52
1787727078.197,7184,17.1,59900,10.9319,1.52
1787727078.220,7185,22.6,45319,10.9257,1.52
1787727078.252,7186,31.5,32545,10.9312,1.52
1787727078.269,7187,17.1,59845,10.9467,1.52
1787727078.286,7188,17.1,59866,10.9417,1.52
1787727078.304,7189,17.2,59463,10.9404,1.52
1787727078.321,7190,17.1,59910,10.9220,1.52
1787727078.338,7191,17.1,59887,10.9366,1.52
1787727078.356,7192,17.1,59760,10.9207,1.52
1787727078.373,7193,17.0,60209,10.9664,1.52
1787727078.391,7194,17.4,58702,10.9304,1.52
1787727078.408,7195,17.5,58457,10.9511,1.52
1787727078.436,7196,27.7,36916,10.9477,1.52
1787727078.463,7197,26.2,39134,10.9441,1.52
1787727078.481,7198,17.8,57412,10.9264,1.52
1787727078.498,7199,16.8,60796,10.9420,1.52
1787727078.515,7200,16.7,61363,10.9413,1.52
1787727078.532,7201,16.6,61568,10.9469,1.52
1787727078.549,7202,17.2,59700,10.9509,1.52
1787727078.567,7203,17.2,59445,10.9617,1.52
1787727078.584,7204,17.2,59490,10.9427,1.52
1787727078.602,7205,17.1,59965,10.9451,1.52
1787727078.619,7206,17.2,59496,10.9311,1.52
1787727078.637,7207,17.5,58467,10.9334,1.52
1787727078.671,7208,34.2,29935,10.9527,1.52
1787727078.704,7209,32.2,31768,10.8929,1.52
1787727078.736,7210,31.9,32058,10.9445,1.52
1787727078.769,7211,32.7,31297,10.9352,1.52
1787727078.801,7212,32.1,31885,10.9389,1.52
1787727078.827,7213,25.9,39580,10.9294,1.52
1787727078.843,7214,15.4,66485,10.9401,1.52
1787727078.858,7215,15.0,68143,10.9502,1.52
1787727078.874,7216,15.2,67391,10.9526,1.52
1787727078.889,7217,15.4,66658,10.9279,1.52
1787727078.905,7218,15.2,67350,10.9512,1.52
1787727078.920,7219,15.2,67257,10.9249,1.52
1787727078.937,7220,16.5,62119,10.9274,1.52
1787727078.954,7221,17.2,59466,10.9480,1.52
1787727078.972,7222,17.2,59599,10.9309,1.52
1787727078.989,7223,17.3,59147,10.9533,1.52
1787727079.006,7224,17.2,59411,10.9258,1.52
1787727079.024,7225,17.2,59507,10.9312,1.52
1787727079.041,7226,17.3,59079,10.9351,1.52
1787727079.059,7227,17.5,58617,10.9323,1.52
1787727079.077,7228,17.4,58796,10.9311,1.52
1787727079.104,7229,26.8,38208,10.9554,1.52
1787727079.139,7230,34.9,29356,10.9013,1.52
1787727079.171,7231,32.1,31930,10.9288,1.52
1787727079.205,7232,33.3,30742,10.9581,1.52
1787727079.239,7233,33.3,30767,10.9282,1.52
1787727079.271,7234,32.1,31856,10.9513,1.52
1787727079.304,7235,32.6,31381,10.9479,1.52
1787727079.328,7236,23.4,43819,10.9519,1.52
1787727079.345,7237,17.2,59571,10.9618,1.52
1787727079.362,7238,17.1,59715,10.9544,1.52
1787727079.380,7239,17.2,59667,10.9295,1.52
1787727079.397,7240,17.2,59371,10.9431,1.52
1787727079.414,7241,16.9,60649,10.9529,1.52
1787727079.432,7242,17.0,60082,10.9328,1.52
1787727079.448,7243,16.1,63430,10.9457,1.52
1787727079.463,7244,15.0,68378,10.9266,1.52
1787727079.478,7245,15.1,67950,10.9249,1.52
1787727079.494,7246,15.1,67765,10.9430,1.52
1787727079.509,7247,15.1,68013,10.9480,1.52
1787727079.524,7248,14.9,68684,10.9484,1.52
1787727079.541,7249,16.6,61570,10.9442,1.52
1787727079.558,7250,17.1,59789,10.9563,1.52
1787727079.588,7251,30.1,34062,10.9698,1.52
1787727079.623,7252,34.2,29957,10.9476,1.52
1787727079.655,7253,32.6,31457,10.9733,1.52
1787727079.687,7254,32.0,31989,10.9273,1.52
1787727079.721,7255,33.0,31068,10.9334,1.52
1787727079.753,7256,31.9,32111,10.9209,1.52
1787727079.784,7257,31.6,32405,10.9383,1.52
1787727079.816,7258,31.4,32591,10.9271,1.52
1787727079.848,7259,32.5,31530,10.9420,1.52
1787727079.881,7260,32.3,31678,10.9265,1.52
1787727079.913,7261,32.0,31983,10.9155,1.52
1787727079.946,7262,32.3,31712,10.9207,1.52
1787727079.978,7263,32.7,31328,10.9183,1.52
1787727080.011,7264,32.3,31686,10.9142,1.52
1787727080.042,7265,31.5,32458,10.9416,1.52
1787727080.075,7266,32.0,32018,10.9333,1.52
1787727080.107,7267,32.5,31511,10.9311,1.52
1787727080.139,7268,31.9,32100,10.9296,1.52
1787727080.172,7269,32.7,31311,10.9378,1.52
1787727080.204,7270,31.8,32173,10.9341,1.52
1787727080.237,7271,32.7,31345,10.9249,1.52
1787727080.269,7272,32.3,31715,10.9321,1.52
1787727080.302,7273,32.2,31830,10.9436,1.52
1787727080.334,7274,32.5,31537,10.9368,1.52
1787727080.367,7275,32.6,31415,10.9525,1.52
1787727080.399,7276,32.3,31728,10.9382,1.52
1787727080.428,7277,28.4,36062,10.9335,1.52
1787727080.445,7278,17.2,59425,10.9673,1.52
1787727080.463,7279,17.2,59463,10.9291,1.52
1787727080.480,7280,17.2,59405,10.9343,1.52
1787727080.498,7281,17.5,58635,10.9739,1.52
1787727080.516,7282,17.4,58730,10.9110,1.52
1787727080.533,7283,17.4,58711,10.9502,1.52
1787727080.551,7284,17.3,59134,10.9433,1.52
1787727080.568,7285,17.4,58822,10.9433,1.52
1787727080.592,7286,23.3,43996,10.9361,1.52
1787727080.623,7287,30.4,33649,10.9283,1.52
1787727080.640,7288,17.5,58579,10.9351,1.52
1787727080.658,7289,17.5,58442,10.8969,1.52
1787727080.677,7290,17.9,57252,10.9580,1.52
1787727080.693,7291,16.6,61795,10.9360,1.52
1787727080.710,7292,16.4,62375,10.9427,1.52
1787727080.729,7293,18.4,55761,10.9727,1.52
1787727080.747,7294,18.4,55678,10.9104,1.52
1787727080.764,7295,16.0,63911,10.9465,1.52
1787727080.779,7296,15.3,67121,10.9458,1.52
1787727080.795,7297,15.4,66504,10.9446,1.52
1787727080.811,7298,15.9,64484,10.9109,1.52
1787727080.826,7299,15.3,66808,10.9624,1.52
1787727080.842,7300,15.8,64965,10.9224,1.52
1787727080.860,7301,16.9,60594,10.9366,1.52
1787727080.877,7302,17.3,59199,10.9112,1.52
1787727080.894,7303,17.0,60113,10.9418,1.52
1787727080.916,7304,21.3,48094,10.9240,1.52
1787727080.937,7305,20.4,50245,10.9595,1.52
1787727080.957,7306,20.0,51090,10.9203,1.52
1787727080.977,7307,20.0,51250,10.9519,1.52
1787727081.007,7308,28.9,35422,10.9594,1.52
1787727081.034,7309,27.5,37279,10.9524,1.52
1787727081.052,7310,17.8,57662,10.9717,1.52
1787727081.073,7311,20.2,50785,10.9512,1.52
1787727081.090,7312,17.0,60064,10.9460,1.52
1787727081.107,7313,16.1,63493,10.9383,1.52
1787727081.122,7314,15.0,68081,10.9307,1.52
1787727081.137,7315,15.1,67990,10.9323,1.52
1787727081.153,7316,15.4,66464,10.9503,1.52
1787727081.170,7317,17.3,59055,10.9500,1.52
1787727081.187,7318,16.9,60460,10.9542,1.52
1787727081.205,7319,17.3,59241,10.9666,1.52
1787727081.222,7320,17.3,59247,10.9516,1.52
1787727081.240,7321,17.2,59541,10.9235,1.52
1787727081.257,7322,17.2,59421,10.9463,1.52
1787727081.274,7323,17.1,59917,10.9603,1.52
1787727081.292,7324,17.2,59465,10.9391,1.52
1787727081.312,7325,19.5,52533,10.9290,1.52
1787727081.346,7326,34.2,29947,10.9243,1.52
1787727081.361,7327,15.3,67043,10.9287,1.52
1787727081.378,7328,16.5,61975,10.9374,1.52
1787727081.394,7329,15.4,66669,10.9270,1.52
1787727081.409,7330,15.0,68173,10.9331,1.52
1787727081.424,7331,15.1,67940,10.9502,1.52
1787727081.442,7332,17.5,58681,10.9233,1.52
1787727081.460,7333,17.4,58878,10.9454,1.52
1787727081.477,7334,17.3,59278,10.9412,1.52
1787727081.494,7335,16.8,60892,10.9631,1.52
1787727081.512,7336,17.4,58767,10.9508,1.52
1787727081.529,7337,17.4,58720,10.9100,1.52
1787727081.547,7338,17.3,59147,10.9525,1.52
1787727081.565,7339,17.3,59195,10.9374,1.52
1787727081.582,7340,17.5,58659,10.9266,1.52
1787727081.617,7341,34.7,29481,10.9575,1.52
1787727081.650,7342,33.0,31011,10.9168,1.52
1787727081.682,7343,31.7,32317,10.9421,1.52
1787727081.715,7344,32.2,31772,10.9366,1.52
1787727081.747,7345,32.1,31884,10.9223,1.52
1787727081.779,7346,31.6,32415,10.9325,1.52
1787727081.810,7347,31.3,32665,10.9493,1.52
1787727081.842,7348,31.9,32120,10.9440,1.52
1787727081.873,7349,31.2,32784,10.9324,1.52
1787727081.904,7350,30.9,33160,10.9243,1.52
1787727081.936,7351,31.6,32443,10.9402,1.52
1787727081.968,7352,31.5,32489,10.9350,1.52
1787727081.998,7353,30.5,33606,10.9434,1.52
1787727082.030,7354,31.3,32730,10.9186,1.52
1787727082.060,7355,29.9,34224,10.9678,1.52
1787727082.091,7356,30.7,33366,10.9477,1.52
1787727082.117,7357,26.0,39425,10.9246,1.52
1787727082.134,7358,17.2,59512,10.9294,1.52
1787727082.153,7359,17.8,57472,10.9427,1.52
1787727082.170,7360,17.3,59141,10.9341,1.52
1787727082.188,7361,17.3,59203,10.9637,1.52
1787727082.205,7362,17.4,58991,10.9514,1.52
1787727082.223,7363,17.3,59168,10.8979,1.52
1787727082.240,7364,17.4,58951,10.9792,1.52
1787727082.258,7365,17.2,59494,10.9410,1.52
1787727082.285,7366,26.7,38287,10.9260,1.52
1787727082.319,7367,34.0,30094,10.9375,1.52
1787727082.351,7368,31.6,32368,10.9465,1.52
1787727082.382,7369,31.1,32914,10.9438,1.52
1787727082.414,7370,32.0,31976,10.9359,1.52
1787727082.446,7371,31.6,32363,10.9543,1.52
1787727082.478,7372,31.8,32207,10.9649,1.52
1787727082.510,7373,31.6,32395,10.9734,1.52
1787727082.530,7374,20.1,50960,10.9173,1.52
1787727082.548,7375,17.3,59085,10.9468,1.52
1787727082.565,7376,17.2,59631,10.9151,1.52
1787727082.582,7377,17.2,59476,10.9472,1.52
1787727082.600,7378,17.1,59832,10.9663,1.52
1787727082.617,7379,17.1,59918,10.9272,1.52
1787727082.634,7380,17.2,59613,10.9368,1.52
1787727082.652,7381,17.4,58894,10.9337,1.52
1787727082.669,7382,17.2,59517,10.9472,1.52
1787727082.700,7383,30.3,33846,10.9663,1.52
1787727082.733,7384,33.4,30636,10.9439,1.52
1787727082.766,7385,32.7,31312,10.9203,1.52
1787727082.799,7386,32.0,32044,10.9660,1.52
1787727082.832,7387,32.6,31454,10.9422,1.52
1787727082.864,7388,32.2,31779,10.9404,1.52
1787727082.897,7389,32.5,31527,10.9078,1.52
1787727082.930,7390,33.0,31018,10.9245,1.52
1787727082.963,7391,32.4,31592,10.9483,1.52
1787727082.995,7392,32.2,31785,10.9378,1.52
1787727083.028,7393,32.5,31550,10.9377,1.52
1787727083.060,7394,32.4,31572,10.9332,1.52
1787727083.093,7395,32.9,31150,10.9606,1.52
1787727083.127,7396,33.3,30729,10.9423,1.52
1787727083.159,7397,31.7,32267,10.9543,1.52
1787727083.192,7398,32.8,31262,10.9328,1.52
1787727083.223,7399,31.6,32419,10.9227,1.52
1787727083.257,7400,33.5,30574,10.9269,1.52
1787727083.290,7401,32.3,31672,10.9327,1.52
1787727083.323,7402,33.2,30844,10.9533,1.52
1787727083.355,7403,31.5,32516,10.9535,1.52
1787727083.374,7404,19.4,52713,10.9193,1.52
1787727083.392,7405,17.6,58197,10.9423,1.52
1787727083.410,7406,17.5,58491,10.9405,1.52
1787727083.427,7407,17.4,58782,10.9381,1.52
1787727083.445,7408,17.6,58329,10.9518,1.52
1787727083.463,7409,17.5,58541,10.9733,1.52
1787727083.481,7410,17.6,58333,10.9510,1.52
1787727083.498,7411,17.4,58906,10.9232,1.52
1787727083.521,7412,23.2,44153,10.9330,1.52
1787727083.553,7413,31.0,33056,10.9635,1.52
1787727083.568,7414,15.4,66685,10.9503,1.52
1787727083.584,7415,15.1,68018,10.9254,1.52
1787727083.599,7416,15.1,67913,10.9418,1.52
1787727083.615,7417,15.4,66626,10.9171,1.52
1787727083.630,7418,15.2,67336,10.9457,1.52
1787727083.645,7419,15.2,67270,10.9586,1.52
1787727083.663,7420,17.6,58145,10.9702,1.52
1787727083.681,7421,17.4,58933,10.9199,1.52
1787727083.699,7422,17.5,58629,10.9020,1.52
1787727083.716,7423,17.5,58617,10.9294,1.52
1787727083.734,7424,17.4,58742,10.9261,1.52
1787727083.752,7425,17.5,58388,10.9403,1.52
1787727083.769,7426,17.4,59015,10.9458,1.52
1787727083.787,7427,17.4,58715,10.9428,1.52
1787727083.813,7428,26.1,39265,10.9696,1.52
1787727083.842,7429,28.7,35728,10.9236,1.52
1787727083.860,7430,17.5,58643,10.9569,1.52
1787727083.877,7431,17.2,59592,10.9557,1.52
1787727083.895,7432,17.5,58565,10.9509,1.52
1787727083.913,7433,17.6,58296,10.9597,1.52
1787727083.930,7434,17.4,58996,10.9447,1.52
1787727083.948,7435,17.4,58792,10.9172,1.52
1787727083.966,7436,17.4,58868,10.9125,1.52
1787727083.983,7437,17.4,58715,10.9308,1.52
1787727084.010,7438,26.0,39340,10.9391,1.52
1787727084.038,7439,28.6,35790,10.9575,1.52
1787727084.056,7440,17.6,58246,10.9243,1.52
1787727084.074,7441,17.3,59058,10.9680,1.52
1787727084.092,7442,17.8,57551,10.9201,1.52
1787727084.110,7443,17.5,58443,10.9422,1.52
1787727084.127,7444,17.6,58297,10.9405,1.52
1787727084.145,7445,17.5,58565,10.9512,1.52
1787727084.163,7446,17.4,58784,10.9285,1.52
1787727084.180,7447,17.3,59339,10.9250,1.52
1787727084.207,7448,27.0,37949,10.9295,1.52
1787727084.242,7449,34.7,29540,10.9452,1.52
1787727084.275,7450,32.4,31631,10.9301,1.52
1787727084.306,7451,30.8,33269,10.9254,1.52
1787727084.338,7452,32.5,31549,10.9440,1.52
1787727084.371,7453,32.3,31661,10.9101,1.52
1787727084.391,7454,20.5,49894,10.9388,1.52
1787727084.409,7455,17.4,58737,10.9338,1.52
1787727084.426,7456,17.2,59567,10.9242,1.52
1787727084.444,7457,17.1,59810,10.9307,1.52
1787727084.461,7458,17.3,59157,10.9301,1.52
1787727084.480,7459,18.1,56717,10.9387,1.52
1787727084.497,7460,17.2,59642,10.9150,1.52
1787727084.515,7461,17.4,58962,10.9149,1.52
1787727084.532,7462,17.2,59508,10.9321,1.52
1787727084.566,7463,33.5,30587,10.9325,1.52
1787727084.599,7464,33.1,30917,10.9382,1.52
1787727084.632,7465,32.4,31637,10.9218,1.52
1787727084.665,7466,32.6,31417,10.9280,1.52
1787727084.696,7467,31.7,32282,10.9613,1.52
1787727084.729,7468,32.4,31566,10.9734,1.52
1787727084.761,7469,31.7,32319,10.9494,1.52
1787727084.782,7470,20.4,50091,10.9349,1.52
1787727084.799,7471,17.3,59257,10.9477,1.52
1787727084.816,7472,17.2,59394,10.9451,1.52
1787727084.834,7473,17.5,58597,10.9193,1.52
1787727084.852,7474,17.5,58634,10.9479,1.52
1787727084.869,7475,17.4,58693,10.9319,1.52
1787727084.887,7476,17.5,58461,10.9374,1.52
1787727084.905,7477,17.4,59000,10.9282,1.52
1787727084.922,7478,17.5,58636,10.9484,1.52
1787727084.957,7479,34.8,29413,10.9346,1.52
1787727084.991,7480,33.6,30521,10.9016,1.52
1787727085.023,7481,32.2,31776,10.9416,1.52
1787727085.056,7482,32.2,31780,10.9645,1.52
1787727085.087,7483,31.3,32735,10.9444,1.52
1787727085.119,7484,32.0,31977,10.9577,1.52
1787727085.151,7485,31.7,32354,10.9180,1.52
1787727085.184,7486,32.2,31800,10.9364,1.52
1787727085.216,7487,32.0,32005,10.9451,1.52
1787727085.248,7488,32.0,31980,10.9216,1.52
1787727085.279,7489,31.5,32496,10.9350,1.52
1787727085.312,7490,32.5,31540,10.9514,1.52
1787727085.344,7491,32.2,31801,10.9237,1.52
1787727085.377,7492,32.4,31591,10.9371,1.52
1787727085.409,7493,31.5,32473,10.9313,1.52
1787727085.441,7494,32.6,31397,10.9529,1.52
1787727085.473,7495,31.2,32782,10.9302,1.52
1787727085.506,7496,32.7,31278,10.9313,1.52
1787727085.538,7497,32.0,31981,10.9373,1.52
1787727085.571,7498,33.0,31076,10.9338,1.52
1787727085.603,7499,32.1,31907,10.9413,1.52
1787727085.636,7500,32.3,31714,10.9453,1.52
1787727085.668,7501,32.5,31473,10.9509,1.52
1787727085.701,7502,32.8,31212,10.9429,1.52
1787727085.733,7503,31.9,32056,10.9680,1.52
1787727085.766,7504,32.5,31501,10.9625,1.52
1787727085.791,7505,24.9,41125,10.9312,1.52
1787727085.809,7506,17.9,57203,10.9424,1.52
1787727085.827,7507,17.2,59461,10.9052,1.52
1787727085.844,7508,17.2,59397,10.9428,1.52
1787727085.861,7509,17.0,60252,10.9547,1.52
1787727085.878,7510,17.1,59940,10.9588,1.52
1787727085.896,7511,17.2,59572,10.9451,1.52
1787727085.913,7512,17.2,59667,10.9318,1.52
1787727085.931,7513,17.1,59789,10.9404,1.52
1787727085.954,7514,23.0,44569,10.9259,1.52
1787727085.986,7515,31.6,32410,10.9573,1.52
1787727086.003,7516,17.3,59233,10.9581,1.52
1787727086.020,7517,17.3,59351,10.9593,1.52
1787727086.040,7518,19.5,52626,10.9322,1.52
1787727086.059,7519,19.1,53545,10.9294,1.52
1787727086.078,7520,18.0,56942,10.9197,1.52
1787727086.095,7521,16.9,60453,10.9067,1.52
1787727086.112,7522,16.9,60551,10.9605,1.52
1787727086.129,7523,16.9,60432,10.9590,1.52
1787727086.146,7524,17.0,60401,10.9285,1.52
1787727086.172,7525,25.5,40078,10.9247,1.52
1787727086.206,7526,33.5,30529,10.9653,1.52
1787727086.237,7527,30.9,33165,10.9221,1.52
1787727086.267,7528,30.4,33640,10.9382,1.52
1787727086.297,7529,29.8,34393,10.9344,1.52
1787727086.328,7530,30.9,33171,10.9427,1.52
1787727086.359,7531,30.3,33812,10.9375,1.52
1787727086.390,7532,31.3,32759,10.9507,1.52
1787727086.420,7533,29.7,34468,10.9465,1.52
1787727086.450,7534,30.0,34168,10.9728,1.52
1787727086.481,7535,30.6,33452,10.9386,1.52
1787727086.512,7536,31.2,32822,10.9456,1.52
1787727086.543,7537,30.6,33430,10.9587,1.52
1787727086.574,7538,30.8,33279,10.9187,1.52
1787727086.605,7539,30.8,33220,10.9351,1.52
1787727086.636,7540,31.0,33023,10.8916,1.52
1787727086.666,7541,30.4,33689,10.9124,1.52
1787727086.697,7542,30.7,33306,10.9352,1.52
1787727086.727,7543,30.0,34081,10.9360,1.52
1787727086.757,7544,29.6,34629,10.9614,1.52
1787727086.787,7545,30.0,34096,10.9432,1.52
1787727086.817,7546,29.6,34608,10.9429,1.52
1787727086.848,7547,30.2,33882,10.9145,1.52
1787727086.878,7548,29.8,34350,10.9318,1.52
1787727086.909,7549,31.2,32846,10.9419,1.52
1787727086.940,7550,30.2,33940,10.9215,1.52
1787727086.969,7551,29.2,35047,10.9195,1.52
1787727086.998,7552,28.6,35791,10.9409,1.52
1787727087.028,7553,29.6,34542,10.9368,1.52
1787727087.057,7554,28.8,35498,10.9213,1.52
1787727087.087,7555,29.3,34992,10.9232,1.52
1787727087.115,7556,28.6,35804,10.9292,1.52
1787727087.141,7557,25.8,39646,10.9755,1.52
1787727087.157,7558,15.8,64950,10.9391,1.52
1787727087.173,7559,15.5,66107,10.9407,1.52
1787727087.189,7560,15.5,65971,10.9290,1.52
1787727087.205,7561,15.4,66416,10.9363,1.52
1787727087.220,7562,15.4,66621,10.9423,1.52
1787727087.237,7563,16.6,61541,10.9520,1.52
1787727087.255,7564,17.5,58491,10.9397,1.52
1787727087.273,7565,17.7,57738,10.9317,1.52
1787727087.291,7566,17.8,57558,10.9313,1.52
1787727087.309,7567,17.7,57923,10.9405,1.52
1787727087.326,7568,17.2,59504,10.9459,1.52
1787727087.344,7569,17.4,58711,10.9298,1.52
1787727087.363,7570,18.6,55124,10.9510,1.52
1787727087.380,7571,17.3,59333,10.9458,1.52
1787727087.414,7572,33.8,30332,10.9216,1.52
1787727087.445,7573,30.2,33925,10.9466,1.52
1787727087.475,7574,30.0,34126,10.9395,1.52
1787727087.506,7575,30.7,33318,10.9451,1.52
1787727087.536,7576,29.8,34387,10.9244,1.52
1787727087.567,7577,30.9,33115,10.9267,1.52
1787727087.598,7578,30.7,33330,10.9639,1.52
1787727087.629,7579,30.9,33103,10.9306,1.52
1787727087.659,7580,29.6,34538,10.9309,1.52
1787727087.690,7581,30.9,33098,10.9550,1.52
1787727087.721,7582,30.1,34060,10.9429,1.52
1787727087.752,7583,30.8,33204,10.9472,1.52
1787727087.782,7584,30.4,33666,10.9178,1.52
1787727087.813,7585,30.1,34066,10.9564,1.52
1787727087.835,7586,22.0,46507,10.9051,1.52
1787727087.851,7587,15.5,65915,10.9359,1.52
1787727087.866,7588,15.2,67261,10.9506,1.52
1787727087.881,7589,15.0,68175,10.9268,1.52
1787727087.897,7590,15.4,66489,10.9320,1.52
1787727087.912,7591,15.2,67408,10.9453,1.52
1787727087.929,7592,16.7,61314,10.9457,1.52
1787727087.947,7593,17.2,59556,10.9385,1.52
1787727087.964,7594,17.3,59229,10.9334,1.52
1787727087.982,7595,17.3,59074,10.9582,1.52
1787727087.999,7596,17.5,58658,10.9656,1.52
1787727088.017,7597,17.6,58289,10.9606,1.52
1787727088.035,7598,17.3,59352,10.9666,1.52
1787727088.052,7599,17.4,58939,10.9382,1.52
1787727088.070,7600,17.5,58633,10.9160,1.52
1787727088.100,7601,30.4,33726,10.9360,1.52
1787727088.129,7602,28.5,35875,10.9309,1.52
1787727088.156,7603,26.9,38066,10.9364,1.52
1787727088.184,7604,27.5,37285,10.9573,1.52
1787727088.211,7605,27.5,37287,10.9592,1.52
1787727088.239,7606,27.8,36869,10.9274,1.52
1787727088.267,7607,27.2,37651,10.9299,1.52
1787727088.294,7608,27.2,37711,10.9230,1.52
1787727088.321,7609,26.6,38534,10.9373,1.52
1787727088.347,7610,26.6,38535,10.9613,1.52
1787727088.375,7611,27.3,37447,10.9308,1.52
1787727088.402,7612,26.8,38144,10.9193,1.52
1787727088.429,7613,26.8,38261,10.9592,1.52
1787727088.455,7614,26.3,38982,10.9247,1.52
1787727088.489,7615,34.2,29957,10.9129,1.52
1787727088.526,7616,36.7,27930,10.9600,1.52
1787727088.562,7617,36.1,28346,10.9423,1.52
1787727088.599,7618,36.5,28073,10.9297,1.52
1787727088.635,7619,36.3,28199,10.9147,1.52
1787727088.673,7620,37.1,27627,10.9352,1.52
1787727088.709,7621,36.5,28036,10.9478,1.52
1787727088.745,7622,35.8,28574,10.9335,1.52
1787727088.781,7623,35.9,28506,10.9542,1.52
1787727088.818,7624,36.2,28321,10.9577,1.52
1787727088.855,7625,37.1,27638,10.9103,1.52
1787727088.893,7626,37.7,27146,10.9281,1.52
1787727088.930,7627,37.3,27461,10.9182,1.52
1787727088.966,7628,36.2,28266,10.9311,1.52
1787727089.003,7629,36.3,28184,10.9664,1.52
1787727089.040,7630,37.2,27513,10.9675,1.52
1787727089.076,7631,36.0,28447,10.9367,1.52
1787727089.110,7632,33.7,30365,10.9362,1.52
1787727089.143,7633,32.7,31339,10.9449,1.52
1787727089.176,7634,32.6,31398,10.9319,1.52
1787727089.209,7635,33.3,30752,10.9326,1.52
1787727089.242,7636,33.3,30793,10.9613,1.52
1787727089.276,7637,33.1,30934,10.9466,1.52
1787727089.309,7638,32.8,31196,10.9380,1.52
1787727089.342,7639,33.4,30660,10.9371,1.52
1787727089.375,7640,33.2,30883,10.9427,1.52
1787727089.408,7641,32.3,31665,10.9262,1.52
1787727089.442,7642,33.5,30587,10.9290,1.52
1787727089.475,7643,33.2,30853,10.9391,1.52
1787727089.508,7644,32.5,31468,10.9639,1.52
1787727089.541,7645,33.8,30253,10.9286,1.52
1787727089.574,7646,32.5,31481,10.9341,1.52
1787727089.607,7647,32.7,31285,10.9435,1.52
1787727089.640,7648,33.2,30815,10.9596,1.52
1787727089.674,7649,33.6,30452,10.9367,1.52
1787727089.707,7650,32.4,31624,10.9378,1.52
1787727089.740,7651,33.1,30963,10.9452,1.52
1787727089.774,7652,33.5,30568,10.9393,1.52
1787727089.818,7653,43.8,23388,10.9054,1.52
1787727089.870,7654,52.1,19664,10.9352,1.52
1787727089.922,7655,51.2,19988,10.9199,1.52
1787727089.976,7656,53.6,19087,10.9275,1.52
1787727090.029,7657,53.2,19242,10.9006,1.52
1787727090.056,7658,26.1,39293,10.9627,1.52
1787727090.071,7659,15.4,66280,10.9442,1.52
1787727090.086,7660,15.0,68485,10.9313,1.52
1787727090.101,7661,14.6,70321,10.9448,1.52
1787727090.116,7662,14.4,71111,10.9359,1.52
1787727090.131,7663,14.5,70442,10.9358,1.52
1787727090.148,7664,16.9,60716,10.9315,1.52
1787727090.165,7665,17.2,59430,10.9388,1.52
1787727090.183,7666,17.1,59895,10.9292,1.52
1787727090.202,7667,19.2,53330,10.9446,1.52
1787727090.221,7668,19.1,53511,10.9117,1.52
1787727090.240,7669,18.7,54803,10.9399,1.52
1787727090.258,7670,17.2,59494,10.9613,1.52
1787727090.275,7671,17.2,59636,10.9561,1.52
1787727090.292,7672,17.2,59525,10.9174,1.52
1787727090.315,7673,22.1,46294,10.9086,1.52
1787727090.356,7674,41.4,24727,10.9370,1.52
1787727090.409,7675,52.2,19602,10.9463,1.52
1787727090.459,7676,50.6,20222,10.9160,1.52
1787727090.476,7677,17.1,59976,10.9018,1.52
1787727090.494,7678,17.2,59637,10.9294,1.52
1787727090.511,7679,17.1,59739,10.9398,1.52
1787727090.529,7680,17.2,59556,10.8979,1.52
1787727090.546,7681,17.2,59696,10.9107,1.52
1787727090.563,7682,17.2,59705,10.9435,1.52
1787727090.581,7683,17.2,59462,10.9419,1.52
1787727090.598,7684,17.1,59764,10.9475,1.52
1787727090.616,7685,17.4,58827,10.9448,1.52
1787727090.641,7686,25.1,40792,10.9484,1.52
1787727090.674,7687,33.4,30664,10.9264,1.52
1787727090.708,7688,33.8,30337,10.9320,1.52
1787727090.741,7689,33.0,31013,10.9270,1.52
1787727090.775,7690,33.2,30832,10.9283,1.52
1787727090.808,7691,33.5,30567,10.9423,1.52
1787727090.841,7692,32.4,31614,10.9450,1.52
1787727090.873,7693,32.4,31560,10.9414,1.52
1787727090.907,7694,33.0,30986,10.9265,1.52
1787727090.940,7695,32.8,31232,10.9394,1.52
1787727090.973,7696,33.2,30824,10.9418,1.52
1787727091.005,7697,32.3,31673,10.9345,1.52
1787727091.039,7698,33.1,30956,10.9083,1.52
1787727091.073,7699,33.5,30609,10.9499,1.52
1787727091.107,7700,34.1,30067,10.9414,1.52
1787727091.141,7701,33.4,30681,10.9239,1.52
1787727091.174,7702,33.6,30506,10.9492,1.52
1787727091.208,7703,33.2,30840,10.9378,1.52
1787727091.242,7704,33.6,30487,10.9379,1.52
1787727091.275,7705,32.9,31129,10.9382,1.52
1787727091.308,7706,32.6,31446,10.9457,1.52
1787727091.336,7707,27.8,36900,10.9121,1.52
1787727091.354,7708,17.8,57448,10.9160,1.52
1787727091.370,7709,16.3,62692,10.9312,1.52
1787727091.388,7710,16.8,61054,10.9543,1.52
1787727091.404,7711,16.6,61760,10.9552,1.52
1787727091.422,7712,17.1,60030,10.9390,1.52
1787727091.439,7713,16.6,61815,10.9455,1.52
1787727091.459,7714,20.2,50815,10.9418,1.52
1787727091.475,7715,15.6,65441,10.9139,1.52
1787727091.490,7716,15.0,68089,10.9701,1.52
1787727091.505,7717,15.1,67771,10.9176,1.52
1787727091.520,7718,14.9,68514,10.9512,1.52
1787727091.536,7719,14.9,68626,10.9378,1.52
1787727091.551,7720,14.9,68569,10.9365,1.52
1787727091.566,7721,15.5,66084,10.9618,1.52
1787727091.584,7722,17.1,59832,10.9316,1.52
1787727091.601,7723,17.4,58717,10.9745,1.52
1787727091.619,7724,17.4,59010,10.9054,1.52
1787727091.635,7725,16.3,62975,10.9350,1.52
1787727091.651,7726,15.0,68065,10.9255,1.52
1787727091.667,7727,16.4,62348,10.9563,1.52
1787727091.685,7728,17.3,59075,10.9113,1.52
1787727091.703,7729,18.2,56226,10.9218,1.52
1787727091.721,7730,17.3,59062,10.9595,1.52
1787727091.739,7731,17.5,58677,10.9303,1.52
1787727091.763,7732,23.8,43108,10.9501,1.52
1787727091.782,7733,19.3,52976,10.9280,1.52
1787727091.799,7734,16.2,63240,10.9317,1.52
1787727091.814,7735,15.3,66769,10.9358,1.52
1787727091.830,7736,15.8,64962,10.9287,1.52
1787727091.847,7737,16.5,62100,10.9280,1.52
1787727091.864,7738,16.5,62240,10.9250,1.52
1787727091.881,7739,17.0,60080,10.9077,1.52
1787727091.899,7740,17.9,57126,10.9651,1.52
1787727091.918,7741,17.9,57310,10.9287,1.52
1787727091.936,7742,17.6,58024,10.9179,1.52
1787727091.954,7743,17.8,57393,10.9087,1.52
1787727091.971,7744,17.3,59333,10.9893,1.52
1787727091.989,7745,17.4,58836,10.9557,1.52
1787727092.006,7746,16.6,61591,10.9398,1.52
1787727092.022,7747,16.4,62500,10.9210,1.52
1787727092.037,7748,15.1,67596,10.9236,1.52
1787727092.053,7749,15.1,67856,10.9397,1.52
1787727092.068,7750,15.0,68199,10.9824,1.52
1787727092.083,7751,15.1,67885,10.9566,1.52
1787727092.098,7752,15.0,68289,10.9654,1.52
1787727092.114,7753,15.1,67884,10.9144,1.52
1787727092.129,7754,15.4,66612,10.9336,1.52
1787727092.144,7755,15.0,68087,10.9344,1.52
1787727092.160,7756,15.2,67511,10.9330,1.52
1787727092.176,7757,16.5,62082,10.9340,1.52
1787727092.197,7758,20.1,50914,10.9523,1.52
1787727092.222,7759,24.9,41057,10.9336,1.52
1787727092.238,7760,15.7,65417,10.9422,1.52
1787727092.253,7761,15.2,67405,10.9642,1.52
1787727092.269,7762,15.0,68056,10.9567,1.52
1787727092.284,7763,15.3,66751,10.9362,1.52
1787727092.300,7764,15.4,66605,10.9217,1.52
1787727092.316,7765,16.3,62852,10.9272,1.52
1787727092.334,7766,17.6,58193,10.9289,1.52
1787727092.352,7767,17.6,58313,10.9410,1.52
1787727092.369,7768,17.4,58686,10.9344,1.52
1787727092.387,7769,17.3,59037,10.9536,1.52
1787727092.405,7770,17.4,58699,10.9510,1.52
1787727092.422,7771,17.5,58608,10.9411,1.52
1787727092.440,7772,17.3,59198,10.9238,1.52
1787727092.457,7773,17.4,58807,10.9328,1.52
1787727092.485,7774,27.6,37053,10.9401,1.52
1787727092.506,7775,21.1,48556,10.9495,1.52
1787727092.524,7776,17.3,59058,10.9223,1.52
1787727092.542,7777,17.5,58537,10.9293,1.52
1787727092.559,7778,17.5,58490,10.9184,1.52
1787727092.577,7779,17.5,58502,10.9385,1.52
1787727092.595,7780,17.3,59252,10.9670,1.52
1787727092.612,7781,17.4,58947,10.9309,1.52
1787727092.630,7782,17.5,58382,10.9428,1.52
1787727092.650,7783,20.1,51003,10.9400,1.52
1787727092.680,7784,30.0,34126,10.9307,1.52
1787727092.707,7785,27.0,37932,10.9270,1.52
1787727092.735,7786,27.7,36964,10.9424,1.52
1787727092.762,7787,26.9,38116,10.9292,1.52
1787727092.790,7788,27.2,37655,10.9390,1.52
1787727092.817,7789,26.8,38271,10.9445,1.52
1787727092.843,7790,26.5,38615,10.9155,1.52
1787727092.871,7791,27.5,37263,10.9004,1.52
1787727092.898,7792,27.3,37518,10.9327,1.52
1787727092.924,7793,25.6,40017,10.9298,1.52
1787727092.941,7794,17.2,59373,10.9306,1.52
1787727092.959,7795,17.6,58276,10.9382,1.52
1787727092.977,7796,17.1,59823,10.9199,1.52
1787727092.995,7797,17.8,57482,10.9822,1.52
1787727093.013,7798,17.9,57337,10.9505,1.52
1787727093.031,7799,17.4,58830,10.9557,1.52
1787727093.053,7800,22.0,46519,10.9502,1.52
1787727093.076,7801,22.1,46284,10.9624,1.52
1787727093.100,7802,23.6,43370,10.9440,1.52
1787727093.130,7803,29.9,34293,10.9462,1.52
1787727093.149,7804,19.1,53546,10.9092,1.52
1787727093.174,7805,24.4,41915,10.9588,1.52
1787727093.193,7806,18.8,54591,10.9418,1.52
1787727093.211,7807,18.5,55283,10.9255,1.52
1787727093.230,7808,18.3,55875,10.9335,1.52
1787727093.248,7809,18.3,55851,10.9298,1.52
1787727093.267,7810,18.4,55613,10.9465,1.52
1787727093.286,7811,18.5,55437,10.9281,1.52
1787727093.305,7812,18.8,54550,10.9325,1.52
1787727093.324,7813,19.5,52614,10.9085,1.52
1787727093.357,7814,32.1,31892,10.9514,1.52
1787727093.386,7815,29.2,35091,10.9115,1.52
1787727093.416,7816,29.2,35056,10.9443,1.52
1787727093.444,7817,28.7,35702,10.9339,1.52
1787727093.473,7818,28.7,35722,10.9495,1.52
1787727093.489,7819,15.1,67610,10.9138,1.52
1787727093.504,7820,15.1,67756,10.9310,1.52
1787727093.519,7821,15.2,67590,10.9325,1.52
1787727093.535,7822,15.6,65614,10.9464,1.52
1787727093.552,7823,16.2,63243,10.9578,1.52
1787727093.569,7824,17.1,59913,10.9325,1.52
1787727093.585,7825,15.7,65150,10.9456,1.52
1787727093.601,7826,16.3,62894,10.9296,1.52
1787727093.618,7827,16.9,60454,10.9460,1.52
1787727093.636,7828,17.2,59367,10.9747,1.52
1787727093.653,7829,17.3,59351,10.9521,1.52
1787727093.671,7830,17.2,59431,10.9320,1.52
1787727093.688,7831,17.3,59246,10.9378,1.52
1787727093.705,7832,17.2,59628,10.9256,1.52
1787727093.723,7833,17.4,59007,10.9422,1.52
1787727093.740,7834,17.2,59690,10.9549,1.52
1787727093.769,7835,29.0,35332,10.9413,1.52
1787727093.791,7836,21.0,48820,10.9175,1.52
1787727093.807,7837,16.2,63341,10.9609,1.52
1787727093.822,7838,14.7,69686,10.9457,1.52
1787727093.838,7839,15.5,66021,10.9252,1.52
1787727093.853,7840,15.1,67908,10.9309,1.52
1787727093.869,7841,15.5,66107,10.9361,1.52
1787727093.887,7842,17.4,58714,10.9440,1.52
1787727093.904,7843,17.3,59350,10.9493,1.52
1787727093.921,7844,17.3,59308,10.9796,1.52
1787727093.939,7845,17.3,59153,10.9523,1.52
1787727093.956,7846,17.2,59470,10.9321,1.52
1787727093.974,7847,17.2,59398,10.9426,1.52
1787727093.991,7848,17.2,59634,10.9394,1.52
1787727094.010,7849,18.4,55619,10.9439,1.52
1787727094.033,7850,23.3,44032,10.9121,1.52
1787727094.068,7851,33.9,30183,10.9463,1.52
1787727094.099,7852,30.7,33373,10.9632,1.52
1787727094.129,7853,30.4,33734,10.9397,1.52
1787727094.161,7854,31.2,32852,10.9652,1.52
1787727094.191,7855,30.5,33608,10.9299,1.52
1787727094.223,7856,30.8,33199,10.9435,1.52
1787727094.254,7857,30.9,33124,10.9253,1.52
1787727094.284,7858,30.2,33925,10.9202,1.52
1787727094.315,7859,30.4,33692,10.9399,1.52
1787727094.346,7860,31.2,32832,10.9312,1.52
1787727094.377,7861,30.5,33532,10.9346,1.52
1787727094.409,7862,31.1,32885,10.9361,1.52
1787727094.439,7863,30.6,33482,10.9389,1.52
1787727094.471,7864,31.1,32925,10.9191,1.52
1787727094.502,7865,30.6,33487,10.9277,1.52
1787727094.529,7866,27.5,37269,10.9229,1.52
1787727094.544,7867,15.0,68299,10.9429,1.52
1787727094.560,7868,14.9,68524,10.9233,1.52
1787727094.575,7869,15.0,68465,10.9305,1.52
1787727094.590,7870,14.9,68506,10.9353,1.52
1787727094.606,7871,15.6,65519,10.9549,1.52
1787727094.623,7872,16.9,60608,10.9227,1.52
1787727094.640,7873,17.4,59007,10.9536,1.52
1787727094.658,7874,17.4,58855,10.9330,1.52
1787727094.676,7875,17.4,58801,10.9403,1.52
1787727094.693,7876,17.4,58768,10.9307,1.52
1787727094.711,7877,17.3,59089,10.9441,1.52
1787727094.728,7878,17.3,59133,10.9669,1.52
1787727094.746,7879,17.2,59392,10.9511,1.52
1787727094.768,7880,21.7,47128,10.9426,1.52
1787727094.801,7881,32.8,31203,10.9563,1.52
1787727094.816,7882,15.1,67982,10.9169,1.52
1787727094.831,7883,15.2,67577,10.9805,1.52
1787727094.846,7884,15.0,68444,10.9561,1.52
1787727094.862,7885,15.0,68252,10.9312,1.52
1787727094.877,7886,15.0,68355,10.9197,1.52
1787727094.894,7887,16.5,62097,10.9266,1.52
1787727094.911,7888,17.3,59022,10.9350,1.52
1787727094.929,7889,17.4,58961,10.9585,1.52
1787727094.946,7890,17.4,58910,10.9330,1.52
1787727094.964,7891,17.6,58139,10.9259,1.52
1787727094.982,7892,17.4,58901,10.9447,1.52
1787727094.999,7893,17.2,59411,10.9484,1.52
1787727095.017,7894,17.4,58825,10.9517,1.52
1787727095.034,7895,17.4,58731,10.9272,1.52
1787727095.069,7896,34.0,30079,10.9510,1.52
1787727095.101,7897,32.7,31321,10.9289,1.52
1787727095.133,7898,31.2,32818,10.9260,1.52
1787727095.165,7899,32.1,31871,10.9466,1.52
1787727095.198,7900,32.6,31439,10.9456,1.52
1787727095.231,7901,32.8,31201,10.9379,1.52
1787727095.263,7902,32.0,32021,10.9217,1.52
1787727095.294,7903,31.4,32653,10.9300,1.52
1787727095.327,7904,32.1,31856,10.9416,1.52
1787727095.358,7905,31.6,32383,10.9181,1.52
1787727095.391,7906,32.2,31754,10.9177,1.52
1787727095.423,7907,32.1,31923,10.9402,1.52
1787727095.455,7908,31.9,32096,10.9512,1.52
1787727095.486,7909,31.2,32799,10.9474,1.52
1787727095.504,7910,17.2,59451,10.9348,1.52
1787727095.521,7911,17.1,59772,10.9580,1.52
1787727095.538,7912,17.3,59269,10.9674,1.52
1787727095.556,7913,17.1,59876,10.9007,1.52
1787727095.573,7914,17.3,59233,10.8923,1.52
1787727095.591,7915,17.3,59290,10.9439,1.52
1787727095.608,7916,17.2,59578,10.9413,1.52
1787727095.626,7917,17.3,59159,10.9289,1.52
1787727095.643,7918,17.1,59749,10.9485,1.52
1787727095.678,7919,34.9,29372,10.9203,1.52
1787727095.712,7920,33.6,30439,10.9488,1.52
1787727095.744,7921,31.6,32360,10.9136,1.52
1787727095.777,7922,33.1,30929,10.9439,1.52
1787727095.809,7923,31.8,32194,10.9468,1.52
1787727095.841,7924,32.3,31702,10.9394,1.52
1787727095.873,7925,31.5,32538,10.9243,1.52
1787727095.905,7926,32.3,31662,10.9312,1.52
1787727095.930,7927,24.0,42693,10.9272,1.52
1787727095.947,7928,17.2,59446,10.9378,1.52
1787727095.965,7929,17.9,57272,10.9618,1.52
1787727095.983,7930,17.5,58504,10.9445,1.52
1787727096.001,7931,17.6,58179,10.9429,1.52
1787727096.018,7932,17.4,58789,10.9305,1.52
1787727096.036,7933,17.5,58650,10.9499,1.52
1787727096.054,7934,17.6,58039,10.9264,1.52
1787727096.072,7935,17.6,58177,10.9110,1.52
1787727096.104,7936,31.8,32188,10.9360,1.52
1787727096.137,7937,33.3,30779,10.9268,1.52
1787727096.169,7938,32.1,31893,10.9390,1.52
1787727096.202,7939,32.1,31908,10.9426,1.52
1787727096.235,7940,32.9,31155,10.9378,1.52
1787727096.266,7941,30.7,33309,10.9356,1.52
1787727096.297,7942,31.5,32539,10.9578,1.52
1787727096.330,7943,32.4,31618,10.9181,1.52
1787727096.363,7944,33.5,30533,10.9406,1.52
1787727096.396,7945,32.1,31872,10.9467,1.52
1787727096.428,7946,31.8,32233,10.9348,1.52
1787727096.459,7947,31.7,32334,10.9388,1.52
1787727096.492,7948,32.8,31181,10.9193,1.52
1787727096.525,7949,32.1,31882,10.9112,1.52
1787727096.557,7950,32.1,31897,10.9673,1.52
1787727096.590,7951,32.6,31407,10.9464,1.52
1787727096.623,7952,33.1,30953,10.9482,1.52
1787727096.655,7953,32.5,31511,10.9474,1.52
1787727096.688,7954,32.4,31602,10.9439,1.52
1787727096.720,7955,31.6,32443,10.9340,1.52
1787727096.752,7956,32.4,31609,10.9088,1.52
1787727096.785,7957,32.2,31772,10.9361,1.52
1787727096.816,7958,31.5,32543,10.9354,1.52
1787727096.849,7959,32.6,31396,10.9341,1.52
1787727096.881,7960,31.8,32158,10.9428,1.52
1787727096.914,7961,32.9,31097,10.9250,1.52
1787727096.947,7962,32.2,31835,10.9290,1.52
1787727096.980,7963,32.8,31214,10.9400,1.52
1787727097.013,7964,32.5,31481,10.9350,1.52
1787727097.046,7965,32.7,31312,10.9401,1.52
1787727097.078,7966,31.7,32258,10.9059,1.52
1787727097.109,7967,30.5,33585,10.9320,1.52
1787727097.126,7968,17.3,59238,10.9341,1.52
1787727097.144,7969,17.3,59221,10.9492,1.52
1787727097.161,7970,17.3,59359,10.9376,1.52
1787727097.179,7971,17.4,58771,10.9465,1.52
1787727097.196,7972,17.5,58530,10.9120,1.52
1787727097.214,7973,17.3,59164,10.9409,1.52
1787727097.231,7974,17.4,59004,10.9452,1.52
1787727097.249,7975,17.4,58683,10.9451,1.52
1787727097.273,7976,24.1,42466,10.9496,1.52
1787727097.303,7977,29.8,34335,10.9501,1.52
1787727097.319,7978,15.5,65895,10.9283,1.52
1787727097.335,7979,15.4,66708,10.9008,1.52
1787727097.350,7980,15.3,66981,10.9575,1.52
1787727097.366,7981,15.4,66434,10.9413,1.52
1787727097.382,7982,15.4,66683,10.9369,1.52
1787727097.397,7983,15.4,66656,10.9102,1.52
1787727097.414,7984,16.6,61851,10.9384,1.52
1787727097.431,7985,17.3,59071,10.9611,1.52
1787727097.449,7986,17.5,58675,10.9339,1.52
1787727097.467,7987,17.3,59146,10.9450,1.52
1787727097.484,7988,17.1,59986,10.9100,1.52
1787727097.502,7989,17.3,59233,10.9402,1.52
1787727097.519,7990,17.3,59276,10.9351,1.52
1787727097.537,7991,17.1,59899,10.9492,1.52
1787727097.554,7992,17.2,59523,10.9397,1.52
1787727097.572,7993,17.7,57691,10.9601,1.52
1787727097.599,7994,26.9,38014,10.9619,1.52
1787727097.633,7995,33.7,30368,10.9562,1.52
1787727097.665,7996,31.4,32643,10.9160,1.52
1787727097.696,7997,30.7,33307,10.9225,1.52
1787727097.727,7998,31.1,32909,10.9151,1.52
1787727097.759,7999,31.3,32706,10.9433,1.52
1787727097.790,8000,31.2,32827,10.9310,1.52
1787727097.814,8001,23.6,43454,10.9487,1.52
1787727097.835,8002,21.0,48833,10.9449,1.52
1787727097.856,8003,19.9,51408,10.9188,1.52
1787727097.873,8004,17.3,59270,10.9277,1.52
1787727097.889,8005,15.2,67225,10.9437,1.52
1787727097.904,8006,15.6,65765,10.9229,1.52
1787727097.920,8007,15.5,66163,10.9254,1.52
1787727097.936,8008,15.8,64771,10.9786,1.52
1787727097.954,8009,17.2,59630,10.9228,1.52
1787727097.971,8010,17.2,59429,10.8952,1.52
1787727097.988,8011,17.1,59950,10.9172,1.52
1787727098.006,8012,17.2,59471,10.9105,1.52
1787727098.023,8013,17.2,59609,10.9273,1.52
1787727098.041,8014,17.2,59480,10.9396,1.52
1787727098.058,8015,17.3,59293,10.9298,1.52
1787727098.075,8016,17.2,59401,10.9427,1.52
1787727098.094,8017,18.2,56190,10.9602,1.52
1787727098.129,8018,35.0,29223,10.9257,1.52
1787727098.145,8019,16.2,63356,10.9290,1.52
1787727098.162,8020,16.1,63512,10.9613,1.52
1787727098.177,8021,15.4,66660,10.9452,1.52
1787727098.193,8022,15.5,66199,10.9506,1.52
1787727098.209,8023,15.4,66425,10.9140,1.52
1787727098.225,8024,15.5,65919,10.9172,1.52
1787727098.241,8025,16.6,61755,10.9300,1.52
1787727098.259,8026,17.3,59212,10.9454,1.52
1787727098.276,8027,17.3,59221,10.9426,1.52
1787727098.294,8028,17.4,58977,10.9347,1.52
1787727098.311,8029,17.3,59252,10.9431,1.52
1787727098.329,8030,17.3,59152,10.9331,1.52
1787727098.346,8031,17.3,59216,10.9509,1.52
1787727098.364,8032,17.2,59692,10.9118,1.52
1787727098.381,8033,17.1,59919,10.9634,1.52
1787727098.404,8034,22.8,44990,10.9132,1.52
1787727098.440,8035,35.2,29126,10.9613,1.52
1787727098.472,8036,32.5,31528,10.9407,1.52
1787727098.505,8037,32.0,31987,10.9530,1.52
1787727098.536,8038,30.9,33098,10.9286,1.52
1787727098.567,8039,31.1,32962,10.9554,1.52
1787727098.598,8040,30.6,33457,10.9398,1.52
1787727098.630,8041,32.1,31903,10.9362,1.52
1787727098.661,8042,30.6,33445,10.9528,1.52
1787727098.677,8043,15.8,65002,10.9476,1.52
1787727098.693,8044,15.6,65460,10.9447,1.52
1787727098.709,8045,15.2,67183,10.9507,1.52
1787727098.724,8046,15.6,65820,10.9213,1.52
1787727098.740,8047,15.4,66471,10.9442,1.52
1787727098.756,8048,15.2,67199,10.9353,1.52
1787727098.773,8049,16.8,60985,10.9368,1.52
1787727098.790,8050,17.3,59210,10.9387,1.52
1787727098.808,8051,17.3,59358,10.9006,1.52
1787727098.825,8052,17.6,58280,10.9448,1.52
1787727098.843,8053,17.4,58958,10.9479,1.52
1787727098.861,8054,17.4,58794,10.9410,1.52
1787727098.878,8055,17.4,58747,10.9325,1.52
1787727098.896,8056,17.5,58652,10.9317,1.52
1787727098.913,8057,17.3,59298,10.9386,1.52
1787727098.946,8058,32.0,31967,10.9226,1.52
1787727098.978,8059,31.9,32067,10.9153,1.52
1787727099.008,8060,29.7,34438,10.9118,1.52
1787727099.039,8061,30.5,33591,10.9253,1.52
1787727099.068,8062,29.5,34663,10.9204,1.52
1787727099.098,8063,29.8,34306,10.9455,1.52
1787727099.129,8064,30.7,33394,10.9337,1.52
1787727099.159,8065,29.9,34249,10.9548,1.52
1787727099.190,8066,30.3,33760,10.9032,1.52
1787727099.212,8067,22.2,46146,10.9523,1.52
1787727099.229,8068,16.1,63465,10.9384,1.52
1787727099.245,8069,15.9,64451,10.9405,1.52
1787727099.260,8070,15.4,66404,10.9249,1.52
1787727099.276,8071,15.4,66317,10.9397,1.52
1787727099.292,8072,15.5,66174,10.9700,1.52
1787727099.308,8073,15.4,66460,10.9526,1.52
1787727099.325,8074,17.4,58791,10.9382,1.52
1787727099.343,8075,17.3,59050,10.9295,1.52
1787727099.360,8076,17.6,58213,10.9440,1.52
1787727099.378,8077,17.5,58547,10.9268,1.52
1787727099.396,8078,17.5,58634,10.9321,1.52
1787727099.414,8079,17.5,58370,10.9591,1.52
1787727099.431,8080,17.3,59269,10.9170,1.52
1787727099.449,8081,17.5,58424,10.9590,1.52
1787727099.470,8082,20.8,49289,10.9602,1.52
1787727099.503,8083,33.4,30688,10.9209,1.52
1787727099.534,8084,30.1,34074,10.9573,1.52
1787727099.564,8085,30.8,33292,10.9271,1.52
1787727099.596,8086,30.9,33134,10.9403,1.52
1787727099.626,8087,30.1,34008,10.9583,1.52
1787727099.656,8088,30.3,33764,10.9631,1.52
1787727099.687,8089,30.3,33834,10.9364,1.52
1787727099.718,8090,30.9,33116,10.9472,1.52
1787727099.747,8091,29.4,34777,10.9498,1.52
1787727099.776,8092,28.9,35405,10.9410,1.52
1787727099.805,8093,28.6,35758,10.9407,1.52
1787727099.834,8094,28.9,35385,10.9382,1.52
1787727099.863,8095,28.6,35814,10.9387,1.52
1787727099.892,8096,28.9,35432,10.9314,1.52
1787727099.921,8097,28.5,35981,10.9106,1.52
1787727099.950,8098,28.8,35590,10.9386,1.52
1787727099.978,8099,28.7,35676,10.9266,1.52
1787727100.007,8100,28.5,35969,10.9342,1.52
1787727100.036,8101,28.7,35718,10.9450,1.52
1787727100.064,8102,28.5,35923,10.9229,1.52
1787727100.093,8103,28.7,35655,10.9321,1.52
1787727100.122,8104,28.9,35407,10.9431,1.52
1787727100.150,8105,27.5,37196,10.9426,1.52
1787727100.178,8106,27.6,37121,10.9325,1.52
1787727100.206,8107,27.8,36793,10.9242,1.52
1787727100.233,8108,27.4,37437,10.9466,1.52
1787727100.252,8109,18.3,56026,10.9229,1.52
1787727100.269,8110,17.5,58561,10.9338,1.52
1787727100.287,8111,17.5,58622,10.9405,1.52
1787727100.305,8112,17.5,58456,10.9268,1.52
1787727100.322,8113,17.4,58875,10.9278,1.52
1787727100.340,8114,17.5,58532,10.9437,1.52
1787727100.358,8115,17.3,59049,10.9428,1.52
1787727100.375,8116,17.4,58912,10.9156,1.52
1787727100.397,8117,21.7,47117,10.9257,1.52
1787727100.428,8118,30.9,33176,10.9340,1.52
1787727100.456,8119,28.2,36362,10.9422,1.52
1787727100.486,8120,28.9,35394,10.9572,1.52
1787727100.514,8121,28.7,35719,10.9443,1.52
1787727100.542,8122,27.7,36957,10.9511,1.52
1787727100.570,8123,27.4,37351,10.9363,1.52
1787727100.598,8124,28.2,36310,10.9317,1.52
1787727100.626,8125,27.6,37049,10.9219,1.52
1787727100.654,8126,28.1,36422,10.9574,1.52
1787727100.682,8127,27.5,37259,10.9301,1.52
1787727100.703,8128,20.7,49352,10.9270,1.52
1787727100.720,8129,17.1,59881,10.9375,1.52
1787727100.737,8130,17.2,59420,10.9149,1.52
1787727100.755,8131,17.2,59365,10.9332,1.52
1787727100.772,8132,17.3,59229,10.9405,1.52
1787727100.790,8133,17.2,59507,10.9591,1.52
1787727100.807,8134,17.3,59312,10.9659,1.52
1787727100.825,8135,17.3,59347,10.9478,1.52
1787727100.842,8136,17.2,59506,10.9099,1.52
1787727100.867,8137,25.2,40671,10.9305,1.52
1787727100.892,8138,24.8,41316,10.9225,1.52
1787727100.909,8139,17.1,59974,10.9329,1.52
1787727100.927,8140,17.1,59792,10.9224,1.52
1787727100.944,8141,17.2,59574,10.9572,1.52
1787727100.962,8142,17.2,59691,10.9283,1.52
1787727100.979,8143,17.2,59485,10.9430,1.52
1787727100.996,8144,17.2,59552,10.9604,1.52
1787727101.014,8145,17.2,59375,10.9388,1.52
1787727101.031,8146,17.0,60314,10.9494,1.52
1787727101.054,8147,23.0,44557,10.9539,1.52
1787727101.083,8148,28.7,35690,10.9421,1.52
1787727101.100,8149,17.3,59074,10.9215,1.52
1787727101.118,8150,17.4,58968,10.9308,1.52
1787727101.136,8151,17.4,58801,10.9503,1.52
1787727101.153,8152,17.3,59272,10.9511,1.52
1787727101.171,8153,17.3,59171,10.9462,1.52
1787727101.188,8154,17.4,58956,10.9433,1.52
1787727101.206,8155,17.4,58889,10.9312,1.52
1787727101.223,8156,17.4,58841,10.9497,1.52
1787727101.253,8157,29.9,34193,10.9115,1.52
1787727101.286,8158,32.7,31286,10.9402,1.52
1787727101.317,8159,30.7,33327,10.9410,1.52
1787727101.348,8160,31.1,32964,10.9504,1.52
1787727101.380,8161,31.2,32830,10.9187,1.52
1787727101.410,8162,30.1,34054,10.9172,1.52
1787727101.441,8163,30.9,33090,10.9326,1.52
1787727101.471,8164,30.2,33927,10.9543,1.52
1787727101.502,8165,30.6,33518,10.9366,1.52
1787727101.532,8166,30.1,34058,10.9478,1.52
1787727101.563,8167,30.6,33436,10.9413,1.52
1787727101.594,8168,31.1,32966,10.9676,1.52
1787727101.625,8169,30.5,33529,10.9520,1.52
1787727101.655,8170,30.3,33848,10.9487,1.52
1787727101.686,8171,30.9,33086,10.9556,1.52
1787727101.717,8172,30.6,33492,10.9492,1.52
1787727101.748,8173,31.1,32967,10.9575,1.52
1787727101.778,8174,30.3,33797,10.9414,1.52
1787727101.809,8175,30.6,33415,10.9203,1.52
1787727101.840,8176,30.5,33552,10.9453,1.52
1787727101.870,8177,29.9,34249,10.9080,1.52
1787727101.901,8178,30.5,33572,10.9414,1.52
1787727101.931,8179,30.6,33419,10.9379,1.52
1787727101.950,8180,19.0,54023,10.9536,1.52
1787727101.969,8181,18.0,56965,10.9600,1.52
1787727101.986,8182,17.2,59675,10.9369,1.52
1787727102.006,8183,19.9,51486,10.9391,1.52
1787727102.024,8184,17.3,59080,10.9490,1.52
1787727102.041,8185,17.3,59328,10.9332,1.52
1787727102.059,8186,17.2,59501,10.9407,1.52
1787727102.076,8187,17.3,59216,10.9361,1.52
1787727102.094,8188,17.3,59362,10.9471,1.52
1787727102.124,8189,30.6,33463,10.9512,1.52
1787727102.158,8190,33.3,30718,10.9272,1.52
1787727102.176,8191,17.6,58145,10.9626,1.52
1787727102.194,8192,17.6,58192,10.9270,1.52
1787727102.211,8193,17.5,58352,10.9425,1.52
1787727102.229,8194,17.4,58690,10.9546,1.52
1787727102.247,8195,17.4,58896,10.9391,1.52
1787727102.264,8196,17.5,58633,10.9325,1.52
1787727102.282,8197,17.4,58723,10.9545,1.52
1787727102.300,8198,17.5,58673,10.9388,1.52
1787727102.322,8199,22.1,46242,10.9136,1.52
1787727102.357,8200,35.1,29201,10.9216,1.52
1787727102.388,8201,30.5,33580,10.9393,1.52
1787727102.419,8202,31.2,32773,10.9453,1.52
1787727102.450,8203,30.4,33739,10.9430,1.52
1787727102.481,8204,30.9,33117,10.9385,1.52
1787727102.511,8205,30.2,33916,10.9200,1.52
1787727102.542,8206,30.9,33176,10.9391,1.52
1787727102.573,8207,30.1,34050,10.9475,1.52
1787727102.602,8208,29.6,34591,10.9561,1.52
1787727102.631,8209,28.7,35727,10.9220,1.52
1787727102.660,8210,28.6,35770,10.9460,1.52
1787727102.689,8211,29.4,34865,10.9375,1.52
1787727102.718,8212,28.1,36477,10.9161,1.52
1787727102.747,8213,28.8,35564,10.9426,1.52
1787727102.775,8214,28.6,35805,10.9400,1.52
1787727102.805,8215,29.1,35157,10.9393,1.52
1787727102.833,8216,28.6,35793,10.9437,1.52
1787727102.862,8217,28.8,35542,10.9339,1.52
1787727102.890,8218,27.4,37313,10.9594,1.52
1787727102.919,8219,28.9,35437,10.9609,1.52
1787727102.948,8220,28.2,36275,10.9388,1.52
1787727102.977,8221,28.4,36020,10.9483,1.52
1787727103.004,8222,27.7,37003,10.9311,1.52
1787727103.033,8223,28.7,35691,10.9333,1.52
1787727103.061,8224,27.7,36964,10.9402,1.52
1787727103.090,8225,28.8,35593,10.9279,1.52
1787727103.118,8226,27.3,37511,10.9445,1.52
1787727103.146,8227,27.5,37255,10.9717,1.52
1787727103.166,8228,20.5,49932,10.9545,1.52
1787727103.181,8229,14.6,70062,10.9159,1.52
1787727103.196,8230,15.2,67380,10.9114,1.52
1787727103.212,8231,15.5,65907,10.9411,1.52
1787727103.228,8232,15.1,67729,10.9309,1.52
1787727103.243,8233,15.2,67221,10.9429,1.52
1787727103.260,8234,17.0,60124,10.9396,1.52
1787727103.278,8235,17.5,58484,10.9474,1.52
1787727103.296,8236,17.5,58630,10.9162,1.52
1787727103.313,8237,17.3,59097,10.9250,1.52
1787727103.331,8238,17.5,58661,10.8990,1.52
1787727103.348,8239,17.4,58876,10.9579,1.52
1787727103.366,8240,17.3,59089,10.9171,1.52
1787727103.384,8241,17.5,58447,10.9487,1.52
1787727103.402,8242,18.5,55461,10.9214,1.52
1787727103.433,8243,30.0,34126,10.9492,1.52
1787727103.461,8244,27.9,36727,10.9076,1.52
1787727103.488,8245,27.4,37342,10.9399,1.52
1787727103.517,8246,28.7,35678,10.9202,1.52
1787727103.544,8247,27.0,37867,10.9317,1.52
1787727103.572,8248,28.2,36340,10.9354,1.52
1787727103.600,8249,27.1,37795,10.9103,1.52
1787727103.628,8250,27.9,36719,10.9428,1.52
1787727103.656,8251,27.9,36686,10.9435,1.52
1787727103.684,8252,28.0,36558,10.9596,1.52
1787727103.712,8253,27.6,37115,10.9198,1.52
1787727103.740,8254,28.6,35787,10.9498,1.52
1787727103.768,8255,28.0,36609,10.9269,1.52
1787727103.796,8256,27.7,36959,10.9350,1.52
1787727103.825,8257,28.2,36304,10.9548,1.52
1787727103.852,8258,27.4,37364,10.9158,1.52
1787727103.880,8259,28.2,36264,10.9708,1.52
1787727103.908,8260,27.5,37273,10.9306,1.52
1787727103.936,8261,28.1,36446,10.9417,1.52
1787727103.963,8262,27.1,37812,10.9271,1.52
1787727103.992,8263,28.5,35912,10.9438,1.52
1787727104.020,8264,27.6,37091,10.9253,1.52
1787727104.048,8265,27.8,36850,10.9522,1.52
1787727104.075,8266,27.0,37927,10.9481,1.52
1787727104.102,8267,27.4,37422,10.9454,1.52
1787727104.130,8268,27.2,37680,10.9433,1.52
1787727104.158,8269,27.8,36882,10.9288,1.52
1787727104.186,8270,27.6,37158,10.9166,1.52
1787727104.213,8271,27.6,37120,10.9445,1.52
1787727104.241,8272,27.0,37856,10.9321,1.52
1787727104.267,8273,26.6,38527,10.9634,1.52
1787727104.295,8274,27.6,37148,10.9300,1.52
1787727104.323,8275,27.2,37597,10.9288,1.52
1787727104.350,8276,27.4,37410,10.9640,1.52
1787727104.371,8277,20.5,49842,10.9394,1.52
1787727104.388,8278,16.4,62269,10.9298,1.52
1787727104.403,8279,15.4,66577,10.9138,1.52
1787727104.419,8280,15.4,66674,10.9419,1.52
1787727104.434,8281,15.3,67077,10.9599,1.52
1787727104.450,8282,15.2,67392,10.9307,1.52
1787727104.467,8283,16.5,61945,10.9656,1.52
1787727104.484,8284,17.2,59474,10.9618,1.52
1787727104.501,8285,17.3,59127,10.9332,1.52
1787727104.519,8286,17.2,59517,10.9395,1.52
1787727104.536,8287,17.2,59477,10.9610,1.52
1787727104.554,8288,17.3,59185,10.9256,1.52
1787727104.571,8289,17.1,59755,10.9391,1.52
1787727104.589,8290,17.3,59168,10.9438,1.52
1787727104.606,8291,17.2,59703,10.9239,1.52
1787727104.629,8292,23.3,44005,10.9295,1.52
1787727104.654,8293,24.9,41129,10.9162,1.52
1787727104.672,8294,17.5,58498,10.9526,1.52
1787727104.690,8295,17.2,59592,10.9351,1.52
1787727104.707,8296,17.3,59201,10.9339,1.52
1787727104.725,8297,17.6,58203,10.9197,1.52
1787727104.743,8298,17.6,58235,10.9492,1.52
1787727104.760,8299,17.5,58642,10.9095,1.52
1787727104.778,8300,17.5,58447,10.9513,1.52
1787727104.796,8301,17.4,58830,10.9270,1.52
1787727104.820,8302,23.7,43235,10.9535,1.52
1787727104.849,8303,28.4,36013,10.9220,1.52
1787727104.877,8304,27.7,36991,10.9266,1.52
1787727104.905,8305,27.3,37470,10.9531,1.52
1787727104.933,8306,27.7,36996,10.9680,1.52
1787727104.959,8307,26.7,38281,10.9658,1.52
1787727104.987,8308,27.0,37975,10.9390,1.52
1787727105.014,8309,26.9,38093,10.9404,1.52
1787727105.040,8310,26.5,38694,10.9289,1.52
1787727105.068,8311,27.1,37807,10.9446,1.52
1787727105.094,8312,26.6,38526,10.9380,1.52
1787727105.111,8313,16.8,60966,10.9383,1.52
1787727105.127,8314,15.5,65948,10.9482,1.52
1787727105.143,8315,15.4,66551,10.9457,1.52
1787727105.159,8316,15.5,66062,10.9538,1.52
1787727105.174,8317,15.0,68156,10.9260,1.52
1787727105.190,8318,16.4,62389,10.9350,1.52
1787727105.207,8319,16.7,61500,10.9186,1.52
1787727105.225,8320,17.5,58679,10.9349,1.52
1787727105.243,8321,17.3,59146,10.9355,1.52
1787727105.260,8322,17.4,58967,10.9270,1.52
1787727105.278,8323,17.3,59049,10.9548,1.52
1787727105.295,8324,17.5,58654,10.9439,1.52
1787727105.313,8325,17.3,59070,10.9217,1.52
1787727105.331,8326,17.4,58773,10.9411,1.52
1787727105.354,8327,23.8,43109,10.8931,1.52
1787727105.379,8328,24.7,41407,10.9510,1.52
1787727105.397,8329,17.2,59577,10.9524,1.52
1787727105.414,8330,17.4,58875,10.9432,1.52
1787727105.432,8331,17.2,59651,10.9371,1.52
1787727105.449,8332,17.5,58454,10.9276,1.52
1787727105.467,8333,17.8,57453,10.9639,1.52
1787727105.485,8334,17.2,59409,10.9490,1.52
1787727105.503,8335,17.4,58905,10.9454,1.52
1787727105.520,8336,17.1,59789,10.9451,1.52
1787727105.541,8337,21.4,47779,10.9380,1.52
1787727105.570,8338,28.1,36433,10.9357,1.52
1787727105.587,8339,17.3,59302,10.9317,1.52
1787727105.605,8340,17.4,58890,10.9713,1.52
1787727105.623,8341,17.9,57134,10.9433,1.52
1787727105.641,8342,17.2,59560,10.9520,1.52
1787727105.658,8343,17.5,58540,10.9427,1.52
1787727105.676,8344,17.1,59748,10.9065,1.52
1787727105.693,8345,17.2,59555,10.9287,1.52
1787727105.711,8346,17.8,57612,10.9397,1.52
1787727105.734,8347,22.3,45940,10.9316,1.52
1787727105.765,8348,30.8,33300,10.9664,1.52
1787727105.793,8349,28.1,36379,10.9151,1.52
1787727105.822,8350,28.4,36001,10.9528,1.52
1787727105.850,8351,28.3,36151,10.9358,1.52
1787727105.879,8352,28.8,35612,10.9252,1.52
1787727105.908,8353,28.9,35430,10.9278,1.52
1787727105.937,8354,28.5,35915,10.9532,1.52
1787727105.966,8355,28.6,35761,10.9705,1.52
1787727105.996,8356,30.0,34148,10.9771,1.52
1787727106.024,8357,28.5,35899,10.9525,1.52
1787727106.053,8358,28.9,35414,10.9597,1.52
1787727106.082,8359,27.9,36752,10.9241,1.52
1787727106.109,8360,27.7,36947,10.9369,1.52
1787727106.137,8361,27.0,37966,10.9321,1.52
1787727106.164,8362,27.7,36905,10.9491,1.52
1787727106.191,8363,26.6,38477,10.9712,1.52
1787727106.218,8364,26.7,38419,10.9219,1.52
1787727106.246,8365,27.5,37303,10.9118,1.52
1787727106.273,8366,26.9,38075,10.9426,1.52
1787727106.298,8367,25.3,40499,10.9347,1.52
1787727106.315,8368,17.0,60285,10.9058,1.52
1787727106.333,8369,17.6,58346,10.9264,1.52
1787727106.351,8370,17.4,58821,10.9342,1.52
1787727106.368,8371,17.5,58662,10.9377,1.52
1787727106.385,8372,16.7,61422,10.9207,1.52
1787727106.403,8373,17.3,59126,10.9475,1.52
1787727106.420,8374,17.3,59324,10.9124,1.52
1787727106.437,8375,16.8,60970,10.9574,1.52
1787727106.455,8376,17.6,58053,10.9234,1.52
1787727106.484,8377,29.2,35110,10.9535,1.52
1787727106.505,8378,20.2,50712,10.9213,1.52
1787727106.522,8379,17.2,59657,10.9181,1.52
1787727106.540,8380,17.5,58485,10.9529,1.52
1787727106.557,8381,17.4,58896,10.9427,1.52
1787727106.575,8382,17.4,59006,10.9001,1.52
1787727106.593,8383,17.9,57258,10.9433,1.52
1787727106.611,8384,17.5,58653,10.9323,1.52
1787727106.628,8385,17.3,59224,10.9319,1.52
1787727106.646,8386,17.3,59035,10.9340,1.52
1787727106.675,8387,29.1,35198,10.9317,1.52
1787727106.705,8388,30.2,33928,10.9675,1.52
1787727106.734,8389,28.7,35618,10.9442,1.52
1787727106.763,8390,28.9,35452,10.9449,1.52
1787727106.792,8391,28.3,36191,10.9420,1.52
1787727106.821,8392,28.6,35864,10.9625,1.52
1787727106.849,8393,28.2,36329,10.9527,1.52
1787727106.878,8394,29.2,35038,10.9363,1.52
1787727106.907,8395,28.4,36004,10.9474,1.52
1787727106.936,8396,28.7,35711,10.9517,1.52
1787727106.965,8397,28.9,35493,10.9605,1.52
1787727106.993,8398,28.2,36369,10.9434,1.52
1787727107.022,8399,29.2,35009,10.9316,1.52
1787727107.051,8400,28.5,35960,10.9364,1.52
1787727107.080,8401,29.3,34972,10.9457,1.52
1787727107.109,8402,28.5,35888,10.9342,1.52
1787727107.138,8403,28.7,35660,10.9376,1.52
1787727107.166,8404,28.3,36177,10.9044,1.52
1787727107.195,8405,28.9,35398,10.9374,1.52
1787727107.224,8406,28.7,35632,10.9625,1.52
1787727107.253,8407,28.4,36044,10.9227,1.52
1787727107.280,8408,27.5,37282,10.9192,1.52
1787727107.309,8409,28.1,36440,10.9579,1.52
1787727107.336,8410,27.6,37130,10.9301,1.52
1787727107.364,8411,27.6,37047,10.9481,1.52
1787727107.389,8412,24.2,42257,10.9359,1.52
1787727107.406,8413,17.3,59146,10.9181,1.52
1787727107.424,8414,17.5,58542,10.9176,1.52
1787727107.442,8415,17.6,58247,10.9318,1.52
1787727107.459,8416,17.6,58169,10.9081,1.52
1787727107.477,8417,17.4,58802,10.9161,1.52
1787727107.495,8418,17.4,58993,10.9198,1.52
1787727107.512,8419,17.4,58931,10.9513,1.52
1787727107.530,8420,17.6,58324,10.9220,1.52
1787727107.556,8421,26.2,39091,10.9302,1.52
1787727107.586,8422,29.4,34878,10.9471,1.52
1787727107.616,8423,29.1,35206,10.9494,1.52
1787727107.645,8424,28.8,35615,10.9410,1.52
1787727107.675,8425,29.8,34320,10.9212,1.52
1787727107.703,8426,28.5,35929,10.9310,1.52
1787727107.733,8427,29.3,34933,10.9310,1.52
1787727107.761,8428,28.1,36379,10.9384,1.52
1787727107.792,8429,30.2,33930,10.9531,1.52
1787727107.820,8430,28.5,35923,10.9345,1.52
1787727107.847,8431,26.2,39045,10.9613,1.52
1787727107.862,8432,14.7,69517,10.9314,1.52
1787727107.877,8433,15.4,66624,10.9406,1.52
1787727107.893,8434,15.3,66922,10.9357,1.52
1787727107.908,8435,15.1,67654,10.9472,1.52
1787727107.924,8436,15.3,66947,10.9360,1.52
1787727107.940,8437,16.4,62611,10.9252,1.52
1787727107.958,8438,17.0,60120,10.9441,1.52
1787727107.976,8439,18.0,56946,10.9402,1.52
1787727107.994,8440,17.8,57629,10.9356,1.52
1787727108.015,8441,20.6,49622,10.9338,1.52
1787727108.033,8442,17.3,59362,10.9587,1.52
1787727108.050,8443,17.4,58690,10.9405,1.52
1787727108.068,8444,17.3,59341,10.9493,1.52
1787727108.086,8445,17.4,58987,10.8955,1.52
1787727108.103,8446,17.3,59041,10.9450,1.52
1787727108.126,8447,22.4,45774,10.9552,1.52
1787727108.159,8448,33.1,30945,10.9217,1.52
1787727108.190,8449,30.3,33770,10.9268,1.52
1787727108.221,8450,31.0,33072,10.9265,1.52
1787727108.252,8451,30.2,33857,10.9557,1.52
1787727108.283,8452,30.8,33235,10.9447,1.52
1787727108.313,8453,30.2,33918,10.9409,1.52
1787727108.344,8454,30.7,33307,10.9146,1.52
1787727108.375,8455,30.3,33772,10.9351,1.52
1787727108.406,8456,30.8,33258,10.9230,1.52
1787727108.436,8457,29.7,34425,10.9341,1.52
1787727108.467,8458,30.9,33142,10.9565,1.52
1787727108.498,8459,30.3,33802,10.9447,1.52
1787727108.529,8460,30.6,33484,10.9287,1.52
1787727108.559,8461,30.0,34168,10.9412,1.52
1787727108.576,8462,16.6,61802,10.9221,1.52
1787727108.592,8463,15.7,65211,10.9344,1.52
1787727108.607,8464,15.3,67038,10.9483,1.52
1787727108.625,8465,16.9,60681,10.9593,1.52
1787727108.641,8466,16.3,62691,10.9506,1.52
1787727108.658,8467,16.4,62493,10.9571,1.52
1787727108.675,8468,16.6,61608,10.9269,1.52
1787727108.692,8469,17.5,58452,10.9808,1.52
1787727108.709,8470,16.8,60819,10.9365,1.52
1787727108.727,8471,16.9,60598,10.9315,1.52
1787727108.745,8472,18.0,56946,10.9306,1.52
1787727108.762,8473,17.3,59237,10.9423,1.52
1787727108.780,8474,17.2,59499,10.9616,1.52
1787727108.797,8475,17.3,59033,10.9380,1.52
1787727108.815,8476,17.2,59465,10.9536,1.52
1787727108.832,8477,17.0,60278,10.9417,1.52
1787727108.847,8478,15.2,67200,10.9395,1.52
1787727108.862,8479,14.8,69012,10.9432,1.52
1787727108.877,8480,14.7,69499,10.9316,1.52
1787727108.892,8481,14.7,69608,10.9328,1.52
1787727108.907,8482,14.7,69508,10.9240,1.52
1787727108.922,8483,14.7,69528,10.9219,1.52
1787727108.937,8484,14.8,69393,10.9474,1.52
1787727108.952,8485,14.7,69580,10.9372,1.52
1787727108.966,8486,14.7,69688,10.9275,1.52
1787727108.982,8487,15.2,67158,10.9268,1.52
1787727109.015,8488,33.2,30847,10.9178,1.52
1787727109.035,8489,19.5,52477,10.9366,1.52
1787727109.053,8490,17.1,59922,10.9501,1.52
1787727109.069,8491,16.4,62538,10.9641,1.52
1787727109.086,8492,16.2,63237,10.9133,1.52
1787727109.104,8493,18.2,56361,10.9091,1.52
1787727109.125,8494,20.4,50116,10.9261,1.52
1787727109.143,8495,17.5,58499,10.9339,1.52
1787727109.161,8496,17.5,58482,10.9164,1.52
1787727109.178,8497,17.5,58405,10.9387,1.52
1787727109.196,8498,17.5,58504,10.9410,1.52
1787727109.214,8499,17.4,58791,10.9643,1.52
1787727109.232,8500,18.0,56769,10.9523,1.52
1787727109.249,8501,16.9,60761,10.9219,1.52
1787727109.266,8502,17.2,59440,10.9271,1.52
1787727109.283,8503,16.3,62812,10.9397,1.52
1787727109.300,8504,17.1,60040,10.9342,1.52
1787727109.317,8505,17.1,59709,10.9641,1.52
1787727109.335,8506,17.0,60262,10.9195,1.52
1787727109.352,8507,17.3,59344,10.9436,1.52
1787727109.369,8508,17.1,59978,10.9407,1.52
1787727109.387,8509,17.3,59357,10.9323,1.52
1787727109.404,8510,17.2,59474,10.9621,1.52
1787727109.422,8511,17.2,59365,10.9360,1.52
1787727109.439,8512,17.1,59719,10.9320,1.52
1787727109.467,8513,27.9,36644,10.9527,1.52
1787727109.493,8514,25.5,40215,10.9454,1.52
1787727109.508,8515,15.0,68434,10.9621,1.52
1787727109.524,8516,15.6,65784,10.9561,1.52
1787727109.539,8517,15.1,67999,10.9345,1.52
1787727109.555,8518,15.5,66235,10.9350,1.52
1787727109.570,8519,15.4,66336,10.9312,1.52
1787727109.586,8520,15.3,66729,10.9561,1.52
1787727109.604,8521,17.4,59005,10.9077,1.52
1787727109.621,8522,17.4,58964,10.9213,1.52
1787727109.638,8523,17.1,59950,10.9305,1.52
1787727109.656,8524,17.2,59586,10.9506,1.52
1787727109.673,8525,17.3,59225,10.9505,1.52
1787727109.691,8526,17.2,59693,10.9223,1.52
1787727109.708,8527,17.3,59155,10.9333,1.52
1787727109.726,8528,17.3,59049,10.9198,1.52
1787727109.743,8529,17.3,59119,10.9493,1.52
1787727109.778,8530,35.0,29283,10.9333,1.52
1787727109.811,8531,32.9,31132,10.9420,1.52
1787727109.844,8532,32.4,31616,10.9325,1.52
1787727109.876,8533,31.8,32162,10.9499,1.52
1787727109.899,8534,23.3,43915,10.9303,1.52
1787727109.914,8535,14.7,69699,10.9473,1.52
1787727109.929,8536,14.6,70159,10.9469,1.52
1787727109.944,8537,14.6,70286,10.9134,1.52
1787727109.960,8538,15.7,65345,10.9095,1.52
1787727109.975,8539,15.2,67557,10.9426,1.52
1787727109.990,8540,15.2,67390,10.9148,1.52
1787727110.008,8541,17.5,58495,10.9400,1.52
1787727110.026,8542,17.2,59504,10.9176,1.52
1787727110.043,8543,17.1,59713,10.9519,1.52
1787727110.061,8544,18.1,56544,10.9380,1.52
1787727110.079,8545,17.4,58802,10.9192,1.52
1787727110.097,8546,17.6,58167,10.9498,1.52
1787727110.115,8547,17.6,58115,10.9356,1.52
1787727110.133,8548,17.6,58326,10.9402,1.52
1787727110.151,8549,17.6,58261,10.9321,1.52
1787727110.183,8550,32.2,31767,10.9391,1.52
1787727110.204,8551,21.0,48831,10.9378,1.52
1787727110.220,8552,15.5,65954,10.9383,1.52
1787727110.235,8553,15.3,67045,10.9167,1.52
1787727110.251,8554,15.2,67537,10.9532,1.52
1787727110.267,8555,15.7,65292,10.9419,1.52
1787727110.283,8556,15.7,65110,10.9377,1.52
1787727110.298,8557,15.2,67278,10.9309,1.52
1787727110.313,8558,15.2,67443,10.9492,1.52
1787727110.331,8559,17.2,59698,10.9308,1.52
1787727110.348,8560,17.1,59899,10.9225,1.52
1787727110.366,8561,17.3,59253,10.9543,1.52
1787727110.383,8562,17.2,59432,10.9337,1.52
1787727110.400,8563,17.2,59400,10.9271,1.52
1787727110.418,8564,17.1,59992,10.9004,1.52
1787727110.435,8565,17.2,59424,10.9184,1.52
1787727110.452,8566,17.1,59773,10.9266,1.52
1787727110.476,8567,23.0,44547,10.9379,1.52
1787727110.511,8568,35.1,29165,10.9625,1.52
1787727110.543,8569,32.2,31811,10.9281,1.52
1787727110.576,8570,32.7,31278,10.9270,1.52
1787727110.608,8571,31.7,32291,10.9203,1.52
1787727110.640,8572,32.2,31803,10.9369,1.52
1787727110.672,8573,32.0,31993,10.9521,1.52
1787727110.705,8574,32.1,31889,10.9678,1.52
1787727110.737,8575,31.8,32186,10.9241,1.52
1787727110.769,8576,32.4,31571,10.9360,1.52
1787727110.800,8577,31.0,33029,10.9338,1.52
1787727110.819,8578,18.8,54440,10.9721,1.52
1787727110.837,8579,17.3,59163,10.9548,1.52
1787727110.854,8580,17.3,59099,10.9667,1.52
1787727110.872,8581,17.2,59415,10.9495,1.52
1787727110.890,8582,17.5,58492,10.9572,1.52
1787727110.907,8583,17.3,59351,10.9401,1.52
1787727110.924,8584,17.1,59929,10.9428,1.52
1787727110.942,8585,17.3,59307,10.9536,1.52
1787727110.960,8586,17.5,58574,10.9281,1.52
1787727110.992,8587,32.0,31999,10.9343,1.52
1787727111.013,8588,21.0,48723,10.9392,1.52
1787727111.029,8589,16.2,63398,10.9531,1.52
1787727111.045,8590,15.3,66900,10.9147,1.52
1787727111.061,8591,15.3,66770,10.9253,1.52
1787727111.076,8592,15.3,67044,10.9337,1.52
1787727111.092,8593,16.2,63331,10.9502,1.52
1787727111.109,8594,16.4,62589,10.9501,1.52
1787727111.127,8595,17.5,58433,10.9187,1.52
1787727111.145,8596,17.8,57496,10.9497,1.52
1787727111.162,8597,17.2,59528,10.9190,1.52
1787727111.180,8598,17.2,59584,10.9528,1.52
1787727111.197,8599,17.2,59481,10.9276,1.52
1787727111.214,8600,17.1,59714,10.9392,1.52
1787727111.232,8601,17.3,59261,10.9186,1.52
1787727111.249,8602,17.3,59206,10.9428,1.52
1787727111.273,8603,23.5,43494,10.9178,1.52
1787727111.305,8604,31.1,32934,10.9259,1.52
1787727111.322,8605,17.2,59502,10.9301,1.52
1787727111.340,8606,17.4,58805,10.9390,1.52
1787727111.357,8607,17.2,59665,10.9336,1.52
1787727111.375,8608,17.4,58773,10.9283,1.52
1787727111.392,8609,17.2,59551,10.9612,1.52
1787727111.409,8610,17.2,59406,10.9497,1.52
1787727111.427,8611,17.2,59443,10.9216,1.52
1787727111.444,8612,17.2,59421,10.9472,1.52
1787727111.465,8613,20.8,49210,10.9365,1.52
1787727111.501,8614,35.4,28902,10.9294,1.52
1787727111.533,8615,32.3,31735,10.9254,1.52
1787727111.566,8616,33.0,31067,10.9146,1.52
1787727111.599,8617,32.3,31660,10.9456,1.52
1787727111.631,8618,32.2,31841,10.9598,1.52
1787727111.664,8619,32.2,31797,10.9372,1.52
1787727111.697,8620,32.9,31109,10.9241,1.52
1787727111.729,8621,32.4,31628,10.9428,1.52
1787727111.761,8622,32.0,31959,10.9388,1.52
1787727111.793,8623,31.8,32158,10.9537,1.52
1787727111.826,8624,32.4,31573,10.9611,1.52
1787727111.858,8625,31.5,32456,10.9343,1.52
1787727111.890,8626,32.1,31947,10.9654,1.52
1787727111.922,8627,31.8,32191,10.9580,1.52
1787727111.954,8628,32.4,31609,10.9192,1.52
1787727111.987,8629,31.9,32130,10.9310,1.52
1787727112.020,8630,33.0,31022,10.9405,1.52
1787727112.053,8631,32.3,31711,10.9487,1.52
1787727112.086,8632,32.9,31157,10.9201,1.52
1787727112.109,8633,22.2,46025,10.9133,1.52
1787727112.124,8634,15.4,66701,10.9250,1.52
1787727112.139,8635,15.0,68445,10.9385,1.52
1787727112.154,8636,14.9,68592,10.9208,1.52
1787727112.169,8637,14.8,69035,10.9142,1.52
1787727112.185,8638,14.9,68579,10.9365,1.52
1787727112.201,8639,16.1,63564,10.9371,1.52
1787727112.218,8640,17.3,59226,10.9159,1.52
1787727112.236,8641,17.2,59577,10.9396,1.52
1787727112.253,8642,17.3,59303,10.9346,1.52
1787727112.271,8643,17.3,59342,10.9604,1.52
1787727112.288,8644,16.8,61014,10.9216,1.52
1787727112.308,8645,19.7,51899,10.9430,1.52
1787727112.325,8646,16.8,60905,10.9223,1.52
1787727112.342,8647,17.1,59759,10.9387,1.52
1787727112.368,8648,26.1,39211,10.9365,1.52
1787727112.397,8649,28.7,35738,10.9365,1.52
1787727112.415,8650,17.6,58197,10.9591,1.52
1787727112.432,8651,17.2,59650,10.9279,1.52
1787727112.450,8652,17.2,59518,10.9122,1.52
1787727112.467,8653,17.2,59651,10.9457,1.52
1787727112.484,8654,17.2,59594,10.9255,1.52
1787727112.502,8655,17.3,59239,10.9292,1.52
1787727112.519,8656,17.2,59614,10.9595,1.52
1787727112.537,8657,17.3,59137,10.9183,1.52
1787727112.554,8658,17.2,59499,10.9442,1.52
1787727112.586,8659,31.5,32500,10.9303,1.52
1787727112.621,8660,34.6,29562,10.8963,1.52
1787727112.653,8661,32.1,31899,10.9508,1.52
1787727112.685,8662,31.8,32183,10.9393,1.52
1787727112.718,8663,32.3,31732,10.9465,1.52
1787727112.751,8664,32.9,31151,10.9295,1.52
1787727112.784,8665,32.9,31159,10.9440,1.52
1787727112.816,8666,32.3,31711,10.9451,1.52
1787727112.849,8667,32.2,31817,10.9558,1.52
1787727112.881,8668,32.3,31705,10.9619,1.52
1787727112.914,8669,32.2,31772,10.9583,1.52
1787727112.946,8670,32.4,31615,10.9442,1.52
1787727112.978,8671,32.1,31901,10.9292,1.52
1787727113.011,8672,32.7,31295,10.9348,1.52
1787727113.043,8673,31.8,32166,10.9281,1.52
1787727113.076,8674,32.6,31424,10.9234,1.52
1787727113.110,8675,33.3,30784,10.9396,1.52
1787727113.143,8676,33.5,30599,10.9702,1.52
1787727113.176,8677,32.7,31349,10.9494,1.52
1787727113.209,8678,32.6,31450,10.9373,1.52
1787727113.242,8679,32.5,31486,10.9434,1.52
1787727113.275,8680,33.0,31067,10.9272,1.52
1787727113.308,8681,32.8,31182,10.9521,1.52
1787727113.340,8682,31.5,32491,10.9229,1.52
1787727113.373,8683,32.1,31889,10.9755,1.52
1787727113.394,8684,20.6,49721,10.9094,1.52
1787727113.410,8685,16.1,63564,10.9436,1.52
1787727113.427,8686,16.9,60488,10.9426,1.52
1787727113.445,8687,16.8,60874,10.9410,1.52
1787727113.462,8688,17.2,59594,10.9114,1.52
1787727113.479,8689,16.3,62643,10.9206,1.52
1787727113.494,8690,15.2,67385,10.9560,1.52
1787727113.509,8691,15.1,67840,10.9458,1.52
1787727113.524,8692,15.0,68070,10.9151,1.52
1787727113.540,8693,15.1,67843,10.9162,1.52
1787727113.557,8694,16.8,61007,10.9322,1.52
1787727113.572,8695,15.1,67690,10.9366,1.52
1787727113.588,8696,15.8,64674,10.9284,1.52
1787727113.605,8697,16.8,60878,10.9538,1.52
1787727113.622,8698,16.9,60492,10.9222,1.52
1787727113.639,8699,17.0,60286,10.9214,1.52
1787727113.657,8700,17.3,59029,10.9198,1.52
1787727113.674,8701,17.3,59150,10.9425,1.52
1787727113.692,8702,17.4,58786,10.9378,1.52
1787727113.710,8703,17.2,59386,10.9356,1.52
1787727113.727,8704,17.2,59435,10.9291,1.52
1787727113.754,8705,26.8,38225,10.9284,1.52
1787727113.789,8706,34.7,29493,10.9373,1.52
1787727113.821,8707,32.0,31960,10.9559,1.52
1787727113.854,8708,32.3,31664,10.9553,1.52
1787727113.887,8709,32.9,31154,10.9462,1.52
1787727113.919,8710,32.1,31883,10.9412,1.52
1787727113.952,8711,32.5,31475,10.9524,1.52
1787727113.984,8712,32.3,31719,10.9322,1.52
1787727114.016,8713,31.7,32352,10.9694,1.52
1787727114.048,8714,31.7,32271,10.9309,1.52
1787727114.078,8715,30.4,33670,10.9471,1.52
1787727114.093,8716,14.7,69525,10.9367,1.52
1787727114.109,8717,15.3,66953,10.9587,1.52
1787727114.124,8718,15.2,67478,10.9252,1.52
1787727114.140,8719,15.2,67279,10.9369,1.52
1787727114.155,8720,15.1,67732,10.9488,1.52
1787727114.171,8721,15.8,64613,10.9534,1.52
1787727114.189,8722,17.6,58160,10.9582,1.52
1787727114.206,8723,17.2,59420,10.9469,1.52
1787727114.224,8724,17.2,59695,10.8997,1.52
1787727114.241,8725,17.4,58800,10.9277,1.52
1787727114.259,8726,17.4,58984,10.9359,1.52
1787727114.276,8727,17.2,59398,10.9382,1.52
1787727114.294,8728,17.3,59208,10.9452,1.52
1787727114.311,8729,17.3,59219,10.9458,1.52
1787727114.334,8730,22.5,45587,10.9137,1.52
1787727114.369,8731,35.3,29046,10.9306,1.52
1787727114.402,8732,32.4,31592,10.9362,1.52
1787727114.435,8733,32.6,31422,10.9453,1.52
1787727114.467,8734,32.1,31873,10.9397,1.52
1787727114.500,8735,32.6,31389,10.9491,1.52
1787727114.532,8736,32.4,31563,10.9282,1.52
1787727114.565,8737,32.5,31510,10.9336,1.52
1787727114.597,8738,32.5,31552,10.9392,1.52
1787727114.630,8739,32.5,31468,10.9385,1.52
1787727114.662,8740,31.3,32684,10.9393,1.52
1787727114.694,8741,32.1,31898,10.9238,1.52
1787727114.726,8742,31.7,32253,10.9306,1.52
1787727114.759,8743,33.2,30805,10.9293,1.52
1787727114.791,8744,32.0,31987,10.9432,1.52
1787727114.808,8745,16.7,61458,10.9385,1.52
1787727114.826,8746,17.7,57823,10.9391,1.52
1787727114.842,8747,15.5,66073,10.9486,1.52
1787727114.860,8748,17.4,58850,10.9330,1.52
1787727114.875,8749,15.0,68311,10.9300,1.52
1787727114.891,8750,15.6,65695,10.9564,1.52
1787727114.908,8751,17.4,58764,10.9583,1.52
1787727114.926,8752,17.2,59551,10.9456,1.52
1787727114.943,8753,17.4,58739,10.9227,1.52
1787727114.961,8754,17.4,58795,10.9439,1.52
1787727114.979,8755,17.3,59177,10.9286,1.52
1787727114.996,8756,17.3,59079,10.9455,1.52
1787727115.014,8757,17.5,58508,10.9318,1.52
1787727115.032,8758,17.4,58752,10.9373,1.52
1787727115.058,8759,26.1,39188,10.9226,1.52
1787727115.086,8760,28.0,36526,10.9431,1.52
1787727115.102,8761,16.0,63991,10.9352,1.52
1787727115.119,8762,16.8,61115,10.9367,1.52
1787727115.135,8763,15.4,66547,10.9171,1.52
1787727115.150,8764,15.0,68313,10.9282,1.52
1787727115.166,8765,15.1,67843,10.9558,1.52
1787727115.182,8766,16.5,62008,10.9338,1.52
1787727115.200,8767,17.3,59059,10.9355,1.52
1787727115.217,8768,17.4,59018,10.9347,1.52
1787727115.235,8769,17.6,58336,10.9243,1.52
1787727115.253,8770,17.3,59050,10.9373,1.52
1787727115.270,8771,17.4,58870,10.9389,1.52
1787727115.288,8772,17.3,59149,10.9269,1.52
1787727115.306,8773,17.5,58490,10.9389,1.52
1787727115.323,8774,17.3,59350,10.9100,1.52
1787727115.355,8775,31.3,32667,10.9385,1.52
1787727115.378,8776,23.3,43973,10.9193,1.52
1787727115.396,8777,17.4,58865,10.9250,1.52
1787727115.413,8778,17.3,59140,10.9253,1.52
1787727115.431,8779,17.1,59867,10.9256,1.52
1787727115.448,8780,17.3,59321,10.9073,1.52
1787727115.466,8781,17.4,58761,10.9086,1.52
1787727115.483,8782,17.3,59026,10.9159,1.52
1787727115.500,8783,17.1,59989,10.9483,1.52
1787727115.518,8784,17.2,59490,10.9427,1.52
1787727115.550,8785,32.3,31672,10.9525,1.52
1787727115.584,8786,33.8,30265,10.9408,1.52
1787727115.617,8787,32.4,31612,10.9352,1.52
1787727115.650,8788,32.8,31265,10.9576,1.52
1787727115.675,8789,24.4,41899,10.9195,1.52
1787727115.696,8790,21.1,48452,10.9427,1.52
1787727115.713,8791,16.6,61576,10.9290,1.52
1787727115.733,8792,19.8,51728,10.9234,1.52
1787727115.749,8793,15.7,65107,10.9111,1.52
1787727115.765,8794,15.2,67235,10.9261,1.52
1787727115.780,8795,15.4,66661,10.9280,1.52
1787727115.796,8796,15.3,66875,10.9545,1.52
1787727115.811,8797,15.3,66889,10.9305,1.52
1787727115.828,8798,16.5,62077,10.9439,1.52
1787727115.845,8799,17.1,59893,10.9268,1.52
1787727115.863,8800,17.2,59690,10.9360,1.52
1787727115.880,8801,17.3,59136,10.9500,1.52
1787727115.898,8802,17.4,58935,10.9250,1.52
1787727115.915,8803,17.2,59374,10.9555,1.52
1787727115.933,8804,17.2,59443,10.9328,1.52
1787727115.950,8805,17.2,59534,10.9541,1.52
1787727115.978,8806,27.9,36676,10.9469,1.52
1787727116.005,8807,26.9,38070,10.9533,1.52
1787727116.022,8808,16.9,60614,10.9533,1.52
1787727116.039,8809,17.0,60357,10.9012,1.52
1787727116.056,8810,16.8,60826,10.9195,1.52
1787727116.073,8811,16.8,60852,10.9455,1.52
1787727116.090,8812,16.8,60990,10.9450,1.52
1787727116.107,8813,16.8,60829,10.9526,1.52
1787727116.124,8814,16.8,60981,10.9357,1.52
1787727116.141,8815,16.7,61181,10.9166,1.52
1787727116.158,8816,16.5,61882,10.9421,1.52
1787727116.178,8817,20.0,51079,10.9431,1.52
1787727116.214,8818,35.1,29181,10.9425,1.52
1787727116.246,8819,32.4,31582,10.9282,1.52
1787727116.279,8820,32.3,31749,10.9211,1.52
1787727116.312,8821,32.6,31453,10.9119,1.52
1787727116.344,8822,32.5,31543,10.9487,1.52
1787727116.377,8823,32.4,31576,10.9161,1.52
1787727116.409,8824,32.2,31829,10.9242,1.52
1787727116.442,8825,32.3,31748,10.9539,1.52
1787727116.474,8826,32.3,31696,10.9335,1.52
1787727116.506,8827,31.9,32062,10.9400,1.52
1787727116.529,8828,22.5,45550,10.9464,1.52
1787727116.546,8829,17.5,58557,10.9356,1.52
1787727116.564,8830,17.3,59106,10.9430,1.52
1787727116.582,8831,17.5,58651,10.9325,1.52
1787727116.599,8832,17.3,59080,10.9317,1.52
1787727116.617,8833,17.4,58852,10.9441,1.52
1787727116.634,8834,17.4,58863,10.9331,1.52
1787727116.652,8835,17.5,58382,10.9572,1.52
1787727116.671,8836,18.3,56018,10.9347,1.52
1787727116.705,8837,34.8,29418,10.9091,1.52
1787727116.723,8838,16.9,60470,10.9504,1.52
1787727116.739,8839,16.3,62970,10.9330,1.52
1787727116.755,8840,15.4,66495,10.9414,1.52
1787727116.771,8841,15.6,65808,10.9421,1.52
1787727116.786,8842,15.5,66204,10.9306,1.52
1787727116.802,8843,15.4,66429,10.9304,1.52
1787727116.819,8844,16.5,62247,10.9403,1.52
1787727116.836,8845,17.5,58444,10.9457,1.52
1787727116.854,8846,17.5,58561,10.9315,1.52
1787727116.872,8847,17.4,58731,10.9214,1.52
1787727116.889,8848,17.3,59323,10.9647,1.52
1787727116.907,8849,17.3,59088,10.9268,1.52
1787727116.924,8850,17.4,58838,10.9341,1.52
1787727116.942,8851,17.5,58664,10.9591,1.52
1787727116.960,8852,17.4,58740,10.9467,1.52
1787727116.991,8853,31.2,32789,10.9187,1.52
1787727117.013,8854,22.0,46446,10.9469,1.52
1787727117.030,8855,16.3,62984,10.9161,1.52
1787727117.045,8856,15.4,66459,10.9259,1.52
1787727117.061,8857,15.1,68022,10.9569,1.52
1787727117.076,8858,15.4,66622,10.9465,1.52
1787727117.093,8859,16.0,64071,10.9321,1.52
1787727117.110,8860,17.4,58817,10.9329,1.52
1787727117.128,8861,17.3,59056,10.9173,1.52
1787727117.145,8862,17.3,59086,10.9663,1.52
1787727117.163,8863,17.4,58977,10.9483,1.52
1787727117.180,8864,17.4,58912,10.9218,1.52
1787727117.198,8865,17.4,58721,10.9317,1.52
1787727117.216,8866,17.6,58148,10.9235,1.52
1787727117.233,8867,17.5,58580,10.9151,1.52
1787727117.264,8868,30.1,34044,10.9203,1.52
1787727117.298,8869,34.2,29912,10.9283,1.52
1787727117.331,8870,33.0,31024,10.9352,1.52
1787727117.362,8871,30.8,33217,10.9344,1.52
1787727117.395,8872,32.6,31378,10.9361,1.52
1787727117.427,8873,32.0,31952,10.9431,1.52
1787727117.460,8874,32.4,31566,10.9273,1.52
1787727117.492,8875,31.5,32481,10.9053,1.52
1787727117.524,8876,32.7,31332,10.9585,1.52
1787727117.556,8877,31.9,32142,10.9212,1.52
1787727117.588,8878,31.7,32316,10.9313,1.52
1787727117.619,8879,31.1,32890,10.9446,1.52
1787727117.652,8880,32.0,32029,10.9264,1.52
1787727117.684,8881,32.0,31993,10.9205,1.52
1787727117.715,8882,31.5,32477,10.9223,1.52
1787727117.747,8883,31.9,32145,10.9026,1.52
1787727117.779,8884,31.8,32196,10.9413,1.52
1787727117.811,8885,32.0,32033,10.9574,1.52
1787727117.844,8886,32.6,31398,10.9347,1.52
1787727117.876,8887,32.2,31845,10.9383,1.52
1787727117.897,8888,20.4,50143,10.9465,1.52
1787727117.914,8889,17.3,59360,10.9241,1.52
1787727117.932,8890,17.2,59477,10.9726,1.52
1787727117.949,8891,17.1,59710,10.9579,1.52
1787727117.967,8892,17.1,59730,10.9246,1.52
1787727117.984,8893,17.2,59442,10.9362,1.52
1787727118.001,8894,17.1,59986,10.9358,1.52
1787727118.019,8895,17.3,59215,10.9113,1.52
1787727118.036,8896,17.2,59651,10.9406,1.52
1787727118.063,8897,26.6,38563,10.9290,1.52
1787727118.091,8898,28.0,36520,10.9239,1.52
1787727118.108,8899,17.2,59363,10.9500,1.52
1787727118.126,8900,17.2,59627,10.9190,1.52
1787727118.143,8901,17.2,59561,10.9393,1.52
1787727118.161,8902,17.3,59275,10.9418,1.52
1787727118.178,8903,17.3,59165,10.9406,1.52
1787727118.196,8904,17.3,59289,10.9313,1.52
1787727118.213,8905,17.2,59533,10.9347,1.52
1787727118.230,8906,17.3,59328,10.9262,1.52
1787727118.255,8907,24.8,41246,10.9274,1.52
1787727118.290,8908,34.6,29557,10.9522,1.52
1787727118.324,8909,33.2,30840,10.9331,1.52
1787727118.356,8910,32.3,31664,10.9369,1.52
1787727118.388,8911,32.2,31768,10.9522,1.52
1787727118.420,8912,32.0,32036,10.9315,1.52
1787727118.453,8913,32.3,31733,10.9307,1.52
1787727118.484,8914,31.3,32719,10.9241,1.52
1787727118.516,8915,32.0,32005,10.9551,1.52
1787727118.549,8916,32.3,31657,10.9144,1.52
1787727118.581,8917,31.6,32366,10.9286,1.52
1787727118.613,8918,31.8,32180,10.9423,1.52
1787727118.644,8919,31.6,32432,10.9450,1.52
1787727118.678,8920,33.3,30794,10.9256,1.52
1787727118.710,8921,31.8,32180,10.9526,1.52
1787727118.742,8922,32.1,31923,10.9600,1.52
1787727118.774,8923,32.3,31693,10.9147,1.52
1787727118.806,8924,31.7,32319,10.9307,1.52
1787727118.839,8925,32.2,31764,10.9502,1.52
1787727118.871,8926,32.0,32025,10.9160,1.52
1787727118.902,8927,31.5,32512,10.9547,1.52
1787727118.935,8928,32.6,31370,10.9520,1.52
1787727118.966,8929,31.3,32733,10.9295,1.52
1787727118.999,8930,32.3,31719,10.9112,1.52
1787727119.031,8931,32.0,32005,10.9422,1.52
1787727119.060,8932,29.0,35339,10.9259,1.52
1787727119.077,8933,17.0,60072,10.8968,1.52
1787727119.095,8934,17.3,59227,10.9242,1.52
1787727119.112,8935,17.1,59996,10.9545,1.52
1787727119.129,8936,17.2,59647,10.9124,1.52
1787727119.147,8937,17.3,59304,10.9764,1.52
1787727119.164,8938,17.2,59496,10.9343,1.52
1787727119.182,8939,17.2,59561,10.9513,1.52
1787727119.199,8940,17.3,59040,10.8877,1.52
1787727119.219,8941,19.6,52295,10.9453,1.52
1787727119.254,8942,35.0,29248,10.9370,1.52
1787727119.288,8943,33.3,30732,10.9424,1.52
1787727119.320,8944,32.6,31423,10.9469,1.52
1787727119.352,8945,32.0,32039,10.9433,1.52
1787727119.384,8946,31.4,32641,10.9510,1.52
1787727119.416,8947,32.3,31737,10.9484,1.52
1787727119.448,8948,32.0,32028,10.9372,1.52
1787727119.481,8949,32.5,31523,10.9156,1.52
1787727119.513,8950,31.9,32088,10.9448,1.52
1787727119.545,8951,31.7,32314,10.9406,1.52
1787727119.568,8952,22.8,44867,10.9457,1.52
1787727119.586,8953,17.6,58329,10.9342,1.52
1787727119.603,8954,17.4,58775,10.9301,1.52
1787727119.621,8955,17.5,58570,10.9375,1.52
1787727119.639,8956,17.5,58602,10.9301,1.52
1787727119.656,8957,17.4,58722,10.9620,1.52
1787727119.674,8958,17.4,58914,10.9230,1.52
1787727119.691,8959,17.5,58636,10.9177,1.52
1787727119.709,8960,17.7,57779,10.9558,1.52
1787727119.744,8961,35.0,29297,10.9483,1.52
1787727119.778,8962,33.3,30744,10.9271,1.52
1787727119.812,8963,33.2,30850,10.9436,1.52
1787727119.845,8964,33.6,30435,10.9488,1.52
1787727119.879,8965,33.0,31030,10.9042,1.52
1787727119.911,8966,31.8,32232,10.9348,1.52
1787727119.943,8967,32.3,31680,10.9464,1.52
1787727119.976,8968,31.8,32187,10.9349,1.52
1787727120.007,8969,31.3,32714,10.9441,1.52
1787727120.040,8970,32.3,31707,10.9421,1.52
1787727120.073,8971,33.0,31000,10.9454,1.52
1787727120.107,8972,33.3,30774,10.9434,1.52
1787727120.139,8973,32.4,31630,10.9503,1.52
1787727120.172,8974,32.0,32022,10.9447,1.52
1787727120.203,8975,31.3,32745,10.9148,1.52
1787727120.234,8976,30.2,33963,10.9664,1.52
1787727120.264,8977,30.6,33459,10.9468,1.52
1787727120.289,8978,24.2,42340,10.9201,1.52
1787727120.304,8979,15.2,67432,10.9014,1.52
1787727120.320,8980,15.2,67482,10.9569,1.52
1787727120.335,8981,15.6,65790,10.9494,1.52
1787727120.351,8982,15.3,66843,10.9522,1.52
1787727120.366,8983,15.0,68399,10.9485,1.52
1787727120.383,8984,16.5,61966,10.9579,1.52
1787727120.401,8985,17.4,58957,10.9254,1.52
1787727120.418,8986,17.2,59570,10.9574,1.52
1787727120.435,8987,17.3,59118,10.9508,1.52
1787727120.453,8988,17.3,59045,10.9542,1.52
1787727120.471,8989,17.3,59186,10.9416,1.52
1787727120.488,8990,17.6,58280,10.9689,1.52
1787727120.506,8991,17.5,58433,10.9457,1.52
1787727120.524,8992,17.3,59315,10.9529,1.52
1787727120.552,8993,28.3,36162,10.9378,1.52
1787727120.577,8994,24.9,41104,10.9424,1.52
1787727120.594,8995,16.1,63509,10.9491,1.52
1787727120.609,8996,15.5,66272,10.9539,1.52
1787727120.625,8997,15.6,65488,10.9528,1.52
1787727120.641,8998,15.3,66868,10.9367,1.52
1787727120.656,8999,15.1,67977,10.9563,1.52
1787727120.673,9000,16.3,62645,10.9308,1.52
1787727120.690,9001,17.0,60246,10.9421,1.52
1787727120.707,9002,17.4,58970,10.9334,1.52
1787727120.725,9003,17.2,59398,10.9233,1.52
1787727120.742,9004,17.1,59764,10.9326,1.52
1787727120.759,9005,16.9,60621,10.9232,1.52
1787727120.777,9006,17.3,59103,10.9367,1.52
1787727120.794,9007,17.2,59542,10.9341,1.52
1787727120.812,9008,17.3,59241,10.9463,1.52
1787727120.829,9009,17.4,59015,10.9279,1.52
1787727120.847,9010,17.3,59119,10.9502,1.52
1787727120.864,9011,17.3,59130,10.9475,1.52
1787727120.882,9012,17.2,59575,10.9228,1.52
1787727120.899,9013,17.3,59233,10.9367,1.52
1787727120.917,9014,17.3,59040,10.9410,1.52
1787727120.934,9015,17.3,59125,10.9387,1.52
1787727120.952,9016,17.3,59173,10.9419,1.52
1787727120.969,9017,17.2,59584,10.9653,1.52
1787727120.995,9018,25.9,39598,10.9305,1.52
1787727121.039,9019,43.7,23432,10.9483,1.52
1787727121.063,9020,24.0,42610,10.9290,1.52
1787727121.081,9021,17.1,59753,10.9427,1.52
1787727121.098,9022,17.5,58398,10.9180,1.52
1787727121.116,9023,17.3,59195,10.9458,1.52
1787727121.134,9024,17.3,59080,10.9372,1.52
1787727121.151,9025,17.3,59030,10.9251,1.52
1787727121.169,9026,17.4,58685,10.9141,1.52
1787727121.186,9027,17.2,59523,10.9382,1.52
1787727121.206,9028,19.4,52918,10.9389,1.52
1787727121.238,9029,31.3,32737,10.9304,1.52
1787727121.263,9030,24.7,41540,10.9491,1.52
1787727121.285,9031,21.5,47546,10.9311,1.52
1787727121.305,9032,20.0,51247,10.9430,1.52
1787727121.322,9033,17.0,60136,10.9133,1.52
1787727121.340,9034,17.5,58518,10.9403,1.52
1787727121.357,9035,17.3,59325,10.9465,1.52
1787727121.375,9036,17.3,59173,10.9200,1.52
1787727121.393,9037,17.4,58965,10.9297,1.52
1787727121.410,9038,17.2,59666,10.9576,1.52
1787727121.434,9039,23.8,42988,10.9570,1.52
1787727121.469,9040,35.1,29180,10.9416,1.52
1787727121.502,9041,32.5,31497,10.9658,1.52
1787727121.535,9042,32.2,31803,10.9464,1.52
1787727121.566,9043,31.5,32549,10.9458,1.52
1787727121.599,9044,32.9,31159,10.9219,1.52
1787727121.631,9045,31.6,32413,10.9383,1.52
1787727121.663,9046,31.8,32175,10.9314,1.52
1787727121.696,9047,32.2,31828,10.9371,1.52
1787727121.728,9048,32.5,31515,10.9492,1.52
1787727121.760,9049,31.2,32803,10.9337,1.52
1787727121.776,9050,15.7,65415,10.9330,1.52
1787727121.792,9051,15.8,64842,10.9287,1.52
1787727121.807,9052,15.4,66655,10.9291,1.52
1787727121.823,9053,15.5,66063,10.9409,1.52
1787727121.839,9054,15.4,66622,10.9467,1.52
1787727121.856,9055,17.4,58808,10.9385,1.52
1787727121.872,9056,15.2,67432,10.9631,1.52
1787727121.892,9057,20.5,49918,10.9441,1.52
1787727121.910,9058,17.5,58584,10.9609,1.52
1787727121.927,9059,16.9,60528,10.9687,1.52
1787727121.945,9060,17.2,59635,10.9474,1.52
1787727121.962,9061,17.2,59629,10.9282,1.52
1787727121.981,9062,19.2,53223,10.9128,1.52
1787727122.001,9063,19.4,52834,10.9404,1.52
1787727122.021,9064,19.7,51904,10.9541,1.52
1787727122.041,9065,19.5,52463,10.9493,1.52
1787727122.066,9066,24.8,41318,10.9459,1.52
1787727122.100,9067,33.9,30240,10.9284,1.52
1787727122.131,9068,30.5,33591,10.9265,1.52
1787727122.162,9069,31.4,32598,10.9313,1.52
1787727122.193,9070,30.5,33522,10.9425,1.52
1787727122.225,9071,31.4,32591,10.9418,1.52
1787727122.256,9072,30.7,33338,10.9440,1.52
1787727122.273,9073,16.9,60505,10.9410,1.52
1787727122.289,9074,16.1,63470,10.9326,1.52
1787727122.305,9075,16.0,64176,10.9181,1.52
1787727122.321,9076,15.7,65287,10.9241,1.52
1787727122.337,9077,15.8,64665,10.9476,1.52
1787727122.353,9078,15.1,67822,10.9296,1.52
1787727122.370,9079,16.7,61224,10.9456,1.52
1787727122.387,9080,17.5,58586,10.9293,1.52
1787727122.405,9081,17.3,59110,10.9354,1.52
1787727122.423,9082,17.3,59089,10.8959,1.52
1787727122.440,9083,17.5,58572,10.9447,1.52
1787727122.458,9084,17.5,58623,10.9280,1.52
1787727122.475,9085,17.1,59791,10.9621,1.52
1787727122.493,9086,17.4,58853,10.9282,1.52
1787727122.510,9087,17.4,58779,10.9614,1.52
1787727122.544,9088,33.1,30892,10.9284,1.52
1787727122.565,9089,21.5,47585,10.9464,1.52
1787727122.583,9090,17.3,59188,10.9224,1.52
1787727122.600,9091,17.2,59696,10.9329,1.52
1787727122.618,9092,17.3,59219,10.9184,1.52
1787727122.635,9093,17.2,59390,10.9390,1.52
1787727122.653,9094,17.4,58940,10.9299,1.52
1787727122.670,9095,17.2,59688,10.9385,1.52
1787727122.687,9096,17.2,59505,10.9086,1.52
1787727122.705,9097,17.2,59589,10.9183,1.52
1787727122.735,9098,29.6,34569,10.9267,1.52
1787727122.768,9099,33.6,30464,10.9210,1.52
1787727122.801,9100,32.7,31309,10.9334,1.52
1787727122.834,9101,32.6,31373,10.9711,1.52
1787727122.866,9102,32.0,31952,10.9210,1.52
1787727122.899,9103,32.9,31090,10.9161,1.52
1787727122.931,9104,31.9,32136,10.9447,1.52
1787727122.964,9105,32.3,31657,10.9609,1.52
1787727122.996,9106,32.1,31898,10.9243,1.52
1787727123.029,9107,32.6,31409,10.9591,1.52
1787727123.061,9108,32.1,31862,10.9078,1.52
1787727123.093,9109,31.8,32167,10.9274,1.52
1787727123.125,9110,32.2,31774,10.9304,1.52
1787727123.157,9111,31.8,32189,10.9236,1.52
1787727123.189,9112,31.9,32116,10.9340,1.52
1787727123.221,9113,31.1,32918,10.9444,1.52
1787727123.252,9114,30.7,33322,10.9290,1.52
1787727123.282,9115,30.6,33512,10.9241,1.52
1787727123.313,9116,30.6,33450,10.9389,1.52
1787727123.343,9117,29.9,34287,10.9463,1.52
1787727123.374,9118,30.9,33148,10.9249,1.52
1787727123.405,9119,30.7,33379,10.9381,1.52
1787727123.436,9120,30.7,33305,10.9228,1.52
1787727123.467,9121,30.8,33223,10.9473,1.52
1787727123.498,9122,30.8,33207,10.9262,1.52
1787727123.528,9123,30.2,33895,10.9584,1.52
1787727123.559,9124,31.3,32738,10.9498,1.52
1787727123.590,9125,30.2,33930,10.9383,1.52
1787727123.620,9126,30.4,33633,10.9241,1.52
1787727123.651,9127,30.4,33696,10.9331,1.52
1787727123.683,9128,32.0,32009,10.9471,1.52
1787727123.714,9129,30.8,33289,10.9614,1.52
1787727123.746,9130,30.9,33183,10.9249,1.52
1787727123.776,9131,30.3,33747,10.9421,1.52
1787727123.808,9132,31.4,32641,10.9405,1.52
1787727123.832,9133,24.3,42122,10.9469,1.52
1787727123.848,9134,15.6,65691,10.9343,1.52
1787727123.863,9135,15.1,67954,10.9581,1.52
1787727123.879,9136,15.0,68218,10.9569,1.52
1787727123.894,9137,14.9,68580,10.9083,1.52
1787727123.910,9138,15.7,65292,10.9449,1.52
1787727123.927,9139,17.1,59830,10.9482,1.52
1787727123.945,9140,17.4,58998,10.9571,1.52
1787727123.962,9141,17.3,59360,10.9598,1.52
1787727123.979,9142,17.1,59996,10.9585,1.52
1787727123.997,9143,17.4,58702,10.9195,1.52
1787727124.015,9144,17.3,59116,10.9329,1.52
1787727124.032,9145,17.3,59337,10.9428,1.52
1787727124.049,9146,17.3,59260,10.9223,1.52
1787727124.072,9147,21.7,47114,10.9476,1.52
1787727124.107,9148,35.1,29145,10.9147,1.52
1787727124.139,9149,32.0,32014,10.9244,1.52
1787727124.171,9150,31.8,32248,10.9392,1.52
1787727124.203,9151,31.6,32424,10.9454,1.52
1787727124.234,9152,31.0,32986,10.9336,1.52
1787727124.265,9153,30.3,33848,10.9359,1.52
1787727124.296,9154,31.2,32798,10.9519,1.52
1787727124.327,9155,30.6,33504,10.9357,1.52
1787727124.356,9156,28.4,36072,10.9431,1.52
1787727124.371,9157,14.8,69419,10.9394,1.52
1787727124.387,9158,15.5,66060,10.9228,1.52
1787727124.402,9159,15.1,67632,10.9403,1.52
1787727124.417,9160,15.3,67117,10.9273,1.52
1787727124.433,9161,15.3,66908,10.9297,1.52
1787727124.450,9162,16.4,62350,10.9309,1.52
1787727124.467,9163,17.4,58969,10.9537,1.52
1787727124.485,9164,17.4,58899,10.9293,1.52
1787727124.502,9165,17.4,58891,10.9326,1.52
1787727124.520,9166,17.3,59026,10.9126,1.52
1787727124.538,9167,17.4,58732,10.9162,1.52
1787727124.555,9168,17.2,59495,10.9329,1.52
1787727124.573,9169,17.3,59020,10.9396,1.52
1787727124.590,9170,17.3,59164,10.9354,1.52
1787727124.620,9171,29.8,34309,10.9495,1.52
1787727124.645,9172,25.1,40751,10.9602,1.52
1787727124.663,9173,17.3,59213,10.9394,1.52
1787727124.681,9174,17.6,58245,10.9591,1.52
1787727124.698,9175,17.1,59878,10.9312,1.52
1787727124.715,9176,17.1,59974,10.9433,1.52
1787727124.733,9177,17.1,59857,10.9008,1.52
1787727124.750,9178,17.3,59301,10.9402,1.52
1787727124.767,9179,17.1,59894,10.9230,1.52
1787727124.785,9180,17.4,58998,10.9145,1.52
1787727124.811,9181,25.8,39740,10.9237,1.52
1787727124.846,9182,34.7,29503,10.9351,1.52
1787727124.878,9183,32.0,32014,10.9430,1.52
1787727124.910,9184,31.7,32297,10.9440,1.52
1787727124.942,9185,32.1,31901,10.9305,1.52
1787727124.974,9186,31.7,32286,10.9387,1.52
1787727124.997,9187,22.2,46115,10.9387,1.52
1787727125.014,9188,17.5,58359,10.9368,1.52
1787727125.032,9189,17.5,58651,10.9264,1.52
1787727125.049,9190,17.2,59677,10.9474,1.52
1787727125.067,9191,17.2,59430,10.9438,1.52
1787727125.084,9192,17.1,59892,10.9065,1.52
1787727125.102,9193,18.2,56137,10.9168,1.52
1787727125.122,9194,18.9,54198,10.9389,1.52
1787727125.139,9195,17.0,60147,10.9139,1.52
1787727125.165,9196,26.4,38842,10.9509,1.52
1787727125.200,9197,34.5,29718,10.9485,1.52
1787727125.232,9198,32.2,31793,10.9514,1.52
1787727125.265,9199,31.9,32138,10.9423,1.52
1787727125.297,9200,32.7,31359,10.9477,1.52
1787727125.329,9201,31.3,32752,10.9271,1.52
1787727125.362,9202,33.2,30805,10.9212,1.52
1787727125.395,9203,32.4,31625,10.9138,1.52
1787727125.427,9204,32.2,31831,10.9482,1.52
1787727125.459,9205,31.6,32403,10.9459,1.52
1787727125.491,9206,31.9,32127,10.9622,1.52
1787727125.523,9207,32.3,31693,10.9407,1.52
1787727125.555,9208,32.0,31979,10.9131,1.52
1787727125.587,9209,31.9,32134,10.9204,1.52
1787727125.620,9210,32.4,31581,10.9360,1.52
1787727125.652,9211,32.0,31999,10.9380,1.52
1787727125.685,9212,32.7,31360,10.9521,1.52
1787727125.717,9213,32.1,31889,10.9098,1.52
1787727125.739,9214,21.5,47561,10.9219,1.52
1787727125.757,9215,17.8,57549,10.9227,1.52
1787727125.774,9216,17.4,58705,10.9397,1.52
1787727125.792,9217,17.2,59404,10.9243,1.52
1787727125.809,9218,17.2,59543,10.9336,1.52
1787727125.828,9219,18.1,56519,10.9102,1.52
1787727125.845,9220,17.4,59005,10.9500,1.52
1787727125.863,9221,17.2,59514,10.9540,1.52
1787727125.880,9222,17.3,59249,10.9398,1.52
1787727125.907,9223,26.7,38410,10.9295,1.52
1787727125.934,9224,27.0,37923,10.9312,1.52
1787727125.953,9225,18.2,56365,10.9128,1.52
1787727125.970,9226,17.3,59255,10.9549,1.52
1787727125.988,9227,17.3,59268,10.9574,1.52
1787727126.006,9228,17.9,57265,10.9389,1.52
1787727126.023,9229,17.2,59610,10.9299,1.52
1787727126.041,9230,17.2,59666,10.9323,1.52
1787727126.058,9231,17.1,60018,10.9462,1.52
1787727126.075,9232,17.1,59900,10.9220,1.52
1787727126.099,9233,23.0,44457,10.9241,1.52
1787727126.133,9234,34.1,30036,10.9169,1.52
1787727126.163,9235,30.1,34064,10.9343,1.52
1787727126.194,9236,30.4,33649,10.9413,1.52
1787727126.225,9237,30.4,33731,10.9557,1.52
1787727126.256,9238,30.4,33731,10.9228,1.52
1787727126.287,9239,30.9,33095,10.9530,1.52
1787727126.318,9240,30.5,33616,10.9478,1.52
1787727126.348,9241,30.4,33710,10.9392,1.52
1787727126.379,9242,30.0,34096,10.9499,1.52
1787727126.408,9243,29.6,34612,10.9389,1.52
1787727126.438,9244,29.4,34805,10.9491,1.52
1787727126.453,9245,14.9,68938,10.9236,1.52
1787727126.468,9246,15.1,67990,10.9366,1.52
1787727126.484,9247,15.1,67687,10.9510,1.52
1787727126.499,9248,15.1,67986,10.9255,1.52
1787727126.515,9249,15.7,65216,10.9270,1.52
1787727126.533,9250,17.4,58799,10.9300,1.52
1787727126.550,9251,17.1,59814,10.9311,1.52
1787727126.567,9252,17.1,59802,10.9230,1.52
1787727126.585,9253,17.3,59311,10.9346,1.52
1787727126.602,9254,17.1,59854,10.9122,1.52
1787727126.621,9255,19.1,53744,10.9569,1.52
1787727126.639,9256,17.4,58878,10.9369,1.52
1787727126.657,9257,17.6,58146,10.9492,1.52
1787727126.681,9258,23.8,43055,10.9392,1.52
1787727126.711,9259,29.9,34270,10.9495,1.52
1787727126.729,9260,17.2,59415,10.9321,1.52
1787727126.746,9261,16.9,60694,10.9561,1.52
1787727126.763,9262,17.0,60080,10.9433,1.52
1787727126.779,9263,15.7,65049,10.9000,1.52
1787727126.794,9264,15.2,67282,10.9196,1.52
1787727126.810,9265,15.3,67072,10.9445,1.52
1787727126.826,9266,15.7,65183,10.9423,1.52
1787727126.841,9267,15.4,66670,10.9549,1.52
1787727126.858,9268,16.3,62719,10.9578,1.52
1787727126.875,9269,17.2,59504,10.9126,1.52
1787727126.892,9270,17.1,59945,10.9135,1.52
1787727126.910,9271,17.3,59063,10.9155,1.52
1787727126.927,9272,17.2,59452,10.9208,1.52
1787727126.945,9273,17.0,60080,10.9235,1.52
1787727126.978,9274,33.3,30794,10.9172,1.52
1787727126.997,9275,19.2,53431,10.9365,1.52
1787727127.013,9276,15.7,65249,10.9183,1.52
1787727127.029,9277,15.4,66425,10.9502,1.52
1787727127.044,9278,15.0,68434,10.9298,1.52
1787727127.060,9279,15.4,66375,10.9253,1.52
1787727127.076,9280,15.5,65936,10.8964,1.52
1787727127.093,9281,17.5,58480,10.9671,1.52
1787727127.111,9282,17.2,59511,10.9407,1.52
1787727127.128,9283,17.2,59642,10.9226,1.52
1787727127.146,9284,17.4,59016,10.9510,1.52
1787727127.163,9285,17.3,59288,10.9381,1.52
1787727127.181,9286,17.1,59758,10.9100,1.52
1787727127.198,9287,17.1,59763,10.9324,1.52
1787727127.215,9288,17.1,60024,10.9448,1.52
1787727127.233,9289,17.2,59525,10.9276,1.52
1787727127.267,9290,33.9,30246,10.9316,1.52
1787727127.288,9291,21.0,48748,10.9627,1.52
1787727127.306,9292,17.5,58512,10.9343,1.52
1787727127.323,9293,17.3,59168,10.9326,1.52
1787727127.341,9294,17.4,59003,10.9287,1.52
1787727127.359,9295,17.5,58606,10.9475,1.52
1787727127.376,9296,17.4,58953,10.9353,1.52
1787727127.394,9297,17.7,57760,10.9534,1.52
1787727127.411,9298,17.1,59855,10.9521,1.52
1787727127.429,9299,17.3,59224,10.9366,1.52
1787727127.463,9300,33.8,30254,10.9122,1.52
1787727127.497,9301,33.9,30246,10.9647,1.52
1787727127.530,9302,32.8,31263,10.9643,1.52
1787727127.563,9303,32.3,31656,10.9321,1.52
1787727127.595,9304,32.2,31825,10.9633,1.52
1787727127.624,9305,29.2,35034,10.9273,1.52
1787727127.642,9306,17.3,59119,10.9527,1.52
1787727127.659,9307,17.2,59365,10.9454,1.52
1787727127.677,9308,17.2,59548,10.9403,1.52
1787727127.694,9309,17.3,59156,10.9441,1.52
1787727127.711,9310,17.1,59765,10.9368,1.52
1787727127.729,9311,17.2,59642,10.9533,1.52
1787727127.746,9312,17.2,59492,10.9432,1.52
1787727127.764,9313,17.2,59588,10.9479,1.52
1787727127.781,9314,17.0,60063,10.9511,1.52
1787727127.815,9315,34.0,30096,10.9352,1.52
1787727127.836,9316,21.1,48597,10.9192,1.52
1787727127.854,9317,17.6,58018,10.9465,1.52
1787727127.872,9318,17.3,59197,10.9278,1.52
1787727127.889,9319,17.3,59077,10.9039,1.52
1787727127.907,9320,17.4,58960,10.9455,1.52
1787727127.924,9321,17.1,59947,10.9464,1.52
1787727127.942,9322,17.4,58961,10.9415,1.52
1787727127.959,9323,17.3,59206,10.9104,1.52
1787727127.977,9324,17.4,58998,10.9401,1.52
1787727128.011,9325,33.6,30510,10.9439,1.52
1787727128.045,9326,34.0,30076,10.9337,1.52
1787727128.076,9327,31.3,32700,10.9251,1.52
1787727128.108,9328,31.6,32384,10.9411,1.52
1787727128.140,9329,32.3,31697,10.9268,1.52
1787727128.173,9330,32.6,31403,10.9326,1.52
1787727128.206,9331,32.5,31553,10.9402,1.52
1787727128.238,9332,32.3,31698,10.9286,1.52
1787727128.271,9333,32.3,31702,10.9451,1.52
1787727128.303,9334,32.5,31467,10.9151,1.52
1787727128.335,9335,31.9,32094,10.9550,1.52
1787727128.368,9336,32.7,31273,10.9485,1.52
1787727128.400,9337,31.2,32824,10.9326,1.52
1787727128.432,9338,32.5,31489,10.9522,1.52
1787727128.464,9339,31.9,32114,10.9178,1.52
1787727128.497,9340,32.4,31593,10.9284,1.52
1787727128.530,9341,32.6,31410,10.9319,1.52
1787727128.562,9342,31.7,32295,10.9544,1.52
1787727128.594,9343,31.9,32142,10.9255,1.52
1787727128.626,9344,32.6,31380,10.9445,1.52
1787727128.658,9345,31.4,32617,10.9555,1.52
1787727128.691,9346,32.5,31479,10.9458,1.52
1787727128.722,9347,31.4,32564,10.9307,1.52
1787727128.757,9348,34.2,29907,10.9227,1.52
1787727128.789,9349,32.2,31811,10.9554,1.52
1787727128.823,9350,32.8,31256,10.9473,1.52
1787727128.855,9351,32.4,31637,10.9463,1.52
1787727128.888,9352,32.8,31210,10.9631,1.52
1787727128.921,9353,32.4,31635,10.9461,1.52
1787727128.954,9354,32.5,31508,10.9588,1.52
1787727128.986,9355,32.4,31612,10.9358,1.52
1787727129.019,9356,32.7,31268,10.9275,1.52
1787727129.052,9357,32.6,31456,10.9389,1.52
1787727129.085,9358,32.1,31901,10.9040,1.52
1787727129.117,9359,31.7,32297,10.9274,1.52
1787727129.139,9360,21.8,47001,10.9482,1.52
1787727129.165,9361,24.2,42338,10.9397,1.52
1787727129.180,9362,15.0,68061,10.9433,1.52
1787727129.195,9363,14.8,68980,10.9039,1.52
1787727129.212,9364,16.4,62267,10.9247,1.52
1787727129.229,9365,16.9,60736,10.9411,1.52
1787727129.248,9366,18.5,55289,10.9363,1.52
1787727129.266,9367,18.3,56095,10.9486,1.52
1787727129.285,9368,18.6,55126,10.9378,1.52
1787727129.303,9369,18.0,57018,10.9321,1.52
1787727129.322,9370,18.1,56633,10.9390,1.52
1787727129.341,9371,19.0,53886,10.9369,1.52
1787727129.376,9372,35.4,28919,10.9035,1.52
1787727129.409,9373,32.6,31444,10.9510,1.52
1787727129.441,9374,31.4,32623,10.9494,1.52
1787727129.474,9375,32.5,31511,10.9311,1.52
1787727129.506,9376,32.4,31608,10.9539,1.52
1787727129.539,9377,32.6,31454,10.9438,1.52
1787727129.571,9378,32.4,31652,10.9313,1.52
1787727129.604,9379,33.0,30993,10.9323,1.52
1787727129.636,9380,31.5,32507,10.9490,1.52
1787727129.652,9381,15.3,66720,10.9427,1.52
1787727129.667,9382,15.5,66037,10.9023,1.52
1787727129.683,9383,15.1,67808,10.9666,1.52
1787727129.698,9384,15.0,68251,10.9266,1.52
1787727129.714,9385,15.8,64646,10.9418,1.52
1787727129.732,9386,17.8,57404,10.9435,1.52
1787727129.750,9387,17.3,59272,10.9328,1.52
1787727129.767,9388,17.6,58297,10.9407,1.52
1787727129.785,9389,17.4,58858,10.9553,1.52
1787727129.803,9390,17.6,58329,10.9286,1.52
1787727129.820,9391,17.2,59408,10.9616,1.52
1787727129.837,9392,17.1,59854,10.9383,1.52
1787727129.855,9393,17.4,58859,10.9175,1.52
1787727129.874,9394,19.1,53689,10.9529,1.52
1787727129.909,9395,35.0,29251,10.9420,1.52
1787727129.925,9396,15.4,66612,10.9042,1.52
1787727129.941,9397,15.7,65274,10.9274,1.52
1787727129.956,9398,15.1,67712,10.9515,1.52
1787727129.972,9399,15.3,66780,10.9406,1.52
1787727129.987,9400,15.1,67722,10.9404,1.52
1787727130.003,9401,15.7,65081,10.9299,1.52
1787727130.021,9402,17.2,59576,10.9367,1.52
1787727130.038,9403,17.3,59223,10.9488,1.52
1787727130.055,9404,17.3,59347,10.9457,1.52
1787727130.073,9405,17.2,59526,10.9294,1.52
1787727130.090,9406,17.2,59384,10.9361,1.52
1787727130.108,9407,17.2,59563,10.9412,1.52
1787727130.125,9408,17.4,59013,10.9347,1.52
1787727130.143,9409,17.2,59478,10.9786,1.52
1787727130.160,9410,17.0,60237,10.9359,1.52
1787727130.195,9411,34.9,29337,10.9062,1.52
1787727130.229,9412,33.8,30266,10.9368,1.52
1787727130.262,9413,32.8,31228,10.9294,1.52
1787727130.295,9414,32.9,31155,10.9568,1.52
1787727130.328,9415,32.5,31506,10.9337,1.52
1787727130.355,9416,27.0,37897,10.9381,1.52
1787727130.372,9417,16.0,64027,10.9310,1.52
1787727130.388,9418,15.8,64950,10.9370,1.52
1787727130.402,9419,14.6,70070,10.9082,1.52
1787727130.417,9420,14.6,70118,10.9354,1.52
1787727130.433,9421,15.5,66006,10.8966,1.52
1787727130.448,9422,15.0,68450,10.9528,1.52
1787727130.464,9423,16.1,63497,10.9276,1.52
1787727130.482,9424,17.2,59505,10.9358,1.52
1787727130.499,9425,17.2,59400,10.9123,1.52
1787727130.517,9426,17.3,59127,10.9634,1.52
1787727130.534,9427,17.1,59728,10.9346,1.52
1787727130.552,9428,17.2,59503,10.9199,1.52
1787727130.569,9429,17.2,59488,10.9421,1.52
1787727130.586,9430,17.2,59518,10.9077,1.52
1787727130.604,9431,17.3,59091,10.9430,1.52
1787727130.628,9432,23.8,42962,10.9087,1.52
1787727130.663,9433,34.9,29312,10.9244,1.52
1787727130.695,9434,31.8,32186,10.9453,1.52
1787727130.727,9435,31.6,32386,10.9716,1.52
1787727130.759,9436,32.1,31932,10.9583,1.52
1787727130.791,9437,32.3,31692,10.9135,1.52
1787727130.824,9438,32.2,31846,10.9432,1.52
1787727130.857,9439,33.4,30630,10.9594,1.52
1787727130.890,9440,32.4,31602,10.9521,1.52
1787727130.923,9441,32.7,31267,10.9332,1.52
1787727130.955,9442,32.2,31754,10.9384,1.52
1787727130.988,9443,32.6,31427,10.9127,1.52
1787727131.020,9444,31.9,32083,10.9380,1.52
1787727131.052,9445,32.1,31864,10.9380,1.52
1787727131.084,9446,32.3,31667,10.9556,1.52
1787727131.117,9447,32.5,31476,10.9341,1.52
1787727131.150,9448,32.5,31541,10.9307,1.52
1787727131.182,9449,32.4,31566,10.9327,1.52
1787727131.205,9450,22.3,45993,10.9528,1.52
1787727131.222,9451,17.3,59175,10.9611,1.52
1787727131.239,9452,17.1,59935,10.9530,1.52
1787727131.257,9453,17.2,59459,10.9479,1.52
1787727131.274,9454,17.2,59544,10.9176,1.52
1787727131.291,9455,17.1,60022,10.9559,1.52
1787727131.309,9456,17.3,59066,10.9152,1.52
1787727131.326,9457,16.9,60692,10.9442,1.52
1787727131.343,9458,17.1,59859,10.9573,1.52
1787727131.371,9459,27.8,36801,10.9475,1.52
1787727131.400,9460,28.0,36558,10.9603,1.52
1787727131.417,9461,17.1,59801,10.9328,1.52
1787727131.433,9462,15.4,66599,10.9163,1.52
1787727131.449,9463,16.1,63654,10.9397,1.52
1787727131.465,9464,15.2,67243,10.9208,1.52
1787727131.480,9465,15.4,66507,10.9663,1.52
1787727131.497,9466,16.6,61684,10.9441,1.52
1787727131.514,9467,17.2,59378,10.9374,1.52
1787727131.532,9468,17.1,60054,10.9581,1.52
1787727131.549,9469,17.2,59528,10.9387,1.52
1787727131.566,9470,17.1,60038,10.9368,1.52
1787727131.584,9471,17.2,59633,10.9241,1.52
1787727131.601,9472,17.2,59399,10.9236,1.52
1787727131.618,9473,17.1,59941,10.9378,1.52
1787727131.636,9474,17.2,59473,10.9129,1.52
1787727131.653,9475,17.2,59369,10.9467,1.52
1787727131.680,9476,26.3,38903,10.9118,1.52
1787727131.715,9477,35.0,29265,10.9258,1.52
1787727131.747,9478,32.1,31852,10.9398,1.52
1787727131.779,9479,31.3,32717,10.9524,1.52
1787727131.811,9480,32.4,31561,10.9254,1.52
1787727131.844,9481,32.3,31669,10.9298,1.52
1787727131.876,9482,32.2,31842,10.9403,1.52
1787727131.909,9483,32.5,31468,10.9408,1.52
1787727131.941,9484,32.4,31565,10.9477,1.52
1787727131.974,9485,32.0,31976,10.9542,1.52
1787727132.006,9486,32.0,31959,10.9309,1.52
1787727132.032,9487,26.2,39144,10.9437,1.52
1787727132.049,9488,17.0,60275,10.9287,1.52
1787727132.067,9489,17.2,59523,10.9719,1.52
1787727132.084,9490,17.1,59993,10.9183,1.52
1787727132.101,9491,17.1,59813,10.9716,1.52
1787727132.119,9492,17.1,59965,10.9345,1.52
1787727132.136,9493,17.2,59460,10.9275,1.52
1787727132.153,9494,17.2,59436,10.9377,1.52
1787727132.171,9495,17.2,59370,10.9298,1.52
1787727132.191,9496,20.5,50034,10.9648,1.52
1787727132.226,9497,34.3,29853,10.9469,1.52
1787727132.243,9498,17.1,59960,10.9491,1.52
1787727132.261,9499,17.3,59178,10.9417,1.52
1787727132.278,9500,17.2,59397,10.9049,1.52
1787727132.295,9501,17.2,59685,10.9558,1.52
1787727132.313,9502,17.2,59559,10.9331,1.52
1787727132.330,9503,17.3,59109,10.9336,1.52
1787727132.348,9504,17.2,59615,10.9439,1.52
1787727132.365,9505,17.3,59138,10.9586,1.52
1787727132.384,9506,18.1,56548,10.9011,1.52
1787727132.418,9507,34.3,29865,10.9309,1.52
1787727132.438,9508,19.6,52273,10.9393,1.52
1787727132.455,9509,17.3,59195,10.9491,1.52
1787727132.472,9510,17.1,59734,10.9130,1.52
1787727132.490,9511,17.2,59365,10.9251,1.52
1787727132.507,9512,17.4,58945,10.9567,1.52
1787727132.525,9513,17.1,59748,10.9454,1.52
1787727132.542,9514,17.1,59758,10.9625,1.52
1787727132.559,9515,17.0,60074,10.9209,1.52
1787727132.577,9516,17.2,59385,10.9445,1.52
1787727132.610,9517,33.0,31075,10.9520,1.52
1787727132.632,9518,21.6,47425,10.9330,1.52
1787727132.649,9519,17.2,59551,10.9467,1.52
1787727132.667,9520,17.4,58708,10.9171,1.52
1787727132.684,9521,17.5,58644,10.9366,1.52
1787727132.702,9522,17.4,58809,10.9236,1.52
1787727132.719,9523,17.3,59340,10.9672,1.52
1787727132.737,9524,17.5,58649,10.9514,1.52
1787727132.755,9525,17.4,58773,10.9391,1.52
1787727132.772,9526,17.2,59427,10.9352,1.52
1787727132.808,9527,35.2,29088,10.9354,1.52
1787727132.842,9528,33.8,30283,10.9339,1.52
1787727132.874,9529,32.2,31847,10.9428,1.52
1787727132.907,9530,32.7,31292,10.9666,1.52
1787727132.940,9531,32.8,31221,10.9433,1.52
1787727132.968,9532,27.4,37336,10.9288,1.52
1787727132.986,9533,17.4,59005,10.9059,1.52
1787727133.003,9534,17.0,60360,10.9047,1.52
1787727133.020,9535,17.2,59377,10.9180,1.52
1787727133.038,9536,17.3,59236,10.9314,1.52
1787727133.055,9537,16.9,60532,10.9203,1.52
1787727133.072,9538,17.3,59224,10.9654,1.52
1787727133.090,9539,17.1,59803,10.9427,1.52
1787727133.107,9540,17.1,59768,10.9211,1.52
1787727133.124,9541,16.5,61919,10.9175,1.52
1787727133.149,9542,25.2,40591,10.9292,1.52
1787727133.179,9543,29.3,34920,10.9342,1.52
1787727133.196,9544,17.5,58498,10.9493,1.52
1787727133.214,9545,17.3,59072,10.9242,1.52
1787727133.232,9546,17.6,58149,10.9407,1.52
1787727133.249,9547,17.4,58777,10.9322,1.52
1787727133.267,9548,17.6,58090,10.9301,1.52
1787727133.285,9549,17.4,58864,10.9334,1.52
1787727133.302,9550,17.4,58781,10.9229,1.52
1787727133.320,9551,17.5,58538,10.9177,1.52
1787727133.350,9552,29.6,34547,10.9121,1.52
1787727133.384,9553,34.3,29823,10.9169,1.52
1787727133.417,9554,32.2,31833,10.9355,1.52
1787727133.449,9555,31.8,32201,10.9408,1.52
1787727133.482,9556,32.8,31217,10.9285,1.52
1787727133.514,9557,31.8,32208,10.9182,1.52
1787727133.546,9558,32.7,31307,10.9087,1.52
1787727133.578,9559,31.9,32136,10.9143,1.52
1787727133.610,9560,31.9,32111,10.9488,1.52
1787727133.642,9561,31.3,32682,10.9555,1.52
1787727133.676,9562,33.2,30814,10.9352,1.52
1787727133.708,9563,31.8,32179,10.9247,1.52
1787727133.741,9564,32.7,31268,10.9379,1.52
1787727133.773,9565,32.2,31837,10.9074,1.52
1787727133.806,9566,32.1,31856,10.9447,1.52
1787727133.838,9567,32.4,31611,10.9210,1.52
1787727133.870,9568,31.6,32445,10.9291,1.52
1787727133.902,9569,31.7,32322,10.9390,1.52
1787727133.934,9570,31.6,32357,10.9513,1.52
1787727133.965,9571,31.3,32752,10.9386,1.52
1787727133.998,9572,32.2,31776,10.9388,1.52
1787727134.030,9573,32.3,31717,10.9470,1.52
1787727134.063,9574,32.5,31544,10.9235,1.52
1787727134.095,9575,32.2,31782,10.9479,1.52
1787727134.127,9576,32.2,31830,10.9300,1.52
1787727134.160,9577,32.5,31518,10.9385,1.52
1787727134.192,9578,31.7,32345,10.9630,1.52
1787727134.224,9579,31.9,32050,10.9239,1.52
1787727134.256,9580,32.5,31554,10.9399,1.52
1787727134.289,9581,32.0,32016,10.9451,1.52
1787727134.320,9582,31.7,32259,10.9305,1.52
1787727134.352,9583,31.3,32721,10.9413,1.52
1787727134.384,9584,31.6,32374,10.9357,1.52
1787727134.416,9585,31.9,32089,10.9113,1.52
1787727134.449,9586,32.8,31246,10.9328,1.52
1787727134.474,9587,25.6,39924,10.9313,1.52
1787727134.492,9588,17.1,59919,10.9346,1.52
1787727134.509,9589,17.3,59356,10.9221,1.52
1787727134.527,9590,17.2,59406,10.9267,1.52
1787727134.544,9591,17.2,59453,10.9484,1.52
1787727134.561,9592,17.2,59593,10.9343,1.52
1787727134.579,9593,17.1,59891,10.9129,1.52
1787727134.596,9594,17.3,59335,10.9299,1.52
1787727134.613,9595,17.1,59807,10.9703,1.52
1787727134.636,9596,22.5,45445,10.9547,1.52
1787727134.671,9597,35.2,29085,10.9380,1.52
1787727134.703,9598,31.6,32430,10.9302,1.52
1787727134.735,9599,31.6,32424,10.9488,1.52
1787727134.767,9600,31.6,32414,10.9139,1.52
1787727134.800,9601,32.6,31406,10.9443,1.52
1787727134.832,9602,31.9,32070,10.9050,1.52
1787727134.865,9603,32.9,31157,10.9191,1.52
1787727134.897,9604,31.9,32084,10.9404,1.52
1787727134.927,9605,29.7,34495,10.9375,1.52
1787727134.942,9606,15.5,66208,10.9589,1.52
1787727134.958,9607,15.6,65799,10.9461,1.52
1787727134.974,9608,16.1,63596,10.9397,1.52
1787727134.990,9609,15.3,66747,10.9203,1.52
1787727135.006,9610,15.4,66353,10.9032,1.52
1787727135.021,9611,15.5,66007,10.9071,1.52
1787727135.039,9612,17.3,59075,10.9468,1.52
1787727135.056,9613,17.1,59732,10.9176,1.52
1787727135.074,9614,17.2,59681,10.9386,1.52
1787727135.091,9615,17.1,59892,10.9527,1.52
1787727135.108,9616,17.4,58992,10.9469,1.52
1787727135.126,9617,17.2,59404,10.9351,1.52
1787727135.143,9618,17.3,59028,10.9638,1.52
1787727135.161,9619,17.1,59931,10.9271,1.52
1787727135.178,9620,17.2,59527,10.9556,1.52
1787727135.206,9621,27.9,36725,10.9452,1.52
1787727135.232,9622,25.8,39761,10.9414,1.52
1787727135.249,9623,16.3,62791,10.9372,1.52
1787727135.265,9624,15.4,66346,10.9405,1.52
1787727135.280,9625,15.5,65903,10.9280,1.52
1787727135.296,9626,15.4,66353,10.9517,1.52
1787727135.312,9627,16.0,64075,10.9214,1.52
1787727135.328,9628,15.9,64256,10.9111,1.52
1787727135.348,9629,19.8,51800,10.9367,1.52
1787727135.368,9630,19.0,53936,10.9291,1.52
1787727135.387,9631,18.9,54044,10.9611,1.52
1787727135.406,9632,19.1,53748,10.9451,1.52
1787727135.425,9633,18.9,54240,10.9468,1.52
1787727135.445,9634,19.1,53730,10.9507,1.52
1787727135.464,9635,18.8,54460,10.9177,1.52
1787727135.483,9636,19.0,53759,10.9654,1.52
1787727135.508,9637,24.5,41740,10.9048,1.52
1787727135.543,9638,35.3,29003,10.9095,1.52
1787727135.575,9639,31.9,32104,10.9301,1.52
1787727135.608,9640,32.9,31087,10.9246,1.52
1787727135.639,9641,31.1,32911,10.9697,1.52
1787727135.672,9642,32.2,31822,10.9529,1.52
1787727135.696,9643,23.8,43037,10.9317,1.52
1787727135.713,9644,17.3,59211,10.9550,1.52
1787727135.731,9645,17.2,59378,10.9288,1.52
1787727135.748,9646,17.4,58926,10.9337,1.52
1787727135.766,9647,17.3,59035,10.9444,1.52
1787727135.783,9648,17.4,59002,10.9480,1.52
1787727135.801,9649,17.2,59481,10.9349,1.52
1787727135.818,9650,17.3,59080,10.9566,1.52
1787727135.836,9651,17.4,58984,10.9284,1.52
1787727135.862,9652,26.3,38998,10.9391,1.52
1787727135.896,9653,33.7,30352,10.9450,1.52
1787727135.929,9654,32.5,31476,10.9519,1.52
1787727135.962,9655,32.4,31638,10.9372,1.52
1787727135.995,9656,33.4,30670,10.9384,1.52
1787727136.028,9657,32.2,31833,10.9432,1.52
1787727136.060,9658,31.9,32086,10.9467,1.52
1787727136.092,9659,32.4,31644,10.9510,1.52
1787727136.125,9660,32.5,31556,10.9354,1.52
1787727136.157,9661,32.2,31791,10.9423,1.52
1787727136.191,9662,33.0,31055,10.9642,1.52
1787727136.223,9663,32.1,31875,10.9384,1.52
1787727136.255,9664,31.7,32287,10.9354,1.52
1787727136.286,9665,31.7,32352,10.9568,1.52
1787727136.318,9666,31.8,32166,10.9357,1.52
1787727136.350,9667,31.8,32165,10.9665,1.52
1787727136.383,9668,32.1,31927,10.9099,1.52
1787727136.414,9669,31.5,32486,10.9386,1.52
1787727136.435,9670,20.8,49340,10.9706,1.52
1787727136.453,9671,17.6,58125,10.9485,1.52
1787727136.470,9672,17.2,59470,10.9331,1.52
1787727136.488,9673,17.2,59523,10.9368,1.52
1787727136.506,9674,17.6,58212,10.9321,1.52
1787727136.523,9675,17.4,58876,10.9502,1.52
1787727136.541,9676,17.3,59178,10.9274,1.52
1787727136.560,9677,19.2,53397,10.9532,1.52
1787727136.579,9678,18.2,56209,10.9264,1.52
1787727136.614,9679,34.7,29506,10.9346,1.52
1787727136.634,9680,20.0,51111,10.9260,1.52
1787727136.650,9681,15.8,64773,10.9494,1.52
1787727136.666,9682,15.3,66837,10.9313,1.52
1787727136.683,9683,16.9,60703,10.9249,1.52
1787727136.700,9684,17.1,59828,10.9569,1.52
1787727136.718,9685,17.2,59623,10.9604,1.52
1787727136.735,9686,16.9,60664,10.9375,1.52
1787727136.752,9687,17.3,59115,10.9123,1.52
1787727136.769,9688,17.2,59697,10.9405,1.52
1787727136.787,9689,17.1,59948,10.9325,1.52
1787727136.804,9690,16.8,61023,10.9237,1.52
1787727136.829,9691,24.8,41291,10.9252,1.52
1787727136.864,9692,35.0,29247,10.9713,1.52
1787727136.895,9693,31.2,32781,10.9577,1.52
1787727136.928,9694,32.8,31179,10.9724,1.52
1787727136.961,9695,32.2,31772,10.9047,1.52
1787727136.994,9696,33.1,30970,10.9690,1.52
1787727137.027,9697,33.2,30871,10.9596,1.52
1787727137.059,9698,31.8,32165,10.9239,1.52
1787727137.092,9699,32.5,31482,10.9384,1.52
1787727137.124,9700,31.9,32146,10.9473,1.52
1787727137.157,9701,32.5,31487,10.9600,1.52
1787727137.183,9702,25.8,39704,10.9255,1.52
1787727137.200,9703,16.7,61253,10.9306,1.52
1787727137.215,9704,15.5,66278,10.9193,1.52
1787727137.231,9705,15.4,66576,10.9470,1.52
1787727137.247,9706,15.4,66299,10.9162,1.52
1787727137.262,9707,15.4,66665,10.9538,1.52
1787727137.278,9708,15.4,66283,10.9353,1.52
1787727137.296,9709,17.3,59154,10.9302,1.52
1787727137.313,9710,17.0,60398,10.9238,1.52
1787727137.330,9711,17.3,59201,10.9384,1.52
1787727137.348,9712,17.2,59632,10.9361,1.52
1787727137.365,9713,17.3,59323,10.9231,1.52
1787727137.383,9714,17.3,59224,10.9522,1.52
1787727137.400,9715,17.3,59044,10.9274,1.52
1787727137.417,9716,17.3,59283,10.9592,1.52
1787727137.435,9717,17.1,59741,10.9392,1.52
1787727137.466,9718,31.1,32877,10.9445,1.52
1787727137.490,9719,23.6,43417,10.9178,1.52
1787727137.507,9720,17.4,58935,10.9444,1.52
1787727137.525,9721,17.2,59603,10.9125,1.52
1787727137.542,9722,17.3,59286,10.9363,1.52
1787727137.560,9723,17.5,58353,10.9495,1.52
1787727137.578,9724,17.6,58327,10.9385,1.52
1787727137.596,9725,17.6,58127,10.9460,1.52
1787727137.613,9726,17.5,58644,10.9544,1.52
1787727137.631,9727,17.2,59520,10.9155,1.52
1787727137.666,9728,34.8,29467,10.9340,1.52
1787727137.684,9729,18.2,56372,10.9567,1.52
1787727137.700,9730,16.0,64076,10.9223,1.52
1787727137.716,9731,15.6,65764,10.9490,1.52
1787727137.732,9732,15.6,65644,10.9530,1.52
1787727137.748,9733,15.6,65624,10.9519,1.52
1787727137.763,9734,15.4,66385,10.9042,1.52
1787727137.780,9735,16.6,61687,10.9466,1.52
1787727137.798,9736,17.4,58706,10.9586,1.52
1787727137.815,9737,17.2,59654,10.9257,1.52
1787727137.832,9738,16.9,60637,10.9304,1.52
1787727137.850,9739,17.4,58973,10.9134,1.52
1787727137.867,9740,17.3,59163,10.9318,1.52
1787727137.885,9741,17.4,58948,10.9341,1.52
1787727137.903,9742,17.3,59325,10.9031,1.52
1787727137.920,9743,17.5,58507,10.9426,1.52
1787727137.945,9744,24.9,41052,10.9397,1.52
1787727137.975,9745,29.5,34682,10.9070,1.52
1787727137.993,9746,17.3,59243,10.9452,1.52
1787727138.010,9747,17.3,59194,10.9405,1.52
1787727138.028,9748,17.3,59229,10.9257,1.52
1787727138.045,9749,17.4,58969,10.9390,1.52
1787727138.063,9750,17.5,58569,10.9168,1.52
1787727138.081,9751,17.5,58626,10.9375,1.52
1787727138.098,9752,17.4,58996,10.9365,1.52
1787727138.116,9753,17.6,58097,10.9388,1.52
1787727138.142,9754,25.4,40364,10.9609,1.52
1787727138.177,9755,34.8,29456,10.9270,1.52
1787727138.209,9756,32.0,32004,10.9317,1.52
1787727138.241,9757,31.9,32142,10.9356,1.52
1787727138.273,9758,31.8,32194,10.9466,1.52
1787727138.305,9759,32.5,31545,10.9303,1.52
1787727138.327,9760,22.1,46361,10.9530,1.52
1787727138.345,9761,17.5,58498,10.9602,1.52
1787727138.362,9762,17.1,60001,10.9685,1.52
1787727138.380,9763,17.2,59417,10.9538,1.52
1787727138.397,9764,17.2,59611,10.9218,1.52
1787727138.415,9765,17.4,58783,10.9244,1.52
1787727138.432,9766,17.3,59303,10.9289,1.52
1787727138.450,9767,17.4,58821,10.9255,1.52
1787727138.468,9768,17.4,58943,10.9159,1.52
1787727138.497,9769,29.2,35011,10.9571,1.52
1787727138.523,9770,25.9,39571,10.9357,1.52
1787727138.540,9771,17.1,59811,10.9439,1.52
1787727138.558,9772,17.2,59433,10.9151,1.52
1787727138.575,9773,16.8,60931,10.9365,1.52
1787727138.592,9774,16.8,61012,10.9508,1.52
1787727138.609,9775,16.7,61186,10.9332,1.52
1787727138.626,9776,16.8,60790,10.9097,1.52
1787727138.643,9777,16.8,60796,10.9595,1.52
1787727138.660,9778,17.0,60262,10.9391,1.52
1787727138.677,9779,17.0,60190,10.9335,1.52
1787727138.701,9780,23.4,43832,10.9182,1.52
1787727138.736,9781,34.9,29326,10.9474,1.52
1787727138.769,9782,32.5,31532,10.9480,1.52
1787727138.802,9783,32.4,31593,10.9343,1.52
1787727138.833,9784,31.3,32735,10.9195,1.52
1787727138.866,9785,32.3,31675,10.9474,1.52
1787727138.899,9786,32.7,31340,10.9297,1.52
1787727138.932,9787,32.9,31092,10.9617,1.52
1787727138.964,9788,32.0,31953,10.9396,1.52
1787727138.996,9789,32.0,32029,10.9646,1.52
1787727139.028,9790,31.6,32357,10.9515,1.52
1787727139.061,9791,32.9,31090,10.9339,1.52
1787727139.094,9792,33.0,31011,10.9515,1.52
1787727139.126,9793,32.1,31898,10.9265,1.52
1787727139.159,9794,32.9,31093,10.9392,1.52
1787727139.192,9795,32.3,31676,10.9463,1.52
1787727139.225,9796,32.7,31325,10.9349,1.52
1787727139.257,9797,31.9,32144,10.9591,1.52
1787727139.289,9798,32.6,31455,10.9651,1.52
1787727139.322,9799,32.9,31128,10.9600,1.52
1787727139.355,9800,32.2,31769,10.9512,1.52
1787727139.387,9801,32.3,31672,10.9394,1.52
1787727139.419,9802,32.2,31754,10.9258,1.52
1787727139.451,9803,31.8,32236,10.9151,1.52
1787727139.485,9804,33.0,30984,10.9575,1.52
1787727139.518,9805,32.7,31281,10.9441,1.52
1787727139.550,9806,32.0,31960,10.9418,1.52
1787727139.583,9807,32.8,31230,10.9300,1.52
1787727139.616,9808,32.5,31547,10.9657,1.52
1787727139.649,9809,33.0,31076,10.9435,1.52
1787727139.682,9810,32.6,31431,10.9374,1.52
1787727139.714,9811,31.8,32212,10.9347,1.52
1787727139.746,9812,32.7,31356,10.9431,1.52
1787727139.779,9813,32.2,31783,10.9503,1.52
1787727139.811,9814,32.5,31476,10.9524,1.52
1787727139.835,9815,23.8,43113,10.9458,1.52
1787727139.853,9816,17.2,59400,10.9397,1.52
1787727139.870,9817,17.2,59666,10.9234,1.52
1787727139.888,9818,17.2,59463,10.9339,1.52
1787727139.905,9819,17.2,59689,10.9264,1.52
1787727139.922,9820,17.2,59505,10.9484,1.52
1787727139.940,9821,17.2,59610,10.9251,1.52
1787727139.957,9822,17.2,59550,10.9445,1.52
1787727139.974,9823,17.3,59265,10.9250,1.52
1787727140.001,9824,26.3,38934,10.9210,1.52
1787727140.035,9825,34.3,29827,10.9605,1.52
1787727140.068,9826,32.2,31793,10.9226,1.52
1787727140.100,9827,32.4,31620,10.9415,1.52
1787727140.133,9828,32.2,31832,10.9362,1.52
1787727140.165,9829,32.2,31815,10.9466,1.52
1787727140.198,9830,33.2,30825,10.9571,1.52
1787727140.230,9831,31.4,32645,10.9636,1.52
1787727140.262,9832,32.5,31491,10.9372,1.52
1787727140.288,9833,25.8,39713,10.9224,1.52
1787727140.306,9834,17.1,59853,10.9400,1.52
1787727140.323,9835,17.2,59580,10.9376,1.52
1787727140.340,9836,17.2,59400,10.9221,1.52
1787727140.358,9837,17.1,59780,10.9713,1.52
1787727140.375,9838,17.2,59508,10.9315,1.52
1787727140.393,9839,17.4,58954,10.9618,1.52
1787727140.410,9840,17.3,59242,10.9383,1.52
1787727140.428,9841,17.3,59345,10.9186,1.52
1787727140.451,9842,23.0,44579,10.9352,1.52
1787727140.483,9843,31.8,32196,10.9346,1.52
1787727140.500,9844,17.2,59409,10.9473,1.52
1787727140.518,9845,17.3,59215,10.9329,1.52
1787727140.535,9846,17.3,59259,10.9336,1.52
1787727140.553,9847,17.3,59240,10.9536,1.52
1787727140.570,9848,17.3,59304,10.9375,1.52
1787727140.588,9849,17.2,59546,10.9322,1.52
1787727140.605,9850,17.2,59537,10.9371,1.52
1787727140.622,9851,17.3,59265,10.9280,1.52
1787727140.644,9852,21.7,47183,10.9633,1.52
1787727140.680,9853,35.3,29034,10.9387,1.52
1787727140.711,9854,31.4,32598,10.9276,1.52
1787727140.743,9855,31.6,32409,10.9395,1.52
1787727140.776,9856,32.7,31330,10.9275,1.52
1787727140.808,9857,32.3,31669,10.9086,1.52
1787727140.833,9858,24.4,41963,10.9165,1.52
1787727140.849,9859,16.2,63391,10.9183,1.52
1787727140.865,9860,15.5,65877,10.9302,1.52
1787727140.881,9861,15.5,66278,10.9373,1.52
1787727140.897,9862,15.5,66232,10.9347,1.52
1787727140.913,9863,15.6,65641,10.9466,1.52
1787727140.928,9864,15.6,65673,10.9484,1.52
1787727140.946,9865,17.2,59402,10.9406,1.52
1787727140.963,9866,17.2,59602,10.9285,1.52
1787727140.981,9867,17.2,59584,10.9318,1.52
1787727140.998,9868,17.3,59110,10.9418,1.52
1787727141.016,9869,17.4,58896,10.9481,1.52
1787727141.033,9870,17.0,60161,10.9325,1.52
1787727141.051,9871,17.4,59015,10.9679,1.52
1787727141.068,9872,17.2,59479,10.9430,1.52
1787727141.086,9873,17.6,58280,10.9585,1.52
1787727141.121,9874,35.0,29284,10.9371,1.52
1787727141.155,9875,33.6,30441,10.9303,1.52
1787727141.187,9876,32.0,31951,10.9348,1.52
1787727141.219,9877,32.0,31994,10.9345,1.52
1787727141.252,9878,32.9,31105,10.9600,1.52
1787727141.285,9879,32.7,31338,10.9477,1.52
1787727141.317,9880,31.6,32361,10.9305,1.52
1787727141.349,9881,32.8,31251,10.9402,1.52
1787727141.381,9882,31.9,32124,10.9496,1.52
1787727141.414,9883,32.1,31891,10.9592,1.52
1787727141.447,9884,32.9,31082,10.9325,1.52
1787727141.479,9885,32.2,31832,10.9704,1.52
1787727141.511,9886,32.1,31885,10.9309,1.52
1787727141.543,9887,32.0,31982,10.9316,1.52
1787727141.574,9888,30.8,33194,10.9358,1.52
1787727141.607,9889,32.5,31502,10.9445,1.52
1787727141.639,9890,31.9,32093,10.9420,1.52
1787727141.669,9891,29.3,34905,10.9356,1.52
1787727141.686,9892,17.0,60388,10.9214,1.52
1787727141.703,9893,17.4,59003,10.8959,1.52
1787727141.721,9894,17.2,59386,10.9289,1.52
1787727141.738,9895,17.2,59401,10.9127,1.52
1787727141.756,9896,17.5,58525,10.9327,1.52
1787727141.774,9897,17.5,58494,10.9468,1.52
1787727141.792,9898,17.4,58847,10.9357,1.52
1787727141.809,9899,17.2,59363,10.9149,1.52
1787727141.827,9900,17.4,58926,10.9463,1.52
1787727141.854,9901,26.5,38650,10.9243,1.52
1787727141.882,9902,27.7,37032,10.9248,1.52
1787727141.902,9903,20.2,50676,10.9833,1.52
1787727141.920,9904,17.7,57697,10.9268,1.52
1787727141.937,9905,16.1,63703,10.9689,1.52
1787727141.956,9906,19.1,53584,10.9531,1.52
1787727141.972,9907,15.6,65597,10.9248,1.52
1787727141.988,9908,16.1,63408,10.9303,1.52
1787727142.004,9909,15.5,65904,10.9154,1.52
1787727142.020,9910,15.4,66450,10.9467,1.52
1787727142.037,9911,17.1,59930,10.9203,1.52
1787727142.054,9912,16.9,60732,10.9368,1.52
1787727142.071,9913,17.2,59582,10.9165,1.52
1787727142.089,9914,17.4,58753,10.9352,1.52
1787727142.106,9915,17.3,59264,10.9600,1.52
1787727142.124,9916,17.2,59455,10.9276,1.52
1787727142.141,9917,17.3,59141,10.9342,1.52
1787727142.159,9918,17.3,59256,10.9615,1.52
1787727142.176,9919,17.3,59110,10.9369,1.52
1787727142.209,9920,32.8,31238,10.9452,1.52
1787727142.243,9921,33.7,30411,10.9329,1.52
1787727142.276,9922,32.5,31536,10.9218,1.52
1787727142.308,9923,32.2,31799,10.9381,1.52
1787727142.340,9924,31.9,32148,10.9431,1.52
1787727142.372,9925,32.0,31980,10.9160,1.52
1787727142.405,9926,32.2,31780,10.9145,1.52
1787727142.437,9927,32.2,31765,10.9424,1.52
1787727142.468,9928,31.4,32597,10.9361,1.52
1787727142.501,9929,32.0,31993,10.9210,1.52
1787727142.532,9930,31.1,32950,10.9296,1.52
1787727142.554,9931,22.2,46109,10.8965,1.52
1787727142.572,9932,17.2,59488,10.9237,1.52
1787727142.589,9933,17.1,59788,10.9451,1.52
1787727142.606,9934,17.2,59695,10.9313,1.52
1787727142.624,9935,17.2,59562,10.9361,1.52
1787727142.641,9936,17.3,59336,10.9448,1.52
1787727142.659,9937,17.2,59476,10.9361,1.52
1787727142.676,9938,17.1,59826,10.9427,1.52
1787727142.693,9939,17.4,58909,10.9468,1.52
1787727142.719,9940,25.9,39602,10.9298,1.52
1787727142.748,9941,28.7,35706,10.9355,1.52
1787727142.766,9942,17.1,60027,10.9312,1.52
1787727142.783,9943,17.3,59185,10.9128,1.52
1787727142.800,9944,17.1,59874,10.9507,1.52
1787727142.818,9945,17.2,59496,10.9475,1.52
1787727142.835,9946,17.1,59822,10.9902,1.52
1787727142.852,9947,17.0,60165,10.9677,1.52
1787727142.870,9948,17.2,59651,10.9390,1.52
1787727142.887,9949,17.0,60405,10.9176,1.52
1787727142.907,9950,20.5,49992,10.9144,1.52
1787727142.942,9951,34.3,29865,10.9233,1.52
1787727142.959,9952,17.2,59542,10.9254,1.52
1787727142.977,9953,17.3,59076,10.9177,1.52
1787727142.994,9954,17.3,59185,10.9202,1.52
1787727143.012,9955,17.2,59590,10.9108,1.52
1787727143.029,9956,17.3,59288,10.9461,1.52
1787727143.047,9957,17.3,59201,10.9368,1.52
1787727143.064,9958,17.3,59196,10.9666,1.52
1787727143.081,9959,17.3,59328,10.9378,1.52
1787727143.101,9960,18.9,54314,10.9233,1.52
1787727143.135,9961,34.6,29598,10.9208,1.52
1787727143.154,9962,18.3,56077,10.9185,1.52
1787727143.171,9963,17.2,59612,10.9312,1.52
1787727143.188,9964,17.2,59433,10.9115,1.52
1787727143.206,9965,17.3,59239,10.9383,1.52
1787727143.223,9966,17.3,59212,10.9499,1.52
1787727143.241,9967,17.2,59454,10.9134,1.52
1787727143.258,9968,17.2,59705,10.9664,1.52
1787727143.276,9969,17.3,59347,10.9523,1.52
1787727143.293,9970,16.9,60688,10.9427,1.52
1787727143.328,9971,34.4,29752,10.9344,1.52
1787727143.362,9972,33.9,30192,10.9146,1.52
1787727143.394,9973,32.2,31848,10.9603,1.52
1787727143.427,9974,32.3,31721,10.9304,1.52
1787727143.460,9975,32.3,31732,10.9249,1.52
1787727143.489,9976,29.4,34858,10.9157,1.52
1787727143.507,9977,17.4,58911,10.9264,1.52
1787727143.524,9978,17.1,59746,10.9217,1.52
1787727143.542,9979,17.2,59653,10.9272,1.52
1787727143.558,9980,16.2,63209,10.9607,1.52
1787727143.574,9981,16.0,63989,10.9229,1.52
1787727143.590,9982,15.4,66320,10.9238,1.52
1787727143.605,9983,14.9,68745,10.9522,1.52
1787727143.620,9984,14.9,68858,10.9427,1.52
1787727143.637,9985,16.6,61773,10.9063,1.52
1787727143.654,9986,17.3,59261,10.9553,1.52
1787727143.675,9987,20.2,50610,10.9240,1.52
1787727143.694,9988,18.6,54957,10.9306,1.52
1787727143.718,9989,24.0,42732,10.9446,1.52
1787727143.749,9990,30.6,33433,10.9373,1.52
1787727143.767,9991,18.1,56624,10.9570,1.52
1787727143.786,9992,18.6,55040,10.9283,1.52
1787727143.805,9993,18.9,54179,10.9079,1.52
1787727143.825,9994,18.9,54182,10.9556,1.52
1787727143.843,9995,18.5,55366,10.9453,1.52
1787727143.862,9996,18.5,55483,10.9188,1.52
1787727143.882,9997,19.9,51456,10.9284,1.52
1787727143.899,9998,16.7,61184,10.9489,1.52
1787727143.915,9999,15.6,65819,10.9537,1.52
1787727143.931,10000,16.0,63895,10.9403,1.52
1787727143.948,10001,16.4,62514,10.9497,1.52
1787727143.965,10002,17.0,60063,10.9422,1.52
1787727143.982,10003,16.9,60701,10.9716,1.52
1787727143.999,10004,16.9,60691,10.9526,1.52
1787727144.016,10005,16.7,61386,10.9184,1.52
1787727144.033,10006,16.7,61206,10.8908,1.52
1787727144.050,10007,16.8,61105,10.9354,1.52
1787727144.068,10008,17.6,58125,10.9164,1.52
1787727144.086,10009,17.7,57870,10.9061,1.52
1787727144.120,10010,34.1,30006,10.9415,1.52
1787727144.154,10011,33.9,30163,10.9283,1.52
1787727144.187,10012,32.2,31767,10.9690,1.52
1787727144.220,10013,32.6,31364,10.9494,1.52
1787727144.252,10014,32.5,31485,10.9030,1.52
1787727144.285,10015,32.5,31481,10.9403,1.52
1787727144.317,10016,32.2,31788,10.9128,1.52
1787727144.350,10017,32.3,31674,10.9736,1.52
1787727144.383,10018,33.3,30795,10.9413,1.52
1787727144.415,10019,31.5,32510,10.9217,1.52
1787727144.447,10020,32.1,31927,10.9176,1.52
1787727144.479,10021,31.2,32770,10.9295,1.52
1787727144.511,10022,32.5,31530,10.9228,1.52
1787727144.543,10023,32.2,31842,10.9380,1.52
1787727144.576,10024,31.9,32078,10.9283,1.52
1787727144.608,10025,31.9,32137,10.8978,1.52
1787727144.640,10026,32.0,32028,10.9606,1.52
1787727144.671,10027,31.4,32636,10.9105,1.52
1787727144.704,10028,32.7,31309,10.9381,1.52
1787727144.737,10029,32.9,31172,10.9193,1.52
1787727144.771,10030,32.7,31279,10.9226,1.52
1787727144.804,10031,32.6,31393,10.9503,1.52
1787727144.836,10032,32.5,31504,10.9450,1.52
1787727144.870,10033,33.2,30801,10.9538,1.52
1787727144.903,10034,32.7,31304,10.9406,1.52
1787727144.936,10035,33.2,30799,10.9308,1.52
1787727144.969,10036,32.6,31437,10.9119,1.52
1787727145.001,10037,31.5,32553,10.9316,1.52
1787727145.032,10038,31.2,32789,10.9218,1.52
1787727145.065,10039,32.7,31269,10.9253,1.52
1787727145.097,10040,31.9,32146,10.9418,1.52
1787727145.130,10041,32.4,31560,10.9515,1.52
1787727145.162,10042,32.0,32016,10.9409,1.52
1787727145.194,10043,32.0,32001,10.9504,1.52
1787727145.226,10044,31.8,32197,10.9158,1.52
1787727145.248,10045,22.0,46619,10.9131,1.52
1787727145.266,10046,17.9,57235,10.9225,1.52
1787727145.284,10047,17.5,58669,10.9471,1.52
1787727145.301,10048,17.4,58747,10.9426,1.52
1787727145.319,10049,17.2,59518,10.9445,1.52
1787727145.336,10050,17.5,58421,10.9093,1.52
1787727145.354,10051,17.5,58513,10.9236,1.52
1787727145.372,10052,17.5,58562,10.9102,1.52
1787727145.392,10053,20.2,50624,10.9281,1.52
1787727145.428,10054,35.4,28904,10.9497,1.52
1787727145.460,10055,32.4,31648,10.9560,1.52
1787727145.493,10056,32.2,31813,10.9086,1.52
1787727145.525,10057,32.0,32043,10.9464,1.52
1787727145.557,10058,31.9,32114,10.9223,1.52
1787727145.589,10059,32.1,31927,10.9562,1.52
1787727145.621,10060,31.6,32453,10.9621,1.52
1787727145.653,10061,32.0,32035,10.9352,1.52
1787727145.685,10062,31.5,32470,10.9362,1.52
1787727145.703,10063,18.1,56450,10.9394,1.52
1787727145.720,10064,17.4,58825,10.9142,1.52
1787727145.738,10065,17.2,59458,10.9265,1.52
1787727145.756,10066,17.6,58171,10.9312,1.52
1787727145.773,10067,17.3,59179,10.9357,1.52
1787727145.791,10068,17.2,59420,10.9275,1.52
1787727145.808,10069,17.4,58801,10.9417,1.52
1787727145.826,10070,17.4,58772,10.9349,1.52
1787727145.847,10071,21.1,48456,10.9293,1.52
1787727145.881,10072,33.8,30322,10.9326,1.52
1787727145.898,10073,17.1,60012,10.9367,1.52
1787727145.916,10074,17.2,59581,10.9445,1.52
1787727145.933,10075,17.2,59619,10.9272,1.52
1787727145.950,10076,17.2,59482,10.9259,1.52
1787727145.968,10077,17.2,59383,10.9149,1.52
1787727145.985,10078,17.2,59673,10.9600,1.52
1787727146.003,10079,17.1,59744,10.9355,1.52
1787727146.020,10080,17.2,59542,10.9617,1.52
1787727146.038,10081,18.1,56657,10.9368,1.52
1787727146.073,10082,35.0,29249,10.9383,1.52
1787727146.107,10083,33.2,30806,10.9295,1.52
1787727146.139,10084,32.0,32039,10.9336,1.52
1787727146.171,10085,32.5,31491,10.9380,1.52
1787727146.203,10086,31.8,32186,10.9561,1.52
1787727146.231,10087,27.8,36827,10.9286,1.52
1787727146.247,10088,15.4,66500,10.9409,1.52
1787727146.263,10089,15.3,66714,10.9289,1.52
1787727146.278,10090,15.2,67492,10.9588,1.52
1787727146.293,10091,14.6,70196,10.9555,1.52
1787727146.308,10092,14.8,69221,10.9289,1.52
1787727146.323,10093,14.7,69489,10.9239,1.52
1787727146.339,10094,16.4,62595,10.9430,1.52
1787727146.357,10095,17.1,59967,10.9369,1.52
1787727146.374,10096,16.9,60584,10.9106,1.52
1787727146.391,10097,17.1,59829,10.9247,1.52
1787727146.409,10098,17.2,59370,10.9439,1.52
1787727146.426,10099,17.2,59671,10.9757,1.52
1787727146.443,10100,17.4,58833,10.9483,1.52
1787727146.461,10101,17.3,59321,10.9391,1.52
1787727146.479,10102,17.4,58969,10.9509,1.52
1787727146.499,10103,20.2,50730,10.9231,1.52
1787727146.535,10104,35.8,28622,10.9516,1.52
1787727146.568,10105,32.4,31567,10.9579,1.52
1787727146.601,10106,32.7,31317,10.9305,1.52
1787727146.634,10107,32.2,31802,10.9560,1.52
1787727146.667,10108,33.0,31018,10.9490,1.52
1787727146.700,10109,32.7,31354,10.9241,1.52
1787727146.732,10110,32.3,31736,10.9456,1.52
1787727146.766,10111,33.1,30898,10.9294,1.52
1787727146.798,10112,32.2,31793,10.9167,1.52
1787727146.829,10113,30.9,33095,10.9451,1.52
1787727146.862,10114,32.3,31696,10.9365,1.52
1787727146.894,10115,31.9,32124,10.9240,1.52
1787727146.926,10116,32.5,31472,10.9227,1.52
1787727146.959,10117,32.5,31511,10.9465,1.52
1787727146.992,10118,32.4,31576,10.9443,1.52
1787727147.023,10119,31.5,32529,10.9382,1.52
1787727147.055,10120,31.6,32416,10.9465,1.52
1787727147.080,10121,25.1,40842,10.9365,1.52
1787727147.097,10122,17.2,59681,10.9176,1.52
1787727147.115,10123,17.1,59803,10.9652,1.52
1787727147.132,10124,17.0,60122,10.9247,1.52
1787727147.151,10125,18.9,54224,10.9562,1.52
1787727147.170,10126,19.0,53989,10.9442,1.52
1787727147.189,10127,18.8,54580,10.9421,1.52
1787727147.208,10128,18.9,54294,10.9369,1.52
1787727147.227,10129,18.9,54203,10.9422,1.52
1787727147.254,10130,26.3,38899,10.9253,1.52
1787727147.283,10131,29.2,35043,10.9425,1.52
1787727147.299,10132,15.9,64603,10.9413,1.52
1787727147.315,10133,15.4,66693,10.9411,1.52
1787727147.331,10134,15.4,66679,10.9455,1.52
1787727147.346,10135,15.1,67824,10.9695,1.52
1787727147.362,10136,15.5,65968,10.9471,1.52
1787727147.378,10137,15.6,65774,10.9488,1.52
1787727147.395,10138,17.3,59199,10.9224,1.52
1787727147.413,10139,17.2,59467,10.9243,1.52
1787727147.430,10140,17.1,59754,10.9633,1.52
1787727147.448,10141,17.4,58838,10.9392,1.52
1787727147.465,10142,17.3,59094,10.9685,1.52
1787727147.483,10143,17.4,58712,10.9718,1.52
1787727147.500,10144,17.4,58712,10.9432,1.52
1787727147.518,10145,17.5,58441,10.9576,1.52
1787727147.541,10146,22.4,45741,10.9527,1.52
1787727147.576,10147,34.9,29365,10.9540,1.52
1787727147.609,10148,32.7,31304,10.9380,1.52
1787727147.641,10149,32.0,31986,10.9169,1.52
1787727147.673,10150,32.1,31866,10.9322,1.52
1787727147.705,10151,31.8,32186,10.9466,1.52
1787727147.737,10152,31.8,32172,10.9085,1.52
1787727147.770,10153,32.5,31465,10.9327,1.52
1787727147.802,10154,32.5,31551,10.9557,1.52
1787727147.835,10155,32.6,31386,10.9360,1.52
1787727147.867,10156,31.7,32255,10.9637,1.52
1787727147.897,10157,29.5,34755,10.9512,1.52
1787727147.912,10158,15.1,67620,10.9297,1.52
1787727147.927,10159,14.6,70161,10.9329,1.52
1787727147.942,10160,15.4,66318,10.9297,1.52
1787727147.958,10161,15.0,68108,10.9428,1.52
1787727147.973,10162,15.2,67328,10.9290,1.52
1787727147.989,10163,15.2,67555,10.9555,1.52
1787727148.006,10164,17.2,59575,10.9470,1.52
1787727148.024,10165,17.4,58722,10.9383,1.52
1787727148.041,10166,17.2,59370,10.9299,1.52
1787727148.059,10167,17.1,59817,10.9424,1.52
1787727148.076,10168,17.3,59263,10.9291,1.52
1787727148.094,10169,17.3,59306,10.9168,1.52
1787727148.111,10170,17.3,59347,10.9303,1.52
1787727148.128,10171,17.1,59782,10.9077,1.52
1787727148.146,10172,17.2,59435,10.9387,1.52
1787727148.174,10173,27.7,37016,10.9184,1.52
1787727148.200,10174,26.3,39008,10.9444,1.52
1787727148.217,10175,16.0,63838,10.9270,1.52
1787727148.233,10176,16.1,63743,10.9231,1.52
1787727148.249,10177,15.5,65864,10.9416,1.52
1787727148.265,10178,15.7,65070,10.9336,1.52
1787727148.280,10179,15.3,67099,10.9327,1.52
1787727148.296,10180,15.7,65199,10.9281,1.52
1787727148.314,10181,17.5,58582,10.9468,1.52
1787727148.331,10182,17.3,59088,10.9460,1.52
1787727148.349,10183,17.4,58943,10.9151,1.52
1787727148.366,10184,17.3,59291,10.9229,1.52
1787727148.384,10185,17.4,58951,10.9087,1.52
1787727148.402,10186,17.4,58977,10.9362,1.52
1787727148.419,10187,17.4,58878,10.9591,1.52
1787727148.437,10188,17.5,58595,10.9426,1.52
1787727148.453,10189,16.1,63579,10.9225,1.52
1787727148.487,10190,33.7,30358,10.9555,1.52
1787727148.508,10191,21.1,48504,10.9667,1.52
1787727148.526,10192,17.6,58099,10.9382,1.52
1787727148.544,10193,17.5,58462,10.9213,1.52
1787727148.562,10194,17.5,58618,10.9319,1.52
1787727148.579,10195,17.4,58699,10.9343,1.52
1787727148.597,10196,17.6,58311,10.9367,1.52
1787727148.615,10197,17.5,58417,10.9296,1.52
1787727148.632,10198,17.4,58987,10.9448,1.52
1787727148.654,10199,21.3,48163,10.9366,1.52
1787727148.687,10200,33.4,30628,10.9566,1.52
1787727148.702,10201,14.6,70062,10.9698,1.52
1787727148.718,10202,15.5,66188,10.9091,1.52
1787727148.735,10203,17.0,60154,10.9411,1.52
1787727148.751,10204,15.6,65671,10.9366,1.52
1787727148.766,10205,15.0,68262,10.9400,1.52
1787727148.783,10206,16.4,62322,10.9183,1.52
1787727148.801,10207,17.5,58476,10.9311,1.52
1787727148.818,10208,17.4,58692,10.9212,1.52
1787727148.836,10209,17.5,58678,10.9287,1.52
1787727148.854,10210,17.5,58490,10.9308,1.52
1787727148.871,10211,17.4,58956,10.9322,1.52
1787727148.889,10212,17.4,58882,10.9303,1.52
1787727148.907,10213,17.6,58132,10.9462,1.52
1787727148.927,10214,19.7,51873,10.9524,1.52
1787727148.961,10215,34.8,29412,10.9350,1.52
1787727148.994,10216,32.0,31953,10.9716,1.52
1787727149.025,10217,31.5,32519,10.9548,1.52
1787727149.058,10218,32.8,31195,10.9199,1.52
1787727149.091,10219,32.5,31473,10.9410,1.52
1787727149.118,10220,27.3,37551,10.9351,1.52
1787727149.136,10221,17.2,59516,10.9172,1.52
1787727149.153,10222,17.2,59565,10.9369,1.52
1787727149.171,10223,17.2,59383,10.9181,1.52
1787727149.188,10224,17.2,59687,10.9424,1.52
1787727149.205,10225,17.2,59552,10.9259,1.52
1787727149.223,10226,17.3,59250,10.9446,1.52
1787727149.240,10227,17.4,58829,10.9618,1.52
1787727149.258,10228,17.4,58886,10.9396,1.52
1787727149.283,10229,24.7,41446,10.9350,1.52
1787727149.312,10230,29.4,34844,10.9357,1.52
1787727149.329,10231,16.2,63305,10.9250,1.52
1787727149.345,10232,15.8,64919,10.9250,1.52
1787727149.360,10233,15.2,67415,10.9454,1.52
1787727149.376,10234,15.3,66945,10.9282,1.52
1787727149.392,10235,15.6,65735,10.9221,1.52
1787727149.408,10236,16.0,64017,10.9474,1.52
1787727149.425,10237,17.4,58855,10.9492,1.52
1787727149.443,10238,17.2,59613,10.9493,1.52
1787727149.460,10239,17.2,59372,10.9352,1.52
1787727149.478,10240,17.3,59327,10.9322,1.52
1787727149.494,10241,16.5,62145,10.9426,1.52
1787727149.512,10242,17.1,60001,10.9218,1.52
1787727149.531,10243,18.8,54380,10.9170,1.52
1787727149.549,10244,18.3,55936,10.9406,1.52
1787727149.567,10245,17.2,59671,10.9160,1.52
1787727149.592,10246,25.5,40141,10.9651,1.52
1787727149.627,10247,34.4,29784,10.9622,1.52
1787727149.660,10248,32.5,31535,10.9512,1.52
1787727149.692,10249,32.3,31719,10.9536,1.52
1787727149.724,10250,32.1,31909,10.9383,1.52
1787727149.756,10251,31.9,32103,10.9700,1.52
1787727149.788,10252,31.7,32280,10.9389,1.52
1787727149.820,10253,32.2,31841,10.9283,1.52
1787727149.853,10254,32.3,31730,10.9158,1.52
1787727149.885,10255,32.2,31822,10.9258,1.52
1787727149.918,10256,32.3,31678,10.9528,1.52
1787727149.950,10257,32.7,31340,10.9213,1.52
1787727149.982,10258,31.6,32367,10.9544,1.52
1787727150.015,10259,32.7,31293,10.9385,1.52
1787727150.048,10260,32.4,31580,10.9354,1.52
1787727150.080,10261,31.8,32195,10.9528,1.52
1787727150.112,10262,32.8,31227,10.9364,1.52
1787727150.145,10263,32.4,31634,10.9542,1.52
1787727150.178,10264,33.1,30961,10.9155,1.52
1787727150.211,10265,32.2,31790,10.9042,1.52
1787727150.243,10266,32.3,31744,10.9381,1.52
1787727150.275,10267,31.9,32102,10.9380,1.52
1787727150.308,10268,32.8,31188,10.9312,1.52
1787727150.341,10269,32.1,31870,10.9443,1.52
1787727150.374,10270,33.0,31031,10.9286,1.52
1787727150.407,10271,32.8,31258,10.9371,1.52
1787727150.440,10272,32.8,31213,10.9134,1.52
1787727150.473,10273,32.6,31408,10.9403,1.52
1787727150.506,10274,32.5,31461,10.9546,1.52
1787727150.539,10275,32.7,31362,10.9535,1.52
1787727150.572,10276,33.4,30653,10.9490,1.52
1787727150.605,10277,32.7,31354,10.9205,1.52
1787727150.639,10278,33.0,31077,10.9275,1.52
1787727150.672,10279,33.1,30958,10.9478,1.52
1787727150.705,10280,32.8,31246,10.9458,1.52
1787727150.725,10281,19.5,52547,10.9545,1.52
1787727150.740,10282,15.3,66716,10.9604,1.52
1787727150.756,10283,15.2,67437,10.9488,1.52
1787727150.771,10284,15.0,68436,10.9343,1.52
1787727150.787,10285,15.9,64473,10.9326,1.52
1787727150.804,10286,17.0,60091,10.9222,1.52
1787727150.821,10287,16.8,60941,10.9419,1.52
1787727150.838,10288,17.2,59603,10.9447,1.52
1787727150.856,10289,17.2,59708,10.9349,1.52
1787727150.873,10290,17.3,59350,10.9494,1.52
1787727150.890,10291,17.1,59854,10.9403,1.52
1787727150.908,10292,17.2,59574,10.9270,1.52
1787727150.925,10293,17.1,59726,10.9168,1.52
1787727150.949,10294,23.6,43461,10.9399,1.52
1787727150.984,10295,35.0,29282,10.9400,1.52
1787727151.017,10296,32.4,31627,10.9418,1.52
1787727151.049,10297,32.6,31459,10.9412,1.52
1787727151.081,10298,31.3,32697,10.9366,1.52
1787727151.114,10299,32.5,31554,10.9355,1.52
1787727151.146,10300,32.1,31871,10.9466,1.52
1787727151.178,10301,32.2,31757,10.9567,1.52
1787727151.210,10302,31.4,32650,10.9159,1.52
1787727151.239,10303,29.1,35144,10.9113,1.52
1787727151.257,10304,17.4,58985,10.9296,1.52
1787727151.274,10305,17.3,59158,10.9131,1.52
1787727151.292,10306,17.4,58830,10.9225,1.52
1787727151.309,10307,17.4,58840,10.9475,1.52
1787727151.327,10308,17.7,57813,10.9219,1.52
1787727151.345,10309,17.4,58738,10.9279,1.52
1787727151.363,10310,17.6,58322,10.9429,1.52
1787727151.380,10311,17.4,58727,10.9125,1.52
1787727151.410,10312,29.8,34404,10.9333,1.52
1787727151.436,10313,25.2,40570,10.9468,1.52
1787727151.453,10314,17.6,58106,10.9392,1.52
1787727151.471,10315,17.4,58702,10.9253,1.52
1787727151.489,10316,17.3,59163,10.9509,1.52
1787727151.506,10317,17.4,58809,10.9263,1.52
1787727151.524,10318,17.5,58350,10.9364,1.52
1787727151.542,10319,17.5,58644,10.9547,1.52
1787727151.559,10320,17.3,59296,10.9347,1.52
1787727151.580,10321,20.2,50590,10.9241,1.52
1787727151.615,10322,35.2,29088,10.9192,1.52
1787727151.648,10323,33.4,30658,10.9315,1.52
1787727151.681,10324,32.1,31898,10.9248,1.52
1787727151.713,10325,31.9,32150,10.9265,1.52
1787727151.744,10326,31.4,32596,10.9386,1.52
1787727151.771,10327,26.2,39122,10.9247,1.52
1787727151.787,10328,16.6,61547,10.9380,1.52
1787727151.805,10329,17.1,59946,10.8934,1.52
1787727151.822,10330,17.2,59480,10.9303,1.52
1787727151.839,10331,17.3,59247,10.9413,1.52
1787727151.857,10332,17.2,59548,10.9252,1.52
1787727151.874,10333,17.2,59644,10.9397,1.52
1787727151.892,10334,17.2,59449,10.9219,1.52
1787727151.909,10335,17.2,59499,10.9705,1.52
1787727151.926,10336,17.1,59892,10.9238,1.52
1787727151.961,10337,34.9,29368,10.9454,1.52
1787727151.994,10338,32.7,31317,10.9179,1.52
1787727152.026,10339,32.1,31897,10.9440,1.52
1787727152.060,10340,33.4,30616,10.9443,1.52
1787727152.093,10341,32.7,31290,10.9361,1.52
1787727152.126,10342,32.9,31083,10.9453,1.52
1787727152.158,10343,31.4,32634,10.9586,1.52
1787727152.191,10344,32.7,31339,10.9679,1.52
1787727152.223,10345,32.2,31761,10.9467,1.52
1787727152.255,10346,32.0,31984,10.9588,1.52
1787727152.288,10347,32.4,31609,10.9416,1.52
1787727152.320,10348,31.6,32376,10.9303,1.52
1787727152.351,10349,31.5,32493,10.9198,1.52
1787727152.385,10350,33.3,30770,10.9511,1.52
1787727152.417,10351,32.0,32004,10.9455,1.52
1787727152.449,10352,32.0,31968,10.9490,1.52
1787727152.481,10353,31.9,32096,10.9265,1.52
1787727152.509,10354,27.8,36849,10.9246,1.52
1787727152.525,10355,15.3,66765,10.9409,1.52
1787727152.540,10356,15.4,66643,10.9622,1.52
1787727152.556,10357,15.1,67881,10.9323,1.52
1787727152.571,10358,15.0,68247,10.9294,1.52
1787727152.586,10359,15.0,68390,10.9553,1.52
1787727152.603,10360,16.8,61031,10.9616,1.52
1787727152.620,10361,17.3,59071,10.9614,1.52
1787727152.638,10362,17.4,58742,10.9324,1.52
1787727152.656,10363,17.5,58472,10.9404,1.52
1787727152.673,10364,17.4,58711,10.9468,1.52
1787727152.691,10365,17.4,58853,10.9417,1.52
1787727152.709,10366,17.4,58726,10.9143,1.52
1787727152.726,10367,17.4,59002,10.9365,1.52
1787727152.748,10368,21.3,48007,10.9404,1.52
1787727152.782,10369,33.6,30440,10.9146,1.52
1787727152.799,10370,17.4,59010,10.9522,1.52
1787727152.817,10371,17.5,58592,10.9505,1.52
1787727152.834,10372,17.4,58728,10.9430,1.52
1787727152.852,10373,17.4,58884,10.9264,1.52
1787727152.870,10374,17.4,58723,10.9333,1.52
1787727152.887,10375,17.4,58884,10.9397,1.52
1787727152.905,10376,17.3,59354,10.9407,1.52
1787727152.922,10377,17.3,59050,10.9330,1.52
1787727152.949,10378,26.8,38244,10.9381,1.52
1787727152.984,10379,33.9,30208,10.9528,1.52
1787727153.017,10380,33.1,30927,10.8950,1.52
1787727153.050,10381,32.5,31508,10.9451,1.52
1787727153.083,10382,32.7,31305,10.9675,1.52
1787727153.115,10383,32.0,32008,10.9853,1.52
1787727153.148,10384,32.6,31373,10.9496,1.52
1787727153.180,10385,32.1,31903,10.9391,1.52
1787727153.213,10386,32.5,31479,10.9222,1.52
1787727153.246,10387,32.3,31716,10.9122,1.52
1787727153.279,10388,32.5,31489,10.9154,1.52
1787727153.301,10389,22.3,45852,10.9563,1.52
1787727153.317,10390,15.8,64998,10.9185,1.52
1787727153.332,10391,14.7,69508,10.9374,1.52
1787727153.347,10392,14.7,69607,10.9272,1.52
1787727153.362,10393,14.7,69617,10.9318,1.52
1787727153.377,10394,14.7,69551,10.9485,1.52
1787727153.392,10395,14.7,69447,10.9494,1.52
1787727153.407,10396,14.7,69554,10.9365,1.52
1787727153.422,10397,14.7,69436,10.9015,1.52
1787727153.438,10398,15.6,65739,10.9252,1.52
1787727153.452,10399,14.6,69972,10.9312,1.52
1787727153.469,10400,16.3,62935,10.9369,1.52
1787727153.487,10401,17.9,57081,10.9334,1.52
1787727153.505,10402,17.5,58617,10.9339,1.52
1787727153.523,10403,17.5,58503,10.9519,1.52
1787727153.540,10404,17.5,58657,10.9127,1.52
1787727153.558,10405,17.4,58682,10.9422,1.52
1787727153.576,10406,17.4,58927,10.9044,1.52
1787727153.593,10407,17.5,58553,10.9433,1.52
1787727153.618,10408,25.0,40908,10.9456,1.52
1787727153.648,10409,29.6,34644,10.9409,1.52
1787727153.666,10410,17.6,58342,10.9409,1.52
1787727153.684,10411,17.5,58516,10.9438,1.52
1787727153.701,10412,17.5,58487,10.9465,1.52
1787727153.719,10413,17.5,58577,10.9613,1.52
1787727153.737,10414,17.3,59138,10.9454,1.52
1787727153.754,10415,17.4,58719,10.9422,1.52
1787727153.772,10416,17.3,59194,10.9025,1.52
1787727153.789,10417,17.5,58568,10.9439,1.52
1787727153.819,10418,29.8,34401,10.9424,1.52
1787727153.843,10419,23.6,43317,10.9500,1.52
1787727153.860,10420,16.0,64168,10.9254,1.52
1787727153.876,10421,16.1,63797,10.9592,1.52
1787727153.892,10422,15.4,66500,10.9150,1.52
1787727153.907,10423,15.4,66443,10.9375,1.52
1787727153.923,10424,15.2,67520,10.9617,1.52
1787727153.940,10425,17.0,60378,10.9425,1.52
1787727153.957,10426,17.2,59380,10.9146,1.52
1787727153.975,10427,17.4,58699,10.9271,1.52
1787727153.992,10428,17.3,59139,10.9405,1.52
1787727154.010,10429,17.3,59115,10.9506,1.52
1787727154.028,10430,17.5,58678,10.9333,1.52
1787727154.045,10431,17.5,58544,10.9580,1.52
1787727154.063,10432,17.5,58619,10.9420,1.52
1787727154.081,10433,17.4,59005,10.9400,1.52
1787727154.115,10434,34.3,29856,10.9355,1.52
1787727154.134,10435,18.3,55897,10.9398,1.52
1787727154.150,10436,16.4,62535,10.9337,1.52
1787727154.166,10437,15.2,67314,10.9437,1.52
1787727154.181,10438,15.1,67980,10.9411,1.52
1787727154.196,10439,15.0,68132,10.9184,1.52
1787727154.213,10440,16.6,61615,10.9331,1.52
1787727154.232,10441,19.1,53731,10.9575,1.52
1787727154.250,10442,17.2,59533,10.9293,1.52
1787727154.267,10443,17.3,59292,10.9315,1.52
1787727154.285,10444,17.2,59404,10.9384,1.52
1787727154.302,10445,17.3,59343,10.9407,1.52
1787727154.319,10446,17.2,59608,10.9331,1.52
1787727154.337,10447,17.3,59316,10.9145,1.52
1787727154.354,10448,17.3,59271,10.9360,1.52
1787727154.381,10449,26.9,38030,10.9561,1.52
1787727154.416,10450,34.4,29785,10.9226,1.52
1787727154.448,10451,32.0,31989,10.9433,1.52
1787727154.480,10452,31.8,32246,10.9442,1.52
1787727154.512,10453,32.1,31887,10.9083,1.52
1787727154.545,10454,32.1,31855,10.9439,1.52
1787727154.566,10455,20.9,48893,10.9304,1.52
1787727154.583,10456,17.4,58892,10.9094,1.52
1787727154.601,10457,17.2,59390,10.9496,1.52
1787727154.618,10458,17.3,59183,10.9424,1.52
1787727154.636,10459,17.5,58649,10.9149,1.52
1787727154.654,10460,17.5,58541,10.9321,1.52
1787727154.671,10461,17.4,59003,10.9167,1.52
1787727154.689,10462,17.4,58997,10.9388,1.52
1787727154.709,10463,20.1,50902,10.9147,1.52
1787727154.744,10464,34.9,29382,10.9460,1.52
1787727154.775,10465,31.0,32994,10.9360,1.52
1787727154.806,10466,30.6,33481,10.9419,1.52
1787727154.838,10467,31.7,32280,10.9415,1.52
1787727154.869,10468,30.6,33429,10.9254,1.52
1787727154.901,10469,32.0,32006,10.9411,1.52
1787727154.932,10470,30.8,33226,10.9470,1.52
1787727154.964,10471,32.1,31911,10.9324,1.52
1787727154.996,10472,32.2,31841,10.9411,1.52
1787727155.027,10473,31.2,32847,10.9293,1.52
1787727155.060,10474,31.9,32095,10.9416,1.52
1787727155.091,10475,31.1,32890,10.9162,1.52
1787727155.113,10476,21.9,46801,10.9382,1.52
1787727155.130,10477,17.3,59306,10.9294,1.52
1787727155.148,10478,17.4,58946,10.9286,1.52
1787727155.165,10479,17.2,59598,10.9416,1.52
1787727155.183,10480,17.6,58329,10.9173,1.52
1787727155.201,10481,17.2,59691,10.8992,1.52
1787727155.218,10482,17.3,59089,10.9405,1.52
1787727155.236,10483,17.2,59449,10.9179,1.52
1787727155.253,10484,17.3,59183,10.9155,1.52
1787727155.283,10485,29.6,34635,10.9404,1.52
1787727155.317,10486,33.7,30419,10.9514,1.52
1787727155.350,10487,32.7,31280,10.9569,1.52
1787727155.381,10488,31.4,32643,10.9606,1.52
1787727155.414,10489,32.9,31138,10.9316,1.52
1787727155.446,10490,31.4,32661,10.9338,1.52
1787727155.478,10491,32.4,31561,10.9190,1.52
1787727155.510,10492,31.6,32356,10.9499,1.52
1787727155.543,10493,32.5,31504,10.9164,1.52
1787727155.575,10494,31.9,32127,10.9190,1.52
1787727155.607,10495,31.7,32311,10.9296,1.52
1787727155.638,10496,31.2,32788,10.9406,1.52
1787727155.671,10497,32.2,31802,10.9543,1.52
1787727155.703,10498,31.9,32105,10.9089,1.52
1787727155.737,10499,33.3,30774,10.9556,1.52
1787727155.770,10500,32.6,31394,10.9242,1.52
1787727155.802,10501,32.4,31565,10.9222,1.52
1787727155.835,10502,32.4,31594,10.9449,1.52
1787727155.868,10503,32.5,31471,10.9314,1.52
1787727155.900,10504,31.6,32363,10.9124,1.52
1787727155.933,10505,32.9,31130,10.9572,1.52
1787727155.965,10506,31.7,32292,10.9287,1.52
1787727155.998,10507,32.8,31214,10.9532,1.52
1787727156.031,10508,32.1,31907,10.9217,1.52
1787727156.047,10509,15.9,64458,10.9209,1.52
1787727156.062,10510,15.1,67794,10.9328,1.52
1787727156.077,10511,15.1,67885,10.9289,1.52
1787727156.092,10512,15.1,67851,10.9440,1.52
1787727156.108,10513,15.0,68342,10.9602,1.52
1787727156.125,10514,16.7,61225,10.9390,1.52
1787727156.142,10515,16.8,60833,10.9408,1.52
1787727156.159,10516,17.3,59127,10.9245,1.52
1787727156.177,10517,17.2,59476,10.9434,1.52
1787727156.194,10518,17.2,59546,10.9527,1.52
1787727156.211,10519,17.2,59561,10.9245,1.52
1787727156.229,10520,17.3,59127,10.9361,1.52
1787727156.246,10521,17.2,59411,10.9280,1.52
1787727156.264,10522,17.1,59729,10.9327,1.52
1787727156.299,10523,35.0,29287,10.9570,1.52
1787727156.333,10524,33.6,30508,10.9347,1.52
1787727156.365,10525,32.0,31990,10.9413,1.52
1787727156.397,10526,31.9,32074,10.9422,1.52
1787727156.429,10527,32.2,31760,10.9672,1.52
1787727156.461,10528,32.0,32031,10.9058,1.52
1787727156.494,10529,32.5,31461,10.9617,1.52
1787727156.526,10530,31.9,32082,10.9355,1.52
1787727156.558,10531,31.6,32396,10.9382,1.52
1787727156.578,10532,19.7,51964,10.9507,1.52
1787727156.595,10533,17.3,59072,10.9534,1.52
1787727156.613,10534,17.4,58956,10.9415,1.52
1787727156.630,10535,17.3,59338,10.9472,1.52
1787727156.648,10536,17.3,59261,10.9417,1.52
1787727156.665,10537,17.4,58953,10.9184,1.52
1787727156.683,10538,17.2,59415,10.9275,1.52
1787727156.700,10539,17.3,59267,10.9418,1.52
1787727156.718,10540,17.6,58300,10.9303,1.52
1787727156.753,10541,34.7,29534,10.9313,1.52
1787727156.771,10542,17.7,57852,10.9353,1.52
1787727156.788,10543,16.8,60852,10.9432,1.52
1787727156.804,10544,15.6,65599,10.9209,1.52
1787727156.820,10545,16.2,63133,10.9536,1.52
1787727156.836,10546,15.5,66056,10.9433,1.52
1787727156.852,10547,15.3,66935,10.9220,1.52
1787727156.868,10548,16.3,62671,10.9597,1.52
1787727156.886,10549,17.6,58228,10.9055,1.52
1787727156.904,10550,17.4,58817,10.9464,1.52
1787727156.921,10551,17.1,59899,10.9244,1.52
1787727156.938,10552,16.9,60578,10.9302,1.52
1787727156.955,10553,17.0,60164,10.9335,1.52
1787727156.972,10554,17.0,60139,10.9442,1.52
1787727156.990,10555,17.0,60375,10.9257,1.52
1787727157.007,10556,17.1,59743,10.9512,1.52
1787727157.024,10557,17.1,59989,10.9550,1.52
1787727157.058,10558,33.4,30676,10.9248,1.52
1787727157.092,10559,34.1,30034,10.9468,1.52
1787727157.124,10560,31.8,32184,10.9301,1.52
1787727157.157,10561,33.0,31061,10.9319,1.52
1787727157.190,10562,32.6,31410,10.9459,1.52
1787727157.219,10563,29.0,35331,10.9274,1.52
1787727157.234,10564,14.7,69827,10.9414,1.52
1787727157.253,10565,18.5,55310,10.9586,1.52
1787727157.270,10566,16.3,62688,10.9320,1.52
1787727157.287,10567,16.5,62062,10.9107,1.52
1787727157.303,10568,16.4,62400,10.9265,1.52
1787727157.320,10569,16.5,62024,10.9372,1.52
1787727157.338,10570,17.9,57307,10.9243,1.52
1787727157.357,10571,18.7,54679,10.9304,1.52
1787727157.377,10572,19.0,53881,10.9306,1.52
1787727157.395,10573,18.0,56956,10.9031,1.52
1787727157.412,10574,17.2,59603,10.9296,1.52
1787727157.430,10575,17.2,59662,10.9755,1.52
1787727157.447,10576,17.2,59427,10.9389,1.52
1787727157.464,10577,17.2,59379,10.9201,1.52
1787727157.482,10578,17.3,59150,10.9206,1.52
1787727157.505,10579,22.6,45253,10.9286,1.52
1787727157.540,10580,35.1,29187,10.9463,1.52
1787727157.572,10581,32.1,31937,10.9363,1.52
1787727157.606,10582,33.1,30901,10.9380,1.52
1787727157.638,10583,32.5,31484,10.9256,1.52
1787727157.671,10584,32.7,31328,10.9126,1.52
1787727157.703,10585,31.9,32079,10.9485,1.52
1787727157.735,10586,31.7,32254,10.9228,1.52
1787727157.768,10587,32.5,31500,10.9477,1.52
1787727157.802,10588,32.9,31084,10.9330,1.52
1787727157.834,10589,32.1,31882,10.9531,1.52
1787727157.868,10590,33.6,30489,10.9165,1.52
1787727157.901,10591,32.7,31323,10.9479,1.52
1787727157.933,10592,32.2,31844,10.9465,1.52
1787727157.967,10593,33.2,30825,10.9518,1.52
1787727157.999,10594,32.2,31839,10.9152,1.52
1787727158.032,10595,32.9,31106,10.9413,1.52
1787727158.064,10596,31.8,32242,10.9435,1.52
1787727158.083,10597,18.5,55256,10.9397,1.52
1787727158.100,10598,17.0,60172,10.9454,1.52
1787727158.117,10599,16.2,63173,10.9564,1.52
1787727158.133,10600,15.4,66413,10.9474,1.52
1787727158.148,10601,15.2,67211,10.8994,1.52
1787727158.164,10602,15.7,65273,10.9168,1.52
1787727158.180,10603,15.7,65040,10.8974,1.52
1787727158.204,10604,23.2,44112,10.9253,1.52
1787727158.219,10605,15.1,67654,10.9313,1.52
1787727158.234,10606,14.9,68918,10.9499,1.52
1787727158.249,10607,14.8,69362,10.9156,1.52
1787727158.264,10608,14.8,69334,10.9208,1.52
1787727158.279,10609,15.1,67892,10.9227,1.52
1787727158.296,10610,17.1,60052,10.9308,1.52
1787727158.314,10611,17.6,58234,10.9460,1.52
1787727158.332,10612,17.3,59310,10.9334,1.52
1787727158.349,10613,17.1,59795,10.9261,1.52
1787727158.366,10614,17.3,59230,10.9543,1.52
1787727158.384,10615,17.1,59892,10.9394,1.52
1787727158.401,10616,17.3,59338,10.9549,1.52
1787727158.418,10617,17.1,60003,10.9391,1.52
1787727158.446,10618,27.9,36753,10.9551,1.52
1787727158.472,10619,25.7,39768,10.9270,1.52
1787727158.488,10620,14.9,68554,10.9484,1.52
1787727158.503,10621,15.3,67001,10.9344,1.52
1787727158.519,10622,15.1,67884,10.9547,1.52
1787727158.534,10623,15.5,65993,10.9503,1.52
1787727158.550,10624,15.2,67321,10.9321,1.52
1787727158.567,10625,17.4,58961,10.9375,1.52
1787727158.585,10626,17.2,59557,10.9560,1.52
1787727158.602,10627,17.3,59283,10.9485,1.52
1787727158.620,10628,17.2,59666,10.9210,1.52
1787727158.637,10629,17.2,59442,10.9345,1.52
1787727158.654,10630,16.9,60534,10.9046,1.52
1787727158.672,10631,17.1,59811,10.9264,1.52
1787727158.689,10632,17.1,60038,10.9194,1.52
1787727158.706,10633,17.2,59416,10.9633,1.52
1787727158.731,10634,24.8,41262,10.9581,1.52
1787727158.767,10635,35.1,29152,10.9221,1.52
1787727158.798,10636,31.4,32658,10.9456,1.52
1787727158.831,10637,32.9,31154,10.9218,1.52
1787727158.863,10638,31.6,32420,10.9450,1.52
1787727158.896,10639,32.5,31508,10.9322,1.52
1787727158.927,10640,31.4,32652,10.9167,1.52
1787727158.960,10641,32.8,31237,10.9223,1.52
1787727158.992,10642,31.7,32306,10.9359,1.52
1787727159.024,10643,32.1,31916,10.9313,1.52
1787727159.057,10644,32.3,31678,10.9155,1.52
1787727159.084,10645,27.4,37329,10.9251,1.52
1787727159.101,10646,15.9,64233,10.9398,1.52
1787727159.116,10647,15.3,67039,10.9556,1.52
1787727159.132,10648,15.2,67192,10.9345,1.52
1787727159.147,10649,15.0,68268,10.9515,1.52
1787727159.162,10650,15.3,67130,10.9355,1.52
1787727159.179,10651,16.7,61254,10.9171,1.52
1787727159.197,10652,17.6,58164,10.9408,1.52
1787727159.215,10653,17.2,59624,10.9510,1.52
1787727159.232,10654,17.1,59921,10.9368,1.52
1787727159.249,10655,17.0,60106,10.9566,1.52
1787727159.269,10656,19.8,51788,10.9319,1.52
1787727159.291,10657,21.6,47348,10.9234,1.52
1787727159.314,10658,22.2,46199,10.9417,1.52
1787727159.336,10659,22.2,46094,10.9583,1.52
1787727159.371,10660,34.2,29926,10.9297,1.52
1787727159.389,10661,18.2,56221,10.9448,1.52
1787727159.406,10662,16.0,63841,10.9199,1.52
1787727159.423,10663,16.8,61057,10.9158,1.52
1787727159.438,10664,15.4,66579,10.9281,1.52
1787727159.454,10665,15.5,66024,10.9323,1.52
1787727159.470,10666,15.7,65201,10.9418,1.52
1787727159.486,10667,15.7,65430,10.9261,1.52
1787727159.502,10668,15.7,65119,10.9498,1.52
1787727159.518,10669,15.9,64528,10.9540,1.52
1787727159.535,10670,17.1,59715,10.9471,1.52
1787727159.552,10671,16.1,63774,10.9432,1.52
1787727159.568,10672,16.8,61077,10.9049,1.52
1787727159.586,10673,17.2,59467,10.9282,1.52
1787727159.603,10674,17.0,60154,10.9169,1.52
1787727159.620,10675,17.1,59761,10.9350,1.52
1787727159.638,10676,17.2,59433,10.9477,1.52
1787727159.655,10677,17.2,59417,10.9258,1.52
1787727159.673,10678,17.2,59509,10.9288,1.52
1787727159.690,10679,17.3,59360,10.9353,1.52
1787727159.713,10680,23.1,44379,10.9571,1.52
1787727159.745,10681,31.0,33069,10.9207,1.52
1787727159.767,10682,21.7,47218,10.9451,1.52
1787727159.787,10683,20.2,50784,10.9507,1.52
1787727159.805,10684,17.9,57122,10.9387,1.52
1787727159.823,10685,17.4,58877,10.9210,1.52
1787727159.842,10686,19.1,53512,10.9201,1.52
1787727159.859,10687,16.7,61350,10.9166,1.52
1787727159.875,10688,15.5,66183,10.9348,1.52
1787727159.892,10689,17.0,60402,10.9678,1.52
1787727159.909,10690,17.0,60150,10.9565,1.52
1787727159.927,10691,17.3,59189,10.9550,1.52
1787727159.944,10692,17.3,59308,10.9516,1.52
1787727159.961,10693,16.7,61500,10.9200,1.52
1787727159.979,10694,17.2,59429,10.9556,1.52
1787727159.996,10695,17.3,59201,10.9338,1.52
1787727160.013,10696,17.2,59391,10.9440,1.52
1787727160.031,10697,17.4,58771,10.9276,1.52
1787727160.065,10698,33.8,30264,10.9345,1.52
1787727160.086,10699,21.0,48799,10.9350,1.52
1787727160.104,10700,17.3,59358,10.9347,1.52
1787727160.121,10701,17.1,59832,10.9418,1.52
1787727160.139,10702,17.2,59624,10.9448,1.52
1787727160.156,10703,17.1,59989,10.9318,1.52
1787727160.173,10704,17.1,59774,10.9204,1.52
1787727160.191,10705,17.3,59313,10.9451,1.52
1787727160.208,10706,17.4,58839,10.9334,1.52
1787727160.226,10707,17.2,59544,10.9444,1.52
1787727160.254,10708,28.1,36377,10.9466,1.52
1787727160.289,10709,34.5,29665,10.9094,1.52
1787727160.322,10710,33.1,30931,10.9383,1.52
1787727160.355,10711,32.5,31551,10.9237,1.52
1787727160.387,10712,32.4,31591,10.9433,1.52
1787727160.419,10713,31.9,32094,10.9355,1.52
1787727160.436,10714,16.7,61497,10.9405,1.52
1787727160.452,10715,15.9,64290,10.9491,1.52
1787727160.468,10716,15.6,65666,10.9167,1.52
1787727160.485,10717,16.5,62148,10.9512,1.52
1787727160.502,10718,16.8,60912,10.9291,1.52
1787727160.519,10719,16.7,61359,10.9433,1.52
1787727160.537,10720,17.5,58351,10.9655,1.52
1787727160.554,10721,17.1,59767,10.9254,1.52
1787727160.572,10722,17.3,59172,10.9123,1.52
1787727160.589,10723,16.8,61110,10.9323,1.52
1787727160.607,10724,18.3,56088,10.9500,1.52
1787727160.625,10725,17.6,58329,10.9309,1.52
1787727160.643,10726,17.3,59271,10.9223,1.52
1787727160.659,10727,15.9,64418,10.9389,1.52
1787727160.676,10728,16.9,60717,10.9590,1.52
1787727160.693,10729,17.3,59238,10.9589,1.52
1787727160.725,10730,31.7,32350,10.9148,1.52
1787727160.760,10731,34.4,29790,10.9278,1.52
1787727160.792,10732,32.3,31714,10.9405,1.52
1787727160.826,10733,33.1,30908,10.9032,1.52
1787727160.858,10734,32.1,31896,10.9261,1.52
1787727160.891,10735,32.7,31351,10.9410,1.52
1787727160.923,10736,32.2,31816,10.9292,1.52
1787727160.956,10737,32.5,31476,10.9438,1.52
1787727160.988,10738,31.9,32075,10.9294,1.52
1787727161.021,10739,32.4,31565,10.9220,1.52
1787727161.053,10740,32.0,31994,10.9370,1.52
1787727161.086,10741,32.6,31445,10.9304,1.52
1787727161.110,10742,23.9,42834,10.9203,1.52
1787727161.126,10743,15.9,64398,10.9649,1.52
1787727161.142,10744,15.2,67244,10.9439,1.52
1787727161.157,10745,15.3,67127,10.9372,1.52
1787727161.173,10746,15.3,66827,10.9271,1.52
1787727161.188,10747,15.3,66948,10.9467,1.52
1787727161.206,10748,17.2,59422,10.9452,1.52
1787727161.224,10749,17.8,57606,10.9451,1.52
1787727161.242,10750,17.6,58250,10.9639,1.52
1787727161.259,10751,17.6,58345,10.9036,1.52
1787727161.277,10752,17.4,58771,10.9174,1.52
1787727161.295,10753,17.5,58581,10.9525,1.52
1787727161.312,10754,17.5,58646,10.9110,1.52
1787727161.330,10755,17.3,59089,10.9360,1.52
1787727161.355,10756,25.0,40922,10.9338,1.52
1787727161.390,10757,35.0,29229,10.9579,1.52
1787727161.423,10758,32.1,31889,10.9500,1.52
1787727161.455,10759,32.6,31413,10.9391,1.52
1787727161.489,10760,33.3,30714,10.9183,1.52
1787727161.521,10761,31.9,32108,10.9579,1.52
1787727161.554,10762,32.6,31439,10.9133,1.52
1787727161.585,10763,31.3,32667,10.9008,1.52
1787727161.617,10764,31.9,32094,10.9534,1.52
1787727161.650,10765,32.6,31370,10.9264,1.52
1787727161.682,10766,32.1,31927,10.9455,1.52
1787727161.714,10767,31.9,32143,10.9780,1.52
1787727161.747,10768,32.5,31506,10.9213,1.52
1787727161.779,10769,32.0,31966,10.9328,1.52
1787727161.811,10770,32.0,31971,10.9311,1.52
1787727161.844,10771,32.5,31520,10.9497,1.52
1787727161.877,10772,32.5,31552,10.9275,1.52
1787727161.909,10773,32.1,31916,10.9305,1.52
1787727161.942,10774,33.0,31021,10.9383,1.52
1787727161.975,10775,32.8,31234,10.9300,1.52
1787727162.008,10776,32.8,31184,10.9453,1.52
1787727162.039,10777,31.0,33003,10.9323,1.52
1787727162.072,10778,32.6,31409,10.9278,1.52
1787727162.104,10779,31.6,32425,10.9337,1.52
1787727162.125,10780,21.0,48832,10.9576,1.52
1787727162.143,10781,17.7,57772,10.9348,1.52
1787727162.161,10782,17.6,58089,10.9245,1.52
1787727162.178,10783,17.4,58791,10.9385,1.52
1787727162.196,10784,17.4,58870,10.9430,1.52
1787727162.213,10785,17.3,59044,10.9545,1.52
1787727162.231,10786,17.5,58460,10.9432,1.52
1787727162.249,10787,17.4,58944,10.9496,1.52
1787727162.272,10788,23.6,43335,10.9405,1.52
1787727162.307,10789,35.0,29276,10.9082,1.52
1787727162.341,10790,33.3,30786,10.9599,1.52
1787727162.374,10791,32.7,31274,10.9095,1.52
1787727162.407,10792,32.7,31338,10.9070,1.52
1787727162.440,10793,32.9,31125,10.9341,1.52
1787727162.472,10794,31.9,32098,10.9377,1.52
1787727162.504,10795,32.7,31343,10.9274,1.52
1787727162.537,10796,32.4,31622,10.9331,1.52
1787727162.564,10797,26.7,38412,10.9390,1.52
1787727162.581,10798,17.4,58820,10.9476,1.52
1787727162.599,10799,17.6,58055,10.9343,1.52
1787727162.617,10800,17.6,58149,10.9367,1.52
1787727162.635,10801,17.4,59014,10.9307,1.52
1787727162.652,10802,17.4,58836,10.9425,1.52
1787727162.670,10803,17.4,58691,10.9541,1.52
1787727162.688,10804,17.4,58739,10.9293,1.52
1787727162.705,10805,17.6,58243,10.9114,1.52
1787727162.736,10806,31.0,33064,10.9179,1.52
1787727162.760,10807,23.8,42966,10.9565,1.52
1787727162.778,10808,17.5,58578,10.9303,1.52
1787727162.796,10809,17.6,58295,10.9682,1.52
1787727162.814,10810,17.5,58507,10.9245,1.52
1787727162.831,10811,17.6,58079,10.9357,1.52
1787727162.849,10812,17.5,58512,10.9364,1.52
1787727162.867,10813,17.6,58302,10.9769,1.52
1787727162.884,10814,17.3,59294,10.9193,1.52
1787727162.906,10815,21.2,48235,10.9139,1.52
1787727162.941,10816,35.2,29127,10.9401,1.52
1787727162.973,10817,31.4,32607,10.9632,1.52
1787727163.005,10818,32.1,31872,10.9132,1.52
1787727163.037,10819,32.1,31947,10.9383,1.52
1787727163.070,10820,32.4,31589,10.9318,1.52
1787727163.095,10821,25.0,40976,10.9330,1.52
1787727163.111,10822,16.2,63366,10.9211,1.52
1787727163.127,10823,15.3,67113,10.9667,1.52
1787727163.142,10824,15.4,66420,10.9097,1.52
1787727163.158,10825,15.4,66506,10.9213,1.52
1787727163.173,10826,15.1,67926,10.9431,1.52
1787727163.191,10827,17.2,59636,10.9312,1.52
1787727163.208,10828,17.4,58739,10.9376,1.52
1787727163.226,10829,17.4,58784,10.9306,1.52
1787727163.244,10830,17.4,58854,10.9343,1.52
1787727163.261,10831,17.4,58735,10.9275,1.52
1787727163.279,10832,17.3,59042,10.9430,1.52
1787727163.296,10833,17.3,59250,10.8973,1.52
1787727163.314,10834,17.3,59294,10.9316,1.52
1787727163.333,10835,18.6,54958,10.9226,1.52
1787727163.368,10836,34.8,29399,10.9401,1.52
1787727163.401,10837,32.7,31280,10.9328,1.52
1787727163.433,10838,32.6,31456,10.9319,1.52
1787727163.466,10839,32.5,31515,10.9269,1.52
1787727163.500,10840,33.2,30851,10.8991,1.52
1787727163.532,10841,31.8,32182,10.9511,1.52
1787727163.564,10842,32.2,31845,10.9330,1.52
1787727163.597,10843,32.2,31785,10.9095,1.52
1787727163.630,10844,32.3,31655,10.9402,1.52
1787727163.663,10845,32.6,31401,10.9411,1.52
1787727163.696,10846,33.4,30642,10.9593,1.52
1787727163.729,10847,32.6,31424,10.9150,1.52
1787727163.762,10848,32.8,31210,10.9132,1.52
1787727163.795,10849,31.9,32125,10.9175,1.52
1787727163.827,10850,32.4,31611,10.9535,1.52
1787727163.860,10851,32.8,31215,10.9286,1.52
1787727163.893,10852,32.6,31415,10.9343,1.52
1787727163.916,10853,22.8,45010,10.9376,1.52
1787727163.933,10854,17.0,60406,10.9274,1.52
1787727163.951,10855,17.3,59024,10.9485,1.52
1787727163.968,10856,17.1,59955,10.9252,1.52
1787727163.986,10857,17.2,59425,10.9304,1.52
1787727164.003,10858,17.3,59347,10.9557,1.52
1787727164.020,10859,17.3,59221,10.9425,1.52
1787727164.038,10860,17.2,59553,10.9371,1.52
1787727164.055,10861,17.3,59093,10.9535,1.52
1787727164.081,10862,25.3,40533,10.9325,1.52
1787727164.110,10863,29.3,34903,10.9504,1.52
1787727164.128,10864,17.1,59933,10.9411,1.52
1787727164.145,10865,17.6,58305,10.9269,1.52
1787727164.163,10866,17.4,58798,10.9322,1.52
1787727164.181,10867,17.5,58515,10.9028,1.52
1787727164.199,10868,17.6,58223,10.9631,1.52
1787727164.216,10869,17.4,58767,10.9375,1.52
1787727164.234,10870,17.5,58458,10.9161,1.52
1787727164.252,10871,17.4,58684,10.9319,1.52
1787727164.279,10872,27.0,37932,10.9450,1.52
1787727164.313,10873,34.0,30160,10.9481,1.52
1787727164.345,10874,32.4,31560,10.9361,1.52
1787727164.377,10875,31.2,32837,10.9273,1.52
1787727164.409,10876,32.6,31457,10.9250,1.52
1787727164.442,10877,32.4,31572,10.9488,1.52
1787727164.475,10878,33.0,31040,10.9121,1.52
1787727164.508,10879,32.6,31428,10.9312,1.52
1787727164.542,10880,32.9,31079,10.9269,1.52
1787727164.575,10881,33.2,30825,10.9545,1.52
1787727164.608,10882,32.7,31285,10.9229,1.52
1787727164.630,10883,22.0,46601,10.9249,1.52
1787727164.656,10884,25.4,40249,10.9392,1.52
1787727164.682,10885,25.8,39715,10.9501,1.52
1787727164.707,10886,24.4,41939,10.9353,1.52
1787727164.724,10887,17.2,59399,10.9209,1.52
1787727164.739,10888,15.0,68195,10.9449,1.52
1787727164.756,10889,16.7,61232,10.9331,1.52
1787727164.773,10890,16.9,60702,10.9279,1.52
1787727164.790,10891,16.9,60556,10.9408,1.52
1787727164.808,10892,17.1,59851,10.9188,1.52
1787727164.825,10893,17.1,59822,10.9518,1.52
1787727164.854,10894,28.9,35436,10.9008,1.52
1787727164.880,10895,25.9,39512,10.9299,1.52
1787727164.898,10896,17.3,59308,10.9149,1.52
1787727164.915,10897,17.3,59283,10.9211,1.52
1787727164.933,10898,17.5,58622,10.9388,1.52
1787727164.950,10899,17.4,58736,10.9367,1.52
1787727164.968,10900,17.4,58980,10.9091,1.52
1787727164.986,10901,17.6,58277,10.9391,1.52
1787727165.003,10902,17.4,58849,10.9579,1.52
1787727165.021,10903,17.5,58408,10.9486,1.52
1787727165.055,10904,33.3,30764,10.9148,1.52
1787727165.075,10905,20.0,51323,10.9332,1.52
1787727165.091,10906,16.0,64125,10.9353,1.52
1787727165.107,10907,15.5,66136,10.9229,1.52
1787727165.123,10908,15.9,64530,10.9332,1.52
1787727165.139,10909,15.7,65195,10.9300,1.52
1787727165.154,10910,15.3,67099,10.8982,1.52
1787727165.171,10911,16.6,61670,10.9364,1.52
1787727165.189,10912,17.4,58961,10.9412,1.52
1787727165.206,10913,17.4,59019,10.9508,1.52
1787727165.224,10914,17.3,59214,10.9671,1.52
1787727165.242,10915,17.6,58162,10.9448,1.52
1787727165.259,10916,17.4,58871,10.9752,1.52
1787727165.277,10917,17.6,58277,10.9367,1.52
1787727165.295,10918,17.4,58683,10.9216,1.52
1787727165.313,10919,17.7,58013,10.9154,1.52
1787727165.347,10920,34.3,29861,10.9280,1.52
1787727165.365,10921,17.8,57383,10.9373,1.52
1787727165.382,10922,16.3,62947,10.9013,1.52
1787727165.397,10923,14.9,68583,10.9230,1.52
1787727165.412,10924,15.0,68220,10.9525,1.52
1787727165.428,10925,15.2,67237,10.9318,1.52
1787727165.446,10926,17.7,57842,10.9101,1.52
1787727165.463,10927,17.6,58072,10.9357,1.52
1787727165.481,10928,17.4,58944,10.9099,1.52
1787727165.499,10929,17.5,58668,10.9752,1.52
1787727165.516,10930,17.2,59527,10.9272,1.52
1787727165.534,10931,17.5,58553,10.9335,1.52
1787727165.551,10932,17.2,59600,10.9438,1.52
1787727165.571,10933,19.8,51827,10.9490,1.52
1787727165.597,10934,25.3,40417,10.9407,1.52
1787727165.632,10935,34.8,29453,10.9263,1.52
1787727165.666,10936,33.3,30716,10.9422,1.52
1787727165.698,10937,32.1,31909,10.9279,1.52
1787727165.731,10938,32.1,31907,10.9413,1.52
1787727165.764,10939,32.8,31244,10.9677,1.52
1787727165.785,10940,20.8,49227,10.9251,1.52
1787727165.805,10941,19.6,52376,10.9355,1.52
1787727165.821,10942,16.0,64078,10.9222,1.52
1787727165.836,10943,15.0,68178,10.9148,1.52
1787727165.851,10944,15.0,68139,10.9383,1.52
1787727165.868,10945,16.4,62310,10.9434,1.52
1787727165.886,10946,17.4,58951,10.9278,1.52
1787727165.903,10947,17.2,59603,10.9194,1.52
1787727165.921,10948,17.3,59249,10.9442,1.52
1787727165.938,10949,17.3,59134,10.9516,1.52
1787727165.956,10950,17.4,58835,10.9350,1.52
1787727165.973,10951,17.5,58655,10.9193,1.52
1787727165.991,10952,17.4,58743,10.9176,1.52
1787727166.009,10953,17.4,58993,10.9139,1.52
1787727166.034,10954,25.6,40025,10.9364,1.52
1787727166.068,10955,33.8,30309,10.9194,1.52
1787727166.101,10956,32.6,31424,10.9465,1.52
1787727166.133,10957,31.7,32289,10.9186,1.52
1787727166.165,10958,32.4,31599,10.9452,1.52
1787727166.197,10959,31.4,32602,10.9291,1.52
1787727166.229,10960,32.2,31838,10.9599,1.52
1787727166.261,10961,32.0,31973,10.9342,1.52
1787727166.294,10962,32.6,31454,10.9563,1.52
1787727166.327,10963,32.5,31466,10.9324,1.52
1787727166.359,10964,32.5,31509,10.8934,1.52
1787727166.392,10965,31.9,32096,10.9196,1.52
1787727166.423,10966,31.6,32384,10.9220,1.52
1787727166.438,10967,14.6,70021,10.9566,1.52
1787727166.454,10968,15.5,66272,10.9210,1.52
1787727166.470,10969,15.6,65548,10.9388,1.52
1787727166.485,10970,15.6,65838,10.9526,1.52
1787727166.501,10971,15.4,66412,10.9459,1.52
1787727166.517,10972,15.6,65669,10.9324,1.52
1787727166.534,10973,17.0,60154,10.9472,1.52
1787727166.552,10974,17.3,59188,10.9373,1.52
1787727166.569,10975,17.3,59126,10.9359,1.52
1787727166.587,10976,17.4,58945,10.9394,1.52
1787727166.604,10977,17.5,58613,10.9452,1.52
1787727166.622,10978,17.3,59027,10.9293,1.52
1787727166.639,10979,17.2,59584,10.9153,1.52
1787727166.657,10980,17.4,58866,10.9313,1.52
1787727166.675,10981,17.5,58530,10.9272,1.52
1787727166.707,10982,31.7,32332,10.9480,1.52
1787727166.740,10983,33.0,31051,10.9255,1.52
1787727166.772,10984,32.2,31831,10.9634,1.52
1787727166.804,10985,32.0,31989,10.9163,1.52
1787727166.837,10986,32.3,31692,10.9055,1.52
1787727166.869,10987,31.8,32202,10.9201,1.52
1787727166.900,10988,31.6,32430,10.9382,1.52
1787727166.932,10989,31.3,32730,10.9458,1.52
1787727166.965,10990,32.7,31328,10.9244,1.52
1787727166.996,10991,31.8,32230,10.9499,1.52
1787727167.029,10992,32.2,31783,10.9332,1.52
1787727167.061,10993,32.2,31779,10.9160,1.52
1787727167.094,10994,32.8,31246,10.9338,1.52
1787727167.126,10995,31.9,32098,10.9360,1.52
1787727167.158,10996,31.9,32063,10.9352,1.52
1787727167.191,10997,32.5,31534,10.9393,1.52
1787727167.223,10998,32.1,31948,10.9537,1.52
1787727167.255,10999,32.3,31672,10.9563,1.52
1787727167.288,11000,32.3,31726,10.9588,1.52
1787727167.321,11001,32.8,31216,10.9263,1.52
1787727167.353,11002,32.5,31496,10.9488,1.52
1787727167.386,11003,32.2,31846,10.9414,1.52
1787727167.418,11004,32.5,31519,10.9291,1.52
1787727167.449,11005,31.0,33031,10.9247,1.52
1787727167.468,11006,18.5,55354,10.9443,1.52
1787727167.486,11007,17.4,58685,10.9542,1.52
1787727167.503,11008,17.3,59167,10.9216,1.52
1787727167.521,11009,17.1,59948,10.9392,1.52
1787727167.538,11010,17.1,59903,10.9708,1.52
1787727167.555,11011,17.1,59966,10.9335,1.52
1787727167.572,11012,17.1,60014,10.9437,1.52
1787727167.590,11013,17.0,60112,10.9648,1.52
1787727167.607,11014,17.1,59944,10.9394,1.52
1787727167.635,11015,28.4,36012,10.9183,1.52
1787727167.671,11016,35.0,29298,10.9283,1.52
1787727167.704,11017,32.9,31095,10.9266,1.52
1787727167.736,11018,31.8,32170,10.9134,1.52
1787727167.768,11019,32.5,31515,10.9561,1.52
1787727167.800,11020,31.2,32833,10.9103,1.52
1787727167.832,11021,32.0,31965,10.9419,1.52
1787727167.864,11022,32.3,31663,10.9229,1.52
1787727167.897,11023,32.6,31404,10.9315,1.52
1787727167.922,11024,24.6,41668,10.9264,1.52
1787727167.938,11025,15.9,64256,10.9132,1.52
1787727167.954,11026,15.3,66882,10.9410,1.52
1787727167.970,11027,15.4,66347,10.9415,1.52
1787727167.985,11028,15.3,66790,10.9287,1.52
1787727168.001,11029,15.5,66110,10.9217,1.52
1787727168.017,11030,15.5,65918,10.9268,1.52
1787727168.035,11031,17.9,57313,10.9282,1.52
1787727168.052,11032,17.1,59821,10.9351,1.52
1787727168.072,11033,19.6,52285,10.9175,1.52
1787727168.089,11034,17.1,59803,10.9244,1.52
1787727168.107,11035,17.2,59624,10.9602,1.52
1787727168.124,11036,17.2,59547,10.9328,1.52
1787727168.141,11037,17.2,59538,10.9528,1.52
1787727168.159,11038,17.2,59625,10.9172,1.52
1787727168.176,11039,17.3,59188,10.9452,1.52
1787727168.209,11040,32.5,31503,10.9051,1.52
1787727168.231,11041,22.0,46460,10.8945,1.52
1787727168.249,11042,17.4,58901,10.9392,1.52
1787727168.266,11043,17.1,59800,10.9531,1.52
1787727168.284,11044,17.2,59442,10.9471,1.52
1787727168.301,11045,17.3,59169,10.9350,1.52
1787727168.319,11046,17.2,59489,10.9333,1.52
1787727168.336,11047,17.0,60182,10.9588,1.52
1787727168.353,11048,17.2,59647,10.9450,1.52
1787727168.371,11049,17.2,59623,10.9242,1.52
1787727168.399,11050,28.1,36395,10.9651,1.52
1787727168.433,11051,34.0,30139,10.9361,1.52
1787727168.467,11052,33.3,30717,10.9496,1.52
1787727168.499,11053,31.9,32144,10.9568,1.52
1787727168.531,11054,32.3,31713,10.9385,1.52
1787727168.563,11055,32.2,31829,10.9605,1.52
1787727168.583,11056,19.1,53478,10.9601,1.52
1787727168.600,11057,17.4,58943,10.9269,1.52
1787727168.618,11058,17.1,60010,10.9455,1.52
1787727168.635,11059,17.3,59337,10.9246,1.52
1787727168.652,11060,17.2,59579,10.9427,1.52
1787727168.670,11061,17.1,59859,10.9445,1.52
1787727168.687,11062,17.2,59689,10.9459,1.52
1787727168.705,11063,17.1,59781,10.9130,1.52
1787727168.722,11064,17.1,59999,10.9513,1.52
1787727168.750,11065,28.3,36206,10.9200,1.52
1787727168.785,11066,34.5,29674,10.9256,1.52
1787727168.818,11067,33.1,30917,10.9510,1.52
1787727168.851,11068,32.2,31830,10.9352,1.52
1787727168.883,11069,32.3,31675,10.9488,1.52
1787727168.916,11070,32.6,31397,10.9610,1.52
1787727168.948,11071,32.0,32026,10.9038,1.52
1787727168.980,11072,31.8,32194,10.9503,1.52
1787727169.012,11073,32.0,32048,10.9334,1.52
1787727169.044,11074,31.4,32586,10.9192,1.52
1787727169.076,11075,32.4,31614,10.9374,1.52
1787727169.109,11076,32.9,31109,10.9765,1.52
1787727169.141,11077,32.0,31983,10.9222,1.52
1787727169.173,11078,31.8,32209,10.9084,1.52
1787727169.206,11079,32.6,31412,10.9552,1.52
1787727169.238,11080,31.9,32141,10.9573,1.52
1787727169.271,11081,32.5,31471,10.9171,1.52
1787727169.302,11082,31.6,32440,10.9513,1.52
1787727169.322,11083,19.1,53597,10.9706,1.52
1787727169.340,11084,17.7,58001,10.9361,1.52
1787727169.357,11085,17.4,58721,10.9403,1.52
1787727169.375,11086,17.5,58595,10.9428,1.52
1787727169.393,11087,17.9,57062,10.9351,1.52
1787727169.410,11088,17.0,60378,10.9371,1.52
1787727169.428,11089,17.6,58262,10.9273,1.52
1787727169.446,11090,17.3,59124,10.9450,1.52
1787727169.466,11091,20.6,49757,10.9319,1.52
1787727169.502,11092,35.0,29241,10.9176,1.52
1787727169.534,11093,32.1,31875,10.9448,1.52
1787727169.566,11094,32.2,31811,10.9272,1.52
1787727169.598,11095,31.2,32821,10.9509,1.52
1787727169.629,11096,31.2,32772,10.9199,1.52
1787727169.660,11097,31.2,32848,10.9161,1.52
1787727169.693,11098,32.4,31606,10.9283,1.52
1787727169.724,11099,31.2,32868,10.9237,1.52
1787727169.756,11100,31.3,32667,10.9255,1.52
1787727169.788,11101,32.1,31936,10.9673,1.52
1787727169.820,11102,31.7,32283,10.9489,1.52
1787727169.850,11103,29.8,34337,10.9204,1.52
1787727169.880,11104,29.8,34312,10.9585,1.52
1787727169.908,11105,28.0,36595,10.9409,1.52
1787727169.936,11106,28.1,36388,10.9440,1.52
1787727169.964,11107,27.8,36839,10.9485,1.52
1787727169.992,11108,28.2,36365,10.9158,1.52
1787727170.020,11109,27.6,37145,10.9138,1.52
1787727170.047,11110,27.2,37685,10.9272,1.52
1787727170.075,11111,27.4,37438,10.9334,1.52
1787727170.102,11112,26.9,38012,10.9580,1.52
1787727170.129,11113,27.5,37264,10.9201,1.52
1787727170.156,11114,27.0,37994,10.9370,1.52
1787727170.184,11115,27.5,37239,10.9508,1.52
1787727170.211,11116,27.2,37605,10.9116,1.52
1787727170.238,11117,26.9,38105,10.9542,1.52
1787727170.265,11118,26.9,38014,10.9228,1.52
1787727170.293,11119,27.3,37566,10.9537,1.52
1787727170.321,11120,27.6,37068,10.9302,1.52
1787727170.347,11121,26.6,38436,10.9495,1.52
1787727170.375,11122,27.2,37585,10.9510,1.52
1787727170.401,11123,26.5,38663,10.9505,1.52
1787727170.428,11124,26.8,38148,10.9573,1.52
1787727170.455,11125,26.3,38930,10.9661,1.52
1787727170.482,11126,27.1,37775,10.9334,1.52
1787727170.509,11127,26.5,38628,10.9657,1.52
1787727170.535,11128,26.5,38586,10.9719,1.52
1787727170.563,11129,27.3,37512,10.9521,1.52
1787727170.590,11130,26.8,38221,10.9379,1.52
1787727170.617,11131,26.9,38109,10.9237,1.52
1787727170.643,11132,26.6,38450,10.9304,1.52
1787727170.671,11133,27.1,37780,10.9367,1.52
1787727170.697,11134,26.8,38219,10.9252,1.52
1787727170.725,11135,27.0,37891,10.9471,1.52
1787727170.751,11136,26.4,38818,10.9256,1.52
1787727170.778,11137,26.9,38126,10.9603,1.52
1787727170.806,11138,27.6,37122,10.9551,1.52
1787727170.832,11139,26.3,38864,10.9157,1.52
1787727170.859,11140,27.0,37922,10.9377,1.52
1787727170.886,11141,26.4,38787,10.9577,1.52
1787727170.913,11142,27.0,37867,10.9359,1.52
1787727170.940,11143,26.5,38707,10.9589,1.52
1787727170.967,11144,27.2,37617,10.9238,1.52
1787727170.993,11145,26.3,39002,10.9199,1.52
1787727171.020,11146,26.4,38721,10.9176,1.52
1787727171.056,11147,36.2,28297,10.9300,1.52
1787727171.093,11148,36.3,28202,10.9437,1.52
1787727171.131,11149,37.7,27181,10.9551,1.52
1787727171.168,11150,37.8,27121,10.9406,1.52
1787727171.205,11151,36.4,28120,10.9366,1.52
1787727171.241,11152,36.1,28355,10.9305,1.52
1787727171.275,11153,33.3,30749,10.9375,1.52
1787727171.307,11154,32.7,31296,10.9721,1.52
1787727171.341,11155,33.1,30913,10.9381,1.52
1787727171.381,11156,40.5,25269,10.9223,1.52
1787727171.433,11157,52.0,19692,10.9365,1.52
1787727171.484,11158,50.7,20210,10.9314,1.52
1787727171.536,11159,51.7,19792,10.9226,1.52
1787727171.586,11160,50.1,20438,10.9402,1.52
1787727171.638,11161,51.1,20051,10.9450,1.52
1787727171.680,11162,42.7,23971,10.9344,1.52
1787727171.695,11163,14.5,70402,10.9185,1.52
1787727171.710,11164,14.6,70375,10.9342,1.52
1787727171.724,11165,14.6,70319,10.8967,1.52
