ts,step,dt_ms,tok_per_s,loss,peak_gib,gated_ms
1787731009.825,1,1137.1,901,12.2742,1.50,0.0
1787731009.843,2,16.8,60888,12.3291,1.52,0.0
1787731009.858,3,15.0,68400,12.1472,1.52,0.0
1787731009.873,4,15.0,68442,12.1322,1.52,0.0
1787731009.888,5,15.0,68142,12.0270,1.52,0.0
1787731009.903,6,14.4,71142,12.1041,1.52,0.0
1787731009.917,7,14.3,71780,12.0265,1.52,0.0
1787731009.931,8,14.2,72112,11.9940,1.52,0.0
1787731009.946,9,14.3,71767,11.8917,1.52,0.0
1787731009.960,10,14.2,71929,11.7924,1.52,0.0
1787731009.974,11,14.2,71957,11.8568,1.52,0.0
1787731009.989,12,14.3,71677,11.7441,1.52,0.0
1787731010.003,13,14.2,72011,11.7072,1.52,0.0
1787731010.017,14,14.2,71900,11.6953,1.52,0.0
1787731010.032,15,14.3,71832,11.6090,1.52,0.0
1787731010.046,16,14.2,71875,11.5440,1.52,0.0
1787731010.060,17,14.2,72000,11.5822,1.52,0.0
1787731010.075,18,14.3,71850,11.5315,1.52,0.0
1787731010.089,19,14.2,71917,11.4769,1.52,0.0
1787731010.103,20,14.2,72028,11.4567,1.52,0.0
1787731010.118,21,14.2,72049,11.4382,1.52,0.0
1787731010.132,22,14.3,71827,11.4413,1.52,0.0
1787731010.146,23,14.2,72192,11.3771,1.52,0.0
1787731010.161,24,14.3,71855,11.3962,1.52,0.0
1787731010.175,25,14.2,71864,11.3723,1.52,0.0
1787731010.189,26,14.2,72052,11.2756,1.52,0.0
1787731010.204,27,14.2,71891,11.2915,1.52,0.0
1787731010.218,28,14.3,71719,11.3098,1.52,0.0
1787731010.233,29,14.3,71797,11.2484,1.52,0.0
1787731010.247,30,14.2,72116,11.2398,1.52,0.0
1787731010.261,31,14.3,71693,11.1734,1.52,0.0
1787731010.276,32,14.2,71993,11.1573,1.52,0.0
1787731010.290,33,14.2,71929,11.1819,1.52,0.0
1787731010.304,34,14.2,72126,11.2070,1.52,0.0
1787731010.319,35,14.4,71300,11.1422,1.52,0.0
1787731010.333,36,14.2,72072,11.1030,1.52,0.0
1787731010.347,37,14.2,72123,11.1742,1.52,0.0
1787731010.362,38,14.2,72057,11.1478,1.52,0.0
1787731010.376,39,14.2,72108,11.0960,1.52,0.0
1787731010.390,40,14.2,72158,11.1287,1.52,0.0
1787731010.405,41,14.2,71871,11.1410,1.52,0.0
1787731011.005,42,600.0,1707,11.1097,1.52,0.0
1787731011.022,43,17.1,59967,11.0949,1.52,0.0
1787731011.040,44,17.2,59558,11.1334,1.52,0.0
1787731011.057,45,17.1,59847,11.1275,1.52,0.0
1787731011.075,46,17.7,57858,11.0843,1.52,0.0
1787731011.093,47,17.7,57902,11.0581,1.52,0.0
1787731011.110,48,16.8,61102,11.0585,1.52,0.0
1787731011.127,49,16.8,60998,11.0497,1.52,0.0
1787731011.143,50,16.7,61333,11.0569,1.52,0.0
1787731011.160,51,16.8,61070,11.1083,1.52,0.0
1787731011.177,52,16.1,63703,11.0785,1.52,0.0
1787731011.193,53,16.1,63509,11.0480,1.52,0.0
1787731011.210,54,16.5,62066,11.0446,1.52,0.0
1787731011.228,55,17.7,57734,11.0657,1.52,0.0
1787731011.245,56,17.0,60271,11.0536,1.52,0.0
1787731011.262,57,17.1,59929,11.0370,1.52,0.0
1787731011.280,58,17.3,59185,11.0651,1.52,0.0
1787731012.433,59,1153.3,888,11.0197,1.52,0.0
1787731012.775,60,341.5,2998,11.0095,1.52,0.0
1787731012.828,61,52.6,19459,11.0397,1.52,0.0
1787731012.864,62,36.1,28391,11.0034,1.52,0.0
1787731012.882,63,17.2,59636,11.0397,1.52,0.0
1787731012.898,64,16.1,63543,11.0651,1.52,0.0
1787731012.915,65,16.6,61638,10.9976,1.52,0.0
1787731012.932,66,16.9,60606,11.0397,1.52,0.0
1787731012.950,67,18.1,56510,11.0126,1.52,0.0
1787731012.968,68,17.8,57373,11.0150,1.52,0.0
1787731012.987,69,18.3,55854,10.9947,1.52,0.0
1787731013.591,70,604.2,1695,10.9861,1.52,0.0
1787731014.771,71,1179.5,868,11.0383,1.52,0.0
1787731014.809,72,38.2,26783,10.9826,1.52,0.0
1787731014.849,73,39.9,25683,10.9619,1.52,0.0
1787731014.865,74,15.8,64995,11.0096,1.52,0.0
1787731014.881,75,16.0,64191,10.9880,1.52,0.0
1787731014.897,76,15.2,67493,11.0164,1.52,0.0
1787731014.912,77,15.2,67522,10.9834,1.52,0.0
1787731014.927,78,15.4,66638,10.9938,1.52,0.0
1787731014.943,79,15.2,67482,10.9977,1.52,0.0
1787731014.958,80,15.1,67640,10.9920,1.52,0.0
1787731014.973,81,15.3,66816,11.0043,1.52,0.0
1787731014.989,82,15.1,67904,11.0176,1.52,0.0
1787731015.004,83,15.2,67495,10.9827,1.52,0.0
1787731015.019,84,15.4,66624,11.0201,1.52,0.0
1787731015.035,85,15.1,67804,11.0147,1.52,0.0
1787731015.050,86,15.1,67910,10.9901,1.52,0.0
1787731015.065,87,15.4,66588,10.9981,1.52,0.0
1787731015.081,88,15.1,67661,10.9761,1.52,0.0
1787731015.096,89,15.2,67253,10.9953,1.52,0.0
1787731015.111,90,15.4,66626,10.9910,1.52,0.0
1787731015.127,91,15.1,67789,10.9715,1.52,0.0
1787731015.142,92,15.1,67918,10.9913,1.52,0.0
1787731015.157,93,15.4,66590,10.9943,1.52,0.0
1787731015.173,94,15.1,67696,10.9639,1.52,0.0
1787731015.188,95,15.3,66741,11.0177,1.52,0.0
1787731015.203,96,15.3,66821,10.9860,1.52,0.0
1787731015.218,97,14.8,68964,10.9895,1.52,0.0
1787731015.234,98,15.2,67424,10.9937,1.52,0.0
1787731015.249,99,15.5,66105,10.9931,1.52,0.0
1787731015.265,100,15.0,68061,11.0016,1.52,0.0
1787731015.280,101,15.1,67648,10.9923,1.52,0.0
1787731015.295,102,15.3,66793,11.0208,1.52,0.0
1787731015.311,103,15.2,67361,11.0058,1.52,0.0
1787731015.326,104,15.1,67955,11.0067,1.52,0.0
1787731015.341,105,15.4,66664,10.9825,1.52,0.0
1787731015.357,106,15.2,67487,10.9816,1.52,0.0
1787731015.372,107,15.1,67749,10.9691,1.52,0.0
1787731015.387,108,15.4,66301,11.0028,1.52,0.0
1787731015.403,109,15.1,67748,10.9821,1.52,0.0
1787731016.010,110,607.7,1685,10.9637,1.52,0.0
1787731016.062,111,50.9,20113,10.9904,1.52,0.0
1787731016.106,112,43.7,23443,11.0154,1.52,0.0
1787731016.121,113,15.5,66040,10.9910,1.52,0.0
1787731016.137,114,15.2,67396,11.0157,1.52,0.0
1787731016.152,115,15.0,68066,11.0087,1.52,0.0
1787731016.752,116,600.3,1706,11.0199,1.52,0.0
1787731017.360,117,607.4,1686,11.0154,1.52,0.0
1787731017.414,118,54.2,18886,11.0140,1.52,0.0
1787731017.453,119,38.6,26536,11.0047,1.52,0.0
1787731017.469,120,15.4,66282,10.9976,1.52,0.0
1787731017.484,121,15.5,66238,11.0200,1.52,0.0
1787731017.500,122,15.2,67309,10.9983,1.52,0.0
1787731017.515,123,15.0,68088,10.9618,1.52,0.0
1787731017.530,124,15.4,66559,10.9800,1.52,0.0
1787731017.546,125,15.2,67394,10.9985,1.52,0.0
1787731017.561,126,15.1,67976,10.9845,1.52,0.0
1787731017.576,127,15.5,66049,10.9952,1.52,0.0
1787731017.592,128,15.1,67618,11.0005,1.52,0.0
1787731017.607,129,15.4,66523,10.9957,1.52,0.0
1787731017.623,130,15.3,67020,10.9766,1.52,0.0
1787731017.638,131,15.1,68020,10.9942,1.52,0.0
1787731017.653,132,15.4,66630,10.9972,1.52,0.0
1787731017.669,133,15.2,67390,11.0289,1.52,0.0
1787731018.856,134,1187.2,863,10.9942,1.52,0.0
1787731018.911,135,55.1,18600,10.9653,1.52,0.0
1787731018.942,136,31.0,32995,10.9962,1.52,0.0
1787731018.958,137,15.3,67036,11.0101,1.52,0.0
1787731018.974,138,15.5,66260,11.0060,1.52,0.0
1787731018.989,139,15.2,67566,11.0142,1.52,0.0
1787731019.005,140,15.8,64994,11.0025,1.52,0.0
1787731019.020,141,15.1,67633,11.0361,1.52,0.0
1787731019.036,142,15.4,66364,10.9746,1.52,0.0
1787731019.051,143,15.1,67775,11.0138,1.52,0.0
1787731019.066,144,15.4,66500,11.0050,1.52,0.0
1787731019.082,145,15.2,67313,10.9894,1.52,0.0
1787731019.097,146,15.5,66155,11.0118,1.52,0.0
1787731019.113,147,15.3,67091,11.0247,1.52,0.0
1787731019.128,148,15.4,66458,11.0198,1.52,0.0
1787731019.144,149,15.3,67106,11.0158,1.52,0.0
1787731019.159,150,15.0,68063,11.0136,1.52,0.0
1787731019.174,151,15.4,66615,10.9829,1.52,0.0
1787731019.190,152,15.2,67401,11.0239,1.52,0.0
1787731019.205,153,14.9,68620,11.0266,1.52,0.0
1787731019.220,154,15.4,66398,11.0075,1.52,0.0
1787731019.236,155,15.2,67164,10.9878,1.52,0.0
1787731019.251,156,15.4,66352,11.0334,1.52,0.0
1787731019.267,157,15.2,67235,11.0029,1.52,0.0
1787731019.282,158,15.1,68037,11.0201,1.52,0.0
1787731019.297,159,15.4,66586,10.9637,1.52,0.0
1787731019.313,160,15.2,67425,10.9838,1.52,0.0
1787731019.328,161,14.9,68704,11.0028,1.52,0.0
1787731019.343,162,15.4,66604,11.0007,1.52,0.0
1787731019.359,163,15.3,67142,11.0058,1.52,0.0
1787731019.374,164,15.1,67954,10.9912,1.52,0.0
1787731019.389,165,15.5,66010,10.9942,1.52,0.0
1787731019.405,166,15.1,67601,10.9878,1.52,0.0
1787731019.420,167,15.4,66482,11.0144,1.52,0.0
1787731019.436,168,15.2,67173,10.9873,1.52,0.0
1787731019.452,169,16.1,63666,11.0442,1.52,0.0
1787731019.468,170,15.7,65204,10.9604,1.52,0.0
1787731019.483,171,15.6,65794,10.9699,1.52,0.0
1787731019.499,172,15.3,67130,10.9993,1.52,0.0
1787731019.514,173,15.4,66507,11.0013,1.52,0.0
1787731019.530,174,15.2,67317,11.0032,1.52,0.0
1787731019.545,175,15.0,68060,10.9748,1.52,0.0
1787731019.560,176,15.4,66512,11.0001,1.52,0.0
1787731019.576,177,15.2,67410,10.9804,1.52,0.0
1787731019.591,178,15.0,68142,10.9905,1.52,0.0
1787731019.606,179,15.4,66583,11.0208,1.52,0.0
1787731019.622,180,15.2,67413,11.0237,1.52,0.0
1787731019.637,181,15.4,66542,11.0307,1.52,0.0
1787731019.653,182,15.3,67139,11.0080,1.52,0.0
1787731019.668,183,15.1,67955,11.0051,1.52,0.0
1787731019.683,184,15.4,66319,11.0161,1.52,0.0
1787731019.699,185,15.2,67170,10.9666,1.52,0.0
1787731019.714,186,15.4,66579,11.0198,1.52,0.0
1787731019.730,187,15.2,67244,10.9919,1.52,0.0
1787731019.745,188,15.0,68079,10.9957,1.52,0.0
1787731019.760,189,15.4,66589,10.9968,1.52,0.0
1787731019.776,190,15.2,67344,10.9861,1.52,0.0
1787731019.791,191,15.1,67728,10.9994,1.52,0.0
1787731019.806,192,15.4,66565,11.0476,1.52,0.0
1787731019.822,193,15.2,67514,11.0207,1.52,0.0
1787731019.837,194,15.4,66541,11.0096,1.52,0.0
1787731019.853,195,15.3,67045,11.0217,1.52,0.0
1787731019.868,196,15.1,67821,10.9767,1.52,0.0
1787731019.883,197,15.4,66505,11.0031,1.52,0.0
1787731019.899,198,15.2,67517,11.0063,1.52,0.0
1787731019.914,199,15.4,66463,10.9822,1.52,0.0
1787731019.930,200,15.2,67159,11.0350,1.52,0.0
1787731019.945,201,15.4,66401,11.0040,1.52,0.0
1787731019.961,202,15.2,67166,10.9992,1.52,0.0
1787731019.976,203,15.6,65722,11.0255,1.52,0.0
1787731019.992,204,15.2,67448,10.9858,1.52,0.0
1787731020.007,205,15.1,68012,10.9767,1.52,0.0
1787731020.022,206,15.2,67229,10.9912,1.52,0.0
1787731020.038,207,16.0,64029,11.0026,1.52,0.0
1787731020.054,208,15.2,67492,11.0129,1.52,0.0
1787731020.069,209,15.4,66425,10.9755,1.52,0.0
1787731020.085,210,15.9,64331,10.9736,1.52,0.0
1787731020.101,211,15.2,67339,10.9916,1.52,0.0
1787731020.116,212,15.0,68178,11.0097,1.52,0.0
1787731020.131,213,15.4,66592,10.9962,1.52,0.0
1787731020.147,214,15.2,67332,10.9921,1.52,0.0
1787731020.162,215,15.4,66469,10.9941,1.52,0.0
1787731020.178,216,15.3,67135,11.0263,1.52,0.0
1787731020.193,217,15.1,67906,10.9800,1.52,0.0
1787731020.208,218,14.9,68696,10.9848,1.52,0.0
1787731020.224,219,15.7,65345,11.0067,1.52,0.0
1787731020.239,220,15.1,68011,10.9890,1.52,0.0
1787731020.254,221,15.4,66553,11.0219,1.52,0.0
1787731020.270,222,15.2,67161,10.9859,1.52,0.0
1787731020.285,223,15.0,68267,10.9890,1.52,0.0
1787731020.300,224,15.4,66573,10.9845,1.52,0.0
1787731020.316,225,15.2,67502,10.9652,1.52,0.0
1787731020.331,226,15.0,68070,10.9842,1.52,0.0
1787731020.346,227,15.4,66533,11.0142,1.52,0.0
1787731020.362,228,15.2,67445,10.9982,1.52,0.0
1787731020.377,229,15.4,66531,10.9959,1.52,0.0
1787731020.393,230,15.3,67097,10.9615,1.52,0.0
1787731020.408,231,15.1,67986,11.0148,1.52,0.0
1787731020.423,232,15.4,66626,10.9801,1.52,0.0
1787731020.439,233,15.3,67038,10.9636,1.52,0.0
1787731020.454,234,15.4,66624,10.9674,1.52,0.0
1787731020.470,235,15.3,66862,11.0421,1.52,0.0
1787731020.485,236,14.9,68523,10.9989,1.52,0.0
1787731020.500,237,14.9,68588,10.9904,1.52,0.0
1787731020.515,238,14.9,68621,11.0275,1.52,0.0
1787731020.530,239,14.9,68737,10.9717,1.52,0.0
1787731020.545,240,14.9,68719,10.9960,1.52,0.0
1787731020.560,241,15.0,68131,10.9960,1.52,0.0
1787731020.575,242,14.9,68755,10.9509,1.52,0.0
1787731020.590,243,14.9,68694,10.9798,1.52,0.0
1787731020.605,244,14.9,68662,10.9452,1.52,0.0
1787731020.620,245,14.9,68660,10.9770,1.52,0.0
1787731020.635,246,14.9,68719,10.9932,1.52,0.0
1787731020.650,247,14.9,68656,10.9829,1.52,0.0
1787731020.665,248,14.9,68635,11.0037,1.52,0.0
1787731020.680,249,14.9,68693,10.9904,1.52,0.0
1787731020.695,250,14.9,68776,11.0066,1.52,0.0
1787731020.710,251,14.9,68572,10.9652,1.52,0.0
1787731020.725,252,14.9,68813,11.0333,1.52,0.0
1787731020.740,253,14.9,68631,10.9854,1.52,0.0
1787731020.755,254,14.9,68806,10.9864,1.52,0.0
1787731020.771,255,15.4,66385,10.9820,1.52,0.0
1787731020.786,256,15.0,68234,10.9864,1.52,0.0
1787731020.801,257,14.9,68510,10.9693,1.52,0.0
1787731020.816,258,14.9,68605,11.0200,1.52,0.0
1787731020.831,259,14.9,68800,10.9981,1.52,0.0
1787731020.846,260,15.0,68151,11.0015,1.52,0.0
1787731020.861,261,14.9,68745,10.9844,1.52,0.0
1787731020.876,262,14.9,68602,10.9943,1.52,0.0
1787731020.891,263,14.9,68704,10.9953,1.52,0.0
1787731020.906,264,14.9,68701,11.0019,1.52,0.0
1787731020.921,265,14.9,68724,10.9636,1.52,0.0
1787731020.936,266,14.9,68759,10.9936,1.52,0.0
1787731020.951,267,14.9,68781,10.9894,1.52,0.0
1787731020.966,268,14.9,68625,10.9934,1.52,0.0
1787731020.981,269,14.9,68746,10.9623,1.52,0.0
1787731020.996,270,14.9,68822,10.9958,1.52,0.0
1787731021.011,271,14.9,68702,10.9751,1.52,0.0
1787731021.026,272,14.9,68823,10.9813,1.52,0.0
1787731021.041,273,14.9,68866,10.9940,1.52,0.0
1787731021.056,274,14.9,68814,11.0009,1.52,0.0
1787731021.071,275,14.9,68732,10.9985,1.52,0.0
1787731021.087,276,15.5,66122,10.9877,1.52,0.0
1787731021.102,277,14.9,68750,10.9577,1.52,0.0
1787731021.117,278,14.9,68682,10.9645,1.52,0.0
1787731021.132,279,15.0,68423,10.9682,1.52,0.0
1787731021.147,280,14.9,68837,10.9644,1.52,0.0
1787731021.162,281,14.9,68712,10.9805,1.52,0.0
1787731021.177,282,14.9,68776,10.9799,1.52,0.0
1787731021.192,283,14.9,68705,10.9842,1.52,0.0
1787731021.207,284,14.9,68694,10.9708,1.52,0.0
1787731021.222,285,14.9,68593,10.9986,1.52,0.0
1787731021.237,286,15.0,68040,10.9617,1.52,0.0
1787731021.252,287,14.9,68724,10.9782,1.52,0.0
1787731021.267,288,14.9,68684,10.9852,1.52,0.0
1787731021.282,289,14.9,68794,10.9715,1.52,0.0
1787731021.297,290,14.9,68856,10.9853,1.52,0.0
1787731021.312,291,14.9,68932,10.9538,1.52,0.0
1787731021.327,292,14.9,68586,10.9804,1.52,0.0
1787731021.342,293,14.9,68659,10.9733,1.52,0.0
1787731021.357,294,14.9,68569,11.0036,1.52,0.0
1787731021.372,295,14.9,68806,10.9764,1.52,0.0
1787731021.387,296,14.9,68841,10.9774,1.52,0.0
1787731021.402,297,14.9,68625,10.9508,1.52,0.0
1787731021.417,298,15.0,68256,10.9537,1.52,0.0
1787731021.432,299,14.9,68825,10.9568,1.52,0.0
1787731021.447,300,14.9,68641,10.9451,1.52,0.0
1787731021.462,301,14.9,68668,10.9865,1.52,0.0
1787731021.478,302,15.0,68155,11.0047,1.52,0.0
1787731021.493,303,15.0,68259,10.9507,1.52,0.0
1787731021.508,304,14.9,68613,11.0033,1.52,0.0
1787731021.523,305,14.9,68713,10.9977,1.52,0.0
1787731021.538,306,14.9,68758,10.9694,1.52,0.0
1787731021.553,307,14.9,68707,11.0084,1.52,0.0
1787731021.568,308,14.9,68575,10.9734,1.52,0.0
1787731021.583,309,14.9,68656,10.9876,1.52,0.0
1787731021.598,310,14.9,68657,10.9705,1.52,0.0
1787731021.613,311,14.9,68658,10.9903,1.52,0.0
1787731021.628,312,14.9,68674,10.9930,1.52,0.0
1787731021.643,313,14.9,68590,10.9637,1.52,0.0
1787731021.658,314,14.9,68683,10.9967,1.52,0.0
1787731021.673,315,15.0,68098,10.9888,1.52,0.0
1787731021.688,316,14.9,68579,11.0087,1.52,0.0
1787731021.703,317,15.0,68376,10.9972,1.52,0.0
1787731021.718,318,14.9,68762,10.9721,1.52,0.0
1787731021.733,319,14.9,68779,10.9660,1.52,0.0
1787731021.748,320,14.9,68697,10.9567,1.52,0.0
1787731021.763,321,14.9,68849,10.9638,1.52,0.0
1787731021.778,322,14.9,68748,10.9696,1.52,0.0
1787731021.793,323,14.9,68759,10.9877,1.52,0.0
1787731021.809,324,15.3,66886,10.9982,1.52,0.0
1787731021.824,325,15.1,67803,10.9920,1.52,0.0
1787731021.840,326,15.4,66468,10.9515,1.52,0.0
1787731021.855,327,15.2,67505,11.0055,1.52,0.0
1787731021.870,328,15.4,66622,10.9390,1.52,0.0
1787731021.886,329,15.2,67175,10.9669,1.52,0.0
1787731021.901,330,15.1,67976,10.9656,1.52,0.0
1787731021.916,331,15.4,66544,11.0058,1.52,0.0
1787731021.932,332,15.2,67389,10.9656,1.52,0.0
1787731021.947,333,15.0,68075,10.9908,1.52,0.0
1787731021.962,334,15.4,66569,10.9724,1.52,0.0
1787731021.978,335,15.2,67437,11.0046,1.52,0.0
1787731021.994,336,15.8,64732,10.9619,1.52,0.0
1787731022.009,337,15.1,67626,10.9899,1.52,0.0
1787731022.024,338,15.4,66607,10.9476,1.52,0.0
1787731022.040,339,15.2,67437,10.9769,1.52,0.0
1787731022.055,340,15.0,68217,10.9889,1.52,0.0
1787731022.070,341,15.4,66475,10.9955,1.52,0.0
1787731022.086,342,15.2,67479,10.9868,1.52,0.0
1787731022.101,343,15.0,68106,10.9904,1.52,0.0
1787731022.116,344,15.4,66536,10.9882,1.52,0.0
1787731022.132,345,15.2,67400,10.9862,1.52,0.0
1787731022.147,346,15.0,68123,10.9795,1.52,0.0
1787731022.162,347,15.4,66589,10.9545,1.52,0.0
1787731022.178,348,15.2,67369,10.9630,1.52,0.0
1787731022.193,349,15.0,68207,10.9973,1.52,0.0
1787731022.208,350,15.0,68368,11.0166,1.52,0.0
1787731022.224,351,15.4,66380,10.9660,1.52,0.0
1787731022.239,352,15.1,67735,10.9956,1.52,0.0
1787731022.254,353,15.4,66491,10.9685,1.52,0.0
1787731022.270,354,15.3,67112,10.9795,1.52,0.0
1787731022.285,355,15.6,65781,10.9924,1.52,0.0
1787731022.302,356,16.0,64019,10.9694,1.52,0.0
1787731022.317,357,15.1,67620,10.9474,1.52,0.0
1787731022.332,358,15.4,66603,10.9736,1.52,0.0
1787731022.348,359,15.2,67275,10.9977,1.52,0.0
1787731022.363,360,15.0,68119,10.9873,1.52,0.0
1787731022.379,361,15.4,66545,10.9669,1.52,0.0
1787731022.394,362,15.2,67586,10.9833,1.52,0.0
1787731022.409,363,15.1,68027,10.9813,1.52,0.0
1787731022.424,364,15.4,66617,10.9630,1.52,0.0
1787731022.440,365,15.3,66960,10.9479,1.52,0.0
1787731022.456,366,15.5,66190,10.9816,1.52,0.0
1787731022.471,367,15.2,67299,10.9618,1.52,0.0
1787731022.486,368,15.4,66438,10.9844,1.52,0.0
1787731022.502,369,15.4,66332,10.9668,1.52,0.0
1787731022.518,370,15.5,66149,10.9880,1.52,0.0
1787731022.533,371,15.1,67892,10.9735,1.52,0.0
1787731022.548,372,15.4,66664,10.9805,1.52,0.0
1787731022.564,373,15.2,67390,10.9716,1.52,0.0
1787731022.579,374,15.5,65969,10.9670,1.52,0.0
1787731022.595,375,15.2,67412,10.9707,1.52,0.0
1787731022.610,376,15.0,68099,10.9595,1.52,0.0
1787731022.625,377,15.4,66608,10.9569,1.52,0.0
1787731022.641,378,15.2,67423,10.9540,1.52,0.0
1787731022.656,379,15.1,68000,10.9877,1.52,0.0
1787731022.671,380,15.4,66659,10.9503,1.52,0.0
1787731022.687,381,15.2,67444,10.9603,1.52,0.0
1787731022.702,382,15.0,68101,10.9551,1.52,0.0
1787731022.717,383,15.4,66547,10.9904,1.52,0.0
1787731022.733,384,15.2,67490,10.9711,1.52,0.0
1787731022.748,385,15.1,68025,10.9560,1.52,0.0
1787731022.763,386,15.4,66667,10.9595,1.52,0.0
1787731022.779,387,15.4,66590,10.9700,1.52,0.0
1787731022.795,388,15.4,66531,10.9890,1.52,0.0
1787731022.810,389,15.2,67328,10.9447,1.52,0.0
1787731022.825,390,15.4,66589,10.9458,1.52,0.0
1787731022.841,391,15.3,66982,10.9825,1.52,0.0
1787731022.856,392,15.0,68084,10.9904,1.52,0.0
1787731022.872,393,15.5,66066,10.9739,1.52,0.0
1787731022.887,394,15.1,67613,10.9783,1.52,0.0
1787731022.902,395,15.0,68084,10.9632,1.52,0.0
1787731022.917,396,15.4,66666,11.0251,1.52,0.0
1787731022.933,397,15.2,67480,10.9771,1.52,0.0
1787731022.948,398,15.1,67980,10.9913,1.52,0.0
1787731022.964,399,15.4,66507,11.0162,1.52,0.0
1787731022.979,400,15.2,67499,10.9619,1.52,0.0
1787731022.994,401,15.0,68065,10.9576,1.52,0.0
1787731023.010,402,15.4,66685,10.9710,1.52,0.0
1787731023.025,403,15.2,67501,10.9975,1.52,0.0
1787731023.040,404,15.1,68026,10.9791,1.52,0.0
1787731023.056,405,15.4,66564,10.9638,1.52,0.0
1787731023.071,406,15.2,67257,10.9527,1.52,0.0
1787731023.086,407,15.4,66543,10.9880,1.52,0.0
1787731023.102,408,15.3,67105,10.9771,1.52,0.0
1787731023.117,409,15.1,68018,10.9760,1.52,0.0
1787731023.132,410,15.4,66695,10.9968,1.52,0.0
1787731023.148,411,15.2,67379,10.9567,1.52,0.0
1787731023.163,412,15.1,67899,10.9522,1.52,0.0
1787731023.179,413,15.4,66545,10.9782,1.52,0.0
1787731023.194,414,15.2,67493,10.9687,1.52,0.0
1787731023.209,415,15.1,67779,11.0059,1.52,0.0
1787731023.225,416,15.4,66638,11.0064,1.52,0.0
1787731023.240,417,15.2,67499,10.9703,1.52,0.0
1787731023.255,418,15.0,68065,11.0062,1.52,0.0
1787731023.271,419,15.4,66430,10.9537,1.52,0.0
1787731023.286,420,15.2,67500,10.9816,1.52,0.0
1787731023.301,421,15.4,66541,10.9803,1.52,0.0
1787731023.896,422,594.7,1722,10.9580,1.52,0.0
1787731024.513,423,616.1,1662,10.9456,1.52,0.0
1787731024.568,424,55.3,18528,10.9735,1.52,0.0
1787731024.598,425,29.4,34817,10.9847,1.52,0.0
1787731024.613,426,14.9,68606,10.9743,1.52,0.0
1787731024.628,427,14.9,68728,10.9714,1.52,0.0
1787731024.643,428,14.9,68736,11.0001,1.52,0.0
1787731024.658,429,14.9,68780,10.9635,1.52,0.0
1787731024.673,430,14.9,68819,10.9554,1.52,0.0
1787731024.688,431,15.0,68147,10.9510,1.52,0.0
1787731024.703,432,14.9,68652,10.9819,1.52,0.0
1787731024.718,433,14.9,68784,10.9669,1.52,0.0
1787731024.733,434,14.9,68782,10.9961,1.52,0.0
1787731024.748,435,14.9,68847,10.9816,1.52,0.0
1787731024.763,436,14.9,68716,11.0002,1.52,0.0
1787731024.778,437,14.9,68767,10.9453,1.52,0.0
1787731024.793,438,14.9,68618,11.0089,1.52,0.0
1787731024.808,439,14.9,68687,10.9584,1.52,0.0
1787731024.823,440,14.9,68728,10.9872,1.52,0.0
1787731024.838,441,14.9,68736,10.9770,1.52,0.0
1787731024.853,442,14.9,68791,10.9713,1.52,0.0
1787731024.868,443,14.9,68724,10.9821,1.52,0.0
1787731024.883,444,14.9,68864,10.9809,1.52,0.0
1787731024.898,445,14.9,68813,10.9722,1.52,0.0
1787731024.913,446,14.9,68781,10.9455,1.52,0.0
1787731024.928,447,14.9,68876,10.9644,1.52,0.0
1787731024.943,448,14.9,68745,10.9785,1.52,0.0
1787731024.958,449,14.9,68792,10.9603,1.52,0.0
1787731024.973,450,14.9,68537,10.9971,1.52,0.0
1787731024.988,451,14.9,68885,10.9589,1.52,0.0
1787731025.003,452,14.9,68838,10.9645,1.52,0.0
1787731025.018,453,14.9,68776,10.9710,1.52,0.0
1787731025.033,454,14.9,68794,10.9517,1.52,0.0
1787731025.048,455,14.9,68733,10.9625,1.52,0.0
1787731025.063,456,14.9,68808,10.9706,1.52,0.0
1787731025.078,457,14.9,68772,10.9690,1.52,0.0
1787731025.093,458,14.9,68681,10.9815,1.52,0.0
1787731025.108,459,14.9,68918,10.9654,1.52,0.0
1787731025.123,460,14.9,68723,10.9578,1.52,0.0
1787731025.138,461,14.9,68727,10.9496,1.52,0.0
1787731025.153,462,14.9,68880,10.9519,1.52,0.0
1787731025.168,463,14.9,68710,10.9611,1.52,0.0
1787731025.183,464,14.9,68848,10.9983,1.52,0.0
1787731025.198,465,14.9,68836,10.9763,1.52,0.0
1787731025.213,466,14.9,68618,10.9725,1.52,0.0
1787731025.228,467,14.9,68648,10.9857,1.52,0.0
1787731025.243,468,14.9,68806,10.9444,1.52,0.0
1787731025.258,469,15.0,68445,11.0154,1.52,0.0
1787731025.273,470,14.9,68759,10.9938,1.52,0.0
1787731025.288,471,14.9,68746,10.9537,1.52,0.0
1787731025.303,472,14.9,68747,10.9570,1.52,0.0
1787731025.318,473,14.9,68636,10.9475,1.52,0.0
1787731025.333,474,14.9,68766,10.9460,1.52,0.0
1787731025.348,475,14.9,68685,10.9925,1.52,0.0
1787731025.363,476,14.9,68894,10.9712,1.52,0.0
1787731025.378,477,14.9,68870,10.9427,1.52,0.0
1787731025.393,478,14.9,68866,10.9688,1.52,0.0
1787731025.408,479,14.9,68741,10.9674,1.52,0.0
1787731025.423,480,14.9,68834,10.9851,1.52,0.0
1787731025.438,481,14.9,68696,10.9816,1.52,0.0
1787731025.453,482,14.9,68793,10.9949,1.52,0.0
1787731025.468,483,14.9,68726,10.9866,1.52,0.0
1787731025.484,484,16.0,64130,10.9651,1.52,0.0
1787731025.500,485,15.5,66208,10.9520,1.52,0.0
1787731025.515,486,14.9,68681,10.9808,1.52,0.0
1787731025.530,487,15.1,67753,10.9734,1.52,0.0
1787731025.546,488,15.5,66117,10.9707,1.52,0.0
1787731025.563,489,17.1,60030,10.9882,1.52,0.0
1787731025.578,490,15.1,68001,10.9659,1.52,0.0
1787731025.594,491,15.4,66480,10.9746,1.52,0.0
1787731025.609,492,15.2,67454,10.9501,1.52,0.0
1787731025.624,493,15.0,68149,10.9872,1.52,0.0
1787731025.640,494,15.4,66487,10.9443,1.52,0.0
1787731025.655,495,15.2,67391,10.9486,1.52,0.0
1787731025.670,496,15.0,68181,10.9914,1.52,0.0
1787731025.686,497,15.4,66623,10.9684,1.52,0.0
1787731025.701,498,15.2,67484,10.9851,1.52,0.0
1787731025.717,499,15.5,65970,10.9497,1.52,0.0
1787731025.732,500,15.2,67406,10.9252,1.52,0.0
1787731025.748,501,15.4,66446,10.9657,1.52,0.0
1787731025.763,502,15.2,67223,10.9537,1.52,0.0
1787731025.778,503,15.1,67986,10.9600,1.52,0.0
1787731025.794,504,15.4,66502,10.9766,1.52,0.0
1787731025.809,505,14.9,68581,10.9558,1.52,0.0
1787731025.824,506,15.2,67587,10.9908,1.52,0.0
1787731025.840,507,15.5,65950,10.9781,1.52,0.0
1787731025.855,508,15.2,67428,10.9849,1.52,0.0
1787731025.870,509,15.0,68185,10.9737,1.52,0.0
1787731025.886,510,15.4,66364,10.9590,1.52,0.0
1787731025.901,511,15.2,67454,10.9675,1.52,0.0
1787731025.917,512,15.4,66456,10.9523,1.52,0.0
1787731025.932,513,15.2,67219,10.9536,1.52,0.0
1787731025.947,514,15.1,68015,10.9824,1.52,0.0
1787731025.963,515,15.4,66413,10.9367,1.52,0.0
1787731025.978,516,15.2,67422,10.9684,1.52,0.0
1787731025.993,517,15.0,68125,10.9815,1.52,0.0
1787731026.009,518,15.4,66439,10.9440,1.52,0.0
1787731026.024,519,14.9,68635,10.9614,1.52,0.0
1787731026.039,520,14.9,68719,10.9577,1.52,0.0
1787731026.054,521,15.2,67580,10.9602,1.52,0.0
1787731026.070,522,15.4,66406,10.9833,1.52,0.0
1787731026.085,523,15.2,67344,10.9815,1.52,0.0
1787731026.101,524,15.4,66394,10.9761,1.52,0.0
1787731026.116,525,15.2,67173,10.9620,1.52,0.0
1787731026.132,526,15.5,66207,10.9643,1.52,0.0
1787731026.147,527,15.3,67147,11.0008,1.52,0.0
1787731026.162,528,15.1,67996,10.9698,1.52,0.0
1787731026.178,529,15.4,66529,10.9930,1.52,0.0
1787731026.193,530,15.2,67345,10.9861,1.52,0.0
1787731026.208,531,14.9,68644,10.9547,1.52,0.0
1787731026.224,532,15.4,66284,10.9518,1.52,0.0
1787731026.239,533,15.2,67148,10.9409,1.52,0.0
1787731026.255,534,15.5,66172,10.9668,1.52,0.0
1787731026.270,535,15.2,67377,11.0065,1.52,0.0
1787731026.285,536,15.0,68115,10.9606,1.52,0.0
1787731026.301,537,15.4,66493,10.9699,1.52,0.0
1787731026.316,538,15.2,67395,10.9945,1.52,0.0
1787731026.331,539,14.9,68793,10.9777,1.52,0.0
1787731026.347,540,15.4,66425,10.9655,1.52,0.0
1787731026.362,541,15.2,67334,10.9451,1.52,0.0
1787731026.377,542,15.0,68136,10.9834,1.52,0.0
1787731026.393,543,15.4,66351,10.9358,1.52,0.0
1787731026.408,544,15.2,67224,10.9683,1.52,0.0
1787731026.424,545,15.6,65756,10.9929,1.52,0.0
1787731026.439,546,15.2,67559,10.9660,1.52,0.0
1787731026.455,547,15.4,66302,10.9372,1.52,0.0
1787731026.470,548,15.2,67260,10.9444,1.52,0.0
1787731026.486,549,15.5,66219,10.9686,1.52,0.0
1787731026.501,550,15.2,67322,10.9723,1.52,0.0
1787731026.517,551,15.4,66404,10.9532,1.52,0.0
1787731026.532,552,15.2,67157,10.9705,1.52,0.0
1787731026.547,553,15.0,68060,10.9540,1.52,0.0
1787731026.563,554,15.4,66416,10.9512,1.52,0.0
1787731026.578,555,15.2,67250,10.9426,1.52,0.0
1787731026.594,556,15.4,66451,10.9540,1.52,0.0
1787731026.609,557,15.2,67188,10.9750,1.52,0.0
1787731026.624,558,15.0,68091,10.9965,1.52,0.0
1787731026.640,559,15.5,66079,10.9666,1.52,0.0
1787731026.655,560,15.2,67544,10.9673,1.52,0.0
1787731026.671,561,15.5,66175,10.9373,1.52,0.0
1787731026.686,562,15.2,67425,10.9745,1.52,0.0
1787731026.702,563,15.4,66421,10.9787,1.52,0.0
1787731026.717,564,15.3,66862,10.9498,1.52,0.0
1787731026.733,565,15.4,66506,10.9808,1.52,0.0
1787731026.748,566,15.2,67225,10.9802,1.52,0.0
1787731026.763,567,15.1,68023,10.9816,1.52,0.0
1787731026.779,568,15.4,66378,10.9644,1.52,0.0
1787731026.794,569,15.2,67418,10.9738,1.52,0.0
1787731026.810,570,15.5,66242,10.9354,1.52,0.0
1787731026.825,571,15.2,67297,10.9722,1.52,0.0
1787731026.840,572,15.0,68137,10.9801,1.52,0.0
1787731026.856,573,15.4,66533,10.9687,1.52,0.0
1787731026.871,574,15.2,67376,10.9538,1.52,0.0
1787731026.887,575,15.5,65977,10.9967,1.52,0.0
1787731026.902,576,15.2,67426,10.9716,1.52,0.0
1787731026.917,577,15.0,68132,10.9405,1.52,0.0
1787731026.933,578,15.4,66386,11.0087,1.52,0.0
1787731026.948,579,15.2,67472,10.9939,1.52,0.0
1787731026.963,580,15.0,68112,10.9727,1.52,0.0
1787731026.979,581,15.4,66457,10.9496,1.52,0.0
1787731026.994,582,15.2,67428,10.9858,1.52,0.0
1787731027.010,583,15.5,66008,10.9648,1.52,0.0
1787731027.025,584,15.2,67390,10.9501,1.52,0.0
1787731027.040,585,15.0,68137,10.9529,1.52,0.0
1787731027.056,586,15.5,66262,10.9707,1.52,0.0
1787731027.071,587,15.2,67502,10.9464,1.52,0.0
1787731027.087,588,15.4,66399,10.9667,1.52,0.0
1787731027.102,589,15.3,67067,10.9903,1.52,0.0
1787731027.117,590,15.0,68091,10.9666,1.52,0.0
1787731027.133,591,15.4,66433,10.9371,1.52,0.0
1787731027.148,592,15.2,67466,10.9658,1.52,0.0
1787731027.163,593,15.0,68118,10.9296,1.52,0.0
1787731027.179,594,15.4,66353,10.9629,1.52,0.0
1787731027.194,595,15.2,67450,10.9823,1.52,0.0
1787731027.210,596,15.5,65971,10.9942,1.52,0.0
1787731027.225,597,15.3,67143,10.9675,1.52,0.0
1787731027.241,598,15.4,66366,10.9427,1.52,0.0
1787731027.256,599,15.2,67347,10.9718,1.52,0.0
1787731027.272,600,15.4,66471,10.9783,1.52,0.0
1787731027.287,601,15.2,67229,10.9408,1.52,0.0
1787731027.303,602,15.6,65732,10.9619,1.52,0.0
1787731027.318,603,15.2,67430,10.9660,1.52,0.0
1787731027.333,604,14.9,68702,10.9776,1.52,0.0
1787731027.349,605,15.4,66476,10.9360,1.52,0.0
1787731027.364,606,15.2,67150,10.9393,1.52,0.0
1787731027.379,607,15.0,68097,10.9564,1.52,0.0
1787731027.395,608,15.4,66586,10.9719,1.52,0.0
1787731027.410,609,15.2,67468,10.9645,1.52,0.0
1787731027.425,610,15.1,67976,10.9647,1.52,0.0
1787731027.440,611,15.0,68488,10.9406,1.52,0.0
1787731027.456,612,15.5,66221,10.9717,1.52,0.0
1787731027.471,613,15.2,67219,10.9852,1.52,0.0
1787731027.487,614,15.5,66137,10.9646,1.52,0.0
1787731027.502,615,15.2,67430,10.9687,1.52,0.0
1787731027.518,616,15.4,66565,10.9822,1.52,0.0
1787731027.533,617,15.2,67245,10.9743,1.52,0.0
1787731027.548,618,15.1,68039,10.9642,1.52,0.0
1787731027.564,619,15.4,66470,10.9744,1.52,0.0
1787731027.579,620,15.2,67397,10.9366,1.52,0.0
1787731027.595,621,15.5,65905,10.9689,1.52,0.0
1787731027.610,622,14.9,68719,10.9656,1.52,0.0
1787731027.625,623,15.2,67449,10.9473,1.52,0.0
1787731027.640,624,15.0,68224,10.9649,1.52,0.0
1787731027.656,625,15.4,66393,11.0036,1.52,0.0
1787731027.671,626,15.2,67465,10.9516,1.52,0.0
1787731027.687,627,15.4,66442,10.9590,1.52,0.0
1787731027.702,628,15.3,66747,10.9380,1.52,0.0
1787731027.718,629,15.4,66492,10.9546,1.52,0.0
1787731027.733,630,15.2,67212,10.9516,1.52,0.0
1787731027.749,631,15.6,65846,10.9616,1.52,0.0
1787731027.764,632,15.2,67161,10.9856,1.52,0.0
1787731027.780,633,15.5,66171,10.9569,1.52,0.0
1787731027.796,634,16.3,62660,10.9460,1.52,0.0
1787731027.811,635,14.9,68738,10.9502,1.52,0.0
1787731027.827,636,15.4,66554,10.9631,1.52,0.0
1787731027.842,637,15.2,67519,10.9909,1.52,0.0
1787731027.858,638,15.5,66063,10.9727,1.52,0.0
1787731027.873,639,15.2,67378,10.9768,1.52,0.0
1787731027.888,640,15.4,66642,10.9593,1.52,0.0
1787731027.904,641,14.9,68520,10.9650,1.52,0.0
1787731027.919,642,14.9,68827,10.9683,1.52,0.0
1787731027.934,643,14.9,68801,10.9770,1.52,0.0
1787731027.949,644,14.9,68770,10.9391,1.52,0.0
1787731027.964,645,14.9,68621,10.9695,1.52,0.0
1787731027.979,646,14.9,68793,10.9320,1.52,0.0
1787731027.994,647,14.9,68685,10.9637,1.52,0.0
1787731028.009,648,14.9,68801,10.9576,1.52,0.0
1787731028.024,649,14.9,68648,10.9360,1.52,0.0
1787731028.039,650,14.9,68652,10.9630,1.52,0.0
1787731028.054,651,15.0,68433,10.9560,1.52,0.0
1787731028.069,652,14.9,68644,10.9575,1.52,0.0
1787731028.084,653,14.9,68547,10.9580,1.52,0.0
1787731028.099,654,14.9,68695,10.9734,1.52,0.0
1787731028.114,655,14.9,68769,10.9635,1.52,0.0
1787731028.129,656,14.9,68676,10.9726,1.52,0.0
1787731028.144,657,14.9,68706,10.9704,1.52,0.0
1787731028.159,658,14.9,68744,10.9213,1.52,0.0
1787731028.174,659,15.0,68377,10.9551,1.52,0.0
1787731028.189,660,14.9,68793,10.9563,1.52,0.0
1787731028.204,661,15.0,68469,10.9554,1.52,0.0
1787731028.219,662,14.9,68639,10.9718,1.52,0.0
1787731028.234,663,14.9,68755,10.9744,1.52,0.0
1787731028.249,664,14.9,68670,10.9802,1.52,0.0
1787731028.264,665,14.9,68650,10.9575,1.52,0.0
1787731028.279,666,14.9,68895,10.9891,1.52,0.0
1787731028.294,667,14.9,68711,10.9638,1.52,0.0
1787731028.309,668,14.9,68602,10.9640,1.52,0.0
1787731028.324,669,14.9,68647,10.9776,1.52,0.0
1787731028.339,670,14.9,68843,10.9594,1.52,0.0
1787731028.354,671,14.9,68714,10.9436,1.52,0.0
1787731028.369,672,14.9,68749,10.9506,1.52,0.0
1787731028.384,673,14.9,68677,10.9579,1.52,0.0
1787731028.399,674,14.9,68651,10.9853,1.52,0.0
1787731028.414,675,14.9,68749,10.9533,1.52,0.0
1787731028.429,676,14.9,68794,10.9516,1.52,0.0
1787731028.444,677,14.9,68539,10.9835,1.52,0.0
1787731028.459,678,15.1,68013,10.9695,1.52,0.0
1787731028.475,679,15.0,68110,10.9600,1.52,0.0
1787731028.490,680,15.0,68413,10.9668,1.52,0.0
1787731028.505,681,14.9,68678,10.9621,1.52,0.0
1787731028.520,682,14.9,68645,10.9965,1.52,0.0
1787731028.535,683,14.9,68583,10.9704,1.52,0.0
1787731028.550,684,14.9,68613,10.9508,1.52,0.0
1787731028.565,685,14.9,68575,10.9612,1.52,0.0
1787731028.580,686,14.9,68701,11.0072,1.52,0.0
1787731028.595,687,14.9,68679,10.9397,1.52,0.0
1787731028.610,688,14.9,68726,10.9675,1.52,0.0
1787731028.625,689,14.9,68599,10.9761,1.52,0.0
1787731028.640,690,14.9,68654,10.9853,1.52,0.0
1787731028.655,691,14.9,68498,10.9962,1.52,0.0
1787731028.670,692,14.9,68640,10.9334,1.52,0.0
1787731028.685,693,14.9,68647,10.9648,1.52,0.0
1787731028.700,694,14.9,68723,10.9461,1.52,0.0
1787731028.715,695,14.9,68569,10.9682,1.52,0.0
1787731028.730,696,14.9,68724,10.9580,1.52,0.0
1787731028.745,697,15.0,68494,10.9511,1.52,0.0
1787731028.760,698,14.9,68868,10.9615,1.52,0.0
1787731028.775,699,14.9,68564,10.9574,1.52,0.0
1787731028.790,700,14.9,68690,10.9719,1.52,0.0
1787731028.805,701,14.9,68540,10.9746,1.52,0.0
1787731028.820,702,14.9,68721,10.9998,1.52,0.0
1787731028.835,703,14.9,68673,10.9693,1.52,0.0
1787731028.850,704,14.9,68647,10.9719,1.52,0.0
1787731028.865,705,15.0,68227,10.9729,1.52,0.0
1787731028.880,706,14.9,68587,10.9747,1.52,0.0
1787731028.895,707,14.9,68808,10.9717,1.52,0.0
1787731028.911,708,14.9,68635,10.9701,1.52,0.0
1787731028.926,709,14.9,68651,10.9695,1.52,0.0
1787731028.941,710,14.9,68713,10.9592,1.52,0.0
1787731028.956,711,14.9,68632,10.9657,1.52,0.0
1787731028.971,712,14.9,68604,10.9805,1.52,0.0
1787731028.986,713,14.9,68611,10.9683,1.52,0.0
1787731029.001,714,14.9,68735,10.9698,1.52,0.0
1787731029.016,715,14.9,68649,10.9549,1.52,0.0
1787731029.031,716,15.0,68164,10.9265,1.52,0.0
1787731029.046,717,14.9,68733,10.9474,1.52,0.0
1787731029.061,718,14.9,68735,10.9573,1.52,0.0
1787731029.076,719,14.9,68744,10.9648,1.52,0.0
1787731029.091,720,14.9,68691,10.9773,1.52,0.0
1787731029.106,721,14.9,68637,10.9594,1.52,0.0
1787731029.121,722,14.9,68757,10.9406,1.52,0.0
1787731029.136,723,14.9,68737,10.9524,1.52,0.0
1787731029.151,724,14.9,68681,10.9996,1.52,0.0
1787731029.166,725,14.9,68717,10.9629,1.52,0.0
1787731029.181,726,14.9,68666,10.9914,1.52,0.0
1787731029.196,727,14.9,68648,10.9618,1.52,0.0
1787731029.211,728,14.9,68733,10.9506,1.52,0.0
1787731029.226,729,14.9,68504,10.9309,1.52,0.0
1787731029.241,730,14.9,68854,10.9643,1.52,0.0
1787731029.256,731,14.9,68712,10.9710,1.52,0.0
1787731029.271,732,14.9,68833,10.9621,1.52,0.0
1787731029.286,733,14.9,68690,10.9406,1.52,0.0
1787731029.301,734,14.9,68806,10.9639,1.52,0.0
1787731029.316,735,15.0,68282,10.9883,1.52,0.0
1787731029.331,736,14.9,68780,10.9647,1.52,0.0
1787731029.346,737,14.9,68755,10.9667,1.52,0.0
1787731029.361,738,14.9,68645,10.9803,1.52,0.0
1787731029.376,739,14.9,68710,10.9859,1.52,0.0
1787731029.391,740,14.9,68685,10.9471,1.52,0.0
1787731029.406,741,14.9,68668,10.9539,1.52,0.0
1787731029.421,742,14.9,68804,10.9842,1.52,0.0
1787731029.436,743,14.9,68719,10.9414,1.52,0.0
1787731029.451,744,15.0,68448,10.9795,1.52,0.0
1787731029.466,745,14.9,68654,10.9664,1.52,0.0
1787731029.481,746,14.9,68557,10.9611,1.52,0.0
1787731029.496,747,14.9,68647,10.9708,1.52,0.0
1787731029.511,748,14.9,68759,11.0000,1.52,0.0
1787731029.526,749,14.9,68786,10.9398,1.52,0.0
1787731029.541,750,14.9,68898,10.9584,1.52,0.0
1787731029.556,751,14.9,68737,10.9447,1.52,0.0
1787731029.571,752,14.9,68730,10.9906,1.52,0.0
1787731029.586,753,14.9,68776,10.9564,1.52,0.0
1787731029.602,754,15.0,68389,10.9554,1.52,0.0
1787731029.617,755,15.0,68169,10.9832,1.52,0.0
1787731029.632,756,14.9,68593,10.9878,1.52,0.0
1787731029.647,757,14.9,68771,10.9404,1.52,0.0
1787731029.662,758,14.9,68755,10.9460,1.52,0.0
1787731029.677,759,14.9,68602,10.9472,1.52,0.0
1787731029.692,760,14.9,68682,10.9628,1.52,0.0
1787731029.707,761,14.9,68637,10.9276,1.52,0.0
1787731029.722,762,14.9,68793,10.9744,1.52,0.0
1787731029.737,763,14.9,68643,10.9662,1.52,0.0
1787731029.752,764,14.9,68562,10.9507,1.52,0.0
1787731029.767,765,14.9,68787,10.9725,1.52,0.0
1787731029.782,766,15.0,68040,10.9730,1.52,0.0
1787731029.797,767,15.0,68278,10.9584,1.52,0.0
1787731029.812,768,14.9,68563,10.9480,1.52,0.0
1787731029.827,769,14.9,68713,10.9686,1.52,0.0
1787731029.842,770,14.9,68721,10.9356,1.52,0.0
1787731029.857,771,15.0,68495,10.9335,1.52,0.0
1787731029.872,772,14.9,68806,10.9136,1.52,0.0
1787731029.887,773,15.0,68107,10.9820,1.52,0.0
1787731029.902,774,14.9,68800,10.9893,1.52,0.0
1787731029.917,775,14.9,68769,10.9565,1.52,0.0
1787731029.932,776,14.9,68787,10.9535,1.52,0.0
1787731029.947,777,14.9,68771,10.9446,1.52,0.0
1787731029.962,778,14.9,68815,10.9588,1.52,0.0
1787731029.978,779,14.9,68585,10.9530,1.52,0.0
1787731029.993,780,14.9,68730,10.9272,1.52,0.0
1787731030.008,781,14.9,68629,10.9840,1.52,0.0
1787731030.023,782,14.9,68593,10.9536,1.52,0.0
1787731030.038,783,14.9,68572,10.9646,1.52,0.0
1787731030.053,784,14.9,68747,10.9654,1.52,0.0
1787731030.068,785,14.9,68609,10.9683,1.52,0.0
1787731030.083,786,14.9,68743,10.9464,1.52,0.0
1787731030.098,787,14.9,68751,10.9634,1.52,0.0
1787731030.113,788,14.9,68738,10.9686,1.52,0.0
1787731030.128,789,14.9,68672,10.9486,1.52,0.0
1787731030.143,790,14.9,68724,10.9499,1.52,0.0
1787731030.158,791,14.9,68622,10.9508,1.52,0.0
1787731030.173,792,15.0,68373,10.9702,1.52,0.0
1787731030.188,793,14.9,68739,10.9808,1.52,0.0
1787731030.204,794,15.8,64913,10.9665,1.52,0.0
1787731030.219,795,15.2,67221,10.9646,1.52,0.0
1787731030.234,796,15.1,67872,10.9547,1.52,0.0
1787731030.250,797,15.5,66193,10.9346,1.52,0.0
1787731030.265,798,15.1,67808,10.9469,1.52,0.0
1787731030.281,799,15.4,66490,10.9432,1.52,0.0
1787731030.296,800,15.2,67376,10.9576,1.52,0.0
1787731030.312,801,15.4,66298,10.9451,1.52,0.0
1787731030.327,802,15.2,67164,10.9678,1.52,0.0
1787731030.343,803,15.5,66222,10.9798,1.52,0.0
1787731030.358,804,15.2,67323,10.9400,1.52,0.0
1787731030.373,805,15.1,67943,10.9345,1.52,0.0
1787731030.389,806,15.4,66504,10.9440,1.52,0.0
1787731030.404,807,15.2,67424,10.9595,1.52,0.0
1787731030.420,808,15.4,66395,10.9327,1.52,0.0
1787731030.435,809,15.2,67267,10.9698,1.52,0.0
1787731030.451,810,15.5,66077,10.9703,1.52,0.0
1787731030.466,811,15.3,67019,10.9514,1.52,0.0
1787731030.482,812,15.4,66292,10.9615,1.52,0.0
1787731030.497,813,15.2,67328,10.9809,1.52,0.0
1787731030.512,814,15.0,68159,10.9663,1.52,0.0
1787731030.528,815,15.4,66482,10.9274,1.52,0.0
1787731030.543,816,15.2,67391,10.9747,1.52,0.0
1787731030.558,817,15.0,68181,10.9742,1.52,0.0
1787731030.574,818,15.4,66523,10.9420,1.52,0.0
1787731030.589,819,15.2,67413,10.9453,1.52,0.0
1787731030.604,820,15.0,68203,10.9625,1.52,0.0
1787731030.620,821,15.4,66420,10.9689,1.52,0.0
1787731030.635,822,15.2,67437,10.9430,1.52,0.0
1787731030.650,823,15.0,68231,10.9741,1.52,0.0
1787731030.666,824,15.4,66470,10.9511,1.52,0.0
1787731030.681,825,15.2,67414,10.9614,1.52,0.0
1787731030.696,826,15.0,68210,10.9742,1.52,0.0
1787731030.712,827,15.4,66421,10.9538,1.52,0.0
1787731030.727,828,15.2,67410,10.9478,1.52,0.0
1787731030.742,829,15.0,68051,10.9435,1.52,0.0
1787731030.758,830,15.5,66016,10.9551,1.52,0.0
1787731030.774,831,15.7,65045,10.9543,1.52,0.0
1787731030.789,832,15.2,67477,10.9536,1.52,0.0
1787731030.805,833,15.4,66373,10.9257,1.52,0.0
1787731030.820,834,15.3,67100,10.9480,1.52,0.0
1787731030.836,835,15.4,66446,10.9665,1.52,0.0
1787731030.851,836,15.3,67121,10.9464,1.52,0.0
1787731030.867,837,15.5,66246,10.9858,1.52,0.0
1787731030.882,838,15.2,67177,10.9932,1.52,0.0
1787731030.898,839,15.4,66350,10.9361,1.52,0.0
1787731030.913,840,15.2,67179,10.9502,1.52,0.0
1787731030.928,841,15.0,68185,10.9827,1.52,0.0
1787731030.944,842,15.4,66491,10.9776,1.52,0.0
1787731030.959,843,15.2,67331,10.9567,1.52,0.0
1787731030.975,844,15.4,66487,10.9761,1.52,0.0
1787731030.990,845,15.3,67138,10.9365,1.52,0.0
1787731031.005,846,14.9,68715,10.9427,1.52,0.0
1787731031.021,847,16.0,64072,10.9637,1.52,0.0
1787731031.037,848,15.4,66480,10.9535,1.52,0.0
1787731031.052,849,15.5,66254,10.9559,1.52,0.0
1787731031.070,850,17.5,58535,10.9747,1.52,0.0
1787731031.085,851,15.1,67781,10.9483,1.52,0.0
1787731031.101,852,15.4,66463,10.9512,1.52,0.0
1787731031.116,853,15.2,67386,10.9172,1.52,0.0
1787731031.131,854,15.0,68061,10.9629,1.52,0.0
1787731031.146,855,14.9,68589,10.9558,1.52,0.0
1787731031.161,856,14.9,68662,10.9371,1.52,0.0
1787731031.177,857,15.3,66715,10.9813,1.52,0.0
1787731031.192,858,14.9,68666,10.9764,1.52,0.0
1787731031.207,859,14.9,68579,10.9784,1.52,0.0
1787731031.222,860,15.2,67559,10.9795,1.52,0.0
1787731031.238,861,15.4,66413,10.9626,1.52,0.0
1787731031.253,862,15.2,67447,10.9248,1.52,0.0
1787731031.268,863,15.0,68150,10.9569,1.52,0.0
1787731031.284,864,15.4,66399,10.9865,1.52,0.0
1787731031.299,865,15.2,67522,10.9264,1.52,0.0
1787731031.314,866,15.0,68142,10.9571,1.52,0.0
1787731031.329,867,14.9,68639,10.9403,1.52,0.0
1787731031.344,868,14.8,69073,10.9895,1.52,0.0
1787731031.359,869,14.7,69795,10.9615,1.52,0.0
1787731031.374,870,14.7,69571,10.9506,1.52,0.0
1787731031.389,871,14.7,69506,10.9497,1.52,0.0
1787731031.404,872,14.8,69229,10.9389,1.52,0.0
1787731031.418,873,14.4,71184,10.9568,1.52,0.0
1787731031.433,874,14.7,69855,10.9581,1.52,0.0
1787731031.447,875,14.2,71917,10.9531,1.52,0.0
1787731031.462,876,14.6,70172,10.9429,1.52,0.0
1787731031.477,877,15.1,67825,10.9416,1.52,0.0
1787731031.492,878,14.7,69508,10.9461,1.52,0.0
1787731031.507,879,14.7,69568,10.9668,1.52,0.0
1787731031.522,880,14.7,69550,10.9549,1.52,0.0
1787731031.537,881,14.8,69356,10.9771,1.52,0.0
1787731031.552,882,14.7,69514,10.9376,1.52,0.0
1787731031.566,883,14.4,71133,10.9633,1.52,0.0
1787731031.581,884,14.7,69474,10.9364,1.52,0.0
1787731031.596,885,14.7,69538,10.9318,1.52,0.0
1787731031.611,886,14.7,69425,10.9540,1.52,0.0
1787731031.626,887,14.9,68941,10.9504,1.52,0.0
1787731031.641,888,14.8,69336,10.9558,1.52,0.0
1787731031.656,889,14.9,68812,10.9569,1.52,0.0
1787731031.670,890,14.2,71969,10.9667,1.52,0.0
1787731031.685,891,14.7,69739,10.9578,1.52,0.0
1787731031.700,892,14.7,69582,10.9392,1.52,0.0
1787731031.715,893,14.7,69591,10.9693,1.52,0.0
1787731031.730,894,14.8,69173,10.9572,1.52,0.0
1787731031.745,895,14.8,69036,10.9550,1.52,0.0
1787731031.760,896,14.8,69375,10.9585,1.52,0.0
1787731031.775,897,15.1,67750,10.9665,1.52,0.0
1787731031.790,898,14.7,69525,10.9309,1.52,0.0
1787731031.805,899,14.5,70389,10.9862,1.52,0.0
1787731031.819,900,14.4,71289,10.9879,1.52,0.0
1787731031.834,901,14.7,69511,10.9527,1.52,0.0
1787731031.849,902,14.7,69438,10.9594,1.52,0.0
1787731031.864,903,14.8,69223,10.9318,1.52,0.0
1787731031.879,904,14.8,69402,10.9754,1.52,0.0
1787731031.893,905,14.4,71356,10.9599,1.52,0.0
1787731031.908,906,14.7,69511,10.9523,1.52,0.0
1787731031.923,907,14.7,69459,10.9456,1.52,0.0
1787731031.938,908,14.8,69367,10.9470,1.52,0.0
1787731031.953,909,14.7,69533,10.9744,1.52,0.0
1787731031.968,910,14.8,69300,10.9588,1.52,0.0
1787731031.983,911,14.9,68587,10.9533,1.52,0.0
1787731031.998,912,14.7,69432,10.9775,1.52,0.0
1787731032.012,913,14.4,71249,10.9703,1.52,0.0
1787731032.027,914,14.7,69815,10.9738,1.52,0.0
1787731032.042,915,14.8,69384,10.9376,1.52,0.0
1787731032.057,916,14.8,69257,10.9527,1.52,0.0
1787731032.072,917,14.7,69524,10.9657,1.52,0.0
1787731032.086,918,14.4,71246,10.9656,1.52,0.0
1787731032.101,919,14.7,69785,10.9429,1.52,0.0
1787731032.116,920,14.7,69439,10.9637,1.52,0.0
1787731032.131,921,14.8,69339,10.9552,1.52,0.0
1787731032.146,922,14.8,69307,10.9735,1.52,0.0
1787731032.160,923,14.4,71032,10.9853,1.52,0.0
1787731032.175,924,14.4,71290,10.9504,1.52,0.0
1787731032.190,925,14.9,68588,10.9329,1.52,0.0
1787731032.204,926,14.2,71968,10.9668,1.52,0.0
1787731032.219,927,14.3,71484,10.9722,1.52,0.0
1787731032.233,928,14.6,70363,10.9788,1.52,0.0
1787731032.248,929,14.6,70053,10.9410,1.52,0.0
1787731032.263,930,14.7,69465,10.9486,1.52,0.0
1787731032.278,931,14.8,69262,10.9332,1.52,0.0
1787731032.293,932,14.8,69382,10.9791,1.52,0.0
1787731032.307,933,14.3,71766,10.9341,1.52,0.0
1787731032.322,934,14.2,72033,10.9392,1.52,0.0
1787731032.336,935,14.3,71852,10.9428,1.52,0.0
1787731032.350,936,14.3,71743,10.9676,1.52,0.0
1787731032.365,937,14.2,71882,10.9440,1.52,0.0
1787731032.379,938,14.3,71828,10.9486,1.52,0.0
1787731032.393,939,14.3,71651,10.9483,1.52,0.0
1787731032.408,940,14.3,71835,10.9543,1.52,0.0
1787731032.422,941,14.3,71670,10.9621,1.52,0.0
1787731032.437,942,14.3,71834,10.9550,1.52,0.0
1787731032.451,943,14.4,71156,10.9498,1.52,0.0
1787731032.466,944,14.5,70837,10.9663,1.52,0.0
1787731032.480,945,14.4,71006,10.9633,1.52,0.0
1787731032.495,946,14.3,71645,10.9774,1.52,0.0
1787731032.509,947,14.3,71839,10.9608,1.52,0.0
1787731032.523,948,14.3,71813,10.9457,1.52,0.0
1787731032.538,949,14.3,71819,10.9374,1.52,0.0
1787731032.552,950,14.3,71822,10.9490,1.52,0.0
1787731032.566,951,14.2,71939,10.9525,1.52,0.0
1787731032.581,952,14.3,71620,10.9335,1.52,0.0
1787731032.595,953,14.2,71915,10.9675,1.52,0.0
1787731032.610,954,14.3,71762,10.9585,1.52,0.0
1787731032.624,955,14.3,71529,10.9543,1.52,0.0
1787731032.638,956,14.2,71861,10.9530,1.52,0.0
1787731032.653,957,14.3,71549,10.9704,1.52,0.0
1787731032.667,958,14.2,71910,10.9530,1.52,0.0
1787731032.681,959,14.2,71934,10.9225,1.52,0.0
1787731032.696,960,14.2,71924,10.9539,1.52,0.0
1787731032.710,961,14.3,71641,10.9409,1.52,0.0
1787731032.725,962,14.3,71729,10.9590,1.52,0.0
1787731032.739,963,14.4,71032,10.9575,1.52,0.0
1787731032.753,964,14.2,71975,10.9498,1.52,0.0
1787731032.768,965,14.3,71579,10.9479,1.52,0.0
1787731032.782,966,14.3,71681,10.9504,1.52,0.0
1787731032.797,967,14.3,71527,10.9482,1.52,0.0
1787731032.811,968,14.3,71641,10.9545,1.52,0.0
1787731032.826,969,14.3,71784,10.9665,1.52,0.0
1787731032.840,970,14.3,71731,10.9346,1.52,0.0
1787731032.854,971,14.2,71875,10.9837,1.52,0.0
1787731032.869,972,14.3,71814,10.9582,1.52,0.0
1787731032.883,973,14.3,71760,10.9516,1.52,0.0
1787731032.897,974,14.3,71705,10.9244,1.52,0.0
1787731032.912,975,14.2,71870,10.9388,1.52,0.0
1787731032.926,976,14.2,71909,10.9512,1.52,0.0
1787731032.940,977,14.3,71840,10.9520,1.52,0.0
1787731032.955,978,14.2,71975,10.9348,1.52,0.0
1787731032.969,979,14.3,71833,10.9395,1.52,0.0
1787731032.984,980,14.2,71864,10.9354,1.52,0.0
1787731032.998,981,14.2,71877,10.9418,1.52,0.0
1787731033.012,982,14.4,71115,10.9316,1.52,0.0
1787731033.027,983,14.3,71787,10.9648,1.52,0.0
1787731033.041,984,14.3,71611,10.9539,1.52,0.0
1787731033.056,985,14.3,71652,10.9454,1.52,0.0
1787731033.070,986,14.2,71932,10.9604,1.52,0.0
1787731033.084,987,14.3,71822,10.9826,1.52,0.0
1787731033.099,988,14.2,71963,10.9354,1.52,0.0
1787731033.113,989,14.3,71808,10.9481,1.52,0.0
1787731033.127,990,14.2,71890,10.9721,1.52,0.0
1787731033.142,991,14.3,71690,10.9609,1.52,0.0
1787731033.156,992,14.2,71886,10.9643,1.52,0.0
1787731033.170,993,14.3,71850,10.9546,1.52,0.0
1787731033.185,994,14.3,71787,10.9801,1.52,0.0
1787731033.199,995,14.3,71787,10.9575,1.52,0.0
1787731033.214,996,14.3,71473,10.9358,1.52,0.0
1787731033.228,997,14.3,71434,10.9549,1.52,0.0
1787731033.243,998,14.3,71699,10.9752,1.52,0.0
1787731033.257,999,14.3,71845,10.9658,1.52,0.0
1787731033.271,1000,14.3,71749,10.9700,1.52,0.0
1787731033.286,1001,14.5,70632,10.9627,1.52,0.0
1787731033.300,1002,14.2,71940,10.9638,1.52,0.0
1787731033.315,1003,14.3,71855,10.9759,1.52,0.0
1787731033.330,1004,14.9,68594,10.9630,1.52,0.0
1787731033.344,1005,14.3,71750,10.9184,1.52,0.0
1787731033.358,1006,14.3,71731,10.9688,1.52,0.0
1787731033.373,1007,14.3,71822,10.9545,1.52,0.0
1787731033.387,1008,14.3,71773,10.9413,1.52,0.0
1787731033.402,1009,14.3,71778,10.9667,1.52,0.0
1787731033.416,1010,14.3,71707,10.9532,1.52,0.0
1787731033.430,1011,14.2,72029,10.9418,1.52,0.0
1787731033.445,1012,14.3,71684,10.9418,1.52,0.0
1787731033.459,1013,14.3,71684,10.9683,1.52,0.0
1787731033.474,1014,14.3,71397,10.9624,1.52,0.0
1787731033.488,1015,14.4,71332,10.9455,1.52,0.0
1787731033.502,1016,14.3,71778,10.9693,1.52,0.0
1787731033.517,1017,14.3,71520,10.9877,1.52,0.0
1787731033.531,1018,14.2,71891,10.9777,1.52,0.0
1787731033.546,1019,14.2,71909,10.9491,1.52,0.0
1787731033.560,1020,14.4,70881,10.9677,1.52,0.0
1787731033.575,1021,14.3,71856,10.9539,1.52,0.0
1787731033.589,1022,14.3,71828,10.9534,1.52,0.0
1787731033.603,1023,14.2,71924,10.9566,1.52,0.0
1787731033.618,1024,14.3,71778,10.9822,1.52,0.0
1787731033.632,1025,14.3,71797,10.9587,1.52,0.0
1787731033.646,1026,14.3,71650,10.9666,1.52,0.0
1787731033.661,1027,14.3,71809,10.9494,1.52,0.0
1787731033.675,1028,14.3,71791,10.9096,1.52,0.0
1787731033.689,1029,14.3,71780,10.9392,1.52,0.0
1787731033.704,1030,14.4,71145,10.9472,1.52,0.0
1787731033.718,1031,14.3,71823,10.9663,1.52,0.0
1787731033.733,1032,14.3,71845,10.9638,1.52,0.0
1787731033.747,1033,14.3,71799,10.9221,1.52,0.0
1787731033.761,1034,14.2,72142,10.9555,1.52,0.0
1787731033.776,1035,14.3,71622,10.9776,1.52,0.0
1787731033.790,1036,14.3,71859,10.9473,1.52,0.0
1787731033.805,1037,14.3,71596,10.9794,1.52,0.0
1787731033.819,1038,14.3,71772,10.9342,1.52,0.0
1787731033.833,1039,14.4,70944,10.9625,1.52,0.0
1787731033.848,1040,14.2,71933,10.9534,1.52,0.0
1787731033.862,1041,14.3,71724,10.9921,1.52,0.0
1787731033.877,1042,14.2,71924,10.9681,1.52,0.0
1787731033.891,1043,14.3,71844,10.9403,1.52,0.0
1787731033.905,1044,14.3,71765,10.9538,1.52,0.0
1787731033.920,1045,14.3,71741,10.9753,1.52,0.0
1787731033.934,1046,14.2,71933,10.9413,1.52,0.0
1787731033.948,1047,14.2,71909,10.9294,1.52,0.0
1787731033.963,1048,14.3,71660,10.9392,1.52,0.0
1787731033.977,1049,14.2,71941,10.9840,1.52,0.0
1787731033.992,1050,14.2,71881,10.9510,1.52,0.0
1787731034.006,1051,14.2,72064,10.9592,1.52,0.0
1787731034.020,1052,14.2,71882,10.9632,1.52,0.0
1787731034.035,1053,14.3,71574,10.9570,1.52,0.0
1787731034.049,1054,14.3,71671,10.9727,1.52,0.0
1787731034.063,1055,14.3,71622,10.9487,1.52,0.0
1787731034.078,1056,14.3,71814,11.0011,1.52,0.0
1787731034.092,1057,14.3,71689,10.9647,1.52,0.0
1787731034.107,1058,14.4,71143,10.9634,1.52,0.0
1787731034.121,1059,14.3,71777,10.9349,1.52,0.0
1787731034.135,1060,14.3,71820,10.9519,1.52,0.0
1787731034.150,1061,14.3,71631,10.9590,1.52,0.0
1787731034.164,1062,14.3,71634,10.9538,1.52,0.0
1787731034.179,1063,14.3,71592,10.9530,1.52,0.0
1787731034.193,1064,14.3,71795,10.9587,1.52,0.0
1787731034.207,1065,14.3,71744,10.9680,1.52,0.0
1787731034.222,1066,14.3,71687,10.9647,1.52,0.0
1787731034.236,1067,14.3,71809,10.9477,1.52,0.0
1787731034.251,1068,14.3,71840,10.9599,1.52,0.0
1787731034.265,1069,14.2,71908,10.9697,1.52,0.0
1787731034.279,1070,14.2,71917,10.9627,1.52,0.0
1787731034.294,1071,14.3,71677,10.9593,1.52,0.0
1787731034.308,1072,14.3,71738,10.9822,1.52,0.0
1787731034.322,1073,14.3,71835,10.9776,1.52,0.0
1787731034.337,1074,14.7,69874,10.9143,1.52,0.0
1787731034.352,1075,14.5,70770,10.9333,1.52,0.0
1787731034.366,1076,14.3,71693,10.9712,1.52,0.0
1787731034.381,1077,14.5,70399,10.9967,1.52,0.0
1787731034.395,1078,14.3,71779,10.9588,1.52,0.0
1787731034.410,1079,14.3,71840,10.9380,1.52,0.0
1787731034.424,1080,14.2,71958,10.9423,1.52,0.0
1787731034.439,1081,14.8,69284,10.9664,1.52,0.0
1787731034.454,1082,14.9,68809,10.9693,1.52,0.0
1787731034.469,1083,14.9,68668,10.9393,1.52,0.0
1787731034.484,1084,15.0,68335,10.9772,1.52,0.0
1787731034.499,1085,14.8,69401,10.9385,1.52,0.0
1787731034.514,1086,14.8,69396,10.9618,1.52,0.0
1787731034.529,1087,14.8,69300,10.9366,1.52,0.0
1787731034.544,1088,14.8,69354,10.9530,1.52,0.0
1787731034.558,1089,14.4,71216,10.9618,1.52,0.0
1787731034.573,1090,14.6,69945,10.9479,1.52,0.0
1787731034.588,1091,14.7,69492,10.9791,1.52,0.0
1787731034.602,1092,14.3,71762,10.9128,1.52,0.0
1787731034.617,1093,14.2,71974,10.9579,1.52,0.0
1787731034.631,1094,14.5,70799,10.9610,1.52,0.0
1787731034.646,1095,14.7,69734,10.9626,1.52,0.0
1787731034.661,1096,14.9,68909,10.9517,1.52,0.0
1787731034.678,1097,16.5,62153,10.9779,1.52,0.0
1787731034.693,1098,15.5,66182,10.9491,1.52,0.0
1787731034.709,1099,15.1,67693,10.9743,1.52,0.0
1787731034.724,1100,15.3,66715,10.9760,1.52,0.0
1787731034.739,1101,14.7,69500,10.9621,1.52,0.0
1787731034.754,1102,14.7,69498,10.9760,1.52,0.0
1787731034.768,1103,14.4,71248,10.9431,1.52,0.0
1787731034.783,1104,14.7,69779,11.0020,1.52,0.0
1787731034.798,1105,14.7,69443,10.9443,1.52,0.0
1787731034.813,1106,14.7,69533,10.9746,1.52,0.0
1787731034.828,1107,14.7,69459,10.9622,1.52,0.0
1787731034.842,1108,14.4,71187,10.9599,1.52,0.0
1787731034.857,1109,14.6,69970,10.9826,1.52,0.0
1787731034.872,1110,14.7,69586,10.9378,1.52,0.0
1787731034.887,1111,14.8,69325,10.9645,1.52,0.0
1787731034.902,1112,14.7,69586,10.9564,1.52,0.0
1787731034.916,1113,14.4,71090,10.9478,1.52,0.0
1787731034.931,1114,14.6,69961,10.9627,1.52,0.0
1787731034.946,1115,14.8,68988,10.9628,1.52,0.0
1787731034.961,1116,14.7,69558,10.9408,1.52,0.0
1787731034.976,1117,14.8,69420,10.9471,1.52,0.0
1787731034.991,1118,14.8,69279,10.9831,1.52,0.0
1787731035.005,1119,14.5,70865,10.9507,1.52,0.0
1787731035.020,1120,14.6,69988,10.9302,1.52,0.0
1787731035.035,1121,14.8,69315,10.9529,1.52,0.0
1787731035.050,1122,14.7,69579,10.9510,1.52,0.0
1787731035.065,1123,14.8,69359,10.9448,1.52,0.0
1787731035.080,1124,14.7,69569,10.9399,1.52,0.0
1787731035.094,1125,14.4,71096,10.9654,1.52,0.0
1787731035.109,1126,14.6,69934,10.9519,1.52,0.0
1787731035.124,1127,14.7,69629,10.9531,1.52,0.0
1787731035.139,1128,14.7,69685,10.9513,1.52,0.0
1787731035.153,1129,14.4,71060,10.9597,1.52,0.0
1787731035.168,1130,14.6,69924,10.9713,1.52,0.0
1787731035.183,1131,14.7,69475,10.9433,1.52,0.0
1787731035.198,1132,14.7,69443,10.9719,1.52,0.0
1787731035.213,1133,14.9,68718,10.9505,1.52,0.0
1787731035.228,1134,15.0,68142,10.9612,1.52,0.0
1787731035.243,1135,14.7,69508,10.9406,1.52,0.0
1787731035.258,1136,14.7,69437,10.9542,1.52,0.0
1787731035.273,1137,14.7,69503,10.9465,1.52,0.0
1787731035.287,1138,14.4,71078,10.9837,1.52,0.0
1787731035.302,1139,14.6,69945,10.9705,1.52,0.0
1787731035.317,1140,14.7,69802,10.9547,1.52,0.0
1787731035.332,1141,15.1,67934,10.9193,1.52,0.0
1787731035.347,1142,14.7,69612,10.9672,1.52,0.0
1787731035.362,1143,14.7,69501,10.9750,1.52,0.0
1787731035.377,1144,14.7,69485,10.9654,1.52,0.0
1787731035.392,1145,14.8,69171,10.9317,1.52,0.0
1787731035.406,1146,14.4,70911,10.9279,1.52,0.0
1787731035.421,1147,14.7,69594,10.9366,1.52,0.0
1787731036.023,1148,601.5,1702,10.9771,1.52,0.0
1787731036.632,1149,609.3,1681,10.9476,1.52,0.0
1787731036.688,1150,55.0,18624,10.9431,1.52,0.0
1787731036.727,1151,39.3,26038,10.9458,1.52,0.0
1787731036.743,1152,15.7,65367,10.9564,1.52,0.0
1787731036.759,1153,15.9,64456,10.9751,1.52,0.0
1787731036.774,1154,15.2,67312,10.9559,1.52,0.0
1787731036.790,1155,15.5,66142,10.9425,1.52,0.0
1787731036.805,1156,15.2,67413,10.9659,1.52,0.0
1787731036.821,1157,15.4,66495,10.9418,1.52,0.0
1787731036.836,1158,15.3,67078,10.9630,1.52,0.0
1787731036.852,1159,15.4,66359,10.9178,1.52,0.0
1787731036.867,1160,15.2,67149,10.9571,1.52,0.0
1787731036.883,1161,15.4,66375,10.9391,1.52,0.0
1787731036.898,1162,15.2,67273,10.9558,1.52,0.0
1787731036.913,1163,15.0,68071,10.9428,1.52,0.0
1787731036.929,1164,15.4,66457,10.9425,1.52,0.0
1787731036.944,1165,15.2,67476,10.9617,1.52,0.0
1787731036.960,1166,15.4,66454,10.9705,1.52,0.0
1787731036.975,1167,15.3,67088,10.9503,1.52,0.0
1787731036.990,1168,15.0,68114,10.9326,1.52,0.0
1787731037.006,1169,15.4,66425,10.9480,1.52,0.0
1787731037.021,1170,15.2,67373,10.9695,1.52,0.0
1787731037.036,1171,14.9,68572,10.9277,1.52,0.0
1787731037.052,1172,15.5,66084,10.9308,1.52,0.0
1787731037.067,1173,15.2,67454,10.9484,1.52,0.0
1787731037.083,1174,15.1,67832,10.9852,1.52,0.0
1787731037.098,1175,15.4,66439,10.9645,1.52,0.0
1787731037.113,1176,15.2,67504,10.9509,1.52,0.0
1787731037.129,1177,15.4,66392,10.9708,1.52,0.0
1787731037.144,1178,15.2,67237,10.9429,1.52,0.0
1787731037.159,1179,15.0,68055,10.9482,1.52,0.0
1787731037.175,1180,15.4,66435,10.9618,1.52,0.0
1787731037.190,1181,15.2,67466,10.9470,1.52,0.0
1787731037.205,1182,14.9,68511,10.9572,1.52,0.0
1787731037.221,1183,15.4,66290,10.9432,1.52,0.0
1787731037.236,1184,15.2,67378,10.9413,1.52,0.0
1787731037.252,1185,15.4,66454,10.9698,1.52,0.0
1787731037.267,1186,15.3,67087,10.9748,1.52,0.0
1787731037.283,1187,15.1,67816,10.9615,1.52,0.0
1787731037.298,1188,15.4,66486,10.9723,1.52,0.0
1787731037.313,1189,15.2,67459,10.9448,1.52,0.0
1787731037.329,1190,15.5,65961,10.9460,1.52,0.0
1787731037.345,1191,15.9,64593,10.9511,1.52,0.0
1787731037.360,1192,15.1,67614,10.9284,1.52,0.0
1787731037.376,1193,15.4,66428,10.9810,1.52,0.0
1787731037.391,1194,15.3,67128,10.9832,1.52,0.0
1787731037.406,1195,15.1,67958,10.9513,1.52,0.0
1787731037.422,1196,15.4,66435,10.9325,1.52,0.0
1787731037.437,1197,15.2,67449,10.9158,1.52,0.0
1787731037.453,1198,15.4,66442,10.9526,1.52,0.0
1787731037.468,1199,15.3,67013,10.9880,1.52,0.0
1787731037.484,1200,15.5,65955,10.9333,1.52,0.0
1787731037.499,1201,14.9,68600,10.9652,1.52,0.0
1787731037.514,1202,15.1,67656,10.9628,1.52,0.0
1787731037.530,1203,15.4,66510,10.9671,1.52,0.0
1787731037.545,1204,15.2,67221,10.9797,1.52,0.0
1787731037.560,1205,14.9,68786,10.9256,1.52,0.0
1787731037.575,1206,15.1,67999,10.9763,1.52,0.0
1787731037.591,1207,15.4,66578,10.9442,1.52,0.0
1787731037.606,1208,15.2,67407,10.9224,1.52,0.0
1787731037.621,1209,15.0,68117,10.9571,1.52,0.0
1787731037.637,1210,15.5,66062,10.9871,1.52,0.0
1787731037.652,1211,14.9,68739,10.9441,1.52,0.0
1787731037.667,1212,14.9,68590,10.9519,1.52,0.0
1787731037.682,1213,15.1,67916,10.9476,1.52,0.0
1787731037.697,1214,14.9,68693,10.9835,1.52,0.0
1787731037.712,1215,14.9,68794,10.9469,1.52,0.0
1787731037.727,1216,14.9,68621,10.9628,1.52,0.0
1787731037.742,1217,14.9,68757,10.9523,1.52,0.0
1787731037.757,1218,14.9,68777,10.9645,1.52,0.0
1787731037.772,1219,14.9,68771,10.9525,1.52,0.0
1787731037.787,1220,14.9,68612,10.9466,1.52,0.0
1787731037.803,1221,15.5,66221,10.9780,1.52,0.0
1787731037.818,1222,15.2,67513,10.9516,1.52,0.0
1787731037.834,1223,15.4,66491,10.9939,1.52,0.0
1787731037.849,1224,15.2,67169,10.9489,1.52,0.0
1787731037.864,1225,15.1,67805,10.9476,1.52,0.0
1787731037.880,1226,15.4,66603,10.9611,1.52,0.0
1787731037.895,1227,15.2,67518,10.9418,1.52,0.0
1787731037.910,1228,15.0,68083,10.9499,1.52,0.0
1787731037.926,1229,15.5,66158,10.9670,1.52,0.0
1787731037.941,1230,15.2,67548,10.9586,1.52,0.0
1787731037.956,1231,15.0,68168,10.9377,1.52,0.0
1787731037.972,1232,15.4,66554,10.9214,1.52,0.0
1787731037.987,1233,15.2,67450,10.9784,1.52,0.0
1787731038.002,1234,15.0,68076,10.9410,1.52,0.0
1787731038.018,1235,15.3,66732,10.9914,1.52,0.0
1787731038.033,1236,15.2,67369,10.9649,1.52,0.0
1787731038.048,1237,15.1,68033,10.9890,1.52,0.0
1787731038.064,1238,15.4,66656,10.9801,1.52,0.0
1787731038.079,1239,15.2,67377,10.9410,1.52,0.0
1787731038.094,1240,15.0,68093,10.9444,1.52,0.0
1787731038.110,1241,15.4,66659,10.9472,1.52,0.0
1787731038.125,1242,15.2,67466,10.9621,1.52,0.0
1787731038.140,1243,15.1,68027,10.9451,1.52,0.0
1787731038.156,1244,15.4,66539,10.9509,1.52,0.0
1787731038.171,1245,15.2,67463,10.9354,1.52,0.0
1787731038.186,1246,15.0,68107,10.9518,1.52,0.0
1787731038.202,1247,15.4,66586,10.9531,1.52,0.0
1787731038.217,1248,15.3,66921,10.9698,1.52,0.0
1787731038.233,1249,15.4,66346,10.9415,1.52,0.0
1787731038.248,1250,15.2,67476,10.9692,1.52,0.0
1787731038.263,1251,15.0,68046,10.9450,1.52,0.0
1787731038.279,1252,15.4,66565,10.9684,1.52,0.0
1787731038.294,1253,15.2,67493,10.9670,1.52,0.0
1787731038.309,1254,15.0,68118,10.9289,1.52,0.0
1787731038.325,1255,15.4,66539,10.9613,1.52,0.0
1787731038.340,1256,15.2,67516,10.9385,1.52,0.0
1787731038.355,1257,15.1,67991,10.9437,1.52,0.0
1787731038.371,1258,15.4,66568,10.9499,1.52,0.0
1787731038.386,1259,15.2,67436,10.9812,1.52,0.0
1787731038.401,1260,15.0,68051,10.9636,1.52,0.0
1787731038.417,1261,15.4,66633,10.9687,1.52,0.0
1787731038.432,1262,15.2,67451,10.9399,1.52,0.0
1787731038.447,1263,15.0,68119,10.9611,1.52,0.0
1787731038.463,1264,15.4,66557,10.9564,1.52,0.0
1787731038.478,1265,15.2,67350,10.9353,1.52,0.0
1787731038.494,1266,15.4,66457,10.9505,1.52,0.0
1787731038.509,1267,15.2,67401,10.9250,1.52,0.0
1787731038.524,1268,14.7,69561,10.9151,1.52,0.0
1787731038.539,1269,14.7,69656,10.9724,1.52,0.0
1787731038.553,1270,14.4,71242,10.9650,1.52,0.0
1787731038.568,1271,14.6,69929,10.9621,1.52,0.0
1787731038.583,1272,14.7,69512,10.9187,1.52,0.0
1787731038.598,1273,14.7,69580,10.9592,1.52,0.0
1787731038.612,1274,14.4,71298,10.9378,1.52,0.0
1787731038.627,1275,14.6,70035,10.9614,1.52,0.0
1787731038.642,1276,14.7,69512,10.9567,1.52,0.0
1787731038.657,1277,14.6,70356,10.9329,1.52,0.0
1787731038.672,1278,15.0,68352,10.9540,1.52,0.0
1787731038.686,1279,14.4,71235,10.9649,1.52,0.0
1787731038.701,1280,14.6,69954,10.9638,1.52,0.0
1787731038.716,1281,14.8,69122,10.9524,1.52,0.0
1787731038.731,1282,14.7,69506,10.9648,1.52,0.0
1787731038.746,1283,14.7,69647,10.9282,1.52,0.0
1787731038.761,1284,14.4,70908,10.9308,1.52,0.0
1787731038.775,1285,14.7,69837,10.9797,1.52,0.0
1787731038.790,1286,14.8,69307,10.9197,1.52,0.0
1787731038.805,1287,14.7,69598,10.9770,1.52,0.0
1787731038.820,1288,14.7,69450,10.9768,1.52,0.0
1787731038.835,1289,14.7,69444,10.9727,1.52,0.0
1787731038.849,1290,14.4,71225,10.9306,1.52,0.0
1787731038.864,1291,14.6,69987,10.9792,1.52,0.0
1787731038.879,1292,14.7,69702,10.9716,1.52,0.0
1787731038.894,1293,14.7,69562,10.9389,1.52,0.0
1787731038.909,1294,14.4,70971,10.9410,1.52,0.0
1787731038.923,1295,14.6,70058,10.9397,1.52,0.0
1787731038.938,1296,14.7,69552,10.9486,1.52,0.0
1787731038.953,1297,14.7,69496,10.9770,1.52,0.0
1787731038.967,1298,14.3,71364,10.9473,1.52,0.0
1787731038.982,1299,14.6,70002,10.9657,1.52,0.0
1787731038.997,1300,14.7,69533,10.9613,1.52,0.0
1787731039.012,1301,14.7,69722,10.9455,1.52,0.0
1787731039.026,1302,14.4,71259,10.9327,1.52,0.0
1787731039.041,1303,14.6,69967,10.9728,1.52,0.0
1787731039.056,1304,14.7,69556,10.9786,1.52,0.0
1787731039.071,1305,14.8,69304,10.9361,1.52,0.0
1787731039.086,1306,14.3,71480,10.9623,1.52,0.0
1787731039.100,1307,14.6,70090,10.9663,1.52,0.0
1787731039.115,1308,14.7,69634,10.9338,1.52,0.0
1787731039.130,1309,14.7,69498,10.9321,1.52,0.0
1787731039.145,1310,14.4,70983,10.9415,1.52,0.0
1787731039.159,1311,14.6,70102,10.9530,1.52,0.0
1787731039.174,1312,14.7,69614,10.9472,1.52,0.0
1787731039.189,1313,14.8,69305,10.9470,1.52,0.0
1787731039.204,1314,14.4,71346,10.9501,1.52,0.0
1787731039.218,1315,14.6,70024,10.9391,1.52,0.0
1787731039.233,1316,14.7,69574,10.9289,1.52,0.0
1787731039.248,1317,14.7,69656,10.9602,1.52,0.0
1787731039.263,1318,14.3,71386,10.9297,1.52,0.0
1787731039.277,1319,14.6,69948,10.9594,1.52,0.0
1787731039.292,1320,14.7,69577,10.9574,1.52,0.0
1787731039.307,1321,14.7,69588,10.9525,1.52,0.0
1787731039.322,1322,14.7,69508,10.9451,1.52,0.0
1787731039.336,1323,14.4,71008,10.9210,1.52,0.0
1787731039.351,1324,14.7,69588,10.9400,1.52,0.0
1787731039.366,1325,14.7,69577,10.9581,1.52,0.0
1787731039.381,1326,14.7,69639,10.9297,1.52,0.0
1787731039.396,1327,14.4,71209,10.9588,1.52,0.0
1787731039.410,1328,14.6,70040,10.9608,1.52,0.0
1787731039.425,1329,14.7,69708,10.9500,1.52,0.0
1787731039.440,1330,14.8,69209,10.9396,1.52,0.0
1787731039.455,1331,14.7,69455,10.9349,1.52,0.0
1787731039.470,1332,14.5,70707,10.9469,1.52,0.0
1787731039.484,1333,14.6,70199,10.9481,1.52,0.0
1787731039.499,1334,14.7,69500,10.9463,1.52,0.0
1787731039.514,1335,14.7,69571,10.9761,1.52,0.0
1787731039.529,1336,14.7,69534,10.9530,1.52,0.0
1787731039.544,1337,14.4,71264,10.9705,1.52,0.0
1787731039.558,1338,14.6,69995,10.9167,1.52,0.0
1787731039.573,1339,14.7,69587,10.9503,1.52,0.0
1787731039.588,1340,14.7,69676,10.9157,1.52,0.0
1787731039.603,1341,14.4,71085,10.9445,1.52,0.0
1787731039.617,1342,14.6,70169,10.9280,1.52,0.0
1787731039.632,1343,14.8,69093,10.9740,1.52,0.0
1787731039.647,1344,14.7,69648,10.9328,1.52,0.0
1787731039.662,1345,14.3,71479,10.9480,1.52,0.0
1787731039.676,1346,14.6,70029,10.9574,1.52,0.0
1787731039.691,1347,14.7,69538,10.9662,1.52,0.0
1787731039.706,1348,14.7,69603,10.9669,1.52,0.0
1787731039.721,1349,14.4,71153,10.9749,1.52,0.0
1787731039.735,1350,14.6,69988,10.9528,1.52,0.0
1787731039.750,1351,14.7,69657,10.9410,1.52,0.0
1787731039.765,1352,14.7,69530,10.9299,1.52,0.0
1787731039.780,1353,14.4,71048,10.9741,1.52,0.0
1787731039.794,1354,14.6,70049,10.9491,1.52,0.0
1787731039.809,1355,14.2,71926,10.9640,1.52,0.0
1787731039.823,1356,14.4,71194,10.9618,1.52,0.0
1787731039.838,1357,14.7,69625,10.9792,1.52,0.0
1787731039.852,1358,14.3,71690,10.9661,1.52,0.0
1787731039.867,1359,14.7,69739,10.9544,1.52,0.0
1787731039.882,1360,14.7,69533,10.9553,1.52,0.0
1787731039.897,1361,14.7,69590,10.9798,1.52,0.0
1787731039.912,1362,14.9,68655,10.9422,1.52,0.0
1787731039.927,1363,14.7,69529,10.9719,1.52,0.0
1787731039.942,1364,14.4,71280,10.9417,1.52,0.0
1787731039.956,1365,14.6,69947,10.9671,1.52,0.0
1787731039.971,1366,14.7,69633,10.9426,1.52,0.0
1787731039.986,1367,14.7,69533,10.9652,1.52,0.0
1787731040.001,1368,14.4,71282,10.9253,1.52,0.0
1787731040.015,1369,14.6,69922,10.9636,1.52,0.0
1787731040.030,1370,14.7,69551,10.9468,1.52,0.0
1787731040.045,1371,14.7,69523,10.9592,1.52,0.0
1787731040.060,1372,14.8,69254,10.9374,1.52,0.0
1787731040.075,1373,14.4,71062,10.9548,1.52,0.0
1787731040.089,1374,14.6,70004,10.9399,1.52,0.0
1787731040.104,1375,14.7,69591,10.9463,1.52,0.0
1787731040.119,1376,14.7,69534,10.9385,1.52,0.0
1787731040.134,1377,14.3,71458,10.9355,1.52,0.0
1787731040.148,1378,14.6,69978,10.9566,1.52,0.0
1787731040.163,1379,14.8,69421,10.9790,1.52,0.0
1787731040.178,1380,14.7,69570,10.9262,1.52,0.0
1787731040.193,1381,14.8,68981,10.9423,1.52,0.0
1787731040.208,1382,14.8,69089,10.9957,1.52,0.0
1787731040.223,1383,14.8,69317,10.9463,1.52,0.0
1787731040.238,1384,14.7,69551,10.9439,1.52,0.0
1787731040.253,1385,14.4,71103,10.9816,1.52,0.0
1787731040.267,1386,14.6,69935,10.9261,1.52,0.0
1787731040.282,1387,14.8,69276,10.9550,1.52,0.0
1787731040.297,1388,14.7,69496,10.9557,1.52,0.0
1787731040.312,1389,14.7,69489,10.9612,1.52,0.0
1787731040.327,1390,14.5,70758,10.9374,1.52,0.0
1787731040.342,1391,15.4,66639,10.9469,1.52,0.0
1787731040.357,1392,14.7,69524,10.9406,1.52,0.0
1787731040.372,1393,14.4,70948,10.9376,1.52,0.0
1787731040.386,1394,14.2,72130,10.9488,1.52,0.0
1787731040.400,1395,14.5,70798,10.9546,1.52,0.0
1787731040.415,1396,14.7,69873,10.9385,1.52,0.0
1787731040.430,1397,14.7,69527,10.9557,1.52,0.0
1787731040.445,1398,14.5,70618,10.9499,1.52,0.0
1787731040.459,1399,14.6,70349,10.9576,1.52,0.0
1787731040.474,1400,14.8,69305,10.9324,1.52,0.0
1787731040.489,1401,14.7,69464,10.9379,1.52,0.0
1787731040.504,1402,14.7,69501,10.9590,1.52,0.0
1787731040.519,1403,14.7,69475,10.9385,1.52,0.0
1787731040.534,1404,14.3,71384,10.9619,1.52,0.0
1787731040.548,1405,14.7,69700,10.9384,1.52,0.0
1787731040.563,1406,14.7,69479,10.9264,1.52,0.0
1787731040.578,1407,14.7,69660,10.9690,1.52,0.0
1787731040.593,1408,14.4,71256,10.9955,1.52,0.0
1787731040.607,1409,14.6,70104,10.9559,1.52,0.0
1787731040.622,1410,14.7,69635,10.9495,1.52,0.0
1787731040.637,1411,14.7,69537,10.9561,1.52,0.0
1787731040.652,1412,14.4,71117,10.9485,1.52,0.0
1787731040.666,1413,14.6,69989,10.9529,1.52,0.0
1787731040.681,1414,14.7,69547,10.9526,1.52,0.0
1787731040.696,1415,14.7,69484,10.9333,1.52,0.0
1787731040.711,1416,14.8,69419,10.9600,1.52,0.0
1787731040.726,1417,14.4,70931,10.9490,1.52,0.0
1787731040.740,1418,14.6,70024,10.9624,1.52,0.0
1787731040.755,1419,14.8,69200,10.9573,1.52,0.0
1787731040.770,1420,14.4,71314,10.9474,1.52,0.0
1787731040.784,1421,14.7,69863,10.9602,1.52,0.0
1787731040.799,1422,14.2,71971,10.9589,1.52,0.0
1787731040.813,1423,14.5,70493,10.9368,1.52,0.0
1787731040.828,1424,14.7,69716,10.9848,1.52,0.0
1787731040.843,1425,14.7,69623,10.9718,1.52,0.0
1787731040.858,1426,14.7,69544,10.9726,1.52,0.0
1787731040.873,1427,14.4,71161,10.9464,1.52,0.0
1787731040.887,1428,14.6,69957,10.9332,1.52,0.0
1787731040.902,1429,14.7,69550,10.9637,1.52,0.0
1787731040.917,1430,14.7,69517,10.9588,1.52,0.0
1787731040.932,1431,14.4,71290,10.9630,1.52,0.0
1787731040.946,1432,14.6,69899,10.9471,1.52,0.0
1787731040.961,1433,14.8,69143,10.9659,1.52,0.0
1787731040.976,1434,14.8,69374,10.9315,1.52,0.0
1787731040.991,1435,14.8,69386,10.9351,1.52,0.0
1787731041.006,1436,14.8,69421,10.9309,1.52,0.0
1787731041.021,1437,14.4,71108,10.9520,1.52,0.0
1787731041.035,1438,14.7,69613,10.9369,1.52,0.0
1787731041.050,1439,14.7,69553,10.9351,1.52,0.0
1787731041.065,1440,14.7,69597,10.9484,1.52,0.0
1787731041.080,1441,14.7,69515,10.9533,1.52,0.0
1787731041.095,1442,14.4,71282,10.9542,1.52,0.0
1787731041.109,1443,14.7,69874,10.9492,1.52,0.0
1787731041.124,1444,14.7,69538,10.9507,1.52,0.0
1787731041.139,1445,14.7,69588,10.9644,1.52,0.0
1787731041.154,1446,14.4,70976,10.9833,1.52,0.0
1787731041.168,1447,14.6,70074,10.9551,1.52,0.0
1787731041.183,1448,14.7,69521,10.9498,1.52,0.0
1787731041.198,1449,14.7,69425,10.9859,1.52,0.0
1787731041.213,1450,14.4,71231,10.9449,1.52,0.0
1787731041.227,1451,14.7,69873,10.9553,1.52,0.0
1787731041.242,1452,14.7,69427,10.9539,1.52,0.0
1787731041.257,1453,14.7,69512,10.9533,1.52,0.0
1787731041.272,1454,14.7,69497,10.9659,1.52,0.0
1787731041.287,1455,14.4,71161,10.9285,1.52,0.0
1787731041.301,1456,14.7,69871,10.9304,1.52,0.0
1787731041.316,1457,14.8,69070,10.9276,1.52,0.0
1787731041.331,1458,14.3,71841,10.9619,1.52,0.0
1787731041.345,1459,14.6,69977,10.9354,1.52,0.0
1787731041.360,1460,14.7,69510,10.9423,1.52,0.0
1787731041.375,1461,14.7,69456,10.9329,1.52,0.0
1787731041.390,1462,14.7,69550,10.9430,1.52,0.0
1787731041.405,1463,14.4,71152,10.9595,1.52,0.0
1787731041.419,1464,14.6,69951,10.9521,1.52,0.0
1787731041.434,1465,14.7,69429,10.9587,1.52,0.0
1787731041.449,1466,14.8,69415,10.9494,1.52,0.0
1787731041.464,1467,14.7,69501,10.9220,1.52,0.0
1787731041.478,1468,14.3,71619,10.9752,1.52,0.0
1787731041.493,1469,14.5,70619,10.9535,1.52,0.0
1787731041.508,1470,14.4,71123,10.9605,1.52,0.0
1787731041.522,1471,14.6,69968,10.9700,1.52,0.0
1787731041.537,1472,14.7,69537,10.9415,1.52,0.0
1787731041.552,1473,14.7,69596,10.9579,1.52,0.0
1787731041.567,1474,14.4,71338,10.9595,1.52,0.0
1787731041.581,1475,14.7,69896,10.9537,1.52,0.0
1787731041.596,1476,14.8,69013,10.9584,1.52,0.0
1787731041.611,1477,14.7,69469,10.9694,1.52,0.0
1787731041.626,1478,14.7,69545,10.9534,1.52,0.0
1787731041.641,1479,14.9,68932,10.9350,1.52,0.0
1787731041.656,1480,14.3,71405,10.9484,1.52,0.0
1787731041.670,1481,14.6,70028,10.9470,1.52,0.0
1787731041.685,1482,14.7,69525,10.9486,1.52,0.0
1787731041.700,1483,14.7,69523,10.9482,1.52,0.0
1787731041.715,1484,14.8,69314,10.9479,1.52,0.0
1787731041.730,1485,14.4,71135,10.9264,1.52,0.0
1787731041.744,1486,14.7,69733,10.9388,1.52,0.0
1787731041.759,1487,14.7,69430,10.9623,1.52,0.0
1787731041.774,1488,14.3,71807,10.9494,1.52,0.0
1787731041.788,1489,14.6,69983,10.9443,1.52,0.0
1787731041.803,1490,14.3,71822,10.9444,1.52,0.0
1787731041.817,1491,14.6,70286,10.9504,1.52,0.0
1787731041.832,1492,14.7,69784,10.9482,1.52,0.0
1787731041.847,1493,14.7,69701,10.9749,1.52,0.0
1787731041.862,1494,14.4,71285,10.9497,1.52,0.0
1787731041.876,1495,14.8,69405,10.9616,1.52,0.0
1787731041.891,1496,14.7,69606,10.9504,1.52,0.0
1787731041.906,1497,14.7,69505,10.9334,1.52,0.0
1787731041.921,1498,14.7,69506,10.9387,1.52,0.0
1787731041.936,1499,14.8,69240,10.9498,1.52,0.0
1787731041.951,1500,14.4,70976,10.9565,1.52,0.0
1787731041.965,1501,14.6,70064,10.9542,1.52,0.0
1787731041.980,1502,14.7,69442,10.9440,1.52,0.0
1787731041.995,1503,14.8,69288,10.9653,1.52,0.0
1787731043.158,1504,1162.4,881,10.9563,1.52,0.0
1787731043.770,1505,611.7,1674,10.9539,1.52,0.0
1787731043.788,1506,17.7,57959,10.9694,1.52,0.0
1787731043.805,1507,17.6,58224,10.9503,1.52,0.0
1787731043.823,1508,17.6,58053,10.9444,1.52,0.0
1787731043.842,1509,18.4,55524,10.9281,1.52,0.0
1787731043.860,1510,17.6,58329,10.9500,1.52,0.0
1787731044.118,1511,258.4,3963,10.9534,1.52,0.0
1787731044.152,1512,33.3,30710,10.9224,1.52,0.0
1787731044.185,1513,33.5,30607,10.9389,1.52,0.0
1787731044.219,1514,33.5,30534,10.9275,1.52,0.0
1787731044.240,1515,20.6,49640,10.9440,1.52,0.0
1787731044.255,1516,15.4,66605,10.9587,1.52,0.0
1787731044.271,1517,15.2,67571,10.9437,1.52,0.0
1787731044.286,1518,15.4,66588,10.9267,1.52,0.0
1787731044.302,1519,15.2,67237,10.9346,1.52,0.0
1787731044.317,1520,15.4,66677,10.9304,1.52,0.0
1787731044.333,1521,15.3,66921,10.9618,1.52,0.0
1787731044.348,1522,15.4,66534,10.9650,1.52,0.0
1787731044.364,1523,15.2,67301,10.9469,1.52,0.0
1787731044.379,1524,15.6,65600,10.9545,1.52,0.0
1787731044.395,1525,15.1,67725,10.9497,1.52,0.0
1787731044.410,1526,15.4,66635,10.9523,1.52,0.0
1787731044.426,1527,15.2,67217,10.9524,1.52,0.0
1787731044.441,1528,15.3,66794,10.9205,1.52,0.0
1787731044.457,1529,15.4,66660,10.9610,1.52,0.0
1787731044.472,1530,14.9,68685,10.9373,1.52,0.0
1787731044.487,1531,15.4,66289,10.9740,1.52,0.0
1787731044.503,1532,15.2,67379,10.9381,1.52,0.0
1787731044.518,1533,15.1,67879,10.9736,1.52,0.0
1787731044.533,1534,15.2,67191,10.9613,1.52,0.0
1787731044.549,1535,15.3,67117,10.9527,1.52,0.0
1787731044.564,1536,15.1,67952,10.9364,1.52,0.0
1787731044.579,1537,15.4,66340,10.9650,1.52,0.0
1787731044.595,1538,15.2,67487,10.9468,1.52,0.0
1787731044.610,1539,15.0,68104,10.9322,1.52,0.0
1787731044.627,1540,16.8,60814,10.9194,1.52,0.0
1787731044.643,1541,15.7,65256,10.9555,1.52,0.0
1787731044.659,1542,15.9,64429,10.9779,1.52,0.0
1787731044.674,1543,15.4,66409,10.9776,1.52,0.0
1787731044.690,1544,15.2,67211,10.9596,1.52,0.0
1787731044.705,1545,15.0,68078,10.9428,1.52,0.0
1787731044.720,1546,15.4,66588,10.9399,1.52,0.0
1787731044.736,1547,15.2,67387,10.9418,1.52,0.0
1787731044.751,1548,15.0,68065,10.9447,1.52,0.0
1787731044.766,1549,15.4,66440,10.9772,1.52,0.0
1787731044.782,1550,15.2,67464,10.9276,1.52,0.0
1787731044.797,1551,15.0,68112,10.9251,1.52,0.0
1787731044.812,1552,15.6,65743,10.9531,1.52,0.0
1787731044.828,1553,15.1,67724,10.9404,1.52,0.0
1787731044.843,1554,15.4,66687,10.9585,1.52,0.0
1787731044.859,1555,15.2,67218,10.9385,1.52,0.0
1787731044.874,1556,15.1,68024,10.9691,1.52,0.0
1787731044.889,1557,15.4,66586,10.9834,1.52,0.0
1787731044.905,1558,15.2,67436,10.9637,1.52,0.0
1787731044.920,1559,15.0,68089,10.9553,1.52,0.0
1787731044.935,1560,15.3,66722,10.9483,1.52,0.0
1787731044.951,1561,15.2,67483,10.9471,1.52,0.0
1787731044.966,1562,15.0,68043,10.9487,1.52,0.0
1787731044.981,1563,15.4,66595,10.9679,1.52,0.0
1787731044.997,1564,15.2,67382,10.9762,1.52,0.0
1787731045.012,1565,15.0,68044,10.9445,1.52,0.0
1787731045.027,1566,15.4,66545,10.9761,1.52,0.0
1787731045.043,1567,15.2,67418,10.9529,1.52,0.0
1787731045.058,1568,15.1,67990,10.9378,1.52,0.0
1787731045.073,1569,14.9,68859,10.9608,1.52,0.0
1787731045.088,1570,15.2,67460,10.9465,1.52,0.0
1787731045.103,1571,15.0,68289,10.9682,1.52,0.0
1787731045.119,1572,15.2,67248,10.9616,1.52,0.0
1787731045.134,1573,15.0,68062,10.9575,1.52,0.0
1787731045.149,1574,15.4,66566,10.9136,1.52,0.0
1787731045.165,1575,15.2,67340,10.9507,1.52,0.0
1787731045.180,1576,15.0,68056,10.9447,1.52,0.0
1787731045.195,1577,15.4,66627,10.9602,1.52,0.0
1787731045.210,1578,14.9,68790,10.9379,1.52,0.0
1787731045.226,1579,15.2,67341,10.9307,1.52,0.0
1787731045.241,1580,15.0,68048,10.9328,1.52,0.0
1787731045.256,1581,15.5,66042,10.9607,1.52,0.0
1787731045.272,1582,15.2,67563,10.9617,1.52,0.0
1787731045.287,1583,15.4,66516,10.9312,1.52,0.0
1787731045.303,1584,15.3,67086,10.9504,1.52,0.0
1787731045.318,1585,15.4,66392,10.9538,1.52,0.0
1787731045.333,1586,14.9,68583,10.9833,1.52,0.0
1787731045.349,1587,15.2,67245,10.9625,1.52,0.0
1787731045.364,1588,15.1,68004,10.9369,1.52,0.0
1787731045.379,1589,15.3,66769,10.9583,1.52,0.0
1787731045.395,1590,15.3,67076,10.9612,1.52,0.0
1787731045.410,1591,15.4,66400,10.9475,1.52,0.0
1787731045.426,1592,15.2,67309,10.9483,1.52,0.0
1787731045.441,1593,15.2,67553,10.9544,1.52,0.0
1787731045.456,1594,15.4,66457,10.9693,1.52,0.0
1787731045.472,1595,15.2,67176,10.9660,1.52,0.0
1787731045.487,1596,15.5,66214,10.9362,1.52,0.0
1787731045.503,1597,15.2,67497,10.9414,1.52,0.0
1787731045.518,1598,15.4,66521,10.9480,1.52,0.0
1787731045.534,1599,15.2,67158,10.9483,1.52,0.0
1787731045.549,1600,15.0,68111,10.9398,1.52,0.0
1787731045.564,1601,15.4,66378,10.9667,1.52,0.0
1787731045.580,1602,15.1,67637,10.9379,1.52,0.0
1787731045.595,1603,15.0,68226,10.9286,1.52,0.0
1787731045.610,1604,15.4,66599,10.9394,1.52,0.0
1787731045.626,1605,15.2,67470,10.9447,1.52,0.0
1787731045.641,1606,15.1,67979,10.9397,1.52,0.0
1787731045.656,1607,15.4,66467,10.9593,1.52,0.0
1787731045.672,1608,15.3,67049,10.9630,1.52,0.0
1787731045.687,1609,14.7,69592,10.9364,1.52,0.0
1787731045.701,1610,14.7,69712,10.9778,1.52,0.0
1787731045.716,1611,14.8,69388,10.9689,1.52,0.0
1787731045.731,1612,14.7,69535,10.9482,1.52,0.0
1787731045.746,1613,14.4,70943,10.9428,1.52,0.0
1787731045.760,1614,14.6,69952,10.9532,1.52,0.0
1787731045.775,1615,14.8,69391,10.9553,1.52,0.0
1787731045.790,1616,14.8,69377,10.9479,1.52,0.0
1787731045.805,1617,14.8,69200,10.9602,1.52,0.0
1787731045.820,1618,14.6,70145,10.9556,1.52,0.0
1787731045.835,1619,14.5,70535,10.9069,1.52,0.0
1787731045.849,1620,14.6,69927,10.9377,1.52,0.0
1787731045.864,1621,14.7,69548,10.9503,1.52,0.0
1787731045.879,1622,14.7,69564,10.9113,1.52,0.0
1787731045.894,1623,14.3,71386,10.9745,1.52,0.0
1787731045.908,1624,14.6,70027,10.9855,1.52,0.0
1787731045.923,1625,14.7,69676,10.9301,1.52,0.0
1787731045.938,1626,14.3,71516,10.9566,1.52,0.0
1787731045.952,1627,14.6,70022,10.9398,1.52,0.0
1787731045.967,1628,14.8,69139,10.9570,1.52,0.0
1787731045.982,1629,14.7,69514,10.9238,1.52,0.0
1787731045.997,1630,14.7,69567,10.9558,1.52,0.0
1787731046.012,1631,14.4,71118,10.9400,1.52,0.0
1787731046.026,1632,14.6,69960,10.9534,1.52,0.0
1787731046.041,1633,14.7,69701,10.9518,1.52,0.0
1787731046.056,1634,14.8,69121,10.9960,1.52,0.0
1787731046.071,1635,14.8,69388,10.9449,1.52,0.0
1787731046.086,1636,14.8,69335,10.9201,1.52,0.0
1787731046.101,1637,14.4,70909,10.9251,1.52,0.0
1787731046.115,1638,14.6,69941,10.9582,1.52,0.0
1787731046.130,1639,14.7,69559,10.9372,1.52,0.0
1787731046.145,1640,14.7,69497,10.9469,1.52,0.0
1787731046.160,1641,14.7,69629,10.9427,1.52,0.0
1787731046.175,1642,14.4,70917,10.9410,1.52,0.0
1787731046.189,1643,14.6,69919,10.9439,1.52,0.0
1787731046.204,1644,14.4,71214,10.9560,1.52,0.0
1787731046.218,1645,14.3,71652,10.9489,1.52,0.0
1787731046.233,1646,14.7,69671,10.9627,1.52,0.0
1787731046.248,1647,14.9,68849,10.9413,1.52,0.0
1787731046.263,1648,14.7,69565,10.9672,1.52,0.0
1787731046.278,1649,14.5,70760,10.9390,1.52,0.0
1787731046.293,1650,14.6,70133,10.9577,1.52,0.0
1787731046.307,1651,14.7,69601,10.9415,1.52,0.0
1787731046.322,1652,14.7,69563,10.9712,1.52,0.0
1787731046.337,1653,14.8,69269,10.9518,1.52,0.0
1787731046.352,1654,14.8,69194,10.9470,1.52,0.0
1787731046.367,1655,14.8,69170,10.9313,1.52,0.0
1787731046.382,1656,14.8,69210,10.9603,1.52,0.0
1787731046.397,1657,14.4,70948,10.9566,1.52,0.0
1787731046.411,1658,14.6,70019,10.9516,1.52,0.0
1787731046.426,1659,14.7,69570,10.9609,1.52,0.0
1787731046.441,1660,14.9,68810,10.9650,1.52,0.0
1787731046.456,1661,14.9,68952,10.9569,1.52,0.0
1787731046.471,1662,14.3,71817,10.9525,1.52,0.0
1787731046.485,1663,14.3,71599,10.9392,1.52,0.0
1787731046.500,1664,14.2,71875,10.9344,1.52,0.0
1787731046.514,1665,14.2,71947,10.9563,1.52,0.0
1787731046.528,1666,14.4,71001,10.9340,1.52,0.0
1787731047.122,1667,593.2,1726,10.9243,1.52,0.0
1787731047.140,1668,18.3,55918,10.9240,1.52,0.0
1787731047.158,1669,17.1,59905,10.9459,1.52,0.0
1787731047.176,1670,18.3,55869,10.9510,1.52,0.0
1787731047.194,1671,17.2,59643,10.9782,1.52,0.0
1787731047.212,1672,18.6,54940,10.9645,1.52,0.0
1787731047.230,1673,17.7,57914,10.9449,1.52,0.0
1787731047.249,1674,18.0,56897,10.9614,1.52,0.0
1787731047.266,1675,17.2,59615,10.9231,1.52,0.0
1787731047.285,1676,18.6,55162,10.9338,1.52,0.0
1787731047.302,1677,17.0,60117,10.9278,1.52,0.0
1787731047.320,1678,18.1,56682,10.9643,1.52,0.0
1787731047.338,1679,17.2,59525,10.9763,1.52,0.0
1787731047.356,1680,18.3,55823,10.9503,1.52,0.0
1787731047.375,1681,18.0,56914,10.9594,1.52,0.0
1787731047.392,1682,17.0,60120,10.9769,1.52,0.0
1787731047.998,1683,605.4,1691,10.9527,1.52,0.0
1787731048.966,1684,968.6,1057,10.9622,1.52,0.0
1787731049.002,1685,35.6,28783,10.9429,1.52,0.0
1787731049.046,1686,43.3,23643,10.9348,1.52,0.0
1787731049.071,1687,24.9,41093,10.9519,1.52,0.0
1787731049.086,1688,15.5,66263,10.9504,1.52,0.0
1787731049.103,1689,16.6,61512,10.9159,1.52,0.0
1787731049.118,1690,15.1,68019,10.9441,1.52,0.0
1787731049.134,1691,15.2,67452,10.9510,1.52,0.0
1787731049.150,1692,16.0,63818,10.9351,1.52,0.0
1787731049.166,1693,15.4,66409,10.9667,1.52,0.0
1787731049.181,1694,14.9,68811,10.9497,1.52,0.0
1787731049.196,1695,14.9,68795,10.9404,1.52,0.0
1787731049.211,1696,14.9,68883,10.9418,1.52,0.0
1787731049.226,1697,14.9,68535,10.9466,1.52,0.0
1787731049.241,1698,15.3,66758,10.9646,1.52,0.0
1787731049.256,1699,14.9,68692,10.9572,1.52,0.0
1787731049.271,1700,14.9,68679,10.9371,1.52,0.0
1787731049.287,1701,15.4,66551,10.9311,1.52,0.0
1787731049.302,1702,14.9,68725,10.9367,1.52,0.0
1787731049.317,1703,14.9,68567,10.9647,1.52,0.0
1787731049.332,1704,15.1,67665,10.9727,1.52,0.0
1787731049.347,1705,15.4,66431,10.9695,1.52,0.0
1787731049.363,1706,14.9,68623,10.9457,1.52,0.0
1787731049.378,1707,14.9,68724,10.9442,1.52,0.0
1787731049.393,1708,15.3,66904,10.9450,1.52,0.0
1787731049.408,1709,14.9,68820,10.9784,1.52,0.0
1787731050.018,1710,609.8,1679,10.9724,1.52,0.0
1787731050.064,1711,45.5,22520,10.9251,1.52,0.0
1787731050.116,1712,52.2,19636,10.9540,1.52,0.0
1787731050.132,1713,15.6,65714,10.9643,1.52,0.0
1787731050.148,1714,15.5,66143,10.9557,1.52,0.0
1787731050.163,1715,14.9,68612,10.9399,1.52,0.0
1787731050.178,1716,15.1,67682,10.9813,1.52,0.0
1787731050.193,1717,15.4,66429,10.9427,1.52,0.0
1787731050.209,1718,15.2,67267,10.9622,1.52,0.0
1787731050.225,1719,15.7,65342,10.9542,1.52,0.0
1787731050.240,1720,15.1,67782,10.9618,1.52,0.0
1787731050.255,1721,15.3,66997,10.9474,1.52,0.0
1787731050.271,1722,15.3,66942,10.9532,1.52,0.0
1787731050.286,1723,15.5,65940,10.9591,1.52,0.0
1787731050.302,1724,15.2,67475,10.9581,1.52,0.0
1787731050.317,1725,15.1,68032,10.9448,1.52,0.0
1787731050.332,1726,15.3,66761,10.9495,1.52,0.0
1787731050.348,1727,15.2,67156,10.9555,1.52,0.0
1787731050.363,1728,15.1,67980,10.9617,1.52,0.0
1787731050.378,1729,15.4,66458,10.9417,1.52,0.0
1787731050.394,1730,15.2,67459,10.9516,1.52,0.0
1787731050.409,1731,15.4,66367,10.9558,1.52,0.0
1787731050.425,1732,15.2,67157,10.9466,1.52,0.0
1787731050.440,1733,15.1,67993,10.9495,1.52,0.0
1787731050.456,1734,15.5,65903,10.9557,1.52,0.0
1787731050.471,1735,15.2,67442,10.9286,1.52,0.0
1787731050.486,1736,15.4,66488,10.9810,1.52,0.0
1787731050.502,1737,15.2,67260,10.9348,1.52,0.0
1787731050.517,1738,15.0,68264,10.9705,1.52,0.0
1787731051.700,1739,1183.1,866,10.9332,1.52,0.0
1787731051.739,1740,38.7,26434,10.9519,1.52,0.0
1787731051.794,1741,54.2,18902,10.9371,1.52,0.0
1787731051.816,1742,21.7,47217,10.9582,1.52,0.0
1787731051.831,1743,15.2,67173,10.9129,1.52,0.0
1787731051.847,1744,15.4,66315,10.9512,1.52,0.0
1787731051.862,1745,15.1,67593,10.9500,1.52,0.0
1787731051.877,1746,15.4,66482,10.9538,1.52,0.0
1787731051.893,1747,15.2,67154,10.9459,1.52,0.0
1787731051.908,1748,15.1,67801,10.9471,1.52,0.0
1787731051.924,1749,15.4,66531,10.9508,1.52,0.0
1787731051.939,1750,15.2,67213,10.9634,1.52,0.0
1787731051.954,1751,14.9,68793,10.9327,1.52,0.0
1787731051.969,1752,15.4,66368,10.9667,1.52,0.0
1787731051.985,1753,15.2,67534,10.9559,1.52,0.0
1787731052.000,1754,15.1,68024,10.9589,1.52,0.0
1787731052.016,1755,15.4,66376,10.9508,1.52,0.0
1787731052.031,1756,15.2,67559,10.9619,1.52,0.0
1787731052.046,1757,15.4,66573,10.9427,1.52,0.0
1787731052.062,1758,15.3,67141,10.9827,1.52,0.0
1787731052.077,1759,15.1,67953,10.9562,1.52,0.0
1787731052.092,1760,15.4,66561,10.9329,1.52,0.0
1787731052.108,1761,15.2,67264,10.9536,1.52,0.0
1787731052.123,1762,15.4,66507,10.9414,1.52,0.0
1787731052.139,1763,15.2,67218,10.9665,1.52,0.0
1787731052.154,1764,15.1,68034,10.9770,1.52,0.0
1787731052.169,1765,15.4,66524,10.9586,1.52,0.0
1787731052.185,1766,15.2,67474,10.9453,1.52,0.0
1787731052.200,1767,15.1,67991,10.9397,1.52,0.0
1787731052.215,1768,15.0,68150,10.9347,1.52,0.0
1787731052.231,1769,15.5,66134,10.9890,1.52,0.0
1787731052.246,1770,15.1,67831,10.9532,1.52,0.0
1787731052.261,1771,15.4,66458,10.9495,1.52,0.0
1787731052.277,1772,15.2,67496,10.9735,1.52,0.0
1787731052.292,1773,15.0,68123,10.9667,1.52,0.0
1787731052.308,1774,15.4,66462,10.9311,1.52,0.0
1787731052.323,1775,15.2,67353,10.9738,1.52,0.0
1787731052.338,1776,15.0,68096,10.9755,1.52,0.0
1787731052.354,1777,15.4,66383,10.9526,1.52,0.0
1787731052.369,1778,15.2,67545,10.9559,1.52,0.0
1787731052.384,1779,15.0,68198,10.9572,1.52,0.0
1787731052.399,1780,15.0,68111,10.9220,1.52,0.0
1787731052.415,1781,15.4,66561,10.9798,1.52,0.0
1787731052.430,1782,15.1,67609,10.9521,1.52,0.0
1787731052.445,1783,14.9,68684,10.9432,1.52,0.0
1787731052.460,1784,15.4,66492,10.9208,1.52,0.0
1787731052.476,1785,14.9,68618,10.9156,1.52,0.0
1787731052.491,1786,15.0,68472,10.9486,1.52,0.0
1787731052.506,1787,15.1,67627,10.9791,1.52,0.0
1787731052.521,1788,15.4,66473,10.9393,1.52,0.0
1787731052.537,1789,15.2,67253,10.9390,1.52,0.0
1787731052.552,1790,15.1,68039,10.9247,1.52,0.0
1787731052.568,1791,15.4,66331,10.9776,1.52,0.0
1787731052.583,1792,15.2,67488,10.9442,1.52,0.0
1787731052.598,1793,15.4,66529,10.9584,1.52,0.0
1787731052.614,1794,15.3,67116,10.9438,1.52,0.0
1787731052.629,1795,15.0,68062,10.9510,1.52,0.0
1787731052.644,1796,15.4,66572,10.9321,1.52,0.0
1787731052.660,1797,15.2,67444,10.9757,1.52,0.0
1787731052.675,1798,15.4,66409,10.9570,1.52,0.0
1787731052.691,1799,15.3,66903,10.9439,1.52,0.0
1787731052.706,1800,15.0,68076,10.9485,1.52,0.0
1787731052.721,1801,15.0,68214,10.9394,1.52,0.0
1787731052.737,1802,15.4,66618,10.9530,1.52,0.0
1787731052.752,1803,15.2,67577,10.9725,1.52,0.0
1787731052.767,1804,15.4,66602,10.9536,1.52,0.0
1787731052.783,1805,15.3,66870,10.9508,1.52,0.0
1787731052.798,1806,15.2,67570,10.9638,1.52,0.0
1787731052.814,1807,15.7,65040,10.9539,1.52,0.0
1787731052.830,1808,15.4,66484,10.9622,1.52,0.0
1787731052.845,1809,15.1,68030,10.9818,1.52,0.0
1787731052.860,1810,14.6,69919,10.9445,1.52,0.0
1787731052.874,1811,14.7,69649,10.9480,1.52,0.0
1787731052.889,1812,14.4,70894,10.9534,1.52,0.0
1787731052.904,1813,14.6,69964,10.9489,1.52,0.0
1787731052.919,1814,14.7,69621,10.9307,1.52,0.0
1787731052.933,1815,14.7,69591,10.9104,1.52,0.0
1787731052.948,1816,14.4,71211,10.9589,1.52,0.0
1787731052.963,1817,14.6,69951,10.9344,1.52,0.0
1787731052.978,1818,14.8,68969,10.9488,1.52,0.0
1787731052.993,1819,14.7,69447,10.9486,1.52,0.0
1787731053.007,1820,14.8,69354,10.9532,1.52,0.0
1787731053.022,1821,14.8,69349,10.9580,1.52,0.0
1787731053.037,1822,14.5,70538,10.9447,1.52,0.0
1787731053.053,1823,15.4,66683,10.9451,1.52,0.0
1787731053.067,1824,14.2,71918,10.9436,1.52,0.0
1787731053.082,1825,14.6,70068,10.9629,1.52,0.0
1787731053.096,1826,14.3,71421,10.9627,1.52,0.0
1787731053.110,1827,14.2,72170,10.9627,1.52,0.0
1787731053.125,1828,14.2,72199,10.9365,1.52,0.0
1787731053.140,1829,14.7,69586,10.9412,1.52,0.0
1787731053.154,1830,14.7,69493,10.9419,1.52,0.0
1787731053.169,1831,14.7,69500,10.9500,1.52,0.0
1787731053.184,1832,14.4,71157,10.9598,1.52,0.0
1787731053.199,1833,14.6,69938,10.9368,1.52,0.0
1787731053.214,1834,14.8,69372,10.9476,1.52,0.0
1787731053.229,1835,14.8,69275,10.9641,1.52,0.0
1787731053.243,1836,14.7,69559,10.9685,1.52,0.0
1787731053.259,1837,14.9,68576,10.9554,1.52,0.0
1787731053.273,1838,14.7,69538,10.9591,1.52,0.0
1787731053.288,1839,14.4,71092,10.9446,1.52,0.0
1787731053.303,1840,14.6,70020,10.9572,1.52,0.0
1787731053.318,1841,14.7,69601,10.9746,1.52,0.0
1787731053.332,1842,14.3,71742,10.9481,1.52,0.0
1787731053.347,1843,14.7,69877,10.9375,1.52,0.0
1787731053.362,1844,14.7,69434,10.9663,1.52,0.0
1787731053.377,1845,14.8,69270,10.9401,1.52,0.0
1787731053.391,1846,14.7,69512,10.9653,1.52,0.0
1787731053.406,1847,14.4,71145,10.9400,1.52,0.0
1787731053.421,1848,14.6,69926,10.9558,1.52,0.0
1787731053.436,1849,14.7,69502,10.9484,1.52,0.0
1787731053.451,1850,14.8,69216,10.9583,1.52,0.0
1787731053.465,1851,14.5,70818,10.9576,1.52,0.0
1787731053.480,1852,14.3,71686,10.9386,1.52,0.0
1787731053.495,1853,14.8,69072,10.9471,1.52,0.0
1787731053.509,1854,14.7,69514,10.9579,1.52,0.0
1787731053.524,1855,14.4,71153,10.9452,1.52,0.0
1787731053.539,1856,14.7,69429,10.9393,1.52,0.0
1787731053.554,1857,14.7,69598,10.9356,1.52,0.0
1787731053.569,1858,14.7,69601,10.9656,1.52,0.0
1787731053.583,1859,14.7,69580,10.9446,1.52,0.0
1787731053.598,1860,14.4,71049,10.9929,1.52,0.0
1787731053.613,1861,14.6,70027,10.9428,1.52,0.0
1787731053.628,1862,14.7,69520,10.9352,1.52,0.0
1787731053.642,1863,14.7,69543,10.9411,1.52,0.0
1787731053.657,1864,14.4,71055,10.9657,1.52,0.0
1787731053.672,1865,14.7,69716,10.9584,1.52,0.0
1787731053.687,1866,14.7,69609,10.9449,1.52,0.0
1787731053.702,1867,14.7,69452,10.9515,1.52,0.0
1787731053.716,1868,14.3,71472,10.9697,1.52,0.0
1787731053.731,1869,14.6,69946,10.9243,1.52,0.0
1787731053.746,1870,14.7,69621,10.9582,1.52,0.0
1787731053.760,1871,14.7,69559,10.9543,1.52,0.0
1787731053.775,1872,14.4,71171,10.9570,1.52,0.0
1787731053.790,1873,14.6,69902,10.9330,1.52,0.0
1787731053.804,1874,14.2,71968,10.9502,1.52,0.0
1787731053.819,1875,14.4,71004,10.9517,1.52,0.0
1787731053.833,1876,14.7,69697,10.9377,1.52,0.0
1787731053.848,1877,14.4,70992,10.9529,1.52,0.0
1787731053.863,1878,14.7,69891,10.9644,1.52,0.0
1787731053.878,1879,14.7,69574,10.9468,1.52,0.0
1787731053.892,1880,14.7,69681,10.9451,1.52,0.0
1787731053.907,1881,14.8,69404,10.9724,1.52,0.0
1787731053.922,1882,14.4,70938,10.9501,1.52,0.0
1787731053.937,1883,14.6,70074,10.9584,1.52,0.0
1787731053.952,1884,14.7,69497,10.9536,1.52,0.0
1787731053.966,1885,14.7,69634,10.9783,1.52,0.0
1787731053.981,1886,14.4,71162,10.9230,1.52,0.0
1787731053.996,1887,14.6,69985,10.9204,1.52,0.0
1787731054.011,1888,14.7,69582,10.9502,1.52,0.0
1787731054.026,1889,14.7,69541,10.9608,1.52,0.0
1787731054.040,1890,14.7,69537,10.9310,1.52,0.0
1787731054.056,1891,15.8,64674,10.9665,1.52,0.0
1787731054.071,1892,14.4,71156,10.9367,1.52,0.0
1787731054.086,1893,14.6,69977,10.9555,1.52,0.0
1787731054.101,1894,14.8,69182,10.9348,1.52,0.0
1787731054.116,1895,14.7,69490,10.9643,1.52,0.0
1787731054.130,1896,14.4,71191,10.9303,1.52,0.0
1787731054.146,1897,15.3,66752,10.9486,1.52,0.0
1787731054.160,1898,14.5,70625,10.9386,1.52,0.0
1787731054.175,1899,14.6,70203,10.9260,1.52,0.0
1787731054.190,1900,14.6,69916,10.9600,1.52,0.0
1787731054.204,1901,14.4,71350,10.9388,1.52,0.0
1787731054.219,1902,14.7,69865,10.9458,1.52,0.0
1787731054.234,1903,14.7,69813,10.9626,1.52,0.0
1787731054.249,1904,14.7,69573,10.9330,1.52,0.0
1787731054.263,1905,14.7,69712,10.9403,1.52,0.0
1787731054.278,1906,14.4,71111,10.9764,1.52,0.0
1787731054.293,1907,14.6,69985,10.9890,1.52,0.0
1787731054.308,1908,14.7,69502,10.9633,1.52,0.0
1787731054.323,1909,14.7,69469,10.9558,1.52,0.0
1787731054.338,1910,14.8,69199,10.9639,1.52,0.0
1787731054.352,1911,14.3,71362,10.9764,1.52,0.0
1787731054.367,1912,14.7,69773,10.9432,1.52,0.0
1787731054.382,1913,14.8,69017,10.9693,1.52,0.0
1787731054.397,1914,14.7,69500,10.9538,1.52,0.0
1787731054.412,1915,14.7,69519,10.9551,1.52,0.0
1787731054.426,1916,14.7,69426,10.9791,1.52,0.0
1787731054.441,1917,14.4,70995,10.9763,1.52,0.0
1787731054.456,1918,14.7,69881,10.9657,1.52,0.0
1787731054.471,1919,14.8,68966,10.9201,1.52,0.0
1787731054.486,1920,14.8,69275,10.9477,1.52,0.0
1787731054.501,1921,14.8,69359,10.9383,1.52,0.0
1787731054.515,1922,14.7,69583,10.9526,1.52,0.0
1787731054.530,1923,14.4,71158,10.9546,1.52,0.0
1787731054.545,1924,14.6,70045,10.9568,1.52,0.0
1787731054.560,1925,14.7,69664,10.9424,1.52,0.0
1787731054.575,1926,14.7,69545,10.9570,1.52,0.0
1787731054.589,1927,14.8,69233,10.9623,1.52,0.0
1787731054.604,1928,14.4,71251,10.9633,1.52,0.0
1787731054.619,1929,14.7,69837,10.9286,1.52,0.0
1787731054.634,1930,14.7,69500,10.9685,1.52,0.0
1787731054.649,1931,14.7,69435,10.9415,1.52,0.0
1787731054.664,1932,14.9,68791,10.9463,1.52,0.0
1787731054.679,1933,14.7,69460,10.9382,1.52,0.0
1787731054.693,1934,14.4,71234,10.9557,1.52,0.0
1787731054.708,1935,14.7,69855,10.9678,1.52,0.0
1787731054.723,1936,14.7,69468,10.9356,1.52,0.0
1787731054.738,1937,14.7,69430,10.9342,1.52,0.0
1787731054.752,1938,14.7,69618,10.9467,1.52,0.0
1787731054.767,1939,14.4,71104,10.9519,1.52,0.0
1787731054.782,1940,14.7,69757,10.9382,1.52,0.0
1787731054.797,1941,14.7,69490,10.9486,1.52,0.0
1787731054.812,1942,14.8,69340,10.9708,1.52,0.0
1787731054.827,1943,14.7,69469,10.9524,1.52,0.0
1787731054.841,1944,14.4,71262,10.9411,1.52,0.0
1787731054.856,1945,14.6,69932,10.9423,1.52,0.0
1787731054.871,1946,14.8,69279,10.9630,1.52,0.0
1787731054.886,1947,14.7,69519,10.9074,1.52,0.0
1787731054.900,1948,14.7,69655,10.9518,1.52,0.0
1787731054.915,1949,14.4,71145,10.9394,1.52,0.0
1787731054.930,1950,14.7,69733,10.9484,1.52,0.0
1787731054.945,1951,14.8,69036,10.9459,1.52,0.0
1787731054.960,1952,14.7,69613,10.9561,1.52,0.0
1787731054.974,1953,14.7,69642,10.9313,1.52,0.0
1787731054.989,1954,14.4,71113,10.9569,1.52,0.0
1787731055.004,1955,14.7,69895,10.9634,1.52,0.0
1787731055.019,1956,14.7,69543,10.9689,1.52,0.0
1787731055.034,1957,14.7,69461,10.9226,1.52,0.0
1787731055.048,1958,14.7,69492,10.9085,1.52,0.0
1787731055.063,1959,14.4,71064,10.9376,1.52,0.0
1787731055.078,1960,14.6,69967,10.9535,1.52,0.0
1787731055.093,1961,14.7,69479,10.9405,1.52,0.0
1787731055.108,1962,14.7,69728,10.9338,1.52,0.0
1787731055.122,1963,14.2,71888,10.9445,1.52,0.0
1787731055.137,1964,14.7,69550,10.9542,1.52,0.0
1787731055.152,1965,14.7,69585,10.9387,1.52,0.0
1787731055.166,1966,14.7,69577,10.9518,1.52,0.0
1787731055.181,1967,14.4,71073,10.9452,1.52,0.0
1787731055.196,1968,14.7,69877,10.9344,1.52,0.0
1787731055.210,1969,14.3,71713,10.9648,1.52,0.0
1787731055.225,1970,14.8,69347,10.9724,1.52,0.0
1787731055.240,1971,14.4,71349,10.9274,1.52,0.0
1787731055.255,1972,15.0,68054,10.9328,1.52,0.0
1787731055.270,1973,14.7,69554,10.9457,1.52,0.0
1787731055.285,1974,14.7,69657,10.8968,1.52,0.0
1787731055.299,1975,14.4,71204,10.9447,1.52,0.0
1787731055.314,1976,14.6,70128,10.9412,1.52,0.0
1787731055.329,1977,14.7,69634,10.9530,1.52,0.0
1787731055.344,1978,14.8,68964,10.9440,1.52,0.0
1787731055.359,1979,14.7,69464,10.9498,1.52,0.0
1787731055.374,1980,14.8,69342,10.9745,1.52,0.0
1787731055.388,1981,14.4,71195,10.9497,1.52,0.0
1787731055.403,1982,14.6,70096,10.9393,1.52,0.0
1787731055.418,1983,14.7,69638,10.9355,1.52,0.0
1787731055.433,1984,14.7,69474,10.9305,1.52,0.0
1787731055.447,1985,14.2,71947,10.9411,1.52,0.0
1787731055.462,1986,14.7,69577,10.9926,1.52,0.0
1787731055.476,1987,14.4,71221,10.9388,1.52,0.0
1787731055.491,1988,14.5,70427,10.9654,1.52,0.0
1787731055.506,1989,14.8,69122,10.9362,1.52,0.0
1787731055.521,1990,14.8,69004,10.9177,1.52,0.0
1787731055.536,1991,14.7,69521,10.9245,1.52,0.0
1787731055.551,1992,14.8,69332,10.9336,1.52,0.0
1787731055.566,1993,14.7,69517,10.9681,1.52,0.0
1787731055.580,1994,14.4,71090,10.9260,1.52,0.0
1787731055.595,1995,14.6,69940,10.9467,1.52,0.0
1787731055.610,1996,14.7,69674,10.9467,1.52,0.0
1787731055.625,1997,14.7,69559,10.9473,1.52,0.0
1787731055.639,1998,14.4,71248,10.9430,1.52,0.0
1787731055.654,1999,14.6,69902,10.9646,1.52,0.0
1787731055.669,2000,14.7,69525,10.9366,1.52,0.0
1787731055.684,2001,14.7,69636,10.9176,1.52,0.0
1787731055.698,2002,14.7,69493,10.9550,1.52,0.0
1787731055.713,2003,14.4,71037,10.9346,1.52,0.0
1787731055.728,2004,14.7,69860,10.9685,1.52,0.0
1787731055.743,2005,14.8,69095,10.9615,1.52,0.0
1787731055.758,2006,14.7,69521,10.9870,1.52,0.0
1787731055.773,2007,14.8,69369,10.9294,1.52,0.0
1787731055.788,2008,15.0,68434,10.9173,1.52,0.0
1787731055.803,2009,15.2,67201,10.9566,1.52,0.0
1787731055.818,2010,15.0,68261,10.9580,1.52,0.0
1787731055.833,2011,14.6,70060,10.9509,1.52,0.0
1787731055.848,2012,14.8,69381,10.9563,1.52,0.0
1787731055.863,2013,14.8,69217,10.9525,1.52,0.0
1787731055.878,2014,14.7,69442,10.9702,1.52,0.0
1787731055.893,2015,14.8,69331,10.9560,1.52,0.0
1787731055.907,2016,14.4,71011,10.9342,1.52,0.0
1787731055.922,2017,14.7,69808,10.9210,1.52,0.0
1787731055.937,2018,14.7,69514,10.9226,1.52,0.0
1787731055.952,2019,14.7,69517,10.9553,1.52,0.0
1787731055.967,2020,14.7,69580,10.9865,1.52,0.0
1787731055.981,2021,14.4,71168,10.9480,1.52,0.0
1787731055.996,2022,14.7,69567,10.9452,1.52,0.0
1787731056.011,2023,14.8,69407,10.9711,1.52,0.0
1787731056.026,2024,14.8,69374,10.9607,1.52,0.0
1787731056.041,2025,14.7,69502,10.9665,1.52,0.0
1787731056.055,2026,14.4,71217,10.9618,1.52,0.0
1787731056.070,2027,14.7,69560,10.9519,1.52,0.0
1787731056.085,2028,14.7,69621,10.9171,1.52,0.0
1787731056.100,2029,14.8,69294,10.9288,1.52,0.0
1787731056.115,2030,14.7,69461,10.9559,1.52,0.0
1787731056.130,2031,14.8,69343,10.9713,1.52,0.0
1787731056.145,2032,15.0,68441,10.9474,1.52,0.0
1787731056.160,2033,14.8,69326,10.9496,1.52,0.0
1787731056.175,2034,14.8,69276,10.9503,1.52,0.0
1787731056.189,2035,14.3,71366,10.9376,1.52,0.0
1787731056.204,2036,14.7,69697,10.9269,1.52,0.0
1787731056.218,2037,14.4,71015,10.9801,1.52,0.0
1787731056.233,2038,14.5,70653,10.9275,1.52,0.0
1787731056.248,2039,14.7,69789,10.9411,1.52,0.0
1787731056.262,2040,14.3,71574,10.9597,1.52,0.0
1787731056.277,2041,14.6,70255,10.9603,1.52,0.0
1787731056.292,2042,14.8,69237,10.9500,1.52,0.0
1787731056.307,2043,14.8,69120,10.9591,1.52,0.0
1787731056.322,2044,14.8,69332,10.9700,1.52,0.0
1787731056.336,2045,14.5,70523,10.9355,1.52,0.0
1787731056.351,2046,14.7,69772,10.9672,1.52,0.0
1787731056.366,2047,14.3,71559,10.9706,1.52,0.0
1787731056.380,2048,14.3,71474,10.9550,1.52,0.0
1787731056.394,2049,14.3,71657,10.9368,1.52,0.0
1787731056.409,2050,14.3,71859,10.9667,1.52,0.0
1787731056.423,2051,14.3,71601,10.9394,1.52,0.0
1787731056.438,2052,14.3,71594,10.9318,1.52,0.0
1787731056.452,2053,14.3,71653,10.9603,1.52,0.0
1787731056.466,2054,14.3,71599,10.9599,1.52,0.0
1787731056.481,2055,15.0,68293,10.9493,1.52,0.0
1787731056.496,2056,14.3,71629,10.9599,1.52,0.0
1787731056.510,2057,14.3,71717,10.9406,1.52,0.0
1787731056.525,2058,14.3,71665,10.9484,1.52,0.0
1787731056.539,2059,14.3,71511,10.9435,1.52,0.0
1787731056.554,2060,14.3,71817,10.9343,1.52,0.0
1787731056.568,2061,14.3,71664,10.9129,1.52,0.0
1787731056.582,2062,14.3,71674,10.9305,1.52,0.0
1787731056.597,2063,14.2,71885,10.9689,1.52,0.0
1787731056.611,2064,14.3,71805,10.9864,1.52,0.0
1787731056.626,2065,14.5,70386,10.9333,1.52,0.0
1787731056.640,2066,14.3,71781,10.9388,1.52,0.0
1787731056.654,2067,14.3,71772,10.9260,1.52,0.0
1787731056.669,2068,14.2,71887,10.9713,1.52,0.0
1787731056.683,2069,14.3,71694,10.9589,1.52,0.0
1787731056.698,2070,14.3,71635,10.9569,1.52,0.0
1787731056.712,2071,14.3,71751,10.9615,1.52,0.0
1787731056.726,2072,14.3,71828,10.9484,1.52,0.0
1787731056.741,2073,14.3,71721,10.9659,1.52,0.0
1787731056.755,2074,14.3,71843,10.9477,1.52,0.0
1787731056.770,2075,14.3,71402,10.9390,1.52,0.0
1787731056.784,2076,14.3,71657,10.9352,1.52,0.0
1787731056.798,2077,14.3,71712,10.9805,1.52,0.0
1787731056.813,2078,14.3,71690,10.9381,1.52,0.0
1787731057.414,2079,601.4,1703,10.9472,1.52,0.0
1787731058.027,2080,612.8,1671,10.9305,1.52,0.0
1787731058.083,2081,55.4,18474,10.9423,1.52,0.0
1787731058.121,2082,37.6,27220,10.9438,1.52,0.0
1787731058.136,2083,15.3,67003,10.9430,1.52,0.0
1787731058.152,2084,15.5,66121,10.9761,1.52,0.0
1787731058.167,2085,14.9,68740,10.9634,1.52,0.0
1787731058.182,2086,14.9,68705,10.9490,1.52,0.0
1787731058.198,2087,15.6,65736,10.9652,1.52,0.0
1787731058.213,2088,14.9,68840,10.9572,1.52,0.0
1787731058.228,2089,14.9,68788,10.9300,1.52,0.0
1787731058.243,2090,14.8,68971,10.9628,1.52,0.0
1787731058.258,2091,15.3,67138,10.9566,1.52,0.0
1787731058.273,2092,14.9,68714,10.9380,1.52,0.0
1787731058.289,2093,15.5,66099,10.9608,1.52,0.0
1787731058.304,2094,14.9,68591,10.9550,1.52,0.0
1787731058.319,2095,15.0,68272,10.9814,1.52,0.0
1787731058.336,2096,17.4,58690,10.9841,1.52,0.0
1787731058.355,2097,18.6,54952,10.9450,1.52,0.0
1787731058.373,2098,17.9,57159,10.9572,1.52,0.0
1787731058.391,2099,17.1,60054,10.9399,1.52,0.0
1787731058.409,2100,18.2,56207,10.9383,1.52,0.0
1787731058.428,2101,18.3,55979,10.9734,1.52,0.0
1787731058.447,2102,19.5,52483,10.9459,1.52,0.0
1787731058.466,2103,18.6,55065,10.9382,1.52,0.0
1787731058.484,2104,17.6,58217,10.9434,1.52,0.0
1787731058.503,2105,18.9,54153,10.9691,1.52,0.0
1787731058.521,2106,18.1,56492,10.9521,1.52,0.0
1787731058.540,2107,18.6,55151,10.9583,1.52,0.0
1787731058.558,2108,17.4,58807,10.9550,1.52,0.0
1787731058.576,2109,18.2,56144,10.9495,1.52,0.0
1787731059.767,2110,1190.2,860,10.9571,1.52,0.0
1787731059.795,2111,28.4,35995,10.9296,1.52,0.0
1787731059.830,2112,34.3,29827,10.9239,1.52,0.0
1787731059.863,2113,33.5,30594,10.9349,1.52,0.0
1787731059.893,2114,29.2,35040,10.9842,1.52,0.0
1787731059.909,2115,16.0,64139,10.9801,1.52,0.0
1787731059.924,2116,15.2,67465,10.9263,1.52,0.0
1787731059.940,2117,15.4,66453,10.9318,1.52,0.0
1787731059.956,2118,15.8,64734,10.9511,1.52,0.0
1787731059.971,2119,15.2,67282,10.9141,1.52,0.0
1787731059.986,2120,15.1,68036,10.9772,1.52,0.0
1787731060.002,2121,15.4,66512,10.9340,1.52,0.0
1787731060.017,2122,15.0,68146,10.9514,1.52,0.0
1787731060.032,2123,14.7,69502,10.9627,1.52,0.0
1787731060.047,2124,15.2,67225,10.9536,1.52,0.0
1787731060.062,2125,14.7,69528,10.9349,1.52,0.0
1787731060.077,2126,14.8,69383,10.9741,1.52,0.0
1787731060.092,2127,14.7,69585,10.9525,1.52,0.0
1787731060.107,2128,14.8,69407,10.9594,1.52,0.0
1787731060.122,2129,14.8,69264,10.9422,1.52,0.0
1787731060.136,2130,14.5,70842,10.9367,1.52,0.0
1787731060.151,2131,14.6,69940,10.9647,1.52,0.0
1787731060.166,2132,14.7,69527,10.9267,1.52,0.0
1787731060.181,2133,14.8,69409,10.9406,1.52,0.0
1787731060.196,2134,14.7,69447,10.9499,1.52,0.0
1787731060.211,2135,14.9,68777,10.9451,1.52,0.0
1787731060.226,2136,15.3,66816,10.9606,1.52,0.0
1787731060.241,2137,14.6,69948,10.9238,1.52,0.0
1787731060.256,2138,14.7,69599,10.9594,1.52,0.0
1787731060.271,2139,14.7,69604,10.9846,1.52,0.0
1787731060.286,2140,14.8,69159,10.9799,1.52,0.0
1787731060.301,2141,14.9,68667,10.9413,1.52,0.0
1787731060.316,2142,14.7,69484,10.9379,1.52,0.0
1787731060.330,2143,14.4,71194,10.9285,1.52,0.0
1787731060.345,2144,14.6,69986,10.9658,1.52,0.0
1787731060.360,2145,14.7,69498,10.9239,1.52,0.0
1787731060.375,2146,14.7,69478,10.9502,1.52,0.0
1787731060.389,2147,14.4,71242,10.9461,1.52,0.0
1787731060.404,2148,14.6,69985,10.9629,1.52,0.0
1787731060.419,2149,14.7,69582,10.9386,1.52,0.0
1787731060.434,2150,14.7,69585,10.9106,1.52,0.0
1787731060.448,2151,14.4,71059,10.9632,1.52,0.0
1787731060.463,2152,14.6,69973,10.9538,1.52,0.0
1787731060.478,2153,14.8,69318,10.9432,1.52,0.0
1787731060.493,2154,14.8,69344,10.9420,1.52,0.0
1787731060.508,2155,14.7,69675,10.9473,1.52,0.0
1787731060.522,2156,14.4,71175,10.9479,1.52,0.0
1787731060.537,2157,14.6,69938,10.9519,1.52,0.0
1787731060.552,2158,14.7,69571,10.9591,1.52,0.0
1787731060.567,2159,14.7,69544,10.9586,1.52,0.0
1787731060.582,2160,14.9,68848,10.9319,1.52,0.0
1787731060.597,2161,14.7,69613,10.9555,1.52,0.0
1787731060.611,2162,14.4,71111,10.9451,1.52,0.0
1787731060.626,2163,14.6,69955,10.9270,1.52,0.0
1787731060.641,2164,14.7,69485,10.9747,1.52,0.0
1787731060.656,2165,14.7,69519,10.9628,1.52,0.0
1787731060.670,2166,14.4,71110,10.9313,1.52,0.0
1787731060.685,2167,14.6,70064,10.9490,1.52,0.0
1787731060.700,2168,14.7,69479,10.9225,1.52,0.0
1787731060.715,2169,14.7,69569,10.9465,1.52,0.0
1787731060.729,2170,14.4,71255,10.9142,1.52,0.0
1787731060.744,2171,14.6,69948,10.9403,1.52,0.0
1787731060.759,2172,14.8,69273,10.9567,1.52,0.0
1787731060.773,2173,14.2,71903,10.9777,1.52,0.0
1787731060.788,2174,14.6,69991,10.9504,1.52,0.0
1787731060.804,2175,16.0,63970,10.9633,1.52,0.0
1787731060.818,2176,14.2,71869,10.9365,1.52,0.0
1787731060.834,2177,15.4,66528,10.9605,1.52,0.0
1787731060.849,2178,14.8,69393,10.9657,1.52,0.0
1787731060.864,2179,14.9,68696,10.9462,1.52,0.0
1787731060.879,2180,14.7,69494,10.9566,1.52,0.0
1787731060.894,2181,14.8,69412,10.9429,1.52,0.0
1787731060.908,2182,14.3,71421,10.9752,1.52,0.0
1787731060.923,2183,14.6,69963,10.9238,1.52,0.0
1787731060.938,2184,14.7,69675,10.9290,1.52,0.0
1787731060.953,2185,14.7,69508,10.9376,1.52,0.0
1787731060.967,2186,14.4,71337,10.9591,1.52,0.0
1787731060.982,2187,14.7,69728,10.9316,1.52,0.0
1787731060.997,2188,14.7,69439,10.9405,1.52,0.0
1787731061.012,2189,14.8,69381,10.9543,1.52,0.0
1787731061.027,2190,14.7,69527,10.9660,1.52,0.0
1787731061.042,2191,14.8,69206,10.9508,1.52,0.0
1787731061.056,2192,14.5,70781,10.9517,1.52,0.0
1787731061.071,2193,14.6,69948,10.9500,1.52,0.0
1787731061.086,2194,14.7,69434,10.9671,1.52,0.0
1787731061.101,2195,14.8,69418,10.9207,1.52,0.0
1787731061.116,2196,14.8,69423,10.9534,1.52,0.0
1787731061.709,2197,592.8,1728,10.9662,1.52,0.0
1787731061.728,2198,18.8,54347,10.9276,1.52,0.0
1787731061.747,2199,18.8,54600,10.9650,1.52,0.0
1787731061.766,2200,19.4,52704,10.9653,1.52,0.0
1787731061.785,2201,18.0,56919,10.9597,1.52,0.0
1787731061.803,2202,18.0,57009,10.9471,1.52,0.0
1787731061.820,2203,17.4,58830,10.9610,1.52,0.0
1787731061.838,2204,17.8,57558,10.9516,1.52,0.0
1787731061.856,2205,17.5,58613,10.9460,1.52,0.0
1787731061.874,2206,17.7,57887,10.9665,1.52,0.0
1787731061.892,2207,18.1,56537,10.9390,1.52,0.0
1787731061.910,2208,17.4,58874,10.9612,1.52,0.0
1787731061.927,2209,17.2,59435,10.9506,1.52,0.0
1787731061.945,2210,17.8,57492,10.9667,1.52,0.0
1787731061.963,2211,17.7,57771,10.9517,1.52,0.0
1787731063.131,2212,1167.8,877,10.9321,1.52,0.0
1787731064.015,2213,883.2,1159,10.9502,1.52,0.0
1787731064.033,2214,17.8,57513,10.9468,1.52,0.0
1787731064.052,2215,19.4,52746,10.9203,1.52,0.0
1787731064.071,2216,18.0,56794,10.9591,1.52,0.0
1787731064.088,2217,17.5,58659,10.9568,1.52,0.0
1787731064.289,2218,200.5,5108,10.9570,1.52,0.0
1787731064.313,2219,23.8,42944,10.9299,1.52,0.0
1787731064.946,2220,632.9,1618,10.9527,1.52,0.0
1787731064.985,2221,38.2,26795,10.9653,1.52,0.0
1787731065.029,2222,44.2,23177,10.9275,1.52,0.0
1787731065.053,2223,23.9,42912,10.9540,1.52,0.0
1787731065.068,2224,15.2,67519,10.9323,1.52,0.0
1787731065.667,2225,598.0,1712,10.9226,1.52,0.0
1787731066.277,2226,610.2,1678,10.9248,1.52,0.0
1787731066.330,2227,52.6,19453,10.9465,1.52,0.0
1787731066.372,2228,41.4,24708,10.9454,1.52,0.0
1787731066.387,2229,15.3,67083,10.9894,1.52,0.0
1787731066.402,2230,15.2,67317,10.9595,1.52,0.0
1787731066.418,2231,15.4,66328,10.9310,1.52,0.0
1787731066.433,2232,15.2,67280,10.9762,1.52,0.0
1787731066.448,2233,14.9,68559,10.9506,1.52,0.0
1787731066.464,2234,15.1,67592,10.9240,1.52,0.0
1787731066.479,2235,15.0,68365,10.9525,1.52,0.0
1787731066.494,2236,15.5,66124,10.9621,1.52,0.0
1787731066.510,2237,15.4,66403,10.9474,1.52,0.0
1787731066.525,2238,15.3,67091,10.9799,1.52,0.0
1787731066.541,2239,15.4,66402,10.9647,1.52,0.0
1787731066.556,2240,15.3,67114,10.9443,1.52,0.0
1787731066.572,2241,15.4,66402,10.9496,1.52,0.0
1787731066.587,2242,15.3,67131,10.9368,1.52,0.0
1787731066.602,2243,15.0,68099,10.9567,1.52,0.0
1787731066.618,2244,15.4,66419,10.9630,1.52,0.0
1787731066.633,2245,15.2,67342,10.9546,1.52,0.0
1787731066.648,2246,15.1,68001,10.9519,1.52,0.0
1787731066.664,2247,15.4,66375,10.9426,1.52,0.0
1787731066.679,2248,15.2,67524,10.9301,1.52,0.0
1787731066.695,2249,15.5,66254,10.9427,1.52,0.0
1787731066.710,2250,15.2,67285,10.9549,1.52,0.0
1787731066.725,2251,15.1,67996,10.9503,1.52,0.0
1787731066.741,2252,15.4,66529,10.9536,1.52,0.0
1787731066.756,2253,15.2,67415,10.9601,1.52,0.0
1787731066.772,2254,15.1,67817,10.9505,1.52,0.0
1787731066.787,2255,15.5,66046,10.9668,1.52,0.0
1787731066.802,2256,15.1,67694,10.9196,1.52,0.0
1787731066.818,2257,15.4,66458,10.9539,1.52,0.0
1787731066.833,2258,15.2,67214,10.9383,1.52,0.0
1787731066.848,2259,15.0,68127,10.9403,1.52,0.0
1787731066.864,2260,15.4,66358,10.9715,1.52,0.0
1787731066.879,2261,15.1,67660,10.9341,1.52,0.0
1787731066.895,2262,15.4,66413,10.9274,1.52,0.0
1787731066.910,2263,14.9,68555,10.9478,1.52,0.0
1787731066.925,2264,15.2,67416,10.9424,1.52,0.0
1787731066.941,2265,15.4,66432,10.9619,1.52,0.0
1787731066.956,2266,15.3,67103,10.9551,1.52,0.0
1787731066.971,2267,15.1,67771,10.9611,1.52,0.0
1787731066.987,2268,15.4,66499,10.9314,1.52,0.0
1787731067.002,2269,15.2,67535,10.9508,1.52,0.0
1787731067.018,2270,15.4,66463,10.9691,1.52,0.0
1787731067.033,2271,15.3,67145,10.9344,1.52,0.0
1787731067.048,2272,15.1,68018,10.9542,1.52,0.0
1787731067.064,2273,15.4,66392,10.9536,1.52,0.0
1787731067.079,2274,15.2,67254,10.9347,1.52,0.0
1787731067.095,2275,15.4,66369,10.9322,1.52,0.0
1787731067.110,2276,15.2,67275,10.9609,1.52,0.0
1787731067.125,2277,15.1,68019,10.9430,1.52,0.0
1787731067.141,2278,15.4,66479,10.9449,1.52,0.0
1787731067.156,2279,15.2,67418,10.9319,1.52,0.0
1787731067.172,2280,15.4,66600,10.9599,1.52,0.0
1787731067.187,2281,15.0,68324,10.9501,1.52,0.0
1787731067.202,2282,14.7,69624,10.9386,1.52,0.0
1787731067.217,2283,14.5,70479,10.9639,1.52,0.0
1787731067.231,2284,14.6,70128,10.9469,1.52,0.0
1787731067.246,2285,14.7,69618,10.9587,1.52,0.0
1787731067.261,2286,14.7,69483,10.9627,1.52,0.0
1787731067.276,2287,14.8,69361,10.9450,1.52,0.0
1787731067.291,2288,14.5,70541,10.9768,1.52,0.0
1787731067.305,2289,14.6,70341,10.9667,1.52,0.0
1787731067.320,2290,14.8,69423,10.9617,1.52,0.0
1787731067.335,2291,14.7,69464,10.9262,1.52,0.0
1787731067.351,2292,16.1,63673,10.9499,1.52,0.0
1787731067.367,2293,15.4,66683,10.9461,1.52,0.0
1787731067.382,2294,14.8,69360,10.9375,1.52,0.0
1787731067.396,2295,14.4,71063,10.9416,1.52,0.0
1787731067.411,2296,14.6,69957,10.9472,1.52,0.0
1787731067.426,2297,14.7,69448,10.9506,1.52,0.0
1787731067.441,2298,14.7,69448,10.9468,1.52,0.0
1787731067.455,2299,14.4,71301,10.9593,1.52,0.0
1787731067.470,2300,14.6,69937,10.9444,1.52,0.0
1787731067.485,2301,14.8,69382,10.9437,1.52,0.0
1787731067.500,2302,14.8,69373,10.9560,1.52,0.0
1787731067.515,2303,14.7,69574,10.9237,1.52,0.0
1787731067.529,2304,14.4,71122,10.9465,1.52,0.0
1787731067.544,2305,14.6,70091,10.9462,1.52,0.0
1787731067.559,2306,14.7,69541,10.9169,1.52,0.0
1787731067.574,2307,14.7,69514,10.9480,1.52,0.0
1787731067.589,2308,14.7,69473,10.9687,1.52,0.0
1787731067.603,2309,14.4,71038,10.9571,1.52,0.0
1787731067.618,2310,14.6,69995,10.9523,1.52,0.0
1787731067.633,2311,14.7,69586,10.9556,1.52,0.0
1787731067.648,2312,14.9,68852,10.9484,1.52,0.0
1787731067.663,2313,14.7,69668,10.9607,1.52,0.0
1787731067.677,2314,14.4,70902,10.9584,1.52,0.0
1787731067.692,2315,14.7,69589,10.9607,1.52,0.0
1787731067.707,2316,14.7,69635,10.9265,1.52,0.0
1787731067.722,2317,14.7,69465,10.9361,1.52,0.0
1787731067.737,2318,14.7,69494,10.9356,1.52,0.0
1787731067.751,2319,14.4,71152,10.9635,1.52,0.0
1787731067.766,2320,14.6,69986,10.9459,1.52,0.0
1787731067.781,2321,14.9,68837,10.9247,1.52,0.0
1787731067.796,2322,14.8,69342,10.9748,1.52,0.0
1787731067.811,2323,14.7,69565,10.9563,1.52,0.0
1787731067.826,2324,14.8,69260,10.9412,1.52,0.0
1787731067.841,2325,14.8,69409,10.9587,1.52,0.0
1787731067.855,2326,14.4,71135,10.9380,1.52,0.0
1787731067.870,2327,14.6,69941,10.9588,1.52,0.0
1787731067.885,2328,14.7,69587,10.9570,1.52,0.0
1787731067.900,2329,14.7,69494,10.9497,1.52,0.0
1787731067.914,2330,14.4,71295,10.9384,1.52,0.0
1787731067.929,2331,14.7,69512,10.9590,1.52,0.0
1787731067.944,2332,14.7,69569,10.9520,1.52,0.0
1787731067.959,2333,14.8,69419,10.9478,1.52,0.0
1787731067.974,2334,14.7,69567,10.9505,1.52,0.0
1787731067.988,2335,14.4,71024,10.9686,1.52,0.0
1787731068.003,2336,14.6,70010,10.9405,1.52,0.0
1787731068.018,2337,14.8,69240,10.9644,1.52,0.0
1787731068.033,2338,14.7,69533,10.9635,1.52,0.0
1787731068.047,2339,14.4,71326,10.9519,1.52,0.0
1787731068.062,2340,14.6,69968,10.9530,1.52,0.0
1787731068.077,2341,14.7,69480,10.9268,1.52,0.0
1787731068.092,2342,14.8,69420,10.9462,1.52,0.0
1787731068.107,2343,14.7,69592,10.9326,1.52,0.0
1787731068.121,2344,14.4,70994,10.9739,1.52,0.0
1787731068.136,2345,14.6,69928,10.9465,1.52,0.0
1787731068.151,2346,14.7,69490,10.9447,1.52,0.0
1787731068.166,2347,14.7,69538,10.9798,1.52,0.0
1787731068.181,2348,14.7,69456,10.9572,1.52,0.0
1787731068.195,2349,14.4,71016,10.9463,1.52,0.0
1787731068.210,2350,14.5,70826,10.9583,1.52,0.0
1787731068.225,2351,14.8,69342,10.9534,1.52,0.0
1787731068.240,2352,14.8,69290,10.9688,1.52,0.0
1787731068.255,2353,14.8,69237,10.9547,1.52,0.0
1787731068.269,2354,14.4,70943,10.9324,1.52,0.0
1787731068.284,2355,14.6,70035,10.9639,1.52,0.0
1787731068.299,2356,14.7,69492,10.9329,1.52,0.0
1787731068.314,2357,14.8,69392,10.9563,1.52,0.0
1787731068.329,2358,14.8,69256,10.9239,1.52,0.0
1787731068.344,2359,14.4,71158,10.9499,1.52,0.0
1787731068.359,2360,15.6,65848,10.9593,1.52,0.0
1787731068.374,2361,14.7,69613,10.9210,1.52,0.0
1787731068.389,2362,14.5,70764,10.9585,1.52,0.0
1787731068.403,2363,14.6,70215,10.9441,1.52,0.0
1787731068.418,2364,14.7,69802,10.9129,1.52,0.0
1787731068.433,2365,14.8,69298,10.9743,1.52,0.0
1787731068.448,2366,14.4,71280,10.9511,1.52,0.0
1787731068.462,2367,14.4,71052,10.9406,1.52,0.0
1787731068.477,2368,14.4,71072,10.9496,1.52,0.0
1787731068.491,2369,14.7,69657,10.9368,1.52,0.0
1787731068.506,2370,14.7,69742,10.9752,1.52,0.0
1787731068.521,2371,14.7,69550,10.9373,1.52,0.0
1787731068.536,2372,14.7,69609,10.9325,1.52,0.0
1787731068.550,2373,14.4,71288,10.9348,1.52,0.0
1787731069.156,2374,605.3,1692,10.9275,1.52,0.0
1787731069.776,2375,619.6,1653,10.9540,1.52,0.0
1787731069.831,2376,55.3,18529,10.9267,1.52,0.0
1787731069.861,2377,29.3,35000,10.9244,1.52,0.0
1787731069.875,2378,14.6,70294,10.9588,1.52,0.0
1787731069.890,2379,14.4,71150,10.9489,1.52,0.0
1787731069.904,2380,14.4,71237,10.9514,1.52,0.0
1787731069.919,2381,14.4,71353,10.9380,1.52,0.0
1787731069.933,2382,14.3,71584,10.9706,1.52,0.0
1787731069.948,2383,14.4,71176,10.9426,1.52,0.0
1787731069.962,2384,14.4,70965,10.9461,1.52,0.0
1787731069.977,2385,14.5,70539,10.9576,1.52,0.0
1787731069.991,2386,14.4,70921,10.9305,1.52,0.0
1787731070.006,2387,14.4,71028,10.9413,1.52,0.0
1787731070.021,2388,14.7,69437,10.9434,1.52,0.0
1787731070.036,2389,14.6,69972,10.9516,1.52,0.0
1787731070.646,2390,610.1,1678,10.9458,1.52,0.0
1787731070.697,2391,50.8,20146,10.9504,1.52,0.0
1787731070.742,2392,44.4,23046,10.9459,1.52,0.0
1787731070.757,2393,15.6,65788,10.9611,1.52,0.0
1787731070.773,2394,15.2,67221,10.9319,1.52,0.0
1787731070.788,2395,14.9,68548,10.9475,1.52,0.0
1787731070.803,2396,15.4,66576,10.9380,1.52,0.0
1787731070.819,2397,15.2,67377,10.9600,1.52,0.0
1787731070.834,2398,15.5,66095,10.9570,1.52,0.0
1787731070.850,2399,15.2,67468,10.9634,1.52,0.0
1787731070.865,2400,15.6,65815,10.9622,1.52,0.0
1787731070.881,2401,15.5,66140,10.9237,1.52,0.0
1787731070.896,2402,14.9,68783,10.9406,1.52,0.0
1787731070.912,2403,16.1,63660,10.9593,1.52,0.0
1787731071.526,2404,613.1,1670,10.9552,1.52,0.0
1787731071.576,2405,49.9,20503,10.9522,1.52,0.0
1787731071.620,2406,44.6,22947,10.9431,1.52,0.0
1787731071.636,2407,15.8,65003,10.9876,1.52,0.0
1787731071.652,2408,15.5,65998,10.9443,1.52,0.0
1787731071.668,2409,15.4,66633,10.9382,1.52,0.0
1787731071.683,2410,15.4,66455,10.9408,1.52,0.0
1787731071.698,2411,15.2,67426,10.9725,1.52,0.0
1787731071.714,2412,15.1,67773,10.9540,1.52,0.0
1787731071.729,2413,15.4,66362,10.9472,1.52,0.0
1787731071.745,2414,15.2,67455,10.9508,1.52,0.0
1787731071.760,2415,15.6,65844,10.9456,1.52,0.0
1787731071.775,2416,15.0,68353,10.9263,1.52,0.0
1787731071.791,2417,15.1,67646,10.9123,1.52,0.0
1787731071.806,2418,15.4,66507,10.9588,1.52,0.0
1787731071.821,2419,15.2,67304,10.9531,1.52,0.0
1787731071.837,2420,15.4,66565,10.9467,1.52,0.0
1787731071.852,2421,15.2,67249,10.9735,1.52,0.0
1787731071.868,2422,15.4,66431,10.9560,1.52,0.0
1787731071.883,2423,15.2,67200,10.9596,1.52,0.0
1787731071.899,2424,15.1,67883,10.9470,1.52,0.0
1787731071.914,2425,15.4,66545,10.9370,1.52,0.0
1787731071.930,2426,15.3,67080,10.9213,1.52,0.0
1787731071.945,2427,15.4,66536,10.9531,1.52,0.0
1787731071.960,2428,15.2,67302,10.9613,1.52,0.0
1787731071.976,2429,15.0,68090,10.9538,1.52,0.0
1787731071.991,2430,15.4,66479,10.9200,1.52,0.0
1787731072.006,2431,15.2,67398,10.9293,1.52,0.0
1787731072.022,2432,15.0,68103,10.9627,1.52,0.0
1787731072.037,2433,15.4,66433,10.9334,1.52,0.0
1787731072.052,2434,15.2,67445,10.9745,1.52,0.0
1787731072.068,2435,15.4,66466,10.9255,1.52,0.0
1787731072.083,2436,15.3,67135,10.9373,1.52,0.0
1787731072.099,2437,15.0,68088,10.9275,1.52,0.0
1787731072.114,2438,15.4,66595,10.9593,1.52,0.0
1787731072.129,2439,15.2,67429,10.9456,1.52,0.0
1787731072.145,2440,15.1,67902,10.9578,1.52,0.0
1787731072.160,2441,15.4,66394,10.9589,1.52,0.0
1787731072.176,2442,15.2,67329,10.9657,1.52,0.0
1787731072.191,2443,15.4,66527,10.9711,1.52,0.0
1787731072.206,2444,14.9,68540,10.9372,1.52,0.0
1787731072.222,2445,15.3,67092,10.9461,1.52,0.0
1787731072.237,2446,15.4,66439,10.9493,1.52,0.0
1787731072.252,2447,15.2,67308,10.9317,1.52,0.0
1787731072.268,2448,15.0,68081,10.9634,1.52,0.0
1787731072.283,2449,15.4,66489,10.9488,1.52,0.0
1787731072.298,2450,15.2,67429,10.9226,1.52,0.0
1787731072.314,2451,15.1,67802,10.9464,1.52,0.0
1787731072.329,2452,15.4,66517,10.9348,1.52,0.0
1787731072.345,2453,15.2,67267,10.9376,1.52,0.0
1787731072.360,2454,15.5,66272,10.9197,1.52,0.0
1787731072.375,2455,15.2,67465,10.9648,1.52,0.0
1787731072.391,2456,15.0,68237,10.9353,1.52,0.0
1787731072.406,2457,15.4,66478,10.9472,1.52,0.0
1787731072.421,2458,15.2,67451,10.9447,1.52,0.0
1787731072.437,2459,15.4,66546,10.9417,1.52,0.0
1787731072.452,2460,15.3,67105,10.9195,1.52,0.0
1787731072.468,2461,15.4,66503,10.9495,1.52,0.0
1787731072.483,2462,14.9,68553,10.9720,1.52,0.0
1787731072.498,2463,15.2,67233,10.9439,1.52,0.0
1787731072.514,2464,15.6,65758,10.9328,1.52,0.0
1787731072.529,2465,15.2,67520,10.9366,1.52,0.0
1787731072.545,2466,15.0,68213,10.9649,1.52,0.0
1787731072.560,2467,15.4,66564,10.9365,1.52,0.0
1787731072.575,2468,15.2,67359,10.9356,1.52,0.0
1787731072.591,2469,15.0,68110,10.9278,1.52,0.0
1787731072.606,2470,15.4,66562,10.9323,1.52,0.0
1787731072.621,2471,15.2,67369,10.9464,1.52,0.0
1787731072.637,2472,15.0,68130,10.9387,1.52,0.0
1787731072.652,2473,15.4,66520,10.9605,1.52,0.0
1787731072.668,2474,15.2,67323,10.9562,1.52,0.0
1787731072.683,2475,15.0,68112,10.9342,1.52,0.0
1787731072.698,2476,15.4,66492,10.9755,1.52,0.0
1787731072.713,2477,15.2,67477,10.9440,1.52,0.0
1787731072.729,2478,15.4,66471,10.9119,1.52,0.0
1787731072.744,2479,15.3,67099,10.9528,1.52,0.0
1787731072.760,2480,15.1,67976,10.9482,1.52,0.0
1787731072.775,2481,14.9,68533,10.9528,1.52,0.0
1787731072.790,2482,15.5,66221,10.9830,1.52,0.0
1787731072.806,2483,15.9,64315,10.9711,1.52,0.0
1787731072.822,2484,15.1,67777,10.9766,1.52,0.0
1787731072.837,2485,15.4,66480,10.9596,1.52,0.0
1787731072.852,2486,15.2,67203,10.9388,1.52,0.0
1787731072.868,2487,15.7,65222,10.9618,1.52,0.0
1787731072.884,2488,15.1,67807,10.9473,1.52,0.0
1787731072.899,2489,15.4,66624,10.9442,1.52,0.0
1787731072.914,2490,15.2,67304,10.9463,1.52,0.0
1787731072.930,2491,15.7,65310,10.9432,1.52,0.0
1787731072.946,2492,15.1,67708,10.9323,1.52,0.0
1787731072.961,2493,15.4,66486,10.9244,1.52,0.0
1787731072.976,2494,15.2,67326,10.9766,1.52,0.0
1787731072.992,2495,15.1,68013,10.9616,1.52,0.0
1787731073.007,2496,15.4,66637,10.9643,1.52,0.0
1787731073.022,2497,15.2,67403,10.9542,1.52,0.0
1787731073.038,2498,15.0,68150,10.9485,1.52,0.0
1787731073.053,2499,15.4,66478,10.9490,1.52,0.0
1787731073.068,2500,15.2,67422,10.9554,1.52,0.0
1787731073.084,2501,15.0,68147,10.9337,1.52,0.0
1787731073.099,2502,15.5,66130,10.9387,1.52,0.0
1787731073.115,2503,15.1,67662,10.9181,1.52,0.0
1787731073.130,2504,15.0,68260,10.9420,1.52,0.0
1787731073.145,2505,15.4,66393,10.9511,1.52,0.0
1787731073.161,2506,15.2,67284,10.9387,1.52,0.0
1787731073.176,2507,15.4,66624,10.9549,1.52,0.0
1787731073.191,2508,15.3,67087,10.9612,1.52,0.0
1787731073.207,2509,15.0,68096,10.9217,1.52,0.0
1787731073.222,2510,15.4,66461,10.9430,1.52,0.0
1787731073.237,2511,15.2,67479,10.9616,1.52,0.0
1787731073.253,2512,15.0,68074,10.9525,1.52,0.0
1787731073.268,2513,15.4,66590,10.9527,1.52,0.0
1787731073.283,2514,15.2,67456,10.9726,1.52,0.0
1787731073.299,2515,15.0,68051,10.9631,1.52,0.0
1787731073.314,2516,15.4,66623,10.9431,1.52,0.0
1787731073.329,2517,15.2,67484,10.9473,1.52,0.0
1787731073.345,2518,15.0,68135,10.9400,1.52,0.0
1787731073.360,2519,15.4,66471,10.9574,1.52,0.0
1787731073.376,2520,15.2,67424,10.9562,1.52,0.0
1787731073.391,2521,15.5,66013,10.9601,1.52,0.0
1787731073.407,2522,15.2,67472,10.9375,1.52,0.0
1787731073.422,2523,15.0,68049,10.9474,1.52,0.0
1787731073.437,2524,15.4,66559,10.9448,1.52,0.0
1787731073.453,2525,15.2,67444,10.9318,1.52,0.0
1787731073.468,2526,15.0,68050,10.9531,1.52,0.0
1787731073.483,2527,15.4,66436,10.9420,1.52,0.0
1787731073.499,2528,15.2,67401,10.9371,1.52,0.0
1787731073.514,2529,15.4,66610,10.9192,1.52,0.0
1787731073.529,2530,15.2,67299,10.9512,1.52,0.0
1787731073.545,2531,15.1,68007,10.9269,1.52,0.0
1787731073.560,2532,15.4,66499,10.9557,1.52,0.0
1787731073.576,2533,15.2,67443,10.9474,1.52,0.0
1787731073.591,2534,15.0,68157,10.9467,1.52,0.0
1787731073.606,2535,15.4,66558,10.9522,1.52,0.0
1787731073.622,2536,15.2,67423,10.9522,1.52,0.0
1787731073.637,2537,15.0,68114,10.9351,1.52,0.0
1787731073.652,2538,15.4,66568,10.9451,1.52,0.0
1787731073.667,2539,15.2,67446,10.9574,1.52,0.0
1787731073.683,2540,15.5,66072,10.9451,1.52,0.0
1787731073.699,2541,15.2,67452,10.9451,1.52,0.0
1787731073.714,2542,15.5,66018,10.9565,1.52,0.0
1787731073.730,2543,15.2,67379,10.9352,1.52,0.0
1787731073.745,2544,15.0,68056,10.9501,1.52,0.0
1787731073.760,2545,15.4,66507,10.9510,1.52,0.0
1787731073.776,2546,15.8,64750,10.9360,1.52,0.0
1787731073.792,2547,15.4,66527,10.9628,1.52,0.0
1787731073.807,2548,15.4,66421,10.9719,1.52,0.0
1787731073.823,2549,15.2,67470,10.9352,1.52,0.0
1787731073.838,2550,15.4,66599,10.9233,1.52,0.0
1787731073.853,2551,15.2,67180,10.9839,1.52,0.0
1787731073.869,2552,15.1,68001,10.9326,1.52,0.0
1787731073.884,2553,15.4,66606,10.9534,1.52,0.0
1787731073.900,2554,15.2,67488,10.9651,1.52,0.0
1787731073.915,2555,15.0,68066,10.9471,1.52,0.0
1787731073.930,2556,15.4,66580,10.9507,1.52,0.0
1787731073.946,2557,15.2,67265,10.9530,1.52,0.0
1787731073.961,2558,15.8,65000,10.9636,1.52,0.0
1787731073.977,2559,15.2,67540,10.9278,1.52,0.0
1787731074.582,2560,605.2,1692,10.9392,1.52,0.0
1787731075.194,2561,612.1,1673,10.9758,1.52,0.0
1787731075.249,2562,54.1,18939,10.9258,1.52,0.0
1787731075.288,2563,38.9,26316,10.9699,1.52,0.0
1787731075.304,2564,15.6,65540,10.9734,1.52,0.0
1787731075.319,2565,15.4,66304,10.9497,1.52,0.0
1787731075.334,2566,15.0,68310,10.9432,1.52,0.0
1787731075.350,2567,15.2,67568,10.9299,1.52,0.0
1787731075.365,2568,15.4,66472,10.9271,1.52,0.0
1787731075.381,2569,15.2,67414,10.9513,1.52,0.0
1787731075.396,2570,15.1,67992,10.9316,1.52,0.0
1787731075.411,2571,15.4,66477,10.9404,1.52,0.0
1787731075.427,2572,15.2,67341,10.9404,1.52,0.0
1787731075.443,2573,16.7,61332,10.9643,1.52,0.0
1787731075.459,2574,15.3,66745,10.9623,1.52,0.0
1787731075.474,2575,15.1,67748,10.9420,1.52,0.0
1787731075.490,2576,15.2,67179,10.9736,1.52,0.0
1787731075.505,2577,15.1,67941,10.9566,1.52,0.0
1787731075.520,2578,15.5,65927,10.9662,1.52,0.0
1787731075.536,2579,15.1,67603,10.9625,1.52,0.0
1787731075.551,2580,15.4,66567,10.9294,1.52,0.0
1787731075.567,2581,15.2,67294,10.9684,1.52,0.0
1787731075.582,2582,15.1,68000,10.9457,1.52,0.0
1787731075.597,2583,15.4,66499,10.9372,1.52,0.0
1787731075.613,2584,15.2,67431,10.9343,1.52,0.0
1787731075.628,2585,15.0,68123,10.9730,1.52,0.0
1787731075.643,2586,15.4,66569,10.9352,1.52,0.0
1787731075.659,2587,15.2,67405,10.9545,1.52,0.0
1787731075.674,2588,15.0,68128,10.9553,1.52,0.0
1787731075.689,2589,15.4,66603,10.9522,1.52,0.0
1787731075.705,2590,15.2,67349,10.9555,1.52,0.0
1787731075.720,2591,15.0,68068,10.9390,1.52,0.0
1787731075.735,2592,15.4,66502,10.9340,1.52,0.0
1787731075.751,2593,15.2,67452,10.9551,1.52,0.0
1787731075.766,2594,15.0,68063,10.9272,1.52,0.0
1787731075.781,2595,15.4,66363,10.9484,1.52,0.0
1787731075.797,2596,15.2,67448,10.9492,1.52,0.0
1787731075.812,2597,15.5,66058,10.9419,1.52,0.0
1787731075.828,2598,15.2,67204,10.9634,1.52,0.0
1787731075.843,2599,15.4,66508,10.9396,1.52,0.0
1787731075.859,2600,15.2,67234,10.9486,1.52,0.0
1787731075.874,2601,15.4,66455,10.9524,1.52,0.0
1787731075.890,2602,15.2,67157,10.9330,1.52,0.0
1787731075.905,2603,15.0,68111,10.9220,1.52,0.0
1787731075.920,2604,15.4,66557,10.9531,1.52,0.0
1787731075.936,2605,15.2,67424,10.9388,1.52,0.0
1787731075.951,2606,15.0,68060,10.9168,1.52,0.0
1787731075.966,2607,15.4,66396,10.9653,1.52,0.0
1787731075.982,2608,15.2,67491,10.9568,1.52,0.0
1787731075.997,2609,15.0,68051,10.9587,1.52,0.0
1787731076.012,2610,15.4,66521,10.9623,1.52,0.0
1787731076.028,2611,15.2,67315,10.9484,1.52,0.0
1787731076.043,2612,15.5,66122,10.9507,1.52,0.0
1787731076.059,2613,15.2,67369,10.9412,1.52,0.0
1787731076.074,2614,15.0,68091,10.9019,1.52,0.0
1787731076.089,2615,15.4,66551,10.9603,1.52,0.0
1787731076.105,2616,15.2,67264,10.9405,1.52,0.0
1787731076.120,2617,15.4,66476,10.9695,1.52,0.0
1787731076.136,2618,15.3,66934,10.9506,1.52,0.0
1787731076.151,2619,15.4,66427,10.9269,1.52,0.0
1787731076.167,2620,15.2,67173,10.9592,1.52,0.0
1787731076.182,2621,15.0,68108,10.9309,1.52,0.0
1787731076.197,2622,15.4,66493,10.9678,1.52,0.0
1787731076.213,2623,15.2,67263,10.9595,1.52,0.0
1787731076.228,2624,15.4,66372,10.9439,1.52,0.0
1787731076.244,2625,15.2,67218,10.9384,1.52,0.0
1787731076.259,2626,15.4,66527,10.9692,1.52,0.0
1787731076.275,2627,15.3,66936,10.9588,1.52,0.0
1787731076.290,2628,15.4,66422,10.9446,1.52,0.0
1787731076.306,2629,15.2,67154,10.9279,1.52,0.0
1787731076.321,2630,15.0,68060,10.9517,1.52,0.0
1787731076.336,2631,15.3,66947,10.9529,1.52,0.0
1787731076.352,2632,15.2,67228,10.9453,1.52,0.0
1787731076.367,2633,15.0,68067,10.9499,1.52,0.0
1787731076.382,2634,15.4,66574,10.9385,1.52,0.0
1787731076.398,2635,15.3,67043,10.9086,1.52,0.0
1787731076.413,2636,15.4,66571,10.9496,1.52,0.0
1787731076.429,2637,15.2,67279,10.9671,1.52,0.0
1787731076.444,2638,15.1,67805,10.9345,1.52,0.0
1787731076.459,2639,15.5,66040,10.9215,1.52,0.0
1787731076.474,2640,14.9,68716,10.9413,1.52,0.0
1787731076.490,2641,15.1,67707,10.9783,1.52,0.0
1787731076.505,2642,15.0,68208,10.9345,1.52,0.0
1787731076.520,2643,15.4,66464,10.9640,1.52,0.0
1787731076.536,2644,15.2,67514,10.9530,1.52,0.0
1787731076.551,2645,15.4,66467,10.9284,1.52,0.0
1787731076.567,2646,15.2,67312,10.9464,1.52,0.0
1787731076.582,2647,15.0,68438,10.9838,1.52,0.0
1787731076.597,2648,15.4,66562,10.9296,1.52,0.0
1787731076.613,2649,15.2,67164,10.9601,1.52,0.0
1787731076.628,2650,15.0,68075,10.9479,1.52,0.0
1787731076.643,2651,15.4,66512,10.9597,1.52,0.0
1787731076.659,2652,15.2,67352,10.9495,1.52,0.0
1787731076.674,2653,15.0,68089,10.9320,1.52,0.0
1787731076.689,2654,15.5,66114,10.9456,1.52,0.0
1787731076.705,2655,15.2,67526,10.9396,1.52,0.0
1787731076.720,2656,15.4,66503,10.9420,1.52,0.0
1787731076.736,2657,15.3,67119,10.9379,1.52,0.0
1787731076.751,2658,15.0,68075,10.9458,1.52,0.0
1787731076.766,2659,15.4,66479,10.9184,1.52,0.0
1787731076.782,2660,15.3,67142,10.9385,1.52,0.0
1787731076.797,2661,15.4,66379,10.9339,1.52,0.0
1787731076.813,2662,15.2,67194,10.9446,1.52,0.0
1787731076.828,2663,15.4,66489,10.9365,1.52,0.0
1787731076.844,2664,15.2,67220,10.9576,1.52,0.0
1787731076.859,2665,15.0,68104,10.9596,1.52,0.0
1787731076.874,2666,15.4,66451,10.9345,1.52,0.0
1787731076.890,2667,15.2,67454,10.9404,1.52,0.0
1787731076.905,2668,15.0,68096,10.9384,1.52,0.0
1787731076.920,2669,15.4,66586,10.9691,1.52,0.0
1787731076.936,2670,15.2,67393,10.9280,1.52,0.0
1787731076.951,2671,15.0,68093,10.9442,1.52,0.0
1787731076.966,2672,15.4,66593,10.9667,1.52,0.0
1787731076.982,2673,15.3,67114,10.9481,1.52,0.0
1787731076.997,2674,15.4,66485,10.9301,1.52,0.0
1787731077.013,2675,15.2,67292,10.9131,1.52,0.0
1787731077.028,2676,15.1,68001,10.9617,1.52,0.0
1787731077.043,2677,15.4,66525,10.9359,1.52,0.0
1787731077.059,2678,15.2,67354,10.9596,1.52,0.0
1787731077.074,2679,15.0,68164,10.9333,1.52,0.0
1787731077.089,2680,15.4,66660,10.9527,1.52,0.0
1787731077.105,2681,15.2,67351,10.9376,1.52,0.0
1787731077.120,2682,15.0,68115,10.9386,1.52,0.0
1787731077.135,2683,15.4,66530,10.9426,1.52,0.0
1787731077.151,2684,15.2,67369,10.9312,1.52,0.0
1787731077.166,2685,15.4,66515,10.9869,1.52,0.0
1787731077.182,2686,15.3,66931,10.9670,1.52,0.0
1787731077.197,2687,15.0,68053,10.9612,1.52,0.0
1787731077.212,2688,15.4,66382,10.9337,1.52,0.0
1787731077.228,2689,15.2,67492,10.9542,1.52,0.0
1787731077.243,2690,15.4,66473,10.9352,1.52,0.0
1787731077.259,2691,15.2,67176,10.9520,1.52,0.0
1787731077.274,2692,15.6,65719,10.9315,1.52,0.0
1787731077.290,2693,15.2,67426,10.9497,1.52,0.0
1787731077.305,2694,15.0,68043,10.9548,1.52,0.0
1787731077.320,2695,15.4,66614,10.9540,1.52,0.0
1787731077.335,2696,14.9,68791,10.9314,1.52,0.0
1787731077.351,2697,15.2,67360,10.9517,1.52,0.0
1787731077.366,2698,15.4,66473,10.9340,1.52,0.0
1787731077.382,2699,15.3,67145,10.9323,1.52,0.0
1787731077.397,2700,15.1,67964,10.9582,1.52,0.0
1787731077.412,2701,15.4,66376,10.9637,1.52,0.0
1787731077.428,2702,15.2,67542,10.9454,1.52,0.0
1787731078.028,2703,600.3,1706,10.9299,1.52,0.0
1787731078.688,2704,659.4,1553,10.9347,1.52,0.0
1787731078.742,2705,54.1,18917,10.9223,1.52,0.0
1787731078.782,2706,39.4,25979,10.9776,1.52,0.0
1787731078.798,2707,16.4,62380,10.9516,1.52,0.0
1787731078.814,2708,15.3,66786,10.9278,1.52,0.0
1787731078.829,2709,15.4,66293,10.9345,1.52,0.0
1787731078.845,2710,15.2,67287,10.9347,1.52,0.0
1787731078.860,2711,15.2,67219,10.9311,1.52,0.0
1787731078.875,2712,14.9,68566,10.9672,1.52,0.0
1787731078.891,2713,15.6,65691,10.9510,1.52,0.0
1787731078.906,2714,15.4,66480,10.9737,1.52,0.0
1787731078.922,2715,15.4,66587,10.9352,1.52,0.0
1787731078.938,2716,15.5,65940,10.9083,1.52,0.0
1787731078.953,2717,15.1,68004,10.9299,1.52,0.0
1787731078.968,2718,15.1,67816,10.9194,1.52,0.0
1787731078.984,2719,15.4,66497,10.9427,1.52,0.0
1787731078.999,2720,15.2,67454,10.9247,1.52,0.0
1787731079.015,2721,16.3,62975,10.9394,1.52,0.0
1787731079.033,2722,17.9,57195,10.9663,1.52,0.0
1787731079.051,2723,17.8,57406,10.9214,1.52,0.0
1787731079.070,2724,18.5,55354,10.9620,1.52,0.0
1787731079.088,2725,17.7,57956,10.9421,1.52,0.0
1787731079.105,2726,17.2,59655,10.9698,1.52,0.0
1787731079.125,2727,19.1,53486,10.9608,1.52,0.0
1787731079.143,2728,17.9,57052,10.9210,1.52,0.0
1787731079.161,2729,18.0,57022,10.9339,1.52,0.0
1787731079.179,2730,17.5,58558,10.9322,1.52,0.0
1787731079.199,2731,20.0,51293,10.9216,1.52,0.0
1787731079.218,2732,18.7,54888,10.9951,1.52,0.0
1787731079.236,2733,17.5,58352,10.9560,1.52,0.0
1787731079.253,2734,16.8,60898,10.9277,1.52,0.0
1787731079.855,2735,602.0,1701,10.9507,1.52,0.0
1787731080.449,2736,594.1,1724,10.9386,1.52,0.0
1787731080.481,2737,31.8,32181,10.9464,1.52,0.0
1787731080.515,2738,33.5,30528,10.9366,1.52,0.0
1787731080.549,2739,33.9,30232,10.9273,1.52,0.0
1787731080.573,2740,23.6,43434,10.9420,1.52,0.0
1787731080.588,2741,14.9,68580,10.9392,1.52,0.0
1787731080.604,2742,15.5,66039,10.9443,1.52,0.0
1787731080.619,2743,15.2,67287,10.9603,1.52,0.0
1787731080.634,2744,15.4,66580,10.9422,1.52,0.0
1787731080.650,2745,15.3,67080,10.9377,1.52,0.0
1787731080.665,2746,15.4,66484,10.9631,1.52,0.0
1787731080.681,2747,15.2,67372,10.9642,1.52,0.0
1787731080.696,2748,15.1,68036,10.9293,1.52,0.0
1787731080.712,2749,15.5,66007,10.9592,1.52,0.0
1787731080.727,2750,15.2,67571,10.9440,1.52,0.0
1787731080.742,2751,15.4,66472,10.9359,1.52,0.0
1787731080.758,2752,15.2,67153,10.9387,1.52,0.0
1787731080.773,2753,15.1,67991,10.9451,1.52,0.0
1787731080.788,2754,15.4,66312,10.9355,1.52,0.0
1787731080.804,2755,15.2,67195,10.9329,1.52,0.0
1787731080.819,2756,15.5,66082,10.9409,1.52,0.0
1787731080.835,2757,15.2,67531,10.9601,1.52,0.0
1787731080.850,2758,15.0,68127,10.9593,1.52,0.0
1787731080.865,2759,15.4,66456,10.9581,1.52,0.0
1787731080.881,2760,15.2,67457,10.9526,1.52,0.0
1787731080.896,2761,15.4,66598,10.9705,1.52,0.0
1787731080.912,2762,15.2,67168,10.9398,1.52,0.0
1787731080.927,2763,15.1,67982,10.9115,1.52,0.0
1787731080.942,2764,15.4,66541,10.9699,1.52,0.0
1787731081.549,2765,606.5,1688,10.9180,1.52,0.0
1787731082.167,2766,618.1,1657,10.9550,1.52,0.0
1787731082.224,2767,56.1,18257,10.9616,1.52,0.0
1787731082.254,2768,29.8,34316,10.9564,1.52,0.0
1787731082.269,2769,15.1,67793,10.9483,1.52,0.0
1787731082.284,2770,15.0,68422,10.9266,1.52,0.0
1787731082.299,2771,14.9,68707,10.9435,1.52,0.0
1787731082.315,2772,15.4,66509,10.9542,1.52,0.0
1787731082.331,2773,16.4,62515,10.9593,1.52,0.0
1787731082.348,2774,16.7,61490,10.9236,1.52,0.0
1787731082.364,2775,15.8,64705,10.9406,1.52,0.0
1787731082.380,2776,15.6,65503,10.9537,1.52,0.0
1787731082.395,2777,15.1,67785,10.9440,1.52,0.0
1787731082.411,2778,15.4,66558,10.9425,1.52,0.0
1787731082.426,2779,15.2,67554,10.9436,1.52,0.0
1787731082.441,2780,15.4,66461,10.9490,1.52,0.0
1787731082.457,2781,15.3,67113,10.9270,1.52,0.0
1787731082.472,2782,15.4,66390,10.9703,1.52,0.0
1787731082.488,2783,15.2,67222,10.9651,1.52,0.0
1787731082.503,2784,15.4,66488,10.9157,1.52,0.0
1787731082.519,2785,15.3,67109,10.9618,1.52,0.0
1787731082.534,2786,15.0,68070,10.9605,1.52,0.0
1787731082.550,2787,15.6,65775,10.9491,1.52,0.0
1787731082.565,2788,15.1,67692,10.9527,1.52,0.0
1787731082.580,2789,15.4,66493,10.9514,1.52,0.0
1787731082.596,2790,15.2,67150,10.9820,1.52,0.0
1787731082.611,2791,15.1,67858,10.9593,1.52,0.0
1787731082.627,2792,15.4,66547,10.9291,1.52,0.0
1787731082.642,2793,15.2,67522,10.9523,1.52,0.0
1787731082.657,2794,15.0,68068,10.9659,1.52,0.0
1787731082.672,2795,15.4,66609,10.9502,1.52,0.0
1787731082.688,2796,15.3,67120,10.9453,1.52,0.0
1787731082.704,2797,15.8,64708,10.9473,1.52,0.0
1787731082.719,2798,15.1,67996,10.9188,1.52,0.0
1787731082.734,2799,15.0,68237,10.9367,1.52,0.0
1787731082.750,2800,15.4,66547,10.9327,1.52,0.0
1787731082.765,2801,15.1,67672,10.9518,1.52,0.0
1787731082.780,2802,15.4,66507,10.9576,1.52,0.0
1787731082.796,2803,15.2,67252,10.9465,1.52,0.0
1787731082.811,2804,15.1,68005,10.9221,1.52,0.0
1787731083.352,2805,541.2,1892,10.9561,1.52,0.0
1787731083.384,2806,31.2,32775,10.9418,1.52,0.0
1787731083.403,2807,19.2,53353,10.9394,1.52,0.0
1787731083.421,2808,17.7,57770,10.9577,1.52,0.0
1787731083.439,2809,17.9,57138,10.9498,1.52,0.0
1787731083.460,2810,20.1,50967,10.9419,1.52,0.0
1787731083.480,2811,20.0,51112,10.9345,1.52,0.0
1787731083.500,2812,20.0,51324,10.9396,1.52,0.0
1787731083.520,2813,19.8,51653,10.9514,1.52,0.0
1787731083.540,2814,19.7,52041,10.9517,1.52,0.0
1787731083.560,2815,19.6,52192,10.9549,1.52,0.0
1787731083.579,2816,19.5,52475,10.9327,1.52,0.0
1787731083.599,2817,19.5,52494,10.9380,1.52,0.0
1787731083.873,2818,274.0,3738,10.9318,1.52,0.0
1787731083.908,2819,34.3,29879,10.9857,1.52,0.0
1787731083.940,2820,32.4,31565,10.9709,1.52,0.0
1787731083.973,2821,32.9,31148,10.9516,1.52,0.0
1787731084.007,2822,33.7,30365,10.9338,1.52,0.0
1787731084.041,2823,34.0,30078,10.9398,1.52,0.0
1787731084.075,2824,33.2,30801,10.9651,1.52,0.0
1787731084.108,2825,33.0,31005,10.9602,1.52,0.0
1787731084.141,2826,33.0,31038,10.9088,1.52,0.0
1787731084.175,2827,33.5,30558,10.9334,1.52,0.0
1787731084.208,2828,33.0,30992,10.9490,1.52,0.0
1787731084.242,2829,33.6,30445,10.9734,1.52,0.0
1787731084.276,2830,34.0,30141,10.9525,1.52,0.0
1787731084.309,2831,33.6,30442,10.9738,1.52,0.0
1787731084.344,2832,34.1,29988,10.9509,1.52,0.0
1787731084.377,2833,33.2,30886,10.9468,1.52,0.0
1787731084.410,2834,33.1,30920,10.9496,1.52,0.0
1787731084.444,2835,33.6,30513,10.9329,1.52,0.0
1787731084.477,2836,32.9,31160,10.9233,1.52,0.0
1787731084.511,2837,33.9,30176,10.9114,1.52,0.0
1787731084.545,2838,33.3,30715,10.9326,1.52,0.0
1787731084.579,2839,34.3,29812,10.9566,1.52,0.0
1787731084.613,2840,33.6,30507,10.9514,1.52,0.0
1787731084.646,2841,33.2,30824,10.9578,1.52,0.0
1787731084.680,2842,33.4,30686,10.9493,1.52,0.0
1787731084.714,2843,34.0,30095,10.9359,1.52,0.0
1787731084.748,2844,33.7,30389,10.9438,1.52,0.0
1787731084.782,2845,34.1,30046,10.9728,1.52,0.0
1787731084.816,2846,33.7,30354,10.9377,1.52,0.0
1787731084.849,2847,33.3,30706,10.9227,1.52,0.0
1787731084.882,2848,33.1,30903,10.9228,1.52,0.0
1787731084.916,2849,33.1,30905,10.9396,1.52,0.0
1787731084.950,2850,34.0,30127,10.9381,1.52,0.0
1787731084.983,2851,33.4,30649,10.9554,1.52,0.0
1787731085.017,2852,33.6,30441,10.9564,1.52,0.0
1787731085.051,2853,33.5,30590,10.9309,1.52,0.0
1787731085.085,2854,34.4,29729,10.9967,1.52,0.0
1787731085.119,2855,33.2,30803,10.9531,1.52,0.0
1787731085.152,2856,33.4,30686,10.9420,1.52,0.0
1787731085.186,2857,33.3,30719,10.9203,1.52,0.0
1787731085.220,2858,34.6,29638,10.9487,1.52,0.0
1787731085.254,2859,33.6,30495,10.9493,1.52,0.0
1787731085.288,2860,33.7,30379,10.9633,1.52,0.0
1787731085.323,2861,34.8,29384,10.9081,1.52,0.0
1787731085.356,2862,32.9,31103,10.9634,1.52,0.0
1787731085.390,2863,33.4,30691,10.9313,1.52,0.0
1787731085.423,2864,33.1,30950,10.9395,1.52,0.0
1787731085.457,2865,34.4,29787,10.9196,1.52,0.0
1787731085.490,2866,33.0,30999,10.9525,1.52,0.0
1787731085.524,2867,33.3,30756,10.9362,1.52,0.0
1787731085.557,2868,33.2,30835,10.9499,1.52,0.0
1787731085.591,2869,34.0,30131,10.9476,1.52,0.0
1787731085.624,2870,32.8,31212,10.9602,1.52,0.0
1787731085.667,2871,42.3,24220,10.9257,1.52,0.0
1787731085.703,2872,35.6,28787,10.9249,1.52,0.0
1787731085.741,2873,38.2,26809,10.9395,1.52,0.0
1787731085.773,2874,32.0,31971,10.9487,1.52,0.0
1787731085.789,2875,16.1,63648,10.9538,1.52,0.0
1787731085.805,2876,15.8,64706,10.9617,1.52,0.0
1787731085.821,2877,15.7,65093,10.9670,1.52,0.0
1787731085.837,2878,15.6,65720,10.9539,1.52,0.0
1787731085.853,2879,15.5,65865,10.9573,1.52,0.0
1787731085.868,2880,15.4,66363,10.9440,1.52,0.0
1787731085.884,2881,15.5,66096,10.9307,1.52,0.0
1787731086.441,2882,556.9,1839,10.9700,1.52,0.0
1787731086.490,2883,48.8,20993,10.9542,1.52,0.0
1787731086.510,2884,19.6,52281,10.9092,1.52,0.0
1787731086.528,2885,17.5,58595,10.9732,1.52,0.0
1787731086.544,2886,16.6,61541,10.9423,1.52,0.0
1787731086.564,2887,19.5,52408,10.9690,1.52,0.0
1787731086.583,2888,18.7,54783,10.9468,1.52,0.0
1787731086.603,2889,19.6,52361,10.9261,1.52,0.0
1787731086.621,2890,17.6,58025,10.9549,1.52,0.0
1787731086.638,2891,17.5,58525,10.9794,1.52,0.0
1787731086.656,2892,17.7,57716,10.9721,1.52,0.0
1787731086.674,2893,17.5,58405,10.9297,1.52,0.0
1787731086.692,2894,17.6,58274,10.9712,1.52,0.0
1787731086.710,2895,17.5,58431,10.9314,1.52,0.0
1787731086.728,2896,17.9,57099,10.9462,1.52,0.0
1787731087.056,2897,328.4,3118,10.9376,1.52,0.0
1787731087.093,2898,36.9,27744,10.9367,1.52,0.0
1787731087.131,2899,37.6,27244,10.9406,1.52,0.0
1787731087.168,2900,36.6,27963,10.9379,1.52,0.0
1787731087.205,2901,36.3,28248,10.9547,1.52,0.0
1787731087.242,2902,37.0,27693,10.9555,1.52,0.0
1787731087.277,2903,35.5,28885,10.9375,1.52,0.0
1787731087.314,2904,36.5,28045,10.9740,1.52,0.0
1787731087.350,2905,35.6,28735,10.9096,1.52,0.0
1787731087.388,2906,38.3,26760,10.9376,1.52,0.0
1787731087.421,2907,32.8,31215,10.9489,1.52,0.0
1787731087.438,2908,16.6,61619,10.9438,1.52,0.0
1787731087.457,2909,18.5,55372,10.9492,1.52,0.0
1787731087.475,2910,17.8,57491,10.9504,1.52,0.0
1787731087.494,2911,19.0,53766,10.9301,1.52,0.0
1787731087.512,2912,17.6,58034,10.9234,1.52,0.0
1787731087.531,2913,18.7,54808,10.9451,1.52,0.0
1787731087.549,2914,18.4,55733,10.9226,1.52,0.0
1787731087.567,2915,17.7,58003,10.9486,1.52,0.0
1787731087.585,2916,17.6,58145,10.9403,1.52,0.0
1787731087.603,2917,17.6,58261,10.9426,1.52,0.0
1787731087.621,2918,17.5,58459,10.9747,1.52,0.0
1787731087.638,2919,17.6,58223,10.9430,1.52,0.0
1787731087.656,2920,17.8,57405,10.9431,1.52,0.0
1787731087.732,2921,75.2,13624,10.9289,1.52,0.0
1787731087.751,2922,19.4,52808,10.9409,1.52,0.0
1787731087.770,2923,17.9,57171,10.9717,1.52,0.0
1787731087.790,2924,19.9,51566,10.9302,1.52,0.0
1787731087.810,2925,20.6,49690,10.9594,1.52,0.0
1787731087.831,2926,20.1,50993,10.9215,1.52,0.0
1787731087.851,2927,19.9,51495,10.9337,1.52,0.0
1787731087.871,2928,19.7,52000,10.9585,1.52,0.0
1787731087.891,2929,19.9,51487,10.9434,1.52,0.0
1787731087.911,2930,19.8,51767,10.9547,1.52,0.0
1787731087.931,2931,19.6,52169,10.9316,1.52,0.0
1787731087.951,2932,19.6,52234,10.9339,1.52,0.0
1787731087.971,2933,19.8,51660,10.9468,1.52,0.0
1787731087.991,2934,19.8,51807,10.9736,1.52,0.0
1787731088.011,2935,19.8,51825,10.9459,1.52,0.0
1787731088.030,2936,19.7,51862,10.9400,1.52,0.0
1787731088.050,2937,19.6,52331,10.9422,1.52,0.0
1787731088.070,2938,19.5,52614,10.9440,1.52,0.0
1787731088.090,2939,19.9,51583,10.9623,1.52,0.0
1787731088.110,2940,19.4,52700,10.9505,1.52,0.0
1787731088.129,2941,19.4,52871,10.9098,1.52,0.0
1787731088.149,2942,19.4,52663,10.9244,1.52,0.0
1787731088.169,2943,19.5,52439,10.9172,1.52,0.0
1787731088.188,2944,19.4,52688,10.9156,1.52,0.0
1787731088.208,2945,19.7,51974,10.9622,1.52,0.0
1787731088.228,2946,20.0,51285,10.9395,1.52,0.0
1787731088.252,2947,23.7,43272,10.9675,1.52,0.0
1787731088.290,2948,37.7,27138,10.9536,1.52,0.0
1787731088.322,2949,31.5,32501,10.9528,1.52,0.0
1787731088.341,2950,18.9,54279,10.9423,1.52,0.0
1787731088.366,2951,25.0,40975,10.9228,1.52,0.0
1787731088.388,2952,21.9,46747,10.9157,1.52,0.0
1787731088.410,2953,21.7,47118,10.9499,1.52,0.0
1787731088.432,2954,21.5,47681,10.9366,1.52,0.0
1787731088.454,2955,21.6,47457,10.9246,1.52,0.0
1787731088.476,2956,22.0,46509,10.9323,1.52,0.0
1787731088.846,2957,370.2,2766,10.9341,1.52,0.0
1787731088.883,2958,36.2,28283,10.9654,1.52,0.0
1787731088.914,2959,31.4,32580,10.9503,1.52,0.0
1787731088.947,2960,32.3,31669,10.9618,1.52,0.0
1787731088.978,2961,31.3,32706,10.9463,1.52,0.0
1787731089.010,2962,31.9,32137,10.9709,1.52,0.0
1787731089.041,2963,30.8,33197,10.9571,1.52,0.0
1787731089.073,2964,31.8,32194,10.9275,1.52,0.0
1787731089.105,2965,31.6,32384,10.9199,1.52,0.0
1787731089.137,2966,31.9,32100,10.9578,1.52,0.0
1787731089.167,2967,30.1,34001,10.9557,1.52,0.0
1787731089.199,2968,31.7,32346,10.9265,1.52,0.0
1787731089.230,2969,30.9,33164,10.9336,1.52,0.0
1787731089.317,2970,86.9,11785,10.9580,1.52,0.0
1787731089.337,2971,19.9,51489,10.9509,1.52,0.0
1787731089.361,2972,23.8,43073,10.9662,1.52,0.0
1787731089.385,2973,23.3,43998,10.9476,1.52,0.0
1787731089.408,2974,23.2,44215,10.9546,1.52,0.0
1787731089.629,2975,220.7,4639,10.9617,1.52,0.0
1787731089.664,2976,34.9,29328,10.9398,1.52,0.0
1787731089.698,2977,34.0,30082,10.9404,1.52,0.0
1787731089.731,2978,32.3,31734,10.9415,1.52,0.0
1787731089.766,2979,34.7,29473,10.9247,1.52,0.0
1787731089.800,2980,34.2,29900,10.9390,1.52,0.0
1787731089.833,2981,33.1,30931,10.9339,1.52,0.0
1787731089.868,2982,34.4,29745,10.9613,1.52,0.0
1787731089.901,2983,32.6,31426,10.9578,1.52,0.0
1787731089.935,2984,34.1,30004,10.9503,1.52,0.0
1787731089.970,2985,34.5,29724,10.9589,1.52,0.0
1787731090.003,2986,33.4,30614,10.9474,1.52,0.0
1787731090.038,2987,34.3,29817,10.9282,1.52,0.0
1787731090.071,2988,32.7,31304,10.9713,1.52,0.0
1787731090.105,2989,33.5,30591,10.9187,1.52,0.0
1787731090.137,2990,32.2,31786,10.9611,1.52,0.0
1787731090.169,2991,32.3,31719,10.9238,1.52,0.0
1787731090.201,2992,31.2,32832,10.9347,1.52,0.0
1787731090.234,2993,33.7,30425,10.9353,1.52,0.0
1787731090.268,2994,33.0,31031,10.9325,1.52,0.0
1787731090.301,2995,33.5,30572,10.9494,1.52,0.0
1787731090.334,2996,33.0,31051,10.9515,1.52,0.0
1787731090.367,2997,32.4,31557,10.9210,1.52,0.0
1787731090.401,2998,33.7,30356,10.9470,1.52,0.0
1787731090.433,2999,32.1,31892,10.9489,1.52,0.0
1787731090.469,3000,36.2,28319,10.9448,1.52,0.0
1787731090.502,3001,32.5,31522,10.9694,1.52,0.0
1787731090.535,3002,32.9,31078,10.9462,1.52,0.0
1787731090.568,3003,33.0,31003,10.9598,1.52,0.0
1787731090.602,3004,33.8,30271,10.9711,1.52,0.0
1787731090.636,3005,33.7,30357,10.9440,1.52,0.0
1787731090.668,3006,32.0,32022,10.9628,1.52,0.0
1787731090.701,3007,32.6,31449,10.9654,1.52,0.0
1787731090.733,3008,31.8,32250,10.9619,1.52,0.0
1787731090.766,3009,33.3,30706,10.9501,1.52,0.0
1787731090.801,3010,34.7,29535,10.9497,1.52,0.0
1787731090.835,3011,33.6,30467,10.9702,1.52,0.0
1787731090.869,3012,33.6,30482,10.9566,1.52,0.0
1787731090.901,3013,32.2,31846,10.9404,1.52,0.0
1787731090.933,3014,32.2,31755,10.9528,1.52,0.0
1787731090.966,3015,32.6,31375,10.9459,1.52,0.0
1787731091.000,3016,33.5,30555,10.9314,1.52,0.0
1787731091.033,3017,33.4,30677,10.9666,1.52,0.0
1787731091.066,3018,32.7,31318,10.9414,1.52,0.0
1787731091.099,3019,32.5,31493,10.9518,1.52,0.0
1787731091.133,3020,33.9,30180,10.9393,1.52,0.0
1787731091.165,3021,32.2,31784,10.9476,1.52,0.0
1787731091.199,3022,33.8,30262,10.9678,1.52,0.0
1787731091.233,3023,33.7,30357,10.9649,1.52,0.0
1787731091.435,3024,202.1,5066,10.9594,1.52,0.0
1787731091.471,3025,35.5,28876,10.9484,1.52,0.0
1787731091.937,3026,466.0,2197,10.9663,1.52,0.0
1787731091.971,3027,33.9,30199,10.9570,1.52,0.0
1787731092.004,3028,32.9,31104,10.9866,1.52,0.0
1787731092.037,3029,32.0,31953,10.9566,1.52,0.0
1787731092.070,3030,32.9,31124,10.9540,1.52,0.0
1787731092.101,3031,31.5,32554,10.9651,1.52,0.0
1787731092.144,3032,42.4,24154,10.9376,1.52,0.0
1787731092.179,3033,34.9,29307,10.9537,1.52,0.0
1787731092.214,3034,34.9,29328,10.9597,1.52,0.0
1787731092.248,3035,33.2,30809,10.9300,1.52,0.0
1787731092.283,3036,35.3,29013,10.9393,1.52,0.0
1787731092.318,3037,34.9,29308,10.9396,1.52,0.0
1787731092.351,3038,33.0,31073,10.9373,1.52,0.0
1787731092.386,3039,34.0,30158,10.9324,1.52,0.0
1787731092.418,3040,32.5,31476,10.9727,1.52,0.0
1787731092.696,3041,277.1,3695,10.9469,1.52,0.0
1787731092.716,3042,20.7,49482,10.9523,1.52,0.0
1787731092.737,3043,20.1,51021,10.9646,1.52,0.0
1787731092.757,3044,19.8,51757,10.9687,1.52,0.0
1787731092.777,3045,19.7,51875,10.9386,1.52,0.0
1787731092.795,3046,17.5,58418,10.9667,1.52,0.0
1787731092.812,3047,17.5,58602,10.9486,1.52,0.0
1787731092.830,3048,17.8,57502,10.9389,1.52,0.0
1787731092.848,3049,17.1,60055,10.9167,1.52,0.0
1787731092.866,3050,18.7,54688,10.9716,1.52,0.0
1787731092.887,3051,20.4,50304,10.9235,1.52,0.0
1787731092.907,3052,20.0,51100,10.9128,1.52,0.0
1787731092.928,3053,20.2,50629,10.9192,1.52,0.0
1787731092.948,3054,19.8,51772,10.9349,1.52,0.0
1787731092.968,3055,19.7,51998,10.9318,1.52,0.0
1787731092.987,3056,19.7,52031,10.9514,1.52,0.0
1787731093.007,3057,19.6,52208,10.9616,1.52,0.0
1787731093.237,3058,229.3,4466,10.9590,1.52,0.0
1787731093.273,3059,35.5,28822,10.9394,1.52,0.0
1787731093.304,3060,31.3,32696,10.9344,1.52,0.0
1787731093.337,3061,32.3,31720,10.9390,1.52,0.0
1787731093.369,3062,32.3,31706,10.9540,1.52,0.0
1787731093.401,3063,31.6,32439,10.9258,1.52,0.0
1787731093.699,3064,297.9,3438,10.9393,1.52,0.0
1787731093.733,3065,33.6,30515,10.9492,1.52,0.0
1787731093.765,3066,32.3,31721,10.9594,1.52,0.0
1787731093.798,3067,32.5,31485,10.9537,1.52,0.0
1787731093.829,3068,31.2,32788,10.9397,1.52,0.0
1787731093.862,3069,32.4,31609,10.9335,1.52,0.0
1787731093.892,3070,30.3,33809,10.9317,1.52,0.0
1787731093.925,3071,32.5,31526,10.9104,1.52,0.0
1787731093.954,3072,29.4,34837,10.9710,1.52,0.0
1787731093.985,3073,30.8,33287,10.9451,1.52,0.0
1787731094.015,3074,29.6,34579,10.9769,1.52,0.0
1787731094.046,3075,30.7,33379,10.9244,1.52,0.0
1787731094.076,3076,29.8,34351,10.9654,1.52,0.0
1787731094.106,3077,30.0,34098,10.9282,1.52,0.0
1787731094.136,3078,29.9,34264,10.9576,1.52,0.0
1787731094.165,3079,28.9,35388,10.9182,1.52,0.0
1787731094.195,3080,29.8,34343,10.9476,1.52,0.0
1787731094.224,3081,28.4,36039,10.9549,1.52,0.0
1787731094.254,3082,30.0,34155,10.9638,1.52,0.0
1787731094.282,3083,28.5,35966,10.9454,1.52,0.0
1787731094.312,3084,29.5,34731,10.9138,1.52,0.0
1787731094.340,3085,27.8,36769,10.9420,1.52,0.0
1787731094.370,3086,30.2,33863,10.9068,1.52,0.0
1787731094.399,3087,29.0,35288,10.9427,1.52,0.0
1787731094.429,3088,29.7,34497,10.9379,1.52,0.0
1787731094.458,3089,28.3,36145,10.9165,1.52,0.0
1787731094.488,3090,30.3,33747,10.9460,1.52,0.0
1787731094.518,3091,29.3,34937,10.9602,1.52,0.0
1787731094.549,3092,31.7,32314,10.9492,1.52,0.0
1787731094.748,3093,198.9,5149,10.9331,1.52,0.0
1787731094.782,3094,33.8,30313,10.9659,1.52,0.0
1787731094.813,3095,30.5,33596,10.9708,1.52,0.0
1787731094.844,3096,31.1,32903,10.9651,1.52,0.0
1787731094.874,3097,29.8,34309,10.9288,1.52,0.0
1787731094.905,3098,31.1,32956,10.9394,1.52,0.0
1787731094.937,3099,31.2,32836,10.9380,1.52,0.0
1787731094.968,3100,31.2,32803,10.9506,1.52,0.0
1787731094.998,3101,29.5,34716,10.9501,1.52,0.0
1787731095.029,3102,31.2,32844,10.9755,1.52,0.0
1787731095.059,3103,29.9,34264,10.9783,1.52,0.0
1787731095.090,3104,30.8,33212,10.9433,1.52,0.0
1787731095.120,3105,29.9,34192,10.9580,1.52,0.0
1787731095.151,3106,30.9,33156,10.9131,1.52,0.0
1787731095.182,3107,30.6,33461,10.9253,1.52,0.0
1787731095.213,3108,30.6,33515,10.9359,1.52,0.0
1787731095.243,3109,29.9,34254,10.9589,1.52,0.0
1787731095.274,3110,31.0,33074,10.9577,1.52,0.0
1787731095.304,3111,30.1,33990,10.9285,1.52,0.0
1787731095.334,3112,30.0,34137,10.9606,1.52,0.0
1787731095.365,3113,30.3,33842,10.9644,1.52,0.0
1787731095.396,3114,30.9,33138,10.9247,1.52,0.0
1787731095.425,3115,29.6,34561,10.9590,1.52,0.0
1787731095.455,3116,30.0,34125,10.9623,1.52,0.0
1787731095.487,3117,31.2,32863,10.9370,1.52,0.0
1787731095.517,3118,30.5,33558,10.9517,1.52,0.0
1787731095.548,3119,30.1,34027,10.9629,1.52,0.0
1787731095.579,3120,31.0,33062,10.9344,1.52,0.0
1787731095.612,3121,32.7,31341,10.9254,1.52,0.0
1787731095.646,3122,33.9,30187,10.9289,1.52,0.0
1787731095.676,3123,29.8,34387,10.9244,1.52,0.0
1787731095.710,3124,34.3,29872,10.9351,1.52,0.0
1787731095.741,3125,30.0,34085,10.9481,1.52,0.0
1787731095.770,3126,29.1,35163,10.9588,1.52,0.0
1787731095.800,3127,29.5,34686,10.9742,1.52,0.0
1787731095.829,3128,29.4,34817,10.9526,1.52,0.0
1787731096.122,3129,292.4,3503,10.9416,1.52,0.0
1787731096.153,3130,31.4,32615,10.9346,1.52,0.0
1787731096.185,3131,31.0,33023,10.9737,1.52,0.0
1787731096.215,3132,30.1,33976,10.9843,1.52,0.0
1787731096.245,3133,29.7,34421,10.9484,1.52,0.0
1787731096.275,3134,29.9,34285,10.9309,1.52,0.0
1787731096.305,3135,29.2,35091,10.9330,1.52,0.0
1787731096.335,3136,30.2,33917,10.9447,1.52,0.0
1787731096.365,3137,29.5,34709,10.9238,1.52,0.0
1787731096.394,3138,29.3,34938,10.9351,1.52,0.0
1787731096.434,3139,39.0,26267,10.9170,1.52,0.0
1787731096.471,3140,37.3,27427,10.9239,1.52,0.0
1787731096.507,3141,35.3,29008,10.9376,1.52,0.0
1787731096.542,3142,35.4,28915,10.9498,1.52,0.0
1787731096.579,3143,36.0,28462,10.9178,1.52,0.0
1787731096.614,3144,35.2,29107,10.9466,1.52,0.0
1787731096.650,3145,35.6,28800,10.9494,1.52,0.0
1787731096.684,3146,33.9,30182,10.9599,1.52,0.0
1787731096.714,3147,30.3,33832,10.9629,1.52,0.0
1787731096.734,3148,19.2,53208,10.9355,1.52,0.0
1787731096.752,3149,17.5,58413,10.9529,1.52,0.0
1787731096.770,3150,17.8,57475,10.9348,1.52,0.0
1787731096.789,3151,19.2,53450,10.9612,1.52,0.0
1787731096.810,3152,20.4,50090,10.9382,1.52,0.0
1787731096.830,3153,20.0,51174,10.9476,1.52,0.0
1787731096.850,3154,19.8,51673,10.9372,1.52,0.0
1787731096.870,3155,19.7,51901,10.9473,1.52,0.0
1787731096.890,3156,19.8,51816,10.9522,1.52,0.0
1787731096.910,3157,19.8,51710,10.9562,1.52,0.0
1787731096.930,3158,19.7,52082,10.9536,1.52,0.0
1787731097.031,3159,101.5,10091,10.9495,1.52,0.0
1787731097.052,3160,20.1,50950,10.9893,1.52,0.0
1787731097.072,3161,20.2,50741,10.9496,1.52,0.0
1787731097.092,3162,20.0,51078,10.9535,1.52,0.0
1787731097.114,3163,21.5,47557,10.9658,1.52,0.0
1787731097.134,3164,20.2,50719,10.9582,1.52,0.0
1787731097.154,3165,19.8,51820,10.9570,1.52,0.0
1787731097.174,3166,19.7,51911,10.9615,1.52,0.0
1787731097.195,3167,20.0,51118,10.9410,1.52,0.0
1787731097.620,3168,425.6,2406,10.9332,1.52,0.0
1787731097.655,3169,34.9,29321,10.9540,1.52,0.0
1787731097.684,3170,28.0,36619,10.9325,1.52,0.0
1787731097.711,3171,27.8,36895,10.9609,1.52,0.0
1787731097.740,3172,28.0,36534,10.9490,1.52,0.0
1787731097.767,3173,27.4,37311,10.9557,1.52,0.0
1787731097.795,3174,27.8,36789,10.9542,1.52,0.0
1787731097.822,3175,27.1,37799,10.9233,1.52,0.0
1787731097.851,3176,28.3,36132,10.9232,1.52,0.0
1787731097.878,3177,27.1,37721,10.9469,1.52,0.0
1787731097.906,3178,28.2,36338,10.9522,1.52,0.0
1787731097.934,3179,27.5,37172,10.9408,1.52,0.0
1787731097.962,3180,27.8,36880,10.9506,1.52,0.0
1787731097.990,3181,27.6,37041,10.9699,1.52,0.0
1787731098.017,3182,27.4,37425,10.9169,1.52,0.0
1787731098.045,3183,27.2,37616,10.9636,1.52,0.0
1787731098.073,3184,28.1,36463,10.9420,1.52,0.0
1787731098.100,3185,27.1,37780,10.9414,1.52,0.0
1787731098.129,3186,28.6,35787,10.9687,1.52,0.0
1787731098.157,3187,27.6,37141,10.9706,1.52,0.0
1787731098.185,3188,28.2,36253,10.9454,1.52,0.0
1787731098.212,3189,27.4,37391,10.9329,1.52,0.0
1787731098.241,3190,28.4,36095,10.9379,1.52,0.0
1787731098.269,3191,28.1,36398,10.9529,1.52,0.0
1787731098.298,3192,28.5,35972,10.9691,1.52,0.0
1787731098.324,3193,26.6,38566,10.9332,1.52,0.0
1787731098.352,3194,27.7,36986,10.9294,1.52,0.0
1787731098.379,3195,26.6,38504,10.9567,1.52,0.0
1787731098.407,3196,27.5,37285,10.9649,1.52,0.0
1787731098.434,3197,27.1,37743,10.9486,1.52,0.0
1787731098.461,3198,27.1,37765,10.9473,1.52,0.0
1787731098.489,3199,27.7,36974,10.9650,1.52,0.0
1787731098.516,3200,27.0,37993,10.9701,1.52,0.0
1787731098.544,3201,28.1,36453,10.9693,1.52,0.0
1787731098.571,3202,26.8,38213,10.9363,1.52,0.0
1787731098.599,3203,27.8,36776,10.9158,1.52,0.0
1787731098.626,3204,26.6,38448,10.9462,1.52,0.0
1787731098.654,3205,27.7,36991,10.9804,1.52,0.0
1787731098.681,3206,27.3,37477,10.9238,1.52,0.0
1787731098.709,3207,27.4,37390,10.9296,1.52,0.0
1787731098.735,3208,26.7,38328,10.9484,1.52,0.0
1787731098.763,3209,27.5,37276,10.9353,1.52,0.0
1787731098.790,3210,26.9,38099,10.9611,1.52,0.0
1787731098.818,3211,27.5,37187,10.9285,1.52,0.0
1787731098.844,3212,26.5,38602,10.9426,1.52,0.0
1787731098.872,3213,27.2,37600,10.9206,1.52,0.0
1787731098.899,3214,27.6,37112,10.9227,1.52,0.0
1787731098.927,3215,27.0,37990,10.9565,1.52,0.0
1787731098.955,3216,28.0,36561,10.9458,1.52,0.0
1787731098.982,3217,27.0,37908,10.9375,1.52,0.0
1787731099.010,3218,27.9,36643,10.9514,1.52,0.0
1787731099.037,3219,26.8,38177,10.9516,1.52,0.0
1787731099.065,3220,27.5,37202,10.9491,1.52,0.0
1787731099.091,3221,26.2,39041,10.9520,1.52,0.0
1787731099.119,3222,27.7,36991,10.9407,1.52,0.0
1787731099.146,3223,26.7,38356,10.9443,1.52,0.0
1787731099.173,3224,27.7,36909,10.9244,1.52,0.0
1787731099.201,3225,27.1,37836,10.9468,1.52,0.0
1787731099.229,3226,28.4,36062,10.9484,1.52,0.0
1787731099.256,3227,27.0,37900,10.9543,1.52,0.0
1787731099.284,3228,27.6,37053,10.9414,1.52,0.0
1787731099.311,3229,27.2,37618,10.9475,1.52,0.0
1787731099.347,3230,35.0,29289,10.9482,1.52,0.0
1787731099.384,3231,37.1,27599,10.9821,1.52,0.0
1787731099.420,3232,36.2,28257,10.9839,1.52,0.0
1787731099.456,3233,36.1,28401,10.9247,1.52,0.0
1787731099.494,3234,37.6,27218,10.9277,1.52,0.0
1787731099.532,3235,37.9,26984,10.9381,1.52,0.0
1787731099.570,3236,37.8,27084,10.9234,1.52,0.0
1787731099.607,3237,36.3,28213,10.9447,1.52,0.0
1787731099.643,3238,36.6,28014,10.9305,1.52,0.0
1787731099.681,3239,37.8,27117,10.9679,1.52,0.0
1787731099.719,3240,37.5,27273,10.9330,1.52,0.0
1787731099.757,3241,37.7,27158,10.9339,1.52,0.0
1787731099.793,3242,36.6,27956,10.9289,1.52,0.0
1787731099.831,3243,37.1,27585,10.9483,1.52,0.0
1787731099.869,3244,38.3,26767,10.9253,1.52,0.0
1787731099.898,3245,28.7,35676,10.9498,1.52,0.0
1787731099.913,3246,14.9,68516,10.9443,1.52,0.0
1787731099.928,3247,14.9,68646,10.9220,1.52,0.0
1787731099.943,3248,14.9,68509,10.9551,1.52,0.0
1787731099.958,3249,14.9,68656,10.9377,1.52,0.0
1787731099.973,3250,14.9,68724,10.9308,1.52,0.0
1787731099.988,3251,14.9,68604,10.9454,1.52,0.0
1787731100.003,3252,14.9,68606,10.9159,1.52,0.0
1787731100.018,3253,14.9,68776,10.9343,1.52,0.0
1787731100.033,3254,14.9,68846,10.9363,1.52,0.0
1787731100.048,3255,14.9,68684,10.9201,1.52,0.0
1787731100.063,3256,14.9,68613,10.9316,1.52,0.0
1787731100.078,3257,14.9,68611,10.9573,1.52,0.0
1787731100.093,3258,14.9,68640,10.9294,1.52,0.0
1787731100.108,3259,14.9,68723,10.9295,1.52,0.0
1787731100.123,3260,14.9,68674,10.9496,1.52,0.0
1787731100.138,3261,14.9,68621,10.9681,1.52,0.0
1787731100.153,3262,15.0,68355,10.9544,1.52,0.0
1787731100.168,3263,14.9,68776,10.9428,1.52,0.0
1787731100.183,3264,14.9,68679,10.9470,1.52,0.0
1787731100.198,3265,14.9,68738,10.9698,1.52,0.0
1787731100.214,3266,15.3,66874,10.9640,1.52,0.0
1787731100.229,3267,14.9,68512,10.9373,1.52,0.0
1787731100.244,3268,14.9,68566,10.9454,1.52,0.0
1787731100.259,3269,14.9,68744,10.9370,1.52,0.0
1787731100.274,3270,14.9,68715,10.9449,1.52,0.0
1787731100.289,3271,14.9,68626,10.9235,1.52,0.0
1787731100.304,3272,14.9,68680,10.9617,1.52,0.0
1787731100.319,3273,14.9,68636,10.9284,1.52,0.0
1787731100.334,3274,14.9,68800,10.9640,1.52,0.0
1787731100.349,3275,15.0,68218,10.9462,1.52,0.0
1787731100.364,3276,14.9,68626,10.9459,1.52,0.0
1787731100.379,3277,14.9,68652,10.9395,1.52,0.0
1787731100.394,3278,14.9,68800,10.9607,1.52,0.0
1787731100.409,3279,14.9,68629,10.9763,1.52,0.0
1787731100.424,3280,14.9,68707,10.9501,1.52,0.0
1787731100.439,3281,15.1,67964,10.9760,1.52,0.0
1787731100.455,3282,15.8,64872,10.9689,1.52,0.0
1787731100.471,3283,15.1,67947,10.9386,1.52,0.0
1787731100.486,3284,15.3,67129,10.9506,1.52,0.0
1787731100.501,3285,15.0,68488,10.9508,1.52,0.0
1787731100.516,3286,14.9,68813,10.9542,1.52,0.0
1787731100.531,3287,14.9,68636,10.9331,1.52,0.0
1787731100.546,3288,15.0,68223,10.9600,1.52,0.0
1787731100.561,3289,14.9,68767,10.9510,1.52,0.0
1787731100.576,3290,14.9,68837,10.9571,1.52,0.0
1787731100.591,3291,14.9,68735,10.9580,1.52,0.0
1787731100.606,3292,14.9,68650,10.9522,1.52,0.0
1787731100.621,3293,14.9,68676,10.9669,1.52,0.0
1787731100.636,3294,14.9,68792,10.9460,1.52,0.0
1787731100.651,3295,14.9,68568,10.9451,1.52,0.0
1787731100.666,3296,14.9,68746,10.9695,1.52,0.0
1787731100.681,3297,14.9,68676,10.9736,1.52,0.0
1787731100.696,3298,14.9,68667,10.9591,1.52,0.0
1787731100.711,3299,14.9,68700,10.9202,1.52,0.0
1787731100.727,3300,15.8,64669,10.9071,1.52,0.0
1787731100.742,3301,14.9,68847,10.9451,1.52,0.0
1787731100.757,3302,14.9,68722,10.9268,1.52,0.0
1787731100.772,3303,14.9,68605,10.9425,1.52,0.0
1787731100.787,3304,15.0,68485,10.9524,1.52,0.0
1787731100.802,3305,14.9,68536,10.9351,1.52,0.0
1787731100.817,3306,14.9,68670,10.9556,1.52,0.0
1787731100.832,3307,14.9,68627,10.9462,1.52,0.0
1787731100.847,3308,14.9,68559,10.9581,1.52,0.0
1787731100.863,3309,14.9,68628,10.9409,1.52,0.0
1787731100.878,3310,14.9,68852,10.9438,1.52,0.0
1787731100.893,3311,14.9,68684,10.9479,1.52,0.0
1787731100.908,3312,14.9,68755,10.9525,1.52,0.0
1787731100.923,3313,14.9,68756,10.9381,1.52,0.0
1787731100.938,3314,14.9,68738,10.9389,1.52,0.0
1787731100.953,3315,14.9,68620,10.9305,1.52,0.0
1787731100.968,3316,14.9,68777,10.9375,1.52,0.0
1787731100.983,3317,14.9,68691,10.9456,1.52,0.0
1787731100.998,3318,14.9,68768,10.9516,1.52,0.0
1787731101.013,3319,15.0,68238,10.9475,1.52,0.0
1787731101.028,3320,14.9,68674,10.9257,1.52,0.0
1787731101.043,3321,14.9,68640,10.9683,1.52,0.0
1787731101.058,3322,14.9,68737,10.9355,1.52,0.0
1787731101.073,3323,14.9,68632,10.9486,1.52,0.0
1787731101.088,3324,14.9,68645,10.9443,1.52,0.0
1787731101.103,3325,14.9,68676,10.9431,1.52,0.0
1787731101.118,3326,14.9,68779,10.9558,1.52,0.0
1787731101.133,3327,14.9,68702,10.9804,1.52,0.0
1787731101.148,3328,14.9,68701,10.9414,1.52,0.0
1787731101.163,3329,14.9,68681,10.9864,1.52,0.0
1787731101.178,3330,14.9,68758,10.9581,1.52,0.0
1787731101.193,3331,14.9,68719,10.9662,1.52,0.0
1787731101.208,3332,15.2,67375,10.9512,1.52,0.0
1787731101.223,3333,14.9,68721,10.9489,1.52,0.0
1787731101.238,3334,14.9,68752,10.9194,1.52,0.0
1787731101.253,3335,14.9,68546,10.9575,1.52,0.0
1787731101.268,3336,14.9,68727,10.9362,1.52,0.0
1787731101.283,3337,14.9,68763,10.9186,1.52,0.0
1787731101.298,3338,15.0,68284,10.9689,1.52,0.0
1787731101.316,3339,17.3,59189,10.9309,1.52,0.0
1787731101.331,3340,14.9,68610,10.9374,1.52,0.0
1787731101.440,3341,109.3,9370,10.9330,1.52,0.0
1787731101.463,3342,22.3,45854,10.9263,1.52,0.0
1787731101.485,3343,21.9,46672,10.9413,1.52,0.0
1787731101.682,3344,196.8,5204,10.9258,1.52,0.0
1787731101.712,3345,30.0,34134,10.9662,1.52,0.0
1787731101.747,3346,34.9,29342,10.9266,1.52,0.0
1787731101.781,3347,33.8,30287,10.9404,1.52,0.0
1787731101.815,3348,33.9,30224,10.9222,1.52,0.0
1787731101.850,3349,34.3,29842,10.9544,1.52,0.0
1787731101.883,3350,33.6,30473,10.9255,1.52,0.0
1787731101.917,3351,33.0,31030,10.9528,1.52,0.0
1787731101.950,3352,32.9,31118,10.9575,1.52,0.0
1787731101.984,3353,34.0,30149,10.9392,1.52,0.0
1787731102.017,3354,33.1,30960,10.9408,1.52,0.0
1787731102.051,3355,33.4,30635,10.9458,1.52,0.0
1787731102.084,3356,33.0,30990,10.9743,1.52,0.0
1787731102.118,3357,34.5,29697,10.9700,1.52,0.0
1787731102.152,3358,33.5,30587,10.9335,1.52,0.0
1787731102.185,3359,33.3,30709,10.9499,1.52,0.0
1787731102.219,3360,33.9,30179,10.9198,1.52,0.0
1787731102.252,3361,32.4,31631,10.9405,1.52,0.0
1787731102.285,3362,33.1,30933,10.9366,1.52,0.0
1787731102.318,3363,32.5,31536,10.9462,1.52,0.0
1787731102.351,3364,33.5,30611,10.9357,1.52,0.0
1787731102.386,3365,34.3,29835,10.9254,1.52,0.0
1787731102.419,3366,33.2,30864,10.9447,1.52,0.0
1787731102.452,3367,32.9,31082,10.9555,1.52,0.0
1787731102.485,3368,32.8,31192,10.9307,1.52,0.0
1787731102.520,3369,34.6,29599,10.9714,1.52,0.0
1787731102.553,3370,32.9,31157,10.9303,1.52,0.0
1787731102.587,3371,33.8,30289,10.9508,1.52,0.0
1787731102.622,3372,34.5,29685,10.9297,1.52,0.0
1787731102.655,3373,33.6,30474,10.9381,1.52,0.0
1787731102.690,3374,34.7,29485,10.9362,1.52,0.0
1787731102.887,3375,196.3,5217,10.9507,1.52,0.0
1787731102.919,3376,32.2,31840,10.9141,1.52,0.0
1787731102.953,3377,34.4,29749,10.9248,1.52,0.0
1787731102.988,3378,34.4,29770,10.9396,1.52,0.0
1787731103.022,3379,34.0,30118,10.9299,1.52,0.0
1787731103.057,3380,35.0,29286,10.9267,1.52,0.0
1787731103.092,3381,34.5,29661,10.9061,1.52,0.0
1787731103.127,3382,34.5,29669,10.9215,1.52,0.0
1787731103.161,3383,34.7,29514,10.9397,1.52,0.0
1787731103.197,3384,35.4,28909,10.9435,1.52,0.0
1787731103.232,3385,34.5,29664,10.9492,1.52,0.0
1787731103.266,3386,34.3,29861,10.9647,1.52,0.0
1787731103.302,3387,35.7,28705,10.9559,1.52,0.0
1787731103.336,3388,34.4,29746,10.9364,1.52,0.0
1787731103.371,3389,34.6,29564,10.9630,1.52,0.0
1787731103.405,3390,33.9,30166,10.9393,1.52,0.0
1787731103.440,3391,34.6,29619,10.9430,1.52,0.0
1787731103.474,3392,34.5,29696,10.9439,1.52,0.0
1787731103.509,3393,34.5,29658,10.9595,1.52,0.0
1787731103.545,3394,35.9,28519,10.9209,1.52,0.0
1787731103.580,3395,34.9,29308,10.9553,1.52,0.0
1787731103.615,3396,34.3,29821,10.9601,1.52,0.0
1787731103.661,3397,45.8,22339,10.9436,1.52,0.0
1787731103.699,3398,38.2,26774,10.9389,1.52,0.0
1787731103.737,3399,37.6,27255,10.9391,1.52,0.0
1787731103.774,3400,36.8,27838,10.9494,1.52,0.0
1787731103.828,3401,53.7,19066,10.9732,1.52,0.0
1787731103.881,3402,52.8,19395,10.9523,1.52,0.0
1787731103.936,3403,54.5,18805,10.9555,1.52,0.0
1787731103.988,3404,52.5,19503,10.9561,1.52,0.0
1787731104.041,3405,52.6,19462,10.9406,1.52,0.0
1787731104.095,3406,53.4,19161,10.9370,1.52,0.0
1787731104.149,3407,53.6,19090,10.9640,1.52,0.0
1787731104.178,3408,29.3,35008,10.9567,1.52,0.0
1787731104.198,3409,19.5,52503,10.9486,1.52,0.0
1787731104.217,3410,18.5,55415,10.9583,1.52,0.0
1787731104.237,3411,20.2,50693,10.9345,1.52,0.0
1787731104.257,3412,19.8,51689,10.9293,1.52,0.0
1787731104.277,3413,19.5,52452,10.9273,1.52,0.0
1787731104.297,3414,19.6,52304,10.9239,1.52,0.0
1787731104.315,3415,17.9,57081,10.9440,1.52,0.0
1787731104.333,3416,17.7,57811,10.9390,1.52,0.0
1787731104.351,3417,17.8,57378,10.9351,1.52,0.0
1787731104.369,3418,17.7,57896,10.9778,1.52,0.0
1787731104.386,3419,17.7,57917,10.9498,1.52,0.0
1787731104.404,3420,17.6,58025,10.9418,1.52,0.0
1787731104.674,3421,269.4,3800,10.9646,1.52,0.0
1787731104.712,3422,37.7,27162,10.9564,1.52,0.0
1787731104.752,3423,40.4,25354,10.9399,1.52,0.0
1787731104.773,3424,20.1,51070,10.9371,1.52,0.0
1787731104.793,3425,20.2,50679,10.9633,1.52,0.0
1787731104.815,3426,21.4,47834,10.9227,1.52,0.0
1787731104.835,3427,20.4,50289,10.9238,1.52,0.0
1787731104.855,3428,19.7,51988,10.9469,1.52,0.0
1787731104.875,3429,19.5,52465,10.9219,1.52,0.0
1787731104.894,3430,19.4,52906,10.9602,1.52,0.0
1787731105.099,3431,204.8,5000,10.9703,1.52,0.0
1787731105.128,3432,28.3,36176,10.9804,1.52,0.0
1787731105.155,3433,27.4,37427,10.9564,1.52,0.0
1787731105.183,3434,27.4,37368,10.9498,1.52,0.0
1787731105.210,3435,26.7,38327,10.9666,1.52,0.0
1787731105.237,3436,27.7,37022,10.9600,1.52,0.0
1787731105.265,3437,26.9,38001,10.9478,1.52,0.0
1787731105.292,3438,27.7,37016,10.9654,1.52,0.0
1787731105.320,3439,27.2,37690,10.9371,1.52,0.0
1787731105.348,3440,28.0,36601,10.9469,1.52,0.0
1787731105.374,3441,26.6,38502,10.9466,1.52,0.0
1787731105.402,3442,27.3,37518,10.9459,1.52,0.0
1787731105.597,3443,194.8,5256,10.9401,1.52,0.0
1787731105.628,3444,30.6,33499,10.9481,1.52,0.0
1787731105.655,3445,27.4,37397,10.9360,1.52,0.0
1787731105.684,3446,28.3,36128,10.9292,1.52,0.0
1787731105.711,3447,27.7,37011,10.9520,1.52,0.0
1787731105.740,3448,28.0,36559,10.9491,1.52,0.0
1787731105.767,3449,26.8,38146,10.9511,1.52,0.0
1787731105.794,3450,27.4,37429,10.9592,1.52,0.0
1787731105.822,3451,27.6,37152,10.9319,1.52,0.0
1787731105.850,3452,27.8,36827,10.9668,1.52,0.0
1787731105.877,3453,27.4,37426,10.9393,1.52,0.0
1787731105.905,3454,28.0,36597,10.9440,1.52,0.0
1787731105.933,3455,27.1,37809,10.9682,1.52,0.0
1787731105.960,3456,27.6,37133,10.9603,1.52,0.0
1787731106.001,3457,40.2,25484,10.9689,1.52,0.0
1787731106.031,3458,29.7,34533,10.9511,1.52,0.0
1787731106.060,3459,29.0,35268,10.9602,1.52,0.0
1787731106.090,3460,30.4,33681,10.9244,1.52,0.0
1787731106.120,3461,29.6,34561,10.9304,1.52,0.0
1787731106.149,3462,28.7,35622,10.9131,1.52,0.0
1787731106.179,3463,29.7,34466,10.9564,1.52,0.0
1787731106.208,3464,28.3,36237,10.9630,1.52,0.0
1787731106.237,3465,28.7,35700,10.9519,1.52,0.0
1787731106.284,3466,47.5,21539,10.9323,1.52,0.0
1787731106.304,3467,19.2,53235,10.9295,1.52,0.0
1787731106.325,3468,21.0,48725,10.9248,1.52,0.0
1787731106.344,3469,18.5,55392,10.9472,1.52,0.0
1787731106.363,3470,18.8,54332,10.9478,1.52,0.0
1787731106.384,3471,20.5,49831,10.9448,1.52,0.0
1787731106.402,3472,18.0,56783,10.9398,1.52,0.0
1787731106.420,3473,17.6,58299,10.9501,1.52,0.0
1787731106.437,3474,17.6,58042,10.9597,1.52,0.0
1787731106.455,3475,17.6,58096,10.9522,1.52,0.0
1787731106.473,3476,17.6,58178,10.9611,1.52,0.0
1787731106.491,3477,17.8,57662,10.9851,1.52,0.0
1787731106.509,3478,17.6,58211,10.9538,1.52,0.0
1787731106.526,3479,17.6,58255,10.9238,1.52,0.0
1787731106.544,3480,17.6,58345,10.9454,1.52,0.0
1787731106.779,3481,234.6,4365,10.9456,1.52,0.0
1787731106.810,3482,30.7,33399,10.9722,1.52,0.0
1787731106.839,3483,28.6,35773,10.9672,1.52,0.0
1787731106.869,3484,29.7,34518,10.9703,1.52,0.0
1787731106.897,3485,28.6,35843,10.9287,1.52,0.0
1787731107.163,3486,265.9,3851,10.9340,1.52,0.0
1787731107.194,3487,30.1,33973,10.9346,1.52,0.0
1787731107.223,3488,29.2,35018,10.9486,1.52,0.0
1787731107.252,3489,29.0,35252,10.9337,1.52,0.0
1787731107.282,3490,29.9,34264,10.9273,1.52,0.0
1787731107.312,3491,29.2,35044,10.9432,1.52,0.0
1787731107.341,3492,29.3,34941,10.9546,1.52,0.0
1787731107.369,3493,28.1,36471,10.9336,1.52,0.0
1787731107.399,3494,29.7,34470,10.9540,1.52,0.0
1787731107.428,3495,28.5,35990,10.9290,1.52,0.0
1787731107.457,3496,29.5,34691,10.9574,1.52,0.0
1787731107.487,3497,29.3,34992,10.9421,1.52,0.0
1787731107.516,3498,29.3,34914,10.9520,1.52,0.0
1787731107.545,3499,28.6,35798,10.9473,1.52,0.0
1787731107.575,3500,30.5,33557,10.9499,1.52,0.0
1787731107.604,3501,28.6,35830,10.9549,1.52,0.0
1787731107.634,3502,29.5,34677,10.9364,1.52,0.0
1787731107.663,3503,29.0,35250,10.9517,1.52,0.0
1787731107.694,3504,30.3,33769,10.9501,1.52,0.0
1787731107.722,3505,28.3,36184,10.9453,1.52,0.0
1787731107.752,3506,30.2,33949,10.9555,1.52,0.0
1787731107.781,3507,28.2,36259,10.9335,1.52,0.0
1787731107.811,3508,30.1,34008,10.9589,1.52,0.0
1787731107.840,3509,28.7,35688,10.9293,1.52,0.0
1787731107.869,3510,29.5,34691,10.9175,1.52,0.0
1787731107.898,3511,28.8,35580,10.9110,1.52,0.0
1787731107.928,3512,30.1,34031,10.9261,1.52,0.0
1787731107.958,3513,29.0,35253,10.9358,1.52,0.0
1787731107.988,3514,30.5,33572,10.9241,1.52,0.0
1787731108.018,3515,29.6,34575,10.9247,1.52,0.0
1787731108.048,3516,29.6,34579,10.9700,1.52,0.0
1787731108.078,3517,30.5,33605,10.9434,1.52,0.0
1787731108.108,3518,29.4,34870,10.9645,1.52,0.0
1787731108.139,3519,30.8,33242,10.9376,1.52,0.0
1787731108.167,3520,28.1,36432,10.9409,1.52,0.0
1787731108.197,3521,29.8,34368,10.9010,1.52,0.0
1787731108.226,3522,29.1,35248,10.9537,1.52,0.0
1787731108.256,3523,29.4,34861,10.9249,1.52,0.0
1787731108.283,3524,27.2,37714,10.9302,1.52,0.0
1787731108.312,3525,28.5,35893,10.9633,1.52,0.0
1787731108.339,3526,27.2,37638,10.9378,1.52,0.0
1787731108.370,3527,30.4,33680,10.9396,1.52,0.0
1787731108.409,3528,38.8,26362,10.9246,1.52,0.0
1787731108.457,3529,48.2,21250,10.9341,1.52,0.0
1787731108.497,3530,39.8,25729,10.9477,1.52,0.0
1787731108.536,3531,38.5,26618,10.9422,1.52,0.0
1787731108.574,3532,38.0,26963,10.9373,1.52,0.0
1787731108.613,3533,39.1,26173,10.9603,1.52,0.0
1787731108.651,3534,38.0,26933,10.9460,1.52,0.0
1787731108.688,3535,36.5,28066,10.9135,1.52,0.0
1787731108.724,3536,35.3,28994,10.9530,1.52,0.0
1787731109.003,3537,279.1,3669,10.9559,1.52,0.0
1787731109.043,3538,39.9,25661,10.9423,1.52,0.0
1787731109.083,3539,39.8,25741,10.9380,1.52,0.0
1787731109.122,3540,39.1,26177,10.9237,1.52,0.0
1787731109.181,3541,58.8,17400,10.9316,1.52,0.0
1787731109.201,3542,19.7,52046,10.9419,1.52,0.0
1787731109.218,3543,16.3,62995,10.9298,1.52,0.0
1787731109.236,3544,17.7,57799,10.9314,1.52,0.0
1787731109.253,3545,17.2,59581,10.9663,1.52,0.0
1787731109.272,3546,18.7,54731,10.9071,1.52,0.0
1787731109.290,3547,18.1,56460,10.9625,1.52,0.0
1787731109.309,3548,18.8,54611,10.9278,1.52,0.0
1787731109.327,3549,17.5,58513,10.9358,1.52,0.0
1787731109.345,3550,17.7,57952,10.9650,1.52,0.0
1787731109.363,3551,17.8,57504,10.9481,1.52,0.0
1787731109.381,3552,17.6,58077,10.9705,1.52,0.0
1787731109.398,3553,17.6,58223,10.9439,1.52,0.0
1787731109.416,3554,17.6,58232,10.9332,1.52,0.0
1787731109.644,3555,227.9,4493,10.9329,1.52,0.0
1787731109.674,3556,29.6,34590,10.9532,1.52,0.0
1787731109.703,3557,29.1,35137,10.9532,1.52,0.0
1787731109.732,3558,28.7,35672,10.9341,1.52,0.0
1787731110.020,3559,287.4,3563,10.9380,1.52,0.0
1787731110.217,3560,196.9,5200,10.9719,1.52,0.0
1787731110.249,3561,31.4,32660,10.9741,1.52,0.0
1787731110.278,3562,29.5,34766,10.9566,1.52,0.0
1787731110.308,3563,29.9,34288,10.9454,1.52,0.0
1787731110.339,3564,30.5,33525,10.9450,1.52,0.0
1787731110.369,3565,29.4,34808,10.9535,1.52,0.0
1787731110.400,3566,31.2,32791,10.9333,1.52,0.0
1787731110.430,3567,29.5,34732,10.9568,1.52,0.0
1787731110.458,3568,28.2,36345,10.9101,1.52,0.0
1787731110.488,3569,29.5,34744,10.9415,1.52,0.0
1787731110.516,3570,27.7,36983,10.9425,1.52,0.0
1787731110.554,3571,38.2,26836,10.9258,1.52,0.0
1787731110.582,3572,28.0,36615,10.9636,1.52,0.0
1787731110.612,3573,29.3,34945,10.9573,1.52,0.0
1787731110.640,3574,27.7,36940,10.9194,1.52,0.0
1787731110.670,3575,30.1,34042,10.9723,1.52,0.0
1787731110.688,3576,17.6,58030,10.9339,1.52,0.0
1787731110.708,3577,20.0,51214,10.9774,1.52,0.0
1787731110.730,3578,21.6,47323,10.9224,1.52,0.0
1787731110.749,3579,19.2,53372,10.9524,1.52,0.0
1787731110.770,3580,20.3,50565,10.9545,1.52,0.0
1787731110.790,3581,19.8,51805,10.9517,1.52,0.0
1787731110.810,3582,19.7,51883,10.9437,1.52,0.0
1787731110.830,3583,19.9,51570,10.9434,1.52,0.0
1787731110.850,3584,19.6,52143,10.9619,1.52,0.0
1787731110.870,3585,20.0,51121,10.9377,1.52,0.0
1787731110.890,3586,19.7,52106,10.9407,1.52,0.0
1787731110.928,3587,37.9,27054,10.9319,1.52,0.0
1787731110.949,3588,21.1,48615,10.9638,1.52,0.0
1787731110.967,3589,17.7,57874,10.9364,1.52,0.0
1787731110.985,3590,17.8,57472,10.9121,1.52,0.0
1787731111.003,3591,17.7,57967,10.9466,1.52,0.0
1787731111.022,3592,19.6,52289,10.9263,1.52,0.0
1787731111.041,3593,18.8,54393,10.9523,1.52,0.0
1787731111.062,3594,19.9,51489,10.9213,1.52,0.0
1787731111.082,3595,19.8,51798,10.9384,1.52,0.0
1787731111.101,3596,19.6,52246,10.9422,1.52,0.0
1787731111.121,3597,19.5,52420,10.9475,1.52,0.0
1787731111.141,3598,19.5,52438,10.9514,1.52,0.0
1787731111.160,3599,19.5,52412,10.9538,1.52,0.0
1787731111.361,3600,200.3,5111,10.9271,1.52,0.0
1787731111.393,3601,31.4,32589,10.9414,1.52,0.0
1787731111.421,3602,28.6,35785,10.9503,1.52,0.0
1787731111.451,3603,29.4,34828,10.9387,1.52,0.0
1787731111.480,3604,29.3,34923,10.9641,1.52,0.0
1787731111.511,3605,30.3,33791,10.9498,1.52,0.0
1787731111.540,3606,29.0,35280,10.9523,1.52,0.0
1787731111.570,3607,29.7,34517,10.9535,1.52,0.0
1787731111.600,3608,29.9,34195,10.9143,1.52,0.0
1787731111.630,3609,29.5,34676,10.9380,1.52,0.0
1787731111.672,3610,42.3,24206,10.9505,1.52,0.0
1787731111.704,3611,31.7,32288,10.9558,1.52,0.0
1787731111.738,3612,33.4,30681,10.9287,1.52,0.0
1787731111.772,3613,34.2,29954,10.9511,1.52,0.0
1787731111.802,3614,29.8,34404,10.9626,1.52,0.0
1787731111.834,3615,31.4,32629,10.9477,1.52,0.0
1787731111.863,3616,29.3,34970,10.9164,1.52,0.0
1787731111.894,3617,30.3,33763,10.9411,1.52,0.0
1787731112.070,3618,176.3,5807,10.9331,1.52,0.0
1787731112.091,3619,21.0,48858,10.9141,1.52,0.0
1787731112.112,3620,20.4,50120,10.9541,1.52,0.0
1787731112.132,3621,20.1,50915,10.9399,1.52,0.0
1787731112.153,3622,20.1,50883,10.9358,1.52,0.0
1787731112.173,3623,20.5,50021,10.9294,1.52,0.0
1787731112.389,3624,215.0,4762,10.9399,1.52,0.0
1787731112.421,3625,32.6,31372,10.9233,1.52,0.0
1787731112.452,3626,30.8,33211,10.9596,1.52,0.0
1787731112.484,3627,31.7,32320,10.9718,1.52,0.0
1787731112.515,3628,31.1,32955,10.9480,1.52,0.0
1787731112.547,3629,31.9,32134,10.9543,1.52,0.0
1787731112.578,3630,30.2,33928,10.8944,1.52,0.0
1787731112.610,3631,31.9,32130,10.9519,1.52,0.0
1787731112.640,3632,30.3,33824,10.9296,1.52,0.0
1787731112.671,3633,31.1,32939,10.9400,1.52,0.0
1787731112.702,3634,30.5,33546,10.9519,1.52,0.0
1787731112.734,3635,31.4,32616,10.9417,1.52,0.0
1787731112.765,3636,31.1,32910,10.9256,1.52,0.0
1787731112.797,3637,31.9,32067,10.9390,1.52,0.0
1787731112.827,3638,30.1,33996,10.9475,1.52,0.0
1787731112.859,3639,31.7,32337,10.9453,1.52,0.0
1787731112.890,3640,30.7,33389,10.9472,1.52,0.0
1787731112.922,3641,31.7,32303,10.9296,1.52,0.0
1787731112.953,3642,30.9,33119,10.9570,1.52,0.0
1787731112.984,3643,31.3,32740,10.9424,1.52,0.0
1787731113.014,3644,30.4,33721,10.9201,1.52,0.0
1787731113.046,3645,31.3,32697,10.9423,1.52,0.0
1787731113.076,3646,30.2,33907,10.9118,1.52,0.0
1787731113.108,3647,31.5,32513,10.9335,1.52,0.0
1787731113.139,3648,30.7,33378,10.9226,1.52,0.0
1787731113.170,3649,31.4,32649,10.9480,1.52,0.0
1787731113.204,3650,33.6,30506,10.9492,1.52,0.0
1787731113.268,3651,63.7,16070,10.9403,1.52,0.0
1787731113.288,3652,20.1,51058,10.9156,1.52,0.0
1787731113.308,3653,19.6,52339,10.9392,1.52,0.0
1787731113.328,3654,20.3,50550,10.9533,1.52,0.0
1787731113.348,3655,19.4,52731,10.9727,1.52,0.0
1787731113.369,3656,20.9,48898,10.9337,1.52,0.0
1787731113.388,3657,18.9,54294,10.9674,1.52,0.0
1787731113.442,3658,53.5,19130,10.9515,1.52,0.0
1787731113.462,3659,20.3,50512,10.9366,1.52,0.0
1787731113.605,3660,142.3,7197,10.9370,1.52,0.0
1787731113.643,3661,37.5,27304,10.9372,1.52,0.0
1787731113.677,3662,34.6,29559,10.9622,1.52,0.0
1787731113.713,3663,34.9,29311,10.9614,1.52,0.0
1787731113.745,3664,32.0,32037,10.9414,1.52,0.0
1787731113.781,3665,35.9,28517,10.9481,1.52,0.0
1787731113.816,3666,34.8,29392,10.9325,1.52,0.0
1787731113.839,3667,23.0,44547,10.9293,1.52,0.0
1787731113.860,3668,20.9,48892,10.9629,1.52,0.0
1787731113.880,3669,20.0,51282,10.9629,1.52,0.0
1787731113.900,3670,19.5,52552,10.9321,1.52,0.0
1787731113.919,3671,18.3,56107,10.9331,1.52,0.0
1787731113.941,3672,22.0,46557,10.9375,1.52,0.0
1787731113.962,3673,20.8,49288,10.9075,1.52,0.0
1787731113.981,3674,18.6,55016,10.9280,1.52,0.0
1787731114.015,3675,34.3,29843,10.9438,1.52,0.0
1787731114.050,3676,34.7,29519,10.9061,1.52,0.0
1787731114.083,3677,33.0,31050,10.9485,1.52,0.0
1787731114.116,3678,32.5,31477,10.9387,1.52,0.0
1787731114.149,3679,32.8,31184,10.9603,1.52,0.0
1787731114.182,3680,33.5,30586,10.9264,1.52,0.0
1787731114.214,3681,31.6,32389,10.9259,1.52,0.0
1787731114.249,3682,34.9,29365,10.9271,1.52,0.0
1787731114.272,3683,23.0,44506,10.9185,1.52,0.0
1787731114.291,3684,18.6,55041,10.9348,1.52,0.0
1787731114.310,3685,18.6,55063,10.9487,1.52,0.0
1787731114.329,3686,18.8,54465,10.9365,1.52,0.0
1787731114.348,3687,19.0,53958,10.9171,1.52,0.0
1787731114.368,3688,19.5,52541,10.9470,1.52,0.0
1787731114.389,3689,20.5,50067,10.9274,1.52,0.0
1787731114.411,3690,21.9,46857,10.9506,1.52,0.0
1787731114.429,3691,17.7,57838,10.9666,1.52,0.0
1787731114.446,3692,17.6,58201,10.9558,1.52,0.0
1787731114.464,3693,17.6,58066,10.9457,1.52,0.0
1787731114.482,3694,17.5,58597,10.9527,1.52,0.0
1787731114.500,3695,17.8,57475,10.9404,1.52,0.0
1787731114.518,3696,17.7,57962,10.9347,1.52,0.0
1787731114.725,3697,206.8,4951,10.9348,1.52,0.0
1787731114.760,3698,35.3,28987,10.9666,1.52,0.0
1787731114.794,3699,33.2,30853,10.9266,1.52,0.0
1787731114.828,3700,34.1,30068,10.9303,1.52,0.0
1787731114.861,3701,32.8,31250,10.9279,1.52,0.0
1787731115.067,3702,206.2,4967,10.9398,1.52,0.0
1787731115.271,3703,203.8,5024,10.9356,1.52,0.0
1787731115.305,3704,33.7,30367,10.9514,1.52,0.0
1787731115.338,3705,32.7,31314,10.9579,1.52,0.0
1787731115.371,3706,33.0,31002,10.9460,1.52,0.0
1787731115.404,3707,32.7,31355,10.9355,1.52,0.0
1787731115.436,3708,32.0,31967,10.9293,1.52,0.0
1787731115.469,3709,33.3,30786,10.9429,1.52,0.0
1787731115.503,3710,33.4,30648,10.9173,1.52,0.0
1787731115.536,3711,33.0,31016,10.9311,1.52,0.0
1787731115.568,3712,32.1,31940,10.9601,1.52,0.0
1787731115.600,3713,31.8,32152,10.9437,1.52,0.0
1787731115.633,3714,32.9,31102,10.9721,1.52,0.0
1787731115.677,3715,43.4,23616,10.9341,1.52,0.0
1787731115.710,3716,33.4,30697,10.9447,1.52,0.0
1787731115.745,3717,34.5,29713,10.9459,1.52,0.0
1787731115.980,3718,235.1,4356,10.9680,1.52,0.0
1787731116.015,3719,34.4,29802,10.9534,1.52,0.0
1787731116.048,3720,33.0,31051,10.9724,1.52,0.0
1787731116.081,3721,32.2,31783,10.9447,1.52,0.0
1787731116.113,3722,32.6,31374,10.9728,1.52,0.0
1787731116.147,3723,33.2,30827,10.9524,1.52,0.0
1787731116.181,3724,33.7,30360,10.9331,1.52,0.0
1787731116.240,3725,59.2,17295,10.9616,1.52,0.0
1787731116.260,3726,19.8,51847,10.9542,1.52,0.0
1787731116.278,3727,18.0,56791,10.9234,1.52,0.0
1787731116.299,3728,20.1,51060,10.9354,1.52,0.0
1787731116.318,3729,19.4,52838,10.9524,1.52,0.0
1787731116.339,3730,20.8,49229,10.9584,1.52,0.0
1787731116.359,3731,19.5,52484,10.9406,1.52,0.0
1787731116.377,3732,17.9,57133,10.9683,1.52,0.0
1787731116.396,3733,19.0,53779,10.9673,1.52,0.0
1787731116.415,3734,18.7,54878,10.9359,1.52,0.0
1787731116.434,3735,18.7,54860,10.9511,1.52,0.0
1787731116.651,3736,216.7,4726,10.9561,1.52,0.0
1787731116.685,3737,34.2,29935,10.9240,1.52,0.0
1787731116.717,3738,31.7,32329,10.9381,1.52,0.0
1787731116.750,3739,33.2,30834,10.9429,1.52,0.0
1787731116.784,3740,33.3,30709,10.9539,1.52,0.0
1787731116.817,3741,33.1,30950,10.9476,1.52,0.0
1787731116.850,3742,32.2,31791,10.9566,1.52,0.0
1787731116.883,3743,33.1,30919,10.9605,1.52,0.0
1787731116.918,3744,35.1,29144,10.9561,1.52,0.0
1787731116.951,3745,33.0,31042,10.9408,1.52,0.0
1787731116.984,3746,32.7,31285,10.9381,1.52,0.0
1787731117.017,3747,32.7,31323,10.9556,1.52,0.0
1787731117.318,3748,301.4,3398,10.9517,1.52,0.0
1787731117.339,3749,20.1,50864,10.9424,1.52,0.0
1787731117.357,3750,18.0,56886,10.9974,1.52,0.0
1787731117.375,3751,18.2,56319,10.9372,1.52,0.0
1787731117.394,3752,18.4,55798,10.9312,1.52,0.0
1787731117.412,3753,18.3,55914,10.9137,1.52,0.0
1787731117.432,3754,19.7,52034,10.9450,1.52,0.0
1787731117.451,3755,18.8,54356,10.9674,1.52,0.0
1787731117.497,3756,45.9,22316,10.9440,1.52,0.0
1787731117.534,3757,36.0,28430,10.9434,1.52,0.0
1787731117.568,3758,34.3,29884,10.9406,1.52,0.0
1787731117.601,3759,32.4,31651,10.9469,1.52,0.0
1787731117.635,3760,33.7,30360,10.9549,1.52,0.0
1787731117.670,3761,35.3,29010,10.9645,1.52,0.0
1787731117.703,3762,32.7,31312,10.9381,1.52,0.0
1787731117.737,3763,33.7,30383,10.9584,1.52,0.0
1787731117.769,3764,32.2,31757,10.9564,1.52,0.0
1787731117.803,3765,33.8,30331,10.9039,1.52,0.0
1787731117.836,3766,32.9,31147,10.9510,1.52,0.0
1787731117.869,3767,32.2,31816,10.9188,1.52,0.0
1787731117.902,3768,33.4,30633,10.9550,1.52,0.0
1787731117.935,3769,32.8,31215,10.9477,1.52,0.0
1787731117.968,3770,32.9,31121,10.9568,1.52,0.0
1787731118.001,3771,32.5,31523,10.9680,1.52,0.0
1787731118.035,3772,33.6,30469,10.9290,1.52,0.0
1787731118.067,3773,32.3,31734,10.9468,1.52,0.0
1787731118.100,3774,33.0,31023,10.9188,1.52,0.0
1787731118.132,3775,31.8,32237,10.9371,1.52,0.0
1787731118.165,3776,33.1,30916,10.9573,1.52,0.0
1787731118.198,3777,32.5,31524,10.9263,1.52,0.0
1787731118.231,3778,32.8,31249,10.9496,1.52,0.0
1787731118.263,3779,32.0,32041,10.9612,1.52,0.0
1787731118.298,3780,34.6,29572,10.9496,1.52,0.0
1787731118.332,3781,33.7,30368,10.9696,1.52,0.0
1787731118.533,3782,201.4,5084,10.9357,1.52,0.0
1787731118.727,3783,193.6,5290,10.9236,1.52,0.0
1787731118.765,3784,37.4,27373,10.9743,1.52,0.0
1787731118.798,3785,33.3,30729,10.9248,1.52,0.0
1787731118.830,3786,31.9,32129,10.9251,1.52,0.0
1787731118.863,3787,32.6,31432,10.9545,1.52,0.0
1787731118.895,3788,32.3,31735,10.9652,1.52,0.0
1787731119.097,3789,202.0,5071,10.9471,1.52,0.0
1787731119.131,3790,34.0,30126,10.9561,1.52,0.0
1787731119.164,3791,32.6,31387,10.9718,1.52,0.0
1787731119.196,3792,31.9,32090,10.9588,1.52,0.0
1787731119.229,3793,33.0,30985,10.9453,1.52,0.0
1787731119.262,3794,32.5,31480,10.9372,1.52,0.0
1787731119.294,3795,32.3,31675,10.9409,1.52,0.0
1787731119.327,3796,32.1,31939,10.9289,1.52,0.0
1787731119.795,3797,468.0,2188,10.9714,1.52,0.0
1787731119.830,3798,35.3,28991,10.9504,1.52,0.0
1787731119.863,3799,32.2,31809,10.9508,1.52,0.0
1787731119.896,3800,33.2,30842,10.9154,1.52,0.0
1787731120.099,3801,203.1,5043,10.9297,1.52,0.0
1787731120.134,3802,34.7,29525,10.9576,1.52,0.0
1787731120.167,3803,32.6,31374,10.9590,1.52,0.0
1787731120.200,3804,32.5,31541,10.9659,1.52,0.0
1787731120.232,3805,31.9,32142,10.9615,1.52,0.0
1787731120.264,3806,32.0,32040,10.9115,1.52,0.0
1787731120.297,3807,32.9,31091,10.9379,1.52,0.0
1787731120.329,3808,32.4,31603,10.9563,1.52,0.0
1787731120.361,3809,31.9,32056,10.9268,1.52,0.0
1787731120.394,3810,32.4,31563,10.9459,1.52,0.0
1787731120.426,3811,32.2,31765,10.9402,1.52,0.0
1787731120.458,3812,32.0,32032,10.9484,1.52,0.0
1787731120.490,3813,31.6,32376,10.9312,1.52,0.0
1787731120.523,3814,32.5,31467,10.9474,1.52,0.0
1787731120.554,3815,31.0,33047,10.9712,1.52,0.0
1787731120.587,3816,32.8,31226,10.9423,1.52,0.0
1787731120.620,3817,32.7,31307,10.9317,1.52,0.0
1787731120.651,3818,31.4,32617,10.9401,1.52,0.0
1787731120.682,3819,30.9,33117,10.9250,1.52,0.0
1787731120.714,3820,31.6,32392,10.9430,1.52,0.0
1787731120.746,3821,31.5,32503,10.9511,1.52,0.0
1787731120.776,3822,30.5,33585,10.9477,1.52,0.0
1787731120.809,3823,32.2,31757,10.9491,1.52,0.0
1787731120.840,3824,31.5,32518,10.9574,1.52,0.0
1787731120.872,3825,31.1,32971,10.9356,1.52,0.0
1787731120.900,3826,28.4,36039,10.9238,1.52,0.0
1787731120.930,3827,29.6,34538,10.9489,1.52,0.0
1787731120.958,3828,28.4,36049,10.9544,1.52,0.0
1787731120.988,3829,29.2,35039,10.9124,1.52,0.0
1787731121.017,3830,29.4,34856,10.9362,1.52,0.0
1787731121.047,3831,29.3,34906,10.9646,1.52,0.0
1787731121.076,3832,29.3,34946,10.9268,1.52,0.0
1787731121.106,3833,30.0,34175,10.9415,1.52,0.0
1787731121.136,3834,29.9,34212,10.9218,1.52,0.0
1787731121.166,3835,29.5,34715,10.9286,1.52,0.0
1787731121.194,3836,27.7,36964,10.9338,1.52,0.0
1787731121.223,3837,29.6,34602,10.9563,1.52,0.0
1787731121.252,3838,28.0,36619,10.9239,1.52,0.0
1787731121.280,3839,28.1,36457,10.9326,1.52,0.0
1787731121.307,3840,27.6,37148,10.9214,1.52,0.0
1787731121.336,3841,28.7,35623,10.9591,1.52,0.0
1787731121.364,3842,27.1,37787,10.9466,1.52,0.0
1787731121.392,3843,28.6,35762,10.9599,1.52,0.0
1787731121.419,3844,27.0,37942,10.9418,1.52,0.0
1787731121.447,3845,27.8,36806,10.9628,1.52,0.0
1787731121.475,3846,27.8,36876,10.9585,1.52,0.0
1787731121.504,3847,28.3,36221,10.9455,1.52,0.0
1787731121.532,3848,27.6,37041,10.9441,1.52,0.0
1787731121.560,3849,28.1,36403,10.9608,1.52,0.0
1787731121.591,3850,30.8,33294,10.9586,1.52,0.0
1787731121.621,3851,30.5,33585,10.9198,1.52,0.0
1787731121.652,3852,30.6,33494,10.9366,1.52,0.0
1787731121.680,3853,27.6,37053,10.9399,1.52,0.0
1787731121.710,3854,29.4,34806,10.9340,1.52,0.0
1787731121.738,3855,28.5,35942,10.9349,1.52,0.0
1787731121.768,3856,29.4,34869,10.9149,1.52,0.0
1787731121.798,3857,29.8,34360,10.9107,1.52,0.0
1787731121.827,3858,28.5,35958,10.9466,1.52,0.0
1787731121.857,3859,30.5,33521,10.9374,1.52,0.0
1787731121.889,3860,31.3,32740,10.9270,1.52,0.0
1787731121.919,3861,29.4,34817,10.9227,1.52,0.0
1787731121.949,3862,30.3,33773,10.9332,1.52,0.0
1787731121.979,3863,29.4,34783,10.9716,1.52,0.0
1787731122.008,3864,29.1,35133,10.9554,1.52,0.0
1787731122.039,3865,30.9,33145,10.9199,1.52,0.0
1787731122.078,3866,38.8,26417,10.9538,1.52,0.0
1787731122.402,3867,324.0,3160,10.9736,1.52,0.0
1787731122.433,3868,30.3,33844,10.9726,1.52,0.0
1787731122.452,3869,19.0,53832,10.9536,1.52,0.0
1787731122.472,3870,19.2,53350,10.9254,1.52,0.0
1787731122.490,3871,18.1,56432,10.9804,1.52,0.0
1787731122.509,3872,19.2,53210,10.9321,1.52,0.0
1787731122.529,3873,19.2,53283,10.9339,1.52,0.0
1787731122.550,3874,20.6,49763,10.9466,1.52,0.0
1787731122.570,3875,19.9,51483,10.9446,1.52,0.0
1787731122.914,3876,344.1,2976,10.9520,1.52,0.0
1787731122.934,3877,20.0,51083,10.9132,1.52,0.0
1787731122.955,3878,20.1,50894,10.9458,1.52,0.0
1787731122.975,3879,19.9,51472,10.9294,1.52,0.0
1787731122.995,3880,19.8,51845,10.9611,1.52,0.0
1787731123.365,3881,370.3,2765,10.9357,1.52,0.0
1787731123.387,3882,21.4,47938,10.9321,1.52,0.0
1787731123.406,3883,18.9,54065,10.9758,1.52,0.0
1787731123.425,3884,18.5,55210,10.9158,1.52,0.0
1787731123.443,3885,18.1,56442,10.9864,1.52,0.0
1787731123.461,3886,17.6,58082,10.9280,1.52,0.0
1787731123.480,3887,18.6,55136,10.9389,1.52,0.0
1787731123.500,3888,19.9,51456,10.9529,1.52,0.0
1787731123.520,3889,20.1,50966,10.9301,1.52,0.0
1787731123.540,3890,19.6,52336,10.9517,1.52,0.0
1787731123.560,3891,19.4,52764,10.9532,1.52,0.0
1787731123.579,3892,19.4,52652,10.9556,1.52,0.0
1787731123.815,3893,235.9,4340,10.9617,1.52,0.0
1787731123.848,3894,32.4,31558,10.9489,1.52,0.0
1787731123.879,3895,31.3,32713,10.9132,1.52,0.0
1787731123.910,3896,30.3,33751,10.9567,1.52,0.0
1787731123.942,3897,31.7,32307,10.9562,1.52,0.0
1787731123.973,3898,30.8,33267,10.9579,1.52,0.0
1787731124.004,3899,31.3,32722,10.9230,1.52,0.0
1787731124.035,3900,30.8,33265,10.9487,1.52,0.0
1787731124.066,3901,31.1,32875,10.9276,1.52,0.0
1787731124.095,3902,28.1,36386,10.9610,1.52,0.0
1787731124.125,3903,29.9,34223,10.9135,1.52,0.0
1787731124.152,3904,27.7,36956,10.9669,1.52,0.0
1787731124.182,3905,29.8,34389,10.9065,1.52,0.0
1787731124.210,3906,27.9,36638,10.9440,1.52,0.0
1787731124.239,3907,29.0,35329,10.9576,1.52,0.0
1787731124.267,3908,27.4,37419,10.9525,1.52,0.0
1787731124.296,3909,28.5,35959,10.9349,1.52,0.0
1787731124.323,3910,27.7,37001,10.9635,1.52,0.0
1787731124.353,3911,29.4,34885,10.9359,1.52,0.0
1787731124.383,3912,30.3,33764,10.9683,1.52,0.0
1787731124.579,3913,195.2,5245,10.9364,1.52,0.0
1787731124.611,3914,31.9,32081,10.9528,1.52,0.0
1787731124.641,3915,30.6,33468,10.9440,1.52,0.0
1787731124.671,3916,29.4,34843,10.9560,1.52,0.0
1787731124.700,3917,29.0,35304,10.9479,1.52,0.0
1787731124.730,3918,29.7,34456,10.9530,1.52,0.0
1787731124.766,3919,35.8,28583,10.9353,1.52,0.0
1787731124.797,3920,31.2,32860,10.9512,1.52,0.0
1787731124.828,3921,30.6,33495,10.9543,1.52,0.0
1787731124.861,3922,32.4,31583,10.9196,1.52,0.0
1787731124.892,3923,31.2,32818,10.9600,1.52,0.0
1787731124.923,3924,30.7,33382,10.9322,1.52,0.0
1787731124.954,3925,30.8,33203,10.9423,1.52,0.0
1787731124.984,3926,29.6,34621,10.9084,1.52,0.0
1787731125.014,3927,29.6,34640,10.9408,1.52,0.0
1787731125.043,3928,29.3,34928,10.9242,1.52,0.0
1787731125.376,3929,332.9,3076,10.9017,1.52,0.0
1787731125.416,3930,39.6,25858,10.9332,1.52,0.0
1787731125.436,3931,20.1,50930,10.9514,1.52,0.0
1787731125.452,3932,15.7,65190,10.9499,1.52,0.0
1787731125.468,3933,15.4,66380,10.9442,1.52,0.0
1787731125.485,3934,16.9,60640,10.9285,1.52,0.0
1787731125.503,3935,18.2,56219,10.9385,1.52,0.0
1787731125.522,3936,17.9,57166,10.9698,1.52,0.0
1787731125.541,3937,18.8,54337,10.9412,1.52,0.0
1787731125.560,3938,19.5,52467,10.9434,1.52,0.0
1787731125.580,3939,19.6,52248,10.9287,1.52,0.0
1787731125.600,3940,19.9,51543,10.9443,1.52,0.0
1787731125.620,3941,19.9,51563,10.9276,1.52,0.0
1787731125.640,3942,19.8,51710,10.9278,1.52,0.0
1787731125.660,3943,19.8,51684,10.9560,1.52,0.0
1787731125.711,3944,50.3,20340,10.9320,1.52,0.0
1787731125.733,3945,22.3,45911,10.9302,1.52,0.0
1787731125.753,3946,19.8,51811,10.9289,1.52,0.0
1787731125.773,3947,19.7,51958,10.9395,1.52,0.0
1787731125.795,3948,21.3,47994,10.9440,1.52,0.0
1787731125.816,3949,21.2,48233,10.9251,1.52,0.0
1787731125.838,3950,21.2,48388,10.9434,1.52,0.0
1787731125.859,3951,21.2,48247,10.9386,1.52,0.0
1787731126.069,3952,210.1,4874,10.9563,1.52,0.0
1787731126.105,3953,35.2,29104,10.9601,1.52,0.0
1787731126.138,3954,32.5,31475,10.9215,1.52,0.0
1787731126.171,3955,33.3,30753,10.9587,1.52,0.0
1787731126.204,3956,33.3,30750,10.9359,1.52,0.0
1787731126.237,3957,32.5,31553,10.9593,1.52,0.0
1787731126.271,3958,33.7,30357,10.9497,1.52,0.0
1787731126.304,3959,32.9,31162,10.9272,1.52,0.0
1787731126.337,3960,32.5,31487,10.9673,1.52,0.0
1787731126.370,3961,32.8,31258,10.9374,1.52,0.0
1787731126.402,3962,32.1,31903,10.9322,1.52,0.0
1787731126.434,3963,31.8,32215,10.9517,1.52,0.0
1787731126.467,3964,33.1,30969,10.9308,1.52,0.0
1787731126.499,3965,32.4,31623,10.9426,1.52,0.0
1787731126.533,3966,33.1,30900,10.9188,1.52,0.0
1787731126.564,3967,31.4,32662,10.9230,1.52,0.0
1787731126.597,3968,32.2,31783,10.9333,1.52,0.0
1787731126.629,3969,32.0,32020,10.9330,1.52,0.0
1787731126.661,3970,31.9,32054,10.9447,1.52,0.0
1787731126.693,3971,32.5,31541,10.9429,1.52,0.0
1787731126.726,3972,32.6,31368,10.9314,1.52,0.0
1787731126.759,3973,32.3,31688,10.9211,1.52,0.0
1787731126.791,3974,32.8,31210,10.9544,1.52,0.0
1787731126.836,3975,44.8,22868,10.9567,1.52,0.0
1787731126.873,3976,35.8,28577,10.9294,1.52,0.0
1787731126.906,3977,33.1,30937,10.9316,1.52,0.0
1787731126.942,3978,35.6,28767,10.9508,1.52,0.0
1787731126.977,3979,35.4,28962,10.9674,1.52,0.0
1787731127.011,3980,33.1,30907,10.9598,1.52,0.0
1787731127.047,3981,36.2,28293,10.9548,1.52,0.0
1787731127.083,3982,35.2,29056,10.9667,1.52,0.0
1787731127.116,3983,32.9,31150,10.9561,1.52,0.0
1787731127.149,3984,33.1,30926,10.9383,1.52,0.0
1787731127.182,3985,32.9,31137,10.9229,1.52,0.0
1787731127.215,3986,33.2,30876,10.9455,1.52,0.0
1787731127.247,3987,32.0,32037,10.9658,1.52,0.0
1787731127.280,3988,33.0,31002,10.9482,1.52,0.0
1787731127.313,3989,32.0,32046,10.9249,1.52,0.0
1787731127.346,3990,33.3,30750,10.9699,1.52,0.0
1787731127.378,3991,31.9,32083,10.9574,1.52,0.0
1787731127.663,3992,284.6,3598,10.9398,1.52,0.0
1787731127.712,3993,48.7,21040,10.9457,1.52,0.0
1787731127.731,3994,19.3,53111,10.9343,1.52,0.0
1787731127.834,3995,103.1,9932,10.9405,1.52,0.0
1787731127.861,3996,26.0,39454,10.9427,1.52,0.0
1787731127.886,3997,24.9,41193,10.9602,1.52,0.0
1787731128.354,3998,467.6,2190,10.9542,1.52,0.0
1787731128.384,3999,30.3,33767,10.9207,1.52,0.0
1787731128.416,4000,31.4,32611,10.9684,1.52,0.0
1787731128.446,4001,30.0,34122,10.9305,1.52,0.0
1787731128.477,4002,30.7,33362,10.9449,1.52,0.0
1787731128.507,4003,30.1,34032,10.9599,1.52,0.0
1787731128.537,4004,30.0,34129,10.9348,1.52,0.0
1787731128.568,4005,30.9,33091,10.9552,1.52,0.0
1787731128.598,4006,30.1,34046,10.9462,1.52,0.0
1787731128.630,4007,31.2,32781,10.9550,1.52,0.0
1787731128.660,4008,30.2,33948,10.9665,1.52,0.0
1787731128.691,4009,30.6,33490,10.9721,1.52,0.0
1787731128.721,4010,30.1,34003,10.9450,1.52,0.0
1787731128.752,4011,31.0,32993,10.9566,1.52,0.0
1787731128.782,4012,29.7,34464,10.9386,1.52,0.0
1787731128.812,4013,30.1,34055,10.9622,1.52,0.0
1787731128.843,4014,30.2,33929,10.9172,1.52,0.0
1787731128.874,4015,31.8,32158,10.9462,1.52,0.0
1787731128.905,4016,30.6,33425,10.9652,1.52,0.0
1787731128.938,4017,32.4,31578,10.9379,1.52,0.0
1787731128.968,4018,30.5,33589,10.9524,1.52,0.0
1787731129.180,4019,211.7,4837,10.9371,1.52,0.0
1787731129.214,4020,33.2,30859,10.9635,1.52,0.0
1787731129.247,4021,32.8,31199,10.9282,1.52,0.0
1787731129.278,4022,31.0,33073,10.9231,1.52,0.0
1787731129.311,4023,32.8,31236,10.9315,1.52,0.0
1787731129.342,4024,31.0,32986,10.9607,1.52,0.0
1787731129.374,4025,31.8,32206,10.9307,1.52,0.0
1787731129.664,4026,289.3,3540,10.9514,1.52,0.0
1787731129.697,4027,33.3,30761,10.9315,1.52,0.0
1787731129.728,4028,31.3,32703,10.9494,1.52,0.0
1787731129.759,4029,30.4,33708,10.9639,1.52,0.0
1787731129.793,4030,33.5,30530,10.9397,1.52,0.0
1787731130.108,4031,315.4,3247,10.9536,1.52,0.0
1787731130.144,4032,35.4,28959,10.9297,1.52,0.0
1787731130.178,4033,33.5,30565,10.9341,1.52,0.0
1787731130.209,4034,31.1,32919,10.9490,1.52,0.0
1787731130.242,4035,32.9,31118,10.9117,1.52,0.0
1787731130.282,4036,39.7,25798,10.9282,1.52,0.0
1787731130.314,4037,31.9,32113,10.9638,1.52,0.0
1787731130.344,4038,29.6,34633,10.9598,1.52,0.0
1787731130.375,4039,30.8,33214,10.9350,1.52,0.0
1787731130.405,4040,30.0,34103,10.9377,1.52,0.0
1787731130.435,4041,29.4,34822,10.9391,1.52,0.0
1787731130.466,4042,30.6,33509,10.9532,1.52,0.0
1787731130.495,4043,29.1,35134,10.9364,1.52,0.0
1787731130.525,4044,29.9,34204,10.9109,1.52,0.0
1787731130.854,4045,328.7,3115,10.9424,1.52,0.0
1787731130.883,4046,29.1,35166,10.9311,1.52,0.0
1787731130.903,4047,19.9,51392,10.9213,1.52,0.0
1787731130.926,4048,22.4,45788,10.9501,1.52,0.0
1787731130.945,4049,18.6,55118,10.9439,1.52,0.0
1787731130.964,4050,19.0,53776,10.9466,1.52,0.0
1787731130.984,4051,20.2,50797,10.9363,1.52,0.0
1787731131.005,4052,20.1,50876,10.9524,1.52,0.0
1787731131.025,4053,20.0,51176,10.9244,1.52,0.0
1787731131.045,4054,19.8,51602,10.9408,1.52,0.0
1787731131.065,4055,19.8,51711,10.9222,1.52,0.0
1787731131.085,4056,19.8,51694,10.9522,1.52,0.0
1787731131.105,4057,19.7,51964,10.9047,1.52,0.0
1787731131.262,4058,157.4,6508,10.9305,1.52,0.0
1787731131.284,4059,20.9,49014,10.9213,1.52,0.0
1787731131.304,4060,20.8,49321,10.9430,1.52,0.0
1787731131.325,4061,20.1,50835,10.9654,1.52,0.0
1787731131.345,4062,20.2,50802,10.9303,1.52,0.0
1787731131.366,4063,20.3,50564,10.9507,1.52,0.0
1787731131.386,4064,19.9,51408,10.9621,1.52,0.0
1787731131.406,4065,19.8,51790,10.9171,1.52,0.0
1787731131.426,4066,19.9,51394,10.9636,1.52,0.0
1787731131.446,4067,19.8,51621,10.9419,1.52,0.0
1787731131.466,4068,20.1,50941,10.9268,1.52,0.0
1787731131.487,4069,20.1,50995,10.9415,1.52,0.0
1787731131.507,4070,19.8,51605,10.9409,1.52,0.0
1787731131.526,4071,19.5,52562,10.9346,1.52,0.0
1787731131.546,4072,19.5,52445,10.9364,1.52,0.0
1787731131.566,4073,19.4,52700,10.9241,1.52,0.0
1787731131.585,4074,19.4,52690,10.9415,1.52,0.0
1787731131.605,4075,19.5,52623,10.9372,1.52,0.0
1787731131.625,4076,19.4,52722,10.9481,1.52,0.0
1787731131.644,4077,19.4,52805,10.9515,1.52,0.0
1787731131.664,4078,19.4,52792,10.9538,1.52,0.0
1787731131.684,4079,19.8,51663,10.9428,1.52,0.0
1787731131.704,4080,19.4,52790,10.9592,1.52,0.0
1787731131.733,4081,29.5,34722,10.9499,1.52,0.0
1787731131.779,4082,45.8,22336,10.9471,1.52,0.0
1787731131.811,4083,32.0,32007,10.9531,1.52,0.0
1787731131.844,4084,32.6,31388,10.9366,1.52,0.0
1787731131.876,4085,32.2,31801,10.9649,1.52,0.0
1787731131.910,4086,33.4,30676,10.9519,1.52,0.0
1787731131.941,4087,31.2,32788,10.9518,1.52,0.0
1787731131.974,4088,33.0,31025,10.9452,1.52,0.0
1787731132.006,4089,31.8,32195,10.9576,1.52,0.0
1787731132.039,4090,32.2,31764,10.9331,1.52,0.0
1787731132.071,4091,31.7,32305,10.9324,1.52,0.0
1787731132.105,4092,34.5,29704,10.9386,1.52,0.0
1787731132.139,4093,33.7,30415,10.9509,1.52,0.0
1787731132.174,4094,34.9,29362,10.9477,1.52,0.0
1787731132.209,4095,35.0,29249,10.9867,1.52,0.0
1787731132.242,4096,32.6,31422,10.9721,1.52,0.0
1787731132.277,4097,34.4,29730,10.9388,1.52,0.0
1787731132.313,4098,36.2,28326,10.9513,1.52,0.0
1787731132.346,4099,32.3,31673,10.9641,1.52,0.0
1787731132.379,4100,33.2,30883,10.9226,1.52,0.0
1787731132.411,4101,32.1,31935,10.9280,1.52,0.0
1787731132.445,4102,33.9,30234,10.9424,1.52,0.0
1787731132.478,4103,32.4,31629,10.9488,1.52,0.0
1787731132.511,4104,33.1,30932,10.9428,1.52,0.0
1787731132.543,4105,31.5,32555,10.9219,1.52,0.0
1787731132.575,4106,32.7,31343,10.9250,1.52,0.0
1787731132.608,4107,32.3,31670,10.9326,1.52,0.0
1787731132.641,4108,33.2,30833,10.9362,1.52,0.0
1787731132.673,4109,31.8,32218,10.9239,1.52,0.0
1787731132.706,4110,33.1,30954,10.9406,1.52,0.0
1787731132.739,4111,33.0,31068,10.9491,1.52,0.0
1787731132.818,4112,78.6,13032,10.9642,1.52,0.0
1787731132.841,4113,22.6,45225,10.9057,1.52,0.0
1787731132.863,4114,22.2,46180,10.9471,1.52,0.0
1787731132.886,4115,21.9,46667,10.9310,1.52,0.0
1787731132.908,4116,22.0,46608,10.9392,1.52,0.0
1787731132.932,4117,24.5,41812,10.9388,1.52,0.0
1787731132.968,4118,35.3,28999,10.9193,1.52,0.0
1787731133.688,4119,719.9,1422,10.9476,1.52,0.0
1787731133.721,4120,33.2,30863,10.9505,1.52,0.0
1787731133.753,4121,31.6,32383,10.9226,1.52,0.0
1787731133.786,4122,33.1,30896,10.9618,1.52,0.0
1787731133.818,4123,31.6,32432,10.9361,1.52,0.0
1787731133.852,4124,33.8,30338,10.9475,1.52,0.0
1787731133.884,4125,32.4,31588,10.9281,1.52,0.0
1787731133.917,4126,32.7,31281,10.9553,1.52,0.0
1787731133.949,4127,31.8,32206,10.9384,1.52,0.0
1787731133.983,4128,33.2,30886,10.9494,1.52,0.0
1787731134.015,4129,32.4,31610,10.9180,1.52,0.0
1787731134.048,4130,33.3,30787,10.9370,1.52,0.0
1787731134.082,4131,33.1,30965,10.9223,1.52,0.0
1787731134.117,4132,35.0,29280,10.9531,1.52,0.0
1787731134.150,4133,33.4,30701,10.9333,1.52,0.0
1787731134.196,4134,45.3,22595,10.9573,1.52,0.0
1787731134.232,4135,36.2,28272,10.9279,1.52,0.0
1787731134.267,4136,34.5,29706,10.9619,1.52,0.0
1787731134.302,4137,34.8,29437,10.9536,1.52,0.0
1787731134.459,4138,157.0,6523,10.9437,1.52,0.0
1787731134.481,4139,21.7,47181,10.9662,1.52,0.0
1787731134.499,4140,17.8,57449,10.9308,1.52,0.0
1787731134.517,4141,17.9,57230,10.9262,1.52,0.0
1787731134.554,4142,36.1,28329,10.9559,1.52,0.0
1787731134.587,4143,33.2,30860,10.9456,1.52,0.0
1787731134.620,4144,32.7,31311,10.9266,1.52,0.0
1787731134.653,4145,33.2,30868,10.9365,1.52,0.0
1787731134.686,4146,32.3,31701,10.9587,1.52,0.0
1787731134.719,4147,33.1,30970,10.9470,1.52,0.0
1787731134.752,4148,33.2,30886,10.9696,1.52,0.0
1787731134.958,4149,205.3,4987,10.9386,1.52,0.0
1787731134.993,4150,35.3,29035,10.9423,1.52,0.0
1787731135.026,4151,32.5,31466,10.9483,1.52,0.0
1787731135.060,4152,33.8,30254,10.9685,1.52,0.0
1787731135.091,4153,31.4,32581,10.9401,1.52,0.0
1787731135.294,4154,202.5,5056,10.9280,1.52,0.0
1787731135.329,4155,35.4,28936,10.9550,1.52,0.0
1787731135.362,4156,32.0,31994,10.9674,1.52,0.0
1787731135.395,4157,32.9,31169,10.9473,1.52,0.0
1787731135.427,4158,32.3,31669,10.9281,1.52,0.0
1787731135.460,4159,32.4,31589,10.9412,1.52,0.0
1787731135.492,4160,31.9,32150,10.9345,1.52,0.0
1787731135.525,4161,32.9,31079,10.9693,1.52,0.0
1787731135.557,4162,32.4,31575,10.9442,1.52,0.0
1787731135.590,4163,33.1,30941,10.9605,1.52,0.0
1787731135.624,4164,33.3,30737,10.9452,1.52,0.0
1787731135.657,4165,32.9,31133,10.9745,1.52,0.0
1787731135.690,4166,33.2,30805,10.9140,1.52,0.0
1787731135.723,4167,32.6,31414,10.9350,1.52,0.0
1787731135.756,4168,33.3,30759,10.9432,1.52,0.0
1787731135.958,4169,201.5,5081,10.9286,1.52,0.0
1787731136.002,4170,43.4,23608,10.9588,1.52,0.0
1787731136.019,4171,17.2,59556,10.9254,1.52,0.0
1787731136.038,4172,18.5,55262,10.9223,1.52,0.0
1787731136.055,4173,17.3,59148,10.9407,1.52,0.0
1787731136.073,4174,17.7,57956,10.9619,1.52,0.0
1787731136.090,4175,16.1,63791,10.9179,1.52,0.0
1787731136.107,4176,17.8,57687,10.9396,1.52,0.0
1787731136.125,4177,17.6,58079,10.9577,1.52,0.0
1787731136.143,4178,17.6,58037,10.9513,1.52,0.0
1787731136.161,4179,17.5,58573,10.9603,1.52,0.0
1787731136.178,4180,17.5,58406,10.9426,1.52,0.0
1787731136.196,4181,17.5,58474,10.9304,1.52,0.0
1787731136.214,4182,17.6,58299,10.9398,1.52,0.0
1787731136.232,4183,17.8,57450,10.9496,1.52,0.0
1787731136.250,4184,17.6,58060,10.9465,1.52,0.0
1787731136.453,4185,203.4,5034,10.9612,1.52,0.0
1787731136.487,4186,33.7,30352,10.9554,1.52,0.0
1787731136.519,4187,31.1,32973,10.9307,1.52,0.0
1787731136.550,4188,31.7,32329,10.9352,1.52,0.0
1787731136.583,4189,32.3,31661,10.9721,1.52,0.0
1787731136.614,4190,31.0,33005,10.9450,1.52,0.0
1787731136.646,4191,31.8,32154,10.9428,1.52,0.0
1787731136.677,4192,30.7,33338,10.9624,1.52,0.0
1787731136.709,4193,31.8,32191,10.9447,1.52,0.0
1787731136.739,4194,30.4,33705,10.9426,1.52,0.0
1787731136.771,4195,31.4,32594,10.9548,1.52,0.0
1787731136.801,4196,30.2,33939,10.9604,1.52,0.0
1787731136.832,4197,31.3,32722,10.9242,1.52,0.0
1787731136.863,4198,30.8,33287,10.9497,1.52,0.0
1787731136.895,4199,31.3,32677,10.9502,1.52,0.0
1787731136.926,4200,30.9,33087,10.9257,1.52,0.0
1787731136.958,4201,31.5,32507,10.9371,1.52,0.0
1787731136.989,4202,31.1,32964,10.9392,1.52,0.0
1787731137.020,4203,31.1,32972,10.9561,1.52,0.0
1787731137.051,4204,30.6,33515,10.9491,1.52,0.0
1787731137.083,4205,32.0,32002,10.9317,1.52,0.0
1787731137.114,4206,31.3,32723,10.9553,1.52,0.0
1787731137.146,4207,31.4,32647,10.9517,1.52,0.0
1787731137.176,4208,30.2,33858,10.9640,1.52,0.0
1787731137.208,4209,32.0,32029,10.9567,1.52,0.0
1787731137.410,4210,202.0,5070,10.9603,1.52,0.0
1787731137.445,4211,34.4,29731,10.9174,1.52,0.0
1787731137.478,4212,32.8,31231,10.9622,1.52,0.0
1787731137.517,4213,38.8,26396,10.9522,1.52,0.0
1787731137.550,4214,33.4,30697,10.9136,1.52,0.0
1787731137.585,4215,34.1,30050,10.9444,1.52,0.0
1787731137.616,4216,31.2,32822,10.9520,1.52,0.0
1787731137.648,4217,31.6,32403,10.9469,1.52,0.0
1787731137.678,4218,29.7,34458,10.9390,1.52,0.0
1787731137.707,4219,29.5,34740,10.9169,1.52,0.0
1787731137.737,4220,29.4,34883,10.9367,1.52,0.0
1787731137.765,4221,28.4,36113,10.9627,1.52,0.0
1787731137.999,4222,233.6,4384,10.9262,1.52,0.0
1787731138.022,4223,22.7,45157,10.9326,1.52,0.0
1787731138.074,4224,51.7,19792,10.9169,1.52,0.0
1787731138.096,4225,21.2,48351,10.9425,1.52,0.0
1787731138.116,4226,20.2,50626,10.9326,1.52,0.0
1787731138.136,4227,20.0,51253,10.9112,1.52,0.0
1787731138.156,4228,19.8,51643,10.9385,1.52,0.0
1787731138.176,4229,19.9,51547,10.9695,1.52,0.0
1787731138.196,4230,19.8,51785,10.9352,1.52,0.0
1787731138.216,4231,20.1,50854,10.9499,1.52,0.0
1787731138.421,4232,204.0,5019,10.9279,1.52,0.0
1787731138.455,4233,33.9,30178,10.9286,1.52,0.0
1787731138.486,4234,31.4,32581,10.9662,1.52,0.0
1787731138.518,4235,31.8,32179,10.9552,1.52,0.0
1787731138.550,4236,31.7,32295,10.9332,1.52,0.0
1787731138.583,4237,32.1,31858,10.9615,1.52,0.0
1787731138.613,4238,30.7,33376,10.9588,1.52,0.0
1787731138.645,4239,31.3,32684,10.9393,1.52,0.0
1787731138.676,4240,30.7,33303,10.9521,1.52,0.0
1787731138.708,4241,31.7,32320,10.9415,1.52,0.0
1787731138.738,4242,30.4,33639,10.9336,1.52,0.0
1787731138.771,4243,32.3,31746,10.9302,1.52,0.0
1787731138.801,4244,30.2,33893,10.9482,1.52,0.0
1787731138.836,4245,34.5,29664,10.9557,1.52,0.0
1787731138.932,4246,96.6,10603,10.9597,1.52,0.0
1787731138.956,4247,23.1,44276,10.9432,1.52,0.0
1787731138.979,4248,23.3,43940,10.9427,1.52,0.0
1787731139.002,4249,22.9,44712,10.9394,1.52,0.0
1787731139.026,4250,23.3,44031,10.9742,1.52,0.0
1787731139.080,4251,53.6,19098,10.9214,1.52,0.0
1787731139.099,4252,19.4,52790,10.9371,1.52,0.0
1787731139.117,4253,17.7,57928,10.9357,1.52,0.0
1787731139.135,4254,17.7,57767,10.9044,1.52,0.0
1787731139.153,4255,17.6,58145,10.9646,1.52,0.0
1787731139.171,4256,17.7,57995,10.9674,1.52,0.0
1787731139.188,4257,17.6,58178,10.9296,1.52,0.0
1787731139.206,4258,17.6,58130,10.9559,1.52,0.0
1787731139.224,4259,17.8,57499,10.9287,1.52,0.0
1787731139.439,4260,214.6,4772,10.9254,1.52,0.0
1787731139.474,4261,34.3,29811,10.9273,1.52,0.0
1787731139.508,4262,34.5,29685,10.9465,1.52,0.0
1787731139.542,4263,33.9,30173,10.9735,1.52,0.0
1787731139.578,4264,35.6,28794,10.9009,1.52,0.0
1787731139.614,4265,35.3,29033,10.9306,1.52,0.0
1787731139.647,4266,33.1,30948,10.9404,1.52,0.0
1787731139.682,4267,34.3,29817,10.9472,1.52,0.0
1787731139.716,4268,33.8,30291,10.9374,1.52,0.0
1787731139.748,4269,32.4,31612,10.9386,1.52,0.0
1787731139.781,4270,32.4,31613,10.9405,1.52,0.0
1787731140.065,4271,283.7,3609,10.9585,1.52,0.0
1787731140.100,4272,34.9,29323,10.9183,1.52,0.0
1787731140.132,4273,32.3,31742,10.9667,1.52,0.0
1787731140.164,4274,31.6,32434,10.9560,1.52,0.0
1787731140.196,4275,32.3,31670,10.9354,1.52,0.0
1787731140.229,4276,32.1,31857,10.9476,1.52,0.0
1787731140.261,4277,31.8,32162,10.9608,1.52,0.0
1787731140.292,4278,31.7,32321,10.9204,1.52,0.0
1787731140.325,4279,32.3,31674,10.9257,1.52,0.0
1787731140.357,4280,31.8,32229,10.9505,1.52,0.0
1787731140.389,4281,31.6,32438,10.9128,1.52,0.0
1787731140.420,4282,31.0,32996,10.9126,1.52,0.0
1787731140.451,4283,31.6,32423,10.9623,1.52,0.0
1787731140.483,4284,31.3,32702,10.9726,1.52,0.0
1787731140.516,4285,32.6,31422,10.9337,1.52,0.0
1787731140.547,4286,31.1,32945,10.9349,1.52,0.0
1787731140.579,4287,31.7,32283,10.9446,1.52,0.0
1787731140.609,4288,30.0,34184,10.9371,1.52,0.0
1787731140.640,4289,31.3,32764,10.9277,1.52,0.0
1787731140.668,4290,27.8,36878,10.9294,1.52,0.0
1787731140.698,4291,29.8,34354,10.9337,1.52,0.0
1787731140.727,4292,28.6,35849,10.9367,1.52,0.0
1787731140.756,4293,29.0,35267,10.9475,1.52,0.0
1787731140.784,4294,28.2,36336,10.9657,1.52,0.0
1787731140.813,4295,29.3,34936,10.9336,1.52,0.0
1787731140.843,4296,29.1,35190,10.9237,1.52,0.0
1787731140.872,4297,29.3,34920,10.9458,1.52,0.0
1787731140.901,4298,28.6,35861,10.9443,1.52,0.0
1787731140.930,4299,28.9,35433,10.9317,1.52,0.0
1787731140.958,4300,28.2,36373,10.9715,1.52,0.0
1787731140.988,4301,29.3,34907,10.9429,1.52,0.0
1787731141.016,4302,28.6,35828,10.9516,1.52,0.0
1787731141.046,4303,29.1,35165,10.9179,1.52,0.0
1787731141.074,4304,28.6,35757,10.9299,1.52,0.0
1787731141.104,4305,29.3,34957,10.9338,1.52,0.0
1787731141.132,4306,28.3,36150,10.9477,1.52,0.0
1787731141.162,4307,29.9,34280,10.9413,1.52,0.0
1787731141.191,4308,28.7,35646,10.9031,1.52,0.0
1787731141.220,4309,29.1,35190,10.9266,1.52,0.0
1787731141.249,4310,28.5,35892,10.9350,1.52,0.0
1787731141.278,4311,29.3,34979,10.9642,1.52,0.0
1787731141.308,4312,29.1,35146,10.9254,1.52,0.0
1787731141.338,4313,29.8,34405,10.9421,1.52,0.0
1787731141.366,4314,28.3,36190,10.9397,1.52,0.0
1787731141.397,4315,31.0,32997,10.9329,1.52,0.0
1787731141.425,4316,27.6,37066,10.9566,1.52,0.0
1787731141.531,4317,106.3,9632,10.9639,1.52,0.0
1787731141.552,4318,20.3,50478,10.9281,1.52,0.0
1787731141.572,4319,19.9,51401,10.9428,1.52,0.0
1787731141.592,4320,19.9,51574,10.9792,1.52,0.0
1787731141.710,4321,117.9,8689,10.9680,1.52,0.0
1787731141.731,4322,20.6,49781,10.9456,1.52,0.0
1787731141.751,4323,20.1,50965,10.9731,1.52,0.0
1787731141.773,4324,21.9,46809,10.9094,1.52,0.0
1787731141.794,4325,20.7,49519,10.9581,1.52,0.0
1787731142.195,4326,400.1,2559,10.9249,1.52,0.0
1787731142.229,4327,34.3,29837,10.9683,1.52,0.0
1787731142.265,4328,35.4,28910,10.9354,1.52,0.0
1787731142.305,4329,39.9,25645,10.9197,1.52,0.0
1787731142.322,4330,17.3,59045,10.9347,1.52,0.0
1787731142.340,4331,17.6,58035,10.9472,1.52,0.0
1787731142.358,4332,17.8,57495,10.9290,1.52,0.0
1787731142.376,4333,17.8,57498,10.9701,1.52,0.0
1787731142.394,4334,17.6,58087,10.9479,1.52,0.0
1787731142.412,4335,17.5,58465,10.9652,1.52,0.0
1787731142.430,4336,17.6,58336,10.9551,1.52,0.0
1787731142.448,4337,17.8,57606,10.9300,1.52,0.0
1787731142.465,4338,17.7,57902,10.9178,1.52,0.0
1787731142.483,4339,17.7,57981,10.9590,1.52,0.0
1787731142.501,4340,17.5,58521,10.9417,1.52,0.0
1787731142.519,4341,17.6,58326,10.9362,1.52,0.0
1787731142.536,4342,17.5,58480,10.9409,1.52,0.0
1787731142.570,4343,33.7,30396,10.9339,1.52,0.0
1787731142.605,4344,34.8,29458,10.9349,1.52,0.0
1787731142.638,4345,32.2,31754,10.9205,1.52,0.0
1787731142.671,4346,33.5,30558,10.9370,1.52,0.0
1787731142.705,4347,33.4,30628,10.9402,1.52,0.0
1787731143.090,4348,385.3,2658,10.9415,1.52,0.0
1787731143.114,4349,23.7,43287,10.9450,1.52,0.0
1787731143.405,4350,290.4,3527,10.9696,1.52,0.0
1787731143.440,4351,34.9,29336,10.9336,1.52,0.0
1787731143.473,4352,33.6,30520,10.9780,1.52,0.0
1787731143.506,4353,32.0,32012,10.9240,1.52,0.0
1787731143.539,4354,33.0,30987,10.9483,1.52,0.0
1787731143.571,4355,31.9,32143,10.9487,1.52,0.0
1787731143.605,4356,34.0,30152,10.9360,1.52,0.0
1787731143.637,4357,32.0,32045,10.9857,1.52,0.0
1787731143.671,4358,33.5,30557,10.9236,1.52,0.0
1787731143.703,4359,32.3,31710,10.9275,1.52,0.0
1787731143.736,4360,32.3,31679,10.9677,1.52,0.0
1787731143.768,4361,32.7,31308,10.9426,1.52,0.0
1787731143.801,4362,32.4,31604,10.9845,1.52,0.0
1787731143.834,4363,33.4,30679,10.9246,1.52,0.0
1787731143.866,4364,31.3,32743,10.9788,1.52,0.0
1787731143.898,4365,31.7,32266,10.9681,1.52,0.0
1787731143.928,4366,30.5,33601,10.9284,1.52,0.0
1787731143.960,4367,31.3,32745,10.9509,1.52,0.0
1787731143.990,4368,30.1,34071,10.9354,1.52,0.0
1787731144.021,4369,31.2,32776,10.9464,1.52,0.0
1787731144.052,4370,30.6,33503,10.9231,1.52,0.0
1787731144.083,4371,30.9,33089,10.9295,1.52,0.0
1787731144.114,4372,30.4,33642,10.9513,1.52,0.0
1787731144.145,4373,31.1,32884,10.9561,1.52,0.0
1787731144.188,4374,42.5,24109,10.9268,1.52,0.0
1787731144.219,4375,31.0,32988,10.9515,1.52,0.0
1787731144.252,4376,33.3,30753,10.9650,1.52,0.0
1787731144.285,4377,31.9,32074,10.9214,1.52,0.0
1787731144.314,4378,29.7,34434,10.9383,1.52,0.0
1787731144.346,4379,31.5,32552,10.9532,1.52,0.0
1787731144.378,4380,31.4,32580,10.9270,1.52,0.0
1787731144.407,4381,29.2,35026,10.9310,1.52,0.0
1787731144.738,4382,330.1,3102,10.9418,1.52,0.0
1787731144.773,4383,35.0,29243,10.9631,1.52,0.0
1787731144.803,4384,30.5,33536,10.9151,1.52,0.0
1787731145.080,4385,276.2,3707,10.9537,1.52,0.0
1787731145.113,4386,33.0,30988,10.9375,1.52,0.0
1787731145.145,4387,31.7,32307,10.9502,1.52,0.0
1787731145.177,4388,32.3,31728,10.9385,1.52,0.0
1787731145.208,4389,30.7,33313,10.9479,1.52,0.0
1787731145.240,4390,32.1,31925,10.9293,1.52,0.0
1787731145.272,4391,31.3,32764,10.9460,1.52,0.0
1787731145.304,4392,32.0,32002,10.9679,1.52,0.0
1787731145.336,4393,31.6,32355,10.9346,1.52,0.0
1787731145.367,4394,31.5,32478,10.9388,1.52,0.0
1787731145.399,4395,31.1,32949,10.9536,1.52,0.0
1787731145.431,4396,32.2,31837,10.9676,1.52,0.0
1787731145.463,4397,31.4,32574,10.9419,1.52,0.0
1787731145.495,4398,32.1,31859,10.9607,1.52,0.0
1787731145.526,4399,31.4,32587,10.9397,1.52,0.0
1787731145.559,4400,32.0,32050,10.9474,1.52,0.0
1787731145.591,4401,32.1,31931,10.9266,1.52,0.0
1787731145.622,4402,30.7,33399,10.9396,1.52,0.0
1787731145.655,4403,32.8,31187,10.9215,1.52,0.0
1787731145.856,4404,201.3,5088,10.9134,1.52,0.0
1787731145.890,4405,34.0,30110,10.9135,1.52,0.0
1787731145.923,4406,32.3,31716,10.9191,1.52,0.0
1787731145.954,4407,31.4,32653,10.9580,1.52,0.0
1787731145.987,4408,32.9,31083,10.9251,1.52,0.0
1787731146.019,4409,31.7,32287,10.9678,1.52,0.0
1787731146.054,4410,34.7,29531,10.9568,1.52,0.0
1787731146.255,4411,201.3,5088,10.9551,1.52,0.0
1787731146.292,4412,36.6,27978,10.9634,1.52,0.0
1787731146.338,4413,45.9,22304,10.9411,1.52,0.0
1787731146.372,4414,33.8,30285,10.9430,1.52,0.0
1787731146.408,4415,35.8,28564,10.9432,1.52,0.0
1787731146.442,4416,33.3,30731,10.9383,1.52,0.0
1787731146.476,4417,34.0,30112,10.9628,1.52,0.0
1787731146.511,4418,35.0,29282,10.9344,1.52,0.0
1787731146.568,4419,56.3,18177,10.9457,1.52,0.0
1787731146.587,4420,19.6,52230,10.9414,1.52,0.0
1787731146.608,4421,20.7,49535,10.9367,1.52,0.0
1787731146.628,4422,19.7,51849,10.9420,1.52,0.0
1787731146.648,4423,19.6,52310,10.9427,1.52,0.0
1787731146.668,4424,19.6,52253,10.9423,1.52,0.0
1787731146.688,4425,19.8,51717,10.9210,1.52,0.0
1787731146.708,4426,19.7,52099,10.9340,1.52,0.0
1787731146.767,4427,58.8,17410,10.9500,1.52,0.0
1787731146.786,4428,19.1,53698,10.9518,1.52,0.0
1787731146.804,4429,17.9,57357,10.9605,1.52,0.0
1787731146.822,4430,17.2,59363,10.9158,1.52,0.0
1787731146.842,4431,20.5,49984,10.9349,1.52,0.0
1787731146.862,4432,19.8,51705,10.9381,1.52,0.0
1787731146.882,4433,19.8,51847,10.9483,1.52,0.0
1787731146.902,4434,19.6,52177,10.9625,1.52,0.0
1787731146.922,4435,19.6,52326,10.9322,1.52,0.0
1787731146.942,4436,19.8,51709,10.9460,1.52,0.0
1787731146.962,4437,19.7,51868,10.9523,1.52,0.0
1787731146.981,4438,19.5,52603,10.9427,1.52,0.0
1787731147.147,4439,165.0,6205,10.9522,1.52,0.0
1787731147.167,4440,20.2,50693,10.9473,1.52,0.0
1787731147.186,4441,18.6,55057,10.9143,1.52,0.0
1787731147.205,4442,18.7,54823,10.9539,1.52,0.0
1787731147.223,4443,17.8,57601,10.9505,1.52,0.0
1787731147.241,4444,18.3,55966,10.9336,1.52,0.0
1787731147.260,4445,18.7,54829,10.9236,1.52,0.0
1787731147.278,4446,17.6,58106,10.9414,1.52,0.0
1787731147.297,4447,18.7,54809,10.9172,1.52,0.0
1787731147.316,4448,19.4,52803,10.9495,1.52,0.0
1787731147.336,4449,19.6,52191,10.9632,1.52,0.0
1787731147.376,4450,39.3,26051,10.9460,1.52,0.0
1787731147.414,4451,38.2,26786,10.9599,1.52,0.0
1787731147.447,4452,32.8,31178,10.9207,1.52,0.0
1787731147.650,4453,202.4,5060,10.9411,1.52,0.0
1787731147.685,4454,35.5,28879,10.9241,1.52,0.0
1787731147.719,4455,33.8,30337,10.9469,1.52,0.0
1787731147.754,4456,34.7,29511,10.9501,1.52,0.0
1787731147.786,4457,31.8,32178,10.9249,1.52,0.0
1787731147.819,4458,33.1,30906,10.9678,1.52,0.0
1787731148.021,4459,201.3,5086,10.8938,1.52,0.0
1787731148.055,4460,34.2,29909,10.9751,1.52,0.0
1787731148.087,4461,32.0,32039,10.9407,1.52,0.0
1787731148.119,4462,31.9,32113,10.9631,1.52,0.0
1787731148.318,4463,198.2,5167,10.9427,1.52,0.0
1787731148.354,4464,35.8,28609,10.9358,1.52,0.0
1787731148.386,4465,31.7,32317,10.9056,1.52,0.0
1787731148.418,4466,32.3,31680,10.9598,1.52,0.0
1787731148.450,4467,31.4,32648,10.9310,1.52,0.0
1787731148.482,4468,32.2,31757,10.9309,1.52,0.0
1787731148.513,4469,31.3,32762,10.9484,1.52,0.0
1787731148.546,4470,32.2,31790,10.9329,1.52,0.0
1787731148.577,4471,31.6,32437,10.9462,1.52,0.0
1787731148.610,4472,31.9,32074,10.9469,1.52,0.0
1787731148.641,4473,31.2,32826,10.9500,1.52,0.0
1787731148.674,4474,32.6,31384,10.9307,1.52,0.0
1787731148.705,4475,31.1,32883,10.9373,1.52,0.0
1787731148.738,4476,32.6,31371,10.9505,1.52,0.0
1787731148.769,4477,31.3,32766,10.9064,1.52,0.0
1787731148.802,4478,33.0,31030,10.9519,1.52,0.0
1787731148.834,4479,31.9,32095,10.9648,1.52,0.0
1787731148.866,4480,31.6,32384,10.9312,1.52,0.0
1787731148.898,4481,32.3,31749,10.9481,1.52,0.0
1787731148.930,4482,31.7,32268,10.9507,1.52,0.0
1787731148.963,4483,32.3,31683,10.9465,1.52,0.0
1787731148.994,4484,31.0,32994,10.9494,1.52,0.0
1787731149.026,4485,31.9,32062,10.9016,1.52,0.0
1787731149.058,4486,31.6,32440,10.9369,1.52,0.0
1787731149.091,4487,32.8,31203,10.9535,1.52,0.0
1787731149.123,4488,31.9,32101,10.9508,1.52,0.0
1787731149.155,4489,32.1,31865,10.9489,1.52,0.0
1787731149.187,4490,31.6,32424,10.9291,1.52,0.0
1787731149.220,4491,32.8,31228,10.9527,1.52,0.0
1787731149.252,4492,32.1,31921,10.9318,1.52,0.0
1787731149.284,4493,31.7,32342,10.9553,1.52,0.0
1787731149.315,4494,31.7,32330,10.9353,1.52,0.0
1787731149.347,4495,31.8,32200,10.9647,1.52,0.0
1787731149.378,4496,30.3,33746,10.9599,1.52,0.0
1787731149.410,4497,31.8,32203,10.9310,1.52,0.0
1787731149.443,4498,33.3,30743,10.9351,1.52,0.0
1787731149.644,4499,200.6,5105,10.9246,1.52,0.0
1787731149.677,4500,33.2,30856,10.9455,1.52,0.0
1787731149.708,4501,30.4,33634,10.9500,1.52,0.0
1787731149.740,4502,31.7,32301,10.9413,1.52,0.0
1787731149.771,4503,31.4,32621,10.9036,1.52,0.0
1787731149.803,4504,31.2,32826,10.9308,1.52,0.0
1787731149.835,4505,32.2,31815,10.9313,1.52,0.0
1787731149.867,4506,31.4,32564,10.9552,1.52,0.0
1787731149.898,4507,31.3,32704,10.9370,1.52,0.0
1787731149.929,4508,30.8,33280,10.9394,1.52,0.0
1787731149.961,4509,31.4,32604,10.9381,1.52,0.0
1787731149.992,4510,31.3,32729,10.9250,1.52,0.0
1787731150.024,4511,31.6,32400,10.9330,1.52,0.0
1787731150.055,4512,31.1,32976,10.9509,1.52,0.0
1787731150.087,4513,32.1,31913,10.9710,1.52,0.0
1787731150.119,4514,31.6,32421,10.9427,1.52,0.0
1787731150.151,4515,31.7,32297,10.9401,1.52,0.0
1787731150.181,4516,30.3,33742,10.9516,1.52,0.0
1787731150.213,4517,31.3,32704,10.9425,1.52,0.0
1787731150.243,4518,30.3,33751,10.9537,1.52,0.0
1787731150.275,4519,31.7,32311,10.9524,1.52,0.0
1787731150.305,4520,29.8,34392,10.9538,1.52,0.0
1787731150.337,4521,31.6,32411,10.9464,1.52,0.0
1787731150.368,4522,31.2,32853,10.9542,1.52,0.0
1787731150.397,4523,29.0,35259,10.9403,1.52,0.0
1787731150.443,4524,45.8,22374,10.9533,1.52,0.0
1787731150.475,4525,32.0,31964,10.9398,1.52,0.0
1787731150.508,4526,32.2,31809,10.9287,1.52,0.0
1787731150.540,4527,31.8,32243,10.9556,1.52,0.0
1787731150.571,4528,30.6,33446,10.9473,1.52,0.0
1787731150.601,4529,30.6,33452,10.9442,1.52,0.0
1787731150.631,4530,29.4,34861,10.9159,1.52,0.0
1787731150.662,4531,30.6,33446,10.9362,1.52,0.0
1787731150.930,4532,268.5,3814,10.9306,1.52,0.0
1787731150.961,4533,30.2,33907,10.9070,1.52,0.0
1787731150.989,4534,27.9,36768,10.9662,1.52,0.0
1787731151.019,4535,30.2,33954,10.9744,1.52,0.0
1787731151.057,4536,37.6,27269,10.9441,1.52,0.0
1787731151.107,4537,49.8,20563,10.9216,1.52,0.0
1787731151.147,4538,40.3,25414,10.9507,1.52,0.0
1787731151.185,4539,37.3,27462,10.9282,1.52,0.0
1787731151.221,4540,35.8,28609,10.9291,1.52,0.0
1787731151.258,4541,37.3,27481,10.9469,1.52,0.0
1787731151.294,4542,35.1,29170,10.9229,1.52,0.0
1787731151.330,4543,35.7,28670,10.9650,1.52,0.0
1787731151.363,4544,33.6,30515,10.9567,1.52,0.0
1787731151.627,4545,263.9,3880,10.9343,1.52,0.0
1787731151.658,4546,30.1,34038,10.9333,1.52,0.0
1787731151.693,4547,34.8,29404,10.9191,1.52,0.0
1787731151.728,4548,34.9,29300,10.9573,1.52,0.0
1787731151.762,4549,34.1,29990,10.9634,1.52,0.0
1787731151.797,4550,34.9,29348,10.9484,1.52,0.0
1787731151.833,4551,35.5,28864,10.9329,1.52,0.0
1787731151.867,4552,34.5,29665,10.9545,1.52,0.0
1787731151.902,4553,34.7,29520,10.9353,1.52,0.0
1787731151.937,4554,34.2,29936,10.9629,1.52,0.0
1787731151.971,4555,34.5,29717,10.9274,1.52,0.0
1787731152.005,4556,33.2,30852,10.9485,1.52,0.0
1787731152.039,4557,34.6,29618,10.9272,1.52,0.0
1787731152.075,4558,35.2,29059,10.9389,1.52,0.0
1787731152.110,4559,35.1,29158,10.9117,1.52,0.0
1787731152.145,4560,35.0,29238,10.9208,1.52,0.0
1787731152.180,4561,35.4,28933,10.9426,1.52,0.0
1787731152.216,4562,35.1,29155,10.9399,1.52,0.0
1787731152.250,4563,34.4,29782,10.9606,1.52,0.0
1787731152.285,4564,34.5,29676,10.9528,1.52,0.0
1787731152.320,4565,35.3,29015,10.9464,1.52,0.0
1787731152.354,4566,33.8,30301,10.9347,1.52,0.0
1787731152.388,4567,33.7,30429,10.9348,1.52,0.0
1787731152.422,4568,33.6,30437,10.9721,1.52,0.0
1787731152.455,4569,33.4,30625,10.9518,1.52,0.0
1787731152.489,4570,33.2,30844,10.9372,1.52,0.0
1787731152.522,4571,32.9,31142,10.9467,1.52,0.0
1787731152.555,4572,33.3,30774,10.9730,1.52,0.0
1787731152.590,4573,34.3,29825,10.9452,1.52,0.0
1787731152.623,4574,33.1,30955,10.9210,1.52,0.0
1787731152.657,4575,33.7,30396,10.9460,1.52,0.0
1787731152.691,4576,34.0,30159,10.9338,1.52,0.0
1787731152.724,4577,33.5,30558,10.9291,1.52,0.0
1787731152.758,4578,33.8,30269,10.9345,1.52,0.0
1787731152.792,4579,33.2,30817,10.9559,1.52,0.0
1787731152.826,4580,34.3,29867,10.9181,1.52,0.0
1787731152.859,4581,32.8,31256,10.9415,1.52,0.0
1787731152.892,4582,33.4,30685,10.9362,1.52,0.0
1787731152.926,4583,33.2,30830,10.9260,1.52,0.0
1787731152.960,4584,33.6,30449,10.9404,1.52,0.0
1787731152.993,4585,33.5,30564,10.9618,1.52,0.0
1787731153.027,4586,33.5,30567,10.9514,1.52,0.0
1787731153.060,4587,32.9,31116,10.9415,1.52,0.0
1787731153.094,4588,33.7,30389,10.9549,1.52,0.0
1787731153.139,4589,45.4,22547,10.9461,1.52,0.0
1787731153.193,4590,53.6,19108,10.9311,1.52,0.0
1787731153.245,4591,51.8,19782,10.9273,1.52,0.0
1787731153.297,4592,51.8,19766,10.9602,1.52,0.0
1787731153.361,4593,63.9,16036,10.9455,1.52,0.0
1787731153.417,4594,56.0,18272,10.9604,1.52,0.0
1787731153.470,4595,53.1,19280,10.9442,1.52,0.0
1787731153.490,4596,19.0,53801,10.9682,1.52,0.0
1787731153.506,4597,16.3,62692,10.9204,1.52,0.0
1787731153.524,4598,17.7,57999,10.9252,1.52,0.0
1787731153.544,4599,19.6,52351,10.9245,1.52,0.0
1787731153.563,4600,19.5,52411,10.9055,1.52,0.0
1787731153.582,4601,18.6,55144,10.9500,1.52,0.0
1787731153.598,4602,15.5,66000,10.9280,1.52,0.0
1787731153.867,4603,269.1,3806,10.9813,1.52,0.0
1787731153.902,4604,34.7,29512,10.9353,1.52,0.0
1787731153.955,4605,52.8,19402,10.9077,1.52,0.0
1787731154.010,4606,54.6,18763,10.9546,1.52,0.0
1787731154.206,4607,195.8,5231,10.9648,1.52,0.0
1787731154.239,4608,33.3,30781,10.9512,1.52,0.0
1787731154.273,4609,34.0,30157,10.9409,1.52,0.0
1787731154.307,4610,33.3,30750,10.9781,1.52,0.0
1787731154.340,4611,33.7,30408,10.9056,1.52,0.0
1787731154.375,4612,35.0,29232,10.9604,1.52,0.0
1787731154.410,4613,34.4,29762,10.9656,1.52,0.0
1787731154.445,4614,34.5,29654,10.9145,1.52,0.0
1787731154.479,4615,34.2,29917,10.9529,1.52,0.0
1787731154.513,4616,33.4,30673,10.9536,1.52,0.0
1787731154.546,4617,33.5,30544,10.9768,1.52,0.0
1787731154.580,4618,33.0,31008,10.9337,1.52,0.0
1787731154.619,4619,39.3,26059,10.9301,1.52,0.0
1787731154.656,4620,37.1,27638,10.9347,1.52,0.0
1787731154.694,4621,36.9,27777,10.9481,1.52,0.0
1787731154.731,4622,37.2,27543,10.9425,1.52,0.0
1787731154.766,4623,34.7,29509,10.9656,1.52,0.0
1787731154.801,4624,34.8,29440,10.9656,1.52,0.0
1787731154.836,4625,34.6,29562,10.9538,1.52,0.0
1787731154.872,4626,35.5,28826,10.9203,1.52,0.0
1787731155.180,4627,308.5,3319,10.9299,1.52,0.0
1787731155.472,4628,291.8,3510,10.9613,1.52,0.0
1787731155.506,4629,33.2,30838,10.9378,1.52,0.0
1787731155.545,4630,38.6,26512,10.9384,1.52,0.0
1787731155.584,4631,38.8,26358,10.9531,1.52,0.0
1787731155.622,4632,37.9,27038,10.9404,1.52,0.0
1787731155.660,4633,38.0,26933,10.9402,1.52,0.0
1787731155.700,4634,40.0,25598,10.9269,1.52,0.0
1787731155.741,4635,41.0,25000,10.9476,1.52,0.0
1787731155.758,4636,16.9,60461,10.9501,1.52,0.0
1787731155.776,4637,17.3,59235,10.9575,1.52,0.0
1787731155.793,4638,17.3,59152,10.9472,1.52,0.0
1787731155.811,4639,17.4,58988,10.9162,1.52,0.0
1787731155.829,4640,18.2,56185,10.9175,1.52,0.0
1787731155.847,4641,17.7,57929,10.9542,1.52,0.0
1787731155.865,4642,17.6,58293,10.9726,1.52,0.0
1787731155.883,4643,17.5,58507,10.9418,1.52,0.0
1787731155.900,4644,17.5,58589,10.9578,1.52,0.0
1787731155.918,4645,17.6,58315,10.9192,1.52,0.0
1787731155.936,4646,17.5,58558,10.9450,1.52,0.0
1787731155.953,4647,17.5,58542,10.9464,1.52,0.0
1787731155.971,4648,17.5,58365,10.9187,1.52,0.0
1787731156.175,4649,203.7,5027,10.9208,1.52,0.0
1787731156.205,4650,30.0,34171,10.9633,1.52,0.0
1787731156.233,4651,27.9,36729,10.9331,1.52,0.0
1787731156.261,4652,28.1,36475,10.9341,1.52,0.0
1787731156.289,4653,27.6,37142,10.9414,1.52,0.0
1787731156.317,4654,28.2,36372,10.9497,1.52,0.0
1787731156.346,4655,28.4,36023,10.9429,1.52,0.0
1787731156.374,4656,27.4,37337,10.9507,1.52,0.0
1787731156.402,4657,28.2,36279,10.9313,1.52,0.0
1787731156.429,4658,27.2,37696,10.9509,1.52,0.0
1787731156.460,4659,30.7,33325,10.9439,1.52,0.0
1787731156.511,4660,50.7,20190,10.9707,1.52,0.0
1787731156.532,4661,20.4,50091,10.9175,1.52,0.0
1787731156.859,4662,327.0,3131,10.9486,1.52,0.0
1787731156.890,4663,31.3,32710,10.9484,1.52,0.0
1787731157.175,4664,284.4,3600,10.9397,1.52,0.0
1787731157.449,4665,273.6,3743,10.9591,1.52,0.0
1787731157.481,4666,32.4,31617,10.9423,1.52,0.0
1787731157.514,4667,32.4,31594,10.9538,1.52,0.0
1787731157.544,4668,30.3,33829,10.9510,1.52,0.0
1787731157.592,4669,47.6,21504,10.9743,1.52,0.0
1787731157.624,4670,31.5,32513,10.9460,1.52,0.0
1787731157.658,4671,33.7,30403,10.9304,1.52,0.0
1787731157.691,4672,33.4,30649,10.9585,1.52,0.0
1787731157.724,4673,32.1,31908,10.9183,1.52,0.0
1787731157.758,4674,33.8,30289,10.9353,1.52,0.0
1787731157.790,4675,31.8,32221,10.9318,1.52,0.0
1787731157.822,4676,32.2,31776,10.9067,1.52,0.0
1787731157.854,4677,32.0,31966,10.9664,1.52,0.0
1787731157.887,4678,32.2,31789,10.9450,1.52,0.0
1787731157.921,4679,34.0,30146,10.9532,1.52,0.0
1787731157.953,4680,31.8,32192,10.9228,1.52,0.0
1787731157.985,4681,31.4,32593,10.9609,1.52,0.0
1787731158.018,4682,32.9,31160,10.9310,1.52,0.0
1787731158.049,4683,31.0,32987,10.9312,1.52,0.0
1787731158.092,4684,42.6,24030,10.9421,1.52,0.0
1787731158.110,4685,17.7,57708,10.9415,1.52,0.0
1787731158.127,4686,17.1,59744,10.9320,1.52,0.0
1787731158.145,4687,17.8,57647,10.9560,1.52,0.0
1787731158.164,4688,18.3,55925,10.9587,1.52,0.0
1787731158.184,4689,20.7,49539,10.9185,1.52,0.0
1787731158.203,4690,18.6,55139,10.9267,1.52,0.0
1787731158.223,4691,20.0,51263,10.9383,1.52,0.0
1787731158.244,4692,20.2,50715,10.9683,1.52,0.0
1787731158.264,4693,19.8,51675,10.9166,1.52,0.0
1787731158.284,4694,19.8,51666,10.9447,1.52,0.0
1787731158.304,4695,19.8,51718,10.9354,1.52,0.0
1787731158.324,4696,19.8,51677,10.9632,1.52,0.0
1787731158.352,4697,27.9,36765,10.9333,1.52,0.0
1787731158.381,4698,28.8,35506,10.9226,1.52,0.0
1787731158.400,4699,18.6,55038,10.9352,1.52,0.0
1787731158.418,4700,18.0,56742,10.9333,1.52,0.0
1787731158.436,4701,17.7,57817,10.9313,1.52,0.0
1787731158.455,4702,18.4,55741,10.9339,1.52,0.0
1787731158.473,4703,17.8,57682,10.9319,1.52,0.0
1787731158.491,4704,18.2,56397,10.9427,1.52,0.0
1787731158.511,4705,20.3,50540,10.9609,1.52,0.0
1787731158.532,4706,20.5,49846,10.9246,1.52,0.0
1787731158.553,4707,20.1,50916,10.9338,1.52,0.0
1787731158.573,4708,20.1,50917,10.9502,1.52,0.0
1787731158.593,4709,19.5,52637,10.9344,1.52,0.0
1787731158.611,4710,18.6,55153,10.9204,1.52,0.0
1787731158.828,4711,216.7,4725,10.9355,1.52,0.0
1787731158.862,4712,33.5,30542,10.9438,1.52,0.0
1787731158.895,4713,33.3,30776,10.9277,1.52,0.0
1787731158.927,4714,31.6,32366,10.9474,1.52,0.0
1787731158.959,4715,31.9,32089,10.9676,1.52,0.0
1787731158.990,4716,31.1,32922,10.9520,1.52,0.0
1787731159.023,4717,32.4,31562,10.9279,1.52,0.0
1787731159.054,4718,31.3,32726,10.9176,1.52,0.0
1787731159.086,4719,31.5,32538,10.9350,1.52,0.0
1787731159.117,4720,31.4,32634,10.9423,1.52,0.0
1787731159.150,4721,32.5,31525,10.9674,1.52,0.0
1787731159.183,4722,32.3,31717,10.9565,1.52,0.0
1787731159.218,4723,35.0,29242,10.9371,1.52,0.0
1787731159.301,4724,82.9,12351,10.9635,1.52,0.0
1787731159.322,4725,21.1,48604,10.9488,1.52,0.0
1787731159.343,4726,20.7,49391,10.9190,1.52,0.0
1787731159.363,4727,20.1,50989,10.9688,1.52,0.0
1787731159.383,4728,19.5,52580,10.9409,1.52,0.0
1787731159.403,4729,19.4,52818,10.9352,1.52,0.0
1787731159.422,4730,19.5,52632,10.9616,1.52,0.0
1787731159.457,4731,34.9,29317,10.9737,1.52,0.0
1787731159.492,4732,34.1,30062,10.9132,1.52,0.0
1787731159.524,4733,32.5,31556,10.8994,1.52,0.0
1787731159.557,4734,33.0,31041,10.9366,1.52,0.0
1787731159.589,4735,31.5,32558,10.9235,1.52,0.0
1787731159.622,4736,33.1,30917,10.9561,1.52,0.0
1787731159.655,4737,32.9,31109,10.9390,1.52,0.0
1787731159.688,4738,33.1,30937,10.9346,1.52,0.0
1787731159.721,4739,32.3,31666,10.9667,1.52,0.0
1787731159.755,4740,33.5,30535,10.9584,1.52,0.0
1787731159.787,4741,32.3,31664,10.9399,1.52,0.0
1787731159.820,4742,33.1,30916,10.9491,1.52,0.0
1787731159.853,4743,32.4,31614,10.9715,1.52,0.0
1787731159.885,4744,31.8,32220,10.9517,1.52,0.0
1787731159.918,4745,32.7,31344,10.9701,1.52,0.0
1787731159.949,4746,31.8,32237,10.9409,1.52,0.0
1787731159.983,4747,33.0,31027,10.9170,1.52,0.0
1787731160.015,4748,32.3,31668,10.9222,1.52,0.0
1787731160.048,4749,32.8,31242,10.9474,1.52,0.0
1787731160.080,4750,32.2,31795,10.9497,1.52,0.0
1787731160.282,4751,201.6,5080,10.9619,1.52,0.0
1787731160.318,4752,35.9,28557,10.9821,1.52,0.0
1787731160.349,4753,30.9,33101,10.9569,1.52,0.0
1787731160.380,4754,31.0,33025,10.9435,1.52,0.0
1787731160.412,4755,31.8,32212,10.9633,1.52,0.0
1787731160.445,4756,32.9,31151,10.9647,1.52,0.0
1787731160.492,4757,46.4,22076,10.9465,1.52,0.0
1787731160.527,4758,35.4,28946,10.9394,1.52,0.0
1787731160.561,4759,33.0,31040,10.9322,1.52,0.0
1787731160.594,4760,33.6,30466,10.9650,1.52,0.0
1787731160.627,4761,32.2,31842,10.9368,1.52,0.0
1787731160.661,4762,33.8,30284,10.9314,1.52,0.0
1787731160.694,4763,32.6,31398,10.9474,1.52,0.0
1787731160.725,4764,30.9,33097,10.9286,1.52,0.0
1787731161.007,4765,282.1,3630,10.9479,1.52,0.0
1787731161.043,4766,35.9,28502,10.9232,1.52,0.0
1787731161.076,4767,32.4,31634,10.9354,1.52,0.0
1787731161.109,4768,33.4,30679,10.9197,1.52,0.0
1787731161.141,4769,31.6,32445,10.9474,1.52,0.0
1787731161.174,4770,32.9,31080,10.9389,1.52,0.0
1787731161.207,4771,32.6,31406,10.9491,1.52,0.0
1787731161.240,4772,32.2,31840,10.9406,1.52,0.0
1787731161.444,4773,203.8,5024,10.9239,1.52,0.0
1787731161.465,4774,21.5,47520,10.9545,1.52,0.0
1787731161.485,4775,19.2,53340,10.9333,1.52,0.0
1787731161.503,4776,17.8,57594,10.9284,1.52,0.0
1787731161.521,4777,17.7,57764,10.9089,1.52,0.0
1787731161.821,4778,299.7,3417,10.9310,1.52,0.0
1787731161.855,4779,34.7,29545,10.9566,1.52,0.0
1787731161.887,4780,31.0,33056,10.9253,1.52,0.0
1787731161.918,4781,31.3,32669,10.9404,1.52,0.0
1787731161.956,4782,37.7,27128,10.9345,1.52,0.0
1787731161.987,4783,31.0,33020,10.9400,1.52,0.0
1787731162.020,4784,33.0,31035,10.9346,1.52,0.0
1787731162.052,4785,31.7,32337,10.9173,1.52,0.0
1787731162.083,4786,30.3,33772,10.9391,1.52,0.0
1787731162.114,4787,30.9,33088,10.9457,1.52,0.0
1787731162.145,4788,31.2,32790,10.9466,1.52,0.0
1787731162.176,4789,30.4,33726,10.9410,1.52,0.0
1787731162.207,4790,31.2,32853,10.9558,1.52,0.0
1787731162.236,4791,29.0,35350,10.9403,1.52,0.0
1787731162.539,4792,302.4,3387,10.9217,1.52,0.0
1787731162.571,4793,32.1,31943,10.9307,1.52,0.0
1787731162.604,4794,32.7,31305,10.9314,1.52,0.0
1787731162.636,4795,31.9,32062,10.9694,1.52,0.0
1787731162.668,4796,31.7,32346,10.9563,1.52,0.0
1787731162.701,4797,32.2,31813,10.9255,1.52,0.0
1787731162.732,4798,31.1,32969,10.9413,1.52,0.0
1787731162.765,4799,32.6,31448,10.9265,1.52,0.0
1787731163.034,4800,269.4,3801,10.9385,1.52,0.0
1787731163.065,4801,30.8,33272,10.9800,1.52,0.0
1787731163.094,4802,28.9,35439,10.9495,1.52,0.0
1787731163.123,4803,28.6,35855,10.9610,1.52,0.0
1787731163.152,4804,29.1,35168,10.9384,1.52,0.0
1787731163.181,4805,28.1,36386,10.9269,1.52,0.0
1787731163.210,4806,29.5,34700,10.9630,1.52,0.0
1787731163.238,4807,27.9,36646,10.9269,1.52,0.0
1787731163.268,4808,29.7,34510,10.9626,1.52,0.0
1787731163.296,4809,28.2,36259,10.9514,1.52,0.0
1787731163.326,4810,29.3,34956,10.9320,1.52,0.0
1787731163.355,4811,29.1,35248,10.9539,1.52,0.0
1787731163.384,4812,29.1,35239,10.9140,1.52,0.0
1787731163.413,4813,29.1,35249,10.9377,1.52,0.0
1787731163.442,4814,28.9,35467,10.9483,1.52,0.0
1787731163.472,4815,29.6,34559,10.9379,1.52,0.0
1787731163.500,4816,28.0,36558,10.9446,1.52,0.0
1787731163.530,4817,29.0,35280,10.9510,1.52,0.0
1787731163.557,4818,27.4,37355,10.9556,1.52,0.0
1787731163.586,4819,28.9,35386,10.9428,1.52,0.0
1787731163.615,4820,28.2,36305,10.9247,1.52,0.0
1787731163.643,4821,28.6,35743,10.9193,1.52,0.0
1787731163.671,4822,27.6,37114,10.9621,1.52,0.0
1787731163.699,4823,28.3,36208,10.9466,1.52,0.0
1787731163.727,4824,27.5,37233,10.9196,1.52,0.0
1787731163.756,4825,29.0,35354,10.9483,1.52,0.0
1787731163.788,4826,31.8,32229,10.9446,1.52,0.0
1787731163.984,4827,195.5,5237,10.9485,1.52,0.0
1787731164.014,4828,30.2,33883,10.9267,1.52,0.0
1787731164.043,4829,29.2,35040,10.9543,1.52,0.0
1787731164.072,4830,28.5,35967,10.9784,1.52,0.0
1787731164.101,4831,29.2,35073,10.9453,1.52,0.0
1787731164.129,4832,27.8,36880,10.9299,1.52,0.0
1787731164.159,4833,29.4,34817,10.9413,1.52,0.0
1787731164.187,4834,28.2,36374,10.9348,1.52,0.0
1787731164.217,4835,29.9,34302,10.9213,1.52,0.0
1787731164.245,4836,27.9,36661,10.9304,1.52,0.0
1787731164.418,4837,172.8,5925,10.9256,1.52,0.0
1787731164.451,4838,32.9,31142,10.9460,1.52,0.0
1787731164.475,4839,24.0,42694,10.9397,1.52,0.0
1787731164.496,4840,20.3,50451,10.9557,1.52,0.0
1787731164.516,4841,20.0,51286,10.9097,1.52,0.0
1787731164.536,4842,19.8,51633,10.9594,1.52,0.0
1787731164.556,4843,19.7,51886,10.9715,1.52,0.0
1787731164.576,4844,19.6,52323,10.9412,1.52,0.0
1787731164.596,4845,19.7,52040,10.9317,1.52,0.0
1787731164.616,4846,19.5,52440,10.9620,1.52,0.0
1787731164.817,4847,201.2,5090,10.9312,1.52,0.0
1787731164.852,4848,34.9,29363,10.9520,1.52,0.0
1787731164.883,4849,30.4,33665,10.8984,1.52,0.0
1787731164.914,4850,31.7,32288,10.9408,1.52,0.0
1787731164.946,4851,31.0,32993,10.9473,1.52,0.0
1787731164.977,4852,31.4,32630,10.9199,1.52,0.0
1787731165.008,4853,30.4,33703,10.9461,1.52,0.0
1787731165.039,4854,31.7,32318,10.9411,1.52,0.0
1787731165.070,4855,29.9,34241,10.9603,1.52,0.0
1787731165.101,4856,31.7,32342,10.9451,1.52,0.0
1787731165.132,4857,30.0,34161,10.9220,1.52,0.0
1787731165.164,4858,31.9,32079,10.9442,1.52,0.0
1787731165.193,4859,29.0,35309,10.9483,1.52,0.0
1787731165.223,4860,30.4,33710,10.9337,1.52,0.0
1787731165.252,4861,28.9,35455,10.9552,1.52,0.0
1787731165.283,4862,31.0,33010,10.9449,1.52,0.0
1787731165.313,4863,29.3,34994,10.9329,1.52,0.0
1787731165.343,4864,29.6,34601,10.9395,1.52,0.0
1787731165.373,4865,30.4,33703,10.9404,1.52,0.0
1787731165.403,4866,29.9,34299,10.9554,1.52,0.0
1787731165.433,4867,29.9,34238,10.9347,1.52,0.0
1787731165.463,4868,30.2,33938,10.9454,1.52,0.0
1787731165.659,4869,195.8,5231,10.9271,1.52,0.0
1787731165.692,4870,32.8,31233,10.9377,1.52,0.0
1787731165.891,4871,198.1,5170,10.9185,1.52,0.0
1787731165.921,4872,30.6,33461,10.9643,1.52,0.0
1787731165.951,4873,29.9,34228,10.9484,1.52,0.0
1787731165.981,4874,29.8,34345,10.9258,1.52,0.0
1787731166.011,4875,29.6,34622,10.9869,1.52,0.0
1787731166.041,4876,29.8,34340,10.9453,1.52,0.0
1787731166.071,4877,29.5,34656,10.9387,1.52,0.0
1787731166.100,4878,29.7,34482,10.9529,1.52,0.0
1787731166.130,4879,29.8,34396,10.9535,1.52,0.0
1787731166.161,4880,30.1,33972,10.9313,1.52,0.0
1787731166.190,4881,29.2,35089,10.9659,1.52,0.0
1787731166.219,4882,28.6,35800,10.9579,1.52,0.0
1787731166.247,4883,27.8,36873,10.9243,1.52,0.0
1787731166.276,4884,29.6,34550,10.9624,1.52,0.0
1787731166.304,4885,27.3,37444,10.9386,1.52,0.0
1787731166.333,4886,29.3,34972,10.9609,1.52,0.0
1787731166.361,4887,27.8,36816,10.9279,1.52,0.0
1787731166.391,4888,29.8,34331,10.9296,1.52,0.0
1787731166.419,4889,28.1,36377,10.9333,1.52,0.0
1787731166.449,4890,29.1,35174,10.9354,1.52,0.0
1787731166.491,4891,42.1,24352,10.9080,1.52,0.0
1787731166.522,4892,30.7,33316,10.9391,1.52,0.0
1787731166.552,4893,30.1,34014,10.9463,1.52,0.0
1787731166.580,4894,27.7,36985,10.9263,1.52,0.0
1787731166.610,4895,29.4,34780,10.9483,1.52,0.0
1787731166.638,4896,28.5,35901,10.9403,1.52,0.0
1787731166.668,4897,29.0,35263,10.9375,1.52,0.0
1787731166.697,4898,28.9,35376,10.9433,1.52,0.0
1787731166.726,4899,28.5,35914,10.9878,1.52,0.0
1787731166.754,4900,28.0,36604,10.9533,1.52,0.0
1787731167.041,4901,286.8,3570,10.9377,1.52,0.0
1787731167.071,4902,29.7,34532,10.9419,1.52,0.0
1787731167.099,4903,28.7,35735,10.9380,1.52,0.0
1787731167.129,4904,29.7,34521,10.9544,1.52,0.0
1787731167.159,4905,29.3,35008,10.9543,1.52,0.0
1787731167.187,4906,28.6,35823,10.9449,1.52,0.0
1787731167.217,4907,29.1,35199,10.9294,1.52,0.0
1787731167.245,4908,28.5,35951,10.9513,1.52,0.0
1787731167.275,4909,29.3,35004,10.9491,1.52,0.0
1787731167.303,4910,28.0,36591,10.9366,1.52,0.0
1787731167.333,4911,30.2,33951,10.9704,1.52,0.0
1787731167.362,4912,28.7,35683,10.9297,1.52,0.0
1787731167.392,4913,30.2,33854,10.9204,1.52,0.0
1787731167.421,4914,28.2,36290,10.9387,1.52,0.0
1787731167.450,4915,29.6,34589,10.9451,1.52,0.0
1787731167.481,4916,30.0,34154,10.9427,1.52,0.0
1787731167.509,4917,28.8,35602,10.9289,1.52,0.0
1787731167.538,4918,28.8,35521,10.9133,1.52,0.0
1787731167.567,4919,28.0,36519,10.9463,1.52,0.0
1787731167.595,4920,28.6,35783,10.9356,1.52,0.0
1787731167.623,4921,27.7,37027,10.9492,1.52,0.0
1787731167.668,4922,44.4,23077,10.9566,1.52,0.0
1787731167.699,4923,31.3,32705,10.9331,1.52,0.0
1787731167.729,4924,29.2,35016,10.9357,1.52,0.0
1787731167.759,4925,29.6,34614,10.9256,1.52,0.0
1787731167.788,4926,28.8,35520,10.9541,1.52,0.0
1787731167.817,4927,28.9,35436,10.9304,1.52,0.0
1787731167.853,4928,35.7,28684,10.9492,1.52,0.0
1787731167.890,4929,36.7,27914,10.9389,1.52,0.0
1787731167.926,4930,36.6,27955,10.9432,1.52,0.0
1787731167.956,4931,29.5,34663,10.9464,1.52,0.0
1787731167.976,4932,19.4,52896,10.9471,1.52,0.0
1787731167.995,4933,18.9,54137,10.9356,1.52,0.0
1787731168.015,4934,19.7,52038,10.9304,1.52,0.0
1787731168.034,4935,19.1,53705,10.9382,1.52,0.0
1787731168.054,4936,19.9,51488,10.9475,1.52,0.0
1787731168.074,4937,19.9,51345,10.9538,1.52,0.0
1787731168.094,4938,19.8,51665,10.9340,1.52,0.0
1787731168.115,4939,20.1,50991,10.9202,1.52,0.0
1787731168.135,4940,20.1,51034,10.9407,1.52,0.0
1787731168.155,4941,20.0,51324,10.9448,1.52,0.0
1787731168.175,4942,19.7,51960,10.9498,1.52,0.0
1787731168.195,4943,19.6,52357,10.9188,1.52,0.0
1787731168.396,4944,200.6,5105,10.9794,1.52,0.0
1787731168.425,4945,29.1,35246,10.9435,1.52,0.0
1787731168.453,4946,28.2,36325,10.9616,1.52,0.0
1787731168.483,4947,29.5,34745,10.9335,1.52,0.0
1787731168.513,4948,29.6,34581,10.9449,1.52,0.0
1787731168.543,4949,29.5,34667,10.9427,1.52,0.0
1787731168.572,4950,29.4,34839,10.9405,1.52,0.0
1787731168.600,4951,28.0,36568,10.9491,1.52,0.0
1787731168.630,4952,29.0,35281,10.9539,1.52,0.0
1787731168.659,4953,28.8,35523,10.9302,1.52,0.0
1787731168.686,4954,27.6,37038,10.9548,1.52,0.0
1787731168.704,4955,17.5,58496,10.9350,1.52,0.0
1787731168.723,4956,18.5,55417,10.9525,1.52,0.0
1787731168.743,4957,19.7,52080,10.9539,1.52,0.0
1787731168.766,4958,22.6,45261,10.9630,1.52,0.0
1787731168.787,4959,21.7,47239,10.9324,1.52,0.0
1787731168.809,4960,21.5,47555,10.9153,1.52,0.0
1787731168.831,4961,21.4,47786,10.9326,1.52,0.0
1787731168.853,4962,21.3,48033,10.9370,1.52,0.0
1787731168.874,4963,21.4,47799,10.9198,1.52,0.0
1787731168.896,4964,21.5,47526,10.9377,1.52,0.0
1787731168.975,4965,79.3,12921,10.9641,1.52,0.0
1787731168.998,4966,22.6,45296,10.9312,1.52,0.0
1787731169.019,4967,20.2,50725,10.9571,1.52,0.0
1787731169.038,4968,19.2,53354,10.9716,1.52,0.0
1787731169.058,4969,19.3,53148,10.9452,1.52,0.0
1787731169.077,4970,19.1,53740,10.9471,1.52,0.0
1787731169.096,4971,18.9,54043,10.9641,1.52,0.0
1787731169.304,4972,207.5,4935,10.9344,1.52,0.0
1787731169.336,4973,32.0,32043,10.9363,1.52,0.0
1787731169.367,4974,31.2,32808,10.9538,1.52,0.0
1787731169.397,4975,29.1,35231,10.9391,1.52,0.0
1787731169.427,4976,30.4,33631,10.9483,1.52,0.0
1787731169.457,4977,30.1,34005,10.9270,1.52,0.0
1787731169.488,4978,30.1,34003,10.9559,1.52,0.0
1787731169.518,4979,29.7,34482,10.9471,1.52,0.0
1787731169.546,4980,28.1,36425,10.9505,1.52,0.0
1787731169.574,4981,28.5,35986,10.9311,1.52,0.0
1787731169.602,4982,27.5,37300,10.9757,1.52,0.0
1787731169.631,4983,28.5,35929,10.9281,1.52,0.0
1787731169.658,4984,27.5,37174,10.9433,1.52,0.0
1787731169.688,4985,29.1,35223,10.9460,1.52,0.0
1787731169.716,4986,27.9,36643,10.9473,1.52,0.0
1787731169.744,4987,28.3,36246,10.9757,1.52,0.0
1787731169.771,4988,27.2,37713,10.9547,1.52,0.0
1787731169.800,4989,28.1,36449,10.9313,1.52,0.0
1787731169.829,4990,29.5,34702,10.9468,1.52,0.0
1787731169.931,4991,102.0,10043,10.9531,1.52,0.0
1787731169.952,4992,20.8,49310,10.9370,1.52,0.0
1787731169.973,4993,20.2,50801,10.9631,1.52,0.0
1787731169.993,4994,19.8,51623,10.9415,1.52,0.0
1787731170.013,4995,19.6,52253,10.9727,1.52,0.0
1787731170.217,4996,204.6,5006,10.9577,1.52,0.0
1787731170.250,4997,32.1,31859,10.9478,1.52,0.0
1787731170.279,4998,28.9,35377,10.9370,1.52,0.0
1787731170.309,4999,30.0,34094,10.9412,1.52,0.0
1787731170.338,5000,28.9,35379,10.9113,1.52,0.0
1787731170.368,5001,30.0,34142,10.9433,1.52,0.0
1787731170.398,5002,29.2,35021,10.9369,1.52,0.0
1787731170.426,5003,28.8,35518,10.9513,1.52,0.0
1787731170.455,5004,28.3,36186,10.9616,1.52,0.0
1787731170.485,5005,29.8,34358,10.9539,1.52,0.0
1787731170.514,5006,28.8,35530,10.9301,1.52,0.0
1787731170.544,5007,29.6,34573,10.9516,1.52,0.0
1787731170.572,5008,28.2,36313,10.9441,1.52,0.0
1787731170.601,5009,29.4,34777,10.9514,1.52,0.0
1787731170.630,5010,28.3,36169,10.9498,1.52,0.0
1787731170.659,5011,29.4,34772,10.9336,1.52,0.0
1787731170.689,5012,29.0,35280,10.9532,1.52,0.0
1787731170.718,5013,29.7,34492,10.9570,1.52,0.0
1787731170.748,5014,29.4,34836,10.9337,1.52,0.0
1787731170.778,5015,29.5,34707,10.9482,1.52,0.0
1787731170.807,5016,28.8,35523,10.9384,1.52,0.0
1787731170.835,5017,28.2,36306,10.9315,1.52,0.0
1787731170.864,5018,28.7,35652,10.9318,1.52,0.0
1787731170.892,5019,28.3,36174,10.9596,1.52,0.0
1787731170.923,5020,31.0,32991,10.9240,1.52,0.0
1787731170.951,5021,27.5,37304,10.9370,1.52,0.0
1787731171.171,5022,220.2,4651,10.9448,1.52,0.0
1787731171.203,5023,31.5,32478,10.9641,1.52,0.0
1787731171.234,5024,30.2,33961,10.9369,1.52,0.0
1787731171.264,5025,30.4,33729,10.9390,1.52,0.0
1787731171.295,5026,30.3,33834,10.9603,1.52,0.0
1787731171.324,5027,29.1,35179,10.9344,1.52,0.0
1787731171.356,5028,32.0,31994,10.9692,1.52,0.0
1787731171.387,5029,30.6,33470,10.9432,1.52,0.0
1787731171.671,5030,283.9,3607,10.9396,1.52,0.0
1787731171.704,5031,33.3,30792,10.9176,1.52,0.0
1787731171.738,5032,33.1,30940,10.9496,1.52,0.0
1787731171.770,5033,32.4,31591,10.9310,1.52,0.0
1787731171.803,5034,32.0,32038,10.9186,1.52,0.0
1787731171.840,5035,37.2,27540,10.9772,1.52,0.0
1787731171.872,5036,31.9,32082,10.9309,1.52,0.0
1787731171.903,5037,30.8,33232,10.9232,1.52,0.0
1787731171.935,5038,31.8,32155,10.9257,1.52,0.0
1787731171.966,5039,30.8,33301,10.9298,1.52,0.0
1787731171.999,5040,32.6,31392,10.9392,1.52,0.0
1787731172.030,5041,30.5,33538,10.9458,1.52,0.0
1787731172.062,5042,32.1,31892,10.9376,1.52,0.0
1787731172.093,5043,30.7,33380,10.9426,1.52,0.0
1787731172.123,5044,29.6,34641,10.9593,1.52,0.0
1787731172.141,5045,18.5,55483,10.9222,1.52,0.0
1787731172.159,5046,17.6,58052,10.9257,1.52,0.0
1787731172.177,5047,17.5,58369,10.9407,1.52,0.0
1787731172.718,5048,540.4,1895,10.9618,1.52,0.0
1787731172.753,5049,35.3,28997,10.9670,1.52,0.0
1787731172.787,5050,33.2,30854,10.9640,1.52,0.0
1787731172.820,5051,32.9,31140,10.9426,1.52,0.0
1787731172.837,5052,17.4,58763,10.9394,1.52,0.0
1787731172.856,5053,18.4,55572,10.9280,1.52,0.0
1787731172.873,5054,17.1,59990,10.9496,1.52,0.0
1787731172.893,5055,19.3,53159,10.9421,1.52,0.0
1787731172.912,5056,18.9,54287,10.9199,1.52,0.0
1787731172.933,5057,21.5,47735,10.9456,1.52,0.0
1787731172.955,5058,21.3,47980,10.9252,1.52,0.0
1787731172.977,5059,21.5,47532,10.9340,1.52,0.0
1787731172.999,5060,21.7,47097,10.9446,1.52,0.0
1787731173.020,5061,21.3,48141,10.9423,1.52,0.0
1787731173.042,5062,21.2,48252,10.9645,1.52,0.0
1787731173.328,5063,286.3,3577,10.9661,1.52,0.0
1787731173.362,5064,33.9,30238,10.9310,1.52,0.0
1787731173.396,5065,33.9,30215,10.9662,1.52,0.0
1787731173.429,5066,32.8,31260,10.9462,1.52,0.0
1787731173.460,5067,30.3,33752,10.9303,1.52,0.0
1787731173.480,5068,20.3,50502,10.9362,1.52,0.0
1787731173.501,5069,20.2,50627,10.9414,1.52,0.0
1787731173.521,5070,20.0,51281,10.9216,1.52,0.0
1787731173.541,5071,19.6,52129,10.9314,1.52,0.0
1787731173.560,5072,19.6,52293,10.9236,1.52,0.0
1787731173.580,5073,19.6,52332,10.9586,1.52,0.0
1787731173.600,5074,19.6,52330,10.9500,1.52,0.0
1787731173.648,5075,48.2,21247,10.9540,1.52,0.0
1787731173.684,5076,35.6,28732,10.9521,1.52,0.0
1787731173.718,5077,33.9,30225,10.9379,1.52,0.0
1787731173.754,5078,34.9,29350,10.9762,1.52,0.0
1787731173.899,5079,145.1,7055,10.9224,1.52,0.0
1787731173.919,5080,19.8,51707,10.9333,1.52,0.0
1787731173.937,5081,18.2,56160,10.9531,1.52,0.0
1787731174.118,5082,180.4,5675,10.9310,1.52,0.0
1787731174.140,5083,21.8,46908,10.9308,1.52,0.0
1787731174.160,5084,19.9,51571,10.9528,1.52,0.0
1787731174.181,5085,20.3,50332,10.9078,1.52,0.0
1787731174.201,5086,20.3,50489,10.9240,1.52,0.0
1787731174.221,5087,19.6,52177,10.9772,1.52,0.0
1787731174.436,5088,214.6,4771,10.9243,1.52,0.0
1787731174.472,5089,35.9,28551,10.9461,1.52,0.0
1787731174.505,5090,33.4,30618,10.9397,1.52,0.0
1787731174.539,5091,33.4,30702,10.9412,1.52,0.0
1787731174.573,5092,33.6,30454,10.9264,1.52,0.0
1787731174.605,5093,32.3,31685,10.9332,1.52,0.0
1787731174.638,5094,32.6,31406,10.9280,1.52,0.0
1787731174.671,5095,32.5,31545,10.9497,1.52,0.0
1787731174.704,5096,33.4,30628,10.9240,1.52,0.0
1787731174.736,5097,31.6,32439,10.9450,1.52,0.0
1787731174.770,5098,34.1,30050,10.9339,1.52,0.0
1787731174.804,5099,34.3,29872,10.9603,1.52,0.0
1787731174.837,5100,32.5,31516,10.9669,1.52,0.0
1787731174.870,5101,32.9,31112,10.9340,1.52,0.0
1787731174.903,5102,32.5,31533,10.9305,1.52,0.0
1787731174.936,5103,33.5,30536,10.9496,1.52,0.0
1787731174.969,5104,32.2,31823,10.9538,1.52,0.0
1787731175.003,5105,34.1,30048,10.9402,1.52,0.0
1787731175.035,5106,31.9,32125,10.9700,1.52,0.0
1787731175.238,5107,202.9,5047,10.9415,1.52,0.0
1787731175.273,5108,35.1,29173,10.9345,1.52,0.0
1787731175.307,5109,33.9,30206,10.9283,1.52,0.0
1787731175.510,5110,202.6,5053,10.9341,1.52,0.0
1787731175.549,5111,39.1,26160,10.9128,1.52,0.0
1787731175.584,5112,34.8,29386,10.9448,1.52,0.0
1787731175.618,5113,33.0,31017,10.9755,1.52,0.0
1787731175.652,5114,34.1,30020,10.9601,1.52,0.0
1787731175.684,5115,32.2,31831,10.9236,1.52,0.0
1787731175.719,5116,34.3,29873,10.9353,1.52,0.0
1787731175.754,5117,35.1,29150,10.9465,1.52,0.0
1787731175.788,5118,33.8,30265,10.9328,1.52,0.0
1787731175.822,5119,33.9,30208,10.9435,1.52,0.0
1787731175.856,5120,33.5,30579,10.9091,1.52,0.0
1787731175.893,5121,36.1,28348,10.9180,1.52,0.0
1787731175.927,5122,34.5,29664,10.9391,1.52,0.0
1787731175.961,5123,33.2,30882,10.9485,1.52,0.0
1787731175.996,5124,34.6,29594,10.9256,1.52,0.0
1787731176.031,5125,35.3,28968,10.9300,1.52,0.0
1787731176.065,5126,33.8,30253,10.9326,1.52,0.0
1787731176.099,5127,33.8,30302,10.9285,1.52,0.0
1787731176.132,5128,32.6,31379,10.9306,1.52,0.0
1787731176.165,5129,33.1,30926,10.9320,1.52,0.0
1787731176.197,5130,31.4,32609,10.9479,1.52,0.0
1787731176.230,5131,33.2,30888,10.9441,1.52,0.0
1787731176.513,5132,283.3,3614,10.9629,1.52,0.0
1787731176.549,5133,35.4,28957,10.9439,1.52,0.0
1787731176.583,5134,34.1,30058,10.9384,1.52,0.0
1787731176.616,5135,32.4,31607,10.9282,1.52,0.0
1787731176.666,5136,50.1,20455,10.9561,1.52,0.0
1787731176.702,5137,35.7,28693,10.9279,1.52,0.0
1787731176.737,5138,34.7,29523,10.9461,1.52,0.0
1787731176.773,5139,35.6,28734,10.9388,1.52,0.0
1787731176.889,5140,116.4,8796,10.9542,1.52,0.0
1787731177.125,5141,234.9,4359,10.9438,1.52,0.0
1787731177.161,5142,35.8,28625,10.9546,1.52,0.0
1787731177.197,5143,35.9,28563,10.9405,1.52,0.0
1787731177.230,5144,33.1,30956,10.9440,1.52,0.0
1787731177.265,5145,34.8,29443,10.9579,1.52,0.0
1787731177.299,5146,34.1,30036,10.9636,1.52,0.0
1787731177.332,5147,32.8,31249,10.9513,1.52,0.0
1787731177.369,5148,36.3,28171,10.9393,1.52,0.0
1787731177.401,5149,31.8,32178,10.9367,1.52,0.0
1787731177.434,5150,33.3,30754,10.9232,1.52,0.0
1787731177.467,5151,32.5,31509,10.9484,1.52,0.0
1787731177.500,5152,33.4,30697,10.9263,1.52,0.0
1787731177.533,5153,32.8,31214,10.9408,1.52,0.0
1787731177.778,5154,244.9,4182,10.9533,1.52,0.0
1787731177.799,5155,20.9,48881,10.9334,1.52,0.0
1787731178.082,5156,282.0,3631,10.9201,1.52,0.0
1787731178.120,5157,37.8,27109,10.9393,1.52,0.0
1787731178.153,5158,33.8,30312,10.9327,1.52,0.0
1787731178.540,5159,386.5,2650,10.9303,1.52,0.0
1787731178.575,5160,35.2,29109,10.9460,1.52,0.0
1787731178.608,5161,32.4,31606,10.9386,1.52,0.0
1787731178.641,5162,33.1,30979,10.9136,1.52,0.0
1787731178.843,5163,202.2,5065,10.9516,1.52,0.0
1787731178.878,5164,34.2,29962,10.9573,1.52,0.0
1787731178.911,5165,33.5,30587,10.9484,1.52,0.0
1787731178.943,5166,31.5,32521,10.9390,1.52,0.0
1787731179.181,5167,238.1,4301,10.9585,1.52,0.0
1787731179.216,5168,34.8,29466,10.9412,1.52,0.0
1787731179.248,5169,31.8,32189,10.9525,1.52,0.0
1787731179.281,5170,32.8,31221,10.9580,1.52,0.0
1787731179.314,5171,32.1,31881,10.9312,1.52,0.0
1787731179.347,5172,33.0,31033,10.9405,1.52,0.0
1787731179.380,5173,32.9,31080,10.9523,1.52,0.0
1787731179.413,5174,32.3,31710,10.9616,1.52,0.0
1787731179.706,5175,293.6,3487,10.9418,1.52,0.0
1787731179.742,5176,35.0,29234,10.9656,1.52,0.0
1787731179.773,5177,31.5,32548,10.9339,1.52,0.0
1787731179.807,5178,33.6,30475,10.9506,1.52,0.0
1787731179.840,5179,32.2,31816,10.9561,1.52,0.0
1787731179.873,5180,33.2,30817,10.9354,1.52,0.0
1787731180.145,5181,272.1,3763,10.9355,1.52,0.0
1787731180.182,5182,36.2,28275,10.9296,1.52,0.0
1787731180.215,5183,33.6,30465,10.9390,1.52,0.0
1787731180.248,5184,32.2,31756,10.9289,1.52,0.0
1787731180.281,5185,33.2,30886,10.9647,1.52,0.0
1787731180.314,5186,32.4,31650,10.9322,1.52,0.0
1787731180.346,5187,32.3,31751,10.9355,1.52,0.0
1787731180.378,5188,32.3,31702,10.9551,1.52,0.0
1787731180.411,5189,32.2,31767,10.9373,1.52,0.0
1787731180.444,5190,32.7,31285,10.9241,1.52,0.0
1787731180.475,5191,31.2,32846,10.9577,1.52,0.0
1787731180.508,5192,32.5,31528,10.9455,1.52,0.0
1787731180.539,5193,31.0,33019,10.9412,1.52,0.0
1787731180.571,5194,32.2,31824,10.9189,1.52,0.0
1787731180.603,5195,31.4,32596,10.9274,1.52,0.0
1787731180.636,5196,32.5,31472,10.9180,1.52,0.0
1787731180.668,5197,32.5,31503,10.9501,1.52,0.0
1787731180.700,5198,31.7,32349,10.9176,1.52,0.0
1787731180.732,5199,32.0,32000,10.9494,1.52,0.0
1787731180.763,5200,31.0,33068,10.9263,1.52,0.0
1787731180.795,5201,31.4,32583,10.9398,1.52,0.0
1787731180.827,5202,31.7,32261,10.9680,1.52,0.0
1787731180.862,5203,34.9,29351,10.9152,1.52,0.0
1787731180.898,5204,35.9,28552,10.9179,1.52,0.0
1787731180.917,5205,19.5,52463,10.9724,1.52,0.0
1787731180.937,5206,19.7,51998,10.9201,1.52,0.0
1787731180.958,5207,20.3,50483,10.9307,1.52,0.0
1787731180.979,5208,21.1,48439,10.9120,1.52,0.0
1787731180.999,5209,19.6,52286,10.8998,1.52,0.0
1787731181.018,5210,19.0,53958,10.9350,1.52,0.0
1787731181.038,5211,19.2,53458,10.9525,1.52,0.0
1787731181.059,5212,20.9,49084,10.9467,1.52,0.0
1787731181.279,5213,220.1,4652,10.9289,1.52,0.0
1787731181.313,5214,34.0,30157,10.9368,1.52,0.0
1787731181.346,5215,33.0,30994,10.9394,1.52,0.0
1787731181.380,5216,33.4,30639,10.9401,1.52,0.0
1787731181.414,5217,33.7,30341,10.9391,1.52,0.0
1787731181.446,5218,32.2,31791,10.9492,1.52,0.0
1787731181.495,5219,49.0,20906,10.9456,1.52,0.0
1787731181.516,5220,20.5,49955,10.9336,1.52,0.0
1787731181.536,5221,19.7,51981,10.9312,1.52,0.0
1787731181.556,5222,19.7,51962,10.9309,1.52,0.0
1787731181.575,5223,19.5,52467,10.9677,1.52,0.0
1787731181.595,5224,19.6,52113,10.9351,1.52,0.0
1787731181.615,5225,19.6,52356,10.9518,1.52,0.0
1787731181.635,5226,19.5,52645,10.9716,1.52,0.0
1787731181.654,5227,19.5,52622,10.9575,1.52,0.0
1787731181.688,5228,33.2,30875,10.9459,1.52,0.0
1787731181.723,5229,35.0,29261,10.9463,1.52,0.0
1787731181.755,5230,32.1,31930,10.9521,1.52,0.0
1787731181.789,5231,33.6,30487,10.9348,1.52,0.0
1787731181.821,5232,32.4,31628,10.9505,1.52,0.0
1787731181.855,5233,33.3,30738,10.9470,1.52,0.0
1787731181.887,5234,32.2,31817,10.9349,1.52,0.0
1787731181.920,5235,32.6,31413,10.9476,1.52,0.0
1787731181.952,5236,32.3,31686,10.9366,1.52,0.0
1787731182.157,5237,204.5,5006,10.9614,1.52,0.0
1787731182.193,5238,36.1,28343,10.9291,1.52,0.0
1787731182.226,5239,32.4,31646,10.9388,1.52,0.0
1787731182.258,5240,32.4,31636,10.9458,1.52,0.0
1787731182.291,5241,32.8,31228,10.9423,1.52,0.0
1787731182.325,5242,33.5,30582,10.9436,1.52,0.0
1787731182.358,5243,32.8,31240,10.9511,1.52,0.0
1787731182.391,5244,33.1,30949,10.9182,1.52,0.0
1787731182.425,5245,34.3,29871,10.9517,1.52,0.0
1787731182.458,5246,32.5,31554,10.8971,1.52,0.0
1787731182.491,5247,33.2,30813,10.9554,1.52,0.0
1787731182.525,5248,33.5,30572,10.9341,1.52,0.0
1787731182.558,5249,32.8,31244,10.9800,1.52,0.0
1787731182.590,5250,32.4,31615,10.9555,1.52,0.0
1787731182.623,5251,32.9,31156,10.9330,1.52,0.0
1787731182.655,5252,31.3,32692,10.9370,1.52,0.0
1787731182.687,5253,31.8,32239,10.9463,1.52,0.0
1787731182.717,5254,30.2,33888,10.9438,1.52,0.0
1787731182.750,5255,32.5,31462,10.9355,1.52,0.0
1787731182.780,5256,29.7,34483,10.9306,1.52,0.0
1787731182.810,5257,30.2,33928,10.9493,1.52,0.0
1787731182.838,5258,28.3,36236,10.9389,1.52,0.0
1787731182.869,5259,30.5,33547,10.9548,1.52,0.0
1787731182.897,5260,28.1,36454,10.9270,1.52,0.0
1787731182.927,5261,29.7,34491,10.9544,1.52,0.0
1787731182.956,5262,29.4,34855,10.9455,1.52,0.0
1787731182.985,5263,28.4,36119,10.9358,1.52,0.0
1787731183.014,5264,29.0,35251,10.9589,1.52,0.0
1787731183.042,5265,27.8,36898,10.9402,1.52,0.0
1787731183.071,5266,28.7,35691,10.9584,1.52,0.0
1787731183.099,5267,27.9,36725,10.9394,1.52,0.0
1787731183.128,5268,29.0,35300,10.9472,1.52,0.0
1787731183.155,5269,27.2,37667,10.9422,1.52,0.0
1787731183.184,5270,28.5,35921,10.9299,1.52,0.0
1787731183.211,5271,27.2,37674,10.9276,1.52,0.0
1787731183.240,5272,28.9,35434,10.9405,1.52,0.0
1787731183.268,5273,27.7,36933,10.9759,1.52,0.0
1787731183.297,5274,28.5,35959,10.9527,1.52,0.0
1787731183.323,5275,26.5,38713,10.9360,1.52,0.0
1787731183.353,5276,29.9,34253,10.9560,1.52,0.0
1787731183.384,5277,30.1,34041,10.9349,1.52,0.0
1787731183.413,5278,29.6,34635,10.9311,1.52,0.0
1787731183.445,5279,31.3,32718,10.9530,1.52,0.0
1787731183.482,5280,36.3,28215,10.9520,1.52,0.0
1787731183.521,5281,39.2,26143,10.9334,1.52,0.0
1787731183.560,5282,38.7,26443,10.9562,1.52,0.0
1787731183.600,5283,40.0,25610,10.9493,1.52,0.0
1787731183.642,5284,41.9,24448,10.9450,1.52,0.0
1787731183.683,5285,40.3,25415,10.9565,1.52,0.0
1787731183.723,5286,39.3,26042,10.9610,1.52,0.0
1787731183.763,5287,39.8,25724,10.9620,1.52,0.0
1787731183.800,5288,37.0,27669,10.9515,1.52,0.0
1787731183.838,5289,37.6,27204,10.9370,1.52,0.0
1787731183.882,5290,43.9,23334,10.9402,1.52,0.0
1787731183.900,5291,18.2,56339,10.9539,1.52,0.0
1787731183.917,5292,17.0,60075,10.9512,1.52,0.0
1787731183.936,5293,18.9,54151,10.9523,1.52,0.0
1787731183.956,5294,19.2,53332,10.9653,1.52,0.0
1787731183.977,5295,20.7,49574,10.9468,1.52,0.0
1787731183.998,5296,20.6,49699,10.9621,1.52,0.0
1787731184.017,5297,19.3,52928,10.9308,1.52,0.0
1787731184.041,5298,23.7,43156,10.9574,1.52,0.0
1787731184.065,5299,23.9,42812,10.9393,1.52,0.0
1787731184.089,5300,23.9,42789,10.9399,1.52,0.0
1787731184.114,5301,23.9,42870,10.9201,1.52,0.0
1787731184.315,5302,201.6,5080,10.9250,1.52,0.0
1787731184.337,5303,21.0,48778,10.9420,1.52,0.0
1787731184.357,5304,20.3,50379,10.9441,1.52,0.0
1787731184.377,5305,20.2,50721,10.9358,1.52,0.0
1787731184.399,5306,21.6,47411,10.9365,1.52,0.0
1787731184.418,5307,19.0,53785,10.9547,1.52,0.0
1787731184.436,5308,17.7,57902,10.9383,1.52,0.0
1787731184.454,5309,17.8,57689,10.9497,1.52,0.0
1787731184.472,5310,17.6,58139,10.9516,1.52,0.0
1787731184.490,5311,17.9,57130,10.9549,1.52,0.0
1787731184.508,5312,17.6,58061,10.9340,1.52,0.0
1787731184.526,5313,17.6,58115,10.9336,1.52,0.0
1787731184.544,5314,18.0,56947,10.9348,1.52,0.0
1787731184.562,5315,17.6,58088,10.9432,1.52,0.0
1787731184.580,5316,17.6,58224,10.9516,1.52,0.0
1787731184.597,5317,17.6,58238,10.9518,1.52,0.0
1787731184.615,5318,17.6,58302,10.9703,1.52,0.0
1787731184.633,5319,17.6,58069,10.9601,1.52,0.0
1787731184.651,5320,17.7,58006,10.9469,1.52,0.0
1787731184.669,5321,17.7,57806,10.9411,1.52,0.0
1787731184.686,5322,17.5,58461,10.9564,1.52,0.0
1787731184.704,5323,17.7,57814,10.9788,1.52,0.0
1787731184.722,5324,17.6,58166,10.9528,1.52,0.0
1787731184.740,5325,17.7,57900,10.9260,1.52,0.0
1787731185.041,5326,300.9,3403,10.9248,1.52,0.0
1787731185.076,5327,35.2,29128,10.9316,1.52,0.0
1787731185.373,5328,295.9,3460,10.9140,1.52,0.0
1787731185.407,5329,33.9,30178,10.9573,1.52,0.0
1787731185.439,5330,32.3,31670,10.9679,1.52,0.0
1787731185.478,5331,39.0,26261,10.9568,1.52,0.0
1787731185.509,5332,30.7,33373,10.9497,1.52,0.0
1787731185.542,5333,32.2,31826,10.8956,1.52,0.0
1787731185.573,5334,31.7,32333,10.9704,1.52,0.0
1787731185.603,5335,29.3,34940,10.9098,1.52,0.0
1787731185.635,5336,31.5,32500,10.9405,1.52,0.0
1787731185.667,5337,31.7,32264,10.9583,1.52,0.0
1787731185.697,5338,29.8,34324,10.9572,1.52,0.0
1787731185.727,5339,30.1,33996,10.9639,1.52,0.0
1787731185.985,5340,257.4,3979,10.9616,1.52,0.0
1787731186.183,5341,198.6,5157,10.9558,1.52,0.0
1787731186.218,5342,34.8,29449,10.9178,1.52,0.0
1787731186.249,5343,30.4,33693,10.9538,1.52,0.0
1787731186.280,5344,30.9,33086,10.9699,1.52,0.0
1787731186.311,5345,30.6,33452,10.9435,1.52,0.0
1787731186.342,5346,31.2,32793,10.9542,1.52,0.0
1787731186.374,5347,31.5,32545,10.9178,1.52,0.0
1787731186.404,5348,30.0,34169,10.9603,1.52,0.0
1787731186.432,5349,28.2,36320,10.9498,1.52,0.0
1787731186.462,5350,30.1,34053,10.9410,1.52,0.0
1787731186.492,5351,29.1,35235,10.9494,1.52,0.0
1787731186.521,5352,29.3,34968,10.9641,1.52,0.0
1787731186.550,5353,28.8,35583,10.9341,1.52,0.0
1787731186.579,5354,29.1,35147,10.9405,1.52,0.0
1787731186.608,5355,28.8,35604,10.9600,1.52,0.0
1787731186.638,5356,29.9,34248,10.9577,1.52,0.0
1787731186.669,5357,30.7,33407,10.9678,1.52,0.0
1787731186.698,5358,29.4,34841,10.9777,1.52,0.0
1787731186.729,5359,30.3,33751,10.9427,1.52,0.0
1787731186.759,5360,29.6,34572,10.9416,1.52,0.0
1787731186.788,5361,29.1,35202,10.9580,1.52,0.0
1787731186.817,5362,28.6,35826,10.9346,1.52,0.0
1787731186.847,5363,30.0,34183,10.9423,1.52,0.0
1787731186.876,5364,28.8,35527,10.9395,1.52,0.0
1787731186.905,5365,29.4,34784,10.9138,1.52,0.0
1787731186.934,5366,28.7,35655,10.9440,1.52,0.0
1787731186.964,5367,29.8,34388,10.9592,1.52,0.0
1787731186.993,5368,29.1,35206,10.9251,1.52,0.0
1787731187.023,5369,29.8,34310,10.9408,1.52,0.0
1787731187.053,5370,29.4,34809,10.9566,1.52,0.0
1787731187.083,5371,30.2,33921,10.9317,1.52,0.0
1787731187.113,5372,30.0,34166,10.9495,1.52,0.0
1787731187.142,5373,29.1,35148,10.9519,1.52,0.0
1787731187.173,5374,30.2,33907,10.9733,1.52,0.0
1787731187.202,5375,29.1,35132,10.9213,1.52,0.0
1787731187.240,5376,38.2,26811,10.9397,1.52,0.0
1787731187.273,5377,32.1,31922,10.9248,1.52,0.0
1787731187.305,5378,31.8,32246,10.9410,1.52,0.0
1787731187.335,5379,29.7,34512,10.9528,1.52,0.0
1787731187.366,5380,31.2,32853,10.9216,1.52,0.0
1787731187.685,5381,319.1,3209,10.9517,1.52,0.0
1787731187.719,5382,33.1,30893,10.9722,1.52,0.0
1787731187.752,5383,32.6,31371,10.9444,1.52,0.0
1787731187.783,5384,31.6,32429,10.9267,1.52,0.0
1787731187.816,5385,32.5,31498,10.9267,1.52,0.0
1787731187.848,5386,31.9,32135,10.9435,1.52,0.0
1787731187.880,5387,32.1,31857,10.9557,1.52,0.0
1787731187.913,5388,32.5,31469,10.9288,1.52,0.0
1787731187.945,5389,31.6,32362,10.9311,1.52,0.0
1787731187.965,5390,19.7,51887,10.9224,1.52,0.0
1787731187.984,5391,18.7,54616,10.9396,1.52,0.0
1787731188.003,5392,18.8,54369,10.9465,1.52,0.0
1787731188.022,5393,18.5,55285,10.9594,1.52,0.0
1787731188.042,5394,20.0,51141,10.9386,1.52,0.0
1787731188.062,5395,20.2,50619,10.9302,1.52,0.0
1787731188.081,5396,18.3,56027,10.9151,1.52,0.0
1787731188.099,5397,17.6,58164,10.9475,1.52,0.0
1787731188.117,5398,17.7,57894,10.9411,1.52,0.0
1787731188.135,5399,17.7,57966,10.9193,1.52,0.0
1787731188.152,5400,17.6,58186,10.9218,1.52,0.0
1787731188.170,5401,17.5,58650,10.9357,1.52,0.0
1787731188.188,5402,17.5,58411,10.9210,1.52,0.0
1787731188.404,5403,215.7,4748,10.9556,1.52,0.0
1787731188.441,5404,36.9,27728,10.9390,1.52,0.0
1787731188.475,5405,34.0,30140,10.9147,1.52,0.0
1787731188.665,5406,189.8,5394,10.9459,1.52,0.0
1787731188.701,5407,35.9,28561,10.9226,1.52,0.0
1787731188.734,5408,32.9,31123,10.9246,1.52,0.0
1787731188.768,5409,34.0,30080,10.9340,1.52,0.0
1787731188.802,5410,33.6,30456,10.9523,1.52,0.0
1787731188.834,5411,32.1,31862,10.9714,1.52,0.0
1787731188.868,5412,33.5,30608,10.9285,1.52,0.0
1787731188.900,5413,32.2,31779,10.9532,1.52,0.0
1787731188.934,5414,33.7,30412,10.9450,1.52,0.0
1787731188.967,5415,32.4,31572,10.9360,1.52,0.0
1787731189.000,5416,33.1,30966,10.9157,1.52,0.0
1787731189.032,5417,32.4,31621,10.9583,1.52,0.0
1787731189.066,5418,33.0,30996,10.9504,1.52,0.0
1787731189.450,5419,383.8,2668,10.9444,1.52,0.0
1787731189.482,5420,32.2,31834,10.9747,1.52,0.0
1787731189.513,5421,31.4,32630,10.9344,1.52,0.0
1787731189.543,5422,29.4,34865,10.9684,1.52,0.0
1787731189.573,5423,30.0,34147,10.9522,1.52,0.0
1787731189.603,5424,30.1,34025,10.9284,1.52,0.0
1787731189.633,5425,29.5,34706,10.9686,1.52,0.0
1787731189.663,5426,30.1,34030,10.9161,1.52,0.0
1787731189.692,5427,28.7,35739,10.9541,1.52,0.0
1787731189.722,5428,29.9,34225,10.9268,1.52,0.0
1787731189.756,5429,33.7,30398,10.9395,1.52,0.0
1787731189.787,5430,30.9,33158,10.9309,1.52,0.0
1787731189.819,5431,32.0,32029,10.9310,1.52,0.0
1787731189.849,5432,29.7,34454,10.9257,1.52,0.0
1787731189.881,5433,31.5,32459,10.9360,1.52,0.0
1787731189.912,5434,30.8,33221,10.9628,1.52,0.0
1787731189.941,5435,28.9,35429,10.9078,1.52,0.0
1787731189.971,5436,29.4,34868,10.9970,1.52,0.0
1787731190.023,5437,52.0,19693,10.9455,1.52,0.0
1787731190.042,5438,18.7,54873,10.9072,1.52,0.0
1787731190.060,5439,17.7,57862,10.9278,1.52,0.0
1787731190.078,5440,17.9,57154,10.9499,1.52,0.0
1787731190.100,5441,21.7,47197,10.9258,1.52,0.0
1787731190.123,5442,22.7,45096,10.9324,1.52,0.0
1787731190.141,5443,17.8,57391,10.9446,1.52,0.0
1787731190.159,5444,17.7,57717,10.9424,1.52,0.0
1787731190.177,5445,17.8,57579,10.9519,1.52,0.0
1787731190.195,5446,17.8,57386,10.9267,1.52,0.0
1787731190.213,5447,18.0,56815,10.9552,1.52,0.0
1787731190.231,5448,17.8,57485,10.9293,1.52,0.0
1787731190.249,5449,17.9,57220,10.9286,1.52,0.0
1787731190.461,5450,212.3,4823,10.9396,1.52,0.0
1787731190.619,5451,157.0,6521,10.9630,1.52,0.0
1787731190.640,5452,20.8,49284,10.9019,1.52,0.0
1787731190.660,5453,20.0,51315,10.9270,1.52,0.0
1787731190.680,5454,19.6,52272,10.9454,1.52,0.0
1787731190.700,5455,19.7,52012,10.9520,1.52,0.0
1787731190.719,5456,19.6,52199,10.9253,1.52,0.0
1787731190.739,5457,19.7,52027,10.9267,1.52,0.0
1787731190.805,5458,65.5,15629,10.9385,1.52,0.0
1787731190.827,5459,22.1,46326,10.9314,1.52,0.0
1787731190.849,5460,21.6,47389,10.9413,1.52,0.0
1787731190.874,5461,24.7,41468,10.9067,1.52,0.0
1787731190.896,5462,21.4,47740,10.9321,1.52,0.0
1787731190.917,5463,21.4,47782,10.9343,1.52,0.0
1787731190.939,5464,21.4,47893,10.9563,1.52,0.0
1787731191.085,5465,145.8,7024,10.9185,1.52,0.0
1787731191.110,5466,25.1,40876,10.9291,1.52,0.0
1787731191.135,5467,24.3,42227,10.9645,1.52,0.0
1787731191.159,5468,24.2,42394,10.9486,1.52,0.0
1787731191.184,5469,24.1,42416,10.9561,1.52,0.0
1787731191.208,5470,24.1,42442,10.9506,1.52,0.0
1787731191.232,5471,24.3,42210,10.9306,1.52,0.0
1787731191.257,5472,24.1,42506,10.9242,1.52,0.0
1787731191.281,5473,24.1,42404,10.9317,1.52,0.0
1787731191.305,5474,24.1,42513,10.9321,1.52,0.0
1787731191.329,5475,24.0,42756,10.9664,1.52,0.0
1787731191.377,5476,46.9,21811,10.9311,1.52,0.0
1787731191.411,5477,34.0,30079,10.9323,1.52,0.0
1787731191.443,5478,31.9,32088,10.9028,1.52,0.0
1787731191.476,5479,33.5,30586,10.9626,1.52,0.0
1787731191.509,5480,32.5,31520,10.9339,1.52,0.0
1787731191.542,5481,33.2,30810,10.9405,1.52,0.0
1787731191.576,5482,33.2,30871,10.9331,1.52,0.0
1787731191.607,5483,31.2,32782,10.9357,1.52,0.0
1787731191.641,5484,33.6,30499,10.9336,1.52,0.0
1787731191.673,5485,32.4,31600,10.9266,1.52,0.0
1787731191.706,5486,32.9,31115,10.9274,1.52,0.0
1787731191.739,5487,32.4,31633,10.9189,1.52,0.0
1787731191.773,5488,33.6,30478,10.8943,1.52,0.0
1787731191.805,5489,32.4,31634,10.9386,1.52,0.0
1787731191.839,5490,33.6,30459,10.9401,1.52,0.0
1787731191.872,5491,32.9,31110,10.9458,1.52,0.0
1787731191.905,5492,33.0,31004,10.9431,1.52,0.0
1787731191.937,5493,32.0,32023,10.9606,1.52,0.0
1787731191.970,5494,32.9,31153,10.9466,1.52,0.0
1787731192.003,5495,33.2,30861,10.9457,1.52,0.0
1787731192.036,5496,32.1,31888,10.9559,1.52,0.0
1787731192.069,5497,33.0,31076,10.9413,1.52,0.0
1787731192.101,5498,32.5,31547,10.9175,1.52,0.0
1787731192.134,5499,32.8,31196,10.9458,1.52,0.0
1787731192.167,5500,32.6,31454,10.9538,1.52,0.0
1787731192.199,5501,32.1,31917,10.9459,1.52,0.0
1787731192.232,5502,32.3,31699,10.9426,1.52,0.0
1787731192.264,5503,32.6,31415,10.9090,1.52,0.0
1787731192.312,5504,47.3,21641,10.9418,1.52,0.0
1787731192.346,5505,34.4,29746,10.9432,1.52,0.0
1787731192.380,5506,33.0,31075,10.9273,1.52,0.0
1787731192.415,5507,35.3,28990,10.9266,1.52,0.0
1787731192.449,5508,33.2,30862,10.9196,1.52,0.0
1787731192.670,5509,221.3,4627,10.9397,1.52,0.0
1787731192.707,5510,37.1,27591,10.9226,1.52,0.0
1787731192.741,5511,33.0,31038,10.9504,1.52,0.0
1787731192.776,5512,34.8,29398,10.9361,1.52,0.0
1787731192.810,5513,33.8,30287,10.9458,1.52,0.0
1787731192.844,5514,33.9,30184,10.9828,1.52,0.0
1787731192.891,5515,46.7,21944,10.9306,1.52,0.0
1787731192.926,5516,34.8,29428,10.9417,1.52,0.0
1787731193.148,5517,222.3,4605,10.9443,1.52,0.0
1787731193.173,5518,24.5,41716,10.9720,1.52,0.0
1787731193.193,5519,20.1,50940,10.9317,1.52,0.0
1787731193.213,5520,19.7,52055,10.9426,1.52,0.0
1787731193.233,5521,19.8,51714,10.9557,1.52,0.0
1787731193.253,5522,19.7,51870,10.9494,1.52,0.0
1787731193.273,5523,19.9,51516,10.9188,1.52,0.0
1787731193.573,5524,299.9,3415,10.9201,1.52,0.0
1787731193.608,5525,34.8,29423,10.9476,1.52,0.0
1787731193.642,5526,33.7,30379,10.9605,1.52,0.0
1787731193.678,5527,35.3,29032,10.9442,1.52,0.0
1787731193.697,5528,18.7,54795,10.9575,1.52,0.0
1787731193.714,5529,17.3,59151,10.9319,1.52,0.0
1787731193.960,5530,245.6,4170,10.9452,1.52,0.0
1787731193.995,5531,35.2,29112,10.9496,1.52,0.0
1787731194.029,5532,33.3,30739,10.9384,1.52,0.0
1787731194.062,5533,33.5,30568,10.9174,1.52,0.0
1787731194.096,5534,33.5,30522,10.9411,1.52,0.0
1787731194.130,5535,33.3,30758,10.9476,1.52,0.0
1787731194.163,5536,33.3,30756,10.9315,1.52,0.0
1787731194.195,5537,31.5,32474,10.9265,1.52,0.0
1787731194.228,5538,33.2,30887,10.9789,1.52,0.0
1787731194.261,5539,33.0,31065,10.9441,1.52,0.0
1787731194.294,5540,32.6,31404,10.9204,1.52,0.0
1787731194.326,5541,32.1,31903,10.9302,1.52,0.0
1787731194.788,5542,461.8,2218,10.9239,1.52,0.0
1787731194.824,5543,35.9,28555,10.9406,1.52,0.0
1787731194.857,5544,32.3,31665,10.9463,1.52,0.0
1787731194.890,5545,33.4,30681,10.9428,1.52,0.0
1787731194.923,5546,32.9,31079,10.9419,1.52,0.0
1787731194.956,5547,32.8,31227,10.9548,1.52,0.0
1787731194.988,5548,31.9,32073,10.9287,1.52,0.0
1787731195.021,5549,32.6,31401,10.9558,1.52,0.0
1787731195.053,5550,32.0,32028,10.9458,1.52,0.0
1787731195.087,5551,33.5,30572,10.9444,1.52,0.0
1787731195.119,5552,32.0,32026,10.9314,1.52,0.0
1787731195.152,5553,33.1,30911,10.9409,1.52,0.0
1787731195.184,5554,31.9,32091,10.9476,1.52,0.0
1787731195.218,5555,33.7,30359,10.9439,1.52,0.0
1787731195.251,5556,32.7,31280,10.9206,1.52,0.0
1787731195.284,5557,33.1,30950,10.9210,1.52,0.0
1787731195.318,5558,33.6,30484,10.9583,1.52,0.0
1787731195.350,5559,32.4,31557,10.9572,1.52,0.0
1787731195.384,5560,33.1,30962,10.9457,1.52,0.0
1787731195.416,5561,32.0,31968,10.9416,1.52,0.0
1787731195.504,5562,88.0,11632,10.9463,1.52,0.0
1787731195.525,5563,20.4,50285,10.9198,1.52,0.0
1787731195.549,5564,24.1,42563,10.9413,1.52,0.0
1787731195.569,5565,20.3,50497,10.9481,1.52,0.0
1787731195.589,5566,19.8,51687,10.9368,1.52,0.0
1787731195.660,5567,70.8,14464,10.9083,1.52,0.0
1787731195.681,5568,20.7,49432,10.9382,1.52,0.0
1787731195.702,5569,20.1,50932,10.9254,1.52,0.0
1787731195.721,5570,19.6,52128,10.9535,1.52,0.0
1787731195.741,5571,19.5,52380,10.9483,1.52,0.0
1787731195.761,5572,19.5,52530,10.9374,1.52,0.0
1787731195.784,5573,22.9,44647,10.9517,1.52,0.0
1787731195.804,5574,19.9,51329,10.9275,1.52,0.0
1787731195.840,5575,35.7,28664,10.9419,1.52,0.0
1787731196.600,5576,759.5,1348,10.9259,1.52,0.0
1787731196.638,5577,37.6,27226,10.9717,1.52,0.0
1787731196.671,5578,33.4,30613,10.9272,1.52,0.0
1787731196.705,5579,34.1,30040,10.9182,1.52,0.0
1787731196.739,5580,33.2,30888,10.9390,1.52,0.0
1787731196.771,5581,32.3,31748,10.9321,1.52,0.0
1787731196.804,5582,33.1,30907,10.9624,1.52,0.0
1787731196.837,5583,32.5,31538,10.9352,1.52,0.0
1787731196.870,5584,32.9,31111,10.9102,1.52,0.0
1787731196.902,5585,32.3,31715,10.9495,1.52,0.0
1787731196.935,5586,32.5,31510,10.9301,1.52,0.0
1787731196.967,5587,31.9,32125,10.9315,1.52,0.0
1787731196.999,5588,32.1,31905,10.9444,1.52,0.0
1787731197.032,5589,32.3,31698,10.9222,1.52,0.0
1787731197.064,5590,32.5,31469,10.9318,1.52,0.0
1787731197.097,5591,32.2,31807,10.9409,1.52,0.0
1787731197.130,5592,32.8,31242,10.9436,1.52,0.0
1787731197.162,5593,32.3,31664,10.9525,1.52,0.0
1787731197.196,5594,33.8,30325,10.9607,1.52,0.0
1787731197.231,5595,34.3,29845,10.9464,1.52,0.0
1787731197.266,5596,34.9,29352,10.9284,1.52,0.0
1787731197.301,5597,35.2,29128,10.9327,1.52,0.0
1787731197.335,5598,33.5,30550,10.9313,1.52,0.0
1787731197.370,5599,34.9,29301,10.9238,1.52,0.0
1787731197.405,5600,34.3,29848,10.9110,1.52,0.0
1787731197.438,5601,33.6,30455,10.9492,1.52,0.0
1787731197.472,5602,33.1,30934,10.9299,1.52,0.0
1787731197.505,5603,32.8,31184,10.9233,1.52,0.0
1787731197.538,5604,33.5,30542,10.9161,1.52,0.0
1787731197.570,5605,31.5,32476,10.9496,1.52,0.0
1787731197.604,5606,33.6,30445,10.9235,1.52,0.0
1787731197.636,5607,32.3,31747,10.9602,1.52,0.0
1787731197.671,5608,34.3,29891,10.9317,1.52,0.0
1787731197.703,5609,32.7,31342,10.9257,1.52,0.0
1787731197.907,5610,203.9,5023,10.9099,1.52,0.0
1787731197.941,5611,34.0,30139,10.9636,1.52,0.0
1787731197.974,5612,32.5,31471,10.9320,1.52,0.0
1787731198.008,5613,33.1,30919,10.9139,1.52,0.0
1787731198.040,5614,32.3,31697,10.9559,1.52,0.0
1787731198.074,5615,33.9,30233,10.9642,1.52,0.0
1787731198.107,5616,32.6,31409,10.9482,1.52,0.0
1787731198.139,5617,32.5,31532,10.9300,1.52,0.0
1787731198.173,5618,33.3,30766,10.9360,1.52,0.0
1787731198.328,5619,155.2,6596,10.9379,1.52,0.0
1787731198.349,5620,20.4,50248,10.9588,1.52,0.0
1787731198.371,5621,21.7,47110,10.9284,1.52,0.0
1787731198.391,5622,19.6,52320,10.9345,1.52,0.0
1787731198.411,5623,20.4,50215,10.9491,1.52,0.0
1787731198.431,5624,19.8,51777,10.9423,1.52,0.0
1787731198.648,5625,216.2,4736,10.9564,1.52,0.0
1787731198.669,5626,20.6,49590,10.9612,1.52,0.0
1787731198.689,5627,19.9,51383,10.9281,1.52,0.0
1787731198.710,5628,21.4,47958,10.9333,1.52,0.0
1787731198.746,5629,35.6,28730,10.9467,1.52,0.0
1787731198.779,5630,32.6,31410,10.9422,1.52,0.0
1787731198.812,5631,32.9,31137,10.9238,1.52,0.0
1787731199.017,5632,205.0,4996,10.9672,1.52,0.0
1787731199.051,5633,33.9,30165,10.9404,1.52,0.0
1787731199.084,5634,33.0,31025,10.9426,1.52,0.0
1787731199.119,5635,34.9,29311,10.9310,1.52,0.0
1787731199.152,5636,32.5,31518,10.9088,1.52,0.0
1787731199.185,5637,32.8,31245,10.9405,1.52,0.0
1787731199.218,5638,33.6,30473,10.9181,1.52,0.0
1787731199.251,5639,32.4,31557,10.9396,1.52,0.0
1787731199.284,5640,32.9,31168,10.9440,1.52,0.0
1787731199.317,5641,32.5,31534,10.9217,1.52,0.0
1787731199.350,5642,33.4,30666,10.9446,1.52,0.0
1787731199.382,5643,32.1,31900,10.9367,1.52,0.0
1787731199.662,5644,278.9,3671,10.9063,1.52,0.0
1787731199.682,5645,20.7,49475,10.9504,1.52,0.0
1787731199.703,5646,20.0,51231,10.9372,1.52,0.0
1787731199.723,5647,19.9,51424,10.9694,1.52,0.0
1787731199.747,5648,23.5,43487,10.9626,1.52,0.0
1787731199.767,5649,20.3,50360,10.9669,1.52,0.0
1787731199.787,5650,20.0,51155,10.9280,1.52,0.0
1787731199.822,5651,35.0,29239,10.9278,1.52,0.0
1787731199.857,5652,34.7,29548,10.9443,1.52,0.0
1787731199.890,5653,32.3,31731,10.9470,1.52,0.0
1787731199.923,5654,33.4,30646,10.9432,1.52,0.0
1787731199.957,5655,33.1,30934,10.9441,1.52,0.0
1787731199.990,5656,33.2,30874,10.9428,1.52,0.0
1787731200.024,5657,33.8,30318,10.9321,1.52,0.0
1787731200.056,5658,32.3,31671,10.9308,1.52,0.0
1787731200.089,5659,33.1,30894,10.9205,1.52,0.0
1787731200.134,5660,44.2,23177,10.9475,1.52,0.0
1787731200.169,5661,35.1,29178,10.9457,1.52,0.0
1787731200.204,5662,34.0,30111,10.9659,1.52,0.0
1787731200.240,5663,36.0,28423,10.9254,1.52,0.0
1787731200.274,5664,34.2,29934,10.9504,1.52,0.0
1787731200.308,5665,33.9,30235,10.9284,1.52,0.0
1787731200.343,5666,34.9,29361,10.9511,1.52,0.0
1787731200.377,5667,33.1,30892,10.9526,1.52,0.0
1787731200.411,5668,34.1,30018,10.9554,1.52,0.0
1787731200.599,5669,187.4,5463,10.9347,1.52,0.0
1787731200.622,5670,23.0,44598,10.9071,1.52,0.0
1787731200.643,5671,20.5,49965,10.9390,1.52,0.0
1787731200.663,5672,20.1,50978,10.9657,1.52,0.0
1787731200.698,5673,34.5,29646,10.9289,1.52,0.0
1787731200.723,5674,25.3,40435,10.9315,1.52,0.0
1787731200.744,5675,20.5,49925,10.9363,1.52,0.0
1787731200.764,5676,19.7,52052,10.9627,1.52,0.0
1787731200.783,5677,19.5,52428,10.9326,1.52,0.0
1787731200.803,5678,19.5,52424,10.9442,1.52,0.0
1787731200.823,5679,19.9,51496,10.9473,1.52,0.0
1787731200.843,5680,19.8,51724,10.9584,1.52,0.0
1787731200.863,5681,19.7,52085,10.9425,1.52,0.0
1787731200.889,5682,25.9,39495,10.9806,1.52,0.0
1787731201.188,5683,298.3,3432,10.9162,1.52,0.0
1787731201.210,5684,21.8,47000,10.9279,1.52,0.0
1787731201.234,5685,23.7,43263,10.9622,1.52,0.0
1787731201.254,5686,20.4,50318,10.9240,1.52,0.0
1787731201.274,5687,19.7,51869,10.9661,1.52,0.0
1787731201.294,5688,19.5,52503,10.9372,1.52,0.0
1787731201.314,5689,19.5,52617,10.9070,1.52,0.0
1787731201.333,5690,19.5,52644,10.9532,1.52,0.0
1787731201.353,5691,19.5,52447,10.9748,1.52,0.0
1787731201.731,5692,377.6,2712,10.9625,1.52,0.0
1787731201.768,5693,36.7,27882,10.9348,1.52,0.0
1787731201.800,5694,32.3,31697,10.9226,1.52,0.0
1787731201.833,5695,33.2,30831,10.9610,1.52,0.0
1787731201.866,5696,32.7,31348,10.9457,1.52,0.0
1787731201.899,5697,32.2,31786,10.9353,1.52,0.0
1787731201.933,5698,34.5,29684,10.9308,1.52,0.0
1787731201.967,5699,33.4,30657,10.9295,1.52,0.0
1787731201.999,5700,31.8,32226,10.9254,1.52,0.0
1787731202.032,5701,33.6,30512,10.9416,1.52,0.0
1787731202.066,5702,33.3,30735,10.9436,1.52,0.0
1787731202.098,5703,32.1,31949,10.9465,1.52,0.0
1787731202.132,5704,33.8,30269,10.9179,1.52,0.0
1787731202.177,5705,44.4,23062,10.9254,1.52,0.0
1787731202.211,5706,34.1,30056,10.9376,1.52,0.0
1787731202.246,5707,34.7,29499,10.9245,1.52,0.0
1787731202.281,5708,35.0,29225,10.9315,1.52,0.0
1787731202.314,5709,33.1,30953,10.9338,1.52,0.0
1787731202.349,5710,34.4,29762,10.9416,1.52,0.0
1787731202.382,5711,32.8,31207,10.9645,1.52,0.0
1787731202.415,5712,33.2,30874,10.9332,1.52,0.0
1787731202.449,5713,34.0,30149,10.9263,1.52,0.0
1787731202.482,5714,32.5,31479,10.9517,1.52,0.0
1787731202.516,5715,33.7,30357,10.9403,1.52,0.0
1787731202.549,5716,32.5,31550,10.9251,1.52,0.0
1787731202.582,5717,33.6,30504,10.9448,1.52,0.0
1787731202.614,5718,31.4,32603,10.9304,1.52,0.0
1787731202.647,5719,32.8,31180,10.9452,1.52,0.0
1787731202.679,5720,31.9,32071,10.9467,1.52,0.0
1787731202.711,5721,32.0,31984,10.9542,1.52,0.0
1787731202.747,5722,35.4,28950,10.9352,1.52,0.0
1787731202.780,5723,33.7,30372,10.9561,1.52,0.0
1787731202.814,5724,33.8,30272,10.9125,1.52,0.0
1787731203.025,5725,210.3,4870,10.9489,1.52,0.0
1787731203.061,5726,35.7,28651,10.9465,1.52,0.0
1787731203.095,5727,33.6,30443,10.9329,1.52,0.0
1787731203.129,5728,33.6,30446,10.9227,1.52,0.0
1787731203.163,5729,34.6,29556,10.9312,1.52,0.0
1787731203.197,5730,33.6,30465,10.9562,1.52,0.0
1787731203.232,5731,34.9,29300,10.9483,1.52,0.0
1787731203.267,5732,34.4,29767,10.9516,1.52,0.0
1787731203.299,5733,31.8,32177,10.9497,1.52,0.0
1787731203.690,5734,391.1,2618,10.9338,1.52,0.0
1787731203.725,5735,34.9,29328,10.9626,1.52,0.0
1787731203.758,5736,32.9,31088,10.9300,1.52,0.0
1787731204.033,5737,274.9,3725,10.9611,1.52,0.0
1787731204.068,5738,34.5,29643,10.9629,1.52,0.0
1787731204.101,5739,32.6,31455,10.9136,1.52,0.0
1787731204.133,5740,32.0,32032,10.9348,1.52,0.0
1787731204.166,5741,33.1,30939,10.9550,1.52,0.0
1787731204.198,5742,32.1,31900,10.9399,1.52,0.0
1787731204.231,5743,32.6,31415,10.9380,1.52,0.0
1787731204.264,5744,32.5,31494,10.9559,1.52,0.0
1787731204.299,5745,34.8,29415,10.9375,1.52,0.0
1787731204.332,5746,33.1,30905,10.9526,1.52,0.0
1787731204.364,5747,31.9,32114,10.9334,1.52,0.0
1787731204.397,5748,32.7,31343,10.9530,1.52,0.0
1787731204.429,5749,32.4,31608,10.9502,1.52,0.0
1787731204.594,5750,164.5,6224,10.9786,1.52,0.0
1787731204.835,5751,240.7,4254,10.9332,1.52,0.0
1787731204.859,5752,23.6,43458,10.9194,1.52,0.0
1787731204.882,5753,23.0,44431,10.8996,1.52,0.0
1787731204.918,5754,35.7,28661,10.9277,1.52,0.0
1787731204.950,5755,32.3,31667,10.9551,1.52,0.0
1787731204.983,5756,32.9,31130,10.9458,1.52,0.0
1787731205.016,5757,32.3,31682,10.9364,1.52,0.0
1787731205.049,5758,33.6,30445,10.9213,1.52,0.0
1787731205.082,5759,32.2,31796,10.9424,1.52,0.0
1787731205.115,5760,32.9,31099,10.9388,1.52,0.0
1787731205.147,5761,32.1,31908,10.9298,1.52,0.0
1787731205.181,5762,33.5,30558,10.9726,1.52,0.0
1787731205.213,5763,32.4,31572,10.9487,1.52,0.0
1787731205.246,5764,32.6,31369,10.9391,1.52,0.0
1787731205.278,5765,32.0,32049,10.9436,1.52,0.0
1787731205.326,5766,47.9,21395,10.9517,1.52,0.0
1787731205.360,5767,33.1,30901,10.9214,1.52,0.0
1787731205.394,5768,33.8,30301,10.9058,1.52,0.0
1787731205.429,5769,34.7,29473,10.9505,1.52,0.0
1787731205.462,5770,33.5,30597,10.9394,1.52,0.0
1787731205.497,5771,34.7,29516,10.9359,1.52,0.0
1787731205.556,5772,58.2,17595,10.9452,1.52,0.0
1787731205.576,5773,20.4,50209,10.9617,1.52,0.0
1787731205.596,5774,19.6,52363,10.8977,1.52,0.0
1787731205.616,5775,19.4,52748,10.9334,1.52,0.0
1787731205.635,5776,19.3,52997,10.9549,1.52,0.0
1787731205.655,5777,19.3,53031,10.9399,1.52,0.0
1787731205.674,5778,19.3,53144,10.9395,1.52,0.0
1787731205.694,5779,19.3,53098,10.9283,1.52,0.0
1787731205.918,5780,224.1,4570,10.9297,1.52,0.0
1787731206.264,5781,346.0,2960,10.9606,1.52,0.0
1787731206.284,5782,20.2,50620,10.9411,1.52,0.0
1787731206.444,5783,159.1,6435,10.9703,1.52,0.0
1787731206.464,5784,20.5,49835,10.9459,1.52,0.0
1787731206.484,5785,19.3,52982,10.9610,1.52,0.0
1787731206.503,5786,18.4,55754,10.9358,1.52,0.0
1787731206.521,5787,17.9,57091,10.9433,1.52,0.0
1787731206.539,5788,18.0,56803,10.9078,1.52,0.0
1787731206.557,5789,17.7,57703,10.9459,1.52,0.0
1787731206.577,5790,20.1,51030,10.9301,1.52,0.0
1787731206.597,5791,19.8,51795,10.9329,1.52,0.0
1787731206.617,5792,19.4,52887,10.9668,1.52,0.0
1787731206.636,5793,19.3,52999,10.9595,1.52,0.0
1787731206.656,5794,19.4,52905,10.9327,1.52,0.0
1787731206.675,5795,19.2,53208,10.9615,1.52,0.0
1787731206.695,5796,19.2,53252,10.9365,1.52,0.0
1787731206.714,5797,19.2,53377,10.9056,1.52,0.0
1787731206.747,5798,32.6,31398,10.9464,1.52,0.0
1787731206.788,5799,40.8,25082,10.9593,1.52,0.0
1787731206.820,5800,32.3,31709,10.9595,1.52,0.0
1787731206.854,5801,33.3,30715,10.9542,1.52,0.0
1787731206.907,5802,52.5,19494,10.9258,1.52,0.0
1787731206.940,5803,33.2,30827,10.9188,1.52,0.0
1787731206.975,5804,34.9,29350,10.9629,1.52,0.0
1787731207.010,5805,34.9,29305,10.9426,1.52,0.0
1787731207.044,5806,33.0,31040,10.9460,1.52,0.0
1787731207.078,5807,34.3,29815,10.9527,1.52,0.0
1787731207.113,5808,34.9,29375,10.9320,1.52,0.0
1787731207.162,5809,49.1,20875,10.9403,1.52,0.0
1787731207.197,5810,34.5,29710,10.9511,1.52,0.0
1787731207.231,5811,33.4,30703,10.9415,1.52,0.0
1787731207.266,5812,35.1,29173,10.9186,1.52,0.0
1787731207.301,5813,35.2,29092,10.9524,1.52,0.0
1787731207.335,5814,33.1,30958,10.9672,1.52,0.0
1787731207.382,5815,47.6,21501,10.9665,1.52,0.0
1787731207.416,5816,33.4,30631,10.9383,1.52,0.0
1787731207.451,5817,34.8,29443,10.9476,1.52,0.0
1787731207.487,5818,36.1,28370,10.9413,1.52,0.0
1787731207.522,5819,34.3,29849,10.9070,1.52,0.0
1787731207.557,5820,34.6,29573,10.9676,1.52,0.0
1787731207.590,5821,33.3,30709,10.9438,1.52,0.0
1787731207.626,5822,35.0,29273,10.9745,1.52,0.0
1787731207.661,5823,34.6,29556,10.9534,1.52,0.0
1787731207.694,5824,33.0,30988,10.9267,1.52,0.0
1787731207.728,5825,33.7,30390,10.9373,1.52,0.0
1787731207.760,5826,32.3,31658,10.9389,1.52,0.0
1787731207.796,5827,35.4,28900,10.9630,1.52,0.0
1787731207.828,5828,32.6,31406,10.9510,1.52,0.0
1787731208.030,5829,202.0,5070,10.9463,1.52,0.0
1787731208.067,5830,36.1,28401,10.9567,1.52,0.0
1787731208.099,5831,32.3,31707,10.9433,1.52,0.0
1787731208.132,5832,32.6,31423,10.9353,1.52,0.0
1787731208.164,5833,32.3,31656,10.9535,1.52,0.0
1787731208.198,5834,33.1,30960,10.9402,1.52,0.0
1787731208.230,5835,32.7,31330,10.9452,1.52,0.0
1787731208.276,5836,45.0,22755,10.9408,1.52,0.0
1787731208.309,5837,33.4,30640,10.9567,1.52,0.0
1787731208.552,5838,242.7,4219,10.9423,1.52,0.0
1787731208.570,5839,17.9,57206,10.9142,1.52,0.0
1787731208.588,5840,17.3,59031,10.9468,1.52,0.0
1787731208.605,5841,17.5,58646,10.9535,1.52,0.0
1787731208.623,5842,17.6,58315,10.9475,1.52,0.0
1787731208.641,5843,17.5,58582,10.9522,1.52,0.0
1787731208.658,5844,17.4,58759,10.9328,1.52,0.0
1787731208.676,5845,17.5,58527,10.9199,1.52,0.0
1787731208.694,5846,17.8,57672,10.9390,1.52,0.0
1787731208.715,5847,20.5,49888,10.9397,1.52,0.0
1787731208.751,5848,36.3,28188,10.9484,1.52,0.0
1787731208.784,5849,32.7,31309,10.9431,1.52,0.0
1787731209.083,5850,298.8,3427,10.9665,1.52,0.0
1787731209.119,5851,35.6,28783,10.9570,1.52,0.0
1787731209.153,5852,34.2,29898,10.9419,1.52,0.0
1787731209.186,5853,32.7,31346,10.9472,1.52,0.0
1787731209.218,5854,32.4,31633,10.9534,1.52,0.0
1787731209.253,5855,34.6,29592,10.9377,1.52,0.0
1787731209.285,5856,31.9,32109,10.9592,1.52,0.0
1787731209.319,5857,33.7,30377,10.9260,1.52,0.0
1787731209.351,5858,31.8,32153,10.9249,1.52,0.0
1787731209.384,5859,32.8,31216,10.9273,1.52,0.0
1787731209.417,5860,32.6,31412,10.9366,1.52,0.0
1787731209.449,5861,32.3,31742,10.9210,1.52,0.0
1787731209.482,5862,32.9,31125,10.9608,1.52,0.0
1787731209.944,5863,461.7,2218,10.9428,1.52,0.0
1787731209.980,5864,36.0,28455,10.9439,1.52,0.0
1787731210.012,5865,31.6,32418,10.9040,1.52,0.0
1787731210.045,5866,33.0,31044,10.9677,1.52,0.0
1787731210.087,5867,42.4,24136,10.9584,1.52,0.0
1787731210.120,5868,32.8,31226,10.9250,1.52,0.0
1787731210.155,5869,34.0,30115,10.9319,1.52,0.0
1787731210.189,5870,34.2,29929,10.9469,1.52,0.0
1787731210.224,5871,34.1,30008,10.9400,1.52,0.0
1787731210.260,5872,36.4,28102,10.9442,1.52,0.0
1787731210.296,5873,35.4,28902,10.9225,1.52,0.0
1787731210.330,5874,34.3,29848,10.9626,1.52,0.0
1787731210.367,5875,36.7,27922,10.9418,1.52,0.0
1787731210.401,5876,33.5,30543,10.9439,1.52,0.0
1787731210.434,5877,33.1,30950,10.9266,1.52,0.0
1787731210.467,5878,32.8,31232,10.9527,1.52,0.0
1787731210.500,5879,32.9,31144,10.9297,1.52,0.0
1787731210.534,5880,33.8,30339,10.9463,1.52,0.0
1787731210.567,5881,33.0,31075,10.9667,1.52,0.0
1787731211.102,5882,534.8,1915,10.9307,1.52,0.0
1787731211.993,5883,891.1,1149,10.9411,1.52,0.0
1787731212.034,5884,40.4,25376,10.9651,1.52,0.0
1787731212.067,5885,33.0,30991,10.9364,1.52,0.0
1787731212.099,5886,31.9,32121,10.9328,1.52,0.0
1787731212.133,5887,33.6,30505,10.9675,1.52,0.0
1787731212.165,5888,32.2,31821,10.9470,1.52,0.0
1787731212.198,5889,32.8,31180,10.9295,1.52,0.0
1787731212.231,5890,33.1,30914,10.9443,1.52,0.0
1787731212.264,5891,32.8,31261,10.9230,1.52,0.0
1787731212.300,5892,36.2,28312,10.9496,1.52,0.0
1787731212.334,5893,33.6,30447,10.9464,1.52,0.0
1787731212.368,5894,33.5,30561,10.9582,1.52,0.0
1787731212.401,5895,32.7,31343,10.9665,1.52,0.0
1787731212.434,5896,33.2,30804,10.9350,1.52,0.0
1787731212.467,5897,32.8,31193,10.9887,1.52,0.0
1787731212.500,5898,32.7,31347,10.9530,1.52,0.0
1787731212.534,5899,33.6,30490,10.9442,1.52,0.0
1787731212.566,5900,32.4,31575,10.9266,1.52,0.0
1787731212.600,5901,33.4,30648,10.9439,1.52,0.0
1787731212.632,5902,32.2,31785,10.9314,1.52,0.0
1787731212.665,5903,32.8,31181,10.9601,1.52,0.0
1787731212.697,5904,32.0,32015,10.9398,1.52,0.0
1787731212.731,5905,33.6,30487,10.9389,1.52,0.0
1787731212.763,5906,32.0,32017,10.9431,1.52,0.0
1787731212.796,5907,33.2,30888,10.9427,1.52,0.0
1787731212.828,5908,31.9,32091,10.9051,1.52,0.0
1787731212.862,5909,33.4,30663,10.9296,1.52,0.0
1787731212.894,5910,32.2,31783,10.9255,1.52,0.0
1787731212.928,5911,33.8,30315,10.9054,1.52,0.0
1787731212.963,5912,34.3,29843,10.9219,1.52,0.0
1787731212.998,5913,35.0,29252,10.9580,1.52,0.0
1787731213.032,5914,34.0,30104,10.9617,1.52,0.0
1787731213.066,5915,33.6,30435,10.9451,1.52,0.0
1787731213.099,5916,33.3,30705,10.9336,1.52,0.0
1787731213.304,5917,204.8,5001,10.9463,1.52,0.0
1787731213.339,5918,34.5,29653,10.9297,1.52,0.0
1787731213.373,5919,33.7,30403,10.9431,1.52,0.0
1787731213.406,5920,33.1,30922,10.9419,1.52,0.0
1787731213.439,5921,33.0,31017,10.9290,1.52,0.0
1787731213.472,5922,33.0,30999,10.9419,1.52,0.0
1787731213.505,5923,32.9,31138,10.9744,1.52,0.0
1787731213.539,5924,33.2,30851,10.9495,1.52,0.0
1787731213.572,5925,33.4,30683,10.9242,1.52,0.0
1787731213.974,5926,401.6,2549,10.9461,1.52,0.0
1787731214.010,5927,35.6,28753,10.9524,1.52,0.0
1787731214.044,5928,33.8,30309,10.9341,1.52,0.0
1787731214.257,5929,213.4,4798,10.9263,1.52,0.0
1787731214.292,5930,34.5,29694,10.9478,1.52,0.0
1787731214.327,5931,34.3,29831,10.9470,1.52,0.0
1787731214.361,5932,34.6,29585,10.9236,1.52,0.0
1787731214.396,5933,34.5,29719,10.9402,1.52,0.0
1787731214.431,5934,34.8,29466,10.9446,1.52,0.0
1787731214.465,5935,33.5,30561,10.9485,1.52,0.0
1787731214.498,5936,32.8,31203,10.8919,1.52,0.0
1787731214.531,5937,33.2,30867,10.9402,1.52,0.0
1787731214.564,5938,32.3,31708,10.9560,1.52,0.0
1787731214.598,5939,33.9,30212,10.9383,1.52,0.0
1787731214.630,5940,32.3,31664,10.9579,1.52,0.0
1787731215.114,5941,484.0,2116,10.9577,1.52,0.0
1787731215.150,5942,35.7,28718,10.9548,1.52,0.0
1787731215.183,5943,32.4,31637,10.9514,1.52,0.0
1787731215.216,5944,33.3,30792,10.9390,1.52,0.0
1787731215.248,5945,32.2,31847,10.9735,1.52,0.0
1787731215.282,5946,33.1,30899,10.9419,1.52,0.0
1787731215.314,5947,32.0,31998,10.9262,1.52,0.0
1787731215.347,5948,33.1,30964,10.9227,1.52,0.0
1787731215.379,5949,32.3,31682,10.9255,1.52,0.0
1787731215.413,5950,33.4,30645,10.9391,1.52,0.0
1787731215.445,5951,32.2,31818,10.9317,1.52,0.0
1787731215.479,5952,33.1,30947,10.9641,1.52,0.0
1787731215.510,5953,31.8,32223,10.9226,1.52,0.0
1787731215.543,5954,32.6,31396,10.9039,1.52,0.0
1787731215.581,5955,38.1,26886,10.9357,1.52,0.0
1787731215.616,5956,34.8,29459,10.9512,1.52,0.0
1787731215.652,5957,35.3,28972,10.9680,1.52,0.0
1787731215.686,5958,34.2,29972,10.9367,1.52,0.0
1787731215.720,5959,33.7,30357,10.9489,1.52,0.0
1787731216.207,5960,486.7,2104,10.9570,1.52,0.0
1787731216.244,5961,36.4,28107,10.9474,1.52,0.0
1787731216.276,5962,31.8,32212,10.9609,1.52,0.0
1787731216.307,5963,31.0,33023,10.9570,1.52,0.0
1787731216.336,5964,29.3,35000,10.9553,1.52,0.0
1787731216.367,5965,30.7,33398,10.9424,1.52,0.0
1787731216.396,5966,28.6,35752,10.9176,1.52,0.0
1787731216.427,5967,30.9,33162,10.9170,1.52,0.0
1787731216.457,5968,29.6,34602,10.9526,1.52,0.0
1787731216.486,5969,29.3,35000,10.9216,1.52,0.0
1787731216.523,5970,36.6,27949,10.9315,1.52,0.0
1787731216.555,5971,32.3,31704,10.9359,1.52,0.0
1787731216.586,5972,30.6,33513,10.9517,1.52,0.0
1787731216.618,5973,31.8,32232,10.9629,1.52,0.0
1787731216.650,5974,32.1,31917,10.9449,1.52,0.0
1787731216.680,5975,29.8,34412,10.9520,1.52,0.0
1787731216.712,5976,31.0,33070,10.9346,1.52,0.0
1787731216.742,5977,30.5,33594,10.9569,1.52,0.0
1787731216.773,5978,30.9,33101,10.9426,1.52,0.0
1787731216.805,5979,31.3,32746,10.9541,1.52,0.0
1787731216.838,5980,32.8,31241,10.9291,1.52,0.0
1787731216.869,5981,30.9,33092,10.9139,1.52,0.0
1787731216.902,5982,32.4,31569,10.9518,1.52,0.0
1787731216.932,5983,30.4,33697,10.9434,1.52,0.0
1787731216.963,5984,30.3,33770,10.9288,1.52,0.0
1787731216.995,5985,32.0,32035,10.9297,1.52,0.0
1787731217.026,5986,30.7,33378,10.9551,1.52,0.0
1787731217.065,5987,39.1,26171,10.9603,1.52,0.0
1787731217.085,5988,19.4,52674,10.9607,1.52,0.0
1787731217.103,5989,18.0,56746,10.9230,1.52,0.0
1787731217.122,5990,18.5,55243,10.9445,1.52,0.0
1787731217.140,5991,17.8,57671,10.9382,1.52,0.0
1787731217.161,5992,20.6,49825,10.9432,1.52,0.0
1787731217.181,5993,20.0,51080,10.9714,1.52,0.0
1787731217.201,5994,20.0,51240,10.9525,1.52,0.0
1787731217.222,5995,20.0,51237,10.9417,1.52,0.0
1787731217.242,5996,20.2,50695,10.9510,1.52,0.0
1787731217.262,5997,20.2,50795,10.9323,1.52,0.0
1787731217.283,5998,20.3,50451,10.9521,1.52,0.0
1787731217.303,5999,19.8,51642,10.9400,1.52,0.0
1787731217.587,6000,283.5,3612,10.9518,1.52,0.0
1787731217.620,6001,33.0,30989,10.9292,1.52,0.0
1787731217.652,6002,32.1,31893,10.9119,1.52,0.0
1787731217.683,6003,31.1,32895,10.9501,1.52,0.0
1787731217.715,6004,31.5,32518,10.9503,1.52,0.0
1787731217.746,6005,31.1,32918,10.9366,1.52,0.0
1787731217.778,6006,31.6,32386,10.9383,1.52,0.0
1787731217.809,6007,31.2,32860,10.9305,1.52,0.0
1787731217.842,6008,32.9,31135,10.9050,1.52,0.0
1787731218.042,6009,199.8,5125,10.9431,1.52,0.0
1787731218.075,6010,32.5,31544,10.9411,1.52,0.0
1787731218.108,6011,32.6,31382,10.9590,1.52,0.0
1787731218.138,6012,30.3,33834,10.9181,1.52,0.0
1787731218.171,6013,32.4,31640,10.9505,1.52,0.0
1787731218.203,6014,32.2,31771,10.9564,1.52,0.0
1787731218.234,6015,30.9,33128,10.9607,1.52,0.0
1787731218.266,6016,31.6,32376,10.9680,1.52,0.0
1787731218.296,6017,30.3,33758,10.9308,1.52,0.0
1787731218.326,6018,29.8,34387,10.9386,1.52,0.0
1787731218.356,6019,29.5,34759,10.9180,1.52,0.0
1787731218.386,6020,29.7,34475,10.9346,1.52,0.0
1787731218.414,6021,27.7,36905,10.9415,1.52,0.0
1787731218.443,6022,29.1,35205,10.9051,1.52,0.0
1787731218.471,6023,27.9,36652,10.9271,1.52,0.0
1787731218.500,6024,29.0,35318,10.9415,1.52,0.0
1787731218.528,6025,27.7,36963,10.9370,1.52,0.0
1787731218.557,6026,28.7,35644,10.9395,1.52,0.0
1787731218.585,6027,28.0,36549,10.9517,1.52,0.0
1787731218.614,6028,29.3,34966,10.9255,1.52,0.0
1787731218.645,6029,30.8,33244,10.9571,1.52,0.0
1787731218.755,6030,109.7,9333,10.9239,1.52,0.0
1787731218.776,6031,20.6,49798,10.9502,1.52,0.0
1787731218.796,6032,19.7,52019,10.9612,1.52,0.0
1787731218.816,6033,20.0,51231,10.9499,1.52,0.0
1787731218.836,6034,19.6,52198,10.9659,1.52,0.0
1787731218.884,6035,47.6,21525,10.9257,1.52,0.0
1787731218.904,6036,20.0,51191,10.9533,1.52,0.0
1787731218.924,6037,19.5,52528,10.9121,1.52,0.0
1787731218.943,6038,19.5,52386,10.9113,1.52,0.0
1787731218.963,6039,19.7,52063,10.9463,1.52,0.0
1787731218.983,6040,19.7,51876,10.9510,1.52,0.0
1787731219.002,6041,18.7,54851,10.9476,1.52,0.0
1787731219.021,6042,19.0,53895,10.9357,1.52,0.0
1787731219.040,6043,18.8,54599,10.9726,1.52,0.0
1787731219.260,6044,219.3,4668,10.9104,1.52,0.0
1787731219.294,6045,34.3,29811,10.9360,1.52,0.0
1787731219.327,6046,32.2,31835,10.9289,1.52,0.0
1787731219.357,6047,29.5,34721,10.9404,1.52,0.0
1787731219.388,6048,31.0,33053,10.9350,1.52,0.0
1787731219.419,6049,30.6,33461,10.9260,1.52,0.0
1787731219.449,6050,30.5,33615,10.9475,1.52,0.0
1787731219.480,6051,30.3,33839,10.9496,1.52,0.0
1787731219.510,6052,30.6,33488,10.9295,1.52,0.0
1787731219.541,6053,30.7,33325,10.9449,1.52,0.0
1787731219.572,6054,30.2,33925,10.9105,1.52,0.0
1787731219.603,6055,31.3,32741,10.9293,1.52,0.0
1787731219.634,6056,30.9,33135,10.9712,1.52,0.0
1787731219.664,6057,29.8,34331,10.9453,1.52,0.0
1787731219.695,6058,30.4,33676,10.9523,1.52,0.0
1787731219.724,6059,29.0,35308,10.9311,1.52,0.0
1787731219.742,6060,18.1,56714,10.9400,1.52,0.0
1787731219.760,6061,17.1,60012,10.9590,1.52,0.0
1787731219.777,6062,17.7,57987,10.9564,1.52,0.0
1787731219.795,6063,17.4,58807,10.9574,1.52,0.0
1787731219.815,6064,19.8,51673,10.9472,1.52,0.0
1787731219.835,6065,19.9,51335,10.9377,1.52,0.0
1787731219.855,6066,19.7,51906,10.9377,1.52,0.0
1787731219.875,6067,19.7,51993,10.9419,1.52,0.0
1787731219.895,6068,19.7,51937,10.9561,1.52,0.0
1787731219.915,6069,19.6,52118,10.9581,1.52,0.0
1787731219.935,6070,19.6,52243,10.9353,1.52,0.0
1787731219.955,6071,19.6,52247,10.9286,1.52,0.0
1787731220.236,6072,281.6,3636,10.9228,1.52,0.0
1787731220.270,6073,33.9,30193,10.9422,1.52,0.0
1787731220.302,6074,31.4,32603,10.9348,1.52,0.0
1787731220.333,6075,31.1,32941,10.9448,1.52,0.0
1787731220.365,6076,31.6,32382,10.9271,1.52,0.0
1787731220.396,6077,31.1,32951,10.9502,1.52,0.0
1787731220.426,6078,30.2,33942,10.9483,1.52,0.0
1787731220.456,6079,29.7,34515,10.9312,1.52,0.0
1787731220.486,6080,29.7,34431,10.9332,1.52,0.0
1787731220.517,6081,30.6,33514,10.9609,1.52,0.0
1787731220.548,6082,30.9,33186,10.9660,1.52,0.0
1787731220.580,6083,31.9,32069,10.9397,1.52,0.0
1787731220.610,6084,29.8,34377,10.9557,1.52,0.0
1787731220.642,6085,31.5,32487,10.9676,1.52,0.0
1787731220.673,6086,30.8,33235,10.9511,1.52,0.0
1787731220.703,6087,30.1,33971,10.9071,1.52,0.0
1787731220.734,6088,30.4,33634,10.9233,1.52,0.0
1787731220.764,6089,30.5,33620,10.9526,1.52,0.0
1787731220.796,6090,30.9,33119,10.9577,1.52,0.0
1787731221.041,6091,245.0,4179,10.9335,1.52,0.0
1787731221.114,6092,72.4,14140,10.9559,1.52,0.0
1787731221.133,6093,19.4,52709,10.9207,1.52,0.0
1787731221.152,6094,18.8,54345,10.9604,1.52,0.0
1787731221.170,6095,17.8,57485,10.9694,1.52,0.0
1787731221.190,6096,19.6,52290,10.9595,1.52,0.0
1787731221.210,6097,19.7,51895,10.9641,1.52,0.0
1787731221.230,6098,19.9,51521,10.9405,1.52,0.0
1787731221.572,6099,342.0,2994,10.9609,1.52,0.0
1787731221.885,6100,312.0,3282,10.9372,1.52,0.0
1787731221.917,6101,31.9,32134,10.9452,1.52,0.0
1787731221.951,6102,34.1,29995,10.9286,1.52,0.0
1787731221.984,6103,33.1,30972,10.9564,1.52,0.0
1787731222.017,6104,32.7,31286,10.9446,1.52,0.0
1787731222.050,6105,33.3,30777,10.9566,1.52,0.0
1787731222.084,6106,33.5,30559,10.8936,1.52,0.0
1787731222.116,6107,31.9,32082,10.9359,1.52,0.0
1787731222.149,6108,33.0,31022,10.9331,1.52,0.0
1787731222.182,6109,32.5,31553,10.9358,1.52,0.0
1787731222.217,6110,34.7,29517,10.9530,1.52,0.0
1787731222.249,6111,32.3,31687,10.9568,1.52,0.0
1787731222.283,6112,33.4,30618,10.9366,1.52,0.0
1787731222.315,6113,32.1,31874,10.9288,1.52,0.0
1787731222.791,6114,476.1,2151,10.9250,1.52,0.0
1787731222.834,6115,42.6,24050,10.9666,1.52,0.0
1787731222.868,6116,34.0,30089,10.9679,1.52,0.0
1787731222.901,6117,32.7,31295,10.9323,1.52,0.0
1787731222.936,6118,34.4,29730,10.9521,1.52,0.0
1787731222.971,6119,34.5,29686,10.9287,1.52,0.0
1787731223.004,6120,32.8,31198,10.9307,1.52,0.0
1787731223.037,6121,33.5,30600,10.9324,1.52,0.0
1787731223.070,6122,32.4,31597,10.9380,1.52,0.0
1787731223.398,6123,327.9,3123,10.9282,1.52,0.0
1787731223.432,6124,33.9,30185,10.9515,1.52,0.0
1787731223.465,6125,32.5,31525,10.9480,1.52,0.0
1787731223.498,6126,33.4,30677,10.9261,1.52,0.0
1787731223.530,6127,31.8,32157,10.9275,1.52,0.0
1787731223.563,6128,32.6,31401,10.9536,1.52,0.0
1787731223.596,6129,32.8,31233,10.9240,1.52,0.0
1787731223.628,6130,32.2,31799,10.9670,1.52,0.0
1787731223.661,6131,32.4,31652,10.9338,1.52,0.0
1787731223.693,6132,32.5,31473,10.9391,1.52,0.0
1787731223.725,6133,31.7,32308,10.9522,1.52,0.0
1787731223.759,6134,33.4,30650,10.9104,1.52,0.0
1787731223.792,6135,33.1,30930,10.9441,1.52,0.0
1787731223.825,6136,32.9,31097,10.9612,1.52,0.0
1787731223.858,6137,32.9,31167,10.9660,1.52,0.0
1787731223.891,6138,32.9,31164,10.9580,1.52,0.0
1787731223.924,6139,33.2,30802,10.9595,1.52,0.0
1787731223.957,6140,32.7,31307,10.9591,1.52,0.0
1787731223.991,6141,33.0,30987,10.9494,1.52,0.0
1787731224.024,6142,32.9,31124,10.9456,1.52,0.0
1787731224.346,6143,322.7,3173,10.9574,1.52,0.0
1787731224.396,6144,49.8,20580,10.9300,1.52,0.0
1787731224.414,6145,17.8,57429,10.9345,1.52,0.0
1787731224.432,6146,17.5,58452,10.9264,1.52,0.0
1787731224.450,6147,17.5,58485,10.9218,1.52,0.0
1787731224.468,6148,17.6,58104,10.9436,1.52,0.0
1787731224.486,6149,17.9,57107,10.9375,1.52,0.0
1787731224.504,6150,17.9,57243,10.9357,1.52,0.0
1787731224.521,6151,17.5,58473,10.9537,1.52,0.0
1787731224.539,6152,17.5,58575,10.9476,1.52,0.0
1787731224.557,6153,17.5,58379,10.9587,1.52,0.0
1787731224.775,6154,218.2,4693,10.9621,1.52,0.0
1787731224.810,6155,34.7,29487,10.9339,1.52,0.0
1787731224.844,6156,33.9,30229,10.9440,1.52,0.0
1787731224.877,6157,32.8,31205,10.9414,1.52,0.0
1787731224.910,6158,33.2,30877,10.9377,1.52,0.0
1787731224.944,6159,33.4,30648,10.9169,1.52,0.0
1787731224.976,6160,31.8,32226,10.9510,1.52,0.0
1787731225.009,6161,33.6,30519,10.9346,1.52,0.0
1787731225.043,6162,33.3,30743,10.9274,1.52,0.0
1787731225.077,6163,34.0,30109,10.9454,1.52,0.0
1787731225.109,6164,31.4,32657,10.9424,1.52,0.0
1787731225.142,6165,33.3,30730,10.9424,1.52,0.0
1787731225.175,6166,32.5,31504,10.9446,1.52,0.0
1787731225.208,6167,33.7,30425,10.9635,1.52,0.0
1787731225.240,6168,31.5,32497,10.9697,1.52,0.0
1787731225.274,6169,33.5,30561,10.9322,1.52,0.0
1787731225.415,6170,141.2,7251,10.9390,1.52,0.0
1787731225.436,6171,20.4,50138,10.9548,1.52,0.0
1787731225.456,6172,20.0,51146,10.9278,1.52,0.0
1787731225.600,6173,143.6,7131,10.9404,1.52,0.0
1787731225.620,6174,20.3,50416,10.9408,1.52,0.0
1787731225.641,6175,20.1,50854,10.9350,1.52,0.0
1787731225.661,6176,19.8,51773,10.9598,1.52,0.0
1787731225.681,6177,19.7,51997,10.9285,1.52,0.0
1787731225.701,6178,19.7,51979,10.9409,1.52,0.0
1787731225.720,6179,19.6,52306,10.9149,1.52,0.0
1787731225.744,6180,23.7,43203,10.9517,1.52,0.0
1787731225.780,6181,35.7,28668,10.9392,1.52,0.0
1787731225.813,6182,33.0,31063,10.9443,1.52,0.0
1787731225.847,6183,33.7,30402,10.9409,1.52,0.0
1787731225.879,6184,31.5,32476,10.9243,1.52,0.0
1787731225.912,6185,33.5,30572,10.9366,1.52,0.0
1787731225.945,6186,32.4,31632,10.9392,1.52,0.0
1787731225.978,6187,33.3,30744,10.9468,1.52,0.0
1787731226.012,6188,33.5,30587,10.9536,1.52,0.0
1787731226.044,6189,32.4,31600,10.9453,1.52,0.0
1787731226.078,6190,33.1,30971,10.9190,1.52,0.0
1787731226.110,6191,32.7,31343,10.9331,1.52,0.0
1787731226.144,6192,33.6,30517,10.9300,1.52,0.0
1787731226.176,6193,32.1,31882,10.9328,1.52,0.0
1787731226.210,6194,33.6,30506,10.9480,1.52,0.0
1787731226.242,6195,31.7,32266,10.9201,1.52,0.0
1787731226.277,6196,34.4,29787,10.9446,1.52,0.0
1787731226.309,6197,32.3,31703,10.9353,1.52,0.0
1787731226.890,6198,581.3,1761,10.9239,1.52,0.0
1787731226.926,6199,35.2,29080,10.9377,1.52,0.0
1787731227.170,6200,243.5,4205,10.9460,1.52,0.0
1787731227.206,6201,36.7,27921,10.9426,1.52,0.0
1787731227.240,6202,33.0,31077,10.9464,1.52,0.0
1787731227.283,6203,43.2,23689,10.9505,1.52,0.0
1787731227.318,6204,34.4,29744,10.9530,1.52,0.0
1787731227.352,6205,33.7,30400,10.9474,1.52,0.0
1787731227.385,6206,33.0,30993,10.9414,1.52,0.0
1787731227.420,6207,34.7,29476,10.9453,1.52,0.0
1787731227.453,6208,33.1,30938,10.9267,1.52,0.0
1787731227.488,6209,34.5,29660,10.9413,1.52,0.0
1787731227.524,6210,36.2,28292,10.9525,1.52,0.0
1787731227.557,6211,32.7,31268,10.9442,1.52,0.0
1787731228.118,6212,560.3,1827,10.9270,1.52,0.0
1787731228.153,6213,35.2,29124,10.9615,1.52,0.0
1787731228.186,6214,33.2,30889,10.9360,1.52,0.0
1787731228.220,6215,33.7,30415,10.9412,1.52,0.0
1787731228.253,6216,32.1,31935,10.9528,1.52,0.0
1787731228.287,6217,33.9,30185,10.9332,1.52,0.0
1787731228.320,6218,33.1,30899,10.9298,1.52,0.0
1787731228.356,6219,36.1,28370,10.9505,1.52,0.0
1787731228.390,6220,33.8,30335,10.9460,1.52,0.0
1787731228.679,6221,288.3,3551,10.9480,1.52,0.0
1787731228.713,6222,33.9,30218,10.9395,1.52,0.0
1787731228.746,6223,32.7,31271,10.9296,1.52,0.0
1787731228.778,6224,32.1,31882,10.9571,1.52,0.0
1787731228.811,6225,33.0,31073,10.9358,1.52,0.0
1787731228.843,6226,31.8,32225,10.9293,1.52,0.0
1787731228.876,6227,33.1,30926,10.9402,1.52,0.0
1787731228.908,6228,32.2,31796,10.9698,1.52,0.0
1787731228.941,6229,32.5,31548,10.9627,1.52,0.0
1787731228.973,6230,32.0,31991,10.9414,1.52,0.0
1787731229.006,6231,32.8,31216,10.9261,1.52,0.0
1787731229.039,6232,32.4,31584,10.9499,1.52,0.0
1787731229.071,6233,32.4,31575,10.9230,1.52,0.0
1787731229.103,6234,31.9,32128,10.9342,1.52,0.0
1787731229.145,6235,41.7,24569,10.9699,1.52,0.0
1787731229.180,6236,34.5,29665,10.9317,1.52,0.0
1787731229.216,6237,35.5,28837,10.9223,1.52,0.0
1787731229.250,6238,33.8,30252,10.9578,1.52,0.0
1787731229.284,6239,34.6,29630,10.9351,1.52,0.0
1787731229.318,6240,33.2,30812,10.9224,1.52,0.0
1787731229.375,6241,56.8,18034,10.9194,1.52,0.0
1787731229.394,6242,19.0,53762,10.9246,1.52,0.0
1787731229.412,6243,17.6,58327,10.9627,1.52,0.0
1787731229.430,6244,18.0,56758,10.9253,1.52,0.0
1787731229.451,6245,20.2,50665,10.9371,1.52,0.0
1787731229.471,6246,20.5,50065,10.9228,1.52,0.0
1787731229.492,6247,20.1,51015,10.9718,1.52,0.0
1787731229.513,6248,21.5,47683,10.9398,1.52,0.0
1787731229.533,6249,19.5,52397,10.9458,1.52,0.0
1787731229.552,6250,19.3,53006,10.9718,1.52,0.0
1787731229.573,6251,20.4,50232,10.9384,1.52,0.0
1787731229.591,6252,17.9,57129,10.9415,1.52,0.0
1787731229.919,6253,327.9,3123,10.9585,1.52,0.0
1787731229.941,6254,21.0,48877,10.9020,1.52,0.0
1787731229.960,6255,19.0,53882,10.9249,1.52,0.0
1787731229.979,6256,18.9,54170,10.9327,1.52,0.0
1787731229.997,6257,18.2,56235,10.9397,1.52,0.0
1787731230.016,6258,19.1,53623,10.8986,1.52,0.0
1787731230.036,6259,19.1,53576,10.9585,1.52,0.0
1787731230.055,6260,19.0,53883,10.9389,1.52,0.0
1787731230.086,6261,30.6,33466,10.9411,1.52,0.0
1787731230.121,6262,35.1,29163,10.9442,1.52,0.0
1787731230.155,6263,33.4,30657,10.9451,1.52,0.0
1787731230.188,6264,33.5,30558,10.9208,1.52,0.0
1787731230.222,6265,33.1,30902,10.9344,1.52,0.0
1787731230.255,6266,33.1,30982,10.9221,1.52,0.0
1787731230.288,6267,32.7,31277,10.9500,1.52,0.0
1787731230.321,6268,32.9,31128,10.9507,1.52,0.0
1787731230.353,6269,31.9,32079,10.9299,1.52,0.0
1787731230.386,6270,33.5,30563,10.9145,1.52,0.0
1787731230.419,6271,32.4,31597,10.9455,1.52,0.0
1787731230.452,6272,32.6,31399,10.9335,1.52,0.0
1787731230.484,6273,32.3,31692,10.9322,1.52,0.0
1787731230.517,6274,33.2,30881,10.9684,1.52,0.0
1787731230.553,6275,35.8,28602,10.9420,1.52,0.0
1787731230.586,6276,33.0,31071,10.9547,1.52,0.0
1787731230.974,6277,387.6,2642,10.9517,1.52,0.0
1787731231.009,6278,34.2,29902,10.9327,1.52,0.0
1787731231.041,6279,31.9,32113,10.9471,1.52,0.0
1787731231.073,6280,32.7,31337,10.9564,1.52,0.0
1787731231.107,6281,33.2,30845,10.9601,1.52,0.0
1787731231.141,6282,33.6,30454,10.9444,1.52,0.0
1787731231.173,6283,32.0,31993,10.9469,1.52,0.0
1787731231.206,6284,32.8,31185,10.9392,1.52,0.0
1787731231.238,6285,32.2,31832,10.9291,1.52,0.0
1787731231.271,6286,33.1,30943,10.9101,1.52,0.0
1787731231.304,6287,32.9,31118,10.9261,1.52,0.0
1787731231.337,6288,33.2,30873,10.9468,1.52,0.0
1787731231.370,6289,32.4,31576,10.9490,1.52,0.0
1787731231.404,6290,33.3,30721,10.9427,1.52,0.0
1787731231.436,6291,32.1,31872,10.9135,1.52,0.0
1787731231.470,6292,34.0,30145,10.9417,1.52,0.0
1787731231.503,6293,32.5,31507,10.9582,1.52,0.0
1787731231.536,6294,32.9,31106,10.9472,1.52,0.0
1787731231.570,6295,34.3,29814,10.9286,1.52,0.0
1787731231.602,6296,31.5,32457,10.9586,1.52,0.0
1787731231.802,6297,199.8,5124,10.9738,1.52,0.0
1787731231.836,6298,33.7,30422,10.9464,1.52,0.0
1787731231.866,6299,30.6,33412,10.9292,1.52,0.0
1787731231.897,6300,30.0,34114,10.9409,1.52,0.0
1787731231.928,6301,31.0,33022,10.9468,1.52,0.0
1787731231.958,6302,30.4,33664,10.9575,1.52,0.0
1787731231.990,6303,31.1,32926,10.9228,1.52,0.0
1787731232.020,6304,30.7,33328,10.9539,1.52,0.0
1787731232.052,6305,31.5,32491,10.9441,1.52,0.0
1787731232.083,6306,30.5,33565,10.9284,1.52,0.0
1787731232.114,6307,30.8,33281,10.9540,1.52,0.0
1787731232.144,6308,30.0,34096,10.9537,1.52,0.0
1787731232.175,6309,31.4,32603,10.9553,1.52,0.0
1787731232.205,6310,29.8,34347,10.9364,1.52,0.0
1787731232.236,6311,31.1,32968,10.9482,1.52,0.0
1787731232.265,6312,28.8,35531,10.9357,1.52,0.0
1787731232.295,6313,29.5,34694,10.9375,1.52,0.0
1787731232.324,6314,28.7,35697,10.9439,1.52,0.0
1787731232.353,6315,28.5,35910,10.9265,1.52,0.0
1787731232.382,6316,29.1,35222,10.9491,1.52,0.0
1787731232.410,6317,28.5,35990,10.9373,1.52,0.0
1787731232.439,6318,28.9,35483,10.9362,1.52,0.0
1787731232.468,6319,29.0,35368,10.9416,1.52,0.0
1787731232.498,6320,29.5,34683,10.9525,1.52,0.0
1787731232.527,6321,28.3,36138,10.9418,1.52,0.0
1787731232.555,6322,28.4,36076,10.9396,1.52,0.0
1787731232.583,6323,27.3,37515,10.9268,1.52,0.0
1787731232.611,6324,28.3,36234,10.9588,1.52,0.0
1787731232.639,6325,27.6,37125,10.9326,1.52,0.0
1787731232.668,6326,28.7,35639,10.9333,1.52,0.0
1787731232.695,6327,27.7,36969,10.9605,1.52,0.0
1787731232.724,6328,28.8,35498,10.9346,1.52,0.0
1787731232.752,6329,27.9,36681,10.9634,1.52,0.0
1787731232.781,6330,28.8,35544,10.9715,1.52,0.0
1787731232.810,6331,28.4,36055,10.9368,1.52,0.0
1787731232.838,6332,28.0,36600,10.9458,1.52,0.0
1787731232.866,6333,27.6,37145,10.9377,1.52,0.0
1787731232.894,6334,28.5,35936,10.9344,1.52,0.0
1787731232.923,6335,28.6,35811,10.9493,1.52,0.0
1787731232.951,6336,27.6,37138,10.9190,1.52,0.0
1787731232.979,6337,28.2,36264,10.9322,1.52,0.0
1787731233.007,6338,27.4,37336,10.9696,1.52,0.0
1787731233.035,6339,28.1,36477,10.9435,1.52,0.0
1787731233.063,6340,27.8,36804,10.9315,1.52,0.0
1787731233.091,6341,28.1,36378,10.9540,1.52,0.0
1787731233.119,6342,28.2,36329,10.9375,1.52,0.0
1787731233.149,6343,29.3,34935,10.9418,1.52,0.0
1787731233.185,6344,35.8,28605,10.9545,1.52,0.0
1787731233.219,6345,34.3,29857,10.9040,1.52,0.0
1787731233.255,6346,35.4,28900,10.9518,1.52,0.0
1787731233.290,6347,34.8,29410,10.9346,1.52,0.0
1787731233.324,6348,34.3,29830,10.9408,1.52,0.0
1787731233.360,6349,35.7,28716,10.9594,1.52,0.0
1787731233.395,6350,34.7,29535,10.9383,1.52,0.0
1787731233.430,6351,34.6,29596,10.9396,1.52,0.0
1787731233.465,6352,35.5,28871,10.9341,1.52,0.0
1787731233.500,6353,35.0,29277,10.9490,1.52,0.0
1787731233.535,6354,34.7,29485,10.9508,1.52,0.0
1787731233.576,6355,40.3,25410,10.9318,1.52,0.0
1787731233.628,6356,52.2,19635,10.9387,1.52,0.0
1787731233.681,6357,52.6,19466,10.9464,1.52,0.0
1787731233.732,6358,51.7,19816,10.9222,1.52,0.0
1787731233.784,6359,51.3,19979,10.9086,1.52,0.0
1787731233.836,6360,52.1,19661,10.9669,1.52,0.0
1787731233.888,6361,51.9,19733,10.9536,1.52,0.0
1787731233.936,6362,47.4,21599,10.9451,1.52,0.0
1787731233.951,6363,15.0,68342,10.9534,1.52,0.0
1787731233.966,6364,15.0,68269,10.9225,1.52,0.0
