ts,step,dt_ms,tok_per_s,loss,peak_gib
1787726391.518,1,200.5,5108,12.2768,1.50
1787726391.574,2,55.3,18507,12.3271,1.52
1787726391.629,3,55.2,18536,12.1884,1.52
1787726391.693,4,62.7,16331,12.2751,1.52
1787726391.838,5,144.8,7072,12.0775,1.52
1787726391.954,6,116.3,8806,12.1735,1.52
1787726392.062,7,106.9,9576,11.9552,1.52
1787726392.210,8,148.6,6890,12.0561,1.52
1787726392.318,9,107.6,9519,11.8977,1.52
1787726392.388,10,69.8,14663,11.8112,1.52
1787726392.444,11,55.8,18343,11.8379,1.52
1787726392.500,12,55.7,18389,11.6765,1.52
1787726392.556,13,55.6,18403,11.6745,1.52
1787726392.612,14,55.7,18401,11.7275,1.52
1787726392.668,15,55.7,18394,11.5672,1.52
1787726392.723,16,55.7,18391,11.5134,1.52
1787726392.779,17,55.7,18400,11.5846,1.52
1787726392.835,18,55.6,18406,11.5117,1.52
1787726392.891,19,55.6,18416,11.5378,1.52
1787726392.946,20,55.7,18392,11.4207,1.52
1787726393.002,21,55.7,18384,11.4435,1.52
1787726393.058,22,55.7,18393,11.4425,1.52
1787726393.114,23,55.7,18387,11.3803,1.52
1787726393.170,24,55.6,18409,11.3530,1.52
1787726393.225,25,55.7,18392,11.3758,1.52
1787726393.281,26,55.6,18405,11.2825,1.52
1787726393.337,27,55.7,18380,11.2821,1.52
1787726393.393,28,55.6,18402,11.2776,1.52
1787726393.448,29,55.6,18418,11.2473,1.52
1787726393.504,30,55.6,18410,11.2352,1.52
1787726393.560,31,55.7,18388,11.2062,1.52
1787726393.616,32,55.7,18386,11.1683,1.52
1787726393.672,33,55.6,18433,11.1884,1.52
1787726393.728,34,55.5,18460,11.1835,1.52
1787726393.783,35,55.3,18503,11.1693,1.52
1787726393.839,36,55.4,18480,11.1022,1.52
1787726393.894,37,55.3,18515,11.1798,1.52
1787726393.950,38,55.1,18589,11.1373,1.52
1787726394.005,39,55.1,18576,11.1014,1.52
1787726394.060,40,55.1,18586,11.1343,1.52
1787726394.115,41,55.1,18593,11.1289,1.52
1787726394.171,42,55.2,18562,11.0992,1.52
1787726394.226,43,55.1,18588,11.0966,1.52
1787726394.281,44,55.1,18578,11.1114,1.52
1787726394.336,45,55.2,18555,11.1226,1.52
1787726394.392,46,55.1,18591,11.0662,1.52
1787726394.447,47,55.1,18575,11.0437,1.52
1787726394.502,48,55.1,18586,11.0550,1.52
1787726394.557,49,55.1,18584,11.0535,1.52
1787726394.613,50,55.1,18586,11.0561,1.52
1787726394.668,51,55.1,18589,11.0929,1.52
1787726394.723,52,55.2,18563,11.0630,1.52
1787726394.778,53,55.1,18582,11.0459,1.52
1787726394.834,54,55.1,18573,11.0547,1.52
1787726394.889,55,55.1,18580,11.0334,1.52
1787726394.945,56,55.4,18469,11.0617,1.52
1787726395.001,57,55.5,18466,11.0332,1.52
1787726395.057,58,55.8,18357,11.0708,1.52
1787726395.115,59,57.4,17828,11.0107,1.52
1787726395.175,60,59.0,17350,11.0186,1.52
1787726395.234,61,58.7,17440,11.0688,1.52
1787726395.328,62,94.2,10867,11.0104,1.52
1787726395.396,63,67.1,15255,11.0314,1.52
1787726395.452,64,56.1,18265,11.0355,1.52
1787726395.508,65,55.7,18374,10.9986,1.52
1787726395.564,66,55.7,18395,11.0300,1.52
1787726395.620,67,55.7,18374,11.0311,1.52
1787726395.676,68,55.7,18391,11.0059,1.52
1787726395.731,69,55.7,18395,10.9986,1.52
1787726395.787,70,55.6,18414,11.0017,1.52
1787726395.843,71,55.7,18392,11.0181,1.52
1787726395.899,72,55.6,18413,11.0020,1.52
1787726395.954,73,55.6,18407,10.9311,1.52
1787726396.010,74,55.7,18379,11.0047,1.52
1787726396.067,75,56.3,18180,10.9923,1.52
1787726396.125,76,57.7,17745,10.9805,1.52
1787726396.184,77,58.6,17468,10.9826,1.52
1787726396.243,78,58.5,17495,11.0101,1.52
1787726396.307,79,63.6,16097,11.0080,1.52
1787726396.364,80,56.4,18146,10.9946,1.52
1787726396.422,81,58.1,17621,11.0273,1.52
1787726396.482,82,59.3,17254,11.0290,1.52
1787726396.541,83,58.8,17419,10.9908,1.52
1787726396.598,84,56.1,18254,11.0230,1.52
1787726396.657,85,58.9,17379,11.0134,1.52
1787726396.717,86,59.4,17234,10.9824,1.52
1787726396.868,87,150.6,6799,11.0096,1.52
1787726396.956,88,88.3,11591,10.9522,1.52
1787726397.022,89,65.6,15620,10.9978,1.52
1787726397.078,90,55.7,18378,10.9976,1.52
1787726397.134,91,55.6,18410,10.9590,1.52
1787726397.189,92,55.7,18396,11.0177,1.52
1787726397.245,93,55.7,18397,10.9989,1.52
1787726397.301,94,55.7,18398,10.9641,1.52
1787726397.357,95,55.6,18402,10.9955,1.52
1787726397.413,96,55.6,18405,10.9888,1.52
1787726397.468,97,55.7,18378,10.9833,1.52
1787726397.524,98,55.7,18391,10.9974,1.52
1787726397.580,99,55.7,18388,10.9883,1.52
1787726397.636,100,55.7,18384,11.0108,1.52
1787726397.692,101,55.7,18398,10.9738,1.52
1787726397.747,102,55.7,18393,11.0042,1.52
1787726397.803,103,55.7,18386,11.0163,1.52
1787726397.859,104,55.6,18404,10.9859,1.52
1787726397.915,105,55.7,18393,10.9721,1.52
1787726397.971,106,55.6,18401,10.9607,1.52
1787726398.027,107,55.8,18343,10.9807,1.52
1787726398.154,108,127.2,8053,10.9867,1.52
1787726398.268,109,113.3,9034,10.9832,1.52
1787726398.397,110,128.9,7943,10.9709,1.52
1787726398.525,111,127.5,8030,10.9937,1.52
1787726398.636,112,110.6,9255,11.0317,1.52
1787726398.733,113,97.0,10555,10.9899,1.52
1787726398.789,114,56.1,18257,10.9799,1.52
1787726398.845,115,55.9,18324,11.0519,1.52
1787726398.901,116,55.9,18324,10.9991,1.52
1787726398.957,117,55.8,18342,10.9964,1.52
1787726399.013,118,55.7,18376,11.0199,1.52
1787726399.069,119,55.7,18392,10.9817,1.52
1787726399.125,120,55.6,18401,10.9890,1.52
1787726399.181,121,55.6,18404,11.0210,1.52
1787726399.236,122,55.7,18394,11.0135,1.52
1787726399.292,123,55.7,18400,10.9994,1.52
1787726399.348,124,55.8,18356,10.9823,1.52
1787726399.447,125,98.2,10427,11.0287,1.52
1787726399.558,126,110.7,9254,11.0006,1.52
1787726399.692,127,134.4,7619,10.9926,1.52
1787726399.817,128,123.9,8268,11.0053,1.52
1787726399.953,129,136.5,7500,11.0165,1.52
1787726400.046,130,92.1,11122,11.0155,1.52
1787726400.118,131,72.3,14171,10.9604,1.52
1787726400.174,132,56.0,18280,11.0267,1.52
1787726400.230,133,55.8,18335,11.0004,1.52
1787726400.286,134,55.9,18335,10.9997,1.52
1787726400.342,135,55.9,18319,10.9888,1.52
1787726400.398,136,55.8,18347,11.0075,1.52
1787726400.454,137,55.7,18398,11.0192,1.52
1787726400.510,138,55.7,18393,11.0191,1.52
1787726400.566,139,55.6,18406,11.0241,1.52
1787726400.622,140,55.6,18403,11.0104,1.52
1787726400.677,141,55.7,18388,11.0640,1.52
1787726400.733,142,55.6,18406,10.9777,1.52
1787726400.789,143,55.7,18387,11.0395,1.52
1787726400.845,144,55.5,18455,10.9618,1.52
1787726400.900,145,55.1,18572,10.9964,1.52
1787726401.039,146,138.6,7389,11.0109,1.52
1787726401.156,147,117.0,8755,11.0072,1.52
1787726401.271,148,115.1,8897,10.9973,1.52
1787726401.415,149,142.9,7167,11.0073,1.52
1787726401.513,150,97.9,10462,10.9995,1.52
1787726401.606,151,93.4,10965,11.0132,1.52
1787726401.663,152,56.0,18282,11.0110,1.52
1787726401.719,153,55.9,18316,11.0094,1.52
1787726401.775,154,55.8,18341,10.9791,1.52
1787726401.831,155,55.9,18327,11.0081,1.52
1787726401.887,156,55.9,18326,11.0358,1.52
1787726401.943,157,55.9,18331,11.0253,1.52
1787726401.999,158,55.8,18364,11.0443,1.52
1787726402.054,159,55.7,18392,10.9812,1.52
1787726402.110,160,55.7,18396,10.9947,1.52
1787726402.166,161,55.6,18410,11.0323,1.52
1787726402.222,162,55.6,18405,11.0008,1.52
1787726402.278,163,55.7,18394,10.9965,1.52
1787726402.333,164,55.7,18395,11.0272,1.52
1787726402.389,165,55.7,18390,11.0102,1.52
1787726402.445,166,55.6,18402,10.9781,1.52
1787726402.501,167,55.7,18395,10.9939,1.52
1787726402.556,168,55.7,18396,10.9905,1.52
1787726402.612,169,55.6,18406,11.0083,1.52
1787726402.668,170,55.7,18391,10.9809,1.52
1787726402.724,171,55.7,18383,10.9896,1.52
1787726402.780,172,55.6,18416,10.9991,1.52
1787726402.835,173,55.7,18389,10.9854,1.52
1787726402.891,174,55.7,18399,11.0158,1.52
1787726402.947,175,55.7,18391,11.0224,1.52
1787726403.003,176,55.6,18403,10.9954,1.52
1787726403.059,177,55.7,18392,10.9825,1.52
1787726403.114,178,55.6,18422,10.9961,1.52
1787726403.170,179,55.7,18393,11.0062,1.52
1787726403.226,180,55.7,18395,10.9934,1.52
1787726403.282,181,55.7,18398,11.0041,1.52
1787726403.337,182,55.7,18389,11.0122,1.52
1787726403.393,183,55.7,18391,10.9698,1.52
1787726403.449,184,55.6,18411,11.0031,1.52
1787726403.505,185,55.6,18411,10.9583,1.52
1787726403.560,186,55.6,18401,11.0277,1.52
1787726403.616,187,55.7,18393,11.0249,1.52
1787726403.672,188,55.6,18404,11.0053,1.52
1787726403.728,189,55.7,18368,10.9887,1.52
1787726403.784,190,55.6,18411,10.9943,1.52
1787726403.839,191,55.7,18394,11.0204,1.52
1787726403.895,192,55.7,18389,11.0471,1.52
1787726403.951,193,55.6,18405,11.0175,1.52
1787726404.007,194,55.6,18405,11.0183,1.52
1787726404.063,195,55.7,18396,11.0029,1.52
1787726404.118,196,55.6,18411,11.0141,1.52
1787726404.174,197,55.7,18399,10.9940,1.52
1787726404.230,198,55.6,18405,11.0031,1.52
1787726404.286,199,55.7,18399,10.9894,1.52
1787726404.341,200,55.7,18385,11.0368,1.52
1787726404.397,201,55.7,18389,11.0105,1.52
1787726404.453,202,55.7,18395,10.9619,1.52
1787726404.509,203,55.6,18409,11.0029,1.52
1787726404.565,204,55.6,18402,11.0166,1.52
1787726404.620,205,55.7,18389,10.9737,1.52
1787726404.676,206,55.7,18398,10.9923,1.52
1787726404.732,207,55.7,18387,10.9744,1.52
1787726404.788,208,55.7,18397,10.9805,1.52
1787726404.843,209,55.7,18398,10.9871,1.52
1787726404.899,210,55.6,18408,10.9600,1.52
1787726404.955,211,55.7,18398,11.0086,1.52
1787726405.011,212,55.7,18385,10.9997,1.52
1787726405.067,213,55.7,18391,10.9963,1.52
1787726405.122,214,55.7,18390,10.9940,1.52
1787726405.178,215,55.7,18389,10.9846,1.52
1787726405.234,216,55.7,18396,10.9786,1.52
1787726405.290,217,55.7,18394,10.9710,1.52
1787726405.346,218,55.7,18386,11.0041,1.52
1787726405.401,219,55.6,18416,11.0331,1.52
1787726405.457,220,55.7,18397,10.9835,1.52
1787726405.513,221,55.6,18403,11.0284,1.52
1787726405.569,222,55.7,18390,11.0278,1.52
1787726405.625,223,55.7,18393,11.0178,1.52
1787726405.680,224,55.7,18396,10.9647,1.52
1787726405.736,225,55.7,18394,10.9664,1.52
1787726405.792,226,55.7,18400,10.9935,1.52
1787726405.848,227,55.7,18393,10.9760,1.52
1787726405.903,228,55.6,18405,10.9753,1.52
1787726405.959,229,55.7,18395,10.9997,1.52
1787726406.015,230,55.7,18375,10.9978,1.52
1787726406.071,231,55.7,18398,10.9986,1.52
1787726406.127,232,55.6,18417,10.9891,1.52
1787726406.182,233,55.7,18385,10.9876,1.52
1787726406.238,234,55.7,18398,10.9763,1.52
1787726406.294,235,55.6,18408,11.0063,1.52
1787726406.350,236,55.7,18394,10.9971,1.52
1787726406.406,237,55.7,18399,10.9958,1.52
1787726406.461,238,55.7,18399,11.0087,1.52
1787726406.517,239,55.7,18386,10.9462,1.52
1787726406.632,240,114.3,8955,11.0217,1.52
1787726406.749,241,116.7,8775,11.0180,1.52
1787726406.893,242,144.4,7093,10.9883,1.52
1787726407.019,243,125.2,8176,10.9706,1.52
1787726407.128,244,108.1,9469,10.9855,1.52
1787726407.231,245,103.1,9928,10.9848,1.52
1787726407.287,246,55.5,18436,10.9902,1.52
1787726407.342,247,55.4,18468,10.9932,1.52
1787726407.398,248,55.4,18495,10.9917,1.52
1787726407.453,249,55.3,18503,10.9980,1.52
1787726407.509,250,55.4,18499,10.9860,1.52
1787726407.564,251,55.3,18519,10.9559,1.52
1787726407.620,252,55.4,18500,10.9923,1.52
1787726407.675,253,55.3,18504,10.9897,1.52
1787726407.731,254,55.4,18473,10.9850,1.52
1787726407.786,255,55.3,18509,10.9852,1.52
1787726407.842,256,55.3,18503,10.9870,1.52
1787726407.897,257,55.3,18516,10.9730,1.52
1787726407.952,258,55.4,18497,10.9891,1.52
1787726408.008,259,55.5,18436,10.9923,1.52
1787726408.064,260,55.3,18501,10.9892,1.52
1787726408.119,261,55.3,18505,10.9702,1.52
1787726408.175,262,55.4,18499,10.9720,1.52
1787726408.230,263,55.3,18506,10.9944,1.52
1787726408.285,264,55.4,18490,11.0008,1.52
1787726408.341,265,55.4,18482,10.9547,1.52
1787726408.396,266,55.3,18505,10.9892,1.52
1787726408.452,267,55.4,18489,11.0033,1.52
1787726408.507,268,55.3,18508,11.0124,1.52
1787726408.563,269,55.3,18515,10.9901,1.52
1787726408.618,270,55.3,18506,10.9783,1.52
1787726408.674,271,55.4,18491,10.9703,1.52
1787726408.729,272,55.4,18476,10.9998,1.52
1787726408.785,273,55.3,18506,10.9954,1.52
1787726408.840,274,55.3,18501,11.0066,1.52
1787726408.896,275,55.3,18514,11.0097,1.52
1787726408.951,276,55.4,18493,10.9879,1.52
1787726409.007,277,55.3,18504,10.9779,1.52
1787726409.062,278,55.4,18496,10.9909,1.52
1787726409.118,279,55.3,18518,10.9690,1.52
1787726409.173,280,55.4,18497,10.9993,1.52
1787726409.229,281,55.4,18494,10.9847,1.52
1787726409.284,282,55.4,18493,10.9850,1.52
1787726409.340,283,55.4,18481,10.9991,1.52
1787726409.395,284,55.4,18489,10.9713,1.52
1787726409.451,285,55.3,18511,10.9924,1.52
1787726409.506,286,55.4,18500,10.9903,1.52
1787726409.561,287,55.4,18496,11.0047,1.52
1787726409.617,288,55.4,18496,10.9671,1.52
1787726409.672,289,55.3,18510,10.9977,1.52
1787726409.728,290,55.4,18488,10.9923,1.52
1787726409.783,291,55.3,18512,10.9556,1.52
1787726409.839,292,55.4,18493,10.9989,1.52
1787726409.894,293,55.4,18492,10.9843,1.52
1787726409.950,294,55.4,18500,10.9955,1.52
1787726410.005,295,55.3,18505,10.9786,1.52
1787726410.061,296,55.4,18499,10.9586,1.52
1787726410.116,297,55.3,18512,10.9366,1.52
1787726410.172,298,55.4,18496,10.9790,1.52
1787726410.227,299,55.3,18503,10.9850,1.52
1787726410.283,300,55.3,18510,10.9745,1.52
1787726410.338,301,55.4,18480,10.9992,1.52
1787726410.394,302,55.4,18481,10.9999,1.52
1787726410.449,303,55.3,18516,10.9699,1.52
1787726410.505,304,55.4,18489,10.9913,1.52
1787726410.560,305,55.3,18502,10.9814,1.52
1787726410.616,306,55.4,18499,10.9797,1.52
1787726410.671,307,55.3,18503,11.0161,1.52
1787726410.727,308,55.4,18479,10.9715,1.52
1787726410.782,309,55.3,18506,10.9801,1.52
1787726410.838,310,55.3,18503,10.9685,1.52
1787726410.893,311,55.3,18507,11.0132,1.52
1787726410.949,312,55.4,18482,10.9690,1.52
1787726411.004,313,55.3,18511,10.9827,1.52
1787726411.059,314,55.4,18493,10.9802,1.52
1787726411.115,315,55.3,18514,10.9960,1.52
1787726411.170,316,55.3,18512,10.9715,1.52
1787726411.226,317,55.3,18505,10.9921,1.52
1787726411.281,318,55.3,18510,10.9924,1.52
1787726411.337,319,55.4,18470,10.9821,1.52
1787726411.392,320,55.4,18490,10.9833,1.52
1787726411.448,321,55.3,18502,10.9773,1.52
1787726411.503,322,55.3,18504,10.9791,1.52
1787726411.559,323,55.3,18504,10.9609,1.52
1787726411.614,324,55.3,18507,10.9825,1.52
1787726411.670,325,55.4,18486,10.9819,1.52
1787726411.725,326,55.4,18469,10.9768,1.52
1787726411.781,327,55.3,18504,10.9859,1.52
1787726411.836,328,55.3,18504,10.9988,1.52
1787726411.892,329,55.4,18484,10.9606,1.52
1787726411.947,330,55.4,18494,10.9753,1.52
1787726412.003,331,55.3,18503,10.9744,1.52
1787726412.058,332,55.4,18476,10.9783,1.52
1787726412.114,333,55.4,18494,11.0132,1.52
1787726412.169,334,55.3,18502,10.9720,1.52
1787726412.225,335,55.3,18505,10.9889,1.52
1787726412.280,336,55.4,18496,10.9786,1.52
1787726412.336,337,55.4,18499,10.9935,1.52
1787726412.391,338,55.4,18493,10.9690,1.52
1787726412.447,339,55.3,18505,11.0118,1.52
1787726412.502,340,55.4,18492,10.9694,1.52
1787726412.558,341,55.4,18500,10.9700,1.52
1787726412.613,342,55.3,18502,10.9639,1.52
1787726412.669,343,55.3,18512,10.9776,1.52
1787726412.724,344,55.4,18474,10.9701,1.52
1787726412.780,345,55.3,18505,10.9782,1.52
1787726412.835,346,55.4,18496,10.9890,1.52
1787726412.890,347,55.3,18509,10.9847,1.52
1787726412.946,348,55.3,18506,10.9851,1.52
1787726413.001,349,55.3,18506,10.9963,1.52
1787726413.057,350,55.3,18511,11.0158,1.52
1787726413.112,351,55.4,18497,10.9911,1.52
1787726413.168,352,55.4,18488,10.9651,1.52
1787726413.223,353,55.3,18507,10.9554,1.52
1787726413.279,354,55.3,18508,10.9516,1.52
1787726413.334,355,55.4,18497,10.9784,1.52
1787726413.390,356,55.3,18514,10.9500,1.52
1787726413.445,357,55.3,18510,10.9768,1.52
1787726413.501,358,55.4,18489,10.9428,1.52
1787726413.556,359,55.3,18503,10.9951,1.52
1787726413.611,360,55.4,18495,10.9725,1.52
1787726413.667,361,55.3,18506,10.9776,1.52
1787726413.723,362,55.4,18475,10.9523,1.52
1787726413.778,363,55.3,18504,10.9957,1.52
1787726413.834,364,55.3,18507,10.9528,1.52
1787726413.889,365,55.4,18499,10.9887,1.52
1787726413.945,366,55.4,18495,10.9931,1.52
1787726414.000,367,55.3,18507,10.9630,1.52
1787726414.055,368,55.3,18508,10.9513,1.52
1787726414.111,369,55.3,18509,10.9882,1.52
1787726414.166,370,55.4,18500,10.9611,1.52
1787726414.222,371,55.3,18503,10.9703,1.52
1787726414.277,372,55.3,18514,10.9752,1.52
1787726414.333,373,55.4,18497,10.9723,1.52
1787726414.388,374,55.4,18500,10.9450,1.52
1787726414.444,375,55.3,18514,10.9828,1.52
1787726414.499,376,55.4,18495,10.9622,1.52
1787726414.554,377,55.3,18508,10.9710,1.52
1787726414.610,378,55.4,18485,10.9936,1.52
1787726414.665,379,55.3,18515,10.9874,1.52
1787726414.721,380,55.4,18480,10.9747,1.52
1787726414.776,381,55.3,18504,10.9981,1.52
1787726414.832,382,55.3,18512,10.9782,1.52
1787726414.887,383,55.3,18519,10.9962,1.52
1787726414.943,384,55.4,18479,10.9740,1.52
1787726414.998,385,55.3,18507,10.9775,1.52
1787726415.054,386,55.3,18501,10.9894,1.52
1787726415.109,387,55.3,18511,10.9732,1.52
1787726415.165,388,55.6,18429,10.9666,1.52
1787726415.220,389,55.3,18511,10.9571,1.52
1787726415.276,390,55.3,18503,10.9588,1.52
1787726415.331,391,55.3,18520,10.9713,1.52
1787726415.387,392,55.4,18500,10.9605,1.52
1787726415.442,393,55.3,18521,10.9762,1.52
1787726415.497,394,55.3,18507,10.9884,1.52
1787726415.553,395,55.3,18507,10.9648,1.52
1787726415.608,396,55.3,18502,10.9993,1.52
1787726415.664,397,55.4,18491,10.9841,1.52
1787726415.719,398,55.3,18504,10.9873,1.52
1787726415.775,399,55.3,18507,10.9891,1.52
1787726415.830,400,55.4,18493,10.9696,1.52
1787726415.886,401,55.3,18504,10.9500,1.52
1787726415.941,402,55.3,18513,10.9912,1.52
1787726415.997,403,55.3,18503,11.0073,1.52
1787726416.052,404,55.3,18506,10.9954,1.52
1787726416.108,405,55.4,18500,10.9775,1.52
1787726416.163,406,55.4,18496,10.9643,1.52
1787726416.219,407,55.3,18512,10.9566,1.52
1787726416.274,408,55.3,18503,10.9678,1.52
1787726416.330,409,55.4,18499,10.9527,1.52
1787726416.385,410,55.3,18502,10.9866,1.52
1787726416.440,411,55.3,18515,10.9582,1.52
1787726416.496,412,55.4,18496,10.9791,1.52
1787726416.551,413,55.3,18502,10.9810,1.52
1787726416.607,414,55.3,18501,10.9986,1.52
1787726416.662,415,55.3,18507,11.0146,1.52
1787726416.718,416,55.4,18477,10.9828,1.52
1787726416.773,417,55.3,18507,10.9876,1.52
1787726416.829,418,55.3,18519,10.9763,1.52
1787726416.884,419,55.4,18500,10.9725,1.52
1787726416.940,420,55.4,18488,10.9490,1.52
1787726416.995,421,55.4,18493,10.9681,1.52
1787726417.051,422,55.3,18502,10.9843,1.52
1787726417.106,423,55.3,18506,10.9642,1.52
1787726417.162,424,55.3,18502,10.9661,1.52
1787726417.217,425,55.4,18489,11.0117,1.52
1787726417.273,426,55.4,18497,10.9978,1.52
1787726417.328,427,55.3,18513,10.9616,1.52
1787726417.383,428,55.3,18508,10.9564,1.52
1787726417.439,429,55.3,18519,10.9837,1.52
1787726417.494,430,55.3,18507,10.9558,1.52
1787726417.550,431,55.3,18510,10.9711,1.52
1787726417.605,432,55.4,18489,10.9643,1.52
1787726417.661,433,55.3,18510,10.9745,1.52
1787726417.716,434,55.4,18479,10.9532,1.52
1787726417.772,435,55.3,18507,10.9843,1.52
1787726417.827,436,55.4,18500,10.9842,1.52
1787726417.883,437,55.3,18511,10.9786,1.52
1787726417.938,438,55.4,18492,10.9947,1.52
1787726417.994,439,55.3,18501,10.9487,1.52
1787726418.049,440,55.3,18506,10.9837,1.52
1787726418.104,441,55.4,18499,10.9963,1.52
1787726418.160,442,55.3,18502,11.0030,1.52
1787726418.215,443,55.3,18514,10.9642,1.52
1787726418.271,444,55.3,18504,10.9755,1.52
1787726418.326,445,55.4,18479,10.9778,1.52
1787726418.382,446,55.3,18501,10.9630,1.52
1787726418.437,447,55.3,18509,10.9434,1.52
1787726418.493,448,55.3,18511,10.9846,1.52
1787726418.548,449,55.3,18517,10.9502,1.52
1787726418.604,450,55.4,18490,10.9773,1.52
1787726418.686,451,82.5,12419,10.9918,1.52
1787726418.812,452,125.3,8171,10.9679,1.52
1787726418.930,453,118.1,8671,10.9518,1.52
1787726419.046,454,115.0,8902,10.9629,1.52
1787726419.205,455,158.5,6459,10.9772,1.52
1787726419.287,456,82.2,12461,10.9644,1.52
1787726419.367,457,80.0,12804,10.9835,1.52
1787726419.424,458,56.0,18272,10.9820,1.52
1787726419.480,459,55.9,18315,10.9566,1.52
1787726419.536,460,55.8,18335,10.9690,1.52
1787726419.592,461,55.9,18329,10.9992,1.52
1787726419.648,462,55.8,18338,10.9503,1.52
1787726419.704,463,55.9,18317,10.9668,1.52
1787726419.760,464,55.8,18341,10.9788,1.52
1787726419.816,465,55.8,18348,10.9842,1.52
1787726419.872,466,55.9,18334,10.9913,1.52
1787726419.928,467,55.9,18333,10.9566,1.52
1787726419.983,468,55.8,18354,10.9486,1.52
1787726420.039,469,55.9,18323,10.9815,1.52
1787726420.095,470,55.9,18330,10.9873,1.52
1787726420.151,471,55.8,18339,10.9668,1.52
1787726420.207,472,55.8,18340,10.9712,1.52
1787726420.263,473,55.8,18344,10.9248,1.52
1787726420.319,474,55.9,18328,10.9302,1.52
1787726420.375,475,55.8,18356,10.9716,1.52
1787726420.431,476,55.8,18346,10.9670,1.52
1787726420.487,477,55.8,18340,10.9720,1.52
1787726420.543,478,55.8,18338,10.9584,1.52
1787726420.599,479,55.9,18332,10.9821,1.52
1787726420.655,480,55.9,18332,10.9967,1.52
1787726420.711,481,55.9,18315,10.9783,1.52
1787726420.767,482,55.9,18331,10.9771,1.52
1787726420.823,483,55.8,18342,10.9616,1.52
1787726420.879,484,55.8,18343,10.9616,1.52
1787726420.935,485,55.8,18354,10.9650,1.52
1787726420.991,486,55.9,18322,10.9872,1.52
1787726421.047,487,55.9,18334,10.9856,1.52
1787726421.103,488,55.8,18354,10.9902,1.52
1787726421.159,489,55.8,18343,10.9441,1.52
1787726421.215,490,55.8,18343,10.9782,1.52
1787726421.271,491,55.8,18339,10.9791,1.52
1787726421.327,492,55.8,18337,10.9489,1.52
1787726421.382,493,55.8,18341,10.9679,1.52
1787726421.438,494,55.8,18344,10.9901,1.52
1787726421.494,495,55.8,18338,10.9654,1.52
1787726421.550,496,55.9,18323,10.9622,1.52
1787726421.606,497,55.9,18327,10.9802,1.52
1787726421.662,498,55.8,18339,11.0130,1.52
1787726421.718,499,55.9,18322,10.9433,1.52
1787726421.774,500,55.8,18336,10.9832,1.52
1787726421.830,501,55.9,18334,10.9668,1.52
1787726421.886,502,55.8,18341,10.9645,1.52
1787726421.942,503,55.9,18335,10.9749,1.52
1787726421.999,504,56.1,18264,10.9859,1.52
1787726422.055,505,55.9,18304,10.9766,1.52
1787726422.111,506,55.8,18347,10.9858,1.52
1787726422.167,507,55.8,18337,10.9706,1.52
1787726422.223,508,55.8,18345,10.9549,1.52
1787726422.279,509,55.8,18349,10.9650,1.52
1787726422.334,510,55.7,18372,10.9544,1.52
1787726422.390,511,55.3,18505,10.9717,1.52
1787726422.445,512,55.3,18502,10.9195,1.52
1787726422.501,513,55.3,18511,10.9779,1.52
1787726422.556,514,55.3,18503,10.9685,1.52
1787726422.612,515,55.4,18493,10.9366,1.52
1787726422.667,516,55.4,18497,10.9296,1.52
1787726422.723,517,55.5,18452,10.9664,1.52
1787726422.778,518,55.4,18495,10.9599,1.52
1787726422.834,519,55.3,18517,11.0034,1.52
1787726422.889,520,55.4,18495,10.9666,1.52
1787726422.945,521,55.4,18492,10.9621,1.52
1787726423.000,522,55.4,18494,10.9542,1.52
1787726423.056,523,55.4,18491,10.9681,1.52
1787726423.111,524,55.3,18506,10.9772,1.52
1787726423.167,525,55.4,18494,10.9753,1.52
1787726423.222,526,55.3,18505,10.9573,1.52
1787726423.278,527,55.3,18515,11.0060,1.52
1787726423.333,528,55.4,18483,10.9555,1.52
1787726423.389,529,55.3,18509,10.9672,1.52
1787726423.444,530,55.3,18505,10.9808,1.52
1787726423.500,531,55.3,18514,10.9766,1.52
1787726423.555,532,55.4,18500,10.9627,1.52
1787726423.610,533,55.4,18500,10.9450,1.52
1787726423.666,534,55.4,18493,10.9771,1.52
1787726423.722,535,55.4,18490,10.9782,1.52
1787726423.777,536,55.4,18500,10.9577,1.52
1787726423.832,537,55.3,18507,10.9425,1.52
1787726423.888,538,55.4,18484,10.9699,1.52
1787726423.943,539,55.3,18510,10.9624,1.52
1787726423.999,540,55.6,18425,10.9689,1.52
1787726424.055,541,55.4,18489,10.9364,1.52
1787726424.110,542,55.3,18510,10.9969,1.52
1787726424.166,543,55.4,18496,10.9448,1.52
1787726424.221,544,55.4,18500,10.9815,1.52
1787726424.277,545,55.3,18515,10.9895,1.52
1787726424.332,546,55.4,18491,10.9664,1.52
1787726424.388,547,55.4,18482,10.9701,1.52
1787726424.443,548,55.3,18501,10.9615,1.52
1787726424.498,549,55.3,18506,10.9921,1.52
1787726424.554,550,55.3,18517,10.9971,1.52
1787726424.609,551,55.3,18506,10.9718,1.52
1787726424.665,552,55.3,18510,10.9530,1.52
1787726424.720,553,55.4,18471,10.9608,1.52
1787726424.776,554,55.4,18496,10.9741,1.52
1787726424.831,555,55.3,18512,10.9375,1.52
1787726424.887,556,55.3,18517,10.9638,1.52
1787726424.942,557,55.3,18504,10.9459,1.52
1787726424.998,558,55.3,18510,10.9938,1.52
1787726425.053,559,55.3,18501,10.9831,1.52
1787726425.109,560,55.4,18483,10.9490,1.52
1787726425.164,561,55.3,18510,10.9452,1.52
1787726425.220,562,55.3,18507,10.9636,1.52
1787726425.276,563,55.6,18416,10.9646,1.52
1787726425.332,564,55.6,18414,10.9822,1.52
1787726425.387,565,55.6,18425,10.9970,1.52
1787726425.443,566,55.6,18432,10.9476,1.52
1787726425.499,567,55.7,18396,10.9657,1.52
1787726425.555,568,55.5,18442,10.9898,1.52
1787726425.610,569,55.4,18498,10.9607,1.52
1787726425.666,570,55.4,18498,10.9675,1.52
1787726425.721,571,55.4,18497,10.9474,1.52
1787726425.777,572,55.3,18505,10.9755,1.52
1787726425.832,573,55.3,18506,11.0027,1.52
1787726425.888,574,55.3,18509,10.9702,1.52
1787726425.943,575,55.3,18507,11.0050,1.52
1787726425.999,576,55.4,18471,10.9653,1.52
1787726426.054,577,55.4,18475,10.9715,1.52
1787726426.110,578,55.4,18493,10.9629,1.52
1787726426.166,579,55.8,18363,10.9909,1.52
1787726426.224,580,57.5,17811,10.9563,1.52
1787726426.284,581,59.2,17283,10.9619,1.52
1787726426.343,582,58.9,17381,10.9995,1.52
1787726426.407,583,63.7,16065,10.9418,1.52
1787726426.464,584,56.4,18156,10.9697,1.52
1787726426.523,585,58.3,17565,10.9577,1.52
1787726426.583,586,59.6,17177,10.9708,1.52
1787726426.733,587,149.4,6854,10.9645,1.52
1787726426.835,588,101.8,10056,10.9731,1.52
1787726426.910,589,74.8,13684,10.9842,1.52
1787726426.966,590,56.1,18260,10.9635,1.52
1787726427.022,591,55.9,18313,10.9442,1.52
1787726427.078,592,55.8,18336,10.9794,1.52
1787726427.134,593,55.8,18338,10.9419,1.52
1787726427.190,594,55.8,18345,10.9500,1.52
1787726427.246,595,55.8,18346,10.9649,1.52
1787726427.302,596,55.9,18333,10.9856,1.52
1787726427.358,597,55.9,18325,10.9999,1.52
1787726427.414,598,55.8,18338,10.9834,1.52
1787726427.470,599,55.8,18347,10.9450,1.52
1787726427.526,600,55.8,18337,10.9594,1.52
1787726427.582,601,55.8,18339,10.9673,1.52
1787726427.638,602,55.9,18335,10.9696,1.52
1787726427.694,603,55.9,18319,10.9541,1.52
1787726427.750,604,55.8,18336,10.9828,1.52
1787726427.806,605,55.8,18349,10.9566,1.52
1787726427.862,606,55.8,18337,10.9694,1.52
1787726427.918,607,55.8,18342,10.9676,1.52
1787726427.974,608,55.9,18335,10.9699,1.52
1787726428.030,609,55.9,18322,10.9806,1.52
1787726428.086,610,55.9,18333,10.9715,1.52
1787726428.142,611,55.8,18356,10.9498,1.52
1787726428.198,612,55.8,18342,10.9584,1.52
1787726428.254,613,55.8,18341,10.9854,1.52
1787726428.309,614,55.8,18351,10.9833,1.52
1787726428.365,615,55.9,18334,10.9537,1.52
1787726428.421,616,55.9,18330,10.9921,1.52
1787726428.477,617,55.9,18334,10.9705,1.52
1787726428.533,618,55.8,18352,10.9863,1.52
1787726428.589,619,55.9,18333,10.9255,1.52
1787726428.645,620,55.8,18351,10.9548,1.52
1787726428.701,621,55.9,18319,10.9612,1.52
1787726428.757,622,55.8,18348,10.9467,1.52
1787726428.813,623,55.8,18353,10.9707,1.52
1787726428.869,624,55.9,18326,10.9785,1.52
1787726428.925,625,55.8,18346,10.9938,1.52
1787726428.981,626,55.8,18351,10.9735,1.52
1787726429.037,627,55.9,18327,10.9652,1.52
1787726429.093,628,55.9,18328,10.9472,1.52
1787726429.149,629,55.8,18346,10.9645,1.52
1787726429.205,630,55.8,18344,10.9397,1.52
1787726429.261,631,55.8,18337,10.9728,1.52
1787726429.317,632,55.9,18324,10.9726,1.52
1787726429.373,633,55.8,18338,10.9812,1.52
1787726429.429,634,55.8,18346,10.9529,1.52
1787726429.485,635,56.0,18302,10.9558,1.52
1787726429.540,636,55.3,18512,10.9459,1.52
1787726429.596,637,55.4,18496,10.9639,1.52
1787726429.651,638,55.3,18504,10.9583,1.52
1787726429.707,639,55.4,18495,10.9818,1.52
1787726429.762,640,55.4,18486,10.9689,1.52
1787726429.818,641,55.6,18428,10.9502,1.52
1787726429.874,642,55.6,18404,10.9395,1.52
1787726429.930,643,55.5,18441,10.9703,1.52
1787726429.986,644,55.6,18412,10.9498,1.52
1787726430.042,645,55.6,18421,10.9534,1.52
1787726430.098,646,55.5,18447,10.9282,1.52
1787726430.153,647,55.3,18503,10.9771,1.52
1787726430.208,648,55.4,18500,10.9733,1.52
1787726430.264,649,55.4,18484,10.9295,1.52
1787726430.319,650,55.4,18500,10.9416,1.52
1787726430.375,651,55.3,18518,10.9613,1.52
1787726430.430,652,55.3,18515,10.9527,1.52
1787726430.486,653,55.3,18504,10.9666,1.52
1787726430.541,654,55.3,18502,10.9412,1.52
1787726430.597,655,55.4,18478,10.9726,1.52
1787726430.653,656,55.4,18498,10.9993,1.52
1787726430.709,657,56.2,18235,10.9427,1.52
1787726430.767,658,57.7,17751,10.9301,1.52
1787726430.827,659,59.0,17353,10.9469,1.52
1787726430.886,660,58.9,17375,10.9837,1.52
1787726430.998,661,111.2,9211,10.9713,1.52
1787726431.100,662,101.7,10070,10.9644,1.52
1787726431.260,663,159.9,6405,10.9809,1.52
1787726431.383,664,122.6,8353,10.9787,1.52
1787726431.499,665,115.4,8874,10.9753,1.52
1787726431.589,666,90.0,11384,10.9851,1.52
1787726431.657,667,68.1,15033,10.9398,1.52
1787726431.714,668,56.0,18273,10.9483,1.52
1787726431.770,669,55.9,18330,10.9742,1.52
1787726431.826,670,55.9,18333,10.9510,1.52
1787726431.882,671,55.9,18335,10.9486,1.52
1787726431.938,672,55.9,18328,10.9317,1.52
1787726431.994,673,55.9,18333,10.9729,1.52
1787726432.074,674,79.6,12864,10.9520,1.52
1787726432.203,675,129.3,7917,10.9747,1.52
1787726432.325,676,120.8,8474,10.9583,1.52
1787726432.437,677,111.4,9191,10.9738,1.52
1787726432.600,678,162.7,6293,10.9822,1.52
1787726432.682,679,82.0,12490,10.9830,1.52
1787726432.762,680,80.1,12786,10.9669,1.52
1787726432.819,681,56.1,18247,10.9396,1.52
1787726432.875,682,55.8,18348,10.9871,1.52
1787726432.931,683,55.8,18336,10.9527,1.52
1787726432.987,684,55.9,18318,10.9613,1.52
1787726433.043,685,55.9,18333,10.9325,1.52
1787726433.099,686,55.8,18335,10.9894,1.52
1787726433.155,687,55.8,18338,10.9516,1.52
1787726433.211,688,55.9,18317,10.9496,1.52
1787726433.267,689,55.9,18327,10.9529,1.52
1787726433.323,690,55.9,18325,10.9768,1.52
1787726433.379,691,55.9,18327,10.9657,1.52
1787726433.435,692,55.8,18346,10.9456,1.52
1787726433.491,693,55.8,18353,10.9650,1.52
1787726433.547,694,55.9,18328,10.9694,1.52
1787726433.603,695,55.9,18329,10.9565,1.52
1787726433.659,696,55.9,18334,10.9616,1.52
1787726433.715,697,56.1,18262,10.9547,1.52
1787726433.824,698,108.5,9438,10.9684,1.52
1787726433.930,699,105.8,9674,10.9621,1.52
1787726434.086,700,155.2,6596,10.9662,1.52
1787726434.212,701,126.1,8121,10.9676,1.52
1787726434.326,702,113.9,8994,11.0095,1.52
1787726434.424,703,97.8,10470,10.9888,1.52
1787726434.489,704,63.9,16027,10.9664,1.52
1787726434.545,705,55.9,18318,10.9702,1.52
1787726434.601,706,55.9,18331,10.9639,1.52
1787726434.657,707,55.9,18334,10.9492,1.52
1787726434.713,708,55.9,18309,10.9728,1.52
1787726434.769,709,55.9,18321,10.9580,1.52
1787726434.825,710,55.8,18335,10.9650,1.52
1787726434.881,711,55.8,18336,10.9623,1.52
1787726434.937,712,55.9,18333,10.9934,1.52
1787726434.993,713,55.9,18330,10.9559,1.52
1787726435.049,714,55.9,18335,11.0093,1.52
1787726435.105,715,55.9,18331,10.9732,1.52
1787726435.160,716,55.8,18335,10.9430,1.52
1787726435.216,717,55.8,18355,10.9505,1.52
1787726435.272,718,55.8,18342,10.9629,1.52
1787726435.328,719,55.8,18336,10.9536,1.52
1787726435.384,720,55.8,18350,10.9683,1.52
1787726435.440,721,55.8,18340,10.9304,1.52
1787726435.496,722,55.9,18333,10.9257,1.52
1787726435.552,723,55.8,18342,10.9450,1.52
1787726435.608,724,55.9,18331,10.9878,1.52
1787726435.664,725,55.8,18343,10.9688,1.52
1787726435.720,726,55.8,18345,10.9905,1.52
1787726435.776,727,55.8,18335,10.9483,1.52
1787726435.832,728,55.8,18349,10.9466,1.52
1787726435.888,729,55.8,18337,10.9474,1.52
1787726435.944,730,55.9,18332,10.9955,1.52
1787726436.000,731,55.8,18340,10.9583,1.52
1787726436.056,732,55.9,18330,10.9451,1.52
1787726436.112,733,55.8,18343,10.9505,1.52
1787726436.168,734,55.9,18335,10.9445,1.52
1787726436.224,735,55.8,18340,10.9811,1.52
1787726436.280,736,55.8,18336,10.9151,1.52
1787726436.336,737,55.9,18333,10.9701,1.52
1787726436.392,738,55.9,18334,10.9770,1.52
1787726436.448,739,55.8,18337,10.9543,1.52
1787726436.504,740,55.8,18335,10.9454,1.52
1787726436.560,741,55.8,18340,10.9195,1.52
1787726436.616,742,55.9,18333,10.9787,1.52
1787726436.671,743,55.7,18369,10.9672,1.52
1787726436.727,744,55.4,18478,10.9649,1.52
1787726436.782,745,55.3,18523,10.9714,1.52
1787726436.838,746,55.3,18502,10.9532,1.52
1787726436.893,747,55.3,18503,10.9484,1.52
1787726436.949,748,55.3,18517,10.9756,1.52
1787726437.004,749,55.3,18524,10.9490,1.52
1787726437.060,750,55.4,18499,10.9643,1.52
1787726437.115,751,55.3,18532,10.9369,1.52
1787726437.170,752,55.3,18508,11.0067,1.52
1787726437.226,753,55.3,18506,10.9655,1.52
1787726437.281,754,55.3,18508,10.9504,1.52
1787726437.337,755,55.3,18512,10.9597,1.52
1787726437.392,756,55.3,18502,10.9909,1.52
1787726437.448,757,55.3,18516,10.9488,1.52
1787726437.503,758,55.3,18508,10.9673,1.52
1787726437.558,759,55.3,18510,10.9676,1.52
1787726437.614,760,55.4,18483,10.9472,1.52
1787726437.670,761,55.3,18514,10.9126,1.52
1787726437.725,762,55.3,18506,10.9845,1.52
1787726437.781,763,55.3,18510,10.9563,1.52
1787726437.836,764,55.4,18498,10.9334,1.52
1787726437.892,765,55.3,18514,10.9484,1.52
1787726437.947,766,55.3,18505,10.9879,1.52
1787726438.002,767,55.3,18511,10.9389,1.52
1787726438.058,768,55.3,18505,10.9742,1.52
1787726438.113,769,55.3,18505,10.9625,1.52
1787726438.169,770,55.3,18513,10.9595,1.52
1787726438.224,771,55.3,18510,10.9327,1.52
1787726438.280,772,55.4,18500,10.9349,1.52
1787726438.335,773,55.3,18510,10.9879,1.52
1787726438.391,774,55.3,18507,10.9582,1.52
1787726438.446,775,55.3,18507,10.9817,1.52
1787726438.501,776,55.3,18506,10.9866,1.52
1787726438.557,777,55.3,18523,10.9522,1.52
1787726438.612,778,55.3,18501,10.9381,1.52
1787726438.668,779,55.3,18510,10.9704,1.52
1787726438.723,780,55.4,18487,10.9340,1.52
1787726438.779,781,55.3,18502,10.9421,1.52
1787726438.834,782,55.3,18515,10.9680,1.52
1787726438.890,783,55.3,18504,10.9424,1.52
1787726438.945,784,55.3,18508,10.9730,1.52
1787726439.001,785,55.3,18506,10.9896,1.52
1787726439.056,786,55.4,18495,10.9669,1.52
1787726439.112,787,55.3,18522,10.9694,1.52
1787726439.167,788,55.3,18513,10.9814,1.52
1787726439.222,789,55.3,18506,10.9545,1.52
1787726439.278,790,55.3,18501,10.9722,1.52
1787726439.333,791,55.4,18499,10.9503,1.52
1787726439.389,792,55.3,18505,10.9656,1.52
1787726439.444,793,55.3,18514,10.9572,1.52
1787726439.500,794,55.3,18506,10.9673,1.52
1787726439.555,795,55.4,18494,10.9511,1.52
1787726439.611,796,55.4,18496,10.9726,1.52
1787726439.666,797,55.4,18500,10.9749,1.52
1787726439.722,798,55.4,18498,10.9400,1.52
1787726439.777,799,55.3,18505,10.9747,1.52
1787726439.833,800,55.4,18495,10.9833,1.52
1787726439.888,801,55.3,18506,10.9372,1.52
1787726439.944,802,55.3,18522,10.9463,1.52
1787726439.999,803,55.3,18506,10.9557,1.52
1787726440.075,804,75.6,13545,10.9606,1.52
1787726440.206,805,130.4,7855,10.9437,1.52
1787726440.324,806,117.3,8727,10.9536,1.52
1787726440.429,807,105.2,9735,10.9563,1.52
1787726440.597,808,167.7,6105,10.9514,1.52
1787726440.680,809,82.4,12426,10.9630,1.52
1787726440.764,810,83.8,12224,10.9583,1.52
1787726440.821,811,56.1,18253,10.9384,1.52
1787726440.877,812,55.9,18312,10.9847,1.52
1787726440.933,813,55.9,18322,10.9760,1.52
1787726440.989,814,56.2,18219,10.9492,1.52
1787726441.046,815,56.2,18228,10.9777,1.52
1787726441.103,816,56.1,18239,10.9883,1.52
1787726441.159,817,56.2,18231,10.9661,1.52
1787726441.215,818,56.0,18283,10.9613,1.52
1787726441.271,819,55.9,18330,10.9378,1.52
1787726441.327,820,55.9,18328,10.9791,1.52
1787726441.383,821,55.9,18331,10.9883,1.52
1787726441.439,822,55.8,18349,10.9280,1.52
1787726441.495,823,55.8,18341,10.9502,1.52
1787726441.551,824,55.8,18336,10.9521,1.52
1787726441.607,825,55.9,18332,10.9478,1.52
1787726441.663,826,55.8,18351,10.9619,1.52
1787726441.719,827,56.1,18269,10.9661,1.52
1787726441.776,828,56.1,18240,10.9497,1.52
1787726441.833,829,56.7,18045,10.9783,1.52
1787726441.891,830,57.8,17720,10.9621,1.52
1787726441.951,831,58.9,17382,10.9608,1.52
1787726442.010,832,58.9,17381,10.9434,1.52
1787726442.074,833,63.5,16123,10.9280,1.52
1787726442.130,834,56.2,18206,10.9316,1.52
1787726442.190,835,59.4,17232,10.9591,1.52
1787726442.250,836,59.6,17196,10.9482,1.52
1787726442.321,837,70.3,14559,10.9678,1.52
1787726442.409,838,87.8,11662,10.9977,1.52
1787726442.465,839,55.9,18317,10.9385,1.52
1787726442.521,840,55.9,18313,10.9395,1.52
1787726442.577,841,55.8,18335,10.9732,1.52
1787726442.633,842,55.9,18310,10.9867,1.52
1787726442.689,843,55.9,18321,10.9556,1.52
1787726442.745,844,55.8,18342,10.9736,1.52
1787726442.801,845,55.8,18352,10.9504,1.52
1787726442.857,846,55.8,18347,10.9572,1.52
1787726442.913,847,55.8,18340,10.9700,1.52
1787726442.969,848,55.8,18336,10.9362,1.52
1787726443.025,849,56.1,18261,10.9783,1.52
1787726443.081,850,55.9,18323,10.9273,1.52
1787726443.137,851,55.9,18320,10.9418,1.52
1787726443.193,852,55.9,18332,10.9281,1.52
1787726443.249,853,55.9,18332,10.9220,1.52
1787726443.305,854,55.8,18350,10.9646,1.52
1787726443.361,855,55.8,18336,10.9553,1.52
1787726443.417,856,55.9,18328,10.9602,1.52
1787726443.473,857,55.8,18348,10.9831,1.52
1787726443.529,858,55.9,18334,10.9842,1.52
1787726443.585,859,55.9,18332,10.9515,1.52
1787726443.641,860,55.9,18332,10.9728,1.52
1787726443.697,861,55.9,18323,10.9580,1.52
1787726443.753,862,55.9,18334,10.9404,1.52
1787726443.809,863,55.8,18343,10.9541,1.52
1787726443.865,864,55.5,18435,10.9610,1.52
1787726443.920,865,55.3,18512,10.9450,1.52
1787726443.976,866,55.4,18495,10.9409,1.52
1787726444.031,867,55.4,18497,10.9540,1.52
1787726444.087,868,55.3,18501,10.9385,1.52
1787726444.142,869,55.3,18513,10.9739,1.52
1787726444.197,870,55.3,18509,10.9581,1.52
1787726444.253,871,55.3,18508,10.9438,1.52
1787726444.308,872,55.4,18500,10.9416,1.52
1787726444.364,873,55.4,18482,10.9667,1.52
1787726444.420,874,55.7,18392,10.9445,1.52
1787726444.476,875,55.6,18407,10.9382,1.52
1787726444.532,876,55.7,18375,10.9295,1.52
1787726444.588,877,55.7,18391,10.9175,1.52
1787726444.644,878,55.5,18441,10.9842,1.52
1787726444.699,879,55.4,18475,10.9539,1.52
1787726444.755,880,55.4,18488,10.9630,1.52
1787726444.811,881,55.3,18503,10.9583,1.52
1787726444.866,882,55.3,18504,10.9481,1.52
1787726444.921,883,55.3,18517,10.9455,1.52
1787726444.977,884,55.4,18495,10.9381,1.52
1787726445.032,885,55.3,18502,10.9530,1.52
1787726445.088,886,55.3,18510,10.9784,1.52
1787726445.143,887,55.3,18504,10.9619,1.52
1787726445.199,888,55.4,18480,10.9869,1.52
1787726445.254,889,55.3,18517,10.9696,1.52
1787726445.310,890,55.3,18514,10.9599,1.52
1787726445.365,891,55.4,18500,10.9657,1.52
1787726445.421,892,55.3,18504,10.9731,1.52
1787726445.476,893,55.3,18508,10.9594,1.52
1787726445.532,894,55.3,18506,10.9461,1.52
1787726445.587,895,55.3,18521,10.9380,1.52
1787726445.643,896,55.4,18489,10.9626,1.52
1787726445.700,897,56.4,18142,10.9639,1.52
1787726445.756,898,55.6,18404,10.9631,1.52
1787726445.812,899,56.0,18292,10.9655,1.52
1787726445.870,900,56.8,18034,10.9633,1.52
1787726445.929,901,59.2,17296,10.9510,1.52
1787726445.989,902,59.1,17339,10.9651,1.52
1787726446.056,903,66.6,15375,10.9509,1.52
1787726446.113,904,57.0,17954,10.9919,1.52
1787726446.227,905,113.0,9062,10.9529,1.52
1787726446.333,906,106.3,9634,10.9483,1.52
1787726446.493,907,159.0,6440,10.9457,1.52
1787726446.563,908,70.5,14527,10.9799,1.52
1787726446.620,909,56.2,18217,10.9716,1.52
1787726446.677,910,56.4,18145,10.9491,1.52
1787726446.735,911,58.2,17603,10.9112,1.52
1787726446.795,912,58.9,17377,10.9727,1.52
1787726446.854,913,58.6,17462,10.9808,1.52
1787726446.951,914,97.2,10538,10.9624,1.52
1787726447.012,915,60.1,17044,10.9533,1.52
1787726447.069,916,56.4,18144,10.9662,1.52
1787726447.126,917,56.7,18057,10.9371,1.52
1787726447.186,918,59.7,17146,10.9860,1.52
1787726447.301,919,114.5,8940,10.9771,1.52
1787726447.420,920,118.9,8612,10.9744,1.52
1787726447.512,921,91.7,11165,10.9615,1.52
1787726447.610,922,97.8,10465,10.9850,1.52
1787726447.667,923,56.1,18250,10.9388,1.52
1787726447.723,924,55.9,18309,10.9386,1.52
1787726447.779,925,55.8,18356,10.9572,1.52
1787726447.835,926,55.8,18335,10.9387,1.52
1787726447.891,927,55.8,18342,10.9562,1.52
1787726447.947,928,55.9,18326,10.9723,1.52
1787726448.003,929,55.9,18313,10.9315,1.52
1787726448.059,930,55.8,18344,10.9267,1.52
1787726448.114,931,55.8,18345,10.9541,1.52
1787726448.170,932,55.8,18339,10.9664,1.52
1787726448.226,933,55.9,18331,10.9409,1.52
1787726448.282,934,55.8,18336,10.9421,1.52
1787726448.392,935,109.2,9374,10.9496,1.52
1787726448.497,936,104.4,9805,10.9763,1.52
1787726448.656,937,158.9,6446,10.9468,1.52
1787726448.777,938,120.6,8493,10.9501,1.52
1787726448.892,939,114.9,8909,10.9427,1.52
1787726448.990,940,97.3,10529,10.9501,1.52
1787726449.054,941,63.9,16033,10.9597,1.52
1787726449.110,942,55.9,18324,10.9599,1.52
1787726449.166,943,55.8,18341,10.9608,1.52
1787726449.222,944,55.9,18331,10.9393,1.52
1787726449.278,945,55.9,18330,10.9640,1.52
1787726449.334,946,55.8,18349,10.9637,1.52
1787726449.390,947,55.8,18346,10.9486,1.52
1787726449.446,948,55.9,18330,10.9385,1.52
1787726449.502,949,55.9,18328,10.9471,1.52
1787726449.558,950,55.8,18353,10.9297,1.52
1787726449.614,951,55.9,18331,10.9564,1.52
1787726449.670,952,55.8,18352,10.9556,1.52
1787726449.726,953,55.9,18310,10.9459,1.52
1787726449.782,954,55.8,18336,10.9789,1.52
1787726449.838,955,55.8,18345,10.9708,1.52
1787726449.894,956,55.9,18332,10.9591,1.52
1787726449.950,957,55.8,18338,10.9798,1.52
1787726450.005,958,55.8,18340,10.9447,1.52
1787726450.061,959,55.9,18335,10.9303,1.52
1787726450.117,960,55.9,18331,10.9561,1.52
1787726450.173,961,55.9,18334,10.9290,1.52
1787726450.229,962,55.9,18331,10.9525,1.52
1787726450.285,963,55.8,18360,10.9560,1.52
1787726450.341,964,55.8,18348,10.9557,1.52
1787726450.397,965,55.9,18327,10.9518,1.52
1787726450.453,966,55.9,18334,10.9548,1.52
1787726450.509,967,55.9,18331,10.9504,1.52
1787726450.565,968,55.8,18341,10.9791,1.52
1787726450.621,969,55.8,18351,10.9641,1.52
1787726450.677,970,55.8,18357,10.9490,1.52
1787726450.733,971,55.9,18324,10.9540,1.52
1787726450.789,972,55.8,18339,10.9631,1.52
1787726450.845,973,55.8,18336,10.9373,1.52
1787726450.901,974,55.8,18342,10.9342,1.52
1787726450.957,975,55.9,18333,10.9361,1.52
1787726451.013,976,55.8,18368,10.9721,1.52
1787726451.068,977,55.3,18507,10.9464,1.52
1787726451.124,978,55.4,18498,10.9502,1.52
1787726451.179,979,55.3,18521,10.9484,1.52
1787726451.234,980,55.3,18506,10.9412,1.52
1787726451.290,981,55.4,18472,10.9510,1.52
1787726451.346,982,55.4,18498,10.9482,1.52
1787726451.401,983,55.3,18513,10.9879,1.52
1787726451.456,984,55.3,18503,10.9648,1.52
1787726451.512,985,55.3,18513,10.9577,1.52
1787726451.567,986,55.3,18503,10.9502,1.52
1787726451.623,987,55.3,18517,10.9805,1.52
1787726451.678,988,55.3,18505,10.9243,1.52
1787726451.734,989,55.4,18498,10.9509,1.52
1787726451.803,990,69.4,14752,10.9608,1.52
1787726451.941,991,136.9,7477,10.9707,1.52
1787726452.060,992,118.8,8618,10.9524,1.52
1787726452.166,993,105.6,9700,10.9592,1.52
1787726452.319,994,152.1,6733,10.9622,1.52
1787726452.410,995,91.3,11217,10.9632,1.52
1787726452.500,996,89.1,11496,10.9373,1.52
1787726452.556,997,56.1,18261,10.9528,1.52
1787726452.612,998,55.9,18332,10.9668,1.52
1787726452.668,999,55.8,18345,10.9467,1.52
1787726452.724,1000,55.9,18325,10.9632,1.52
1787726452.780,1001,55.8,18349,10.9464,1.52
1787726452.836,1002,55.8,18344,10.9745,1.52
1787726452.892,1003,55.8,18340,10.9773,1.52
1787726452.948,1004,55.8,18346,10.9723,1.52
1787726453.004,1005,56.1,18246,10.9322,1.52
1787726453.061,1006,56.2,18220,10.9592,1.52
1787726453.117,1007,56.1,18266,10.9402,1.52
1787726453.174,1008,56.1,18239,10.9522,1.52
1787726453.230,1009,56.0,18288,10.9687,1.52
1787726453.286,1010,56.1,18263,10.9431,1.52
1787726453.343,1011,56.1,18260,10.9505,1.52
1787726453.399,1012,56.1,18269,10.9544,1.52
1787726453.455,1013,56.0,18291,10.9681,1.52
1787726453.511,1014,56.1,18267,10.9361,1.52
1787726453.568,1015,56.1,18247,10.9688,1.52
1787726453.624,1016,56.1,18251,10.9877,1.52
1787726453.681,1017,56.1,18262,10.9520,1.52
1787726453.737,1018,56.1,18259,10.9636,1.52
1787726453.793,1019,56.1,18265,10.9601,1.52
1787726453.849,1020,55.8,18338,10.9819,1.52
1787726453.905,1021,55.9,18330,10.9595,1.52
1787726453.961,1022,55.8,18335,10.9324,1.52
1787726454.017,1023,55.9,18331,10.9490,1.52
1787726454.073,1024,55.8,18336,10.9811,1.52
1787726454.129,1025,55.9,18333,10.9449,1.52
1787726454.185,1026,55.9,18333,10.9594,1.52
1787726454.241,1027,55.8,18341,10.9490,1.52
1787726454.297,1028,55.9,18332,10.9282,1.52
1787726454.354,1029,56.3,18175,10.9398,1.52
1787726454.506,1030,152.4,6720,10.9562,1.52
1787726454.606,1031,98.7,10370,10.9504,1.52
1787726454.729,1032,123.3,8303,10.9679,1.52
1787726454.787,1033,57.8,17717,10.9544,1.52
1787726454.844,1034,56.6,18084,10.9509,1.52
1787726454.901,1035,56.1,18245,10.9556,1.52
1787726454.957,1036,56.1,18240,10.9771,1.52
1787726455.014,1037,56.1,18254,10.9691,1.52
1787726455.071,1038,56.6,18095,10.9509,1.52
1787726455.127,1039,56.2,18225,10.9618,1.52
1787726455.184,1040,56.3,18176,10.9371,1.52
1787726455.244,1041,59.1,17322,10.9788,1.52
1787726455.304,1042,59.2,17306,10.9553,1.52
1787726455.414,1043,110.3,9281,10.9636,1.52
1787726455.536,1044,121.3,8441,10.9641,1.52
1787726455.630,1045,93.5,10957,10.9498,1.52
1787726455.688,1046,58.3,17555,10.9371,1.52
1787726455.744,1047,56.0,18299,10.9500,1.52
1787726455.800,1048,55.8,18341,10.9348,1.52
1787726455.856,1049,55.8,18340,10.9754,1.52
1787726455.912,1050,55.9,18328,10.9652,1.52
1787726455.968,1051,55.8,18335,10.9339,1.52
1787726456.024,1052,55.9,18334,10.9548,1.52
1787726456.080,1053,55.8,18352,10.9507,1.52
1787726456.136,1054,55.8,18345,10.9504,1.52
1787726456.192,1055,55.8,18341,10.9473,1.52
1787726456.248,1056,55.8,18343,10.9708,1.52
1787726456.304,1057,55.8,18349,10.9376,1.52
1787726456.360,1058,55.9,18319,10.9583,1.52
1787726456.416,1059,55.8,18353,10.9555,1.52
1787726456.472,1060,55.8,18340,10.9580,1.52
1787726456.528,1061,55.8,18342,10.9879,1.52
1787726456.584,1062,55.9,18334,10.9771,1.52
1787726456.640,1063,55.8,18338,10.9553,1.52
1787726456.696,1064,56.0,18300,11.0089,1.52
1787726456.752,1065,55.8,18343,10.9665,1.52
1787726456.808,1066,55.9,18333,10.9523,1.52
1787726456.864,1067,55.9,18331,10.9575,1.52
1787726456.920,1068,55.8,18349,10.9628,1.52
1787726456.976,1069,55.8,18346,10.9597,1.52
1787726457.031,1070,55.8,18340,10.9515,1.52
1787726457.087,1071,55.8,18340,10.9709,1.52
1787726457.143,1072,55.9,18329,10.9930,1.52
1787726457.199,1073,55.9,18332,10.9793,1.52
1787726457.328,1074,128.1,7992,10.9325,1.52
1787726457.449,1075,106.7,9595,10.9314,1.52
1787726457.575,1076,125.1,8186,10.9689,1.52
1787726457.647,1077,71.9,14252,10.9695,1.52
1787726457.807,1078,159.2,6432,10.9578,1.52
1787726457.866,1079,58.9,17373,10.9392,1.52
1787726457.969,1080,102.5,9987,10.9288,1.52
1787726458.027,1081,57.2,17907,10.9637,1.52
1787726458.083,1082,55.7,18394,10.9555,1.52
1787726458.139,1083,55.6,18425,10.9203,1.52
1787726458.195,1084,55.8,18366,10.9381,1.52
1787726458.250,1085,55.4,18494,10.9446,1.52
1787726458.306,1086,55.3,18501,10.9384,1.52
1787726458.361,1087,55.3,18509,10.9534,1.52
1787726458.417,1088,55.3,18513,10.9582,1.52
1787726458.472,1089,55.3,18511,10.9433,1.52
1787726458.528,1090,55.3,18501,10.9661,1.52
1787726458.583,1091,55.3,18514,10.9615,1.52
1787726458.639,1092,55.3,18505,10.9034,1.52
1787726458.694,1093,55.4,18484,10.9608,1.52
1787726458.750,1094,55.4,18491,10.9538,1.52
1787726458.805,1095,55.3,18521,10.9793,1.52
1787726458.860,1096,55.3,18510,10.9211,1.52
1787726458.916,1097,55.3,18508,10.9530,1.52
1787726458.971,1098,55.4,18500,10.9772,1.52
1787726459.027,1099,55.4,18489,10.9593,1.52
1787726459.082,1100,55.4,18496,10.9616,1.52
1787726459.138,1101,55.3,18513,10.9674,1.52
1787726459.193,1102,55.3,18511,10.9388,1.52
1787726459.249,1103,55.3,18516,10.9669,1.52
1787726459.304,1104,55.3,18501,10.9732,1.52
1787726459.360,1105,55.4,18498,10.9451,1.52
1787726459.415,1106,55.4,18493,10.9441,1.52
1787726459.471,1107,55.3,18515,10.9512,1.52
1787726459.526,1108,55.3,18502,10.9563,1.52
1787726459.582,1109,55.3,18507,10.9627,1.52
1787726459.637,1110,55.3,18501,10.9438,1.52
1787726459.692,1111,55.4,18498,10.9302,1.52
1787726459.748,1112,55.3,18508,10.9384,1.52
1787726459.803,1113,55.3,18513,10.9568,1.52
1787726459.859,1114,55.3,18509,10.9536,1.52
1787726459.914,1115,55.3,18511,10.9596,1.52
1787726459.970,1116,55.3,18508,10.9541,1.52
1787726460.025,1117,55.3,18507,10.9219,1.52
1787726460.081,1118,55.3,18505,10.9614,1.52
1787726460.136,1119,55.3,18515,10.9530,1.52
1787726460.191,1120,55.3,18510,10.9305,1.52
1787726460.247,1121,55.3,18526,10.9670,1.52
1787726460.302,1122,55.4,18498,10.9398,1.52
1787726460.358,1123,55.4,18494,10.9709,1.52
1787726460.413,1124,55.3,18504,10.9578,1.52
1787726460.469,1125,55.3,18503,10.9388,1.52
1787726460.524,1126,55.3,18505,10.9522,1.52
1787726460.580,1127,55.3,18514,10.9540,1.52
1787726460.635,1128,55.3,18502,10.9301,1.52
1787726460.691,1129,55.4,18485,10.9696,1.52
1787726460.747,1130,56.4,18151,10.9691,1.52
1787726460.895,1131,147.0,6965,10.9544,1.52
1787726460.958,1132,62.6,16365,10.9759,1.52
1787726461.088,1133,129.4,7916,10.9745,1.52
1787726461.180,1134,92.5,11075,10.9531,1.52
1787726461.313,1135,132.7,7717,10.9374,1.52
1787726461.417,1136,103.7,9873,10.9447,1.52
1787726461.501,1137,83.2,12305,10.9470,1.52
1787726461.557,1138,56.1,18269,10.9765,1.52
1787726461.613,1139,55.9,18322,10.9261,1.52
1787726461.669,1140,55.9,18327,10.9676,1.52
1787726461.726,1141,56.1,18263,10.9272,1.52
1787726461.782,1142,55.9,18327,10.9624,1.52
1787726461.838,1143,56.1,18239,10.9589,1.52
1787726461.895,1144,56.1,18250,10.9515,1.52
1787726461.951,1145,56.0,18272,10.9422,1.52
1787726462.007,1146,56.1,18267,10.9546,1.52
1787726462.064,1147,56.1,18265,10.9672,1.52
1787726462.120,1148,56.1,18254,10.9488,1.52
1787726462.176,1149,56.1,18246,10.9587,1.52
1787726462.233,1150,56.6,18098,10.9508,1.52
1787726462.290,1151,56.1,18243,10.9520,1.52
1787726462.346,1152,56.1,18268,10.9418,1.52
1787726462.403,1153,56.1,18269,10.9588,1.52
1787726462.459,1154,56.1,18251,10.9612,1.52
1787726462.515,1155,56.2,18229,10.9346,1.52
1787726462.572,1156,55.9,18308,10.9396,1.52
1787726462.628,1157,56.0,18301,10.9320,1.52
1787726462.684,1158,55.8,18351,10.9602,1.52
1787726462.740,1159,55.8,18338,10.9222,1.52
1787726462.796,1160,55.8,18336,10.9399,1.52
1787726462.852,1161,55.8,18346,10.9306,1.52
1787726462.907,1162,55.8,18346,10.9607,1.52
1787726462.963,1163,55.8,18347,10.9499,1.52
1787726463.019,1164,55.8,18351,10.9609,1.52
1787726463.075,1165,55.8,18359,10.9586,1.52
1787726463.131,1166,55.9,18335,10.9432,1.52
1787726463.188,1167,56.5,18140,10.9578,1.52
1787726463.245,1168,56.5,18126,10.9522,1.52
1787726463.304,1169,58.4,17547,10.9596,1.52
1787726463.363,1170,58.7,17436,10.9746,1.52
1787726463.422,1171,58.3,17552,10.9539,1.52
1787726463.487,1172,64.6,15840,10.9453,1.52
1787726463.543,1173,56.1,18247,10.9445,1.52
1787726463.600,1174,56.0,18272,10.9959,1.52
1787726463.656,1175,56.1,18242,10.9756,1.52
1787726463.713,1176,56.0,18282,10.9471,1.52
1787726463.769,1177,56.0,18283,10.9710,1.52
1787726463.825,1178,56.1,18253,10.9565,1.52
1787726463.882,1179,56.1,18265,10.9621,1.52
1787726463.938,1180,56.0,18271,10.9551,1.52
1787726463.995,1181,56.1,18262,10.9648,1.52
1787726464.051,1182,56.1,18255,10.9801,1.52
1787726464.110,1183,58.0,17646,10.9674,1.52
1787726464.169,1184,58.8,17403,10.9375,1.52
1787726464.249,1185,80.1,12782,10.9596,1.52
1787726464.349,1186,99.0,10342,10.9455,1.52
1787726464.406,1187,56.4,18152,10.9380,1.52
1787726464.462,1188,56.2,18225,10.9726,1.52
1787726464.519,1189,56.2,18227,10.9510,1.52
1787726464.575,1190,56.1,18255,10.9534,1.52
1787726464.632,1191,56.2,18232,10.9509,1.52
1787726464.688,1192,56.3,18200,10.9143,1.52
1787726464.745,1193,56.1,18243,10.9777,1.52
1787726464.801,1194,56.2,18232,10.9678,1.52
1787726464.858,1195,56.2,18210,10.9529,1.52
1787726464.915,1196,56.2,18234,10.9405,1.52
1787726464.971,1197,56.1,18247,10.9230,1.52
1787726465.027,1198,56.1,18250,10.9835,1.52
1787726465.084,1199,56.1,18258,10.9718,1.52
1787726465.140,1200,56.1,18241,10.9530,1.52
1787726465.205,1201,56.1,18257,10.9326,1.52
1787726465.262,1202,56.1,18258,10.9362,1.52
1787726465.318,1203,56.1,18264,10.9565,1.52
1787726465.374,1204,55.6,18433,10.9870,1.52
1787726465.430,1205,55.5,18466,10.9258,1.52
1787726465.486,1206,55.6,18415,10.9594,1.52
1787726465.541,1207,55.6,18426,10.9375,1.52
1787726465.597,1208,55.6,18408,10.9305,1.52
1787726465.653,1209,55.6,18421,10.9865,1.52
1787726465.709,1210,55.5,18454,10.9707,1.52
1787726465.765,1211,55.4,18482,10.9565,1.52
1787726465.820,1212,55.5,18459,10.9457,1.52
1787726465.876,1213,55.6,18433,10.9485,1.52
1787726465.932,1214,55.5,18449,10.9713,1.52
1787726465.987,1215,55.4,18474,10.9317,1.52
1787726466.043,1216,55.5,18454,10.9446,1.52
1787726466.099,1217,55.4,18482,10.9616,1.52
1787726466.154,1218,55.5,18464,10.9692,1.52
1787726466.210,1219,55.4,18494,10.9560,1.52
1787726466.265,1220,55.4,18471,10.9535,1.52
1787726466.321,1221,55.5,18465,10.9450,1.52
1787726466.377,1222,55.5,18465,10.9655,1.52
1787726466.432,1223,55.4,18491,10.9892,1.52
1787726466.488,1224,55.5,18457,10.9537,1.52
1787726466.546,1225,57.6,17782,10.9454,1.52
1787726466.651,1226,104.9,9760,10.9598,1.52
1787726466.772,1227,121.0,8462,10.9618,1.52
1787726466.828,1228,56.0,18273,10.9652,1.52
1787726466.885,1229,56.1,18248,10.9696,1.52
1787726466.941,1230,56.0,18270,10.9525,1.52
1787726466.997,1231,56.1,18252,10.9494,1.52
1787726467.053,1232,56.0,18275,10.9288,1.52
1787726467.109,1233,56.0,18298,10.9667,1.52
1787726467.166,1234,56.1,18265,10.9608,1.52
1787726467.222,1235,56.0,18291,10.9885,1.52
1787726467.278,1236,56.0,18295,10.9733,1.52
1787726467.334,1237,56.2,18218,10.9444,1.52
1787726467.390,1238,56.1,18263,10.9553,1.52
1787726467.492,1239,101.8,10054,10.9261,1.52
1787726467.574,1240,81.4,12584,10.9435,1.52
1787726467.630,1241,56.2,18227,10.9274,1.52
1787726467.687,1242,56.0,18270,10.9484,1.52
1787726467.743,1243,56.2,18228,10.9640,1.52
1787726467.799,1244,56.2,18236,10.9411,1.52
1787726467.855,1245,56.2,18236,10.9525,1.52
1787726467.912,1246,56.0,18292,10.9783,1.52
1787726467.969,1247,56.7,18056,10.9255,1.52
1787726468.064,1248,95.0,10777,10.9631,1.52
1787726468.120,1249,56.1,18269,10.9302,1.52
1787726468.176,1250,55.9,18320,10.9134,1.52
1787726468.232,1251,55.8,18339,10.9599,1.52
1787726468.288,1252,55.9,18315,10.9405,1.52
1787726468.344,1253,55.9,18331,10.9465,1.52
1787726468.400,1254,55.8,18357,10.9497,1.52
1787726468.456,1255,55.9,18330,10.9429,1.52
1787726468.512,1256,55.8,18337,10.9679,1.52
1787726468.568,1257,55.8,18345,10.9444,1.52
1787726468.624,1258,55.8,18338,10.9336,1.52
1787726468.680,1259,55.8,18349,10.9683,1.52
1787726468.736,1260,55.9,18324,10.9758,1.52
1787726468.792,1261,55.8,18349,10.9550,1.52
1787726468.848,1262,55.9,18327,10.9524,1.52
1787726468.904,1263,55.9,18331,10.9724,1.52
1787726468.960,1264,55.9,18319,10.9652,1.52
1787726469.016,1265,55.8,18341,10.9712,1.52
1787726469.072,1266,55.9,18332,10.9214,1.52
1787726469.128,1267,55.8,18338,10.9316,1.52
1787726469.184,1268,56.2,18222,10.9260,1.52
1787726469.241,1269,56.1,18267,10.9474,1.52
1787726469.297,1270,56.1,18248,10.9631,1.52
1787726469.354,1271,56.1,18259,10.9466,1.52
1787726469.410,1272,56.0,18282,10.9269,1.52
1787726469.466,1273,56.3,18203,10.9405,1.52
1787726469.523,1274,56.1,18244,10.9346,1.52
1787726469.579,1275,56.1,18239,10.9286,1.52
1787726469.636,1276,56.1,18250,10.9794,1.52
1787726469.692,1277,55.9,18309,10.9450,1.52
1787726469.748,1278,55.8,18345,10.9473,1.52
1787726469.804,1279,55.8,18335,10.9459,1.52
1787726469.860,1280,55.9,18330,10.9629,1.52
1787726469.917,1281,56.6,18094,10.9366,1.52
1787726469.977,1282,59.6,17182,10.9514,1.52
1787726470.037,1283,59.5,17222,10.9384,1.52
1787726470.094,1284,57.4,17850,10.9468,1.52
1787726470.151,1285,56.0,18281,10.9656,1.52
1787726470.209,1286,58.1,17616,10.9500,1.52
1787726470.269,1287,59.5,17217,10.9556,1.52
1787726470.329,1288,59.5,17217,10.9775,1.52
1787726470.414,1289,84.7,12091,10.9422,1.52
1787726470.513,1290,99.0,10346,10.9402,1.52
1787726470.612,1291,99.0,10347,10.9621,1.52
1787726470.711,1292,98.5,10397,10.9698,1.52
1787726470.810,1293,99.4,10297,10.9729,1.52
1787726470.909,1294,98.2,10432,10.9484,1.52
1787726471.008,1295,99.6,10285,10.9339,1.52
1787726471.107,1296,98.7,10375,10.9394,1.52
1787726471.206,1297,99.1,10337,10.9694,1.52
1787726471.306,1298,99.7,10272,10.9656,1.52
1787726471.405,1299,98.1,10438,10.9721,1.52
1787726471.503,1300,98.1,10434,10.9753,1.52
1787726471.603,1301,99.4,10302,10.9572,1.52
1787726471.702,1302,99.6,10283,10.9398,1.52
1787726471.802,1303,99.8,10263,10.9694,1.52
1787726471.903,1304,99.7,10275,10.9731,1.52
1787726471.977,1305,74.5,13750,10.9531,1.52
1787726472.034,1306,56.3,18183,10.9541,1.52
1787726472.091,1307,56.3,18179,10.9551,1.52
1787726472.147,1308,56.1,18239,10.9524,1.52
1787726472.204,1309,56.2,18221,10.9561,1.52
1787726472.260,1310,56.2,18219,10.9395,1.52
1787726472.317,1311,56.2,18208,10.9548,1.52
1787726472.374,1312,56.2,18217,10.9482,1.52
1787726472.430,1313,56.1,18238,10.9347,1.52
1787726472.487,1314,56.1,18240,10.9344,1.52
1787726472.545,1315,57.7,17752,10.9506,1.52
1787726472.605,1316,59.3,17254,10.9046,1.52
1787726472.664,1317,59.4,17237,10.9572,1.52
1787726472.727,1318,62.8,16318,10.9463,1.52
1787726472.784,1319,56.3,18188,10.9415,1.52
1787726472.844,1320,59.1,17328,10.9618,1.52
1787726472.903,1321,58.9,17394,10.9469,1.52
1787726472.962,1322,58.4,17523,10.9460,1.52
1787726473.019,1323,56.5,18113,10.9399,1.52
1787726473.076,1324,56.8,18022,10.9758,1.52
1787726473.135,1325,59.1,17321,10.9245,1.52
1787726473.195,1326,59.2,17288,10.9588,1.52
1787726473.252,1327,56.3,18182,10.9526,1.52
1787726473.314,1328,62.2,16476,10.9515,1.52
1787726473.417,1329,102.2,10019,10.9508,1.52
1787726473.519,1330,101.4,10099,10.9501,1.52
1787726473.593,1331,73.7,13891,10.9686,1.52
1787726473.650,1332,57.2,17914,10.9423,1.52
1787726473.710,1333,59.7,17166,10.9617,1.52
1787726473.770,1334,59.3,17280,10.9267,1.52
1787726473.834,1335,63.8,16056,10.9752,1.52
1787726473.891,1336,56.3,18185,10.9287,1.52
1787726473.949,1337,58.0,17654,10.9518,1.52
1787726474.009,1338,59.4,17247,10.9556,1.52
1787726474.069,1339,59.4,17226,10.9497,1.52
1787726474.128,1340,59.1,17321,10.9305,1.52
1787726474.188,1341,59.3,17258,10.9586,1.52
1787726474.248,1342,59.4,17250,10.9458,1.52
1787726474.308,1343,59.6,17185,10.9721,1.52
1787726474.367,1344,59.1,17328,10.9247,1.52
1787726474.427,1345,59.5,17221,10.9674,1.52
1787726474.487,1346,59.5,17218,10.9494,1.52
1787726474.547,1347,59.6,17168,10.9654,1.52
1787726474.634,1348,87.1,11760,10.9683,1.52
1787726474.694,1349,59.4,17225,10.9474,1.52
1787726474.754,1350,59.6,17187,10.9507,1.52
1787726474.814,1351,59.3,17259,10.9424,1.52
1787726474.874,1352,59.6,17196,10.9239,1.52
1787726474.941,1353,67.1,15259,10.9674,1.52
1787726475.044,1354,103.2,9924,10.9662,1.52
1787726475.140,1355,95.7,10704,10.9636,1.52
1787726475.237,1356,96.2,10642,10.9673,1.52
1787726475.314,1357,77.1,13287,10.9606,1.52
1787726475.374,1358,59.6,17188,10.9447,1.52
1787726475.434,1359,59.6,17183,10.9569,1.52
1787726475.503,1360,68.9,14854,10.9518,1.52
1787726475.563,1361,59.8,17129,10.9471,1.52
1787726475.624,1362,59.7,17147,10.9584,1.52
1787726475.714,1363,90.4,11332,10.9734,1.52
1787726475.814,1364,99.3,10310,10.9459,1.52
1787726475.913,1365,98.8,10362,10.9644,1.52
1787726476.014,1366,99.9,10255,10.9456,1.52
1787726476.113,1367,99.4,10297,10.9644,1.52
1787726476.212,1368,98.9,10355,10.9430,1.52
1787726476.312,1369,99.2,10323,10.9462,1.52
1787726476.412,1370,99.7,10273,10.9540,1.52
1787726476.511,1371,99.3,10313,10.9591,1.52
1787726476.613,1372,101.8,10062,10.9370,1.52
1787726476.714,1373,100.8,10159,10.9803,1.52
1787726476.814,1374,100.1,10233,10.9490,1.52
1787726476.914,1375,99.6,10278,10.9607,1.52
1787726477.013,1376,99.2,10322,10.9164,1.52
1787726477.114,1377,100.5,10192,10.9348,1.52
1787726477.214,1378,99.5,10295,10.9453,1.52
1787726477.292,1379,77.7,13173,10.9682,1.52
1787726477.351,1380,59.3,17277,10.9259,1.52
1787726477.411,1381,59.5,17212,10.9483,1.52
1787726477.481,1382,69.5,14732,10.9862,1.52
1787726477.538,1383,56.3,18191,10.9408,1.52
1787726477.597,1384,58.8,17424,10.9388,1.52
1787726477.656,1385,59.2,17293,10.9907,1.52
1787726477.716,1386,59.4,17242,10.9651,1.52
1787726477.776,1387,59.6,17187,10.9418,1.52
1787726477.836,1388,59.4,17229,10.9632,1.52
1787726477.922,1389,85.6,11956,10.9646,1.52
1787726478.022,1390,99.7,10271,10.9692,1.52
1787726478.121,1391,99.2,10323,10.9767,1.52
1787726478.219,1392,97.9,10460,10.9364,1.52
1787726478.279,1393,59.0,17363,10.9549,1.52
1787726478.338,1394,59.0,17345,10.9271,1.52
1787726478.404,1395,65.5,15644,10.9613,1.52
1787726478.469,1396,64.2,15947,10.9151,1.52
1787726478.528,1397,59.0,17365,10.9493,1.52
1787726478.589,1398,60.5,16914,10.9538,1.52
1787726478.679,1399,89.5,11439,10.9564,1.52
1787726478.752,1400,72.7,14078,10.9356,1.52
1787726478.809,1401,56.6,18104,10.9497,1.52
1787726478.868,1402,58.3,17568,10.9554,1.52
1787726478.928,1403,59.6,17192,10.9394,1.52
1787726478.994,1404,65.7,15594,10.9612,1.52
1787726479.058,1405,64.3,15935,10.9283,1.52
1787726479.118,1406,59.7,17144,10.9697,1.52
1787726479.187,1407,68.0,15069,10.9712,1.52
1787726479.282,1408,94.7,10818,10.9856,1.52
1787726479.375,1409,92.5,11070,10.9248,1.52
1787726479.460,1410,84.4,12126,10.9487,1.52
1787726479.516,1411,56.1,18268,10.9454,1.52
1787726479.574,1412,58.0,17640,10.9496,1.52
1787726479.634,1413,59.3,17278,10.9348,1.52
1787726479.698,1414,63.5,16130,10.9410,1.52
1787726479.789,1415,91.5,11194,10.9156,1.52
1787726479.880,1416,90.3,11345,10.9591,1.52
1787726479.971,1417,90.6,11298,10.9324,1.52
1787726480.063,1418,92.4,11082,10.9518,1.52
1787726480.156,1419,92.3,11090,10.9576,1.52
1787726480.246,1420,90.7,11292,10.9489,1.52
1787726480.338,1421,91.2,11232,10.9434,1.52
1787726480.430,1422,91.6,11174,10.9658,1.52
1787726480.521,1423,90.9,11266,10.9418,1.52
1787726480.612,1424,91.3,11218,10.9451,1.52
1787726480.684,1425,71.2,14391,10.9605,1.52
1787726480.743,1426,59.5,17199,10.9659,1.52
1787726480.804,1427,60.5,16923,10.9348,1.52
1787726480.895,1428,90.7,11293,10.9488,1.52
1787726480.989,1429,94.0,10899,10.9530,1.52
1787726481.083,1430,93.2,10990,10.9579,1.52
1787726481.177,1431,93.9,10908,10.9490,1.52
1787726481.267,1432,90.0,11384,10.9525,1.52
1787726481.354,1433,87.0,11775,10.9503,1.52
1787726481.442,1434,88.3,11591,10.9377,1.52
1787726481.531,1435,88.7,11546,10.9451,1.52
1787726481.637,1436,105.8,9683,10.9290,1.52
1787726481.737,1437,99.8,10264,10.9460,1.52
1787726481.837,1438,99.8,10259,10.9683,1.52
1787726481.909,1439,70.7,14488,10.9497,1.52
1787726481.966,1440,56.6,18084,10.9589,1.52
1787726482.025,1441,59.1,17333,10.9584,1.52
1787726482.085,1442,59.4,17235,10.9528,1.52
1787726482.153,1443,67.6,15157,10.9532,1.52
1787726482.254,1444,100.4,10196,10.9811,1.52
1787726482.353,1445,99.2,10318,10.9541,1.52
1787726482.454,1446,99.8,10256,10.9554,1.52
1787726482.554,1447,99.8,10258,10.9576,1.52
1787726482.653,1448,99.2,10319,10.9357,1.52
1787726482.712,1449,58.0,17663,10.9690,1.52
1787726482.770,1450,58.0,17657,10.9348,1.52
1787726482.830,1451,59.5,17213,10.9385,1.52
1787726482.890,1452,59.6,17179,10.9342,1.52
1787726482.954,1453,63.5,16132,10.9580,1.52
1787726483.010,1454,56.3,18199,10.9427,1.52
1787726483.070,1455,59.4,17243,10.9478,1.52
1787726483.130,1456,59.5,17220,10.9597,1.52
1787726483.196,1457,65.8,15560,10.9329,1.52
1787726483.253,1458,57.0,17980,10.9517,1.52
1787726483.312,1459,58.3,17562,10.9251,1.52
1787726483.372,1460,59.5,17209,10.9395,1.52
1787726483.434,1461,62.0,16523,10.9678,1.52
1787726483.501,1462,66.2,15457,10.9412,1.52
1787726483.561,1463,59.5,17196,10.9741,1.52
1787726483.624,1464,63.1,16229,10.9617,1.52
1787726483.710,1465,86.0,11902,10.9704,1.52
1787726483.797,1466,86.7,11807,10.9703,1.52
1787726483.883,1467,86.1,11897,10.9636,1.52
1787726483.968,1468,85.0,12053,10.9624,1.52
1787726484.052,1469,83.7,12238,10.9396,1.52
1787726484.137,1470,84.7,12090,10.9714,1.52
1787726484.222,1471,85.1,12034,10.9712,1.52
1787726484.309,1472,86.2,11880,10.9416,1.52
1787726484.393,1473,84.7,12083,10.9618,1.52
1787726484.480,1474,86.1,11893,10.9516,1.52
1787726484.566,1475,85.8,11936,10.9554,1.52
1787726484.653,1476,87.1,11753,10.9435,1.52
1787726484.739,1477,85.5,11973,10.9474,1.52
1787726484.823,1478,84.6,12102,10.9619,1.52
1787726484.922,1479,99.0,10346,10.9306,1.52
1787726485.027,1480,104.7,9783,10.9553,1.52
1787726485.133,1481,105.7,9691,10.9533,1.52
1787726485.239,1482,105.7,9684,10.9551,1.52
1787726485.344,1483,105.3,9726,10.9511,1.52
1787726485.449,1484,104.2,9828,10.9604,1.52
1787726485.510,1485,60.8,16853,10.9349,1.52
1787726485.566,1486,55.9,18334,10.9317,1.52
1787726485.622,1487,55.8,18351,10.9735,1.52
1787726485.678,1488,55.8,18341,10.9605,1.52
1787726485.734,1489,55.9,18326,10.9426,1.52
1787726485.789,1490,55.8,18364,10.9480,1.52
1787726485.845,1491,55.8,18344,10.9389,1.52
1787726485.901,1492,55.8,18354,10.9723,1.52
1787726485.957,1493,55.8,18347,10.9700,1.52
1787726486.013,1494,55.8,18339,10.9662,1.52
1787726486.069,1495,55.8,18337,10.9484,1.52
1787726486.125,1496,55.8,18343,10.9374,1.52
1787726486.181,1497,55.8,18359,10.9392,1.52
1787726486.237,1498,55.8,18348,10.9341,1.52
1787726486.293,1499,55.8,18348,10.9510,1.52
1787726486.349,1500,55.8,18349,10.9419,1.52
1787726486.405,1501,55.8,18345,10.9731,1.52
1787726486.461,1502,55.8,18349,10.9628,1.52
1787726486.517,1503,55.9,18333,10.9464,1.52
1787726486.572,1504,55.8,18349,10.9438,1.52
1787726486.628,1505,55.8,18342,10.9723,1.52
1787726486.684,1506,55.8,18345,10.9811,1.52
1787726486.740,1507,55.8,18337,10.9767,1.52
1787726486.796,1508,55.8,18346,10.9529,1.52
1787726486.852,1509,55.7,18373,10.9272,1.52
1787726486.907,1510,55.3,18523,10.9689,1.52
1787726486.963,1511,55.3,18515,10.9649,1.52
1787726487.018,1512,55.3,18504,10.9387,1.52
1787726487.074,1513,55.3,18504,10.9242,1.52
1787726487.129,1514,55.3,18509,10.9244,1.52
1787726487.185,1515,55.3,18520,10.9649,1.52
1787726487.240,1516,55.3,18527,10.9491,1.52
1787726487.295,1517,55.3,18526,10.9649,1.52
1787726487.351,1518,55.4,18492,10.9486,1.52
1787726487.407,1519,56.3,18176,10.9344,1.52
1787726487.467,1520,59.2,17311,10.9350,1.52
1787726487.527,1521,59.3,17273,10.9478,1.52
1787726487.592,1522,64.9,15782,10.9576,1.52
1787726487.651,1523,59.3,17266,10.9326,1.52
1787726487.711,1524,59.4,17226,10.9432,1.52
1787726487.789,1525,78.1,13115,10.9600,1.52
1787726487.889,1526,99.0,10342,10.9712,1.52
1787726487.988,1527,99.0,10344,10.9754,1.52
1787726488.087,1528,99.0,10346,10.9273,1.52
1787726488.187,1529,99.9,10254,10.9551,1.52
1787726488.286,1530,99.3,10308,10.9359,1.52
1787726488.386,1531,99.8,10263,10.9525,1.52
1787726488.484,1532,97.9,10464,10.9418,1.52
1787726488.583,1533,98.3,10414,10.9590,1.52
1787726488.682,1534,98.6,10383,10.9803,1.52
1787726488.773,1535,90.9,11263,10.9710,1.52
1787726488.833,1536,59.3,17268,10.9552,1.52
1787726488.892,1537,59.5,17213,10.9741,1.52
1787726488.969,1538,76.7,13358,10.9444,1.52
1787726489.070,1539,100.5,10188,10.9169,1.52
1787726489.172,1540,101.3,10106,10.9284,1.52
1787726489.273,1541,101.3,10107,10.9307,1.52
1787726489.374,1542,101.0,10143,10.9472,1.52
1787726489.475,1543,100.6,10176,10.9519,1.52
1787726489.587,1544,112.0,9143,10.9637,1.52
1787726489.702,1545,114.6,8935,10.9363,1.52
1787726489.818,1546,115.9,8839,10.9226,1.52
1787726489.933,1547,114.9,8915,10.9323,1.52
1787726490.048,1548,114.2,8969,10.9341,1.52
1787726490.164,1549,115.9,8836,10.9522,1.52
1787726490.236,1550,71.7,14275,10.9445,1.52
1787726490.293,1551,56.4,18172,10.9444,1.52
1787726490.353,1552,59.7,17163,10.9619,1.52
1787726490.413,1553,59.3,17275,10.9493,1.52
1787726490.478,1554,64.7,15833,10.9570,1.52
1787726490.534,1555,56.4,18171,10.9328,1.52
1787726490.593,1556,58.1,17625,10.9956,1.52
1787726490.653,1557,59.4,17251,10.9499,1.52
1787726490.714,1558,60.5,16915,10.9484,1.52
1787726490.792,1559,77.7,13186,10.9336,1.52
1787726490.851,1560,59.4,17235,10.9428,1.52
1787726490.911,1561,59.4,17233,10.9565,1.52
1787726490.977,1562,65.2,15705,10.9495,1.52
1787726491.037,1563,59.7,17164,10.9462,1.52
1787726491.097,1564,59.4,17252,10.9651,1.52
1787726491.180,1565,83.2,12314,10.9551,1.52
1787726491.265,1566,85.2,12018,10.9516,1.52
1787726491.358,1567,92.1,11117,10.9491,1.52
1787726491.463,1568,105.6,9700,10.9576,1.52
1787726491.527,1569,63.1,16237,10.9500,1.52
1787726491.587,1570,59.8,17137,10.9581,1.52
1787726491.656,1571,69.1,14811,10.9700,1.52
1787726491.742,1572,84.9,12059,10.9457,1.52
1787726491.827,1573,85.0,12051,10.9666,1.52
1787726491.912,1574,84.9,12054,10.9568,1.52
1787726491.998,1575,86.0,11909,10.9620,1.52
1787726492.083,1576,84.9,12068,10.9699,1.52
1787726492.168,1577,84.8,12082,10.9793,1.52
1787726492.254,1578,85.7,11944,10.9119,1.52
1787726492.332,1579,77.1,13284,10.9115,1.52
1787726492.388,1580,56.2,18228,10.9543,1.52
1787726492.448,1581,59.0,17369,10.9291,1.52
1787726492.507,1582,59.5,17216,10.9541,1.52
1787726492.575,1583,67.7,15129,10.9644,1.52
1787726492.637,1584,61.1,16768,10.9608,1.52
1787726492.696,1585,59.1,17332,10.9780,1.52
1787726492.760,1586,62.8,16299,10.9908,1.52
1787726492.849,1587,88.9,11519,10.9396,1.52
1787726492.938,1588,88.8,11535,10.9611,1.52
1787726492.999,1589,60.7,16877,10.9713,1.52
1787726493.057,1590,57.4,17845,10.9718,1.52
1787726493.116,1591,59.3,17265,10.9548,1.52
1787726493.176,1592,59.6,17192,10.9504,1.52
1787726493.254,1593,77.1,13283,10.9385,1.52
1787726493.346,1594,92.0,11133,10.9616,1.52
1787726493.437,1595,91.6,11183,10.9589,1.52
1787726493.529,1596,91.5,11197,10.9371,1.52
1787726493.621,1597,91.8,11155,10.9412,1.52
1787726493.712,1598,90.9,11265,10.9459,1.52
1787726493.804,1599,91.9,11139,10.9451,1.52
1787726493.893,1600,88.5,11568,10.9725,1.52
1787726493.993,1601,100.0,10241,10.9447,1.52
1787726494.099,1602,105.5,9705,10.9676,1.52
1787726494.204,1603,104.8,9772,10.9352,1.52
1787726494.307,1604,103.3,9915,10.9443,1.52
1787726494.409,1605,102.1,10028,10.9347,1.52
1787726494.512,1606,102.5,9986,10.9509,1.52
1787726494.614,1607,101.4,10094,10.9549,1.52
1787726494.716,1608,101.6,10079,10.9525,1.52
1787726494.792,1609,75.7,13530,10.9481,1.52
1787726494.849,1610,56.4,18159,10.9883,1.52
1787726494.909,1611,59.1,17318,10.9503,1.52
1787726494.968,1612,59.1,17329,10.9576,1.52
1787726495.033,1613,63.9,16026,10.9405,1.52
1787726495.135,1614,101.9,10045,10.9451,1.52
1787726495.214,1615,78.3,13075,10.9498,1.52
1787726495.270,1616,56.3,18191,10.9566,1.52
1787726495.330,1617,58.8,17405,10.9557,1.52
1787726495.390,1618,59.7,17142,10.9500,1.52
1787726495.455,1619,65.0,15748,10.9234,1.52
1787726495.516,1620,60.1,17034,10.9597,1.52
1787726495.576,1621,59.3,17258,10.9462,1.52
1787726495.638,1622,61.7,16585,10.9331,1.52
1787726495.735,1623,96.8,10577,10.9433,1.52
1787726495.831,1624,95.3,10740,10.9851,1.52
1787726495.887,1625,56.0,18279,10.9206,1.52
1787726495.945,1626,57.8,17720,10.9377,1.52
1787726496.005,1627,59.5,17215,10.9404,1.52
1787726496.065,1628,59.6,17190,10.9532,1.52
1787726496.136,1629,70.5,14515,10.9266,1.52
1787726496.196,1630,59.6,17173,10.9395,1.52
1787726496.256,1631,59.8,17123,10.9443,1.52
1787726496.328,1632,71.4,14345,10.9557,1.52
1787726496.415,1633,86.8,11799,10.9332,1.52
1787726496.501,1634,85.8,11935,10.9831,1.52
1787726496.588,1635,86.5,11844,10.9532,1.52
1787726496.672,1636,84.0,12185,10.9360,1.52
1787726496.731,1637,58.1,17635,10.9375,1.52
1787726496.789,1638,58.2,17584,10.9290,1.52
1787726496.849,1639,59.5,17205,10.9397,1.52
1787726496.911,1640,61.8,16572,10.9601,1.52
1787726496.976,1641,64.1,15981,10.9746,1.52
1787726497.034,1642,57.9,17691,10.9411,1.52
1787726497.094,1643,59.6,17191,10.9408,1.52
1787726497.154,1644,59.5,17198,10.9700,1.52
1787726497.219,1645,65.0,15763,10.9493,1.52
1787726497.279,1646,59.5,17201,10.9691,1.52
1787726497.339,1647,59.5,17200,10.9483,1.52
1787726497.422,1648,82.7,12382,10.9568,1.52
1787726497.513,1649,91.3,11217,10.9325,1.52
1787726497.606,1650,92.5,11069,10.9287,1.52
1787726497.697,1651,90.9,11263,10.9434,1.52
1787726497.789,1652,91.4,11207,10.9464,1.52
1787726497.881,1653,91.7,11163,10.9293,1.52
1787726497.968,1654,86.7,11811,10.9782,1.52
1787726498.025,1655,56.3,18188,10.9303,1.52
1787726498.083,1656,58.0,17647,10.9674,1.52
1787726498.143,1657,59.5,17203,10.9763,1.52
1787726498.203,1658,59.6,17169,10.9336,1.52
1787726498.274,1659,71.4,14350,10.9604,1.52
1787726498.334,1660,59.5,17224,10.9384,1.52
1787726498.396,1661,61.2,16721,10.9863,1.52
1787726498.492,1662,96.3,10633,10.9770,1.52
1787726498.587,1663,94.7,10816,10.9458,1.52
1787726498.682,1664,94.6,10827,10.9417,1.52
1787726498.778,1665,95.9,10682,10.9436,1.52
1787726498.874,1666,95.4,10737,10.9228,1.52
1787726498.970,1667,96.2,10649,10.9252,1.52
1787726499.065,1668,94.7,10808,10.9512,1.52
1787726499.158,1669,93.2,10990,10.9513,1.52
1787726499.249,1670,90.4,11333,10.9352,1.52
1787726499.313,1671,63.8,16047,10.9256,1.52
1787726499.373,1672,59.7,17149,10.9563,1.52
1787726499.442,1673,69.0,14833,10.9284,1.52
1787726499.503,1674,60.5,16936,10.9461,1.52
1787726499.563,1675,59.2,17293,10.9293,1.52
1787726499.632,1676,67.6,15148,10.9167,1.52
1787726499.692,1677,59.7,17156,10.9391,1.52
1787726499.751,1678,59.1,17324,10.9700,1.52
1787726499.811,1679,59.5,17218,11.0065,1.52
1787726499.887,1680,75.7,13523,10.9426,1.52
1787726499.983,1681,95.1,10770,10.9659,1.52
1787726500.042,1682,58.7,17459,10.9872,1.52
1787726500.101,1683,58.2,17586,10.9847,1.52
1787726500.160,1684,59.3,17272,10.9559,1.52
1787726500.220,1685,59.6,17194,10.9718,1.52
1787726500.293,1686,72.5,14116,10.9352,1.52
1787726500.353,1687,59.7,17157,10.9552,1.52
1787726500.414,1688,60.0,17060,10.9256,1.52
1787726500.488,1689,74.1,13820,10.9362,1.52
1787726500.548,1690,59.3,17271,10.9420,1.52
1787726500.615,1691,66.1,15487,10.9659,1.52
1787726500.691,1692,76.5,13384,10.9475,1.52
1787726500.751,1693,59.4,17239,10.9792,1.52
1787726500.814,1694,62.3,16428,10.9385,1.52
1787726500.912,1695,98.3,10419,10.9300,1.52
1787726501.012,1696,99.6,10283,10.9459,1.52
1787726501.111,1697,98.9,10358,10.9491,1.52
1787726501.212,1698,100.2,10222,10.9359,1.52
1787726501.310,1699,97.9,10460,10.9589,1.52
1787726501.398,1700,88.1,11624,10.9584,1.52
1787726501.458,1701,59.5,17218,10.9567,1.52
1787726501.518,1702,59.4,17232,10.9496,1.52
1787726501.594,1703,76.0,13482,10.9757,1.52
1787726501.691,1704,97.2,10535,10.9558,1.52
1787726501.789,1705,96.6,10595,10.9402,1.52
1787726501.884,1706,95.3,10741,10.9393,1.52
1787726501.981,1707,96.0,10662,10.9470,1.52
1787726502.076,1708,95.1,10766,10.9435,1.52
1787726502.170,1709,93.1,10997,10.9428,1.52
1787726502.243,1710,72.7,14077,10.9519,1.52
1787726502.300,1711,56.4,18162,10.9202,1.52
1787726502.360,1712,59.6,17182,10.9659,1.52
1787726502.419,1713,59.4,17232,10.9768,1.52
1787726502.490,1714,69.9,14643,10.9824,1.52
1787726502.549,1715,59.5,17218,10.9681,1.52
1787726502.609,1716,59.4,17249,10.9661,1.52
1787726502.669,1717,59.6,17193,10.9445,1.52
1787726502.729,1718,59.7,17153,10.9453,1.52
1787726502.789,1719,59.5,17218,10.9644,1.52
1787726502.846,1720,56.5,18130,10.9806,1.52
1787726502.904,1721,57.9,17672,10.9632,1.52
1787726502.964,1722,59.4,17249,10.9630,1.52
1787726503.024,1723,59.4,17240,10.9650,1.52
1787726503.120,1724,95.6,10707,10.9508,1.52
1787726503.220,1725,100.0,10241,10.9308,1.52
1787726503.319,1726,98.4,10408,10.9682,1.52
1787726503.420,1727,101.2,10123,10.9409,1.52
1787726503.519,1728,99.2,10326,10.9786,1.52
1787726503.621,1729,100.9,10148,10.9660,1.52
1787726503.721,1730,99.7,10268,10.9740,1.52
1787726503.821,1731,99.7,10269,10.9603,1.52
1787726503.919,1732,97.5,10505,10.9650,1.52
1787726503.978,1733,59.6,17189,10.9464,1.52
1787726504.038,1734,59.4,17231,10.9494,1.52
1787726504.112,1735,73.3,13977,10.9695,1.52
1787726504.172,1736,59.3,17265,10.9710,1.52
1787726504.231,1737,59.5,17224,10.9682,1.52
1787726504.305,1738,72.9,14040,10.9372,1.52
1787726504.365,1739,59.6,17170,10.9442,1.52
1787726504.425,1740,59.7,17149,10.9423,1.52
1787726504.503,1741,77.9,13144,10.9352,1.52
1787726504.602,1742,98.5,10400,10.9387,1.52
1787726504.662,1743,59.6,17189,10.9410,1.52
1787726504.722,1744,59.7,17153,10.9379,1.52
1787726504.795,1745,72.6,14105,10.9445,1.52
1787726504.851,1746,56.3,18192,10.9456,1.52
1787726504.910,1747,58.0,17646,10.9367,1.52
1787726504.970,1748,59.5,17216,10.9597,1.52
1787726505.030,1749,59.7,17165,10.9559,1.52
1787726505.098,1750,68.1,15028,10.9602,1.52
1787726505.158,1751,59.5,17199,10.9434,1.52
1787726505.218,1752,59.4,17250,10.9623,1.52
1787726505.304,1753,86.2,11874,10.9606,1.52
1787726505.402,1754,97.0,10559,10.9513,1.52
1787726505.501,1755,98.9,10355,10.9479,1.52
1787726505.597,1756,96.6,10599,10.9648,1.52
1787726505.696,1757,98.4,10401,10.9669,1.52
1787726505.796,1758,100.2,10215,10.9623,1.52
1787726505.892,1759,95.5,10724,10.9527,1.52
1787726505.989,1760,96.7,10593,10.9695,1.52
1787726506.086,1761,96.4,10625,10.9502,1.52
1787726506.180,1762,94.6,10819,10.9601,1.52
1787726506.277,1763,96.4,10620,10.9596,1.52
1787726506.373,1764,95.5,10727,10.9681,1.52
1787726506.468,1765,95.7,10695,10.9626,1.52
1787726506.558,1766,89.0,11506,10.9426,1.52
1787726506.647,1767,89.0,11511,10.9610,1.52
1787726506.734,1768,87.3,11734,10.9499,1.52
1787726506.821,1769,86.9,11779,10.9601,1.52
1787726506.909,1770,87.0,11769,10.9248,1.52
1787726506.996,1771,87.3,11724,10.9688,1.52
1787726507.084,1772,88.2,11611,10.9571,1.52
1787726507.173,1773,88.4,11583,10.9675,1.52
1787726507.273,1774,99.4,10298,10.9641,1.52
1787726507.346,1775,73.3,13973,10.9579,1.52
1787726507.402,1776,55.8,18361,10.9603,1.52
1787726507.458,1777,55.8,18344,10.9679,1.52
1787726507.514,1778,55.8,18350,10.9316,1.52
1787726507.570,1779,55.8,18354,10.9420,1.52
1787726507.626,1780,55.8,18343,10.9424,1.52
1787726507.682,1781,56.2,18206,10.9692,1.52
1787726507.739,1782,56.3,18175,10.9309,1.52
1787726507.796,1783,56.2,18236,10.9413,1.52
1787726507.852,1784,56.1,18251,10.9227,1.52
1787726507.909,1785,56.1,18243,10.9130,1.52
1787726507.965,1786,56.3,18186,10.9291,1.52
1787726508.022,1787,56.2,18225,10.9600,1.52
1787726508.079,1788,56.4,18171,10.9650,1.52
1787726508.136,1789,56.2,18213,10.9448,1.52
1787726508.192,1790,56.4,18151,10.9450,1.52
1787726508.251,1791,57.9,17673,10.9551,1.52
1787726508.311,1792,59.4,17230,10.9487,1.52
1787726508.371,1793,59.8,17136,10.9562,1.52
1787726508.469,1794,97.7,10477,10.9481,1.52
1787726508.557,1795,87.6,11689,10.9355,1.52
1787726508.614,1796,56.4,18167,10.9420,1.52
1787726508.672,1797,57.7,17743,10.9609,1.52
1787726508.731,1798,58.7,17433,10.9578,1.52
1787726508.791,1799,59.1,17313,10.9659,1.52
1787726508.854,1800,62.8,16310,10.9527,1.52
1787726508.911,1801,56.4,18151,10.9513,1.52
1787726508.968,1802,56.5,18124,10.9455,1.52
1787726509.026,1803,58.0,17661,10.9866,1.52
1787726509.086,1804,59.6,17189,10.9535,1.52
1787726509.147,1805,60.6,16908,10.9413,1.52
1787726509.211,1806,63.7,16083,10.9486,1.52
1787726509.270,1807,58.0,17654,10.9523,1.52
1787726509.330,1808,59.5,17214,10.9332,1.52
1787726509.389,1809,59.4,17251,10.9454,1.52
1787726509.449,1810,59.2,17303,10.9535,1.52
1787726509.509,1811,59.7,17160,10.9356,1.52
1787726509.569,1812,59.6,17189,10.9383,1.52
1787726509.629,1813,59.6,17191,10.9525,1.52
1787726509.689,1814,59.5,17209,10.9490,1.52
1787726509.764,1815,75.1,13640,10.9096,1.52
1787726509.824,1816,59.6,17168,10.9559,1.52
1787726509.884,1817,59.6,17170,10.9561,1.52
1787726509.959,1818,74.6,13729,10.9481,1.52
1787726510.049,1819,89.5,11443,10.9626,1.52
1787726510.138,1820,89.3,11473,10.9669,1.52
1787726510.227,1821,88.6,11557,10.9358,1.52
1787726510.315,1822,88.2,11611,10.9451,1.52
1787726510.404,1823,88.3,11596,10.9413,1.52
1787726510.486,1824,81.8,12513,10.9426,1.52
1787726510.546,1825,59.4,17233,10.9882,1.52
1787726510.606,1826,59.9,17109,10.9477,1.52
1787726510.682,1827,76.3,13420,10.9526,1.52
1787726510.774,1828,91.3,11220,10.9538,1.52
1787726510.867,1829,92.4,11084,10.9338,1.52
1787726510.959,1830,92.3,11090,10.9647,1.52
1787726511.051,1831,90.8,11273,10.9751,1.52
1787726511.114,1832,63.5,16115,10.9501,1.52
1787726511.171,1833,56.6,18096,10.9457,1.52
1787726511.231,1834,58.9,17387,10.9147,1.52
1787726511.290,1835,59.3,17269,10.9454,1.52
1787726511.356,1836,64.8,15798,10.9581,1.52
1787726511.449,1837,93.0,11011,10.9538,1.52
1787726511.536,1838,86.8,11801,10.9577,1.52
1787726511.593,1839,56.2,18222,10.9360,1.52
1787726511.652,1840,58.2,17594,10.9522,1.52
1787726511.712,1841,59.6,17173,10.9701,1.52
1787726511.773,1842,61.3,16691,10.9565,1.52
1787726511.848,1843,73.9,13853,10.9509,1.52
1787726511.907,1844,59.2,17287,10.9682,1.52
1787726511.967,1845,59.4,17237,10.9355,1.52
1787726512.027,1846,59.8,17129,10.9484,1.52
1787726512.087,1847,59.4,17251,10.9397,1.52
1787726512.172,1848,84.8,12082,10.9508,1.52
1787726512.273,1849,100.6,10178,10.9653,1.52
1787726512.373,1850,99.7,10276,10.9616,1.52
1787726512.471,1851,98.7,10374,10.9517,1.52
1787726512.570,1852,98.3,10422,10.9399,1.52
1787726512.670,1853,99.4,10298,10.9643,1.52
1787726512.769,1854,99.6,10284,10.9722,1.52
1787726512.869,1855,99.9,10255,10.9548,1.52
1787726512.968,1856,98.4,10408,10.9504,1.52
1787726513.068,1857,99.2,10323,10.9360,1.52
1787726513.145,1858,76.6,13369,10.9545,1.52
1787726513.202,1859,56.3,18181,10.9336,1.52
1787726513.261,1860,58.7,17434,10.9833,1.52
1787726513.320,1861,59.4,17226,10.9437,1.52
1787726513.387,1862,66.4,15423,10.9509,1.52
1787726513.451,1863,63.4,16149,10.9520,1.52
1787726513.511,1864,59.4,17237,10.9718,1.52
1787726513.582,1865,70.7,14483,10.9546,1.52
1787726513.671,1866,89.0,11500,10.9606,1.52
1787726513.760,1867,88.6,11553,10.9575,1.52
1787726513.830,1868,69.8,14666,10.9475,1.52
1787726513.888,1869,58.0,17651,10.9286,1.52
1787726513.948,1870,59.6,17191,10.9331,1.52
1787726514.011,1871,62.0,16517,10.9545,1.52
1787726514.078,1872,66.9,15306,10.9478,1.52
1787726514.136,1873,57.9,17673,10.9357,1.52
1787726514.196,1874,59.5,17200,10.9554,1.52
1787726514.256,1875,59.5,17208,10.9426,1.52
1787726514.337,1876,80.7,12689,10.9639,1.52
1787726514.431,1877,93.8,10917,10.9427,1.52
1787726514.524,1878,93.4,10968,10.9484,1.52
1787726514.619,1879,94.4,10850,10.9459,1.52
1787726514.710,1880,91.4,11207,10.9346,1.52
1787726514.802,1881,92.0,11135,10.9835,1.52
1787726514.894,1882,91.6,11184,10.9441,1.52
1787726514.986,1883,91.7,11172,10.9660,1.52
1787726515.062,1884,75.2,13611,10.9627,1.52
1787726515.121,1885,59.2,17307,10.9496,1.52
1787726515.180,1886,58.8,17427,10.9153,1.52
1787726515.262,1887,81.4,12574,10.9520,1.52
1787726515.355,1888,92.9,11026,10.9568,1.52
1787726515.433,1889,77.8,13169,10.9642,1.52
1787726515.490,1890,56.3,18176,10.9373,1.52
1787726515.549,1891,58.3,17550,10.9396,1.52
1787726515.609,1892,59.6,17188,10.9588,1.52
1787726515.670,1893,60.9,16819,10.9344,1.52
1787726515.757,1894,86.1,11893,10.9309,1.52
1787726515.846,1895,89.0,11499,10.9643,1.52
1787726515.908,1896,61.9,16543,10.9191,1.52
1787726515.965,1897,56.8,18034,10.9462,1.52
1787726516.024,1898,58.6,17460,10.9473,1.52
1787726516.083,1899,58.8,17414,10.9435,1.52
1787726516.149,1900,65.4,15648,10.9547,1.52
1787726516.241,1901,90.9,11267,10.9522,1.52
1787726516.331,1902,89.8,11400,10.9487,1.52
1787726516.420,1903,88.9,11519,10.9642,1.52
1787726516.510,1904,89.2,11476,10.9459,1.52
1787726516.575,1905,64.9,15777,10.9617,1.52
1787726516.632,1906,56.6,18089,10.9768,1.52
1787726516.690,1907,57.2,17903,10.9700,1.52
1787726516.747,1908,56.7,18050,10.9694,1.52
1787726516.804,1909,56.4,18143,10.9496,1.52
1787726516.864,1910,59.3,17268,10.9436,1.52
1787726516.923,1911,59.3,17274,10.9758,1.52
1787726516.987,1912,63.5,16118,10.9363,1.52
1787726517.044,1913,56.2,18231,10.9618,1.52
1787726517.103,1914,59.2,17289,10.9459,1.52
1787726517.163,1915,59.5,17207,10.9621,1.52
1787726517.222,1916,58.1,17630,10.9448,1.52
1787726517.278,1917,56.3,18175,10.9535,1.52
1787726517.338,1918,59.1,17328,10.9823,1.52
1787726517.398,1919,59.8,17122,10.9431,1.52
1787726517.458,1920,59.3,17279,10.9677,1.52
1787726517.518,1921,59.6,17185,10.9545,1.52
1787726517.578,1922,59.7,17157,10.9673,1.52
1787726517.638,1923,59.6,17179,10.9574,1.52
1787726517.698,1924,59.9,17108,10.9687,1.52
1787726517.767,1925,68.6,14937,10.9578,1.52
1787726517.874,1926,107.1,9562,10.9566,1.52
1787726517.975,1927,100.6,10178,10.9558,1.52
1787726518.074,1928,99.2,10318,10.9682,1.52
1787726518.145,1929,70.7,14493,10.9461,1.52
1787726518.205,1930,59.0,17366,10.9621,1.52
1787726518.264,1931,59.0,17355,10.9476,1.52
1787726518.333,1932,68.5,14942,10.9483,1.52
1787726518.393,1933,59.2,17289,10.9379,1.52
1787726518.453,1934,59.3,17259,10.9666,1.52
1787726518.531,1935,77.6,13203,10.9498,1.52
1787726518.631,1936,99.6,10282,10.9529,1.52
1787726518.731,1937,99.7,10268,10.9551,1.52
1787726518.811,1938,80.4,12739,10.9719,1.52
1787726518.871,1939,59.1,17329,10.9507,1.52
1787726518.931,1940,59.4,17242,10.9322,1.52
1787726518.998,1941,67.1,15269,10.9533,1.52
1787726519.055,1942,56.1,18246,10.9677,1.52
1787726519.114,1943,59.3,17273,10.9478,1.52
1787726519.174,1944,59.4,17230,10.9443,1.52
1787726519.251,1945,77.0,13303,10.9466,1.52
1787726519.350,1946,98.1,10437,10.9387,1.52
1787726519.450,1947,100.3,10209,10.9360,1.52
1787726519.550,1948,99.8,10261,10.9687,1.52
1787726519.652,1949,102.2,10020,10.9479,1.52
1787726519.753,1950,100.4,10200,10.9590,1.52
1787726519.855,1951,102.1,10028,10.9581,1.52
1787726519.955,1952,99.5,10291,10.9538,1.52
1787726520.054,1953,98.4,10403,10.9415,1.52
1787726520.115,1954,60.8,16830,10.9335,1.52
1787726520.175,1955,59.4,17230,10.9722,1.52
1787726520.254,1956,78.5,13041,10.9431,1.52
1787726520.354,1957,100.0,10240,10.8943,1.52
1787726520.455,1958,100.2,10220,10.9173,1.52
1787726520.519,1959,63.7,16078,10.9499,1.52
1787726520.578,1960,59.4,17237,10.9628,1.52
1787726520.654,1961,74.9,13680,10.9387,1.52
1787726520.754,1962,100.0,10235,10.9392,1.52
1787726520.852,1963,98.5,10401,10.9508,1.52
1787726520.914,1964,61.6,16616,10.9626,1.52
1787726520.975,1965,59.9,17101,10.9367,1.52
1787726521.051,1966,76.5,13377,10.9382,1.52
1787726521.153,1967,101.4,10103,10.9359,1.52
1787726521.253,1968,99.6,10276,10.9311,1.52
1787726521.351,1969,98.6,10389,10.9471,1.52
1787726521.451,1970,98.9,10353,10.9478,1.52
1787726521.527,1971,75.9,13493,10.9337,1.52
1787726521.586,1972,59.3,17270,10.9302,1.52
1787726521.647,1973,60.1,17046,10.9410,1.52
1787726521.715,1974,68.3,15002,10.9354,1.52
1787726521.773,1975,56.8,18013,10.9466,1.52
1787726521.832,1976,59.5,17218,10.9478,1.52
1787726521.892,1977,59.4,17244,10.9577,1.52
1787726521.971,1978,78.3,13079,10.9301,1.52
1787726522.065,1979,93.5,10956,10.9354,1.52
1787726522.127,1980,61.9,16556,10.9748,1.52
1787726522.187,1981,59.8,17131,10.9582,1.52
1787726522.261,1982,74.2,13794,10.9521,1.52
1787726522.357,1983,95.4,10736,10.9384,1.52
1787726522.451,1984,94.0,10895,10.9456,1.52
1787726522.543,1985,91.8,11155,10.9339,1.52
1787726522.636,1986,92.5,11074,10.9857,1.52
1787726522.724,1987,87.6,11683,10.9517,1.52
1787726522.811,1988,87.1,11753,10.9556,1.52
1787726522.900,1989,88.6,11551,10.9660,1.52
1787726522.987,1990,87.1,11754,10.9087,1.52
1787726523.074,1991,87.3,11733,10.9477,1.52
1787726523.161,1992,86.8,11796,10.9378,1.52
1787726523.249,1993,87.0,11763,10.9631,1.52
1787726523.317,1994,67.8,15097,10.9400,1.52
1787726523.377,1995,59.6,17182,10.9437,1.52
1787726523.443,1996,66.3,15445,10.9247,1.52
1787726523.531,1997,87.8,11665,10.9468,1.52
1787726523.619,1998,87.4,11714,10.9387,1.52
1787726523.706,1999,86.8,11792,10.9438,1.52
1787726523.792,2000,85.2,12018,10.9198,1.52
1787726523.861,2001,68.9,14865,10.9388,1.52
1787726523.918,2002,56.3,18196,10.9299,1.52
1787726523.977,2003,58.5,17507,10.9417,1.52
1787726524.037,2004,59.6,17191,10.9489,1.52
1787726524.102,2005,65.2,15707,10.9618,1.52
1787726524.166,2006,63.6,16104,10.9757,1.52
1787726524.226,2007,59.9,17109,10.9367,1.52
1787726524.294,2008,67.6,15152,10.9124,1.52
1787726524.357,2009,62.4,16402,10.9671,1.52
1787726524.417,2010,59.5,17218,10.9527,1.52
1787726524.485,2011,68.0,15067,10.9486,1.52
1787726524.575,2012,89.2,11486,10.9622,1.52
1787726524.664,2013,89.5,11442,10.9483,1.52
1787726524.754,2014,89.8,11403,10.9366,1.52
1787726524.845,2015,90.2,11350,10.9649,1.52
1787726524.917,2016,72.4,14138,10.9493,1.52
1787726524.977,2017,59.5,17216,10.9308,1.52
1787726525.037,2018,59.3,17271,10.9339,1.52
1787726525.105,2019,67.6,15145,10.9451,1.52
1787726525.165,2020,59.2,17295,10.9801,1.52
1787726525.225,2021,59.7,17158,10.9676,1.52
1787726525.294,2022,68.9,14853,10.9493,1.52
1787726525.354,2023,59.7,17144,10.9443,1.52
1787726525.415,2024,60.3,16982,10.9358,1.52
1787726525.507,2025,91.8,11153,10.9478,1.52
1787726525.596,2026,88.7,11541,10.9433,1.52
1787726525.686,2027,89.6,11426,10.9284,1.52
1787726525.776,2028,89.3,11473,10.9165,1.52
1787726525.851,2029,75.0,13660,10.9397,1.52
1787726525.908,2030,56.3,18191,10.9394,1.52
1787726525.967,2031,59.1,17334,10.9584,1.52
1787726526.027,2032,59.8,17121,10.9549,1.52
1787726526.098,2033,70.1,14614,10.9521,1.52
1787726526.191,2034,93.1,11004,10.9404,1.52
1787726526.283,2035,91.8,11151,10.9449,1.52
1787726526.375,2036,91.3,11214,10.9670,1.52
1787726526.466,2037,91.7,11167,10.9755,1.52
1787726526.559,2038,92.0,11135,10.9121,1.52
1787726526.652,2039,93.1,11003,10.9499,1.52
1787726526.744,2040,92.4,11078,10.9416,1.52
1787726526.836,2041,91.3,11219,10.9692,1.52
1787726526.927,2042,90.9,11262,10.9447,1.52
1787726527.018,2043,90.8,11274,10.9538,1.52
1787726527.108,2044,89.5,11441,10.9676,1.52
1787726527.198,2045,90.1,11370,10.9440,1.52
1787726527.297,2046,99.2,10320,10.9691,1.52
1787726527.404,2047,107.0,9571,10.9671,1.52
1787726527.494,2048,89.2,11477,10.9584,1.52
1787726527.554,2049,59.6,17175,10.9286,1.52
1787726527.614,2050,59.6,17192,10.9682,1.52
1787726527.680,2051,65.3,15675,10.9379,1.52
1787726527.739,2052,59.3,17261,10.9338,1.52
1787726527.799,2053,59.5,17199,10.9562,1.52
1787726527.865,2054,65.0,15752,10.9566,1.52
1787726527.924,2055,59.4,17228,10.9552,1.52
1787726527.984,2056,59.5,17202,10.9553,1.52
1787726528.050,2057,65.3,15681,10.9769,1.52
1787726528.110,2058,59.2,17291,10.9399,1.52
1787726528.170,2059,59.6,17182,10.9430,1.52
1787726528.245,2060,74.6,13721,10.9233,1.52
1787726528.338,2061,92.4,11080,10.9119,1.52
1787726528.405,2062,67.0,15285,10.9357,1.52
1787726528.462,2063,56.8,18036,10.9621,1.52
1787726528.522,2064,59.5,17224,10.9696,1.52
1787726528.582,2065,59.7,17162,10.9533,1.52
1787726528.649,2066,66.0,15526,10.9496,1.52
1787726528.708,2067,59.3,17260,10.9468,1.52
1787726528.769,2068,59.7,17164,10.9680,1.52
1787726528.828,2069,59.2,17301,10.9155,1.52
1787726528.887,2070,58.8,17416,10.9802,1.52
1787726528.947,2071,58.8,17410,10.9236,1.52
1787726529.031,2072,84.2,12155,10.9540,1.52
1787726529.123,2073,91.3,11217,10.9429,1.52
1787726529.197,2074,73.2,13986,10.9522,1.52
1787726529.254,2075,56.7,18068,10.9294,1.52
1787726529.313,2076,59.3,17255,10.9199,1.52
1787726529.373,2077,59.2,17303,10.9445,1.52
1787726529.447,2078,74.1,13813,10.9513,1.52
1787726529.542,2079,94.1,10878,10.9507,1.52
1787726529.636,2080,94.0,10896,10.9489,1.52
1787726529.730,2081,94.2,10875,10.9191,1.52
1787726529.823,2082,92.8,11035,10.9302,1.52
1787726529.916,2083,92.6,11056,10.9238,1.52
1787726530.009,2084,92.3,11093,10.9881,1.52
1787726530.101,2085,92.1,11117,10.9581,1.52
1787726530.191,2086,90.4,11322,10.9616,1.52
1787726530.284,2087,91.9,11140,10.9613,1.52
1787726530.377,2088,92.7,11046,10.9644,1.52
1787726530.470,2089,92.8,11040,10.9378,1.52
1787726530.527,2090,57.0,17954,10.9251,1.52
1787726530.585,2091,57.6,17785,10.9657,1.52
1787726530.645,2092,59.4,17231,10.9374,1.52
1787726530.704,2093,59.0,17345,10.9761,1.52
1787726530.762,2094,57.0,17952,10.9406,1.52
1787726530.824,2095,62.2,16451,10.9736,1.52
1787726530.917,2096,92.6,11060,10.9630,1.52
1787726530.978,2097,60.5,16931,10.9305,1.52
1787726531.036,2098,57.7,17737,10.9315,1.52
1787726531.096,2099,59.5,17208,10.9322,1.52
1787726531.156,2100,59.5,17218,10.9484,1.52
1787726531.235,2101,79.2,12933,10.9734,1.52
1787726531.331,2102,95.7,10699,10.9314,1.52
1787726531.427,2103,95.2,10753,10.9513,1.52
1787726531.522,2104,95.4,10734,10.9489,1.52
1787726531.617,2105,95.1,10769,10.9607,1.52
1787726531.714,2106,96.7,10586,10.9570,1.52
1787726531.779,2107,64.4,15899,10.9239,1.52
1787726531.839,2108,59.6,17190,10.9580,1.52
1787726531.915,2109,75.2,13621,10.9634,1.52
1787726532.009,2110,93.7,10933,10.9460,1.52
1787726532.098,2111,89.5,11439,10.9164,1.52
1787726532.168,2112,69.1,14824,10.9415,1.52
1787726532.228,2113,59.5,17199,10.9508,1.52
1787726532.292,2114,63.8,16049,10.9766,1.52
1787726532.372,2115,79.9,12823,10.9625,1.52
1787726532.432,2116,59.3,17267,10.9269,1.52
1787726532.491,2117,58.5,17510,10.9698,1.52
1787726532.555,2118,64.3,15920,10.9396,1.52
1787726532.643,2119,86.9,11785,10.9436,1.52
1787726532.727,2120,84.2,12165,10.9752,1.52
1787726532.784,2121,56.1,18259,10.9653,1.52
1787726532.842,2122,58.3,17577,10.9709,1.52
1787726532.902,2123,59.4,17245,10.9496,1.52
1787726532.964,2124,61.3,16711,10.9594,1.52
1787726533.031,2125,67.0,15287,10.9257,1.52
1787726533.091,2126,59.4,17226,10.9866,1.52
1787726533.151,2127,59.6,17187,10.9546,1.52
1787726533.211,2128,59.6,17180,10.9525,1.52
1787726533.270,2129,59.5,17219,10.9395,1.52
1787726533.350,2130,79.0,12958,10.9566,1.52
1787726533.409,2131,59.4,17238,10.9767,1.52
1787726533.469,2132,59.4,17231,10.9665,1.52
1787726533.544,2133,74.5,13739,10.9347,1.52
1787726533.640,2134,95.5,10725,10.9577,1.52
1787726533.733,2135,93.1,11004,10.9224,1.52
1787726533.826,2136,93.3,10980,10.9254,1.52
1787726533.886,2137,59.3,17265,10.9471,1.52
1787726533.946,2138,59.4,17227,10.9609,1.52
1787726534.023,2139,76.7,13351,10.9572,1.52
1787726534.118,2140,95.5,10724,10.9814,1.52
1787726534.209,2141,90.2,11357,10.9324,1.52
1787726534.269,2142,59.5,17208,10.9575,1.52
1787726534.329,2143,59.6,17180,10.9068,1.52
1787726534.408,2144,78.6,13022,10.9577,1.52
1787726534.505,2145,97.8,10475,10.9440,1.52
1787726534.604,2146,98.4,10407,10.9364,1.52
1787726534.701,2147,96.9,10564,10.9515,1.52
1787726534.801,2148,99.4,10298,10.9605,1.52
1787726534.900,2149,98.9,10359,10.9600,1.52
1787726534.994,2150,94.4,10844,10.9255,1.52
1787726535.089,2151,94.7,10815,10.9481,1.52
1787726535.183,2152,93.6,10941,10.9648,1.52
1787726535.278,2153,95.4,10737,10.9184,1.52
1787726535.372,2154,93.9,10911,10.9334,1.52
1787726535.467,2155,94.6,10821,10.9257,1.52
1787726535.549,2156,81.2,12605,10.9305,1.52
1787726535.609,2157,59.7,17139,10.9587,1.52
1787726535.669,2158,59.4,17239,10.9318,1.52
1787726535.751,2159,81.9,12507,10.9741,1.52
1787726535.845,2160,93.6,10943,10.9015,1.52
1787726535.939,2161,94.2,10868,10.9716,1.52
1787726536.031,2162,91.5,11192,10.9540,1.52
1787726536.120,2163,88.9,11521,10.9382,1.52
1787726536.214,2164,94.3,10855,10.9656,1.52
1787726536.315,2165,100.3,10210,10.9495,1.52
1787726536.415,2166,100.2,10224,10.9502,1.52
1787726536.517,2167,101.9,10047,10.9665,1.52
1787726536.625,2168,108.1,9471,10.9286,1.52
1787726536.737,2169,111.0,9224,10.9622,1.52
1787726536.794,2170,56.3,18183,10.9290,1.52
1787726536.852,2171,58.5,17492,10.9496,1.52
1787726536.912,2172,59.6,17190,10.9495,1.52
1787726536.975,2173,62.6,16358,10.9643,1.52
1787726537.070,2174,95.1,10769,10.9538,1.52
1787726537.170,2175,99.6,10276,10.9582,1.52
1787726537.271,2176,100.4,10200,10.9415,1.52
1787726537.371,2177,99.6,10277,10.9451,1.52
1787726537.449,2178,77.0,13305,10.9453,1.52
1787726537.505,2179,56.1,18244,10.9608,1.52
1787726537.565,2180,59.3,17274,10.9513,1.52
1787726537.625,2181,59.6,17178,10.9366,1.52
1787726537.698,2182,72.6,14097,10.9543,1.52
1787726537.799,2183,101.2,10118,10.9426,1.52
1787726537.901,2184,101.4,10101,10.9257,1.52
1787726538.001,2185,99.8,10263,10.9234,1.52
1787726538.100,2186,99.3,10312,10.9592,1.52
1787726538.200,2187,99.5,10288,10.9599,1.52
1787726538.300,2188,99.5,10293,10.9805,1.52
1787726538.399,2189,99.0,10344,10.9320,1.52
1787726538.499,2190,99.7,10274,10.9832,1.52
1787726538.598,2191,99.4,10302,10.9306,1.52
1787726538.698,2192,99.5,10296,10.9624,1.52
1787726538.798,2193,99.6,10277,10.9396,1.52
1787726538.909,2194,111.2,9208,10.9718,1.52
1787726539.026,2195,116.7,8777,10.9305,1.52
1787726539.142,2196,116.4,8794,10.9676,1.52
1787726539.232,2197,89.8,11409,10.9681,1.52
1787726539.288,2198,55.5,18450,10.9621,1.52
1787726539.343,2199,55.4,18497,10.9761,1.52
1787726539.399,2200,55.4,18488,10.9604,1.52
1787726539.456,2201,55.9,18327,10.9558,1.52
1787726539.512,2202,55.7,18389,10.9696,1.52
1787726539.568,2203,55.7,18398,10.9631,1.52
1787726539.624,2204,55.6,18401,10.9563,1.52
1787726539.680,2205,55.5,18443,10.9439,1.52
1787726539.738,2206,58.0,17654,10.9371,1.52
1787726539.798,2207,59.3,17260,10.9502,1.52
1787726539.858,2208,59.9,17106,10.9656,1.52
1787726539.957,2209,99.2,10323,10.9456,1.52
1787726540.073,2210,115.4,8871,10.9576,1.52
1787726540.134,2211,60.7,16860,10.9186,1.52
1787726540.194,2212,59.7,17166,10.9470,1.52
1787726540.267,2213,72.7,14076,10.9770,1.52
1787726540.367,2214,99.3,10313,10.9393,1.52
1787726540.466,2215,98.5,10391,10.9311,1.52
1787726540.566,2216,99.9,10255,10.9494,1.52
1787726540.665,2217,98.8,10368,10.9619,1.52
1787726540.764,2218,99.3,10312,10.9740,1.52
1787726540.864,2219,99.5,10289,10.9455,1.52
1787726540.940,2220,75.5,13566,10.9401,1.52
1787726540.998,2221,56.7,18061,10.9693,1.52
1787726541.057,2222,58.8,17411,10.9193,1.52
1787726541.116,2223,58.8,17426,10.9412,1.52
1787726541.176,2224,59.2,17289,10.9237,1.52
1787726541.270,2225,94.3,10854,10.9340,1.52
1787726541.363,2226,92.0,11131,10.9556,1.52
1787726541.419,2227,56.2,18232,10.9494,1.52
1787726541.478,2228,58.1,17624,10.9588,1.52
1787726541.537,2229,58.7,17434,10.9490,1.52
1787726541.596,2230,58.9,17393,10.9419,1.52
1787726541.683,2231,86.4,11853,10.9515,1.52
1787726541.786,2232,102.7,9975,10.9395,1.52
1787726541.843,2233,56.3,18186,10.9512,1.52
1787726541.901,2234,58.1,17612,10.9482,1.52
1787726541.961,2235,59.4,17245,10.9532,1.52
1787726542.021,2236,59.5,17221,10.9330,1.52
1787726542.090,2237,68.9,14858,10.9536,1.52
1787726542.150,2238,59.4,17240,10.9469,1.52
1787726542.213,2239,62.9,16292,10.9615,1.52
1787726542.300,2240,86.9,11781,10.9357,1.52
1787726542.388,2241,87.9,11647,10.9552,1.52
1787726542.477,2242,88.7,11542,10.9633,1.52
1787726542.559,2243,81.7,12532,10.9443,1.52
1787726542.618,2244,59.1,17320,10.9384,1.52
1787726542.678,2245,59.1,17337,10.9572,1.52
1787726542.748,2246,70.1,14602,10.9564,1.52
1787726542.805,2247,56.4,18163,10.9650,1.52
1787726542.862,2248,56.2,18208,10.9416,1.52
1787726542.920,2249,58.0,17660,10.9438,1.52
1787726542.980,2250,59.5,17211,10.9338,1.52
1787726543.049,2251,68.1,15032,10.9491,1.52
1787726543.108,2252,59.4,17230,10.9735,1.52
1787726543.166,2253,57.5,17801,10.9509,1.52
1787726543.225,2254,58.8,17409,10.9320,1.52
1787726543.285,2255,59.4,17245,10.9343,1.52
1787726543.362,2256,76.1,13447,10.9470,1.52
1787726543.433,2257,70.7,14487,10.9540,1.52
1787726543.490,2258,56.4,18171,10.9765,1.52
1787726543.550,2259,59.4,17243,10.9633,1.52
1787726543.610,2260,59.7,17162,10.9624,1.52
1787726543.687,2261,76.7,13344,10.9371,1.52
1787726543.781,2262,93.6,10944,10.9113,1.52
1787726543.877,2263,95.7,10703,10.9567,1.52
1787726543.971,2264,93.5,10951,10.9305,1.52
1787726544.065,2265,93.4,10964,10.9384,1.52
1787726544.155,2266,90.1,11366,10.9688,1.52
1787726544.212,2267,56.2,18214,10.9681,1.52
1787726544.270,2268,57.7,17744,10.9477,1.52
1787726544.330,2269,59.4,17228,10.9721,1.52
1787726544.389,2270,59.3,17261,10.9904,1.52
1787726544.455,2271,65.1,15729,10.9578,1.52
1787726544.511,2272,56.3,18186,10.9627,1.52
1787726544.570,2273,58.0,17640,10.9323,1.52
1787726544.630,2274,59.4,17242,10.9471,1.52
1787726544.689,2275,59.5,17204,10.9343,1.52
1787726544.761,2276,71.2,14383,10.9510,1.52
1787726544.821,2277,59.3,17261,10.9550,1.52
1787726544.880,2278,59.4,17229,10.9467,1.52
1787726544.972,2279,91.4,11203,10.9467,1.52
1787726545.072,2280,99.4,10306,10.9521,1.52
1787726545.169,2281,97.4,10511,10.9418,1.52
1787726545.268,2282,98.7,10374,10.9547,1.52
1787726545.344,2283,75.6,13552,10.9306,1.52
1787726545.404,2284,59.2,17308,10.9577,1.52
1787726545.463,2285,59.4,17234,10.9645,1.52
1787726545.558,2286,94.2,10873,10.9683,1.52
1787726545.658,2287,99.9,10255,10.9385,1.52
1787726545.757,2288,99.2,10326,10.9693,1.52
1787726545.858,2289,100.7,10166,10.9536,1.52
1787726545.923,2290,65.2,15700,10.9739,1.52
1787726545.983,2291,59.7,17158,10.9430,1.52
1787726546.060,2292,76.1,13457,10.9428,1.52
1787726546.160,2293,99.5,10294,10.9453,1.52
1787726546.260,2294,100.8,10163,10.9380,1.52
1787726546.358,2295,97.8,10475,10.9582,1.52
1787726546.455,2296,96.6,10595,10.9453,1.52
1787726546.551,2297,95.8,10687,10.9444,1.52
1787726546.647,2298,95.2,10760,10.9683,1.52
1787726546.741,2299,94.0,10893,10.9563,1.52
1787726546.814,2300,72.4,14153,10.9630,1.52
1787726546.871,2301,56.3,18195,10.9433,1.52
1787726546.930,2302,59.3,17276,10.9576,1.52
1787726546.990,2303,59.5,17202,10.9542,1.52
1787726547.061,2304,70.6,14514,10.9608,1.52
1787726547.157,2305,95.6,10713,10.9551,1.52
1787726547.246,2306,88.6,11559,10.9374,1.52
1787726547.325,2307,78.7,13006,10.9742,1.52
1787726547.382,2308,56.4,18163,10.9249,1.52
1787726547.441,2309,59.1,17327,10.9468,1.52
1787726547.501,2310,59.6,17180,10.9483,1.52
1787726547.573,2311,71.3,14358,10.9703,1.52
1787726547.651,2312,77.0,13290,10.9630,1.52
1787726547.707,2313,56.4,18153,10.9469,1.52
1787726547.767,2314,59.6,17181,10.9512,1.52
1787726547.827,2315,59.6,17179,10.9803,1.52
1787726547.902,2316,74.0,13838,10.9543,1.52
1787726547.993,2317,91.6,11179,10.9450,1.52
1787726548.087,2318,93.4,10967,10.9367,1.52
1787726548.181,2319,93.3,10973,10.9572,1.52
1787726548.267,2320,86.1,11899,10.9300,1.52
1787726548.331,2321,62.9,16271,10.9408,1.52
1787726548.389,2322,58.2,17592,10.9548,1.52
1787726548.449,2323,59.4,17250,10.9483,1.52
1787726548.509,2324,59.7,17158,10.9429,1.52
1787726548.593,2325,84.3,12149,10.9743,1.52
1787726548.682,2326,88.8,11532,10.9091,1.52
1787726548.770,2327,87.7,11679,10.9638,1.52
1787726548.844,2328,73.3,13975,10.9503,1.52
1787726548.901,2329,56.7,18045,10.9606,1.52
1787726548.961,2330,59.5,17204,10.9454,1.52
1787726549.021,2331,59.5,17223,10.9167,1.52
1787726549.094,2332,72.7,14089,10.9350,1.52
1787726549.182,2333,88.0,11633,10.9700,1.52
1787726549.270,2334,88.0,11630,10.9429,1.52
1787726549.357,2335,86.5,11832,10.9509,1.52
1787726549.442,2336,85.5,11974,10.9525,1.52
1787726549.527,2337,84.8,12081,10.9629,1.52
1787726549.614,2338,86.1,11886,10.9527,1.52
1787726549.700,2339,86.4,11853,10.9501,1.52
1787726549.786,2340,85.3,11998,10.9556,1.52
1787726549.863,2341,77.3,13239,10.9431,1.52
1787726549.923,2342,59.3,17256,10.9637,1.52
1787726549.983,2343,59.6,17169,10.9428,1.52
1787726550.057,2344,73.5,13932,10.9735,1.52
1787726550.143,2345,86.4,11857,10.9428,1.52
1787726550.229,2346,85.7,11952,10.9494,1.52
1787726550.311,2347,81.2,12610,10.9830,1.52
1787726550.370,2348,59.2,17283,10.9514,1.52
1787726550.430,2349,59.6,17188,10.9275,1.52
1787726550.501,2350,70.3,14558,10.9514,1.52
1787726550.561,2351,59.4,17243,10.9567,1.52
1787726550.620,2352,59.5,17219,10.9494,1.52
1787726550.690,2353,69.7,14696,10.9680,1.52
1787726550.750,2354,59.5,17218,10.9336,1.52
1787726550.810,2355,59.4,17231,10.9594,1.52
1787726550.884,2356,74.0,13831,10.9520,1.52
1787726550.974,2357,89.0,11509,10.9763,1.52
1787726551.061,2358,87.2,11746,10.9378,1.52
1787726551.148,2359,86.6,11826,10.9735,1.52
1787726551.236,2360,88.4,11583,10.9608,1.52
1787726551.325,2361,88.6,11559,10.9311,1.52
1787726551.413,2362,87.8,11657,10.9608,1.52
1787726551.499,2363,86.4,11852,10.9165,1.52
1787726551.572,2364,72.3,14165,10.9331,1.52
1787726551.632,2365,59.5,17216,10.9573,1.52
1787726551.692,2366,59.4,17252,10.9453,1.52
1787726551.768,2367,75.7,13530,10.9621,1.52
1787726551.827,2368,59.5,17197,10.9573,1.52
1787726551.887,2369,59.2,17297,10.9695,1.52
1787726551.960,2370,72.0,14224,10.9654,1.52
1787726552.047,2371,87.7,11679,10.9364,1.52
1787726552.135,2372,86.9,11778,10.9722,1.52
1787726552.223,2373,88.2,11611,10.9238,1.52
1787726552.311,2374,87.8,11669,10.9097,1.52
1787726552.397,2375,85.6,11968,10.9623,1.52
1787726552.484,2376,87.0,11773,10.9357,1.52
1787726552.571,2377,86.8,11798,10.9468,1.52
1787726552.661,2378,89.1,11491,10.9673,1.52
1787726552.747,2379,86.5,11842,10.9542,1.52
1787726552.818,2380,70.7,14474,10.9758,1.52
1787726552.876,2381,57.5,17815,10.9611,1.52
1787726552.936,2382,59.4,17229,11.0109,1.52
1787726552.996,2383,59.7,17151,10.9425,1.52
1787726553.070,2384,73.9,13864,10.9363,1.52
1787726553.158,2385,87.2,11741,10.9943,1.52
1787726553.244,2386,86.4,11845,10.9366,1.52
1787726553.330,2387,86.0,11903,10.9418,1.52
1787726553.430,2388,99.7,10273,10.9657,1.52
1787726553.532,2389,101.4,10098,10.9481,1.52
1787726553.633,2390,101.3,10109,10.9486,1.52
1787726553.735,2391,101.3,10110,10.9476,1.52
1787726553.837,2392,101.4,10101,10.9210,1.52
1787726553.938,2393,100.8,10157,10.9687,1.52
1787726554.003,2394,64.7,15831,10.9542,1.52
1787726554.061,2395,58.2,17581,10.9602,1.52
1787726554.122,2396,59.7,17154,10.9206,1.52
1787726554.182,2397,60.3,16979,10.9513,1.52
1787726554.248,2398,65.2,15714,10.9564,1.52
1787726554.307,2399,59.4,17238,10.9414,1.52
1787726554.372,2400,64.0,15989,10.9436,1.52
1787726554.469,2401,97.1,10548,10.9422,1.52
1787726554.571,2402,101.3,10113,10.9317,1.52
1787726554.671,2403,100.0,10242,10.9604,1.52
1787726554.743,2404,71.0,14423,10.9175,1.52
1787726554.801,2405,57.9,17688,10.9592,1.52
1787726554.861,2406,59.6,17176,10.9425,1.52
1787726554.921,2407,59.6,17189,10.9852,1.52
1787726554.986,2408,64.4,15904,10.9348,1.52
1787726555.046,2409,59.6,17172,10.9496,1.52
1787726555.105,2410,59.3,17272,10.9598,1.52
1787726555.171,2411,65.7,15595,10.9491,1.52
1787726555.231,2412,59.5,17203,10.9587,1.52
1787726555.291,2413,59.5,17224,10.9366,1.52
1787726555.376,2414,84.8,12080,10.9370,1.52
1787726555.463,2415,86.6,11820,10.9406,1.52
1787726555.552,2416,89.0,11511,10.9371,1.52
1787726555.637,2417,84.8,12071,10.9314,1.52
1787726555.724,2418,87.2,11744,10.9452,1.52
1787726555.810,2419,85.8,11940,10.9404,1.52
1787726555.897,2420,86.5,11833,10.9199,1.52
1787726555.961,2421,63.7,16075,10.9558,1.52
1787726556.021,2422,59.5,17213,10.9511,1.52
1787726556.088,2423,66.8,15335,10.9398,1.52
1787726556.151,2424,62.7,16342,10.9550,1.52
1787726556.211,2425,59.9,17101,10.9534,1.52
1787726556.283,2426,72.1,14206,10.9323,1.52
1787726556.372,2427,89.0,11503,10.9480,1.52
1787726556.461,2428,89.0,11510,10.9472,1.52
1787726556.551,2429,89.3,11467,10.9412,1.52
1787726556.641,2430,90.1,11367,10.9318,1.52
1787726556.731,2431,89.5,11440,10.9459,1.52
1787726556.822,2432,91.5,11189,10.9447,1.52
1787726556.913,2433,90.3,11334,10.9439,1.52
1787726557.002,2434,89.2,11478,10.9801,1.52
1787726557.064,2435,60.9,16806,10.9205,1.52
1787726557.123,2436,59.6,17181,10.9491,1.52
1787726557.196,2437,72.6,14099,10.9013,1.52
1787726557.288,2438,91.4,11204,10.9511,1.52
1787726557.379,2439,90.1,11364,10.9640,1.52
1787726557.467,2440,88.2,11613,10.9562,1.52
1787726557.523,2441,56.0,18276,10.9560,1.52
1787726557.582,2442,58.2,17590,10.9569,1.52
1787726557.641,2443,58.9,17377,10.9629,1.52
1787726557.700,2444,58.9,17392,10.9205,1.52
1787726557.788,2445,86.9,11790,10.9292,1.52
1787726557.878,2446,90.2,11351,10.9148,1.52
1787726557.969,2447,90.8,11277,10.9366,1.52
1787726558.067,2448,97.7,10476,10.9528,1.52
1787726558.152,2449,84.6,12111,10.9567,1.52
1787726558.209,2450,56.1,18240,10.9168,1.52
1787726558.267,2451,58.0,17661,10.9523,1.52
1787726558.327,2452,59.2,17307,10.9356,1.52
1787726558.387,2453,59.3,17261,10.9491,1.52
1787726558.453,2454,65.8,15560,10.9594,1.52
1787726558.510,2455,56.6,18094,10.9603,1.52
1787726558.567,2456,56.2,18218,10.9480,1.52
1787726558.626,2457,58.9,17374,10.9321,1.52
1787726558.685,2458,58.8,17407,10.9499,1.52
1787726558.751,2459,65.5,15644,10.9628,1.52
1787726558.839,2460,88.0,11634,10.9269,1.52
1787726558.915,2461,75.5,13558,10.9632,1.52
1787726558.972,2462,56.4,18170,10.9744,1.52
1787726559.031,2463,58.8,17420,10.9363,1.52
1787726559.092,2464,59.7,17154,10.9623,1.52
1787726559.160,2465,68.4,14962,10.9431,1.52
1787726559.218,2466,57.9,17700,10.9492,1.52
1787726559.276,2467,57.2,17911,10.9311,1.52
1787726559.336,2468,59.1,17320,10.9178,1.52
1787726559.395,2469,59.4,17234,10.9215,1.52
1787726559.471,2470,75.0,13656,10.9502,1.52
1787726559.535,2471,63.8,16044,10.9343,1.52
1787726559.595,2472,59.6,17168,10.9609,1.52
1787726559.664,2473,69.2,14789,10.9553,1.52
1787726559.726,2474,61.5,16642,10.9609,1.52
1787726559.787,2475,60.1,17032,10.9260,1.52
1787726559.861,2476,73.7,13892,10.9530,1.52
1787726559.957,2477,95.2,10754,10.9402,1.52
1787726560.038,2478,80.4,12730,10.9364,1.52
1787726560.094,2479,56.2,18222,10.9312,1.52
1787726560.153,2480,58.7,17448,10.9673,1.52
1787726560.213,2481,59.2,17302,10.9559,1.52
1787726560.276,2482,62.9,16278,10.9737,1.52
1787726560.348,2483,70.9,14439,10.9559,1.52
1787726560.407,2484,59.5,17212,10.9469,1.52
1787726560.475,2485,67.1,15257,10.9408,1.52
1787726560.578,2486,102.5,9988,10.9304,1.52
1787726560.641,2487,63.3,16169,10.9620,1.52
1787726560.701,2488,59.6,17182,10.9210,1.52
1787726560.776,2489,74.7,13713,10.9462,1.52
1787726560.874,2490,97.6,10495,10.9422,1.52
1787726560.972,2491,98.0,10448,10.9337,1.52
1787726561.070,2492,98.1,10440,10.9388,1.52
1787726561.169,2493,98.5,10394,10.9433,1.52
1787726561.266,2494,97.0,10559,10.9436,1.52
1787726561.365,2495,98.8,10359,10.9569,1.52
1787726561.438,2496,72.3,14163,10.9393,1.52
1787726561.497,2497,59.3,17257,10.9575,1.52
1787726561.562,2498,64.7,15836,10.9428,1.52
1787726561.664,2499,101.0,10141,10.9601,1.52
1787726561.764,2500,99.5,10287,10.9467,1.52
1787726561.863,2501,98.7,10374,10.9175,1.52
1787726561.961,2502,97.6,10493,10.9303,1.52
1787726562.060,2503,98.8,10366,10.9432,1.52
1787726562.136,2504,75.4,13572,10.9503,1.52
1787726562.192,2505,55.9,18316,10.9520,1.52
1787726562.252,2506,59.2,17300,10.9373,1.52
1787726562.312,2507,59.6,17182,10.9619,1.52
1787726562.388,2508,76.4,13410,10.9375,1.52
1787726562.453,2509,64.1,15973,10.9221,1.52
1787726562.510,2510,57.0,17968,10.9463,1.52
1787726562.570,2511,59.5,17197,10.9274,1.52
1787726562.630,2512,59.4,17231,10.9541,1.52
1787726562.710,2513,79.4,12890,10.9491,1.52
1787726562.810,2514,100.2,10224,10.9585,1.52
1787726562.911,2515,100.4,10202,10.9418,1.52
1787726563.010,2516,99.3,10316,10.9540,1.52
1787726563.112,2517,100.8,10154,10.9152,1.52
1787726563.199,2518,87.3,11733,10.9410,1.52
1787726563.256,2519,56.4,18159,10.9474,1.52
1787726563.315,2520,58.3,17578,10.9672,1.52
1787726563.375,2521,59.5,17223,10.9692,1.52
1787726563.436,2522,61.4,16677,10.9209,1.52
1787726563.508,2523,71.4,14334,10.9532,1.52
1787726563.566,2524,57.4,17848,10.9509,1.52
1787726563.626,2525,59.6,17180,10.9261,1.52
1787726563.686,2526,59.3,17256,10.9535,1.52
1787726563.767,2527,81.5,12572,10.9336,1.52
1787726563.868,2528,100.5,10187,10.9428,1.52
1787726563.943,2529,74.8,13693,10.9343,1.52
1787726564.003,2530,59.6,17178,10.9596,1.52
1787726564.064,2531,60.4,16964,10.9462,1.52
1787726564.137,2532,72.7,14089,10.9223,1.52
1787726564.197,2533,59.4,17242,10.9544,1.52
1787726564.256,2534,59.5,17223,10.9396,1.52
1787726564.343,2535,86.7,11805,10.9615,1.52
1787726564.403,2536,59.4,17247,10.9369,1.52
1787726564.463,2537,59.7,17164,10.9331,1.52
1787726564.534,2538,70.4,14544,10.9493,1.52
1787726564.593,2539,59.2,17295,10.9537,1.52
1787726564.653,2540,59.5,17213,10.9543,1.52
1787726564.732,2541,78.5,13038,10.9584,1.52
1787726564.833,2542,100.7,10173,10.9558,1.52
1787726564.931,2543,98.1,10443,10.9371,1.52
1787726565.027,2544,95.2,10753,10.9735,1.52
1787726565.122,2545,95.3,10743,10.9443,1.52
1787726565.217,2546,94.8,10805,10.9571,1.52
1787726565.311,2547,93.5,10953,10.9744,1.52
1787726565.405,2548,93.7,10928,10.9822,1.52
1787726565.482,2549,76.7,13353,10.9447,1.52
1787726565.539,2550,56.2,18228,10.9254,1.52
1787726565.598,2551,59.0,17356,10.9845,1.52
1787726565.658,2552,59.2,17311,10.9271,1.52
1787726565.719,2553,61.0,16786,10.9423,1.52
1787726565.816,2554,96.9,10563,10.9384,1.52
1787726565.913,2555,95.8,10688,10.9351,1.52
1787726565.987,2556,73.7,13902,10.9313,1.52
1787726566.043,2557,56.4,18168,10.9411,1.52
1787726566.103,2558,58.8,17419,10.9510,1.52
1787726566.162,2559,59.5,17217,10.9465,1.52
1787726566.231,2560,68.1,15030,10.9555,1.52
1787726566.326,2561,94.9,10792,10.9489,1.52
1787726566.423,2562,96.8,10579,10.9449,1.52
1787726566.519,2563,96.5,10616,10.9813,1.52
1787726566.616,2564,96.4,10623,10.9872,1.52
1787726566.709,2565,93.3,10975,10.9108,1.52
1787726566.801,2566,91.1,11246,10.9613,1.52
1787726566.892,2567,91.0,11256,10.9235,1.52
1787726566.963,2568,71.1,14401,10.9436,1.52
1787726567.023,2569,59.5,17207,10.9443,1.52
1787726567.083,2570,59.7,17143,10.9421,1.52
1787726567.154,2571,70.2,14577,10.9476,1.52
1787726567.214,2572,59.7,17151,10.9639,1.52
1787726567.273,2573,59.3,17273,10.9601,1.52
1787726567.333,2574,59.7,17146,10.9621,1.52
1787726567.393,2575,59.4,17244,10.9256,1.52
1787726567.478,2576,84.8,12077,10.9591,1.52
1787726567.576,2577,97.2,10530,10.9424,1.52
1787726567.638,2578,61.9,16538,10.9337,1.52
1787726567.698,2579,59.6,17191,10.9511,1.52
1787726567.777,2580,78.3,13080,10.9253,1.52
1787726567.875,2581,98.5,10396,10.9618,1.52
1787726567.972,2582,96.9,10569,10.9397,1.52
1787726568.067,2583,94.8,10800,10.9510,1.52
1787726568.156,2584,89.1,11498,10.9393,1.52
1787726568.244,2585,87.1,11758,10.9666,1.52
1787726568.333,2586,88.7,11542,10.9203,1.52
1787726568.421,2587,88.0,11634,10.9450,1.52
1787726568.507,2588,86.4,11847,10.9519,1.52
1787726568.595,2589,87.8,11665,10.9551,1.52
1787726568.684,2590,88.4,11586,10.9308,1.52
1787726568.772,2591,88.2,11608,10.9531,1.52
1787726568.859,2592,86.3,11871,10.9496,1.52
1787726568.945,2593,86.4,11855,10.9686,1.52
1787726569.044,2594,98.0,10452,10.9252,1.52
1787726569.150,2595,106.3,9636,10.9674,1.52
1787726569.255,2596,104.4,9812,10.9722,1.52
1787726569.360,2597,105.4,9714,10.9219,1.52
1787726569.466,2598,106.0,9657,10.9727,1.52
1787726569.574,2599,107.6,9512,10.9360,1.52
1787726569.657,2600,82.6,12396,10.9200,1.52
1787726569.714,2601,56.2,18218,10.9403,1.52
1787726569.770,2602,56.2,18233,10.9445,1.52
1787726569.827,2603,56.2,18234,10.9348,1.52
1787726569.883,2604,56.1,18249,10.9314,1.52
1787726569.940,2605,56.1,18246,10.9248,1.52
1787726569.999,2606,58.3,17555,10.9354,1.52
1787726570.059,2607,59.5,17202,10.9501,1.52
1787726570.122,2608,63.1,16224,10.9581,1.52
1787726570.185,2609,62.4,16410,10.9683,1.52
1787726570.245,2610,59.6,17169,10.9527,1.52
1787726570.303,2611,57.9,17687,10.9343,1.52
1787726570.360,2612,56.2,18216,10.9650,1.52
1787726570.419,2613,59.3,17282,10.9307,1.52
1787726570.479,2614,59.5,17221,10.9306,1.52
1787726570.539,2615,59.4,17249,10.9775,1.52
1787726570.599,2616,59.6,17167,10.9358,1.52
1787726570.659,2617,59.3,17272,10.9516,1.52
1787726570.735,2618,75.7,13528,10.9461,1.52
1787726570.795,2619,59.8,17127,10.9262,1.52
1787726570.855,2620,59.1,17334,10.9475,1.52
1787726570.927,2621,71.5,14322,10.9345,1.52
1787726571.014,2622,86.5,11838,10.9734,1.52
1787726571.099,2623,84.8,12070,10.9512,1.52
1787726571.167,2624,67.5,15171,10.9648,1.52
1787726571.225,2625,57.6,17777,10.9375,1.52
1787726571.285,2626,59.5,17202,10.9590,1.52
1787726571.344,2627,59.3,17263,10.9316,1.52
1787726571.419,2628,74.1,13812,10.9295,1.52
1787726571.506,2629,86.8,11794,10.9142,1.52
1787726571.593,2630,86.5,11835,10.9691,1.52
1787726571.681,2631,88.0,11638,10.9465,1.52
1787726571.769,2632,87.7,11677,10.9351,1.52
1787726571.826,2633,56.2,18215,10.9430,1.52
1787726571.885,2634,58.3,17573,10.9264,1.52
1787726571.945,2635,59.6,17183,10.9260,1.52
1787726572.008,2636,62.9,16277,10.9481,1.52
1787726572.084,2637,75.6,13546,10.9567,1.52
1787726572.143,2638,59.4,17240,10.9386,1.52
1787726572.203,2639,59.3,17256,10.9287,1.52
1787726572.282,2640,78.5,13051,10.9460,1.52
1787726572.375,2641,93.1,10997,10.9557,1.52
1787726572.466,2642,90.3,11342,10.9333,1.52
1787726572.559,2643,93.1,10998,10.9476,1.52
1787726572.652,2644,92.8,11034,10.9416,1.52
1787726572.742,2645,89.7,11419,10.9485,1.52
1787726572.833,2646,90.7,11284,10.9345,1.52
1787726572.924,2647,91.0,11254,10.9668,1.52
1787726573.015,2648,91.5,11190,10.9319,1.52
1787726573.108,2649,92.1,11117,10.9558,1.52
1787726573.199,2650,90.7,11295,10.9405,1.52
1787726573.291,2651,92.2,11105,10.9630,1.52
1787726573.383,2652,91.7,11172,10.9397,1.52
1787726573.459,2653,75.3,13606,10.9589,1.52
1787726573.516,2654,56.3,18177,10.9328,1.52
1787726573.574,2655,58.2,17583,10.9224,1.52
1787726573.634,2656,59.4,17225,10.9263,1.52
1787726573.697,2657,62.5,16376,10.9442,1.52
1787726573.792,2658,94.5,10841,10.9428,1.52
1787726573.887,2659,95.0,10777,10.9374,1.52
1787726573.985,2660,97.6,10494,10.9284,1.52
1787726574.042,2661,56.4,18143,10.9472,1.52
1787726574.101,2662,58.1,17622,10.9454,1.52
1787726574.160,2663,59.4,17240,10.9628,1.52
1787726574.220,2664,59.5,17208,10.9481,1.52
1787726574.289,2665,68.1,15036,10.9392,1.52
1787726574.349,2666,59.6,17186,10.9387,1.52
1787726574.409,2667,59.5,17221,10.9346,1.52
1787726574.496,2668,86.7,11806,10.9545,1.52
1787726574.566,2669,69.9,14660,10.9560,1.52
1787726574.626,2670,59.6,17175,10.9254,1.52
1787726574.686,2671,59.7,17165,10.9132,1.52
1787726574.758,2672,72.1,14197,10.9694,1.52
1787726574.818,2673,59.3,17267,10.9446,1.52
1787726574.878,2674,59.5,17202,10.9575,1.52
1787726574.943,2675,65.4,15669,10.9313,1.52
1787726575.003,2676,59.4,17238,10.9475,1.52
1787726575.063,2677,59.5,17213,10.9488,1.52
1787726575.142,2678,79.0,12963,10.9461,1.52
1787726575.234,2679,91.7,11169,10.9243,1.52
1787726575.325,2680,91.1,11246,10.9713,1.52
1787726575.417,2681,91.2,11226,10.9337,1.52
1787726575.507,2682,90.0,11378,10.9315,1.52
1787726575.594,2683,86.6,11821,10.9718,1.52
1787726575.682,2684,88.0,11630,10.9161,1.52
1787726575.769,2685,87.3,11732,10.9557,1.52
1787726575.857,2686,87.1,11760,10.9508,1.52
1787726575.944,2687,86.9,11778,10.9349,1.52
1787726576.033,2688,88.6,11551,10.9093,1.52
1787726576.091,2689,57.5,17816,10.9469,1.52
1787726576.149,2690,58.2,17589,10.9291,1.52
1787726576.209,2691,59.4,17233,10.9668,1.52
1787726576.269,2692,59.4,17248,10.9260,1.52
1787726576.336,2693,66.8,15332,10.9545,1.52
1787726576.395,2694,58.8,17401,10.9461,1.52
1787726576.455,2695,58.8,17427,10.9706,1.52
1787726576.530,2696,74.6,13733,10.9723,1.52
1787726576.610,2697,79.6,12861,10.9619,1.52
1787726576.666,2698,56.3,18181,10.9431,1.52
1787726576.725,2699,58.4,17539,10.9290,1.52
1787726576.785,2700,59.6,17188,10.9250,1.52
1787726576.845,2701,59.5,17222,10.9454,1.52
1787726576.916,2702,70.8,14473,10.9592,1.52
1787726576.976,2703,59.7,17158,10.9615,1.52
1787726577.044,2704,67.0,15286,10.9535,1.52
1787726577.111,2705,66.9,15306,10.9353,1.52
1787726577.171,2706,59.5,17220,10.9520,1.52
1787726577.231,2707,59.4,17250,10.9397,1.52
1787726577.291,2708,59.8,17129,10.9538,1.52
1787726577.351,2709,59.8,17134,10.9386,1.52
1787726577.446,2710,94.4,10846,10.9298,1.52
1787726577.546,2711,100.4,10204,10.9243,1.52
1787726577.647,2712,100.4,10199,10.9623,1.52
1787726577.749,2713,102.1,10028,10.9294,1.52
1787726577.849,2714,99.4,10303,10.9613,1.52
1787726577.946,2715,96.9,10566,10.9548,1.52
1787726578.005,2716,59.2,17292,10.9255,1.52
1787726578.065,2717,59.4,17235,10.9391,1.52
1787726578.144,2718,79.1,12947,10.9465,1.52
1787726578.245,2719,100.8,10155,10.9422,1.52
1787726578.345,2720,99.8,10260,10.9467,1.52
1787726578.446,2721,100.6,10180,10.9419,1.52
1787726578.542,2722,95.5,10723,10.9521,1.52
1787726578.620,2723,77.8,13157,10.9301,1.52
1787726578.677,2724,56.6,18085,10.9716,1.52
1787726578.734,2725,56.5,18115,10.9344,1.52
1787726578.791,2726,56.3,18201,10.9673,1.52
1787726578.848,2727,56.3,18201,10.9671,1.52
1787726578.907,2728,58.7,17434,10.9304,1.52
1787726578.966,2729,59.1,17324,10.9417,1.52
1787726579.035,2730,68.0,15063,10.9564,1.52
1787726579.127,2731,92.1,11119,10.9398,1.52
1787726579.205,2732,78.0,13125,10.9653,1.52
1787726579.262,2733,56.2,18226,10.9556,1.52
1787726579.321,2734,58.4,17535,10.9336,1.52
1787726579.381,2735,59.4,17232,10.9360,1.52
1787726579.444,2736,63.3,16184,10.9650,1.52
1787726579.509,2737,64.6,15856,10.9285,1.52
1787726579.568,2738,57.7,17752,10.9690,1.52
1787726579.627,2739,59.5,17222,10.9193,1.52
1787726579.687,2740,59.4,17241,10.9353,1.52
1787726579.764,2741,76.4,13394,10.9344,1.52
1787726579.824,2742,59.1,17318,10.9266,1.52
1787726579.884,2743,59.2,17305,10.9453,1.52
1787726579.953,2744,69.4,14765,10.9622,1.52
1787726580.053,2745,98.9,10354,10.9427,1.52
1787726580.140,2746,86.7,11816,10.9648,1.52
1787726580.196,2747,56.2,18207,10.9449,1.52
1787726580.256,2748,58.7,17434,10.9239,1.52
1787726580.316,2749,59.7,17144,10.9747,1.52
1787726580.386,2750,70.3,14556,10.9507,1.52
1787726580.487,2751,100.1,10227,10.9324,1.52
1787726580.586,2752,99.2,10328,10.9494,1.52
1787726580.687,2753,100.8,10157,10.9614,1.52
1787726580.787,2754,99.6,10276,10.9286,1.52
1787726580.886,2755,99.5,10289,10.9439,1.52
1787726580.986,2756,100.0,10241,10.9175,1.52
1787726581.087,2757,100.3,10209,10.9621,1.52
1787726581.157,2758,70.3,14564,10.9455,1.52
1787726581.218,2759,59.7,17138,10.9540,1.52
1787726581.283,2760,65.5,15626,10.9391,1.52
1787726581.352,2761,67.9,15085,10.9430,1.52
1787726581.411,2762,59.6,17192,10.9477,1.52
1787726581.480,2763,68.2,15006,10.9233,1.52
1787726581.580,2764,99.3,10309,10.9667,1.52
1787726581.642,2765,62.6,16365,10.9407,1.52
1787726581.702,2766,59.6,17182,10.9475,1.52
1787726581.775,2767,71.9,14239,10.9658,1.52
1787726581.837,2768,62.7,16322,10.9482,1.52
1787726581.897,2769,59.4,17234,10.9477,1.52
1787726581.969,2770,71.9,14235,10.9371,1.52
1787726582.032,2771,62.1,16477,10.9310,1.52
1787726582.092,2772,59.7,17141,10.9471,1.52
1787726582.152,2773,59.4,17229,10.9422,1.52
1787726582.212,2774,59.5,17208,10.9365,1.52
1787726582.272,2775,59.7,17155,10.9647,1.52
1787726582.360,2776,88.3,11598,10.9629,1.52
1787726582.460,2777,99.3,10315,10.9326,1.52
1787726582.559,2778,98.9,10358,10.9279,1.52
1787726582.659,2779,99.6,10284,10.9503,1.52
1787726582.759,2780,99.8,10263,10.9545,1.52
1787726582.859,2781,99.8,10263,10.9487,1.52
1787726582.924,2782,64.6,15857,10.9661,1.52
1787726582.983,2783,59.5,17215,10.9655,1.52
1787726583.056,2784,72.8,14067,10.9140,1.52
1787726583.157,2785,100.7,10171,10.9637,1.52
1787726583.258,2786,100.1,10233,10.9503,1.52
1787726583.357,2787,99.5,10295,10.9626,1.52
1787726583.458,2788,100.2,10223,10.9674,1.52
1787726583.550,2789,91.4,11202,10.9612,1.52
1787726583.607,2790,56.3,18173,10.9797,1.52
1787726583.665,2791,58.1,17636,10.9582,1.52
1787726583.725,2792,59.2,17284,10.9256,1.52
1787726583.785,2793,59.6,17173,10.9338,1.52
1787726583.884,2794,99.0,10339,10.9475,1.52
1787726583.983,2795,99.5,10296,10.9542,1.52
1787726584.041,2796,57.7,17746,10.9750,1.52
1787726584.100,2797,58.0,17659,10.9439,1.52
1787726584.160,2798,59.6,17175,10.9325,1.52
1787726584.219,2799,59.4,17226,10.9348,1.52
1787726584.314,2800,94.8,10804,10.9298,1.52
1787726584.405,2801,90.2,11355,10.9547,1.52
1787726584.464,2802,59.4,17248,10.9587,1.52
1787726584.524,2803,59.6,17180,10.9443,1.52
1787726584.601,2804,76.6,13362,10.9418,1.52
1787726584.698,2805,96.8,10577,10.9667,1.52
1787726584.771,2806,72.4,14135,10.9369,1.52
1787726584.831,2807,59.5,17220,10.9344,1.52
1787726584.894,2808,62.9,16269,10.9356,1.52
1787726584.993,2809,98.8,10359,10.9297,1.52
1787726585.091,2810,98.1,10438,10.9371,1.52
1787726585.188,2811,96.6,10600,10.9561,1.52
1787726585.248,2812,59.3,17265,10.9494,1.52
1787726585.307,2813,59.3,17264,10.9534,1.52
1787726585.387,2814,79.3,12905,10.9442,1.52
1787726585.487,2815,99.5,10289,10.9310,1.52
1787726585.588,2816,100.8,10160,10.9137,1.52
1787726585.690,2817,101.6,10084,10.9543,1.52
1787726585.755,2818,65.5,15634,10.9478,1.52
1787726585.813,2819,57.3,17861,11.0057,1.52
1787726585.873,2820,59.6,17194,10.9641,1.52
1787726585.933,2821,59.4,17252,10.9473,1.52
1787726586.004,2822,70.6,14497,10.9285,1.52
1787726586.064,2823,59.5,17219,10.9410,1.52
1787726586.124,2824,59.6,17171,10.9711,1.52
1787726586.204,2825,80.3,12749,10.9526,1.52
1787726586.301,2826,96.9,10573,10.9080,1.52
1787726586.394,2827,92.5,11066,10.9266,1.52
1787726586.474,2828,79.4,12889,10.9372,1.52
1787726586.530,2829,55.9,18319,10.9643,1.52
1787726586.589,2830,58.2,17609,10.9517,1.52
1787726586.649,2831,59.6,17194,10.9561,1.52
1787726586.710,2832,60.6,16906,10.9472,1.52
1787726586.780,2833,70.3,14570,10.9364,1.52
1787726586.840,2834,59.5,17221,10.9500,1.52
1787726586.900,2835,59.4,17236,10.9356,1.52
1787726586.959,2836,59.3,17255,10.9203,1.52
1787726587.019,2837,59.5,17214,10.9319,1.52
1787726587.098,2838,78.4,13067,10.9780,1.52
1787726587.158,2839,59.6,17188,10.9572,1.52
1787726587.217,2840,59.5,17209,10.9528,1.52
1787726587.298,2841,80.6,12704,10.9521,1.52
1787726587.398,2842,99.0,10339,10.9688,1.52
1787726587.497,2843,99.2,10321,10.9286,1.52
1787726587.598,2844,101.0,10143,10.9196,1.52
1787726587.662,2845,63.6,16101,10.9423,1.52
1787726587.722,2846,59.6,17181,10.9502,1.52
1787726587.793,2847,71.1,14407,10.9350,1.52
1787726587.895,2848,102.0,10041,10.9464,1.52
1787726587.995,2849,99.8,10256,10.9426,1.52
1787726588.095,2850,99.2,10326,10.9542,1.52
1787726588.195,2851,100.0,10242,10.9401,1.52
1787726588.287,2852,92.0,11135,10.9428,1.52
1787726588.344,2853,56.4,18167,10.9066,1.52
1787726588.401,2854,56.3,18190,10.9825,1.52
1787726588.460,2855,59.1,17330,10.9611,1.52
1787726588.520,2856,59.7,17166,10.9588,1.52
1787726588.601,2857,80.4,12739,10.9271,1.52
1787726588.700,2858,99.1,10329,10.9530,1.52
1787726588.782,2859,81.4,12583,10.9303,1.52
1787726588.842,2860,59.2,17292,10.9584,1.52
1787726588.902,2861,59.6,17173,10.9303,1.52
1787726588.989,2862,86.6,11820,10.9463,1.52
1787726589.088,2863,99.2,10324,10.9036,1.52
1787726589.149,2864,60.0,17066,10.9478,1.52
1787726589.206,2865,56.7,18049,10.9340,1.52
1787726589.265,2866,58.8,17424,10.9637,1.52
1787726589.325,2867,59.3,17280,10.9222,1.52
1787726589.384,2868,58.3,17571,10.9314,1.52
1787726589.441,2869,57.4,17836,10.9500,1.52
1787726589.538,2870,96.4,10624,10.9984,1.52
1787726589.634,2871,95.3,10747,10.9201,1.52
1787726589.693,2872,59.4,17241,10.9537,1.52
1787726589.754,2873,59.8,17112,10.9432,1.52
1787726589.834,2874,79.6,12867,10.9084,1.52
1787726589.934,2875,99.9,10248,10.9626,1.52
1787726590.034,2876,100.3,10208,10.9631,1.52
1787726590.115,2877,80.8,12669,10.9341,1.52
1787726590.171,2878,55.8,18342,10.9391,1.52
1787726590.230,2879,58.0,17649,10.9236,1.52
1787726590.290,2880,59.6,17173,10.9533,1.52
1787726590.354,2881,63.8,16047,10.9442,1.52
1787726590.455,2882,101.2,10121,10.9539,1.52
1787726590.554,2883,98.5,10395,10.9458,1.52
1787726590.654,2884,100.0,10243,10.9272,1.52
1787726590.735,2885,80.6,12704,10.9501,1.52
1787726590.795,2886,59.4,17241,10.9495,1.52
1787726590.855,2887,59.5,17217,10.9522,1.52
1787726590.926,2888,71.1,14398,10.9374,1.52
1787726590.986,2889,59.5,17218,10.9153,1.52
1787726591.046,2890,59.4,17246,10.9367,1.52
1787726591.136,2891,90.4,11331,10.9436,1.52
1787726591.237,2892,100.6,10183,10.9683,1.52
1787726591.337,2893,100.0,10244,10.9611,1.52
1787726591.415,2894,77.4,13223,10.9701,1.52
1787726591.474,2895,58.7,17450,10.9365,1.52
1787726591.534,2896,59.6,17187,10.9212,1.52
1787726591.602,2897,67.7,15121,10.9291,1.52
1787726591.659,2898,56.4,18162,10.9433,1.52
1787726591.716,2899,57.2,17890,10.9666,1.52
1787726591.776,2900,59.4,17243,10.9595,1.52
1787726591.836,2901,59.2,17297,10.9430,1.52
1787726591.895,2902,59.4,17240,10.9594,1.52
1787726591.955,2903,59.5,17224,10.9261,1.52
1787726592.021,2904,65.4,15669,10.9604,1.52
1787726592.100,2905,78.8,12993,10.9262,1.52
1787726592.157,2906,56.3,18178,10.9493,1.52
1787726592.217,2907,59.6,17168,10.9441,1.52
1787726592.277,2908,59.9,17082,10.9221,1.52
1787726592.355,2909,77.9,13153,10.9205,1.52
1787726592.456,2910,100.1,10228,10.9303,1.52
1787726592.557,2911,100.6,10177,10.9501,1.52
1787726592.657,2912,100.0,10237,10.9330,1.52
1787726592.727,2913,70.3,14563,10.9613,1.52
1787726592.787,2914,59.4,17233,10.9283,1.52
1787726592.855,2915,67.9,15091,10.9454,1.52
1787726592.956,2916,100.0,10239,10.9194,1.52
1787726593.056,2917,99.9,10254,10.9750,1.52
1787726593.157,2918,100.3,10214,10.9488,1.52
1787726593.257,2919,99.9,10248,10.9336,1.52
1787726593.354,2920,96.6,10604,10.9472,1.52
1787726593.412,2921,58.0,17669,10.9234,1.52
1787726593.472,2922,59.1,17336,10.9606,1.52
1787726593.531,2923,59.0,17369,10.9465,1.52
1787726593.589,2924,57.3,17864,10.9503,1.52
1787726593.650,2925,61.1,16749,10.9542,1.52
1787726593.750,2926,99.2,10322,10.9381,1.52
1787726593.847,2927,96.3,10631,10.9212,1.52
1787726593.906,2928,59.4,17228,10.9783,1.52
1787726593.966,2929,59.4,17231,10.9545,1.52
1787726594.045,2930,78.8,12999,10.9518,1.52
1787726594.145,2931,99.6,10281,10.9353,1.52
1787726594.216,2932,71.1,14395,10.9218,1.52
1787726594.274,2933,56.8,18025,10.9457,1.52
1787726594.333,2934,59.2,17306,10.9618,1.52
1787726594.393,2935,59.3,17277,10.9378,1.52
1787726594.460,2936,67.0,15273,10.9204,1.52
1787726594.563,2937,102.2,10022,10.9656,1.52
1787726594.646,2938,82.3,12441,10.9343,1.52
1787726594.705,2939,59.4,17248,10.9614,1.52
1787726594.765,2940,59.6,17177,10.9494,1.52
1787726594.846,2941,80.5,12714,10.9527,1.52
1787726594.947,2942,99.9,10253,10.9336,1.52
1787726595.046,2943,99.5,10287,10.9343,1.52
1787726595.124,2944,77.7,13177,10.9067,1.52
1787726595.181,2945,56.4,18164,10.9798,1.52
1787726595.240,2946,58.7,17454,10.9486,1.52
1787726595.300,2947,59.4,17242,10.9290,1.52
1787726595.368,2948,67.3,15211,10.9443,1.52
1787726595.469,2949,101.1,10132,10.9531,1.52
1787726595.570,2950,100.8,10156,10.9389,1.52
1787726595.670,2951,100.3,10209,10.9426,1.52
1787726595.747,2952,75.7,13519,10.9538,1.52
1787726595.803,2953,56.3,18184,10.9494,1.52
1787726595.863,2954,59.1,17330,10.9290,1.52
1787726595.923,2955,59.5,17213,10.9643,1.52
1787726595.998,2956,75.4,13572,10.9378,1.52
1787726596.055,2957,56.7,18046,10.9268,1.52
1787726596.113,2958,57.4,17836,10.9580,1.52
1787726596.172,2959,58.9,17388,10.9434,1.52
1787726596.232,2960,59.2,17294,10.9490,1.52
1787726596.311,2961,78.4,13058,10.9616,1.52
1787726596.411,2962,99.8,10256,10.9491,1.52
1787726596.511,2963,99.8,10260,10.9646,1.52
1787726596.605,2964,93.1,10993,10.9222,1.52
1787726596.664,2965,59.4,17226,10.9276,1.52
1787726596.725,2966,59.8,17116,10.9397,1.52
1787726596.796,2967,70.9,14449,10.9502,1.52
1787726596.853,2968,56.3,18175,10.9509,1.52
1787726596.911,2969,58.5,17499,10.9268,1.52
1787726596.971,2970,59.6,17179,10.9546,1.52
1787726597.031,2971,59.4,17250,10.9336,1.52
1787726597.091,2972,59.7,17149,10.9528,1.52
1787726597.151,2973,59.6,17179,10.9709,1.52
1787726597.231,2974,79.3,12909,10.9478,1.52
1787726597.288,2975,56.4,18157,10.9554,1.52
1787726597.347,2976,58.6,17482,10.9386,1.52
1787726597.406,2977,59.5,17196,10.9197,1.52
1787726597.475,2978,68.6,14935,10.9305,1.52
1787726597.575,2979,99.2,10326,10.9336,1.52
1787726597.674,2980,99.2,10323,10.9438,1.52
1787726597.775,2981,100.4,10200,10.9332,1.52
1787726597.853,2982,78.0,13127,10.9695,1.52
1787726597.913,2983,59.6,17189,10.9579,1.52
1787726597.973,2984,59.4,17235,10.9349,1.52
1787726598.067,2985,93.6,10936,10.9491,1.52
1787726598.166,2986,99.2,10322,10.9410,1.52
1787726598.265,2987,99.2,10323,10.9511,1.52
1787726598.366,2988,100.5,10193,10.9474,1.52
1787726598.467,2989,100.6,10175,10.9299,1.52
1787726598.537,2990,70.0,14630,10.9639,1.52
1787726598.597,2991,59.7,17154,10.9562,1.52
1787726598.667,2992,69.8,14677,10.9363,1.52
1787726598.768,2993,100.5,10186,10.9387,1.52
1787726598.859,2994,90.7,11290,10.9759,1.52
1787726598.919,2995,59.3,17257,10.9389,1.52
1787726598.979,2996,59.5,17221,10.9654,1.52
1787726599.059,2997,80.4,12742,10.9262,1.52
1787726599.160,2998,100.8,10161,10.9484,1.52
1787726599.231,2999,70.1,14614,10.9320,1.52
1787726599.290,3000,59.6,17188,10.9755,1.52
1787726599.358,3001,67.3,15222,10.9532,1.52
1787726599.458,3002,99.8,10265,10.9500,1.52
1787726599.556,3003,98.1,10442,10.9479,1.52
1787726599.656,3004,99.0,10343,10.9843,1.52
1787726599.755,3005,99.5,10291,10.9471,1.52
1787726599.852,3006,97.0,10554,10.9657,1.52
1787726599.949,3007,96.3,10629,10.9558,1.52
1787726600.046,3008,96.1,10652,10.9464,1.52
1787726600.141,3009,95.1,10766,10.9380,1.52
1787726600.234,3010,92.6,11055,10.9758,1.52
1787726600.327,3011,92.5,11073,10.9791,1.52
1787726600.416,3012,88.6,11558,10.9433,1.52
1787726600.473,3013,56.3,18183,10.9370,1.52
1787726600.531,3014,58.3,17575,10.9394,1.52
1787726600.591,3015,59.7,17163,10.9481,1.52
1787726600.654,3016,61.8,16562,10.9288,1.52
1787726600.722,3017,68.5,14953,10.9507,1.52
1787726600.783,3018,59.7,17162,10.9508,1.52
1787726600.841,3019,58.3,17572,10.9477,1.52
1787726600.898,3020,56.2,18236,10.9492,1.52
1787726600.958,3021,59.4,17245,10.9471,1.52
1787726601.018,3022,59.6,17182,10.9546,1.52
1787726601.101,3023,83.2,12303,10.9725,1.52
1787726601.191,3024,89.8,11406,10.9550,1.52
1787726601.281,3025,90.2,11354,10.9728,1.52
1787726601.371,3026,89.5,11436,10.9376,1.52
1787726601.460,3027,88.4,11588,10.9329,1.52
1787726601.548,3028,88.2,11609,10.9731,1.52
1787726601.635,3029,86.7,11806,10.9497,1.52
1787726601.722,3030,86.7,11811,10.9567,1.52
1787726601.800,3031,77.2,13273,10.9551,1.52
1787726601.856,3032,56.3,18190,10.9558,1.52
1787726601.916,3033,58.8,17413,10.9601,1.52
1787726601.975,3034,59.5,17208,10.9576,1.52
1787726602.043,3035,67.7,15127,10.9109,1.52
1787726602.125,3036,81.1,12621,10.9388,1.52
1787726602.212,3037,87.5,11709,10.9328,1.52
1787726602.296,3038,83.7,12227,10.9311,1.52
1787726602.394,3039,97.3,10529,10.9186,1.52
1787726602.499,3040,105.4,9719,10.9530,1.52
1787726602.605,3041,105.5,9708,10.9309,1.52
1787726602.711,3042,105.3,9728,10.9443,1.52
1787726602.817,3043,106.3,9636,10.9478,1.52
1787726602.924,3044,105.8,9682,10.9695,1.52
1787726603.031,3045,107.2,9552,10.9163,1.52
1787726603.106,3046,73.9,13852,10.9281,1.52
1787726603.163,3047,57.1,17929,10.9384,1.52
1787726603.223,3048,59.4,17243,10.9345,1.52
1787726603.283,3049,59.5,17200,10.9169,1.52
1787726603.347,3050,64.1,15969,10.9571,1.52
1787726603.404,3051,56.4,18163,10.9187,1.52
1787726603.463,3052,58.1,17624,10.9442,1.52
1787726603.522,3053,59.3,17267,10.9226,1.52
1787726603.582,3054,59.6,17169,10.9517,1.52
1787726603.669,3055,86.0,11906,10.9470,1.52
1787726603.766,3056,97.6,10494,10.9341,1.52
1787726603.867,3057,100.4,10199,10.9693,1.52
1787726603.942,3058,74.6,13727,10.9597,1.52
1787726604.001,3059,59.3,17280,10.9276,1.52
1787726604.061,3060,59.4,17228,10.9540,1.52
1787726604.155,3061,94.0,10899,10.9550,1.52
1787726604.261,3062,105.8,9676,10.9398,1.52
1787726604.368,3063,106.4,9628,10.9392,1.52
1787726604.474,3064,106.0,9663,10.9513,1.52
1787726604.576,3065,101.8,10056,10.9560,1.52
1787726604.678,3066,101.5,10086,10.9597,1.52
1787726604.751,3067,73.0,14022,10.9451,1.52
1787726604.811,3068,59.4,17230,10.9126,1.52
1787726604.873,3069,61.6,16632,10.9258,1.52
1787726604.938,3070,64.5,15869,10.9393,1.52
1787726604.998,3071,59.6,17188,10.9275,1.52
1787726605.062,3072,64.6,15862,10.9633,1.52
1787726605.127,3073,64.3,15919,10.9301,1.52
1787726605.187,3074,59.7,17150,10.9626,1.52
1787726605.257,3075,69.2,14789,10.9361,1.52
1787726605.344,3076,87.0,11765,10.9559,1.52
1787726605.433,3077,88.3,11597,10.9405,1.52
1787726605.520,3078,86.8,11802,10.9586,1.52
1787726605.609,3079,87.9,11649,10.9205,1.52
1787726605.697,3080,87.9,11651,10.9405,1.52
1787726605.772,3081,74.6,13735,10.9308,1.52
1787726605.829,3082,56.4,18172,10.9632,1.52
1787726605.887,3083,58.1,17640,10.9420,1.52
1787726605.947,3084,59.6,17175,10.9458,1.52
1787726606.009,3085,61.9,16541,10.9272,1.52
1787726606.076,3086,65.9,15530,10.9457,1.52
1787726606.132,3087,56.3,18173,10.9471,1.52
1787726606.192,3088,59.4,17232,10.9232,1.52
1787726606.252,3089,59.5,17202,10.9161,1.52
1787726606.324,3090,71.8,14257,10.9341,1.52
1787726606.417,3091,92.1,11115,10.9616,1.52
1787726606.509,3092,92.2,11104,10.9471,1.52
1787726606.602,3093,92.4,11080,10.9339,1.52
1787726606.690,3094,88.4,11586,10.9387,1.52
1787726606.779,3095,88.1,11623,10.9502,1.52
1787726606.851,3096,71.3,14371,10.9451,1.52
1787726606.908,3097,56.7,18062,10.9176,1.52
1787726606.966,3098,57.6,17765,10.9221,1.52
1787726607.026,3099,59.5,17222,10.9412,1.52
1787726607.086,3100,59.8,17121,10.9199,1.52
1787726607.154,3101,67.1,15252,10.9509,1.52
1787726607.211,3102,57.3,17860,10.9481,1.52
1787726607.272,3103,59.9,17101,10.9766,1.52
1787726607.331,3104,59.3,17263,10.9739,1.52
1787726607.398,3105,66.7,15357,10.9379,1.52
1787726607.455,3106,56.4,18164,10.9269,1.52
1787726607.512,3107,56.3,18178,10.9395,1.52
1787726607.569,3108,56.3,18200,10.9441,1.52
1787726607.627,3109,58.1,17627,10.9522,1.52
1787726607.687,3110,59.0,17365,10.9454,1.52
1787726607.747,3111,60.2,17001,10.9175,1.52
1787726607.817,3112,69.5,14728,10.9407,1.52
1787726607.874,3113,56.4,18154,10.9592,1.52
1787726607.933,3114,58.7,17443,10.9099,1.52
1787726607.993,3115,59.5,17197,10.9483,1.52
1787726608.053,3116,59.6,17171,10.9694,1.52
1787726608.122,3117,68.0,15057,10.9366,1.52
1787726608.179,3118,56.8,18023,10.9391,1.52
1787726608.239,3119,59.7,17166,10.9612,1.52
1787726608.299,3120,59.6,17173,10.9328,1.52
1787726608.369,3121,70.3,14563,10.9517,1.52
1787726608.429,3122,59.5,17204,10.9452,1.52
1787726608.489,3123,59.7,17148,10.9430,1.52
1787726608.568,3124,78.5,13046,10.9286,1.52
1787726608.667,3125,98.9,10350,10.9657,1.52
1787726608.767,3126,99.3,10307,10.9787,1.52
1787726608.864,3127,96.8,10580,10.9299,1.52
1787726608.963,3128,99.2,10322,10.9549,1.52
1787726609.062,3129,98.2,10431,10.9606,1.52
1787726609.150,3130,87.9,11648,10.9461,1.52
1787726609.208,3131,56.6,18086,10.9372,1.52
1787726609.265,3132,57.2,17898,10.9577,1.52
1787726609.325,3133,59.3,17274,10.9626,1.52
1787726609.384,3134,59.1,17318,10.9643,1.52
1787726609.443,3135,57.7,17740,10.9564,1.52
1787726609.499,3136,56.2,18210,10.9744,1.52
1787726609.563,3137,63.9,16030,10.9310,1.52
1787726609.665,3138,101.0,10137,10.9268,1.52
1787726609.765,3139,99.7,10275,10.9311,1.52
1787726609.864,3140,99.4,10301,10.9376,1.52
1787726609.950,3141,85.3,12008,10.9299,1.52
1787726610.007,3142,56.5,18139,10.9487,1.52
1787726610.065,3143,58.2,17604,10.9452,1.52
1787726610.124,3144,58.7,17455,10.9616,1.52
1787726610.185,3145,59.6,17169,10.9456,1.52
1787726610.254,3146,68.8,14875,10.9701,1.52
1787726610.311,3147,56.4,18171,10.9407,1.52
1787726610.368,3148,57.3,17886,10.9675,1.52
1787726610.428,3149,59.1,17326,10.9405,1.52
1787726610.488,3150,59.6,17181,10.9206,1.52
1787726610.557,3151,68.5,14957,10.9250,1.52
1787726610.616,3152,59.3,17266,10.9545,1.52
1787726610.676,3153,59.6,17182,10.9432,1.52
1787726610.764,3154,87.3,11734,10.9447,1.52
1787726610.864,3155,100.1,10230,10.9408,1.52
1787726610.963,3156,98.6,10390,10.9366,1.52
1787726611.065,3157,101.7,10073,10.9542,1.52
1787726611.165,3158,100.5,10190,10.9538,1.52
1787726611.264,3159,98.3,10416,10.9628,1.52
1787726611.348,3160,83.8,12227,10.9653,1.52
1787726611.408,3161,59.4,17235,10.9504,1.52
1787726611.468,3162,59.4,17248,10.9540,1.52
1787726611.535,3163,67.5,15166,10.9595,1.52
1787726611.592,3164,56.2,18224,10.9362,1.52
1787726611.651,3165,58.6,17462,10.9430,1.52
1787726611.711,3166,59.6,17194,10.9672,1.52
1787726611.786,3167,74.4,13758,10.9331,1.52
1787726611.887,3168,100.7,10174,10.9276,1.52
1787726611.986,3169,99.7,10270,10.9275,1.52
1787726612.087,3170,99.9,10246,10.9570,1.52
1787726612.187,3171,100.7,10171,10.9311,1.52
1787726612.286,3172,98.8,10368,10.9267,1.52
1787726612.382,3173,95.1,10773,10.9463,1.52
1787726612.442,3174,59.6,17190,10.9624,1.52
1787726612.501,3175,59.5,17216,10.9377,1.52
1787726612.572,3176,70.6,14509,10.9670,1.52
1787726612.633,3177,59.7,17138,10.9500,1.52
1787726612.693,3178,59.5,17198,10.9397,1.52
1787726612.762,3179,69.1,14822,10.9181,1.52
1787726612.821,3180,59.2,17294,10.9422,1.52
1787726612.882,3181,59.7,17151,10.9465,1.52
1787726612.965,3182,82.7,12375,10.9226,1.52
1787726613.048,3183,82.3,12435,10.9790,1.52
1787726613.107,3184,59.1,17339,10.9415,1.52
1787726613.167,3185,59.1,17329,10.9523,1.52
1787726613.242,3186,75.3,13606,10.9301,1.52
1787726613.338,3187,95.1,10772,10.9654,1.52
1787726613.434,3188,95.9,10676,10.9680,1.52
1787726613.530,3189,95.7,10695,10.9502,1.52
1787726613.621,3190,90.3,11339,10.9377,1.52
1787726613.678,3191,56.3,18185,10.9603,1.52
1787726613.736,3192,58.1,17619,10.9678,1.52
1787726613.796,3193,59.8,17138,10.9262,1.52
1787726613.857,3194,60.4,16956,10.9445,1.52
1787726613.929,3195,71.4,14346,10.9371,1.52
1787726613.985,3196,56.2,18219,10.9604,1.52
1787726614.045,3197,59.4,17248,10.9501,1.52
1787726614.105,3198,59.1,17324,10.9409,1.52
1787726614.174,3199,69.4,14745,10.9760,1.52
1787726614.274,3200,98.8,10363,10.9792,1.52
1787726614.334,3201,59.4,17225,10.9474,1.52
1787726614.392,3202,57.6,17787,10.9224,1.52
1787726614.451,3203,59.5,17221,10.9172,1.52
1787726614.511,3204,59.5,17210,10.9473,1.52
1787726614.591,3205,79.4,12898,10.9431,1.52
1787726614.692,3206,100.7,10167,10.9241,1.52
1787726614.793,3207,100.7,10170,10.9481,1.52
1787726614.893,3208,99.9,10249,10.9645,1.52
1787726614.961,3209,67.8,15105,10.9436,1.52
1787726615.017,3210,56.3,18196,10.9600,1.52
1787726615.077,3211,58.9,17384,10.9629,1.52
1787726615.136,3212,59.5,17207,10.9540,1.52
1787726615.212,3213,75.3,13591,10.9258,1.52
1787726615.271,3214,58.6,17476,10.9486,1.52
1787726615.333,3215,61.2,16732,10.9449,1.52
1787726615.395,3216,61.4,16667,10.9505,1.52
1787726615.491,3217,96.5,10610,10.9392,1.52
1787726615.570,3218,77.8,13161,10.9551,1.52
1787726615.626,3219,56.2,18218,10.9660,1.52
1787726615.686,3220,59.4,17240,10.9615,1.52
1787726615.746,3221,59.7,17164,10.9470,1.52
1787726615.824,3222,77.4,13233,10.9722,1.52
1787726615.925,3223,101.0,10142,10.9449,1.52
1787726616.026,3224,100.5,10193,10.9408,1.52
1787726616.126,3225,100.2,10225,10.9300,1.52
1787726616.227,3226,100.4,10202,10.9502,1.52
1787726616.319,3227,91.9,11143,10.9387,1.52
1787726616.378,3228,59.4,17243,10.9396,1.52
1787726616.439,3229,59.8,17124,10.9279,1.52
1787726616.518,3230,79.5,12886,10.9563,1.52
1787726616.618,3231,99.1,10334,10.9857,1.52
1787726616.688,3232,70.3,14574,10.9818,1.52
1787726616.748,3233,59.6,17193,10.9390,1.52
1787726616.819,3234,69.8,14675,10.9461,1.52
1787726616.918,3235,99.1,10329,10.9361,1.52
1787726617.019,3236,100.6,10176,10.9195,1.52
1787726617.120,3237,100.5,10190,10.9702,1.52
1787726617.221,3238,101.1,10125,10.9459,1.52
1787726617.318,3239,97.0,10560,10.9612,1.52
1787726617.412,3240,94.1,10884,10.9518,1.52
1787726617.505,3241,93.1,10996,10.9504,1.52
1787726617.596,3242,90.1,11366,10.9308,1.52
1787726617.681,3243,84.6,12101,10.9442,1.52
1787726617.740,3244,59.3,17260,10.9153,1.52
1787726617.800,3245,59.5,17216,10.9536,1.52
1787726617.877,3246,76.2,13434,10.9499,1.52
1787726617.972,3247,94.8,10805,10.9042,1.52
1787726618.064,3248,91.9,11148,10.9496,1.52
1787726618.152,3249,88.6,11563,10.9474,1.52
1787726618.240,3250,87.2,11744,10.9489,1.52
1787726618.327,3251,86.9,11781,10.9451,1.52
1787726618.425,3252,98.0,10450,10.9418,1.52
1787726618.528,3253,103.0,9942,10.9711,1.52
1787726618.629,3254,100.8,10157,10.9260,1.52
1787726618.731,3255,101.7,10070,10.9405,1.52
1787726618.832,3256,100.7,10170,10.9352,1.52
1787726618.931,3257,99.2,10326,10.9684,1.52
1787726619.045,3258,114.3,8962,10.9531,1.52
1787726619.163,3259,117.4,8719,10.9455,1.52
1787726619.279,3260,116.4,8801,10.9587,1.52
1787726619.395,3261,115.4,8875,10.9556,1.52
1787726619.492,3262,96.8,10583,10.9455,1.52
1787726619.547,3263,55.5,18450,10.9386,1.52
