ts,step,dt_ms,tok_per_s,loss,peak_gib
1787726667.532,1,186.3,5497,12.2187,1.50
1787726667.552,2,19.3,53049,12.2796,1.52
1787726667.571,3,18.6,54953,12.1958,1.52
1787726667.590,4,18.7,54757,12.1576,1.52
1787726667.610,5,20.1,51013,12.0547,1.52
1787726667.632,6,21.7,47117,12.2075,1.52
1787726667.701,7,68.6,14927,11.9828,1.52
1787726667.772,8,70.7,14493,12.0901,1.52
1787726667.801,9,29.2,35015,11.9046,1.52
1787726667.833,10,31.5,32520,11.8235,1.52
1787726667.905,11,72.0,14221,11.8538,1.52
1787726667.978,12,71.9,14244,11.7400,1.52
1787726668.009,13,31.1,32933,11.7300,1.52
1787726668.056,14,46.4,22050,11.6870,1.52
1787726668.133,15,76.7,13342,11.5807,1.52
1787726668.197,16,63.8,16051,11.5413,1.52
1787726668.221,17,24.2,42340,11.5558,1.52
1787726668.280,18,59.3,17272,11.5419,1.52
1787726668.315,19,34.2,29945,11.5084,1.52
1787726668.334,20,19.0,53948,11.4321,1.52
1787726668.353,21,18.9,54216,11.3985,1.52
1787726668.372,22,18.9,54218,11.4162,1.52
1787726668.391,23,18.9,54254,11.4068,1.52
1787726668.410,24,18.9,54275,11.3738,1.52
1787726668.429,25,18.9,54240,11.3837,1.52
1787726668.448,26,18.9,54241,11.2742,1.52
1787726668.467,27,18.9,54307,11.2768,1.52
1787726668.486,28,18.9,54277,11.3107,1.52
1787726668.505,29,18.9,54234,11.2417,1.52
1787726668.524,30,18.9,54261,11.2225,1.52
1787726668.543,31,18.8,54338,11.2013,1.52
1787726668.562,32,18.9,54152,11.1692,1.52
1787726668.581,33,18.9,54219,11.1621,1.52
1787726668.600,34,18.9,54253,11.1685,1.52
1787726668.619,35,18.9,54303,11.1461,1.52
1787726668.638,36,18.9,54275,11.0831,1.52
1787726668.657,37,18.9,54321,11.1530,1.52
1787726668.676,38,18.9,54281,11.1619,1.52
1787726668.695,39,18.9,54279,11.0910,1.52
1787726668.714,40,18.9,54262,11.1457,1.52
1787726668.733,41,18.9,54262,11.1397,1.52
1787726668.752,42,18.9,54275,11.0904,1.52
1787726668.771,43,18.9,54286,11.0969,1.52
1787726668.790,44,18.9,54285,11.1146,1.52
1787726668.809,45,18.9,54236,11.1106,1.52
1787726668.828,46,18.9,54294,11.0739,1.52
1787726668.847,47,18.9,54296,11.0358,1.52
1787726668.866,48,18.9,54244,11.0730,1.52
1787726668.885,49,18.8,54358,11.0436,1.52
1787726668.904,50,18.9,54319,11.0540,1.52
1787726668.922,51,18.9,54270,11.0716,1.52
1787726668.941,52,18.9,54306,11.0806,1.52
1787726668.960,53,18.9,54246,11.0420,1.52
1787726668.979,54,18.9,54244,11.0324,1.52
1787726668.998,55,18.9,54228,11.0471,1.52
1787726669.017,56,18.9,54204,11.0550,1.52
1787726669.036,57,18.9,54225,11.0120,1.52
1787726669.055,58,18.9,54310,11.0745,1.52
1787726669.074,59,18.9,54215,11.0366,1.52
1787726669.093,60,18.9,54244,11.0134,1.52
1787726669.112,61,18.9,54231,11.0306,1.52
1787726669.131,62,18.9,54275,11.0192,1.52
1787726669.150,63,18.9,54230,11.0269,1.52
1787726669.169,64,18.9,54269,11.0582,1.52
1787726669.188,65,18.9,54262,10.9823,1.52
1787726669.207,66,18.9,54240,11.0430,1.52
1787726669.226,67,18.9,54288,11.0072,1.52
1787726669.245,68,18.9,54233,11.0294,1.52
1787726669.264,69,18.9,54212,11.0046,1.52
1787726669.283,70,18.8,54329,10.9850,1.52
1787726669.302,71,18.9,54223,11.0261,1.52
1787726669.321,72,18.9,54268,11.0033,1.52
1787726669.340,73,18.9,54309,10.9696,1.52
1787726669.359,74,18.9,54153,10.9938,1.52
1787726669.378,75,18.8,54339,11.0079,1.52
1787726669.397,76,18.9,54229,10.9981,1.52
1787726669.416,77,18.9,54216,10.9645,1.52
1787726669.435,78,18.9,54253,11.0170,1.52
1787726669.454,79,18.9,54177,11.0078,1.52
1787726669.473,80,18.9,54210,10.9893,1.52
1787726669.492,81,18.9,54218,11.0040,1.52
1787726669.511,82,18.9,54163,11.0184,1.52
1787726669.530,83,18.9,54233,10.9882,1.52
1787726669.549,84,18.9,54262,11.0152,1.52
1787726669.568,85,18.9,54246,11.0095,1.52
1787726669.588,86,19.5,52524,10.9684,1.52
1787726669.608,87,19.6,52222,10.9746,1.52
1787726669.628,88,19.4,52697,10.9587,1.52
1787726669.648,89,19.7,51904,10.9984,1.52
1787726669.667,90,19.6,52345,10.9931,1.52
1787726669.687,91,19.4,52727,10.9659,1.52
1787726669.707,92,19.4,52673,10.9899,1.52
1787726669.727,93,19.6,52189,11.0036,1.52
1787726669.747,94,19.5,52501,10.9623,1.52
1787726669.767,95,19.8,51806,10.9836,1.52
1787726669.786,96,19.3,53104,10.9674,1.52
1787726669.805,97,18.9,54119,10.9712,1.52
1787726669.824,98,18.9,54235,10.9689,1.52
1787726669.843,99,18.9,54217,10.9760,1.52
1787726669.862,100,18.9,54232,10.9845,1.52
1787726669.881,101,18.9,54216,10.9722,1.52
1787726669.900,102,18.9,54225,10.9672,1.52
1787726669.919,103,18.9,54209,10.9925,1.52
1787726669.938,104,18.9,54218,10.9856,1.52
1787726669.957,105,18.9,54268,10.9720,1.52
1787726669.976,106,18.9,54243,10.9765,1.52
1787726669.995,107,18.9,54292,10.9801,1.52
1787726670.014,108,18.9,54241,10.9828,1.52
1787726670.033,109,18.9,54254,10.9604,1.52
1787726670.052,110,18.9,54216,10.9855,1.52
1787726670.071,111,18.8,54333,10.9752,1.52
1787726670.090,112,18.9,54292,11.0135,1.52
1787726670.109,113,18.9,54264,10.9989,1.52
1787726670.128,114,18.9,54193,10.9948,1.52
1787726670.147,115,18.9,54317,11.0357,1.52
1787726670.166,116,18.9,54225,11.0150,1.52
1787726670.185,117,18.9,54281,11.0192,1.52
1787726670.204,118,18.9,54216,11.0295,1.52
1787726670.223,119,18.9,54284,10.9681,1.52
1787726670.242,120,18.9,54299,10.9715,1.52
1787726670.261,121,18.9,54229,10.9955,1.52
1787726670.280,122,18.8,54336,11.0036,1.52
1787726670.299,123,18.9,54233,10.9753,1.52
1787726670.318,124,18.9,54253,10.9729,1.52
1787726670.337,125,18.9,54252,10.9972,1.52
1787726670.356,126,18.9,54225,10.9833,1.52
1787726670.375,127,18.9,54244,10.9907,1.52
1787726670.394,128,18.9,54257,10.9902,1.52
1787726670.413,129,18.9,54257,11.0093,1.52
1787726670.432,130,18.8,54347,10.9896,1.52
1787726670.451,131,18.9,54223,10.9781,1.52
1787726670.470,132,18.9,54311,10.9634,1.52
1787726670.489,133,18.9,54270,11.0101,1.52
1787726670.508,134,18.9,54255,11.0136,1.52
1787726670.527,135,18.9,54319,10.9927,1.52
1787726670.546,136,18.9,54300,10.9899,1.52
1787726670.565,137,18.9,54264,10.9944,1.52
1787726670.584,138,18.9,54264,10.9745,1.52
1787726670.603,139,18.9,54268,11.0009,1.52
1787726670.622,140,18.9,54292,11.0105,1.52
1787726670.641,141,18.9,54287,11.0417,1.52
1787726670.660,142,18.9,54226,10.9792,1.52
1787726670.679,143,18.9,54063,11.0196,1.52
1787726670.698,144,18.9,54300,10.9701,1.52
1787726670.717,145,18.9,54314,11.0107,1.52
1787726670.736,146,18.9,54220,10.9831,1.52
1787726670.755,147,18.9,54253,11.0217,1.52
1787726670.774,148,18.9,54260,11.0149,1.52
1787726670.793,149,18.9,54239,11.0037,1.52
1787726670.812,150,18.9,54292,11.0151,1.52
1787726670.832,151,19.7,52007,11.0114,1.52
1787726670.852,152,19.8,51617,11.0283,1.52
1787726670.872,153,19.7,52019,10.9961,1.52
1787726670.892,154,19.8,51639,10.9786,1.52
1787726670.912,155,19.7,52099,11.0091,1.52
1787726670.931,156,19.2,53421,11.0532,1.52
1787726670.952,157,19.9,51445,11.0324,1.52
1787726670.972,158,20.2,50597,11.0008,1.52
1787726670.993,159,20.3,50519,11.0103,1.52
1787726671.014,160,20.4,50245,10.9914,1.52
1787726671.035,161,21.0,48762,11.0199,1.52
1787726671.056,162,20.8,49155,11.0090,1.52
1787726671.078,163,21.4,47806,10.9842,1.52
1787726671.100,164,21.5,47569,11.0043,1.52
1787726671.122,165,21.5,47599,11.0323,1.52
1787726671.144,166,21.7,47292,10.9717,1.52
1787726671.165,167,21.4,47875,10.9995,1.52
1787726671.187,168,21.2,48301,11.0207,1.52
1787726671.208,169,21.2,48376,11.0318,1.52
1787726671.247,170,38.4,26675,10.9820,1.52
1787726671.307,171,59.6,17194,10.9833,1.52
1787726671.331,172,23.7,43204,10.9933,1.52
1787726671.351,173,19.5,52406,11.0095,1.52
1787726671.371,174,20.0,51140,11.0253,1.52
1787726671.391,175,19.4,52894,10.9955,1.52
1787726671.410,176,19.4,52860,11.0291,1.52
1787726671.430,177,19.4,52792,10.9976,1.52
1787726671.450,178,19.5,52594,10.9688,1.52
1787726671.469,179,19.2,53378,11.0002,1.52
1787726671.489,180,19.3,52992,11.0214,1.52
1787726671.508,181,19.3,53018,11.0139,1.52
1787726671.528,182,19.7,52094,10.9714,1.52
1787726671.548,183,19.4,52748,10.9900,1.52
1787726671.567,184,19.3,53180,11.0055,1.52
1787726671.587,185,19.3,53161,10.9679,1.52
1787726671.606,186,19.2,53331,10.9920,1.52
1787726671.626,187,19.5,52502,11.0324,1.52
1787726671.646,188,19.8,51696,10.9890,1.52
1787726671.666,189,19.8,51784,10.9971,1.52
1787726671.686,190,19.4,52770,10.9947,1.52
1787726671.705,191,19.1,53610,11.0055,1.52
1787726671.724,192,18.9,54170,11.0320,1.52
1787726671.743,193,18.9,54263,11.0019,1.52
1787726671.762,194,18.9,54228,11.0153,1.52
1787726671.781,195,18.9,54243,10.9922,1.52
1787726671.800,196,18.9,54273,10.9557,1.52
1787726671.819,197,18.9,54270,10.9897,1.52
1787726671.838,198,18.9,54316,10.9786,1.52
1787726671.857,199,18.9,54264,10.9866,1.52
1787726671.876,200,18.8,54354,10.9997,1.52
1787726671.895,201,18.9,54269,10.9812,1.52
1787726671.914,202,18.9,54233,10.9573,1.52
1787726671.933,203,18.9,54296,11.0022,1.52
1787726671.952,204,18.8,54324,10.9657,1.52
1787726671.971,205,18.9,54288,10.9877,1.52
1787726671.990,206,18.9,54307,10.9819,1.52
1787726672.009,207,18.9,54308,10.9603,1.52
1787726672.028,208,18.9,54266,11.0115,1.52
1787726672.047,209,18.9,54289,10.9882,1.52
1787726672.066,210,18.9,54232,10.9745,1.52
1787726672.085,211,18.9,54187,11.0130,1.52
1787726672.104,212,18.9,54294,11.0067,1.52
1787726672.123,213,18.9,54209,11.0034,1.52
1787726672.142,214,18.9,54252,10.9947,1.52
1787726672.161,215,18.9,54295,11.0083,1.52
1787726672.180,216,18.9,54282,10.9795,1.52
1787726672.199,217,18.9,54234,10.9741,1.52
1787726672.218,218,18.9,54249,10.9906,1.52
1787726672.237,219,18.9,54279,11.0174,1.52
1787726672.256,220,18.9,54252,10.9724,1.52
1787726672.275,221,18.9,54284,10.9990,1.52
1787726672.296,222,20.9,48917,11.0186,1.52
1787726672.317,223,20.2,50603,10.9948,1.52
1787726672.337,224,19.9,51407,10.9708,1.52
1787726672.357,225,19.4,52808,10.9952,1.52
1787726672.377,226,19.6,52341,10.9907,1.52
1787726672.397,227,20.3,50509,10.9954,1.52
1787726672.419,228,21.4,47788,11.0142,1.52
1787726672.441,229,21.6,47498,10.9818,1.52
1787726672.463,230,21.6,47299,11.0178,1.52
1787726672.485,231,21.4,47742,10.9905,1.52
1787726672.507,232,21.5,47681,11.0066,1.52
1787726672.529,233,21.9,46703,10.9510,1.52
1787726672.550,234,21.5,47709,10.9489,1.52
1787726672.573,235,21.9,46839,10.9793,1.52
1787726672.600,236,27.6,37101,11.0015,1.52
1787726672.621,237,20.3,50339,10.9930,1.52
1787726672.642,238,20.7,49473,11.0130,1.52
1787726672.663,239,20.3,50429,10.9779,1.52
1787726672.684,240,20.3,50530,11.0096,1.52
1787726672.704,241,19.8,51792,11.0267,1.52
1787726672.725,242,21.1,48535,10.9675,1.52
1787726672.748,243,21.9,46745,10.9644,1.52
1787726672.770,244,21.7,47271,10.9762,1.52
1787726672.791,245,20.9,48923,10.9707,1.52
1787726672.812,246,21.2,48271,10.9998,1.52
1787726672.834,247,21.1,48574,10.9845,1.52
1787726672.855,248,21.3,48093,10.9966,1.52
1787726672.876,249,20.4,50274,10.9963,1.52
1787726672.895,250,18.9,54075,10.9907,1.52
1787726672.914,251,18.9,54242,10.9588,1.52
1787726672.933,252,19.4,52880,11.0081,1.52
1787726672.955,253,21.1,48586,10.9899,1.52
1787726672.976,254,21.3,48075,10.9737,1.52
1787726672.997,255,21.3,48124,10.9726,1.52
1787726673.030,256,32.7,31334,10.9874,1.52
1787726673.105,257,74.3,13776,10.9599,1.52
1787726673.181,258,76.3,13428,11.0178,1.52
1787726673.210,259,28.6,35746,10.9800,1.52
1787726673.251,260,40.5,25275,10.9973,1.52
1787726673.305,261,54.3,18844,10.9821,1.52
1787726673.338,262,32.3,31738,10.9556,1.52
1787726673.380,263,41.4,24743,11.0095,1.52
1787726673.419,264,39.2,26104,10.9822,1.52
1787726673.438,265,18.9,54047,10.9770,1.52
1787726673.457,266,18.9,54048,11.0173,1.52
1787726673.476,267,18.9,54264,10.9885,1.52
1787726673.495,268,18.9,54210,10.9950,1.52
1787726673.514,269,18.9,54192,10.9853,1.52
1787726673.533,270,18.9,54251,10.9684,1.52
1787726673.552,271,18.9,54154,10.9757,1.52
1787726673.571,272,18.9,54279,11.0184,1.52
1787726673.590,273,18.9,54242,10.9936,1.52
1787726673.609,274,18.9,54169,11.0143,1.52
1787726673.628,275,18.9,54269,10.9698,1.52
1787726673.647,276,18.9,54210,10.9919,1.52
1787726673.666,277,18.9,54239,10.9604,1.52
1787726673.685,278,18.9,54044,10.9842,1.52
1787726673.704,279,18.9,54211,10.9700,1.52
1787726673.723,280,18.9,54213,10.9924,1.52
1787726673.742,281,18.9,54214,10.9796,1.52
1787726673.761,282,18.9,54226,10.9997,1.52
1787726673.780,283,18.9,54302,10.9951,1.52
1787726673.799,284,18.9,54211,10.9867,1.52
1787726673.818,285,18.9,54194,11.0198,1.52
1787726673.837,286,18.9,54186,10.9937,1.52
1787726673.856,287,18.9,54196,10.9896,1.52
1787726673.875,288,18.9,54289,10.9680,1.52
1787726673.894,289,18.9,54231,10.9900,1.52
1787726673.913,290,18.9,54212,10.9987,1.52
1787726673.932,291,18.9,54279,10.9415,1.52
1787726673.951,292,18.9,54202,10.9695,1.52
1787726673.994,293,42.8,23940,11.0161,1.52
1787726674.062,294,67.4,15203,11.0057,1.52
1787726674.119,295,56.9,17998,11.0102,1.52
1787726674.144,296,24.7,41379,10.9808,1.52
1787726674.202,297,57.3,17881,10.9736,1.52
1787726674.275,298,72.5,14122,10.9666,1.52
1787726674.327,299,51.8,19751,10.9494,1.52
1787726674.352,300,24.8,41322,10.9399,1.52
1787726674.422,301,70.1,14615,10.9804,1.52
1787726674.502,302,79.1,12948,10.9814,1.52
1787726674.547,303,45.1,22709,10.9991,1.52
1787726674.574,304,26.5,38623,10.9799,1.52
1787726674.624,305,49.6,20635,11.0047,1.52
1787726674.673,306,48.6,21049,10.9421,1.52
1787726674.692,307,19.1,53543,11.0048,1.52
1787726674.711,308,18.9,54198,10.9262,1.52
1787726674.730,309,18.9,54254,11.0023,1.52
1787726674.749,310,18.9,54295,10.9876,1.52
1787726674.768,311,18.9,54296,10.9988,1.52
1787726674.787,312,18.9,54238,10.9943,1.52
1787726674.806,313,18.9,54249,10.9880,1.52
1787726674.825,314,18.9,54254,11.0042,1.52
1787726674.844,315,18.9,54304,10.9723,1.52
1787726674.863,316,18.9,54247,11.0066,1.52
1787726674.882,317,18.9,54286,11.0020,1.52
1787726674.901,318,18.9,54247,10.9721,1.52
1787726674.920,319,18.9,54292,10.9791,1.52
1787726674.939,320,18.9,54214,10.9871,1.52
1787726674.958,321,18.9,54267,10.9864,1.52
1787726674.977,322,18.9,54239,10.9777,1.52
1787726674.996,323,18.9,54277,10.9626,1.52
1787726675.015,324,18.9,54255,10.9700,1.52
1787726675.034,325,18.9,54305,10.9754,1.52
1787726675.053,326,18.9,54235,10.9482,1.52
1787726675.072,327,18.9,54239,10.9830,1.52
1787726675.091,328,18.9,54213,10.9746,1.52
1787726675.110,329,18.9,54307,10.9700,1.52
1787726675.129,330,18.9,54299,10.9633,1.52
1787726675.148,331,18.9,54262,11.0015,1.52
1787726675.167,332,18.9,54251,10.9568,1.52
1787726675.186,333,18.9,54263,10.9769,1.52
1787726675.205,334,18.9,54271,10.9820,1.52
1787726675.224,335,18.9,54262,10.9767,1.52
1787726675.242,336,18.9,54316,10.9556,1.52
1787726675.261,337,18.9,54186,10.9968,1.52
1787726675.280,338,18.9,54295,10.9716,1.52
1787726675.299,339,18.9,54253,11.0082,1.52
1787726675.339,340,39.3,26043,10.9781,1.52
1787726675.407,341,67.3,15211,11.0073,1.52
1787726675.468,342,61.1,16770,11.0009,1.52
1787726675.494,343,24.8,41315,10.9724,1.52
1787726675.552,344,58.0,17662,11.0015,1.52
1787726675.624,345,72.1,14197,11.0041,1.52
1787726675.676,346,51.4,19935,10.9669,1.52
1787726675.701,347,24.7,41524,10.9736,1.52
1787726675.774,348,72.2,14181,10.9572,1.52
1787726675.850,349,76.3,13417,11.0009,1.52
1787726675.896,350,45.1,22687,11.0109,1.52
1787726675.922,351,26.4,38813,10.9788,1.52
1787726675.972,352,49.2,20823,10.9652,1.52
1787726676.021,353,49.3,20779,10.9530,1.52
1787726676.041,354,19.1,53696,10.9643,1.52
1787726676.059,355,18.9,54286,10.9604,1.52
1787726676.078,356,18.9,54280,10.9404,1.52
1787726676.097,357,18.9,54199,10.9799,1.52
1787726676.116,358,18.9,54303,10.9507,1.52
1787726676.135,359,18.9,54231,10.9824,1.52
1787726676.154,360,18.9,54295,10.9744,1.52
1787726676.173,361,18.9,54224,10.9795,1.52
1787726676.192,362,18.9,54273,10.9631,1.52
1787726676.211,363,18.8,54365,10.9663,1.52
1787726676.230,364,18.9,54319,10.9549,1.52
1787726676.249,365,18.9,54251,10.9755,1.52
1787726676.268,366,18.9,54275,10.9780,1.52
1787726676.287,367,18.9,54273,10.9698,1.52
1787726676.306,368,18.8,54343,10.9712,1.52
1787726676.325,369,18.9,54260,10.9735,1.52
1787726676.344,370,18.9,54238,10.9872,1.52
1787726676.363,371,18.9,54281,10.9689,1.52
1787726676.382,372,18.9,54287,10.9699,1.52
1787726676.401,373,18.9,54258,10.9911,1.52
1787726676.420,374,18.9,54279,10.9683,1.52
1787726676.439,375,18.9,54123,10.9625,1.52
1787726676.458,376,18.9,54179,10.9516,1.52
1787726676.477,377,18.9,54274,10.9683,1.52
1787726676.496,378,18.9,54308,10.9705,1.52
1787726676.515,379,18.9,54241,10.9743,1.52
1787726676.534,380,18.9,54248,10.9667,1.52
1787726676.553,381,18.8,54327,10.9919,1.52
1787726676.572,382,18.9,54256,10.9588,1.52
1787726676.591,383,18.9,54262,10.9951,1.52
1787726676.610,384,18.9,54231,10.9382,1.52
1787726676.629,385,18.9,54281,10.9882,1.52
1787726676.648,386,18.8,54324,10.9643,1.52
1787726676.667,387,18.9,54265,10.9784,1.52
1787726676.686,388,18.9,54077,10.9538,1.52
1787726676.705,389,18.8,54325,10.9430,1.52
1787726676.724,390,18.8,54381,10.9510,1.52
1787726676.743,391,18.9,54287,10.9499,1.52
1787726676.762,392,18.9,54221,10.9944,1.52
1787726676.781,393,18.9,54240,10.9773,1.52
1787726676.800,394,18.9,54290,10.9833,1.52
1787726676.822,395,21.5,47663,10.9876,1.52
1787726676.890,396,67.8,15098,10.9803,1.52
1787726676.957,397,67.0,15285,10.9776,1.52
1787726676.991,398,33.5,30534,10.9957,1.52
1787726677.036,399,44.7,22896,11.0092,1.52
1787726677.109,400,72.0,14228,10.9774,1.52
1787726677.174,401,65.0,15752,10.9451,1.52
1787726677.199,402,24.8,41353,10.9897,1.52
1787726677.252,403,52.4,19537,10.9946,1.52
1787726677.329,404,76.7,13348,10.9845,1.52
1787726677.392,405,62.0,16528,10.9630,1.52
1787726677.416,406,24.3,42119,10.9662,1.52
1787726677.447,407,31.2,32832,10.9816,1.52
1787726677.507,408,59.7,17157,10.9749,1.52
1787726677.539,409,31.4,32593,10.9484,1.52
1787726677.558,410,19.0,54015,10.9725,1.52
1787726677.577,411,18.9,54043,10.9891,1.52
1787726677.596,412,18.9,54205,10.9726,1.52
1787726677.615,413,18.9,54236,10.9718,1.52
1787726677.634,414,18.9,54277,10.9878,1.52
1787726677.653,415,18.9,54281,11.0104,1.52
1787726677.672,416,18.9,54278,10.9919,1.52
1787726677.691,417,18.9,54118,10.9734,1.52
1787726677.710,418,18.9,54215,10.9657,1.52
1787726677.729,419,18.9,54297,10.9697,1.52
1787726677.748,420,18.9,54308,10.9672,1.52
1787726677.767,421,18.9,54210,10.9836,1.52
1787726677.786,422,18.9,54258,10.9734,1.52
1787726677.805,423,18.9,54241,10.9865,1.52
1787726677.824,424,18.9,54205,10.9613,1.52
1787726677.843,425,18.9,54301,10.9726,1.52
1787726677.862,426,18.9,54310,10.9587,1.52
1787726677.881,427,18.9,54285,10.9480,1.52
1787726677.900,428,18.8,54330,10.9866,1.52
1787726677.919,429,18.9,54260,10.9953,1.52
1787726677.938,430,18.9,54280,10.9479,1.52
1787726677.957,431,18.9,54281,10.9650,1.52
1787726677.976,432,18.9,54273,10.9745,1.52
1787726677.995,433,18.9,54290,10.9746,1.52
1787726678.014,434,18.8,54333,10.9775,1.52
1787726678.033,435,18.9,54281,10.9828,1.52
1787726678.052,436,18.9,54291,10.9504,1.52
1787726678.071,437,18.9,54275,10.9688,1.52
1787726678.090,438,18.9,54273,10.9708,1.52
1787726678.109,439,18.9,54211,10.9573,1.52
1787726678.128,440,18.9,54308,10.9888,1.52
1787726678.147,441,18.9,54297,10.9694,1.52
1787726678.166,442,18.9,54281,10.9863,1.52
1787726678.185,443,18.9,54276,10.9811,1.52
1787726678.204,444,18.9,54277,10.9642,1.52
1787726678.223,445,18.8,54341,11.0047,1.52
1787726678.242,446,18.9,54272,10.9251,1.52
1787726678.261,447,18.9,54266,10.9441,1.52
1787726678.280,448,18.9,54254,10.9924,1.52
1787726678.299,449,18.9,54255,10.9791,1.52
1787726678.318,450,18.9,54317,10.9804,1.52
1787726678.336,451,18.9,54244,10.9831,1.52
1787726678.355,452,18.8,54341,10.9667,1.52
1787726678.374,453,18.9,54289,10.9859,1.52
1787726678.393,454,18.9,54207,10.9751,1.52
1787726678.412,455,18.9,54316,10.9729,1.52
1787726678.431,456,18.9,54223,10.9559,1.52
1787726678.450,457,18.9,54205,10.9897,1.52
1787726678.469,458,18.9,54223,10.9559,1.52
1787726678.488,459,18.9,54273,10.9474,1.52
1787726678.507,460,18.9,54228,10.9706,1.52
1787726678.526,461,18.9,54228,10.9699,1.52
1787726678.545,462,18.9,54244,10.9636,1.52
1787726678.564,463,18.9,54280,10.9665,1.52
1787726678.583,464,18.9,54137,10.9776,1.52
1787726678.602,465,18.9,54260,10.9766,1.52
1787726678.621,466,18.9,54241,10.9586,1.52
1787726678.640,467,18.9,54271,10.9587,1.52
1787726678.659,468,18.9,54206,10.9416,1.52
1787726678.678,469,18.9,54179,10.9879,1.52
1787726678.697,470,18.9,54298,10.9760,1.52
1787726678.716,471,18.9,54287,10.9774,1.52
1787726678.735,472,18.9,54277,10.9758,1.52
1787726678.754,473,18.9,54192,10.9679,1.52
1787726678.773,474,18.9,54281,10.9551,1.52
1787726678.792,475,18.9,54279,10.9861,1.52
1787726678.811,476,18.9,54226,10.9633,1.52
1787726678.830,477,18.9,54263,10.9668,1.52
1787726678.849,478,18.9,54233,10.9783,1.52
1787726678.868,479,18.9,54286,10.9912,1.52
1787726678.887,480,18.9,54226,10.9778,1.52
1787726678.906,481,18.9,54156,10.9704,1.52
1787726678.925,482,18.9,54230,10.9685,1.52
1787726678.944,483,18.9,54162,10.9724,1.52
1787726678.963,484,18.9,54298,10.9329,1.52
1787726678.982,485,18.9,54238,10.9716,1.52
1787726679.001,486,18.9,54235,10.9982,1.52
1787726679.020,487,18.9,54284,10.9794,1.52
1787726679.039,488,18.9,54229,10.9819,1.52
1787726679.058,489,18.9,54222,10.9494,1.52
1787726679.077,490,18.9,54270,10.9887,1.52
1787726679.096,491,18.9,54275,10.9763,1.52
1787726679.115,492,18.9,54283,10.9523,1.52
1787726679.134,493,18.9,54215,10.9795,1.52
1787726679.153,494,18.9,54241,10.9317,1.52
1787726679.172,495,18.9,54203,10.9615,1.52
1787726679.191,496,18.8,54333,10.9872,1.52
1787726679.210,497,18.9,54301,10.9606,1.52
1787726679.229,498,18.9,54319,11.0062,1.52
1787726679.248,499,18.9,54316,10.9643,1.52
1787726679.267,500,18.9,54254,10.9757,1.52
1787726679.286,501,18.8,54359,10.9430,1.52
1787726679.305,502,18.9,54270,10.9472,1.52
1787726679.324,503,18.9,54250,10.9476,1.52
1787726679.343,504,18.9,54287,10.9943,1.52
1787726679.362,505,18.9,54238,10.9597,1.52
1787726679.381,506,18.9,54273,10.9789,1.52
1787726679.400,507,18.9,54284,10.9816,1.52
1787726679.419,508,18.9,54238,10.9476,1.52
1787726679.438,509,18.9,54290,10.9575,1.52
1787726679.457,510,18.9,54244,10.9742,1.52
1787726679.476,511,18.9,54250,10.9763,1.52
1787726679.495,512,18.9,54273,10.9548,1.52
1787726679.514,513,18.9,54213,10.9706,1.52
1787726679.533,514,18.9,54307,10.9649,1.52
1787726679.552,515,18.9,54231,10.9783,1.52
1787726679.571,516,18.9,54222,10.9681,1.52
1787726679.590,517,18.9,54267,10.9778,1.52
1787726679.609,518,18.9,54301,10.9677,1.52
1787726679.628,519,18.9,54260,10.9697,1.52
1787726679.646,520,18.9,54297,10.9456,1.52
1787726679.666,521,18.9,54263,10.9636,1.52
1787726679.685,522,18.9,54041,10.9796,1.52
1787726679.704,523,18.9,54228,10.9750,1.52
1787726679.723,524,18.9,54267,10.9674,1.52
1787726679.742,525,18.9,54238,10.9579,1.52
1787726679.761,526,18.9,54243,10.9485,1.52
1787726679.780,527,18.9,54247,10.9880,1.52
1787726679.798,528,18.9,54286,10.9776,1.52
1787726679.817,529,18.9,54256,10.9973,1.52
1787726679.836,530,18.8,54334,10.9880,1.52
1787726679.855,531,18.9,54254,10.9594,1.52
1787726679.874,532,18.9,54279,10.9891,1.52
1787726679.893,533,18.9,54250,10.9504,1.52
1787726679.912,534,18.9,54262,10.9553,1.52
1787726679.931,535,18.9,54213,10.9681,1.52
1787726679.950,536,18.9,54288,10.9654,1.52
1787726679.969,537,18.9,54253,10.9451,1.52
1787726679.988,538,18.9,54244,10.9810,1.52
1787726680.007,539,18.9,54175,10.9768,1.52
1787726680.026,540,18.9,54163,10.9541,1.52
1787726680.045,541,18.9,54249,10.9448,1.52
1787726680.064,542,18.9,54288,10.9623,1.52
1787726680.083,543,18.9,54227,10.9491,1.52
1787726680.102,544,18.9,54233,10.9579,1.52
1787726680.121,545,18.9,54288,10.9922,1.52
1787726680.140,546,18.9,54246,10.9794,1.52
1787726680.159,547,18.9,54234,10.9621,1.52
1787726680.178,548,18.9,54195,10.9573,1.52
1787726680.197,549,18.9,54249,10.9719,1.52
1787726680.216,550,18.9,54240,11.0121,1.52
1787726680.235,551,18.9,54252,10.9620,1.52
1787726680.254,552,18.9,54256,10.9651,1.52
1787726680.273,553,18.9,54266,10.9663,1.52
1787726680.292,554,18.9,54256,10.9843,1.52
1787726680.311,555,18.9,54288,10.9432,1.52
1787726680.330,556,18.9,54253,10.9701,1.52
1787726680.349,557,18.9,54267,10.9571,1.52
1787726680.368,558,18.9,54288,10.9756,1.52
1787726680.387,559,18.6,55004,10.9451,1.52
1787726680.405,560,18.6,54997,10.9949,1.52
1787726680.424,561,18.6,54936,10.9684,1.52
1787726680.443,562,18.6,54934,10.9667,1.52
1787726680.462,563,18.6,54974,10.9892,1.52
1787726680.480,564,18.6,54940,10.9623,1.52
1787726680.499,565,18.6,54995,11.0019,1.52
1787726680.518,566,18.6,54985,10.9544,1.52
1787726680.537,567,18.6,54994,10.9606,1.52
1787726680.555,568,18.6,55026,10.9667,1.52
1787726680.574,569,18.6,54908,10.9481,1.52
1787726680.593,570,18.6,54953,10.9369,1.52
1787726680.612,571,18.6,54955,10.9611,1.52
1787726680.630,572,18.6,54931,10.9329,1.52
1787726680.649,573,18.6,54917,11.0027,1.52
1787726680.668,574,18.6,54971,10.9685,1.52
1787726680.687,575,18.7,54765,10.9923,1.52
1787726680.705,576,18.6,55019,10.9739,1.52
1787726680.724,577,18.6,54907,10.9627,1.52
1787726680.743,578,18.6,54978,10.9665,1.52
1787726680.762,579,18.6,55002,10.9821,1.52
1787726680.780,580,18.6,54924,10.9813,1.52
1787726680.799,581,18.6,54947,10.9656,1.52
1787726680.818,582,18.6,54935,10.9999,1.52
1787726680.837,583,18.6,54992,10.9724,1.52
1787726680.855,584,18.6,54945,10.9485,1.52
1787726680.874,585,18.6,54959,10.9683,1.52
1787726680.893,586,18.6,54957,10.9669,1.52
1787726680.912,587,18.6,55001,10.9628,1.52
1787726680.930,588,18.6,54980,10.9568,1.52
1787726680.949,589,18.6,55011,10.9680,1.52
1787726680.968,590,18.6,54990,10.9531,1.52
1787726680.987,591,18.6,54953,10.9610,1.52
1787726681.005,592,18.6,54949,10.9569,1.52
1787726681.024,593,18.7,54870,10.9311,1.52
1787726681.043,594,18.6,54934,10.9624,1.52
1787726681.062,595,18.6,54970,10.9668,1.52
1787726681.080,596,18.6,54921,10.9659,1.52
1787726681.099,597,18.6,54947,10.9954,1.52
1787726681.118,598,18.6,54950,10.9650,1.52
1787726681.137,599,18.6,54972,10.9907,1.52
1787726681.155,600,18.6,55000,10.9765,1.52
1787726681.174,601,18.7,54898,10.9499,1.52
1787726681.193,602,18.6,54953,10.9824,1.52
1787726681.212,603,18.6,55004,10.9790,1.52
1787726681.230,604,18.6,54953,10.9824,1.52
1787726681.249,605,18.6,54931,10.9715,1.52
1787726681.268,606,18.6,54989,10.9677,1.52
1787726681.287,607,18.6,55005,10.9774,1.52
1787726681.305,608,18.6,55016,10.9690,1.52
1787726681.324,609,18.6,54989,10.9689,1.52
1787726681.343,610,18.6,54954,10.9540,1.52
1787726681.362,611,18.6,54913,10.9463,1.52
1787726681.380,612,18.6,54976,10.9706,1.52
1787726681.399,613,18.6,54939,10.9905,1.52
1787726681.418,614,18.6,55026,10.9619,1.52
1787726681.437,615,18.6,54981,10.9695,1.52
1787726681.455,616,18.7,54885,10.9877,1.52
1787726681.474,617,19.0,53768,10.9659,1.52
1787726681.493,618,18.6,55002,10.9732,1.52
1787726681.512,619,18.6,54971,10.9520,1.52
1787726681.531,620,18.6,55003,10.9388,1.52
1787726681.549,621,18.6,54983,10.9562,1.52
1787726681.568,622,18.6,54995,10.9504,1.52
1787726681.587,623,18.6,54954,10.9622,1.52
1787726681.606,624,18.6,55011,10.9722,1.52
1787726681.624,625,18.6,55022,11.0076,1.52
1787726681.643,626,18.6,55002,10.9680,1.52
1787726681.662,627,18.6,55082,10.9605,1.52
1787726681.681,628,18.7,54825,10.9274,1.52
1787726681.699,629,18.6,55005,10.9530,1.52
1787726681.718,630,18.6,54950,10.9628,1.52
1787726681.737,631,18.6,55024,10.9579,1.52
1787726681.755,632,18.6,55038,10.9672,1.52
1787726681.774,633,18.6,55011,10.9433,1.52
1787726681.793,634,18.6,54957,10.9687,1.52
1787726681.812,635,18.6,54986,10.9335,1.52
1787726681.830,636,18.6,55011,10.9352,1.52
1787726681.849,637,18.6,54984,10.9835,1.52
1787726681.868,638,18.6,54988,10.9607,1.52
1787726681.887,639,18.6,54926,10.9524,1.52
1787726681.905,640,18.6,54978,10.9712,1.52
1787726681.924,641,18.6,55018,10.9523,1.52
1787726681.943,642,18.6,55054,10.9332,1.52
1787726681.962,643,18.6,54924,10.9650,1.52
1787726681.980,644,18.7,54867,10.9622,1.52
1787726681.999,645,18.6,54915,10.9674,1.52
1787726682.018,646,18.6,54990,10.9407,1.52
1787726682.037,647,18.6,55015,10.9884,1.52
1787726682.055,648,18.6,55009,10.9808,1.52
1787726682.074,649,18.6,54969,10.9613,1.52
1787726682.093,650,18.6,54974,10.9756,1.52
1787726682.112,651,18.6,54942,10.9392,1.52
1787726682.130,652,18.6,54957,10.9614,1.52
1787726682.149,653,18.6,54998,10.9510,1.52
1787726682.168,654,18.6,55002,10.9627,1.52
1787726682.186,655,18.6,55025,10.9760,1.52
1787726682.205,656,18.6,54989,10.9598,1.52
1787726682.224,657,18.6,54981,10.9453,1.52
1787726682.243,658,18.6,55000,10.9491,1.52
1787726682.261,659,18.6,55059,10.9741,1.52
1787726682.280,660,18.6,54977,10.9647,1.52
1787726682.299,661,18.6,54969,10.9625,1.52
1787726682.318,662,18.6,54979,10.9702,1.52
1787726682.336,663,18.6,54929,10.9619,1.52
1787726682.355,664,18.6,54964,10.9802,1.52
1787726682.374,665,18.6,54935,10.9769,1.52
1787726682.393,666,18.6,55016,10.9798,1.52
1787726682.411,667,18.6,55047,10.9504,1.52
1787726682.430,668,18.7,54893,10.9725,1.52
1787726682.449,669,18.7,54752,10.9689,1.52
1787726682.514,670,64.3,15920,10.9412,1.52
1787726682.581,671,67.0,15294,10.9608,1.52
1787726682.621,672,39.4,25969,10.9610,1.52
1787726682.658,673,37.4,27374,10.9648,1.52
1787726682.731,674,72.3,14159,10.9641,1.52
1787726682.804,675,72.0,14225,10.9690,1.52
1787726682.828,676,24.0,42623,10.9616,1.52
1787726682.879,677,50.4,20317,10.9739,1.52
1787726682.955,678,76.0,13469,10.9936,1.52
1787726683.022,679,66.3,15436,10.9931,1.52
1787726683.046,680,24.2,42373,10.9658,1.52
1787726683.076,681,29.4,34829,10.9553,1.52
1787726683.137,682,60.3,16994,10.9713,1.52
1787726683.170,683,33.2,30842,10.9562,1.52
1787726683.189,684,18.7,54879,10.9521,1.52
1787726683.208,685,18.7,54891,10.9478,1.52
1787726683.227,686,18.6,55022,10.9721,1.52
1787726683.245,687,18.6,54993,10.9261,1.52
1787726683.264,688,18.6,55004,10.9439,1.52
1787726683.283,689,18.6,55026,10.9785,1.52
1787726683.301,690,18.6,55026,10.9440,1.52
1787726683.320,691,18.6,54999,10.9616,1.52
1787726683.339,692,18.6,55002,10.9451,1.52
1787726683.358,693,18.6,54988,10.9385,1.52
1787726683.376,694,18.6,54997,10.9558,1.52
1787726683.395,695,18.6,55008,10.9644,1.52
1787726683.414,696,18.6,54968,10.9683,1.52
1787726683.433,697,18.6,54966,10.9771,1.52
1787726683.451,698,18.6,54914,10.9495,1.52
1787726683.470,699,18.6,55017,10.9536,1.52
1787726683.489,700,18.6,55009,10.9834,1.52
1787726683.508,701,18.6,54958,10.9580,1.52
1787726683.526,702,18.6,55023,10.9846,1.52
1787726683.545,703,18.6,54976,10.9656,1.52
1787726683.564,704,18.6,54994,10.9668,1.52
1787726683.582,705,18.6,55005,10.9599,1.52
1787726683.601,706,18.6,55031,10.9604,1.52
1787726683.620,707,18.6,55020,10.9573,1.52
1787726683.639,708,18.6,55045,10.9538,1.52
1787726683.657,709,18.6,55005,10.9886,1.52
1787726683.676,710,18.6,54995,10.9464,1.52
1787726683.695,711,18.6,54990,10.9887,1.52
1787726683.713,712,18.6,55014,10.9799,1.52
1787726683.732,713,18.6,54921,10.9500,1.52
1787726683.751,714,18.6,55048,10.9643,1.52
1787726683.770,715,18.6,54991,10.9560,1.52
1787726683.788,716,18.6,54991,10.9445,1.52
1787726683.807,717,18.6,54975,10.9457,1.52
1787726683.826,718,18.6,54999,10.9653,1.52
1787726683.845,719,18.6,55012,10.9408,1.52
1787726683.863,720,18.6,54947,10.9692,1.52
1787726683.882,721,18.6,54962,10.9607,1.52
1787726683.901,722,18.6,55015,10.9573,1.52
1787726683.920,723,18.6,54999,10.9362,1.52
1787726683.938,724,18.6,55018,10.9701,1.52
1787726683.957,725,18.6,54955,10.9727,1.52
1787726683.976,726,18.6,55031,10.9991,1.52
1787726683.994,727,18.6,55015,10.9516,1.52
1787726684.013,728,18.7,54898,10.9725,1.52
1787726684.032,729,18.6,54946,10.9715,1.52
1787726684.051,730,18.6,55016,10.9879,1.52
1787726684.069,731,18.6,54976,10.9659,1.52
1787726684.088,732,18.6,54931,10.9417,1.52
1787726684.107,733,18.6,54946,10.9419,1.52
1787726684.126,734,18.6,54990,10.9589,1.52
1787726684.144,735,18.6,55015,10.9612,1.52
1787726684.163,736,18.6,54938,10.9378,1.52
1787726684.182,737,18.6,54944,10.9489,1.52
1787726684.201,738,18.6,55029,10.9912,1.52
1787726684.219,739,18.6,55035,10.9427,1.52
1787726684.238,740,18.6,55023,10.9491,1.52
1787726684.257,741,18.6,54928,10.9438,1.52
1787726684.275,742,18.6,55016,10.9690,1.52
1787726684.294,743,18.6,55023,10.9335,1.52
1787726684.313,744,18.6,54965,10.9403,1.52
1787726684.332,745,18.6,54985,10.9650,1.52
1787726684.350,746,18.6,54998,10.9538,1.52
1787726684.369,747,18.6,54980,10.9703,1.52
1787726684.388,748,18.6,54983,10.9738,1.52
1787726684.407,749,18.6,54946,10.9665,1.52
1787726684.425,750,18.6,54976,10.9561,1.52
1787726684.444,751,18.6,54912,10.9740,1.52
1787726684.463,752,18.6,54969,10.9794,1.52
1787726684.482,753,18.6,54981,10.9489,1.52
1787726684.500,754,18.6,54966,10.9575,1.52
1787726684.519,755,18.6,54997,10.9716,1.52
1787726684.538,756,18.6,54978,10.9692,1.52
1787726684.556,757,18.6,54975,10.9269,1.52
1787726684.575,758,18.6,54926,10.9432,1.52
1787726684.594,759,18.6,55011,10.9531,1.52
1787726684.613,760,18.6,55011,10.9798,1.52
1787726684.631,761,18.6,55002,10.9436,1.52
1787726684.650,762,18.6,55031,10.9645,1.52
1787726684.669,763,18.6,54971,10.9709,1.52
1787726684.688,764,18.7,54809,10.9474,1.52
1787726684.706,765,18.6,54959,10.9485,1.52
1787726684.725,766,18.6,55011,10.9827,1.52
1787726684.744,767,18.6,54988,10.9635,1.52
1787726684.763,768,18.6,54952,10.9576,1.52
1787726684.781,769,18.6,54978,10.9607,1.52
1787726684.800,770,18.6,54990,10.9483,1.52
1787726684.819,771,18.6,54971,10.9409,1.52
1787726684.838,772,18.6,55062,10.9453,1.52
1787726684.856,773,18.6,54962,10.9531,1.52
1787726684.875,774,18.6,54934,10.9756,1.52
1787726684.894,775,18.6,54999,10.9706,1.52
1787726684.912,776,18.6,55047,10.9623,1.52
1787726684.931,777,18.6,55022,10.9518,1.52
1787726684.950,778,18.6,54975,10.9664,1.52
1787726684.969,779,18.6,55035,10.9729,1.52
1787726684.987,780,18.6,54932,10.9228,1.52
1787726685.006,781,18.6,54974,10.9482,1.52
1787726685.025,782,18.6,54924,10.9816,1.52
1787726685.044,783,18.6,54940,10.9338,1.52
1787726685.062,784,18.6,55021,10.9523,1.52
1787726685.081,785,18.6,54988,10.9806,1.52
1787726685.100,786,18.6,55007,10.9500,1.52
1787726685.119,787,18.6,54966,10.9688,1.52
1787726685.137,788,18.6,55004,10.9843,1.52
1787726685.156,789,18.6,54967,10.9536,1.52
1787726685.175,790,18.6,55004,10.9783,1.52
1787726685.193,791,18.6,55019,10.9440,1.52
1787726685.212,792,18.6,55029,10.9741,1.52
1787726685.231,793,18.6,54998,10.9736,1.52
1787726685.250,794,18.6,54979,10.9694,1.52
1787726685.268,795,18.6,55026,10.9730,1.52
1787726685.287,796,18.6,54998,10.9370,1.52
1787726685.306,797,18.6,54967,10.9593,1.52
1787726685.325,798,18.6,55031,10.9352,1.52
1787726685.343,799,18.6,54992,10.9516,1.52
1787726685.362,800,18.6,54961,10.9727,1.52
1787726685.381,801,18.6,54986,10.9579,1.52
1787726685.399,802,18.6,55019,10.9737,1.52
1787726685.418,803,18.6,54997,10.9635,1.52
1787726685.437,804,18.6,54980,10.9533,1.52
1787726685.456,805,18.6,54952,10.9657,1.52
1787726685.474,806,18.6,54988,10.9590,1.52
1787726685.493,807,18.6,54989,10.9738,1.52
1787726685.512,808,18.6,54925,10.9521,1.52
1787726685.531,809,18.6,54984,10.9622,1.52
1787726685.549,810,18.6,55028,10.9515,1.52
1787726685.568,811,18.6,54948,10.9317,1.52
1787726685.587,812,18.6,54924,10.9723,1.52
1787726685.606,813,18.6,54979,10.9749,1.52
1787726685.624,814,18.6,55009,10.9783,1.52
1787726685.643,815,18.6,54991,10.9508,1.52
1787726685.662,816,18.6,55015,10.9738,1.52
1787726685.681,817,18.7,54769,10.9649,1.52
1787726685.699,818,18.6,54972,10.9388,1.52
1787726685.718,819,18.6,55019,10.9515,1.52
1787726685.737,820,18.6,54929,10.9680,1.52
1787726685.756,821,18.6,54997,10.9879,1.52
1787726685.774,822,18.6,54980,10.9450,1.52
1787726685.793,823,18.6,54991,10.9428,1.52
1787726685.812,824,18.6,54936,10.9666,1.52
1787726685.830,825,18.6,55002,10.9831,1.52
1787726685.849,826,18.6,55008,10.9337,1.52
1787726685.868,827,18.6,54976,10.9728,1.52
1787726685.887,828,18.6,54932,10.9682,1.52
1787726685.905,829,18.6,54975,10.9410,1.52
1787726685.924,830,18.6,54945,10.9467,1.52
1787726685.943,831,18.6,54959,10.9532,1.52
1787726685.962,832,18.6,54986,10.9326,1.52
1787726685.980,833,18.6,54956,10.9262,1.52
1787726685.999,834,18.6,54969,10.9554,1.52
1787726686.018,835,18.6,54913,10.9565,1.52
1787726686.037,836,18.6,55019,10.9528,1.52
1787726686.055,837,18.6,55002,10.9905,1.52
1787726686.074,838,18.6,54937,11.0014,1.52
1787726686.093,839,18.6,55014,10.9421,1.52
1787726686.112,840,18.6,54940,10.9521,1.52
1787726686.130,841,18.6,55028,10.9898,1.52
1787726686.149,842,18.6,54990,10.9813,1.52
1787726686.168,843,18.6,55030,10.9315,1.52
1787726686.186,844,18.6,55035,10.9763,1.52
1787726686.205,845,18.6,54984,10.9830,1.52
1787726686.224,846,18.6,54966,10.9485,1.52
1787726686.243,847,18.6,55007,10.9675,1.52
1787726686.261,848,18.6,54960,10.9287,1.52
1787726686.280,849,18.6,54947,10.9718,1.52
1787726686.299,850,18.6,55019,10.9125,1.52
1787726686.318,851,18.6,54983,10.9479,1.52
1787726686.336,852,18.6,54978,10.9369,1.52
1787726686.355,853,18.6,54976,10.9189,1.52
1787726686.374,854,18.6,54997,10.9520,1.52
1787726686.393,855,18.6,54970,10.9620,1.52
1787726686.411,856,18.6,55031,10.9430,1.52
1787726686.430,857,18.6,54978,10.9481,1.52
1787726686.449,858,18.6,54913,10.9784,1.52
1787726686.467,859,18.6,54967,10.9891,1.52
1787726686.486,860,18.6,54971,10.9755,1.52
1787726686.505,861,18.6,54955,10.9458,1.52
1787726686.524,862,18.6,54995,10.9222,1.52
1787726686.542,863,18.6,55006,10.9660,1.52
1787726686.561,864,18.6,54966,10.9610,1.52
1787726686.580,865,18.6,54971,10.9357,1.52
1787726686.599,866,18.6,55015,10.9477,1.52
1787726686.617,867,18.6,55003,10.9448,1.52
1787726686.636,868,18.6,55008,10.9638,1.52
1787726686.655,869,18.6,55021,10.9820,1.52
1787726686.674,870,18.6,54961,10.9689,1.52
1787726686.692,871,18.7,54830,10.9361,1.52
1787726686.711,872,18.6,54993,10.9667,1.52
1787726686.730,873,18.6,55008,10.9786,1.52
1787726686.749,874,18.6,54967,10.9515,1.52
1787726686.767,875,18.6,54961,10.9552,1.52
1787726686.786,876,18.6,54994,10.9728,1.52
1787726686.805,877,18.6,55048,10.9292,1.52
1787726686.823,878,18.6,55020,10.9719,1.52
1787726686.842,879,18.6,55000,10.9754,1.52
1787726686.861,880,18.6,55026,10.9939,1.52
1787726686.880,881,18.6,54945,10.9593,1.52
1787726686.898,882,18.6,55023,10.9639,1.52
1787726686.917,883,18.6,55026,10.9482,1.52
1787726686.936,884,18.6,54967,10.9382,1.52
1787726686.955,885,18.6,55007,10.9735,1.52
1787726686.973,886,18.6,55022,10.9590,1.52
1787726686.992,887,18.6,54962,10.9465,1.52
1787726687.011,888,18.6,54990,10.9770,1.52
1787726687.029,889,18.6,54971,10.9526,1.52
1787726687.048,890,18.6,54952,10.9775,1.52
1787726687.067,891,18.6,55048,10.9700,1.52
1787726687.086,892,18.6,55014,10.9487,1.52
1787726687.104,893,18.6,54957,10.9487,1.52
1787726687.123,894,18.6,54949,10.9734,1.52
1787726687.142,895,18.6,55050,10.9691,1.52
1787726687.160,896,18.6,55026,10.9688,1.52
1787726687.179,897,18.6,54974,10.9557,1.52
1787726687.198,898,18.6,54959,10.9547,1.52
1787726687.217,899,18.6,55043,10.9837,1.52
1787726687.235,900,18.6,55053,10.9986,1.52
1787726687.254,901,18.6,54983,10.9619,1.52
1787726687.273,902,18.6,54997,10.9646,1.52
1787726687.292,903,18.6,54989,10.9496,1.52
1787726687.310,904,18.6,54916,10.9797,1.52
1787726687.329,905,18.6,55007,10.9347,1.52
1787726687.348,906,18.6,55005,10.9519,1.52
1787726687.366,907,18.6,55010,10.9578,1.52
1787726687.385,908,18.6,55000,10.9604,1.52
1787726687.404,909,18.6,54916,10.9664,1.52
1787726687.423,910,18.6,54927,10.9505,1.52
1787726687.441,911,18.6,54967,10.9301,1.52
1787726687.460,912,18.6,54958,10.9712,1.52
1787726687.479,913,18.6,55008,10.9382,1.52
1787726687.498,914,18.6,55000,10.9827,1.52
1787726687.516,915,18.6,55036,10.9337,1.52
1787726687.535,916,18.8,54404,10.9456,1.52
1787726687.554,917,18.6,55014,10.9546,1.52
1787726687.573,918,18.6,54967,10.9468,1.52
1787726687.591,919,18.6,55021,10.9801,1.52
1787726687.610,920,18.6,55021,10.9649,1.52
1787726687.629,921,18.6,54970,10.9553,1.52
1787726687.648,922,18.6,54990,10.9595,1.52
1787726687.666,923,18.6,54981,10.9491,1.52
1787726687.685,924,18.7,54829,10.9494,1.52
1787726687.704,925,18.6,54957,10.9402,1.52
1787726687.723,926,18.6,54983,10.9658,1.52
1787726687.741,927,18.6,55011,10.9642,1.52
1787726687.760,928,18.6,54960,10.9836,1.52
1787726687.779,929,18.6,55000,10.9627,1.52
1787726687.798,930,18.6,54943,10.9257,1.52
1787726687.816,931,18.6,55030,10.9611,1.52
1787726687.835,932,18.6,54966,10.9874,1.52
1787726687.854,933,18.6,54974,10.9476,1.52
1787726687.872,934,18.6,55022,10.9291,1.52
1787726687.891,935,18.6,55016,10.9321,1.52
1787726687.910,936,18.6,55014,10.9596,1.52
1787726687.929,937,18.6,55028,10.9567,1.52
1787726687.947,938,18.6,54983,10.9517,1.52
1787726687.966,939,18.6,54972,10.9408,1.52
1787726687.985,940,18.6,54950,10.9796,1.52
1787726688.004,941,18.6,54964,10.9633,1.52
1787726688.022,942,18.6,54971,10.9422,1.52
1787726688.041,943,18.6,55011,10.9754,1.52
1787726688.060,944,18.6,55029,10.9623,1.52
1787726688.078,945,18.6,54991,10.9588,1.52
1787726688.097,946,18.6,55010,10.9619,1.52
1787726688.116,947,18.6,54958,10.9410,1.52
1787726688.135,948,18.6,54991,10.9422,1.52
1787726688.153,949,18.6,55008,10.9353,1.52
1787726688.172,950,18.6,54976,10.9721,1.52
1787726688.191,951,18.6,55020,10.9431,1.52
1787726688.210,952,18.6,54997,10.9707,1.52
1787726688.228,953,18.6,54978,10.9706,1.52
1787726688.247,954,18.6,54986,10.9702,1.52
1787726688.266,955,18.6,54971,10.9597,1.52
1787726688.284,956,18.6,55015,10.9485,1.52
1787726688.303,957,18.6,55009,10.9759,1.52
1787726688.322,958,18.6,54992,10.9486,1.52
1787726688.341,959,18.6,54943,10.9433,1.52
1787726688.359,960,18.6,55024,10.9687,1.52
1787726688.378,961,18.7,54903,10.9337,1.52
1787726688.397,962,18.6,54958,10.9886,1.52
1787726688.416,963,18.6,54976,10.9577,1.52
1787726688.434,964,18.6,54954,10.9610,1.52
1787726688.453,965,18.6,54940,10.9732,1.52
1787726688.472,966,18.6,55002,10.9549,1.52
1787726688.491,967,18.6,55039,10.9388,1.52
1787726688.509,968,18.6,55000,10.9711,1.52
1787726688.528,969,18.6,54997,10.9733,1.52
1787726688.547,970,18.6,54991,10.9554,1.52
1787726688.565,971,18.6,54992,10.9568,1.52
1787726688.584,972,18.6,54913,10.9519,1.52
1787726688.603,973,18.6,54998,10.9426,1.52
1787726688.622,974,18.6,54986,10.9512,1.52
1787726688.640,975,18.6,55011,10.9356,1.52
1787726688.659,976,18.6,54984,10.9747,1.52
1787726688.678,977,18.6,54984,10.9430,1.52
1787726688.697,978,18.6,54934,10.9317,1.52
1787726688.715,979,18.6,54973,10.9393,1.52
1787726688.734,980,18.6,54976,10.9442,1.52
1787726688.753,981,18.6,54961,10.9509,1.52
1787726688.772,982,18.6,54990,10.9499,1.52
1787726688.790,983,18.6,55019,10.9660,1.52
1787726688.809,984,18.6,55051,10.9620,1.52
1787726688.828,985,18.6,54973,10.9625,1.52
1787726688.847,986,18.6,55017,10.9400,1.52
1787726688.865,987,18.6,55002,10.9954,1.52
1787726688.884,988,18.6,54987,10.9594,1.52
1787726688.903,989,18.6,54999,10.9311,1.52
1787726688.921,990,18.6,55004,10.9658,1.52
1787726688.940,991,18.6,54990,10.9561,1.52
1787726688.959,992,18.6,54992,10.9480,1.52
1787726688.978,993,18.6,55016,10.9599,1.52
1787726688.996,994,18.6,55021,10.9661,1.52
1787726689.015,995,18.6,54970,10.9612,1.52
1787726689.034,996,18.6,54992,10.9244,1.52
1787726689.052,997,18.6,54976,10.9356,1.52
1787726689.071,998,18.6,54985,10.9738,1.52
1787726689.090,999,18.6,54997,10.9374,1.52
1787726689.109,1000,18.6,55021,10.9576,1.52
1787726689.127,1001,18.6,54962,10.9622,1.52
1787726689.146,1002,18.6,54979,10.9713,1.52
1787726689.165,1003,18.6,54976,10.9929,1.52
1787726689.184,1004,18.6,55000,10.9692,1.52
1787726689.202,1005,18.6,54989,10.9188,1.52
1787726689.221,1006,18.6,54947,10.9466,1.52
1787726689.240,1007,18.6,54950,10.9380,1.52
1787726689.259,1008,18.6,54998,10.9597,1.52
1787726689.277,1009,18.6,55000,10.9690,1.52
1787726689.296,1010,18.6,54975,10.9272,1.52
1787726689.315,1011,18.6,55019,10.9458,1.52
1787726689.333,1012,18.6,54924,10.9429,1.52
1787726689.352,1013,18.6,55040,10.9757,1.52
1787726689.371,1014,18.6,54990,10.9339,1.52
1787726689.390,1015,18.6,55005,10.9671,1.52
1787726689.408,1016,18.6,55009,10.9742,1.52
1787726689.427,1017,18.6,54965,10.9921,1.52
1787726689.446,1018,18.6,54960,10.9509,1.52
1787726689.465,1019,18.6,54914,10.9391,1.52
1787726689.483,1020,18.6,54957,10.9525,1.52
1787726689.502,1021,18.6,54982,10.9565,1.52
1787726689.521,1022,18.6,54915,10.9425,1.52
1787726689.540,1023,18.6,55008,10.9549,1.52
1787726689.558,1024,18.6,55016,10.9825,1.52
1787726689.577,1025,18.7,54905,10.9541,1.52
1787726689.596,1026,18.6,55038,10.9678,1.52
1787726689.614,1027,18.6,55014,10.9634,1.52
1787726689.633,1028,18.6,54952,10.9178,1.52
1787726689.652,1029,18.6,54951,10.9575,1.52
1787726689.671,1030,18.6,55007,10.9619,1.52
1787726689.689,1031,18.7,54874,10.9730,1.52
1787726689.708,1032,18.6,54916,10.9476,1.52
1787726689.727,1033,18.6,54952,10.9440,1.52
1787726689.746,1034,18.6,55035,10.9512,1.52
1787726689.764,1035,18.6,55027,10.9596,1.52
1787726689.783,1036,18.6,54979,10.9719,1.52
1787726689.802,1037,18.6,54954,10.9611,1.52
1787726689.821,1038,18.6,54977,10.9612,1.52
1787726689.839,1039,18.6,54988,10.9883,1.52
1787726689.858,1040,18.6,54984,10.9454,1.52
1787726689.877,1041,18.6,54982,10.9630,1.52
1787726689.896,1042,18.6,54998,10.9609,1.52
1787726689.914,1043,18.6,55004,10.9539,1.52
1787726689.933,1044,18.6,55023,10.9543,1.52
1787726689.952,1045,18.6,55011,10.9590,1.52
1787726689.970,1046,18.6,54987,10.9603,1.52
1787726689.989,1047,18.6,54983,10.9526,1.52
1787726690.008,1048,18.6,54945,10.9254,1.52
1787726690.027,1049,18.6,55026,10.9853,1.52
1787726690.045,1050,18.6,54994,10.9709,1.52
1787726690.064,1051,18.6,54907,10.9290,1.52
1787726690.083,1052,18.6,55039,10.9440,1.52
1787726690.102,1053,18.6,55052,10.9416,1.52
1787726690.120,1054,18.6,55009,10.9622,1.52
1787726690.139,1055,18.6,54995,10.9418,1.52
1787726690.158,1056,18.6,54995,10.9941,1.52
1787726690.176,1057,18.6,55004,10.9729,1.52
1787726690.195,1058,18.6,55064,10.9616,1.52
1787726690.214,1059,18.6,55004,10.9558,1.52
1787726690.233,1060,18.6,54981,10.9492,1.52
1787726690.251,1061,18.6,54970,10.9842,1.52
1787726690.270,1062,18.6,54969,10.9629,1.52
1787726690.289,1063,18.6,55021,10.9395,1.52
1787726690.308,1064,18.6,54995,10.9683,1.52
1787726690.326,1065,18.6,54987,10.9474,1.52
1787726690.345,1066,18.6,54938,10.9582,1.52
1787726690.364,1067,18.6,54995,10.9673,1.52
1787726690.382,1068,18.6,55012,10.9605,1.52
1787726690.401,1069,18.6,55032,10.9371,1.52
1787726690.420,1070,18.6,54948,10.9614,1.52
1787726690.439,1071,18.6,55006,10.9416,1.52
1787726690.457,1072,18.6,55002,10.9781,1.52
1787726690.476,1073,18.6,54981,10.9650,1.52
1787726690.495,1074,18.6,54931,10.9249,1.52
1787726690.514,1075,18.6,54973,10.9372,1.52
1787726690.532,1076,18.6,54985,10.9801,1.52
1787726690.551,1077,18.6,54978,10.9656,1.52
1787726690.570,1078,18.6,54985,10.9680,1.52
1787726690.589,1079,18.6,54957,10.9413,1.52
1787726690.607,1080,18.6,54981,10.9349,1.52
1787726690.626,1081,18.8,54487,10.9505,1.52
1787726690.645,1082,18.6,54952,10.9545,1.52
1787726690.664,1083,18.6,55000,10.9123,1.52
1787726690.683,1084,18.7,54720,10.9930,1.52
1787726690.701,1085,18.6,54994,10.9454,1.52
1787726690.720,1086,18.6,55011,10.9558,1.52
1787726690.739,1087,18.6,54945,10.9803,1.52
1787726690.758,1088,18.6,54987,10.9525,1.52
1787726690.776,1089,18.7,54895,10.9335,1.52
1787726690.795,1090,18.6,54990,10.9570,1.52
1787726690.814,1091,18.6,54991,10.9665,1.52
1787726690.833,1092,18.6,54964,10.9130,1.52
1787726690.851,1093,18.6,54978,10.9642,1.52
1787726690.870,1094,18.6,55013,10.9543,1.52
1787726690.889,1095,18.6,55007,10.9592,1.52
1787726690.908,1096,18.6,54982,10.9185,1.52
1787726690.926,1097,18.6,54978,10.9591,1.52
1787726690.945,1098,18.6,54964,10.9513,1.52
1787726690.964,1099,18.6,55024,10.9424,1.52
1787726690.982,1100,18.6,54932,10.9740,1.52
1787726691.001,1101,18.6,54936,10.9824,1.52
1787726691.020,1102,18.6,54966,10.9539,1.52
1787726691.039,1103,18.6,54959,10.9574,1.52
1787726691.057,1104,18.6,54938,10.9795,1.52
1787726691.076,1105,18.6,55008,10.9398,1.52
1787726691.095,1106,18.6,55028,10.9459,1.52
1787726691.114,1107,18.6,55009,10.9778,1.52
1787726691.132,1108,18.6,54973,10.9748,1.52
1787726691.151,1109,18.6,54936,10.9682,1.52
1787726691.170,1110,18.6,54935,10.9475,1.52
1787726691.189,1111,18.6,54968,10.9476,1.52
1787726691.207,1112,18.6,54988,10.9579,1.52
1787726691.226,1113,18.6,54912,10.9552,1.52
1787726691.245,1114,18.6,54970,10.9319,1.52
1787726691.264,1115,18.6,55023,10.9940,1.52
1787726691.282,1116,18.6,54930,10.9442,1.52
1787726691.301,1117,18.6,54949,10.9177,1.52
1787726691.320,1118,18.6,54917,10.9887,1.52
1787726691.339,1119,18.6,54937,10.9602,1.52
1787726691.357,1120,18.6,54964,10.9462,1.52
1787726691.376,1121,18.6,54948,10.9747,1.52
1787726691.395,1122,18.6,54927,10.9590,1.52
1787726691.414,1123,18.6,54959,10.9821,1.52
1787726691.432,1124,18.6,54948,10.9409,1.52
1787726691.451,1125,18.7,54840,10.9888,1.52
1787726691.470,1126,18.6,55004,10.9469,1.52
1787726691.489,1127,18.6,54990,10.9423,1.52
1787726691.507,1128,18.6,54955,10.9400,1.52
1787726691.526,1129,18.6,54984,10.9508,1.52
1787726691.545,1130,18.6,55028,10.9768,1.52
1787726691.564,1131,18.6,55006,10.9506,1.52
1787726691.582,1132,18.6,54988,10.9947,1.52
1787726691.601,1133,18.6,54983,10.9712,1.52
1787726691.620,1134,18.6,54983,10.9341,1.52
1787726691.638,1135,18.6,55006,10.9478,1.52
1787726691.657,1136,18.6,54969,10.9467,1.52
1787726691.676,1137,18.6,54919,10.9545,1.52
1787726691.695,1138,18.7,54858,10.9935,1.52
1787726691.713,1139,18.6,55046,10.9323,1.52
1787726691.732,1140,18.6,55007,10.9616,1.52
1787726691.751,1141,18.6,54929,10.9208,1.52
1787726691.770,1142,18.6,55016,10.9828,1.52
1787726691.788,1143,18.6,55001,10.9799,1.52
1787726691.807,1144,18.6,54984,10.9802,1.52
1787726691.826,1145,18.6,54951,10.9665,1.52
1787726691.845,1146,18.6,54922,10.9288,1.52
1787726691.863,1147,18.6,54995,10.9529,1.52
1787726691.882,1148,18.6,54957,10.9507,1.52
1787726691.901,1149,18.6,54987,10.9460,1.52
1787726691.920,1150,18.6,55048,10.9299,1.52
1787726691.938,1151,18.6,55000,10.9383,1.52
1787726691.957,1152,18.6,55025,10.9593,1.52
1787726691.976,1153,18.6,54954,10.9358,1.52
1787726691.994,1154,18.6,54995,10.9475,1.52
1787726692.013,1155,18.6,54994,10.9436,1.52
1787726692.032,1156,18.6,54954,10.9793,1.52
1787726692.051,1157,18.6,54987,10.9154,1.52
1787726692.069,1158,18.6,54954,10.9619,1.52
1787726692.088,1159,18.6,54948,10.9381,1.52
1787726692.107,1160,18.6,54992,10.9546,1.52
1787726692.126,1161,18.6,54998,10.9457,1.52
1787726692.144,1162,18.6,55037,10.9327,1.52
1787726692.163,1163,18.6,54933,10.9499,1.52
1787726692.182,1164,18.6,55024,10.9380,1.52
1787726692.201,1165,18.6,54966,10.9585,1.52
1787726692.219,1166,18.6,55033,10.9582,1.52
1787726692.238,1167,18.6,54982,10.9653,1.52
1787726692.257,1168,18.6,55031,10.9368,1.52
1787726692.275,1169,18.6,54959,10.9552,1.52
1787726692.294,1170,18.6,55001,10.9759,1.52
1787726692.313,1171,18.6,54974,10.9100,1.52
1787726692.332,1172,18.6,54992,10.9544,1.52
1787726692.350,1173,18.6,55005,10.9614,1.52
1787726692.369,1174,18.6,54969,10.9757,1.52
1787726692.388,1175,18.6,54972,10.9625,1.52
1787726692.407,1176,18.6,54974,10.9593,1.52
1787726692.425,1177,18.6,55009,10.9664,1.52
1787726692.444,1178,18.6,54953,10.9469,1.52
1787726692.463,1179,18.6,55000,10.9681,1.52
1787726692.482,1180,18.6,55006,10.9476,1.52
1787726692.500,1181,18.6,54943,10.9622,1.52
1787726692.519,1182,18.6,54936,10.9831,1.52
1787726692.538,1183,18.6,55005,10.9515,1.52
1787726692.557,1184,18.6,54950,10.9642,1.52
1787726692.575,1185,18.6,54987,10.9817,1.52
1787726692.594,1186,18.6,54946,10.9674,1.52
1787726692.613,1187,18.6,54975,10.9403,1.52
1787726692.631,1188,18.6,54951,10.9746,1.52
1787726692.650,1189,18.6,54950,10.9530,1.52
1787726692.669,1190,18.6,54930,10.9291,1.52
1787726692.688,1191,18.7,54739,10.9534,1.52
1787726692.707,1192,18.6,55001,10.9327,1.52
1787726692.725,1193,18.6,54941,10.9777,1.52
1787726692.744,1194,18.6,54985,10.9478,1.52
1787726692.763,1195,18.6,54988,10.9392,1.52
1787726692.782,1196,18.6,54995,10.9407,1.52
1787726692.800,1197,18.6,54990,10.9521,1.52
1787726692.819,1198,18.6,54982,10.9597,1.52
1787726692.838,1199,18.6,55011,10.9907,1.52
1787726692.856,1200,18.6,54928,10.9655,1.52
1787726692.875,1201,18.6,54939,10.9562,1.52
1787726692.894,1202,18.6,54976,10.9638,1.52
1787726692.913,1203,18.6,54989,10.9439,1.52
1787726692.931,1204,18.6,54960,10.9662,1.52
1787726692.950,1205,18.6,55025,10.9256,1.52
1787726692.969,1206,18.6,54927,10.9732,1.52
1787726692.988,1207,18.6,54920,10.9292,1.52
1787726693.006,1208,18.6,54985,10.9542,1.52
1787726693.025,1209,18.6,54943,10.9521,1.52
1787726693.044,1210,18.6,54997,10.9538,1.52
1787726693.063,1211,18.6,55018,10.9650,1.52
1787726693.081,1212,18.6,54966,10.9699,1.52
1787726693.100,1213,18.6,54990,10.9465,1.52
1787726693.119,1214,18.6,54984,10.9961,1.52
1787726693.137,1215,18.6,55033,10.9405,1.52
1787726693.156,1216,18.6,54988,10.9558,1.52
1787726693.175,1217,18.6,54919,10.9483,1.52
1787726693.194,1218,18.6,55024,10.9705,1.52
1787726693.212,1219,18.6,55023,10.9429,1.52
1787726693.231,1220,18.6,54949,10.9395,1.52
1787726693.250,1221,18.6,54940,10.9467,1.52
1787726693.269,1222,18.6,54966,10.9662,1.52
1787726693.287,1223,18.6,54992,10.9997,1.52
1787726693.306,1224,18.6,54991,10.9272,1.52
1787726693.325,1225,18.6,55019,10.9663,1.52
1787726693.344,1226,18.6,54936,10.9581,1.52
1787726693.362,1227,18.6,54927,10.9425,1.52
1787726693.381,1228,18.6,54975,10.9438,1.52
1787726693.400,1229,18.6,54971,10.9968,1.52
1787726693.419,1230,18.6,55045,10.9676,1.52
1787726693.437,1231,18.6,54964,10.9378,1.52
1787726693.456,1232,18.7,54891,10.9390,1.52
1787726693.475,1233,18.6,55023,10.9690,1.52
1787726693.493,1234,18.6,54990,10.9591,1.52
1787726693.512,1235,18.6,54970,10.9788,1.52
1787726693.531,1236,18.6,54952,10.9810,1.52
1787726693.550,1237,18.6,54984,10.9904,1.52
1787726693.568,1238,18.6,54919,10.9556,1.52
1787726693.587,1239,18.7,54901,10.9270,1.52
1787726693.606,1240,18.6,54954,10.9739,1.52
1787726693.625,1241,18.6,54939,10.9440,1.52
1787726693.643,1242,18.6,55024,10.9249,1.52
1787726693.662,1243,18.6,54997,10.9483,1.52
1787726693.681,1244,18.7,54721,10.9517,1.52
1787726693.700,1245,18.6,54919,10.9492,1.52
1787726693.719,1246,18.6,54970,10.9484,1.52
1787726693.737,1247,18.6,55007,10.9383,1.52
1787726693.756,1248,18.6,54942,10.9618,1.52
1787726693.775,1249,18.6,54971,10.9386,1.52
1787726693.793,1250,18.6,54984,10.9580,1.52
1787726693.812,1251,18.6,54958,10.9512,1.52
1787726693.831,1252,18.6,54978,10.9487,1.52
1787726693.850,1253,18.6,55007,10.9422,1.52
1787726693.868,1254,18.6,54987,10.9337,1.52
1787726693.887,1255,18.6,54962,10.9327,1.52
1787726693.906,1256,18.6,54985,10.9292,1.52
1787726693.925,1257,18.6,55003,10.9503,1.52
1787726693.943,1258,18.6,54974,10.9347,1.52
1787726693.962,1259,18.6,54958,10.9709,1.52
1787726693.981,1260,18.6,54987,10.9669,1.52
1787726694.000,1261,18.6,54965,10.9576,1.52
1787726694.018,1262,18.6,54919,10.9504,1.52
1787726694.037,1263,18.7,54902,10.9495,1.52
1787726694.056,1264,18.6,54980,10.9773,1.52
1787726694.075,1265,18.6,54994,10.9603,1.52
1787726694.093,1266,18.6,54997,10.9564,1.52
1787726694.112,1267,18.7,54883,10.9442,1.52
1787726694.131,1268,18.6,54942,10.9504,1.52
1787726694.150,1269,18.6,54997,10.9635,1.52
1787726694.168,1270,18.6,55012,10.9753,1.52
1787726694.187,1271,18.6,54948,10.9682,1.52
1787726694.206,1272,18.6,54998,10.9165,1.52
1787726694.224,1273,18.6,55004,10.9551,1.52
1787726694.243,1274,18.6,54983,10.9434,1.52
1787726694.262,1275,18.6,54987,10.9668,1.52
1787726694.281,1276,18.6,54977,10.9848,1.52
1787726694.299,1277,18.6,55007,10.9210,1.52
1787726694.318,1278,18.6,54984,10.9432,1.52
1787726694.337,1279,18.6,54947,10.9590,1.52
1787726694.356,1280,18.6,54983,10.9443,1.52
1787726694.374,1281,18.6,54951,10.9534,1.52
1787726694.393,1282,18.6,54978,10.9298,1.52
1787726694.412,1283,18.6,54967,10.9597,1.52
1787726694.431,1284,18.6,54988,10.9294,1.52
1787726694.449,1285,18.7,54867,10.9697,1.52
1787726694.468,1286,18.6,54910,10.9437,1.52
1787726694.487,1287,18.6,54933,10.9735,1.52
1787726694.506,1288,18.6,55040,10.9828,1.52
1787726694.524,1289,18.6,54982,10.9346,1.52
1787726694.543,1290,18.6,54939,10.9185,1.52
1787726694.562,1291,18.6,54942,10.9337,1.52
1787726694.602,1292,40.2,25499,10.9690,1.52
1787726694.673,1293,70.1,14607,10.9592,1.52
1787726694.731,1294,57.6,17786,10.9441,1.52
1787726694.755,1295,24.1,42528,10.9445,1.52
1787726694.810,1296,54.1,18918,10.9323,1.52
1787726694.882,1297,72.1,14209,10.9830,1.52
1787726694.937,1298,54.6,18758,10.9621,1.52
1787726694.963,1299,25.1,40783,10.9483,1.52
1787726695.023,1300,60.0,17062,10.9702,1.52
1787726695.100,1301,76.5,13386,10.9672,1.52
1787726695.156,1302,55.4,18471,10.9432,1.52
1787726695.180,1303,24.2,42326,10.9833,1.52
1787726695.218,1304,37.3,27445,10.9994,1.52
1787726695.279,1305,61.4,16685,10.9260,1.52
1787726695.302,1306,22.7,45063,10.9490,1.52
1787726695.321,1307,18.7,54726,10.9744,1.52
1787726695.340,1308,18.6,54954,10.9395,1.52
1787726695.359,1309,18.6,55002,10.9295,1.52
1787726695.377,1310,18.6,54991,10.9511,1.52
1787726695.396,1311,18.6,54979,10.9693,1.52
1787726695.415,1312,18.6,54945,10.9365,1.52
1787726695.433,1313,18.6,55026,10.9252,1.52
1787726695.452,1314,18.7,54886,10.9475,1.52
1787726695.471,1315,18.6,54991,10.9298,1.52
1787726695.490,1316,18.6,54985,10.9307,1.52
1787726695.508,1317,18.6,55026,10.9495,1.52
1787726695.527,1318,18.6,54976,10.9381,1.52
1787726695.546,1319,18.6,54952,10.9532,1.52
1787726695.565,1320,18.6,55000,10.9566,1.52
1787726695.583,1321,18.7,54891,10.9266,1.52
1787726695.602,1322,18.6,55032,10.9391,1.52
1787726695.621,1323,18.6,55013,10.9347,1.52
1787726695.640,1324,18.6,54978,10.9387,1.52
1787726695.658,1325,18.6,54983,10.9371,1.52
1787726695.677,1326,18.6,54934,10.9484,1.52
1787726695.696,1327,18.6,54919,10.9532,1.52
1787726695.715,1328,18.6,54971,10.9719,1.52
1787726695.733,1329,18.6,54972,10.9548,1.52
1787726695.752,1330,18.6,55013,10.9665,1.52
1787726695.771,1331,18.6,54983,10.9458,1.52
1787726695.790,1332,18.6,55012,10.9452,1.52
1787726695.808,1333,18.6,55000,10.9816,1.52
1787726695.827,1334,18.6,54928,10.9369,1.52
1787726695.846,1335,18.6,54964,10.9577,1.52
1787726695.864,1336,18.6,55002,10.9451,1.52
1787726695.883,1337,18.6,55064,10.9526,1.52
1787726695.902,1338,18.6,54986,10.9326,1.52
1787726695.921,1339,18.6,55031,10.9400,1.52
1787726695.939,1340,18.6,54979,10.9405,1.52
1787726695.958,1341,18.6,55007,10.9619,1.52
1787726695.977,1342,18.6,55010,10.9411,1.52
1787726695.996,1343,18.6,55044,10.9376,1.52
1787726696.014,1344,18.6,55029,10.9314,1.52
1787726696.033,1345,18.6,54981,10.9682,1.52
1787726696.052,1346,18.6,54997,10.9585,1.52
1787726696.070,1347,18.6,54972,10.9782,1.52
1787726696.089,1348,18.6,55047,10.9553,1.52
1787726696.108,1349,18.6,54926,10.9631,1.52
1787726696.127,1350,18.6,54976,10.9658,1.52
1787726696.145,1351,18.6,55013,10.9636,1.52
1787726696.164,1352,18.6,55067,10.9272,1.52
1787726696.183,1353,18.6,55032,10.9620,1.52
1787726696.201,1354,18.6,55019,10.9439,1.52
1787726696.220,1355,18.6,55010,10.9741,1.52
1787726696.239,1356,18.7,54839,10.9625,1.52
1787726696.258,1357,18.6,54995,10.9665,1.52
1787726696.276,1358,18.6,54977,10.9587,1.52
1787726696.295,1359,18.6,55029,10.9517,1.52
1787726696.314,1360,18.6,54926,10.9599,1.52
1787726696.333,1361,18.6,54972,10.9646,1.52
1787726696.351,1362,18.6,55027,10.9595,1.52
1787726696.370,1363,18.6,54986,10.9780,1.52
1787726696.389,1364,18.6,55007,10.9478,1.52
1787726696.408,1365,18.6,55009,10.9780,1.52
1787726696.426,1366,18.6,55015,10.9220,1.52
1787726696.445,1367,18.6,54934,10.9540,1.52
1787726696.464,1368,18.6,55046,10.9322,1.52
1787726696.483,1369,18.6,54985,10.9441,1.52
1787726696.501,1370,18.6,55009,10.9476,1.52
1787726696.520,1371,18.6,55005,10.9719,1.52
1787726696.539,1372,18.6,55027,10.9557,1.52
1787726696.557,1373,18.6,55024,10.9593,1.52
1787726696.576,1374,18.6,54988,10.9426,1.52
1787726696.595,1375,18.6,54992,10.9684,1.52
1787726696.614,1376,18.6,55010,10.9529,1.52
1787726696.632,1377,18.6,55028,10.9485,1.52
1787726696.651,1378,18.6,54960,10.9505,1.52
1787726696.670,1379,18.6,54981,10.9982,1.52
1787726696.689,1380,18.7,54765,10.9497,1.52
1787726696.707,1381,18.6,54971,10.9447,1.52
1787726696.726,1382,18.6,54990,10.9786,1.52
1787726696.745,1383,18.6,55035,10.9623,1.52
1787726696.764,1384,18.6,54992,10.9258,1.52
1787726696.782,1385,18.6,54994,10.9869,1.52
1787726696.801,1386,18.6,54907,10.9607,1.52
1787726696.820,1387,18.6,55044,10.9399,1.52
1787726696.838,1388,18.6,55035,10.9408,1.52
1787726696.857,1389,18.6,55024,10.9765,1.52
1787726696.876,1390,18.6,55068,10.9480,1.52
1787726696.895,1391,18.6,54964,10.9672,1.52
1787726696.913,1392,18.6,55011,10.9635,1.52
1787726696.932,1393,18.6,54990,10.9659,1.52
1787726696.951,1394,18.6,54985,10.9492,1.52
1787726696.969,1395,18.6,54968,10.9501,1.52
1787726696.988,1396,18.6,54967,10.9292,1.52
1787726697.007,1397,18.6,55014,10.9586,1.52
1787726697.026,1398,18.6,55028,10.9502,1.52
1787726697.044,1399,18.6,55058,10.9321,1.52
1787726697.063,1400,18.6,55023,10.9241,1.52
1787726697.082,1401,18.6,54976,10.9400,1.52
1787726697.101,1402,18.6,55012,10.9424,1.52
1787726697.119,1403,18.6,54988,10.9703,1.52
1787726697.138,1404,18.6,55021,10.9637,1.52
1787726697.157,1405,18.6,54992,10.9455,1.52
1787726697.175,1406,18.6,55031,10.9349,1.52
1787726697.194,1407,18.6,55062,10.9557,1.52
1787726697.213,1408,18.6,55057,10.9347,1.52
1787726697.232,1409,18.6,55047,10.9324,1.52
1787726697.250,1410,18.6,55013,10.9611,1.52
1787726697.269,1411,18.6,55016,10.9585,1.52
1787726697.288,1412,18.6,54984,10.9404,1.52
1787726697.306,1413,18.6,55013,10.9385,1.52
1787726697.325,1414,18.6,54950,10.9412,1.52
1787726697.344,1415,18.6,54976,10.9268,1.52
1787726697.363,1416,18.6,55054,10.9713,1.52
1787726697.381,1417,18.6,54991,10.9506,1.52
1787726697.400,1418,18.6,54954,10.9554,1.52
1787726697.419,1419,18.6,54952,10.9528,1.52
1787726697.438,1420,18.6,55031,10.9702,1.52
1787726697.456,1421,18.6,54933,10.9473,1.52
1787726697.475,1422,18.6,54998,10.9578,1.52
1787726697.494,1423,18.6,55010,10.9378,1.52
1787726697.513,1424,18.6,54946,10.9634,1.52
1787726697.531,1425,18.6,54990,10.9777,1.52
1787726697.550,1426,18.6,54974,10.9730,1.52
1787726697.569,1427,18.6,55021,10.9215,1.52
1787726697.587,1428,18.6,54973,10.9573,1.52
1787726697.606,1429,18.6,54991,10.9491,1.52
1787726697.625,1430,18.6,55014,10.9372,1.52
1787726697.644,1431,18.6,55007,10.9548,1.52
1787726697.662,1432,18.6,54970,10.9522,1.52
1787726697.681,1433,18.7,54668,10.9708,1.52
1787726697.700,1434,18.6,55004,10.9360,1.52
1787726697.719,1435,18.6,55063,10.9620,1.52
1787726697.737,1436,18.6,55031,10.9469,1.52
1787726697.756,1437,18.6,54964,10.9360,1.52
1787726697.775,1438,18.6,55045,10.9497,1.52
1787726697.794,1439,18.6,55058,10.9382,1.52
1787726697.812,1440,18.6,54984,10.9830,1.52
1787726697.831,1441,18.6,54963,10.9586,1.52
1787726697.850,1442,18.6,55033,10.9507,1.52
1787726697.868,1443,18.6,54987,10.9545,1.52
1787726697.887,1444,18.6,54951,10.9430,1.52
1787726697.906,1445,18.6,54953,10.9565,1.52
1787726697.925,1446,18.6,54995,10.9843,1.52
1787726697.943,1447,18.6,55023,10.9407,1.52
1787726697.962,1448,18.6,55026,10.9460,1.52
1787726697.981,1449,18.6,55000,10.9699,1.52
1787726698.000,1450,18.6,55046,10.9540,1.52
1787726698.018,1451,18.6,54980,10.9531,1.52
1787726698.037,1452,18.6,55001,10.9322,1.52
1787726698.056,1453,18.6,54982,10.9354,1.52
1787726698.074,1454,18.6,55065,10.9488,1.52
1787726698.093,1455,18.6,55041,10.9348,1.52
1787726698.112,1456,18.6,54984,10.9218,1.52
1787726698.131,1457,18.6,55019,10.9237,1.52
1787726698.149,1458,18.6,55040,10.9789,1.52
1787726698.168,1459,18.6,55019,10.9243,1.52
1787726698.187,1460,18.6,54995,10.9423,1.52
1787726698.205,1461,18.6,55008,10.9684,1.52
1787726698.224,1462,18.6,55003,10.9260,1.52
1787726698.243,1463,18.6,55055,10.9717,1.52
1787726698.262,1464,18.6,55018,10.9727,1.52
1787726698.280,1465,18.6,54993,10.9488,1.52
1787726698.299,1466,18.6,55026,10.9639,1.52
1787726698.318,1467,18.6,55077,10.9556,1.52
1787726698.336,1468,18.6,55033,10.9691,1.52
1787726698.355,1469,18.6,55039,10.9491,1.52
1787726698.374,1470,18.6,54986,10.9593,1.52
1787726698.393,1471,18.6,55014,10.9743,1.52
1787726698.411,1472,18.6,55016,10.9371,1.52
1787726698.430,1473,18.6,54982,10.9702,1.52
1787726698.449,1474,18.6,54939,10.9391,1.52
1787726698.468,1475,18.6,55012,10.9466,1.52
1787726698.486,1476,18.6,54984,10.9438,1.52
1787726698.505,1477,18.6,55078,10.9362,1.52
1787726698.524,1478,18.6,55016,10.9436,1.52
1787726698.542,1479,18.6,54988,10.9322,1.52
1787726698.561,1480,18.6,55009,10.9559,1.52
1787726698.580,1481,18.6,54985,10.9346,1.52
1787726698.599,1482,18.6,55050,10.9437,1.52
1787726698.617,1483,18.6,55027,10.9349,1.52
1787726698.636,1484,18.6,55055,10.9429,1.52
1787726698.655,1485,18.6,54996,10.9190,1.52
1787726698.673,1486,18.6,55003,10.9573,1.52
1787726698.692,1487,18.7,54804,10.9725,1.52
1787726698.711,1488,18.6,54954,10.9432,1.52
1787726698.730,1489,18.6,55028,10.9497,1.52
1787726698.748,1490,18.6,54928,10.9289,1.52
1787726698.767,1491,18.6,55016,10.9382,1.52
1787726698.786,1492,18.6,55002,10.9551,1.52
1787726698.805,1493,18.6,55032,10.9770,1.52
1787726698.823,1494,18.6,55036,10.9395,1.52
1787726698.842,1495,18.6,54985,10.9532,1.52
1787726698.861,1496,18.6,54982,10.9555,1.52
1787726698.880,1497,18.6,54944,10.9289,1.52
1787726698.898,1498,18.6,54982,10.9503,1.52
1787726698.917,1499,18.6,54991,10.9345,1.52
1787726698.936,1500,18.6,55028,10.9591,1.52
1787726698.954,1501,18.6,54972,10.9512,1.52
1787726698.973,1502,18.6,55081,10.9527,1.52
1787726698.992,1503,18.6,54990,10.9632,1.52
1787726699.011,1504,18.6,55029,10.9784,1.52
1787726699.029,1505,18.6,55021,10.9320,1.52
1787726699.048,1506,18.6,54995,10.9791,1.52
1787726699.067,1507,18.6,55066,10.9626,1.52
1787726699.085,1508,18.6,55017,10.9540,1.52
1787726699.104,1509,18.6,54977,10.9271,1.52
1787726699.123,1510,18.6,54974,10.9310,1.52
1787726699.142,1511,18.6,55016,10.9546,1.52
1787726699.160,1512,18.6,55009,10.9378,1.52
1787726699.179,1513,18.6,54962,10.9281,1.52
1787726699.198,1514,18.6,54980,10.9427,1.52
1787726699.217,1515,18.6,54990,10.9485,1.52
1787726699.235,1516,18.6,55038,10.9258,1.52
1787726699.254,1517,18.6,54992,10.9859,1.52
1787726699.273,1518,18.6,55042,10.9611,1.52
1787726699.291,1519,18.6,55035,10.9477,1.52
1787726699.310,1520,18.6,54964,10.9596,1.52
1787726699.329,1521,18.6,54930,10.9518,1.52
1787726699.348,1522,18.6,55023,10.9476,1.52
1787726699.366,1523,18.6,55025,10.9627,1.52
1787726699.385,1524,18.6,54971,10.9438,1.52
1787726699.404,1525,18.6,55016,10.9518,1.52
1787726699.423,1526,18.6,55014,10.9580,1.52
1787726699.441,1527,18.6,54998,10.9342,1.52
1787726699.460,1528,18.6,54915,10.9242,1.52
1787726699.479,1529,18.6,55051,10.9489,1.52
1787726699.497,1530,18.6,54995,10.9418,1.52
1787726699.516,1531,18.6,55008,10.9503,1.52
1787726699.535,1532,18.6,54933,10.9227,1.52
1787726699.554,1533,18.6,55004,10.9792,1.52
1787726699.572,1534,18.6,54978,10.9720,1.52
1787726699.591,1535,18.6,54952,10.9552,1.52
1787726699.610,1536,18.6,54981,10.9430,1.52
1787726699.629,1537,18.6,54992,10.9550,1.52
1787726699.647,1538,18.6,55007,10.9628,1.52
1787726699.666,1539,18.6,55057,10.9313,1.52
1787726699.685,1540,18.7,54636,10.9404,1.52
1787726699.704,1541,18.7,54739,10.9743,1.52
1787726699.722,1542,18.6,54991,10.9682,1.52
1787726699.741,1543,18.6,55056,10.9435,1.52
1787726699.760,1544,18.6,54996,10.9598,1.52
1787726699.779,1545,18.6,55021,10.9309,1.52
1787726699.797,1546,18.6,55021,10.9382,1.52
1787726699.816,1547,18.6,55007,10.9698,1.52
1787726699.835,1548,18.6,54961,10.9515,1.52
1787726699.854,1549,18.6,55050,10.9294,1.52
1787726699.872,1550,18.6,54998,10.9380,1.52
1787726699.891,1551,18.6,54973,10.9366,1.52
1787726699.910,1552,18.6,54984,10.9654,1.52
1787726699.928,1553,18.6,54990,10.9482,1.52
1787726699.947,1554,18.6,54987,10.9496,1.52
1787726699.966,1555,18.6,55017,10.9165,1.52
1787726699.985,1556,18.6,54954,10.9855,1.52
1787726700.003,1557,18.6,55050,10.9704,1.52
1787726700.022,1558,18.6,54976,10.9560,1.52
1787726700.041,1559,18.6,55068,10.9479,1.52
1787726700.060,1560,18.6,55024,10.9384,1.52
1787726700.078,1561,18.6,54980,10.9356,1.52
1787726700.097,1562,18.6,54994,10.9529,1.52
1787726700.116,1563,18.6,55025,10.9490,1.52
1787726700.134,1564,18.6,55016,10.9597,1.52
1787726700.153,1565,18.6,55004,10.9417,1.52
1787726700.172,1566,18.6,54963,10.9612,1.52
1787726700.191,1567,18.6,55033,10.9301,1.52
1787726700.209,1568,18.6,55009,10.9379,1.52
1787726700.228,1569,18.6,54962,10.9523,1.52
1787726700.247,1570,18.6,55000,10.9333,1.52
1787726700.266,1571,18.6,55030,10.9609,1.52
1787726700.284,1572,18.6,55014,10.9744,1.52
1787726700.303,1573,18.6,54957,10.9720,1.52
1787726700.322,1574,18.6,54948,10.9340,1.52
1787726700.341,1575,18.7,54860,10.9356,1.52
1787726700.359,1576,18.6,54997,10.9651,1.52
1787726700.378,1577,18.6,55005,10.9406,1.52
1787726700.397,1578,18.6,55056,10.9602,1.52
1787726700.415,1579,18.6,55056,10.9279,1.52
1787726700.434,1580,18.6,55029,10.9423,1.52
1787726700.453,1581,18.6,54949,10.9215,1.52
1787726700.472,1582,18.6,55010,10.9693,1.52
1787726700.490,1583,18.6,55043,10.9399,1.52
1787726700.509,1584,18.6,55016,10.9586,1.52
1787726700.528,1585,18.6,55020,10.9572,1.52
1787726700.546,1586,18.6,55005,10.9817,1.52
1787726700.565,1587,18.6,55031,10.9612,1.52
1787726700.584,1588,18.8,54598,10.9361,1.52
1787726700.603,1589,18.6,54936,10.9644,1.52
1787726700.622,1590,18.6,54995,10.9814,1.52
1787726700.640,1591,18.6,54973,10.9318,1.52
1787726700.659,1592,18.6,54953,10.9328,1.52
1787726700.678,1593,18.6,55018,10.9180,1.52
1787726700.697,1594,18.6,54920,10.9521,1.52
1787726700.715,1595,18.6,55078,10.9429,1.52
1787726700.734,1596,18.6,54985,10.9400,1.52
1787726700.753,1597,18.6,55019,10.9371,1.52
1787726700.771,1598,18.6,55018,10.9431,1.52
1787726700.790,1599,18.6,55051,10.9617,1.52
1787726700.809,1600,18.6,55007,10.9656,1.52
1787726700.828,1601,18.6,54985,10.9704,1.52
1787726700.846,1602,18.6,54959,10.9468,1.52
1787726700.865,1603,18.6,55016,10.9338,1.52
1787726700.884,1604,18.6,54959,10.9469,1.52
1787726700.903,1605,18.6,55049,10.9680,1.52
1787726700.921,1606,18.6,54996,10.9552,1.52
1787726700.940,1607,18.6,54991,10.9527,1.52
1787726700.959,1608,18.6,54982,10.9603,1.52
1787726700.977,1609,18.6,54936,10.9580,1.52
1787726700.996,1610,18.6,54969,10.9488,1.52
1787726701.015,1611,18.6,54949,10.9639,1.52
1787726701.034,1612,18.6,55062,10.9782,1.52
1787726701.052,1613,18.6,54986,10.9321,1.52
1787726701.071,1614,18.6,54936,10.9556,1.52
1787726701.090,1615,18.6,55009,10.9427,1.52
1787726701.109,1616,18.6,54995,10.9742,1.52
1787726701.127,1617,18.6,54953,10.9449,1.52
1787726701.146,1618,18.6,54967,10.9643,1.52
1787726701.165,1619,18.6,55000,10.9063,1.52
1787726701.183,1620,18.6,55011,10.9680,1.52
1787726701.202,1621,18.6,54947,10.9741,1.52
1787726701.221,1622,18.6,54964,10.9275,1.52
1787726701.240,1623,18.6,55000,10.9588,1.52
1787726701.258,1624,18.6,54961,10.9684,1.52
1787726701.277,1625,18.6,54978,10.9316,1.52
1787726701.296,1626,18.6,55011,10.9690,1.52
1787726701.315,1627,18.6,55015,10.9442,1.52
1787726701.333,1628,18.6,54968,10.9645,1.52
1787726701.352,1629,18.8,54557,10.9558,1.52
1787726701.371,1630,18.6,54933,10.9443,1.52
1787726701.390,1631,18.6,55004,10.9650,1.52
1787726701.408,1632,18.6,54987,10.9510,1.52
1787726701.427,1633,18.6,54945,10.9428,1.52
1787726701.446,1634,18.7,54887,10.9616,1.52
1787726701.465,1635,18.6,55008,10.9531,1.52
1787726701.483,1636,18.6,54990,10.9337,1.52
1787726701.502,1637,18.6,54995,10.9487,1.52
1787726701.521,1638,18.6,55014,10.9453,1.52
1787726701.540,1639,18.6,55000,10.9327,1.52
1787726701.558,1640,18.6,55002,10.9229,1.52
1787726701.577,1641,18.7,54859,10.9555,1.52
1787726701.596,1642,18.6,55004,10.9417,1.52
1787726701.615,1643,18.6,54982,10.9471,1.52
1787726701.634,1644,19.4,52710,10.9728,1.52
1787726701.655,1645,19.7,51863,10.9491,1.52
1787726701.674,1646,19.6,52144,10.9485,1.52
1787726701.694,1647,19.4,52659,10.9483,1.52
1787726701.738,1648,43.8,23380,10.9534,1.52
1787726701.807,1649,68.2,15004,10.9302,1.52
1787726701.865,1650,57.3,17859,10.9142,1.52
1787726701.889,1651,23.9,42840,10.9601,1.52
1787726701.941,1652,50.8,20158,10.9379,1.52
1787726702.013,1653,72.1,14203,10.9397,1.52
1787726702.072,1654,58.2,17599,10.9487,1.52
1787726702.097,1655,24.7,41480,10.9313,1.52
1787726702.158,1656,60.7,16859,10.9468,1.52
1787726702.235,1657,76.5,13384,10.9431,1.52
1787726702.290,1658,55.1,18584,10.9557,1.52
1787726702.315,1659,25.0,41004,10.9619,1.52
1787726702.334,1660,19.0,53947,10.9454,1.52
1787726702.355,1661,19.9,51484,10.9650,1.52
1787726702.374,1662,19.5,52622,10.9503,1.52
1787726702.394,1663,19.6,52359,10.9458,1.52
1787726702.414,1664,19.8,51669,10.9249,1.52
1787726702.435,1665,19.9,51493,10.9497,1.52
1787726702.455,1666,19.9,51560,10.9425,1.52
1787726702.475,1667,19.8,51671,10.9189,1.52
1787726702.496,1668,20.8,49124,10.9222,1.52
1787726702.518,1669,21.3,47970,10.9236,1.52
1787726702.539,1670,21.5,47702,10.9261,1.52
1787726702.561,1671,21.1,48577,10.9609,1.52
1787726702.582,1672,21.5,47718,10.9305,1.52
1787726702.604,1673,21.2,48208,10.9515,1.52
1787726702.625,1674,21.1,48525,10.9446,1.52
1787726702.656,1675,30.6,33418,10.9356,1.52
1787726702.696,1676,39.8,25761,10.9185,1.52
1787726702.736,1677,39.9,25669,10.9464,1.52
1787726702.766,1678,29.7,34501,10.9581,1.52
1787726702.785,1679,18.9,54281,10.9682,1.52
1787726702.804,1680,18.9,54265,10.9365,1.52
1787726702.823,1681,18.9,54251,10.9649,1.52
1787726702.842,1682,18.8,54330,10.9643,1.52
1787726702.861,1683,18.8,54347,10.9817,1.52
1787726702.880,1684,18.9,54276,10.9665,1.52
1787726702.899,1685,18.9,54317,10.9402,1.52
1787726702.918,1686,18.8,54349,10.9366,1.52
1787726702.936,1687,18.8,54334,10.9459,1.52
1787726702.955,1688,18.9,54275,10.9420,1.52
1787726702.974,1689,18.9,54301,10.9148,1.52
1787726702.993,1690,18.9,54264,10.9346,1.52
1787726703.012,1691,18.9,54305,10.9511,1.52
1787726703.031,1692,18.9,54281,10.9236,1.52
1787726703.050,1693,18.8,54336,10.9626,1.52
1787726703.069,1694,18.9,54176,10.9367,1.52
1787726703.088,1695,18.9,54243,10.9604,1.52
1787726703.107,1696,18.9,54305,10.9474,1.52
1787726703.126,1697,18.9,54302,10.9384,1.52
1787726703.145,1698,18.8,54347,10.9530,1.52
1787726703.164,1699,18.9,54248,10.9683,1.52
1787726703.183,1700,18.9,54283,10.9532,1.52
1787726703.202,1701,18.9,54244,10.9504,1.52
1787726703.221,1702,18.9,54245,10.9435,1.52
1787726703.240,1703,18.8,54326,10.9475,1.52
1787726703.259,1704,18.9,54279,10.9734,1.52
1787726703.278,1705,18.8,54334,10.9367,1.52
1787726703.297,1706,18.9,54314,10.9396,1.52
1787726703.316,1707,18.9,54288,10.9377,1.52
1787726703.335,1708,19.1,53721,10.9538,1.52
1787726703.354,1709,18.9,54218,10.9640,1.52
1787726703.373,1710,18.9,54320,10.9332,1.52
1787726703.392,1711,18.9,54317,10.9368,1.52
1787726703.411,1712,18.9,54308,10.9665,1.52
1787726703.430,1713,18.9,54242,10.9432,1.52
1787726703.449,1714,18.8,54324,10.9507,1.52
1787726703.468,1715,18.8,54329,10.9671,1.52
1787726703.487,1716,18.8,54325,10.9699,1.52
1787726703.506,1717,18.8,54325,10.9306,1.52
1787726703.525,1718,18.8,54339,10.9553,1.52
1787726703.544,1719,18.9,54277,10.9568,1.52
1787726703.563,1720,18.9,54245,10.9769,1.52
1787726703.582,1721,18.9,54259,10.9616,1.52
1787726703.601,1722,18.9,54312,10.9409,1.52
1787726703.620,1723,18.9,54281,10.9517,1.52
1787726703.639,1724,18.9,54312,10.9558,1.52
1787726703.658,1725,18.8,54330,10.9398,1.52
1787726703.677,1726,18.8,54353,10.9624,1.52
1787726703.696,1727,18.9,54224,10.9506,1.52
1787726703.715,1728,18.9,54308,10.9621,1.52
1787726703.733,1729,18.9,54255,10.9642,1.52
1787726703.752,1730,18.9,54299,10.9636,1.52
1787726703.771,1731,18.9,54297,10.9627,1.52
1787726703.790,1732,18.9,54267,10.9458,1.52
1787726703.809,1733,18.9,54303,10.9451,1.52
1787726703.828,1734,18.9,54267,10.9361,1.52
1787726703.847,1735,18.8,54361,10.9430,1.52
1787726703.866,1736,18.9,54238,10.9486,1.52
1787726703.885,1737,18.9,54305,10.9396,1.52
1787726703.904,1738,18.9,54231,10.9335,1.52
1787726703.923,1739,18.9,54230,10.9341,1.52
1787726703.942,1740,18.9,54321,10.9233,1.52
1787726703.961,1741,18.9,54239,10.9492,1.52
1787726703.980,1742,18.9,54224,10.9452,1.52
1787726703.999,1743,18.9,54295,10.9231,1.52
1787726704.018,1744,18.9,54292,10.9238,1.52
1787726704.037,1745,18.9,54277,10.9436,1.52
1787726704.056,1746,18.9,54277,10.9439,1.52
1787726704.075,1747,18.9,54264,10.9540,1.52
1787726704.094,1748,18.9,54275,10.9558,1.52
1787726704.113,1749,18.9,54277,10.9553,1.52
1787726704.132,1750,18.9,54296,10.9562,1.52
1787726704.151,1751,18.8,54324,10.9649,1.52
1787726704.170,1752,18.9,54279,10.9648,1.52
1787726704.189,1753,18.8,54332,10.9533,1.52
1787726704.208,1754,18.9,54280,10.9561,1.52
1787726704.227,1755,18.9,54294,10.9135,1.52
1787726704.246,1756,18.9,54301,10.9626,1.52
1787726704.265,1757,18.8,54369,10.9457,1.52
1787726704.284,1758,18.9,54290,10.9368,1.52
1787726704.303,1759,18.9,54319,10.9258,1.52
1787726704.322,1760,18.9,54316,10.9431,1.52
1787726704.341,1761,18.9,54309,10.9377,1.52
1787726704.360,1762,18.9,54290,10.9479,1.52
1787726704.379,1763,18.8,54333,10.9608,1.52
1787726704.397,1764,18.9,54320,10.9645,1.52
1787726704.416,1765,18.9,54211,10.9474,1.52
1787726704.435,1766,18.9,54303,10.9462,1.52
1787726704.454,1767,18.9,54219,10.9435,1.52
1787726704.473,1768,18.9,54270,10.9349,1.52
1787726704.492,1769,18.9,54260,10.9808,1.52
1787726704.511,1770,18.9,54284,10.9357,1.52
1787726704.530,1771,18.9,54238,10.9411,1.52
1787726704.549,1772,18.9,54316,10.9828,1.52
1787726704.568,1773,18.9,54272,10.9618,1.52
1787726704.587,1774,18.9,54150,10.9534,1.52
1787726704.606,1775,18.9,54255,10.9591,1.52
1787726704.625,1776,18.9,54281,10.9652,1.52
1787726704.644,1777,18.9,54315,10.9520,1.52
1787726704.663,1778,18.9,54263,10.9202,1.52
1787726704.682,1779,19.0,54006,10.9649,1.52
1787726704.701,1780,18.8,54325,10.9416,1.52
1787726704.720,1781,18.9,54270,10.9858,1.52
1787726704.739,1782,18.8,54345,10.9493,1.52
1787726704.758,1783,18.9,54303,10.9599,1.52
1787726704.777,1784,18.9,54212,10.9175,1.52
1787726704.796,1785,18.8,54341,10.9076,1.52
1787726704.815,1786,18.9,54316,10.9570,1.52
1787726704.834,1787,18.9,54284,10.9913,1.52
1787726704.853,1788,18.9,54315,10.9262,1.52
1787726704.872,1789,18.9,54219,10.9359,1.52
1787726704.891,1790,18.8,54343,10.9466,1.52
1787726704.910,1791,18.8,54352,10.9453,1.52
1787726704.929,1792,18.9,54303,10.9399,1.52
1787726704.948,1793,18.9,54262,10.9326,1.52
1787726704.967,1794,18.9,54305,10.9498,1.52
1787726704.986,1795,18.9,54250,10.9499,1.52
1787726705.005,1796,18.9,54274,10.9331,1.52
1787726705.024,1797,18.9,54092,10.9343,1.52
1787726705.043,1798,18.9,54270,10.9671,1.52
1787726705.062,1799,18.9,54268,10.9467,1.52
1787726705.081,1800,18.8,54367,10.9342,1.52
1787726705.100,1801,18.9,54310,10.9417,1.52
1787726705.120,1802,19.6,52210,10.9781,1.52
1787726705.139,1803,18.9,54277,10.9516,1.52
1787726705.157,1804,18.9,54310,10.9507,1.52
1787726705.176,1805,18.8,54345,10.9457,1.52
1787726705.195,1806,18.9,54298,10.9130,1.52
1787726705.214,1807,18.9,54290,10.9543,1.52
1787726705.233,1808,18.8,54343,10.9588,1.52
1787726705.252,1809,18.9,54282,10.9744,1.52
1787726705.271,1810,18.9,54233,10.9513,1.52
1787726705.290,1811,18.9,54303,10.9598,1.52
1787726705.309,1812,18.8,54334,10.9608,1.52
1787726705.328,1813,18.9,54223,10.9630,1.52
1787726705.347,1814,18.8,54342,10.9346,1.52
1787726705.366,1815,18.9,54294,10.9305,1.52
1787726705.385,1816,18.8,54336,10.9586,1.52
1787726705.404,1817,18.9,54240,10.9362,1.52
1787726705.423,1818,18.9,54273,10.9378,1.52
1787726705.442,1819,18.9,54303,10.9652,1.52
1787726705.461,1820,18.8,54325,10.9559,1.52
1787726705.480,1821,18.9,54270,10.9463,1.52
1787726705.499,1822,18.9,54302,10.9483,1.52
1787726705.518,1823,18.9,54292,10.9351,1.52
1787726705.537,1824,18.9,54277,10.9393,1.52
1787726705.556,1825,18.9,54237,10.9617,1.52
1787726705.575,1826,18.8,54358,10.9590,1.52
1787726705.594,1827,18.8,54336,10.9736,1.52
1787726705.613,1828,18.8,54362,10.9415,1.52
1787726705.632,1829,18.8,54352,10.9454,1.52
1787726705.651,1830,18.9,54216,10.9461,1.52
1787726705.670,1831,18.9,54292,10.9699,1.52
1787726705.689,1832,19.0,53914,10.9643,1.52
1787726705.709,1833,19.7,51998,10.9661,1.52
1787726705.729,1834,19.6,52298,10.9394,1.52
1787726705.749,1835,20.0,51261,10.9510,1.52
1787726705.769,1836,19.5,52590,10.9492,1.52
1787726705.789,1837,19.7,52087,10.9732,1.52
1787726705.808,1838,19.4,52849,10.9882,1.52
1787726705.828,1839,19.5,52627,10.9498,1.52
1787726705.848,1840,19.6,52116,10.9548,1.52
1787726705.868,1841,19.6,52306,10.9798,1.52
1787726705.888,1842,19.5,52612,10.9530,1.52
1787726705.908,1843,19.5,52503,10.9527,1.52
1787726705.927,1844,19.1,53686,10.9585,1.52
1787726705.946,1845,18.9,54210,10.9379,1.52
1787726705.965,1846,18.9,54188,10.9909,1.52
1787726705.984,1847,18.9,54299,10.9643,1.52
1787726706.003,1848,18.9,54308,10.9566,1.52
1787726706.022,1849,18.9,54305,10.9470,1.52
1787726706.041,1850,18.9,54228,10.9505,1.52
1787726706.060,1851,18.9,54255,10.9421,1.52
1787726706.079,1852,18.9,54286,10.9675,1.52
1787726706.098,1853,18.9,54276,10.9633,1.52
1787726706.117,1854,18.9,54257,10.9643,1.52
1787726706.136,1855,18.9,54242,10.9509,1.52
1787726706.155,1856,18.9,54245,10.9492,1.52
1787726706.174,1857,18.8,54383,10.9346,1.52
1787726706.193,1858,18.9,54267,10.9401,1.52
1787726706.212,1859,18.8,54378,10.9338,1.52
1787726706.231,1860,18.9,54205,10.9554,1.52
1787726706.250,1861,18.9,54188,10.9471,1.52
1787726706.269,1862,18.9,54316,10.9466,1.52
1787726706.288,1863,18.9,54278,10.9571,1.52
1787726706.307,1864,18.9,54249,10.9834,1.52
1787726706.326,1865,18.9,54244,10.9950,1.52
1787726706.345,1866,18.9,54285,10.9745,1.52
1787726706.363,1867,18.8,54356,10.9513,1.52
1787726706.382,1868,18.9,54270,10.9721,1.52
1787726706.401,1869,18.9,54299,10.9227,1.52
1787726706.420,1870,18.9,54299,10.9305,1.52
1787726706.439,1871,18.9,54254,10.9566,1.52
1787726706.458,1872,18.9,54191,10.9648,1.52
1787726706.477,1873,18.9,54261,10.9227,1.52
1787726706.496,1874,18.9,54210,10.9599,1.52
1787726706.516,1875,19.4,52772,10.9571,1.52
1787726706.538,1876,21.0,48778,10.9684,1.52
1787726706.558,1877,20.3,50528,10.9519,1.52
1787726706.580,1878,20.7,49382,10.9671,1.52
1787726706.600,1879,19.8,51718,10.9478,1.52
1787726706.621,1880,21.0,48663,10.9376,1.52
1787726706.642,1881,20.6,49766,10.9860,1.52
1787726706.664,1882,21.5,47521,10.9661,1.52
1787726706.686,1883,21.9,46715,10.9633,1.52
1787726706.709,1884,21.8,46925,10.9313,1.52
1787726706.731,1885,22.0,46599,10.9539,1.52
1787726706.754,1886,22.8,44861,10.9417,1.52
1787726706.777,1887,22.2,46149,10.9359,1.52
1787726706.802,1888,25.2,40612,10.9694,1.52
1787726706.828,1889,25.6,39931,10.9370,1.52
1787726706.849,1890,20.2,50697,10.9537,1.52
1787726706.869,1891,19.8,51707,10.9669,1.52
1787726706.889,1892,19.8,51742,10.9246,1.52
1787726706.911,1893,21.3,48093,10.9569,1.52
1787726706.932,1894,21.3,48142,10.9207,1.52
1787726706.954,1895,21.2,48277,10.9815,1.52
1787726706.975,1896,21.2,48345,10.9467,1.52
1787726706.997,1897,21.5,47534,10.9759,1.52
1787726707.020,1898,23.0,44483,10.9892,1.52
1787726707.077,1899,57.1,17919,10.9284,1.52
1787726707.120,1900,42.6,24038,10.9544,1.52
1787726707.157,1901,36.6,27951,10.9614,1.52
1787726707.197,1902,39.9,25664,10.9239,1.52
1787726707.228,1903,30.9,33192,10.9572,1.52
1787726707.247,1904,18.9,54156,10.9272,1.52
1787726707.266,1905,18.9,54277,10.9545,1.52
1787726707.285,1906,18.9,54242,10.9516,1.52
1787726707.304,1907,18.9,54269,10.9801,1.52
1787726707.323,1908,18.9,54228,10.9451,1.52
1787726707.342,1909,18.9,54255,10.9583,1.52
1787726707.361,1910,18.9,54244,10.9262,1.52
1787726707.380,1911,18.9,54241,10.9820,1.52
1787726707.399,1912,18.9,54210,10.9538,1.52
1787726707.418,1913,18.9,54309,10.9592,1.52
1787726707.437,1914,18.9,54260,10.9532,1.52
1787726707.456,1915,18.9,54203,10.9465,1.52
1787726707.475,1916,18.9,54280,10.9450,1.52
1787726707.494,1917,18.8,54329,10.9677,1.52
1787726707.513,1918,18.9,54281,10.9476,1.52
1787726707.532,1919,18.9,54303,10.9501,1.52
1787726707.551,1920,18.9,54274,10.9549,1.52
1787726707.570,1921,18.9,54242,10.9497,1.52
1787726707.589,1922,18.9,54225,10.9489,1.52
1787726707.608,1923,18.9,54275,10.9412,1.52
1787726707.627,1924,18.9,54320,10.9505,1.52
1787726707.646,1925,18.9,54315,10.9550,1.52
1787726707.665,1926,18.9,54295,10.9789,1.52
1787726707.684,1927,19.0,54019,10.9499,1.52
1787726707.703,1928,18.9,54233,10.9691,1.52
1787726707.722,1929,18.9,54253,10.9332,1.52
1787726707.741,1930,18.9,54280,10.9539,1.52
1787726707.760,1931,18.9,54271,10.9308,1.52
1787726707.779,1932,18.9,54290,10.9623,1.52
1787726707.798,1933,18.9,54314,10.9324,1.52
1787726707.817,1934,18.9,54311,10.9576,1.52
1787726707.836,1935,18.9,54311,10.9556,1.52
1787726707.855,1936,18.8,54376,10.9514,1.52
1787726707.874,1937,18.9,54215,10.9439,1.52
1787726707.893,1938,18.8,54355,10.9415,1.52
1787726707.912,1939,18.9,54298,10.9620,1.52
1787726707.930,1940,18.8,54329,10.9360,1.52
1787726707.949,1941,18.8,54349,10.9254,1.52
1787726707.969,1942,18.9,54312,10.9623,1.52
1787726708.030,1943,60.9,16805,10.9417,1.52
1787726708.098,1944,67.3,15215,10.9522,1.52
1787726708.141,1945,42.8,23931,10.9572,1.52
1787726708.169,1946,28.3,36212,10.9713,1.52
1787726708.242,1947,71.9,14240,10.9213,1.52
1787726708.313,1948,71.1,14395,10.9596,1.52
1787726708.348,1949,34.8,29436,10.9554,1.52
1787726708.390,1950,42.0,24364,10.9450,1.52
1787726708.468,1951,76.9,13313,10.9274,1.52
1787726708.542,1952,74.0,13845,10.9312,1.52
1787726708.566,1953,24.3,42189,10.9454,1.52
1787726708.594,1954,27.6,37168,10.9507,1.52
1787726708.650,1955,55.8,18338,10.9489,1.52
1787726708.690,1956,38.9,26330,10.9433,1.52
1787726708.709,1957,19.0,53805,10.9272,1.52
1787726708.728,1958,18.9,54175,10.9243,1.52
1787726708.747,1959,18.9,54231,10.9378,1.52
1787726708.766,1960,18.9,54275,10.9798,1.52
1787726708.785,1961,18.9,54240,10.9433,1.52
1787726708.804,1962,18.9,54277,10.9427,1.52
1787726708.823,1963,18.8,54350,10.9663,1.52
1787726708.842,1964,18.9,54316,10.9458,1.52
1787726708.861,1965,18.8,54328,10.9354,1.52
1787726708.880,1966,18.9,54246,10.9374,1.52
1787726708.899,1967,18.9,54287,10.9338,1.52
1787726708.918,1968,18.9,54249,10.9592,1.52
1787726708.937,1969,18.9,54292,10.9672,1.52
1787726708.956,1970,18.9,54275,10.9511,1.52
1787726708.975,1971,18.8,54345,10.9267,1.52
1787726708.994,1972,18.9,54276,10.9360,1.52
1787726709.012,1973,18.9,54270,10.9351,1.52
1787726709.032,1974,19.0,54002,10.9241,1.52
1787726709.050,1975,18.6,54978,10.9321,1.52
1787726709.069,1976,18.6,54957,10.9409,1.52
1787726709.088,1977,18.6,54953,10.9499,1.52
1787726709.107,1978,18.6,55059,10.9504,1.52
1787726709.125,1979,18.6,55064,10.9525,1.52
1787726709.144,1980,18.6,54983,10.9621,1.52
1787726709.163,1981,18.6,54940,10.9734,1.52
1787726709.181,1982,18.6,55004,10.9497,1.52
1787726709.200,1983,18.6,55003,10.9501,1.52
1787726709.219,1984,18.6,54974,10.9468,1.52
1787726709.238,1985,18.6,54970,10.9247,1.52
1787726709.256,1986,18.6,54954,10.9866,1.52
1787726709.275,1987,18.6,55014,10.9661,1.52
1787726709.294,1988,18.6,54964,10.9622,1.52
1787726709.313,1989,18.6,54990,10.9593,1.52
1787726709.331,1990,18.6,54983,10.9066,1.52
1787726709.350,1991,18.6,54939,10.9460,1.52
1787726709.369,1992,18.7,54801,10.9577,1.52
1787726709.388,1993,18.6,54983,10.9467,1.52
1787726709.406,1994,18.6,55002,10.9655,1.52
1787726709.425,1995,18.6,54930,10.9344,1.52
1787726709.444,1996,18.7,54814,10.9498,1.52
1787726709.463,1997,18.6,54964,10.9405,1.52
1787726709.481,1998,18.6,54992,10.9411,1.52
1787726709.500,1999,18.6,54992,10.9237,1.52
1787726709.519,2000,18.6,54985,10.9501,1.52
1787726709.538,2001,18.6,55021,10.9180,1.52
1787726709.556,2002,18.6,54951,10.9359,1.52
1787726709.575,2003,18.6,54939,10.9457,1.52
1787726709.594,2004,18.7,54877,10.9654,1.52
1787726709.613,2005,18.6,54979,10.9653,1.52
1787726709.631,2006,18.6,54988,10.9915,1.52
1787726709.650,2007,18.6,54966,10.9177,1.52
1787726709.693,2008,42.7,23992,10.9156,1.52
1787726709.761,2009,67.3,15219,10.9400,1.52
1787726709.819,2010,57.6,17793,10.9311,1.52
1787726709.843,2011,24.5,41823,10.9533,1.52
1787726709.898,2012,54.0,18971,10.9493,1.52
1787726709.971,2013,72.4,14145,10.9420,1.52
1787726710.026,2014,55.0,18629,10.9479,1.52
1787726710.050,2015,24.0,42672,10.9600,1.52
1787726710.119,2016,68.5,14959,10.9305,1.52
1787726710.196,2017,76.7,13353,10.9381,1.52
1787726710.245,2018,49.2,20815,10.9382,1.52
1787726710.272,2019,25.9,39612,10.9438,1.52
1787726710.318,2020,46.5,22007,10.9745,1.52
1787726710.373,2021,54.2,18888,10.9541,1.52
1787726710.393,2022,19.3,53088,10.9324,1.52
1787726710.412,2023,18.9,54205,10.9407,1.52
1787726710.431,2024,18.9,54188,10.9521,1.52
1787726710.450,2025,18.9,54265,10.9598,1.52
1787726710.469,2026,18.8,54341,10.9367,1.52
1787726710.488,2027,18.9,54299,10.9354,1.52
1787726710.507,2028,18.8,54333,10.9109,1.52
1787726710.525,2029,18.9,54256,10.9341,1.52
1787726710.545,2030,18.9,54180,10.9416,1.52
1787726710.563,2031,18.9,54316,10.9704,1.52
1787726710.582,2032,18.9,54298,10.9518,1.52
1787726710.601,2033,18.9,54287,10.9305,1.52
1787726710.620,2034,18.9,54281,10.9540,1.52
1787726710.639,2035,18.9,54310,10.9396,1.52
1787726710.658,2036,18.8,54338,10.9413,1.52
1787726710.677,2037,18.9,54280,10.9620,1.52
1787726710.696,2038,18.9,54210,10.9366,1.52
1787726710.715,2039,18.9,54250,10.9495,1.52
1787726710.734,2040,18.9,54273,10.9476,1.52
1787726710.753,2041,18.9,54262,10.9634,1.52
1787726710.772,2042,18.9,54293,10.9635,1.52
1787726710.791,2043,18.8,54325,10.9450,1.52
1787726710.810,2044,18.8,54349,10.9720,1.52
1787726710.829,2045,18.9,54255,10.9571,1.52
1787726710.848,2046,18.9,54312,10.9507,1.52
1787726710.867,2047,18.8,54375,10.9676,1.52
1787726710.886,2048,18.8,54354,10.9272,1.52
1787726710.905,2049,18.9,54314,10.9131,1.52
1787726710.924,2050,18.9,54307,10.9854,1.52
1787726710.943,2051,18.9,54312,10.9424,1.52
1787726710.962,2052,18.8,54374,10.9436,1.52
1787726710.981,2053,18.9,54256,10.9641,1.52
1787726711.000,2054,18.8,54325,10.9627,1.52
1787726711.019,2055,18.9,54299,10.9615,1.52
1787726711.038,2056,18.8,54334,10.9620,1.52
1787726711.057,2057,18.8,54400,10.9530,1.52
1787726711.076,2058,18.9,54277,10.9573,1.52
1787726711.095,2059,18.8,54341,10.9593,1.52
1787726711.114,2060,18.8,54334,10.9425,1.52
1787726711.133,2061,18.8,54330,10.9160,1.52
1787726711.151,2062,18.9,54312,10.9363,1.52
1787726711.170,2063,18.8,54370,10.9526,1.52
1787726711.189,2064,18.9,54281,10.9710,1.52
1787726711.208,2065,18.8,54338,10.9475,1.52
1787726711.227,2066,18.9,54262,10.9588,1.52
1787726711.246,2067,18.8,54334,10.9433,1.52
1787726711.265,2068,18.9,54269,10.9524,1.52
1787726711.284,2069,18.9,54314,10.9638,1.52
1787726711.303,2070,18.9,54260,10.9827,1.52
1787726711.322,2071,18.9,54277,10.9650,1.52
1787726711.341,2072,18.9,54216,10.9436,1.52
1787726711.360,2073,18.8,54341,10.9584,1.52
1787726711.379,2074,18.9,54243,10.9150,1.52
1787726711.398,2075,18.9,54281,10.9312,1.52
1787726711.417,2076,18.9,54211,10.9452,1.52
1787726711.436,2077,18.8,54352,10.9432,1.52
1787726711.455,2078,18.9,54257,10.9462,1.52
1787726711.474,2079,18.9,54277,10.9666,1.52
1787726711.493,2080,18.8,54326,10.9355,1.52
1787726711.512,2081,18.9,54320,10.9214,1.52
1787726711.531,2082,18.9,54288,10.9223,1.52
1787726711.550,2083,18.9,54316,10.9428,1.52
1787726711.569,2084,18.9,54321,10.9838,1.52
1787726711.588,2085,18.9,54218,10.9415,1.52
1787726711.607,2086,18.9,54275,10.9467,1.52
1787726711.626,2087,18.9,54277,10.9682,1.52
1787726711.645,2088,18.8,54332,10.9585,1.52
1787726711.664,2089,18.8,54325,10.9149,1.52
1787726711.683,2090,18.9,54070,10.9493,1.52
1787726711.702,2091,18.9,54294,10.9704,1.52
1787726711.721,2092,18.9,54235,10.9394,1.52
1787726711.740,2093,18.9,54237,10.9710,1.52
1787726711.759,2094,18.8,54351,10.9549,1.52
1787726711.778,2095,18.8,54331,10.9815,1.52
1787726711.797,2096,18.9,54260,10.9716,1.52
1787726711.816,2097,18.9,54291,10.9227,1.52
1787726711.835,2098,18.8,54358,10.9312,1.52
1787726711.854,2099,18.8,54340,10.9428,1.52
1787726711.872,2100,18.9,54315,10.9486,1.52
1787726711.891,2101,18.9,54314,10.9422,1.52
1787726711.910,2102,18.9,54286,10.9677,1.52
1787726711.929,2103,18.9,54262,10.9538,1.52
1787726711.948,2104,18.9,54304,10.9426,1.52
1787726711.967,2105,18.8,54334,10.9545,1.52
1787726711.986,2106,18.9,54255,10.9618,1.52
1787726712.005,2107,18.9,54277,10.9134,1.52
1787726712.024,2108,18.9,54240,10.9315,1.52
1787726712.043,2109,18.9,54283,10.9762,1.52
1787726712.062,2110,18.9,54268,10.9257,1.52
1787726712.081,2111,18.9,54286,10.9370,1.52
1787726712.100,2112,18.9,54268,10.9309,1.52
1787726712.119,2113,18.8,54330,10.9059,1.52
1787726712.138,2114,18.8,54363,10.9690,1.52
1787726712.157,2115,18.8,54325,10.9599,1.52
1787726712.176,2116,18.9,54291,10.9459,1.52
1787726712.195,2117,18.9,54283,10.9162,1.52
1787726712.214,2118,18.9,54316,10.9660,1.52
1787726712.233,2119,18.9,54308,10.9412,1.52
1787726712.252,2120,18.8,54359,10.9786,1.52
1787726712.271,2121,18.9,54313,10.9464,1.52
1787726712.290,2122,18.9,54299,10.9473,1.52
1787726712.309,2123,18.9,54282,10.9384,1.52
1787726712.328,2124,18.8,54346,10.9530,1.52
1787726712.347,2125,18.9,54316,10.9271,1.52
1787726712.366,2126,18.9,54282,10.9657,1.52
1787726712.385,2127,18.9,54323,10.9470,1.52
1787726712.403,2128,18.8,54362,10.9519,1.52
1787726712.422,2129,18.9,54270,10.9348,1.52
1787726712.441,2130,18.8,54329,10.9457,1.52
1787726712.460,2131,18.9,54255,10.9554,1.52
1787726712.479,2132,18.9,54277,10.9481,1.52
1787726712.498,2133,18.9,54260,10.9588,1.52
1787726712.517,2134,18.9,54268,10.9646,1.52
1787726712.536,2135,18.9,54286,10.9461,1.52
1787726712.555,2136,18.8,54355,10.9436,1.52
1787726712.574,2137,18.9,54272,10.9274,1.52
1787726712.593,2138,18.9,54270,10.9472,1.52
1787726712.612,2139,18.9,54242,10.9619,1.52
1787726712.631,2140,18.8,54352,10.9560,1.52
1787726712.650,2141,18.9,54268,10.9490,1.52
1787726712.669,2142,18.8,54327,10.9595,1.52
1787726712.688,2143,19.0,53996,10.9233,1.52
1787726712.707,2144,18.9,54279,10.9667,1.52
1787726712.726,2145,18.9,54229,10.9462,1.52
1787726712.745,2146,18.9,54247,10.9602,1.52
1787726712.764,2147,18.9,54266,10.9394,1.52
1787726712.783,2148,18.9,54316,10.9601,1.52
1787726712.802,2149,18.9,54268,10.9471,1.52
1787726712.821,2150,18.9,54293,10.9175,1.52
1787726712.840,2151,18.8,54365,10.9826,1.52
1787726712.859,2152,18.9,54303,10.9684,1.52
1787726712.878,2153,18.9,54317,10.9550,1.52
1787726712.897,2154,18.9,54317,10.9335,1.52
1787726712.916,2155,18.8,54356,10.9761,1.52
1787726712.935,2156,18.8,54374,10.9330,1.52
1787726712.954,2157,18.9,54322,10.9339,1.52
1787726712.973,2158,18.9,54274,10.9307,1.52
1787726712.992,2159,18.9,54284,10.9457,1.52
1787726713.011,2160,18.8,54411,10.9560,1.52
1787726713.030,2161,18.9,54224,10.9435,1.52
1787726713.049,2162,18.8,54326,10.9522,1.52
1787726713.068,2163,18.9,54288,10.9263,1.52
1787726713.087,2164,18.9,54313,10.9496,1.52
1787726713.105,2165,18.9,54268,10.9588,1.52
1787726713.124,2166,18.8,54326,10.9278,1.52
1787726713.143,2167,18.9,54274,10.9581,1.52
1787726713.162,2168,18.9,54298,10.9410,1.52
1787726713.181,2169,18.9,54188,10.9509,1.52
1787726713.200,2170,18.8,54324,10.9477,1.52
1787726713.219,2171,18.8,54356,10.9420,1.52
1787726713.238,2172,18.9,54319,10.9521,1.52
1787726713.257,2173,18.8,54349,10.9504,1.52
1787726713.276,2174,18.8,54334,10.9325,1.52
1787726713.295,2175,18.9,54309,10.9621,1.52
1787726713.314,2176,18.9,54316,10.9532,1.52
1787726713.333,2177,18.9,54264,10.9675,1.52
1787726713.352,2178,18.9,54310,10.9506,1.52
1787726713.371,2179,18.9,54298,10.9631,1.52
1787726713.390,2180,18.9,54303,10.9332,1.52
1787726713.409,2181,18.9,54295,10.9448,1.52
1787726713.428,2182,18.9,54319,10.9642,1.52
1787726713.447,2183,18.9,54225,10.9612,1.52
1787726713.466,2184,18.9,54301,10.9354,1.52
1787726713.485,2185,18.9,54311,10.9418,1.52
1787726713.504,2186,18.9,54267,10.9602,1.52
1787726713.523,2187,18.9,54277,10.9280,1.52
1787726713.542,2188,18.9,54305,10.9654,1.52
1787726713.561,2189,18.8,54337,10.9360,1.52
1787726713.580,2190,18.8,54351,10.9631,1.52
1787726713.599,2191,18.8,54359,10.9259,1.52
1787726713.618,2192,18.8,54333,10.9427,1.52
1787726713.636,2193,18.9,54279,10.9716,1.52
1787726713.655,2194,18.9,54297,10.9807,1.52
1787726713.674,2195,18.9,54277,10.9228,1.52
1787726713.693,2196,18.9,54103,10.9608,1.52
1787726713.712,2197,18.9,54292,10.9554,1.52
1787726713.731,2198,18.9,54282,10.9568,1.52
1787726713.750,2199,18.9,54299,10.9373,1.52
1787726713.769,2200,18.9,54319,10.9676,1.52
1787726713.788,2201,18.9,54299,10.9439,1.52
1787726713.807,2202,18.8,54327,10.9808,1.52
1787726713.826,2203,18.9,54272,10.9512,1.52
1787726713.845,2204,18.9,54319,10.9453,1.52
1787726713.864,2205,18.8,54340,10.9662,1.52
1787726713.883,2206,18.9,54256,10.9708,1.52
1787726713.902,2207,18.9,54323,10.9441,1.52
1787726713.921,2208,18.9,54269,10.9636,1.52
1787726713.940,2209,18.8,54357,10.9661,1.52
1787726713.959,2210,18.9,54295,10.9417,1.52
1787726713.978,2211,18.9,54269,10.9200,1.52
1787726713.997,2212,18.9,54289,10.9431,1.52
1787726714.016,2213,18.9,54296,10.9556,1.52
1787726714.035,2214,18.9,54290,10.9380,1.52
1787726714.054,2215,18.9,54320,10.9215,1.52
1787726714.073,2216,18.9,54268,10.9650,1.52
1787726714.092,2217,18.8,54387,10.9471,1.52
1787726714.111,2218,18.8,54338,10.9307,1.52
1787726714.130,2219,18.9,54320,10.9236,1.52
1787726714.149,2220,18.9,54303,10.9558,1.52
1787726714.168,2221,18.9,54319,10.9676,1.52
1787726714.187,2222,18.9,54264,10.9445,1.52
1787726714.206,2223,18.9,54279,10.9308,1.52
1787726714.225,2224,18.8,54332,10.9307,1.52
1787726714.243,2225,18.9,54280,10.9515,1.52
1787726714.262,2226,18.8,54358,10.9318,1.52
1787726714.281,2227,18.8,54332,10.9549,1.52
1787726714.300,2228,18.9,54315,10.9634,1.52
1787726714.319,2229,18.9,54266,10.9589,1.52
1787726714.338,2230,18.9,54269,10.9640,1.52
1787726714.357,2231,18.8,54355,10.9556,1.52
1787726714.376,2232,18.9,54297,10.9641,1.52
1787726714.395,2233,18.8,54327,10.9591,1.52
1787726714.414,2234,18.9,54313,10.9671,1.52
1787726714.433,2235,18.8,54373,10.9535,1.52
1787726714.452,2236,18.9,54301,10.9225,1.52
1787726714.471,2237,18.9,54298,10.9543,1.52
1787726714.490,2238,18.9,54284,10.9480,1.52
1787726714.509,2239,18.8,54367,10.9447,1.52
1787726714.528,2240,18.9,54314,10.9512,1.52
1787726714.547,2241,18.9,54283,10.9673,1.52
1787726714.566,2242,18.9,54312,10.9710,1.52
1787726714.585,2243,18.9,54216,10.9621,1.52
1787726714.604,2244,18.8,54330,10.9471,1.52
1787726714.623,2245,18.9,54296,10.9463,1.52
1787726714.642,2246,18.9,54312,10.9418,1.52
1787726714.661,2247,18.9,54319,10.9391,1.52
1787726714.680,2248,18.9,54284,10.9379,1.52
1787726714.699,2249,18.9,54238,10.9327,1.52
1787726714.718,2250,18.9,54235,10.9532,1.52
1787726714.737,2251,18.9,54275,10.9273,1.52
1787726714.756,2252,18.9,54279,10.9707,1.52
1787726714.775,2253,18.9,54301,10.9578,1.52
1787726714.794,2254,18.9,54313,10.9537,1.52
1787726714.813,2255,18.9,54275,10.9608,1.52
1787726714.831,2256,18.8,54354,10.9213,1.52
1787726714.850,2257,18.9,54284,10.9557,1.52
1787726714.869,2258,18.9,54273,10.9403,1.52
1787726714.888,2259,18.9,54294,10.9531,1.52
1787726714.907,2260,18.9,54240,10.9706,1.52
1787726714.926,2261,18.9,54297,10.9525,1.52
1787726714.945,2262,18.9,54297,10.9182,1.52
1787726714.964,2263,18.9,54281,10.9551,1.52
1787726714.983,2264,18.9,54319,10.9376,1.52
1787726715.002,2265,18.8,54362,10.9326,1.52
1787726715.021,2266,18.8,54347,10.9632,1.52
1787726715.040,2267,18.9,54318,10.9432,1.52
1787726715.059,2268,18.9,54266,10.9450,1.52
1787726715.078,2269,18.9,54284,10.9335,1.52
1787726715.097,2270,18.9,54269,10.9663,1.52
1787726715.116,2271,18.9,54311,10.9245,1.52
1787726715.135,2272,18.9,54323,10.9610,1.52
1787726715.154,2273,18.9,54240,10.9317,1.52
1787726715.173,2274,18.9,54305,10.9645,1.52
1787726715.192,2275,18.8,54330,10.9376,1.52
1787726715.211,2276,18.9,54299,10.9568,1.52
1787726715.230,2277,18.9,54299,10.9479,1.52
1787726715.249,2278,18.8,54352,10.9564,1.52
1787726715.268,2279,18.9,54291,10.9375,1.52
1787726715.287,2280,18.8,54339,10.9467,1.52
1787726715.306,2281,18.8,54347,10.9584,1.52
1787726715.325,2282,18.9,54290,10.9441,1.52
1787726715.344,2283,18.9,54231,10.9512,1.52
1787726715.363,2284,18.9,54290,10.9629,1.52
1787726715.382,2285,18.8,54352,10.9581,1.52
1787726715.402,2286,19.7,51889,10.9489,1.52
1787726715.421,2287,18.9,54074,10.9328,1.52
1787726715.440,2288,18.9,54292,10.9688,1.52
1787726715.459,2289,18.9,54186,10.9727,1.52
1787726715.478,2290,18.9,54197,10.9501,1.52
1787726715.497,2291,18.8,54332,10.9524,1.52
1787726715.516,2292,18.9,54303,10.9521,1.52
1787726715.535,2293,18.9,54292,10.9749,1.52
1787726715.553,2294,18.9,54274,10.9279,1.52
1787726715.572,2295,18.9,54229,10.9597,1.52
1787726715.591,2296,18.9,54230,10.9564,1.52
1787726715.610,2297,18.9,54319,10.9353,1.52
1787726715.629,2298,18.9,54258,10.9577,1.52
1787726715.648,2299,18.8,54364,10.9453,1.52
1787726715.667,2300,18.9,54205,10.9457,1.52
1787726715.687,2301,18.9,54047,10.9641,1.52
1787726715.706,2302,18.9,54277,10.9462,1.52
1787726715.725,2303,18.9,54290,10.9517,1.52
1787726715.744,2304,18.9,54270,10.9550,1.52
1787726715.763,2305,18.9,54274,10.9528,1.52
1787726715.781,2306,18.9,54310,10.9509,1.52
1787726715.800,2307,18.9,54287,10.9577,1.52
1787726715.819,2308,18.9,54319,10.9458,1.52
1787726715.838,2309,18.9,54313,10.9535,1.52
1787726715.857,2310,18.9,54296,10.9726,1.52
1787726715.876,2311,18.9,54310,10.9523,1.52
1787726715.895,2312,18.9,54237,10.9487,1.52
1787726715.914,2313,18.9,54227,10.9629,1.52
1787726715.933,2314,18.9,54195,10.9703,1.52
1787726715.952,2315,18.9,54262,10.9479,1.52
1787726715.971,2316,18.9,54185,10.9440,1.52
1787726716.036,2317,64.6,15861,10.9509,1.52
1787726716.107,2318,70.5,14533,10.9226,1.52
1787726716.144,2319,35.9,28514,10.9338,1.52
1787726716.179,2320,34.7,29493,10.9401,1.52
1787726716.252,2321,72.6,14100,10.9293,1.52
1787726716.325,2322,72.4,14140,10.9487,1.52
1787726716.352,2323,27.3,37469,10.9581,1.52
1787726716.399,2324,47.0,21771,10.9422,1.52
1787726716.479,2325,79.2,12937,10.9694,1.52
1787726716.545,2326,66.1,15495,10.9182,1.52
1787726716.569,2327,23.9,42782,10.9371,1.52
1787726716.599,2328,29.5,34766,10.9329,1.52
1787726716.660,2329,60.2,17017,10.9433,1.52
1787726716.694,2330,34.4,29809,10.9296,1.52
1787726716.714,2331,19.0,53976,10.9469,1.52
1787726716.733,2332,18.9,54211,10.9504,1.52
1787726716.752,2333,18.9,54262,10.9689,1.52
1787726716.771,2334,18.9,54259,10.9409,1.52
1787726716.789,2335,18.9,54308,10.9506,1.52
1787726716.808,2336,18.9,54273,10.9434,1.52
1787726716.827,2337,18.9,54293,10.9516,1.52
1787726716.847,2338,18.9,54229,10.9624,1.52
1787726716.866,2339,19.6,52290,10.9580,1.52
1787726716.886,2340,19.7,52111,10.9400,1.52
1787726716.906,2341,19.7,51919,10.9357,1.52
1787726716.926,2342,19.6,52269,10.9491,1.52
1787726716.946,2343,19.5,52554,10.9466,1.52
1787726716.966,2344,19.6,52335,10.9668,1.52
1787726716.986,2345,19.4,52682,10.9263,1.52
1787726717.005,2346,19.4,52743,10.9469,1.52
1787726717.026,2347,20.1,50883,10.9586,1.52
1787726717.046,2348,19.4,52898,10.9537,1.52
1787726717.066,2349,19.9,51377,10.9429,1.52
1787726717.086,2350,19.7,51968,10.9432,1.52
1787726717.105,2351,19.5,52605,10.9768,1.52
1787726717.124,2352,18.9,54122,10.9517,1.52
1787726717.143,2353,18.9,54222,10.9354,1.52
1787726717.162,2354,18.9,54277,10.9194,1.52
1787726717.181,2355,18.9,54197,10.9295,1.52
1787726717.200,2356,18.9,54262,10.9425,1.52
1787726717.219,2357,18.9,54249,10.9602,1.52
1787726717.238,2358,18.9,54276,10.9240,1.52
1787726717.257,2359,18.9,54254,10.9446,1.52
1787726717.276,2360,18.9,54296,10.9313,1.52
1787726717.295,2361,18.8,54338,10.9235,1.52
1787726717.314,2362,18.9,54286,10.9275,1.52
1787726717.333,2363,18.9,54315,10.9343,1.52
1787726717.352,2364,18.9,54218,10.9484,1.52
1787726717.371,2365,18.9,54227,10.9649,1.52
1787726717.390,2366,18.9,54284,10.9719,1.52
1787726717.409,2367,18.9,54289,10.9593,1.52
1787726717.428,2368,18.9,54220,10.9450,1.52
1787726717.447,2369,18.9,54211,10.9377,1.52
1787726717.466,2370,18.9,54283,10.9695,1.52
1787726717.485,2371,18.9,54320,10.9362,1.52
1787726717.504,2372,18.9,54222,10.9468,1.52
1787726717.523,2373,18.8,54332,10.9190,1.52
1787726717.542,2374,18.9,54299,10.9144,1.52
1787726717.561,2375,18.9,54258,10.9567,1.52
1787726717.580,2376,18.9,54197,10.9362,1.52
1787726717.599,2377,18.8,54328,10.9452,1.52
1787726717.618,2378,18.9,54253,10.9645,1.52
1787726717.637,2379,18.9,54276,10.9460,1.52
1787726717.656,2380,18.8,54327,10.9599,1.52
1787726717.675,2381,18.9,54238,10.9377,1.52
1787726717.695,2382,20.0,51243,10.9495,1.52
1787726717.716,2383,20.4,50302,10.9515,1.52
1787726717.736,2384,20.1,50955,10.9453,1.52
1787726717.756,2385,19.7,51887,10.9536,1.52
1787726717.778,2386,20.8,49289,10.9393,1.52
1787726717.799,2387,20.5,49872,10.9608,1.52
1787726717.819,2388,20.4,50144,10.9487,1.52
1787726717.840,2389,20.3,50403,10.9271,1.52
1787726717.863,2390,22.6,45383,10.9547,1.52
1787726717.884,2391,21.2,48397,10.9541,1.52
1787726717.905,2392,21.0,48850,10.9414,1.52
1787726717.927,2393,21.2,48273,10.9946,1.52
1787726717.948,2394,20.8,49192,10.9138,1.52
1787726717.969,2395,21.0,48750,10.9395,1.52
1787726717.990,2396,21.1,48627,10.9478,1.52
1787726718.011,2397,20.1,50961,10.9666,1.52
1787726718.054,2398,43.3,23637,10.9418,1.52
1787726718.122,2399,68.0,15060,10.9481,1.52
1787726718.182,2400,60.0,17056,10.9574,1.52
1787726718.207,2401,24.0,42613,10.9274,1.52
1787726718.272,2402,64.5,15875,10.9268,1.52
1787726718.345,2403,73.3,13966,10.9382,1.52
1787726718.393,2404,47.6,21525,10.9320,1.52
1787726718.425,2405,31.9,32122,10.9478,1.52
1787726718.502,2406,76.8,13336,10.9623,1.52
1787726718.581,2407,78.1,13114,10.9876,1.52
1787726718.614,2408,32.9,31148,10.9397,1.52
1787726718.641,2409,26.9,38065,10.9285,1.52
1787726718.681,2410,39.5,25942,10.9843,1.52
1787726718.734,2411,53.2,19234,10.9386,1.52
1787726718.754,2412,19.0,53780,10.9280,1.52
1787726718.772,2413,18.7,54786,10.9358,1.52
1787726718.791,2414,18.6,54957,10.9490,1.52
1787726718.810,2415,18.6,54938,10.9415,1.52
1787726718.829,2416,18.6,54960,10.9346,1.52
1787726718.847,2417,18.6,55003,10.9233,1.52
1787726718.866,2418,18.6,54919,10.9627,1.52
1787726718.885,2419,18.6,55011,10.9386,1.52
1787726718.904,2420,18.6,54952,10.9338,1.52
1787726718.922,2421,18.6,54955,10.9494,1.52
1787726718.941,2422,18.6,54966,10.9495,1.52
1787726718.960,2423,18.6,54947,10.9578,1.52
1787726718.979,2424,18.7,54823,10.9472,1.52
1787726718.997,2425,18.6,55002,10.9611,1.52
1787726719.016,2426,18.6,54938,10.9359,1.52
1787726719.035,2427,18.6,54985,10.9635,1.52
1787726719.054,2428,18.6,55000,10.9462,1.52
1787726719.072,2429,18.6,54928,10.9401,1.52
1787726719.091,2430,18.6,54965,10.9324,1.52
1787726719.110,2431,18.6,55023,10.9523,1.52
1787726719.128,2432,18.6,54976,10.9329,1.52
1787726719.147,2433,18.6,55026,10.9457,1.52
1787726719.166,2434,18.6,54978,10.9652,1.52
1787726719.185,2435,18.6,55029,10.9272,1.52
1787726719.203,2436,18.6,55007,10.9457,1.52
1787726719.222,2437,18.6,54969,10.9216,1.52
1787726719.241,2438,18.6,54962,10.9699,1.52
1787726719.260,2439,18.6,54999,10.9720,1.52
1787726719.278,2440,18.6,54962,10.9480,1.52
1787726719.297,2441,18.6,54983,10.9542,1.52
1787726719.316,2442,18.7,54804,10.9562,1.52
1787726719.335,2443,18.6,54957,10.9589,1.52
1787726719.354,2444,18.9,54123,10.9183,1.52
1787726719.373,2445,18.6,55001,10.9730,1.52
1787726719.391,2446,18.6,54985,10.9370,1.52
1787726719.410,2447,18.6,55040,10.9382,1.52
1787726719.429,2448,18.6,55031,10.9653,1.52
1787726719.447,2449,18.7,54865,10.9503,1.52
1787726719.466,2450,18.6,54985,10.9199,1.52
1787726719.485,2451,18.6,54958,10.9297,1.52
1787726719.504,2452,18.6,55029,10.9287,1.52
1787726719.522,2453,18.6,55000,10.9371,1.52
1787726719.541,2454,18.6,54945,10.9396,1.52
1787726719.560,2455,18.6,54968,10.9678,1.52
1787726719.579,2456,18.6,55012,10.9355,1.52
1787726719.597,2457,18.6,55020,10.9489,1.52
1787726719.616,2458,18.6,55020,10.9529,1.52
1787726719.635,2459,18.6,54974,10.9362,1.52
1787726719.653,2460,18.6,54994,10.9203,1.52
1787726719.672,2461,18.6,54972,10.9524,1.52
1787726719.691,2462,18.7,54770,10.9628,1.52
1787726719.710,2463,18.6,54929,10.9436,1.52
1787726719.730,2464,19.5,52408,10.9476,1.52
1787726719.748,2465,18.6,55011,10.9437,1.52
1787726719.767,2466,18.6,55015,10.9604,1.52
1787726719.786,2467,18.9,54172,10.9359,1.52
1787726719.805,2468,18.6,55007,10.9217,1.52
1787726719.823,2469,18.6,55021,10.9439,1.52
1787726719.842,2470,18.6,54988,10.9477,1.52
1787726719.861,2471,18.6,54981,10.9406,1.52
1787726719.880,2472,18.6,55057,10.9502,1.52
1787726719.898,2473,18.6,55035,10.9402,1.52
1787726719.917,2474,18.6,55011,10.9514,1.52
1787726719.936,2475,18.6,55002,10.9282,1.52
1787726719.955,2476,18.6,55018,10.9711,1.52
1787726719.973,2477,18.6,54985,10.9321,1.52
1787726719.992,2478,18.6,54978,10.9189,1.52
1787726720.011,2479,18.6,55012,10.9446,1.52
1787726720.029,2480,18.6,55033,10.9386,1.52
1787726720.048,2481,18.6,54945,10.9597,1.52
1787726720.067,2482,18.6,55001,10.9620,1.52
1787726720.086,2483,18.6,54983,10.9566,1.52
1787726720.104,2484,18.6,54990,10.9497,1.52
1787726720.123,2485,18.6,54962,10.9701,1.52
1787726720.142,2486,18.6,55036,10.9352,1.52
1787726720.161,2487,18.6,54962,10.9438,1.52
1787726720.179,2488,18.6,55032,10.9598,1.52
1787726720.198,2489,18.6,55026,10.9427,1.52
1787726720.217,2490,18.6,55060,10.9351,1.52
1787726720.235,2491,18.6,54996,10.9466,1.52
1787726720.254,2492,18.6,54963,10.9410,1.52
1787726720.273,2493,18.6,54951,10.9480,1.52
1787726720.292,2494,19.1,53685,10.9449,1.52
1787726720.312,2495,19.4,52838,10.9473,1.52
1787726720.332,2496,19.1,53568,10.9701,1.52
1787726720.351,2497,19.2,53352,10.9647,1.52
1787726720.371,2498,19.9,51408,10.9525,1.52
1787726720.390,2499,19.1,53741,10.9486,1.52
1787726720.410,2500,19.2,53395,10.9637,1.52
1787726720.430,2501,19.2,53334,10.9324,1.52
1787726720.450,2502,19.5,52474,10.9272,1.52
1787726720.470,2503,19.7,51991,10.9287,1.52
1787726720.489,2504,19.2,53213,10.9413,1.52
1787726720.509,2505,19.2,53213,10.9560,1.52
1787726720.528,2506,18.7,54703,10.9236,1.52
1787726720.546,2507,18.6,54980,10.9318,1.52
1787726720.565,2508,18.6,55000,10.9621,1.52
1787726720.584,2509,18.6,54943,10.9517,1.52
1787726720.603,2510,18.6,54985,10.9410,1.52
1787726720.621,2511,18.6,55004,10.9454,1.52
1787726720.640,2512,18.6,54955,10.9507,1.52
1787726720.659,2513,18.6,54945,10.9638,1.52
1787726720.678,2514,18.6,54973,10.9436,1.52
1787726720.696,2515,18.6,54907,10.9669,1.52
1787726720.715,2516,18.6,54947,10.9417,1.52
1787726720.734,2517,18.6,54941,10.9347,1.52
1787726720.753,2518,18.6,54931,10.9373,1.52
1787726720.771,2519,18.6,54980,10.9435,1.52
1787726720.790,2520,18.6,54979,10.9670,1.52
1787726720.809,2521,18.6,54928,10.9660,1.52
1787726720.828,2522,18.6,54965,10.9320,1.52
1787726720.846,2523,18.6,54977,10.9481,1.52
1787726720.865,2524,18.6,54950,10.9623,1.52
1787726720.884,2525,18.6,54990,10.9559,1.52
1787726720.903,2526,18.6,54955,10.9442,1.52
1787726720.921,2527,18.6,54998,10.9443,1.52
1787726720.940,2528,18.6,54973,10.9550,1.52
1787726720.959,2529,18.6,54919,10.9202,1.52
1787726720.978,2530,18.7,54866,10.9768,1.52
1787726720.996,2531,18.6,54950,10.9161,1.52
1787726721.015,2532,18.6,54907,10.9346,1.52
1787726721.034,2533,18.6,55022,10.9636,1.52
1787726721.053,2534,18.6,54999,10.9471,1.52
1787726721.071,2535,18.6,55025,10.9532,1.52
1787726721.090,2536,18.6,55009,10.9650,1.52
1787726721.109,2537,18.6,54996,10.9498,1.52
1787726721.127,2538,18.6,54977,10.9467,1.52
1787726721.146,2539,18.6,55024,10.9411,1.52
1787726721.165,2540,18.6,54952,10.9226,1.52
1787726721.184,2541,18.6,54965,10.9430,1.52
1787726721.202,2542,18.6,54974,10.9466,1.52
1787726721.221,2543,18.6,54995,10.9341,1.52
1787726721.240,2544,18.6,54964,10.9741,1.52
1787726721.259,2545,18.6,55013,10.9603,1.52
1787726721.277,2546,18.6,55062,10.9181,1.52
1787726721.296,2547,18.6,54941,10.9391,1.52
1787726721.315,2548,18.6,54959,10.9698,1.52
1787726721.334,2549,18.6,54946,10.9583,1.52
1787726721.352,2550,18.7,54888,10.9162,1.52
1787726721.371,2551,18.6,54940,10.9673,1.52
1787726721.390,2552,18.6,54975,10.9373,1.52
1787726721.409,2553,18.6,55002,10.9561,1.52
1787726721.427,2554,18.6,55083,10.9493,1.52
1787726721.446,2555,18.6,54926,10.9258,1.52
1787726721.465,2556,18.6,54979,10.9241,1.52
1787726721.484,2557,18.6,54976,10.9517,1.52
1787726721.502,2558,18.6,54972,10.9504,1.52
1787726721.521,2559,18.6,54927,10.9466,1.52
1787726721.540,2560,18.6,54976,10.9581,1.52
1787726721.559,2561,18.6,54959,10.9726,1.52
1787726721.580,2562,20.6,49665,10.9316,1.52
1787726721.601,2563,20.5,49935,10.9842,1.52
1787726721.621,2564,19.6,52118,10.9260,1.52
1787726721.641,2565,20.5,49996,10.9362,1.52
1787726721.661,2566,19.5,52587,10.9733,1.52
1787726721.682,2567,20.6,49690,10.9214,1.52
1787726721.703,2568,20.3,50486,10.9428,1.52
1787726721.723,2569,20.3,50363,10.9563,1.52
1787726721.744,2570,20.1,50931,10.9376,1.52
1787726721.765,2571,20.3,50552,10.9316,1.52
1787726721.785,2572,20.5,49966,10.9504,1.52
1787726721.807,2573,21.0,48673,10.9723,1.52
1787726721.829,2574,22.4,45737,10.9362,1.52
1787726721.852,2575,22.2,46083,10.9316,1.52
1787726721.874,2576,21.6,47314,10.9490,1.52
1787726721.896,2577,21.8,47001,10.9475,1.52
1787726721.919,2578,22.6,45384,10.9387,1.52
1787726721.942,2579,22.0,46441,10.9479,1.52
1787726721.969,2580,26.9,38032,10.9268,1.52
1787726721.993,2581,23.2,44223,10.9674,1.52
1787726722.014,2582,21.1,48509,10.9346,1.52
1787726722.035,2583,20.7,49442,10.9458,1.52
1787726722.055,2584,19.6,52189,10.9483,1.52
1787726722.076,2585,21.0,48869,10.9667,1.52
1787726722.097,2586,20.1,50978,10.9080,1.52
1787726722.118,2587,20.9,48917,10.9364,1.52
1787726722.140,2588,21.8,46903,10.9497,1.52
1787726722.162,2589,21.5,47636,10.9658,1.52
1787726722.186,2590,23.3,44034,10.9497,1.52
1787726722.207,2591,20.8,49288,10.9314,1.52
1787726722.228,2592,21.1,48427,10.9449,1.52
1787726722.249,2593,21.0,48717,10.9607,1.52
1787726722.271,2594,21.2,48348,10.9235,1.52
1787726722.291,2595,19.5,52499,10.9460,1.52
1787726722.311,2596,20.3,50523,10.9549,1.52
1787726722.333,2597,21.3,48081,10.9335,1.52
1787726722.368,2598,35.5,28841,10.9640,1.52
1787726722.439,2599,70.9,14437,10.9435,1.52
1787726722.512,2600,72.9,14051,10.9462,1.52
1787726722.537,2601,24.5,41723,10.9469,1.52
1787726722.587,2602,49.7,20613,10.9335,1.52
1787726722.666,2603,78.9,12976,10.9211,1.52
1787726722.729,2604,62.1,16487,10.9660,1.52
1787726722.752,2605,23.5,43638,10.9105,1.52
1787726722.789,2606,36.5,28056,10.9319,1.52
1787726722.834,2607,44.6,22953,10.9556,1.52
1787726722.857,2608,22.2,46040,10.9657,1.52
1787726722.877,2609,19.5,52388,10.9653,1.52
1787726722.896,2610,19.5,52570,10.9486,1.52
1787726722.916,2611,19.5,52447,10.9396,1.52
1787726722.937,2612,19.9,51341,10.9475,1.52
1787726722.956,2613,19.5,52554,10.9750,1.52
1787726722.976,2614,19.5,52435,10.9357,1.52
1787726722.998,2615,20.9,48935,10.9720,1.52
1787726723.018,2616,19.6,52253,10.9441,1.52
1787726723.039,2617,21.4,47885,10.9560,1.52
1787726723.062,2618,22.5,45595,10.9388,1.52
1787726723.084,2619,21.7,47239,10.9568,1.52
1787726723.154,2620,69.4,14750,10.9589,1.52
1787726723.229,2621,74.7,13704,10.9254,1.52
1787726723.272,2622,42.9,23864,10.9477,1.52
1787726723.319,2623,46.5,22014,10.9640,1.52
1787726723.398,2624,78.4,13067,10.9458,1.52
1787726723.469,2625,71.3,14363,10.9331,1.52
1787726723.494,2626,24.2,42305,10.9601,1.52
1787726723.530,2627,36.4,28145,10.9311,1.52
1787726723.571,2628,40.8,25118,10.9611,1.52
1787726723.607,2629,34.8,29427,10.9375,1.52
1787726723.626,2630,19.1,53565,10.9683,1.52
1787726723.645,2631,18.9,54135,10.9427,1.52
1787726723.664,2632,18.9,54212,10.9547,1.52
1787726723.683,2633,19.0,54033,10.9202,1.52
1787726723.702,2634,18.9,54307,10.9381,1.52
1787726723.721,2635,18.9,54263,10.9331,1.52
1787726723.740,2636,18.9,54298,10.9444,1.52
1787726723.759,2637,18.9,54276,10.9521,1.52
1787726723.778,2638,18.9,54281,10.9608,1.52
1787726723.797,2639,18.9,54294,10.9558,1.52
1787726723.816,2640,18.9,54266,10.9753,1.52
1787726723.835,2641,18.9,54295,10.9589,1.52
1787726723.854,2642,18.9,54251,10.9522,1.52
1787726723.873,2643,18.9,54311,10.9765,1.52
1787726723.892,2644,18.9,54284,10.9412,1.52
1787726723.911,2645,18.9,54264,10.9568,1.52
1787726723.930,2646,18.9,54231,10.9400,1.52
1787726723.949,2647,18.9,54266,10.9652,1.52
1787726723.968,2648,18.9,54303,10.9405,1.52
1787726723.987,2649,18.9,54257,10.9527,1.52
1787726724.006,2650,18.8,54332,10.9652,1.52
1787726724.025,2651,18.9,54260,10.9493,1.52
1787726724.043,2652,18.8,54324,10.9297,1.52
1787726724.062,2653,18.9,54288,10.9594,1.52
1787726724.081,2654,18.9,54281,10.9456,1.52
1787726724.100,2655,18.9,54284,10.9381,1.52
1787726724.119,2656,18.9,54315,10.9430,1.52
1787726724.138,2657,18.9,54260,10.9500,1.52
1787726724.157,2658,18.9,54244,10.9313,1.52
1787726724.176,2659,18.9,54270,10.9370,1.52
1787726724.195,2660,18.9,54267,10.9371,1.52
1787726724.214,2661,18.9,54301,10.9438,1.52
1787726724.255,2662,40.1,25522,10.9297,1.52
1787726724.325,2663,70.3,14569,10.9378,1.52
1787726724.382,2664,56.9,17999,10.9521,1.52
1787726724.407,2665,24.5,41823,10.9424,1.52
1787726724.458,2666,50.4,20327,10.9360,1.52
1787726724.531,2667,72.0,14214,10.9302,1.52
1787726724.589,2668,58.3,17574,10.9620,1.52
1787726724.614,2669,24.4,42044,10.9689,1.52
1787726724.678,2670,63.9,16014,10.9389,1.52
1787726724.755,2671,76.9,13309,10.9529,1.52
1787726724.808,2672,52.7,19428,10.9498,1.52
1787726724.834,2673,24.8,41214,10.9477,1.52
1787726724.878,2674,43.8,23376,10.9397,1.52
1787726724.936,2675,58.1,17633,10.9352,1.52
1787726724.956,2676,19.3,53044,10.9811,1.52
1787726724.975,2677,18.9,54137,10.9547,1.52
1787726724.994,2678,18.9,54167,10.9376,1.52
1787726725.013,2679,18.9,54255,10.9455,1.52
1787726725.032,2680,18.9,54279,10.9662,1.52
1787726725.051,2681,18.9,54300,10.9501,1.52
1787726725.070,2682,18.9,54272,10.9491,1.52
1787726725.089,2683,18.9,54279,10.9365,1.52
1787726725.108,2684,18.9,54234,10.9317,1.52
1787726725.127,2685,18.9,54285,10.9390,1.52
1787726725.146,2686,18.9,54321,10.9469,1.52
1787726725.165,2687,18.9,54277,10.9665,1.52
1787726725.184,2688,18.9,54308,10.9190,1.52
1787726725.203,2689,18.9,54245,10.9563,1.52
1787726725.222,2690,18.9,54316,10.9222,1.52
1787726725.241,2691,18.8,54330,10.9398,1.52
1787726725.260,2692,18.9,54280,10.9237,1.52
1787726725.279,2693,18.9,54262,10.9653,1.52
1787726725.298,2694,18.9,54258,10.9339,1.52
1787726725.317,2695,18.9,54226,10.9466,1.52
1787726725.336,2696,18.9,54271,10.9491,1.52
1787726725.354,2697,18.9,54303,10.9436,1.52
1787726725.373,2698,18.9,54301,10.9522,1.52
1787726725.392,2699,18.9,54308,10.9419,1.52
1787726725.411,2700,18.9,54263,10.9273,1.52
1787726725.430,2701,18.9,54238,10.9793,1.52
1787726725.449,2702,18.9,54294,10.9629,1.52
1787726725.468,2703,18.8,54332,10.9437,1.52
1787726725.487,2704,18.9,54240,10.9351,1.52
1787726725.506,2705,18.9,54282,10.9458,1.52
1787726725.525,2706,18.9,54239,10.9630,1.52
1787726725.544,2707,18.8,54325,10.9420,1.52
1787726725.563,2708,18.9,54294,10.9251,1.52
1787726725.582,2709,18.9,54253,10.9537,1.52
1787726725.601,2710,18.9,54192,10.9495,1.52
1787726725.620,2711,18.8,54363,10.9304,1.52
1787726725.639,2712,18.9,54316,10.9612,1.52
1787726725.658,2713,18.9,54240,10.9372,1.52
1787726725.677,2714,18.9,54319,10.9508,1.52
1787726725.696,2715,18.9,54120,10.9284,1.52
1787726725.715,2716,18.9,54272,10.9195,1.52
1787726725.734,2717,18.9,54244,10.9397,1.52
1787726725.753,2718,18.9,54271,10.9254,1.52
1787726725.772,2719,18.9,54312,10.9277,1.52
1787726725.791,2720,18.8,54332,10.9181,1.52
1787726725.810,2721,18.9,54255,10.9579,1.52
1787726725.829,2722,18.9,54275,10.9352,1.52
1787726725.848,2723,18.8,54344,10.9455,1.52
1787726725.867,2724,18.9,54262,10.9681,1.52
1787726725.886,2725,18.9,54320,10.9310,1.52
1787726725.905,2726,18.9,54273,10.9641,1.52
1787726725.924,2727,18.9,54318,10.9687,1.52
1787726725.943,2728,18.8,54354,10.9255,1.52
1787726725.962,2729,18.9,54261,10.9391,1.52
1787726725.981,2730,18.9,54267,10.9534,1.52
1787726726.000,2731,18.8,54331,10.9200,1.52
1787726726.019,2732,18.9,54238,10.9492,1.52
1787726726.038,2733,18.9,54300,10.9586,1.52
1787726726.057,2734,18.9,54263,10.9523,1.52
1787726726.076,2735,18.9,54306,10.9562,1.52
1787726726.095,2736,18.9,54315,10.9370,1.52
1787726726.114,2737,18.9,54315,10.9492,1.52
1787726726.132,2738,18.8,54337,10.9573,1.52
1787726726.151,2739,18.9,54276,10.9305,1.52
1787726726.170,2740,18.8,54327,10.9451,1.52
1787726726.189,2741,18.9,54305,10.9394,1.52
1787726726.208,2742,18.9,54251,10.9385,1.52
1787726726.227,2743,18.9,54273,10.9647,1.52
1787726726.246,2744,18.9,54319,10.9399,1.52
1787726726.265,2745,18.9,54268,10.9620,1.52
1787726726.284,2746,18.9,54295,10.9443,1.52
1787726726.303,2747,18.9,54273,10.9629,1.52
1787726726.322,2748,18.9,54196,10.9319,1.52
1787726726.341,2749,18.9,54273,10.9742,1.52
1787726726.360,2750,18.9,54279,10.9563,1.52
1787726726.379,2751,18.9,54257,10.9203,1.52
1787726726.398,2752,18.9,54302,10.9374,1.52
1787726726.417,2753,18.8,54336,10.9548,1.52
1787726726.436,2754,18.9,54321,10.9442,1.52
1787726726.455,2755,18.9,54219,10.9358,1.52
1787726726.474,2756,18.9,54278,10.9350,1.52
1787726726.493,2757,18.9,54291,10.9595,1.52
1787726726.512,2758,18.9,54254,10.9559,1.52
1787726726.531,2759,18.9,54318,10.9517,1.52
1787726726.550,2760,18.9,54304,10.9355,1.52
1787726726.569,2761,18.9,54303,10.9151,1.52
1787726726.588,2762,18.9,54308,10.9351,1.52
1787726726.607,2763,18.9,54303,10.9156,1.52
1787726726.626,2764,18.9,54228,10.9606,1.52
1787726726.645,2765,18.9,54295,10.9394,1.52
1787726726.664,2766,18.9,54268,10.9473,1.52
1787726726.683,2767,18.9,54214,10.9697,1.52
1787726726.702,2768,18.9,54268,10.9413,1.52
1787726726.721,2769,18.9,54251,10.9648,1.52
1787726726.740,2770,18.8,54353,10.9412,1.52
1787726726.759,2771,18.9,54318,10.9364,1.52
1787726726.778,2772,18.9,54281,10.9600,1.52
1787726726.797,2773,18.9,54284,10.9502,1.52
1787726726.815,2774,18.9,54293,10.9478,1.52
1787726726.834,2775,18.9,54297,10.9713,1.52
1787726726.853,2776,18.8,54336,10.9578,1.52
1787726726.872,2777,18.8,54363,10.9444,1.52
1787726726.891,2778,18.9,54274,10.9279,1.52
1787726726.910,2779,18.9,54255,10.9304,1.52
1787726726.929,2780,18.9,54321,10.9579,1.52
1787726726.948,2781,18.9,54264,10.9401,1.52
1787726726.967,2782,18.9,54308,10.9474,1.52
1787726726.986,2783,18.9,54320,10.9608,1.52
1787726727.005,2784,18.9,54270,10.9202,1.52
1787726727.024,2785,18.9,54244,10.9324,1.52
1787726727.043,2786,18.9,54292,10.9398,1.52
1787726727.062,2787,18.9,54251,10.9298,1.52
1787726727.081,2788,18.9,54305,10.9505,1.52
1787726727.100,2789,18.9,54273,10.9836,1.52
1787726727.119,2790,18.8,54349,10.9645,1.52
1787726727.138,2791,18.9,54279,10.9456,1.52
1787726727.157,2792,18.8,54356,10.9365,1.52
1787726727.176,2793,18.8,54335,10.9547,1.52
1787726727.195,2794,18.9,54273,10.9598,1.52
1787726727.214,2795,18.8,54327,10.9561,1.52
1787726727.233,2796,18.8,54402,10.9364,1.52
1787726727.252,2797,18.9,54314,10.9499,1.52
1787726727.271,2798,18.9,54322,10.9515,1.52
1787726727.290,2799,18.9,54310,10.9465,1.52
1787726727.309,2800,18.9,54301,10.9302,1.52
1787726727.328,2801,18.9,54311,10.9460,1.52
1787726727.347,2802,18.9,54276,10.9501,1.52
1787726727.365,2803,18.8,54345,10.9555,1.52
1787726727.384,2804,18.9,54289,10.9329,1.52
1787726727.403,2805,18.9,54301,10.9514,1.52
1787726727.422,2806,18.9,54321,10.9339,1.52
1787726727.441,2807,18.9,54274,10.9543,1.52
1787726727.460,2808,18.9,54236,10.9493,1.52
1787726727.479,2809,18.9,54250,10.9382,1.52
1787726727.498,2810,18.9,54282,10.9255,1.52
1787726727.517,2811,18.9,54315,10.9305,1.52
1787726727.536,2812,18.9,54308,10.9523,1.52
1787726727.555,2813,18.8,54328,10.9562,1.52
1787726727.574,2814,18.9,54314,10.9450,1.52
1787726727.593,2815,18.9,54297,10.9258,1.52
1787726727.612,2816,18.9,54247,10.9230,1.52
1787726727.631,2817,18.9,54297,10.9237,1.52
1787726727.650,2818,18.8,54360,10.9486,1.52
1787726727.669,2819,18.8,54363,10.9786,1.52
1787726727.688,2820,19.0,53926,10.9527,1.52
1787726727.707,2821,18.9,54261,10.9317,1.52
1787726727.761,2822,53.4,19175,10.9286,1.52
1787726727.829,2823,67.3,15205,10.9390,1.52
1787726727.875,2824,46.7,21916,10.9893,1.52
1787726727.895,2825,19.5,52542,10.9333,1.52
1787726727.914,2826,19.0,53899,10.9188,1.52
1787726727.936,2827,21.6,47501,10.9168,1.52
1787726727.961,2828,24.2,42260,10.9353,1.52
1787726728.033,2829,71.9,14248,10.9807,1.52
1787726728.105,2830,72.0,14226,10.9250,1.52
1787726728.144,2831,38.3,26727,10.9724,1.52
1787726728.179,2832,34.5,29648,10.9700,1.52
1787726728.256,2833,76.5,13393,10.9467,1.52
1787726728.333,2834,76.8,13329,10.9581,1.52
1787726728.362,2835,28.7,35660,10.9309,1.52
1787726728.389,2836,26.8,38247,10.9345,1.52
1787726728.441,2837,52.2,19633,10.9090,1.52
1787726728.485,2838,43.8,23398,10.9790,1.52
1787726728.505,2839,19.2,53421,10.9526,1.52
1787726728.524,2840,18.9,54104,10.9486,1.52
1787726728.543,2841,18.9,54121,10.9487,1.52
1787726728.562,2842,18.9,54182,10.9571,1.52
1787726728.581,2843,18.9,54290,10.9244,1.52
1787726728.600,2844,18.9,54253,10.9064,1.52
1787726728.619,2845,18.8,54358,10.9591,1.52
1787726728.638,2846,18.9,54285,10.9495,1.52
1787726728.657,2847,18.9,54251,10.9301,1.52
1787726728.676,2848,18.9,54257,10.9456,1.52
1787726728.695,2849,18.9,54160,10.9371,1.52
1787726728.714,2850,18.9,54233,10.9507,1.52
1787726728.733,2851,18.9,54295,10.9694,1.52
1787726728.751,2852,18.9,54310,10.9426,1.52
1787726728.770,2853,18.9,54295,10.9126,1.52
1787726728.789,2854,18.9,54221,10.9814,1.52
1787726728.808,2855,18.9,54270,10.9508,1.52
1787726728.849,2856,40.3,25382,10.9368,1.52
1787726728.919,2857,69.9,14645,10.9272,1.52
1787726728.977,2858,57.1,17939,10.9333,1.52
1787726729.001,2859,24.1,42534,10.9528,1.52
1787726729.022,2860,20.0,51179,10.9673,1.52
1787726729.042,2861,19.3,53083,10.9485,1.52
1787726729.061,2862,19.4,52825,10.9254,1.52
1787726729.081,2863,19.6,52337,10.9155,1.52
1787726729.102,2864,20.5,50016,10.9518,1.52
1787726729.123,2865,20.9,48999,10.9416,1.52
1787726729.143,2866,19.1,53502,10.9564,1.52
1787726729.162,2867,19.0,53905,10.9292,1.52
1787726729.181,2868,19.0,53758,10.9598,1.52
1787726729.200,2869,19.0,53964,10.9508,1.52
1787726729.219,2870,18.9,54107,10.9420,1.52
1787726729.238,2871,18.9,54085,10.9615,1.52
1787726729.257,2872,18.9,54155,10.9481,1.52
1787726729.277,2873,18.9,54120,10.9171,1.52
1787726729.296,2874,18.9,54180,10.9348,1.52
1787726729.315,2875,18.9,54220,10.9554,1.52
1787726729.334,2876,18.9,54206,10.9804,1.52
1787726729.353,2877,18.9,54156,10.9433,1.52
1787726729.394,2878,41.1,24932,10.9577,1.52
1787726729.466,2879,71.7,14285,10.9307,1.52
1787726729.530,2880,63.9,16034,10.9431,1.52
1787726729.556,2881,24.0,42591,10.9196,1.52
1787726729.604,2882,47.3,21643,10.9542,1.52
1787726729.681,2883,76.5,13391,10.9516,1.52
1787726729.749,2884,67.8,15098,10.9223,1.52
1787726729.774,2885,23.7,43239,10.9539,1.52
1787726729.802,2886,28.3,36158,10.9182,1.52
1787726729.857,2887,54.0,18966,10.9605,1.52
1787726729.899,2888,42.1,24346,10.9422,1.52
1787726729.919,2889,19.3,52960,10.9391,1.52
1787726729.938,2890,19.0,53921,10.9490,1.52
1787726729.957,2891,18.7,54715,10.9605,1.52
1787726729.976,2892,18.7,54740,10.9795,1.52
1787726729.995,2893,18.7,54823,10.9474,1.52
1787726730.013,2894,18.7,54894,10.9645,1.52
1787726730.032,2895,18.7,54833,10.9493,1.52
1787726730.051,2896,18.7,54832,10.9060,1.52
1787726730.070,2897,18.7,54751,10.9727,1.52
1787726730.089,2898,18.7,54856,10.9474,1.52
1787726730.107,2899,18.7,54823,10.9294,1.52
1787726730.126,2900,18.7,54903,10.9727,1.52
1787726730.145,2901,18.7,54804,10.9648,1.52
1787726730.164,2902,18.7,54812,10.9590,1.52
1787726730.183,2903,18.7,54844,10.9275,1.52
1787726730.202,2904,18.7,54747,10.9829,1.52
1787726730.220,2905,18.6,54995,10.9138,1.52
1787726730.239,2906,18.6,54974,10.9431,1.52
1787726730.259,2907,19.2,53423,10.9495,1.52
1787726730.279,2908,19.7,52005,10.9344,1.52
1787726730.299,2909,19.8,51636,10.9636,1.52
1787726730.339,2910,39.5,25908,10.9300,1.52
1787726730.408,2911,69.3,14770,10.9407,1.52
1787726730.474,2912,65.6,15619,10.9331,1.52
1787726730.499,2913,24.2,42386,10.9356,1.52
1787726730.526,2914,26.8,38170,10.9376,1.52
1787726730.599,2915,72.9,14051,10.9585,1.52
1787726730.673,2916,73.6,13920,10.9296,1.52
1787726730.706,2917,33.2,30887,10.9494,1.52
1787726730.729,2918,22.8,44997,10.9553,1.52
1787726730.777,2919,46.9,21812,10.9524,1.52
1787726730.844,2920,66.6,15373,10.9487,1.52
1787726730.887,2921,42.8,23920,10.9274,1.52
1787726730.928,2922,40.1,25549,10.9551,1.52
1787726730.984,2923,55.5,18457,10.9532,1.52
1787726731.005,2924,21.1,48451,10.9388,1.52
1787726731.025,2925,19.4,52657,10.9634,1.52
1787726731.045,2926,19.3,53181,10.9253,1.52
1787726731.065,2927,20.1,50833,10.9436,1.52
1787726731.085,2928,19.5,52638,10.9473,1.52
1787726731.106,2929,20.4,50301,10.9486,1.52
1787726731.125,2930,19.4,52769,10.9500,1.52
1787726731.145,2931,19.8,51735,10.9425,1.52
1787726731.165,2932,19.4,52846,10.9230,1.52
1787726731.185,2933,20.2,50815,10.9213,1.52
1787726731.205,2934,19.0,53806,10.9645,1.52
1787726731.224,2935,18.9,54182,10.9479,1.52
1787726731.243,2936,19.0,53968,10.9531,1.52
1787726731.262,2937,18.9,54130,10.9369,1.52
1787726731.281,2938,18.9,54220,10.9315,1.52
1787726731.300,2939,18.8,54345,10.9464,1.52
1787726731.319,2940,18.8,54340,10.9637,1.52
1787726731.341,2941,19.1,53579,10.9213,1.52
1787726731.360,2942,18.9,54268,10.9173,1.52
1787726731.379,2943,18.9,54265,10.9176,1.52
1787726731.398,2944,18.8,54341,10.9353,1.52
1787726731.417,2945,18.9,54301,10.9583,1.52
1787726731.436,2946,18.9,54270,10.9430,1.52
1787726731.455,2947,18.9,54290,10.9561,1.52
1787726731.474,2948,18.9,54199,10.9730,1.52
1787726731.493,2949,18.9,54302,10.9489,1.52
1787726731.512,2950,18.9,54268,10.9346,1.52
1787726731.531,2951,18.9,54314,10.9430,1.52
1787726731.550,2952,18.9,54247,10.9280,1.52
1787726731.569,2953,18.8,54351,10.9372,1.52
1787726731.588,2954,18.9,54249,10.9331,1.52
1787726731.607,2955,18.9,54267,10.9238,1.52
1787726731.626,2956,18.9,54234,10.9568,1.52
1787726731.645,2957,18.9,54291,10.9380,1.52
1787726731.664,2958,18.9,54299,10.9638,1.52
1787726731.683,2959,19.4,52814,10.9164,1.52
1787726731.702,2960,18.9,54268,10.9715,1.52
1787726731.721,2961,18.8,54336,10.9601,1.52
1787726731.740,2962,18.9,54313,10.9494,1.52
1787726731.759,2963,18.9,54270,10.9620,1.52
1787726731.778,2964,18.9,54294,10.9396,1.52
1787726731.797,2965,18.9,54259,10.9487,1.52
1787726731.816,2966,18.8,54352,10.9469,1.52
1787726731.835,2967,18.9,54269,10.9498,1.52
1787726731.854,2968,18.9,54319,10.9450,1.52
1787726731.873,2969,18.9,54260,10.9385,1.52
1787726731.892,2970,18.8,54347,10.9590,1.52
1787726731.911,2971,18.9,54259,10.9465,1.52
1787726731.930,2972,18.9,54313,10.9627,1.52
1787726731.949,2973,18.9,54281,10.9482,1.52
1787726731.968,2974,18.9,54295,10.9493,1.52
1787726731.987,2975,18.9,54223,10.9272,1.52
1787726732.006,2976,18.9,54252,10.9222,1.52
1787726732.025,2977,18.9,54226,10.9254,1.52
1787726732.044,2978,18.9,54257,10.9249,1.52
1787726732.063,2979,18.9,54302,10.9476,1.52
1787726732.082,2980,18.9,54275,10.9750,1.52
1787726732.101,2981,18.9,54260,10.9505,1.52
1787726732.120,2982,18.9,54285,10.9585,1.52
1787726732.139,2983,18.8,54333,10.9647,1.52
1787726732.158,2984,18.9,54321,10.9261,1.52
1787726732.177,2985,18.9,54272,10.9402,1.52
1787726732.196,2986,18.9,54265,10.9487,1.52
1787726732.215,2987,18.9,54302,10.9724,1.52
1787726732.234,2988,18.9,54257,10.9484,1.52
1787726732.253,2989,18.9,54281,10.9314,1.52
1787726732.271,2990,18.8,54342,10.9627,1.52
1787726732.290,2991,18.9,54315,10.9407,1.52
1787726732.309,2992,18.9,54304,10.9209,1.52
1787726732.328,2993,18.9,54284,10.9289,1.52
1787726732.347,2994,18.9,54272,10.9431,1.52
1787726732.366,2995,18.9,54180,10.9439,1.52
1787726732.385,2996,18.9,54292,10.9650,1.52
1787726732.404,2997,18.9,54306,10.9387,1.52
1787726732.423,2998,18.9,54236,10.9277,1.52
1787726732.442,2999,18.8,54330,10.9441,1.52
1787726732.461,3000,18.9,54291,10.9626,1.52
1787726732.480,3001,18.9,54240,10.9747,1.52
1787726732.499,3002,18.9,54265,10.9376,1.52
1787726732.518,3003,18.9,54266,10.9476,1.52
1787726732.537,3004,18.9,54284,10.9592,1.52
1787726732.556,3005,18.8,54340,10.9403,1.52
1787726732.575,3006,18.9,54301,10.9676,1.52
1787726732.594,3007,18.9,54316,10.9559,1.52
1787726732.613,3008,18.8,54367,10.9462,1.52
1787726732.632,3009,18.9,54266,10.9521,1.52
1787726732.651,3010,18.9,54247,10.9673,1.52
1787726732.670,3011,18.9,54320,10.9741,1.52
1787726732.689,3012,19.0,53961,10.9343,1.52
1787726732.708,3013,18.9,54288,10.9418,1.52
1787726732.727,3014,18.9,54205,10.9694,1.52
1787726732.746,3015,18.8,54366,10.9354,1.52
1787726732.765,3016,18.9,54271,10.9386,1.52
1787726732.784,3017,18.9,54199,10.9537,1.52
1787726732.803,3018,18.8,54355,10.9268,1.52
1787726732.822,3019,18.9,54294,10.9540,1.52
1787726732.841,3020,18.9,54257,10.9451,1.52
1787726732.860,3021,18.9,54239,10.9462,1.52
1787726732.879,3022,18.9,54289,10.9788,1.52
1787726732.898,3023,18.9,54309,10.9612,1.52
1787726732.917,3024,18.9,54286,10.9682,1.52
1787726732.936,3025,18.9,54305,10.9735,1.52
1787726732.955,3026,18.9,54258,10.9354,1.52
1787726732.974,3027,18.9,54247,10.9382,1.52
1787726732.993,3028,18.9,54274,10.9763,1.52
1787726733.012,3029,18.8,54352,10.9443,1.52
1787726733.031,3030,18.9,54255,10.9387,1.52
1787726733.050,3031,18.9,54279,10.9533,1.52
1787726733.069,3032,18.9,54288,10.9419,1.52
1787726733.088,3033,18.9,54285,10.9366,1.52
1787726733.107,3034,18.9,54087,10.9474,1.52
1787726733.126,3035,18.9,54309,10.9241,1.52
1787726733.145,3036,18.9,54316,10.9769,1.52
1787726733.164,3037,18.9,54273,10.9350,1.52
1787726733.183,3038,18.9,54243,10.9518,1.52
1787726733.253,3039,69.8,14672,10.9433,1.52
1787726733.321,3040,68.2,15004,10.9335,1.52
1787726733.353,3041,30.9,33124,10.9223,1.52
1787726733.377,3042,23.3,43911,10.9385,1.52
1787726733.423,3043,46.0,22275,10.9597,1.52
1787726733.496,3044,72.4,14146,10.9620,1.52
1787726733.557,3045,60.9,16826,10.9299,1.52
1787726733.581,3046,23.9,42920,10.9572,1.52
1787726733.622,3047,39.9,25677,10.9518,1.52
1787726733.702,3048,79.7,12855,10.9412,1.52
1787726733.775,3049,73.1,14008,10.9288,1.52
1787726733.798,3050,22.6,45375,10.9526,1.52
1787726733.822,3051,23.4,43815,10.9157,1.52
1787726733.844,3052,22.0,46478,10.9478,1.52
1787726733.877,3053,32.9,31135,10.9410,1.52
1787726733.937,3054,59.7,17141,10.9614,1.52
1787726733.967,3055,29.0,35351,10.9328,1.52
1787726733.986,3056,19.4,52661,10.9403,1.52
1787726734.006,3057,19.5,52603,10.9693,1.52
1787726734.026,3058,19.9,51587,10.9515,1.52
1787726734.046,3059,19.3,53115,10.9501,1.52
1787726734.067,3060,20.6,49684,10.9467,1.52
1787726734.086,3061,19.3,52933,10.9662,1.52
1787726734.106,3062,18.9,54136,10.9249,1.52
1787726734.126,3063,19.8,51834,10.9164,1.52
1787726734.145,3064,19.2,53445,10.9468,1.52
1787726734.164,3065,18.7,54814,10.9351,1.52
1787726734.183,3066,18.6,54952,10.9491,1.52
1787726734.201,3067,18.6,54943,10.9258,1.52
1787726734.220,3068,18.7,54820,10.9341,1.52
1787726734.239,3069,18.7,54781,10.9362,1.52
1787726734.258,3070,18.7,54765,10.9530,1.52
1787726734.277,3071,18.7,54839,10.8998,1.52
1787726734.295,3072,18.7,54873,10.9745,1.52
1787726734.314,3073,18.6,54932,10.9339,1.52
1787726734.333,3074,18.6,54954,10.9675,1.52
1787726734.352,3075,18.6,54990,10.9329,1.52
1787726734.370,3076,18.7,54795,10.9687,1.52
1787726734.389,3077,18.6,54926,10.9200,1.52
1787726734.408,3078,18.7,54787,10.9662,1.52
1787726734.427,3079,18.6,54913,10.9294,1.52
1787726734.446,3080,18.7,54811,10.9325,1.52
1787726734.464,3081,18.7,54906,10.9164,1.52
1787726734.483,3082,18.6,54945,10.9640,1.52
1787726734.502,3083,18.7,54753,10.9325,1.52
1787726734.521,3084,18.6,54940,10.9335,1.52
1787726734.540,3085,18.7,54773,10.9679,1.52
1787726734.558,3086,18.7,54887,10.9384,1.52
1787726734.577,3087,18.7,54809,10.9399,1.52
1787726734.596,3088,18.7,54803,10.9468,1.52
1787726734.615,3089,18.6,54978,10.9321,1.52
1787726734.633,3090,18.7,54891,10.9723,1.52
1787726734.652,3091,18.6,54973,10.9568,1.52
1787726734.671,3092,18.7,54875,10.9517,1.52
1787726734.690,3093,18.7,54823,10.9268,1.52
1787726734.708,3094,18.6,54930,10.9196,1.52
1787726734.727,3095,18.7,54787,10.9396,1.52
1787726734.746,3096,18.6,54937,10.9350,1.52
1787726734.765,3097,18.7,54879,10.9367,1.52
1787726734.784,3098,18.7,54902,10.9464,1.52
1787726734.802,3099,18.7,54898,10.9427,1.52
1787726734.821,3100,18.7,54876,10.9345,1.52
1787726734.840,3101,18.7,54829,10.9707,1.52
1787726734.859,3102,18.7,54839,10.9368,1.52
1787726734.877,3103,18.6,54967,10.9803,1.52
1787726734.896,3104,18.6,54972,10.9500,1.52
1787726734.915,3105,18.6,54985,10.9632,1.52
1787726734.934,3106,18.6,55023,10.9363,1.52
1787726734.952,3107,18.6,54971,10.9366,1.52
1787726734.971,3108,18.6,54981,10.9485,1.52
1787726734.990,3109,18.7,54844,10.9537,1.52
1787726735.009,3110,18.6,54956,10.9594,1.52
1787726735.027,3111,18.6,54978,10.9258,1.52
1787726735.046,3112,18.6,54985,10.9486,1.52
1787726735.065,3113,18.6,55038,10.9373,1.52
1787726735.084,3114,18.6,55035,10.9314,1.52
1787726735.102,3115,18.6,54976,10.9387,1.52
1787726735.121,3116,18.6,55002,10.9806,1.52
1787726735.140,3117,18.6,55030,10.9495,1.52
1787726735.158,3118,18.6,55013,10.9672,1.52
1787726735.177,3119,18.6,55040,10.9632,1.52
1787726735.196,3120,18.6,55028,10.9554,1.52
1787726735.215,3121,18.6,54976,10.9499,1.52
1787726735.233,3122,18.6,54969,10.9294,1.52
1787726735.252,3123,18.6,55028,10.9268,1.52
1787726735.271,3124,18.6,55019,10.9353,1.52
1787726735.290,3125,18.6,54976,10.9507,1.52
1787726735.308,3126,18.6,54964,10.9594,1.52
1787726735.327,3127,18.6,54976,10.9755,1.52
1787726735.346,3128,18.6,54993,10.9498,1.52
1787726735.364,3129,18.6,54987,10.9332,1.52
1787726735.383,3130,18.8,54512,10.9403,1.52
1787726735.402,3131,18.6,55012,10.9647,1.52
1787726735.421,3132,18.6,55025,10.9560,1.52
1787726735.440,3133,18.6,54994,10.9664,1.52
1787726735.458,3134,18.6,55025,10.9453,1.52
1787726735.477,3135,18.6,55019,10.9284,1.52
1787726735.496,3136,18.6,55031,10.9662,1.52
1787726735.515,3137,18.6,54976,10.9405,1.52
1787726735.533,3138,18.6,55010,10.9447,1.52
1787726735.552,3139,18.6,55058,10.9285,1.52
1787726735.571,3140,18.6,54967,10.9344,1.52
1787726735.589,3141,18.6,54950,10.9485,1.52
1787726735.608,3142,18.6,55042,10.9464,1.52
1787726735.627,3143,18.6,55037,10.9296,1.52
1787726735.646,3144,18.6,55053,10.9677,1.52
1787726735.664,3145,18.6,54981,10.9626,1.52
1787726735.683,3146,18.6,54995,10.9754,1.52
1787726735.702,3147,18.6,54938,10.9514,1.52
1787726735.721,3148,18.6,54992,10.9465,1.52
1787726735.739,3149,18.6,54929,10.9500,1.52
1787726735.758,3150,18.8,54437,10.9293,1.52
1787726735.777,3151,18.6,55003,10.9807,1.52
1787726735.796,3152,18.6,55033,10.9290,1.52
1787726735.815,3153,18.6,54931,10.9090,1.52
1787726735.833,3154,18.6,55024,10.9472,1.52
1787726735.852,3155,18.6,55047,10.9391,1.52
1787726735.871,3156,18.6,55031,10.9337,1.52
1787726735.889,3157,18.6,55035,10.9667,1.52
1787726735.908,3158,18.6,54959,10.9365,1.52
1787726735.927,3159,18.6,54995,10.9675,1.52
1787726735.946,3160,18.6,55009,10.9638,1.52
1787726735.964,3161,18.6,55026,10.9482,1.52
1787726735.983,3162,18.6,55003,10.9702,1.52
1787726736.002,3163,18.6,54950,10.9583,1.52
1787726736.021,3164,18.7,54884,10.9242,1.52
1787726736.039,3165,18.6,55000,10.9359,1.52
1787726736.058,3166,18.6,54961,10.9787,1.52
1787726736.077,3167,18.6,54952,10.9263,1.52
1787726736.096,3168,18.6,54937,10.9383,1.52
1787726736.114,3169,18.6,55013,10.9345,1.52
1787726736.133,3170,18.6,54995,10.9199,1.52
1787726736.152,3171,18.6,54998,10.9648,1.52
1787726736.170,3172,18.6,54990,10.9246,1.52
1787726736.189,3173,18.6,54952,10.9526,1.52
1787726736.208,3174,18.6,55002,10.9605,1.52
1787726736.227,3175,18.6,54954,10.9761,1.52
1787726736.245,3176,18.6,55015,10.9222,1.52
1787726736.264,3177,18.6,55002,10.9301,1.52
1787726736.283,3178,18.6,54975,10.9271,1.52
1787726736.302,3179,18.6,54947,10.9598,1.52
1787726736.320,3180,18.6,54982,10.9587,1.52
1787726736.339,3181,18.6,54952,10.9340,1.52
1787726736.358,3182,18.6,55008,10.9391,1.52
1787726736.377,3183,18.6,55021,10.9884,1.52
1787726736.395,3184,18.6,54970,10.9420,1.52
1787726736.414,3185,18.6,54945,10.9677,1.52
1787726736.433,3186,18.6,54957,10.9659,1.52
1787726736.451,3187,18.6,55027,10.9667,1.52
1787726736.470,3188,18.6,54920,10.9479,1.52
1787726736.489,3189,18.7,54884,10.9443,1.52
1787726736.508,3190,18.6,54989,10.9622,1.52
1787726736.526,3191,18.6,55014,10.9668,1.52
1787726736.545,3192,18.6,54954,10.9529,1.52
1787726736.564,3193,18.6,55001,10.9336,1.52
1787726736.583,3194,18.7,54858,10.9335,1.52
1787726736.601,3195,18.6,54985,10.9439,1.52
1787726736.620,3196,18.6,54999,10.9546,1.52
1787726736.640,3197,19.4,52781,10.9379,1.52
1787726736.661,3198,20.5,50072,10.9626,1.52
1787726736.707,3199,46.0,22247,10.9574,1.52
1787726736.775,3200,67.7,15133,10.9671,1.52
1787726736.829,3201,53.2,19246,10.9663,1.52
1787726736.852,3202,23.3,43891,10.9257,1.52
1787726736.876,3203,23.4,43691,10.9234,1.52
1787726736.923,3204,46.8,21879,10.9547,1.52
1787726736.999,3205,75.6,13549,10.9651,1.52
1787726737.057,3206,57.7,17750,10.9233,1.52
1787726737.079,3207,21.3,47963,10.9159,1.52
1787726737.101,3208,21.8,46949,10.9539,1.52
1787726737.123,3209,21.8,46881,10.9459,1.52
1787726737.163,3210,39.4,25965,10.9375,1.52
1787726737.237,3211,73.7,13885,10.9462,1.52
1787726737.307,3212,69.4,14747,10.9531,1.52
1787726737.331,3213,23.9,42838,10.9202,1.52
1787726737.377,3214,46.1,22228,10.9387,1.52
1787726737.425,3215,47.6,21505,10.9334,1.52
1787726737.445,3216,19.5,52573,10.9405,1.52
1787726737.464,3217,19.0,53929,10.9505,1.52
1787726737.483,3218,19.0,54031,10.9714,1.52
1787726737.502,3219,18.9,54156,10.9561,1.52
1787726737.521,3220,18.9,54191,10.9552,1.52
1787726737.540,3221,18.9,54171,10.9463,1.52
1787726737.559,3222,18.9,54274,10.9502,1.52
1787726737.578,3223,18.9,54229,10.9700,1.52
1787726737.597,3224,18.9,54170,10.9371,1.52
1787726737.616,3225,18.9,54212,10.9433,1.52
1787726737.637,3226,19.8,51607,10.9510,1.52
1787726737.658,3227,20.7,49450,10.9480,1.52
1787726737.678,3228,20.1,50840,10.9233,1.52
1787726737.698,3229,19.2,53465,10.9272,1.52
1787726737.717,3230,19.5,52600,10.9438,1.52
1787726737.737,3231,19.1,53657,10.9984,1.52
1787726737.756,3232,19.3,53175,10.9763,1.52
1787726737.775,3233,19.0,53768,10.9304,1.52
1787726737.795,3234,19.5,52468,10.9522,1.52
1787726737.815,3235,19.3,53113,10.9546,1.52
1787726737.835,3236,20.1,50889,10.9239,1.52
1787726737.854,3237,18.7,54729,10.9590,1.52
1787726737.873,3238,18.7,54679,10.9624,1.52
1787726737.892,3239,18.7,54793,10.9659,1.52
1787726737.911,3240,18.9,54137,10.9501,1.52
1787726737.930,3241,18.8,54467,10.9521,1.52
1787726737.949,3242,18.9,54262,10.9339,1.52
1787726737.968,3243,19.1,53666,10.9397,1.52
1787726737.988,3244,19.1,53670,10.9134,1.52
1787726738.007,3245,18.8,54534,10.9723,1.52
1787726738.026,3246,19.1,53706,10.9665,1.52
1787726738.045,3247,18.7,54789,10.9020,1.52
1787726738.064,3248,18.9,54282,10.9171,1.52
1787726738.083,3249,18.7,54823,10.9471,1.52
1787726738.102,3250,19.0,53838,10.9304,1.52
1787726738.121,3251,18.7,54853,10.9237,1.52
1787726738.140,3252,18.6,54927,10.9209,1.52
1787726738.158,3253,18.6,54933,10.9739,1.52
1787726738.177,3254,18.6,54971,10.9396,1.52
1787726738.196,3255,18.6,54948,10.9137,1.52
1787726738.215,3256,18.6,54939,10.9559,1.52
1787726738.233,3257,18.6,55000,10.9438,1.52
1787726738.252,3258,18.6,55000,10.9241,1.52
1787726738.271,3259,18.6,54981,10.9257,1.52
1787726738.289,3260,18.6,54983,10.9380,1.52
1787726738.308,3261,18.6,54964,10.9283,1.52
1787726738.327,3262,18.6,54983,10.9485,1.52
1787726738.346,3263,18.6,55031,10.9449,1.52
1787726738.364,3264,18.6,54979,10.9523,1.52
1787726738.383,3265,18.6,54964,10.9707,1.52
1787726738.402,3266,18.6,55019,10.9608,1.52
1787726738.421,3267,18.6,55018,10.9280,1.52
1787726738.439,3268,18.6,55002,10.9495,1.52
1787726738.458,3269,18.6,54952,10.9505,1.52
1787726738.477,3270,18.6,55016,10.9386,1.52
1787726738.495,3271,18.6,55015,10.9195,1.52
1787726738.514,3272,18.6,55019,10.9470,1.52
1787726738.533,3273,18.6,54990,10.9460,1.52
1787726738.552,3274,18.6,55007,10.9530,1.52
1787726738.570,3275,18.6,55015,10.9448,1.52
1787726738.589,3276,18.6,54950,10.9566,1.52
1787726738.608,3277,18.6,54957,10.9238,1.52
1787726738.627,3278,18.6,54959,10.9458,1.52
1787726738.645,3279,18.6,54978,10.9620,1.52
1787726738.664,3280,18.6,54995,10.9662,1.52
1787726738.683,3281,18.6,54945,10.9610,1.52
1787726738.702,3282,18.6,54936,10.9545,1.52
1787726738.720,3283,18.6,54943,10.9444,1.52
1787726738.741,3284,20.0,51107,10.9276,1.52
1787726738.761,3285,19.9,51363,10.9502,1.52
1787726738.781,3286,19.2,53289,10.9656,1.52
1787726738.802,3287,20.7,49565,10.9258,1.52
1787726738.821,3288,19.2,53366,10.9502,1.52
1787726738.841,3289,19.5,52544,10.9569,1.52
1787726738.860,3290,18.9,54184,10.9445,1.52
1787726738.879,3291,19.0,54015,10.9580,1.52
1787726738.898,3292,19.1,53588,10.9527,1.52
1787726738.919,3293,20.4,50318,10.9420,1.52
1787726738.938,3294,19.1,53540,10.9467,1.52
1787726738.958,3295,19.2,53462,10.9353,1.52
1787726738.978,3296,19.9,51376,10.9499,1.52
1787726739.000,3297,21.4,47839,10.9477,1.52
1787726739.021,3298,20.7,49582,10.9874,1.52
1787726739.042,3299,21.0,48798,10.9383,1.52
1787726739.063,3300,20.7,49539,10.9248,1.52
1787726739.085,3301,21.0,48715,10.9583,1.52
1787726739.106,3302,21.2,48355,10.9319,1.52
1787726739.127,3303,21.1,48574,10.9536,1.52
1787726739.147,3304,19.5,52499,10.9558,1.52
1787726739.172,3305,24.8,41251,10.9645,1.52
1787726739.197,3306,24.0,42711,10.9532,1.52
1787726739.219,3307,21.9,46723,10.9613,1.52
1787726739.238,3308,19.0,53777,10.9469,1.52
1787726739.259,3309,20.4,50180,10.9344,1.52
1787726739.278,3310,19.1,53730,10.9252,1.52
1787726739.298,3311,19.2,53435,10.9509,1.52
1787726739.317,3312,18.9,54047,10.9631,1.52
1787726739.336,3313,19.0,53964,10.9492,1.52
1787726739.356,3314,19.9,51480,10.9453,1.52
1787726739.376,3315,19.7,52000,10.9276,1.52
1787726739.395,3316,19.1,53739,10.9513,1.52
1787726739.414,3317,19.0,54003,10.9600,1.52
1787726739.433,3318,19.0,54027,10.9383,1.52
1787726739.453,3319,18.9,54068,10.9574,1.52
1787726739.472,3320,19.0,53972,10.9767,1.52
1787726739.491,3321,18.9,54039,10.9389,1.52
1787726739.510,3322,18.9,54044,10.9287,1.52
1787726739.529,3323,19.0,53858,10.9260,1.52
1787726739.548,3324,18.9,54102,10.9496,1.52
1787726739.568,3325,19.4,52811,10.9273,1.52
1787726739.590,3326,21.6,47412,10.9355,1.52
1787726739.611,3327,21.3,47999,10.9631,1.52
1787726739.632,3328,21.0,48757,10.9304,1.52
1787726739.654,3329,21.3,48147,10.9496,1.52
1787726739.675,3330,21.3,48073,10.9473,1.52
1787726739.697,3331,21.4,47826,10.9406,1.52
1787726739.718,3332,20.6,49694,10.9628,1.52
1787726739.747,3333,29.1,35228,10.9488,1.52
1787726739.792,3334,44.3,23097,10.9410,1.52
1787726739.836,3335,44.2,23151,10.9537,1.52
1787726739.868,3336,31.3,32725,10.9768,1.52
1787726739.908,3337,40.0,25626,10.9393,1.52
1787726739.946,3338,38.2,26812,10.9660,1.52
1787726739.965,3339,18.9,54068,10.9446,1.52
1787726739.984,3340,18.9,54084,10.9373,1.52
1787726740.003,3341,18.9,54274,10.9535,1.52
1787726740.022,3342,18.9,54223,10.9273,1.52
1787726740.041,3343,18.9,54189,10.9245,1.52
1787726740.060,3344,18.9,54287,10.9481,1.52
1787726740.079,3345,18.9,54188,10.9763,1.52
1787726740.098,3346,18.9,54247,10.9427,1.52
1787726740.145,3347,45.7,22395,10.9251,1.52
1787726740.214,3348,68.5,14940,10.9156,1.52
1787726740.268,3349,53.6,19115,10.9503,1.52
1787726740.289,3350,20.6,49770,10.9324,1.52
1787726740.308,3351,19.2,53366,10.9456,1.52
1787726740.327,3352,19.3,53094,10.9417,1.52
1787726740.347,3353,19.1,53664,10.9581,1.52
1787726740.366,3354,19.2,53298,10.9388,1.52
1787726740.387,3355,21.0,48655,10.9410,1.52
1787726740.407,3356,19.1,53661,10.9512,1.52
1787726740.426,3357,19.4,52721,10.9497,1.52
1787726740.446,3358,19.1,53483,10.9303,1.52
1787726740.465,3359,19.3,53060,10.9546,1.52
1787726740.486,3360,20.5,50070,10.9363,1.52
1787726740.514,3361,19.1,53522,10.9315,1.52
1787726740.534,3362,20.2,50726,10.9227,1.52
1787726740.554,3363,19.2,53212,10.9537,1.52
1787726740.573,3364,19.6,52182,10.9299,1.52
1787726740.593,3365,19.2,53389,10.9406,1.52
1787726740.613,3366,19.5,52529,10.9465,1.52
1787726740.632,3367,19.1,53476,10.9444,1.52
1787726740.652,3368,19.4,52835,10.9322,1.52
1787726740.671,3369,19.1,53667,10.9750,1.52
1787726740.691,3370,19.5,52467,10.9134,1.52
1787726740.710,3371,19.1,53580,10.9615,1.52
1787726740.730,3372,19.4,52853,10.9543,1.52
1787726740.749,3373,19.1,53699,10.9320,1.52
1787726740.771,3374,21.9,46697,10.9323,1.52
1787726740.791,3375,19.4,52733,10.9609,1.52
1787726740.810,3376,19.1,53521,10.9182,1.52
1787726740.829,3377,19.0,53869,10.9341,1.52
1787726740.848,3378,19.1,53716,10.9340,1.52
1787726740.867,3379,19.0,53974,10.9237,1.52
1787726740.887,3380,19.2,53325,10.9457,1.52
1787726740.906,3381,19.0,53849,10.9234,1.52
1787726740.925,3382,19.0,53884,10.9430,1.52
1787726740.944,3383,19.1,53694,10.9556,1.52
1787726740.963,3384,19.0,53881,10.9425,1.52
1787726740.982,3385,19.1,53721,10.9150,1.52
1787726741.002,3386,19.0,53771,10.9725,1.52
1787726741.021,3387,19.1,53616,10.9726,1.52
1787726741.040,3388,19.0,53911,10.9586,1.52
1787726741.059,3389,19.0,53857,10.9627,1.52
1787726741.078,3390,19.0,53836,10.9408,1.52
1787726741.097,3391,19.0,53951,10.9487,1.52
1787726741.116,3392,19.0,53848,10.9312,1.52
1787726741.136,3393,19.0,53802,10.9646,1.52
1787726741.155,3394,19.2,53417,10.8975,1.52
1787726741.174,3395,19.0,53903,10.9365,1.52
1787726741.193,3396,19.1,53715,10.9312,1.52
1787726741.212,3397,19.0,53859,10.9453,1.52
1787726741.231,3398,19.0,53911,10.9292,1.52
1787726741.251,3399,19.0,53782,10.9450,1.52
1787726741.270,3400,19.1,53687,10.9464,1.52
1787726741.315,3401,45.1,22687,10.9538,1.52
1787726741.387,3402,72.0,14216,10.9633,1.52
1787726741.449,3403,60.9,16811,10.9357,1.52
1787726741.471,3404,22.3,45818,10.9441,1.52
1787726741.490,3405,19.2,53313,10.9215,1.52
1787726741.510,3406,19.0,53784,10.9442,1.52
1787726741.529,3407,19.0,53915,10.9613,1.52
1787726741.548,3408,19.0,53873,10.9405,1.52
1787726741.567,3409,19.1,53650,10.9404,1.52
1787726741.586,3410,19.0,53810,10.9319,1.52
1787726741.605,3411,19.0,53828,10.9311,1.52
1787726741.625,3412,19.0,53788,10.9561,1.52
1787726741.644,3413,19.0,53842,10.9393,1.52
1787726741.663,3414,19.0,53802,10.9304,1.52
1787726741.682,3415,19.0,53779,10.9498,1.52
1787726741.701,3416,19.0,53768,10.9503,1.52
1787726741.720,3417,19.0,53843,10.9317,1.52
1787726741.739,3418,19.0,53833,10.9696,1.52
1787726741.759,3419,19.2,53473,10.9533,1.52
1787726741.778,3420,19.0,54028,10.9335,1.52
1787726741.797,3421,19.0,53960,10.9378,1.52
1787726741.816,3422,19.0,53772,10.9551,1.52
1787726741.835,3423,19.0,53998,10.9471,1.52
1787726741.879,3424,43.5,23535,10.9280,1.52
1787726741.955,3425,76.2,13440,10.9509,1.52
1787726742.024,3426,68.3,14990,10.9499,1.52
1787726742.043,3427,19.4,52705,10.9062,1.52
1787726742.063,3428,19.2,53307,10.9394,1.52
1787726742.082,3429,19.1,53737,10.9316,1.52
1787726742.101,3430,19.1,53684,10.9582,1.52
1787726742.120,3431,19.1,53486,10.9681,1.52
1787726742.139,3432,19.0,53788,10.9752,1.52
1787726742.159,3433,19.0,53777,10.9357,1.52
1787726742.178,3434,19.0,53782,10.9303,1.52
1787726742.197,3435,19.1,53735,10.9813,1.52
1787726742.216,3436,19.0,53901,10.9579,1.52
1787726742.235,3437,19.0,53828,10.9691,1.52
1787726742.254,3438,19.0,53855,10.9769,1.52
1787726742.273,3439,19.1,53672,10.9481,1.52
1787726742.295,3440,21.8,46931,10.9416,1.52
1787726742.324,3441,27.9,36767,10.9359,1.52
1787726742.381,3442,56.6,18102,10.9316,1.52
1787726742.419,3443,37.7,27174,10.9480,1.52
1787726742.438,3444,19.1,53574,10.9471,1.52
1787726742.457,3445,18.9,54068,10.9474,1.52
1787726742.476,3446,18.9,54194,10.9209,1.52
1787726742.495,3447,18.9,54204,10.9515,1.52
1787726742.514,3448,18.9,54177,10.9769,1.52
1787726742.533,3449,18.9,54292,10.9560,1.52
1787726742.552,3450,18.8,54354,10.9601,1.52
1787726742.571,3451,18.9,54227,10.9331,1.52
1787726742.590,3452,18.9,54180,10.9327,1.52
1787726742.609,3453,18.9,54260,10.9422,1.52
1787726742.628,3454,18.9,54268,10.9538,1.52
1787726742.647,3455,18.9,54311,10.9520,1.52
1787726742.666,3456,18.9,54260,10.9617,1.52
1787726742.685,3457,19.1,53717,10.9336,1.52
1787726742.704,3458,18.9,54195,10.9514,1.52
1787726742.723,3459,18.9,54275,10.9622,1.52
1787726742.742,3460,18.9,54261,10.9304,1.52
1787726742.761,3461,18.9,54218,10.9237,1.52
1787726742.780,3462,18.9,54289,10.9223,1.52
1787726742.799,3463,18.9,54268,10.9659,1.52
1787726742.818,3464,18.9,54268,10.9801,1.52
1787726742.837,3465,18.9,54292,10.9405,1.52
1787726742.856,3466,18.9,54253,10.9381,1.52
1787726742.875,3467,18.9,54257,10.9257,1.52
1787726742.894,3468,18.9,54313,10.9286,1.52
1787726742.913,3469,18.9,54321,10.9465,1.52
1787726742.932,3470,18.9,54290,10.9269,1.52
1787726742.951,3471,18.9,54313,10.9267,1.52
1787726742.970,3472,18.9,54318,10.9578,1.52
1787726742.989,3473,18.9,54282,10.9500,1.52
1787726743.008,3474,18.8,54332,10.9504,1.52
1787726743.027,3475,18.9,54305,10.9536,1.52
1787726743.046,3476,18.9,54270,10.9534,1.52
1787726743.065,3477,18.8,54334,10.9584,1.52
1787726743.084,3478,18.9,54292,10.9345,1.52
1787726743.103,3479,18.9,54276,10.9279,1.52
1787726743.122,3480,18.9,54274,10.9508,1.52
1787726743.141,3481,18.8,54337,10.9349,1.52
1787726743.160,3482,18.9,54304,10.9582,1.52
1787726743.179,3483,18.9,54321,10.9476,1.52
1787726743.198,3484,18.9,54272,10.9512,1.52
1787726743.217,3485,18.9,54286,10.9272,1.52
1787726743.236,3486,18.9,54284,10.9368,1.52
1787726743.254,3487,18.9,54247,10.9568,1.52
1787726743.273,3488,18.9,54262,10.9815,1.52
1787726743.292,3489,18.9,54273,10.9644,1.52
1787726743.311,3490,18.9,54234,10.9232,1.52
1787726743.330,3491,18.9,54261,10.9230,1.52
1787726743.349,3492,18.9,54278,10.9571,1.52
1787726743.368,3493,18.9,54274,10.9509,1.52
1787726743.387,3494,18.9,54242,10.9180,1.52
1787726743.406,3495,18.8,54324,10.9403,1.52
1787726743.425,3496,18.9,54247,10.9552,1.52
1787726743.444,3497,18.9,54290,10.9622,1.52
1787726743.465,3498,19.8,51642,10.9270,1.52
1787726743.485,3499,19.7,52105,10.9341,1.52
1787726743.504,3500,19.6,52200,10.9779,1.52
1787726743.524,3501,19.6,52163,10.9646,1.52
1787726743.544,3502,19.0,53934,10.9317,1.52
1787726743.563,3503,19.0,53814,10.9524,1.52
1787726743.582,3504,19.1,53525,10.9720,1.52
1787726743.601,3505,19.0,53754,10.9366,1.52
1787726743.620,3506,19.0,53782,10.9541,1.52
1787726743.640,3507,19.0,53815,10.9428,1.52
1787726743.659,3508,19.0,53858,10.9554,1.52
1787726743.678,3509,19.0,53863,10.9414,1.52
1787726743.697,3510,19.1,53748,10.9278,1.52
1787726743.717,3511,19.7,51937,10.9425,1.52
1787726743.737,3512,19.7,52075,10.9755,1.52
1787726743.757,3513,19.6,52355,10.9620,1.52
1787726743.777,3514,19.4,52786,10.9328,1.52
1787726743.796,3515,19.0,53850,10.9472,1.52
1787726743.815,3516,19.1,53629,10.9576,1.52
1787726743.835,3517,19.1,53623,10.9278,1.52
1787726743.854,3518,19.1,53742,10.9707,1.52
1787726743.873,3519,19.0,53808,10.9433,1.52
1787726743.892,3520,19.1,53739,10.9377,1.52
1787726743.911,3521,19.1,53721,10.9217,1.52
1787726743.931,3522,18.9,54164,10.9540,1.52
1787726743.950,3523,18.9,54277,10.9283,1.52
1787726743.969,3524,18.9,54253,10.9284,1.52
1787726743.988,3525,18.9,54267,10.9716,1.52
1787726744.006,3526,18.9,54297,10.9430,1.52
1787726744.025,3527,18.9,54303,10.9770,1.52
1787726744.044,3528,18.9,54247,10.9397,1.52
1787726744.063,3529,18.9,54213,10.9648,1.52
1787726744.082,3530,18.9,54310,10.9389,1.52
1787726744.101,3531,18.9,54294,10.9440,1.52
1787726744.120,3532,18.9,54257,10.9341,1.52
1787726744.139,3533,18.9,54221,10.9934,1.52
1787726744.158,3534,18.9,54242,10.9413,1.52
1787726744.177,3535,18.9,54236,10.9249,1.52
1787726744.196,3536,18.8,54342,10.9321,1.52
1787726744.215,3537,18.9,54208,10.9700,1.52
1787726744.234,3538,18.9,54223,10.9546,1.52
1787726744.253,3539,18.9,54252,10.9433,1.52
1787726744.272,3540,18.9,54246,10.9058,1.52
1787726744.291,3541,18.9,54229,10.9233,1.52
1787726744.310,3542,18.9,54264,10.9438,1.52
1787726744.329,3543,18.9,54272,10.9288,1.52
1787726744.348,3544,18.9,54077,10.9292,1.52
1787726744.367,3545,18.9,54192,10.9752,1.52
1787726744.386,3546,18.9,54154,10.9330,1.52
1787726744.405,3547,18.9,54182,10.9664,1.52
1787726744.424,3548,18.9,54215,10.9213,1.52
1787726744.443,3549,18.9,54210,10.9593,1.52
1787726744.462,3550,18.9,54128,10.9553,1.52
1787726744.481,3551,18.9,54196,10.9212,1.52
1787726744.501,3552,18.9,54145,10.9673,1.52
1787726744.520,3553,18.9,54201,10.9541,1.52
1787726744.539,3554,18.9,54243,10.9302,1.52
1787726744.558,3555,18.9,54195,10.9493,1.52
1787726744.577,3556,18.9,54272,10.9459,1.52
1787726744.596,3557,18.9,54305,10.9278,1.52
1787726744.615,3558,18.9,54188,10.9223,1.52
1787726744.634,3559,18.9,54255,10.9281,1.52
1787726744.653,3560,18.9,54133,10.9596,1.52
1787726744.672,3561,19.3,53184,10.9596,1.52
1787726744.691,3562,19.1,53742,10.9597,1.52
1787726744.710,3563,18.9,54172,10.9538,1.52
1787726744.729,3564,18.9,54268,10.9676,1.52
1787726744.748,3565,18.9,54235,10.9492,1.52
1787726744.767,3566,18.9,54278,10.9298,1.52
1787726744.786,3567,18.9,54263,10.9365,1.52
1787726744.805,3568,18.9,54303,10.9148,1.52
1787726744.824,3569,18.9,54257,10.9382,1.52
1787726744.843,3570,18.9,54244,10.9424,1.52
1787726744.862,3571,18.9,54299,10.9522,1.52
1787726744.881,3572,18.9,54307,10.9844,1.52
1787726744.900,3573,18.7,54879,10.9511,1.52
1787726744.919,3574,18.6,54928,10.9241,1.52
1787726744.938,3575,18.6,54978,10.9689,1.52
1787726744.956,3576,18.6,54984,10.9347,1.52
1787726744.975,3577,18.6,54963,10.9687,1.52
1787726744.994,3578,18.7,54857,10.9246,1.52
1787726745.013,3579,18.6,54964,10.9413,1.52
1787726745.031,3580,18.7,54865,10.9422,1.52
1787726745.050,3581,18.6,54913,10.9668,1.52
1787726745.069,3582,18.6,54957,10.9398,1.52
1787726745.088,3583,18.6,54976,10.9624,1.52
1787726745.107,3584,18.6,54947,10.9632,1.52
1787726745.125,3585,18.6,54990,10.9565,1.52
1787726745.144,3586,18.7,54895,10.9600,1.52
1787726745.163,3587,18.7,54776,10.9507,1.52
1787726745.182,3588,18.6,54985,10.9435,1.52
1787726745.200,3589,18.7,54820,10.9345,1.52
1787726745.219,3590,18.6,54973,10.9210,1.52
1787726745.238,3591,18.6,54983,10.9699,1.52
1787726745.257,3592,18.6,55003,10.9212,1.52
1787726745.275,3593,18.7,54819,10.9733,1.52
1787726745.294,3594,18.7,54902,10.9278,1.52
1787726745.315,3595,20.5,49973,10.9415,1.52
1787726745.336,3596,21.0,48796,10.9450,1.52
1787726745.358,3597,21.0,48663,10.9402,1.52
1787726745.379,3598,21.2,48375,10.9680,1.52
1787726745.400,3599,21.3,48139,10.9419,1.52
1787726745.422,3600,20.9,48908,10.9520,1.52
1787726745.443,3601,21.1,48534,10.9238,1.52
1787726745.471,3602,28.0,36619,10.9516,1.52
1787726745.492,3603,20.2,50698,10.9063,1.52
1787726745.512,3604,19.8,51807,10.9552,1.52
1787726745.531,3605,19.5,52495,10.9616,1.52
1787726745.551,3606,19.4,52750,10.9452,1.52
1787726745.573,3607,21.3,48015,10.9598,1.52
1787726745.594,3608,21.2,48225,10.9216,1.52
1787726745.615,3609,21.1,48585,10.9404,1.52
1787726745.637,3610,21.3,48013,10.9507,1.52
1787726745.658,3611,21.3,48045,10.9469,1.52
1787726745.680,3612,20.9,48903,10.9379,1.52
1787726745.703,3613,23.1,44391,10.9366,1.52
1787726745.735,3614,32.4,31586,10.9303,1.52
1787726745.776,3615,40.0,25606,10.9623,1.52
1787726745.815,3616,39.2,26147,10.9378,1.52
1787726745.855,3617,39.7,25800,10.9781,1.52
1787726745.895,3618,39.9,25646,10.9372,1.52
1787726745.935,3619,39.7,25801,10.9366,1.52
1787726745.975,3620,40.6,25200,10.9491,1.52
1787726746.015,3621,39.8,25710,10.9547,1.52
1787726746.056,3622,40.1,25545,10.9296,1.52
1787726746.096,3623,40.0,25626,10.9188,1.52
1787726746.137,3624,40.5,25275,10.9388,1.52
1787726746.177,3625,40.1,25563,10.9405,1.52
1787726746.218,3626,40.5,25272,10.9616,1.52
1787726746.258,3627,39.8,25732,10.9429,1.52
1787726746.299,3628,40.7,25166,10.9452,1.52
1787726746.340,3629,39.9,25656,10.9623,1.52
1787726746.381,3630,40.8,25106,10.9027,1.52
1787726746.422,3631,40.7,25186,10.9743,1.52
1787726746.463,3632,40.5,25274,10.9410,1.52
1787726746.503,3633,40.2,25458,10.9483,1.52
1787726746.543,3634,39.7,25819,10.9419,1.52
1787726746.584,3635,40.1,25508,10.9547,1.52
1787726746.625,3636,40.4,25318,10.9132,1.52
1787726746.666,3637,41.2,24875,10.9373,1.52
1787726746.708,3638,40.9,25010,10.9433,1.52
1787726746.747,3639,39.5,25897,10.9434,1.52
1787726746.787,3640,39.5,25931,10.9415,1.52
1787726746.827,3641,39.9,25652,10.9481,1.52
1787726746.850,3642,22.7,45014,10.9478,1.52
1787726746.870,3643,19.3,53104,10.9628,1.52
1787726746.890,3644,19.6,52268,10.9144,1.52
1787726746.910,3645,19.5,52452,10.9316,1.52
1787726746.931,3646,21.6,47365,10.9141,1.52
1787726746.952,3647,20.8,49115,10.9278,1.52
1787726746.974,3648,21.2,48368,10.9270,1.52
1787726746.995,3649,21.0,48676,10.9496,1.52
1787726747.016,3650,20.9,48982,10.9409,1.52
1787726747.038,3651,21.2,48383,10.9512,1.52
1787726747.059,3652,21.0,48689,10.9364,1.52
1787726747.090,3653,30.5,33611,10.9528,1.52
1787726747.109,3654,19.2,53362,10.9348,1.52
1787726747.129,3655,19.8,51806,10.9373,1.52
1787726747.149,3656,19.7,51866,10.9131,1.52
1787726747.170,3657,20.3,50428,10.9503,1.52
1787726747.191,3658,21.2,48255,10.9283,1.52
1787726747.215,3659,23.1,44316,10.9486,1.52
1787726747.237,3660,21.8,47020,10.9394,1.52
1787726747.261,3661,23.2,44120,10.9415,1.52
1787726747.283,3662,22.2,46031,10.9325,1.52
1787726747.306,3663,22.2,46155,10.9628,1.52
1787726747.327,3664,21.4,47740,10.9479,1.52
1787726747.348,3665,20.0,51310,10.9499,1.52
1787726747.369,3666,21.0,48775,10.9190,1.52
1787726747.389,3667,19.5,52567,10.9224,1.52
1787726747.408,3668,19.1,53549,10.9437,1.52
1787726747.427,3669,19.1,53703,10.9343,1.52
1787726747.450,3670,21.7,47163,10.9218,1.52
1787726747.470,3671,19.2,53455,10.9553,1.52
1787726747.489,3672,19.1,53483,10.9417,1.52
1787726747.508,3673,19.2,53419,10.9242,1.52
1787726747.529,3674,20.3,50380,10.9526,1.52
1787726747.550,3675,21.2,48347,10.9400,1.52
1787726747.571,3676,20.9,49104,10.9125,1.52
1787726747.592,3677,20.9,49011,10.9417,1.52
1787726747.614,3678,21.1,48613,10.9356,1.52
1787726747.635,3679,21.0,48802,10.9436,1.52
1787726747.656,3680,21.1,48555,10.9497,1.52
1787726747.676,3681,20.0,51221,10.9384,1.52
1787726747.715,3682,38.3,26738,10.9394,1.52
1787726747.752,3683,37.2,27555,10.9352,1.52
1787726747.787,3684,34.4,29741,10.9404,1.52
1787726747.821,3685,33.8,30334,10.9599,1.52
1787726747.855,3686,34.1,30014,10.9311,1.52
1787726747.875,3687,19.5,52555,10.9359,1.52
1787726747.895,3688,19.5,52588,10.9253,1.52
1787726747.914,3689,19.1,53581,10.9278,1.52
1787726747.934,3690,19.8,51737,10.9363,1.52
1787726747.956,3691,21.4,47873,10.9644,1.52
1787726747.977,3692,21.4,47924,10.9852,1.52
1787726747.999,3693,21.2,48297,10.9367,1.52
1787726748.020,3694,21.2,48189,10.9585,1.52
1787726748.042,3695,21.2,48379,10.9561,1.52
1787726748.063,3696,21.3,48044,10.9252,1.52
1787726748.089,3697,25.2,40635,10.9356,1.52
1787726748.118,3698,28.7,35690,10.9611,1.52
1787726748.138,3699,20.4,50309,10.9731,1.52
1787726748.159,3700,20.0,51088,10.9481,1.52
1787726748.178,3701,19.3,52923,10.9511,1.52
1787726748.199,3702,20.3,50342,10.9416,1.52
1787726748.220,3703,21.4,47915,10.9540,1.52
1787726748.242,3704,21.3,48099,10.9418,1.52
1787726748.263,3705,21.3,48098,10.9324,1.52
1787726748.285,3706,21.0,48674,10.9473,1.52
1787726748.306,3707,21.1,48594,10.9601,1.52
1787726748.328,3708,21.5,47644,10.9241,1.52
1787726748.349,3709,21.1,48435,10.9315,1.52
1787726748.370,3710,21.1,48419,10.9313,1.52
1787726748.392,3711,21.3,48007,10.9546,1.52
1787726748.413,3712,21.3,48005,10.9448,1.52
1787726748.435,3713,21.2,48234,10.9280,1.52
1787726748.456,3714,21.1,48631,10.9686,1.52
1787726748.477,3715,21.2,48395,10.9460,1.52
1787726748.499,3716,21.0,48692,10.9355,1.52
1787726748.520,3717,21.1,48455,10.9523,1.52
1787726748.541,3718,21.3,48049,10.9929,1.52
1787726748.563,3719,21.3,48081,10.9576,1.52
1787726748.584,3720,21.3,48077,10.9637,1.52
1787726748.606,3721,21.0,48691,10.9399,1.52
1787726748.629,3722,23.1,44404,10.9619,1.52
1787726748.675,3723,45.8,22360,10.9517,1.52
1787726748.701,3724,26.0,39411,10.9189,1.52
1787726748.723,3725,21.4,47763,10.9381,1.52
1787726748.744,3726,21.2,48341,10.9322,1.52
1787726748.766,3727,21.4,47784,10.9279,1.52
1787726748.787,3728,21.0,48743,10.9632,1.52
1787726748.809,3729,21.3,48103,10.9391,1.52
1787726748.830,3730,21.2,48382,10.9542,1.52
1787726748.868,3731,38.4,26686,10.9434,1.52
1787726748.890,3732,21.8,46985,10.9533,1.52
1787726748.912,3733,21.3,48012,10.9575,1.52
1787726748.933,3734,21.3,48034,10.9230,1.52
1787726748.955,3735,21.3,48120,10.9593,1.52
1787726748.976,3736,21.2,48213,10.9194,1.52
1787726748.998,3737,21.4,47782,10.9336,1.52
1787726749.019,3738,21.1,48473,10.9226,1.52
1787726749.041,3739,21.3,48080,10.9375,1.52
1787726749.062,3740,21.2,48261,10.9435,1.52
1787726749.084,3741,21.2,48196,10.9523,1.52
1787726749.105,3742,21.2,48269,10.9750,1.52
1787726749.127,3743,21.2,48316,10.9576,1.52
1787726749.148,3744,21.4,47804,10.9564,1.52
1787726749.187,3745,38.6,26552,10.9439,1.52
1787726749.237,3746,49.8,20567,10.9272,1.52
1787726749.278,3747,41.1,24895,10.9362,1.52
1787726749.320,3748,41.4,24761,10.9475,1.52
1787726749.361,3749,41.0,24988,10.9438,1.52
1787726749.402,3750,41.0,25000,10.9845,1.52
1787726749.444,3751,41.8,24469,10.9608,1.52
1787726749.486,3752,41.6,24629,10.9541,1.52
1787726749.528,3753,41.9,24468,10.9288,1.52
1787726749.570,3754,42.1,24334,10.9353,1.52
1787726749.611,3755,41.0,24960,10.9304,1.52
1787726749.653,3756,41.5,24655,10.9512,1.52
1787726749.693,3757,40.2,25497,10.9279,1.52
1787726749.734,3758,41.2,24864,10.9500,1.52
1787726749.776,3759,41.6,24604,10.9679,1.52
1787726749.806,3760,29.3,34974,10.9557,1.52
1787726749.827,3761,21.2,48332,10.9476,1.52
1787726749.849,3762,21.4,47858,10.9500,1.52
1787726749.870,3763,21.3,48162,10.9401,1.52
1787726749.891,3764,21.0,48819,10.9490,1.52
1787726749.913,3765,21.2,48342,10.9271,1.52
1787726749.934,3766,21.3,48021,10.9347,1.52
1787726749.967,3767,32.5,31536,10.9214,1.52
1787726749.995,3768,28.2,36273,10.9374,1.52
1787726750.017,3769,21.5,47535,10.9329,1.52
1787726750.039,3770,21.1,48514,10.9432,1.52
1787726750.060,3771,21.2,48412,10.9478,1.52
1787726750.081,3772,21.0,48822,10.9586,1.52
1787726750.102,3773,21.1,48618,10.9425,1.52
1787726750.123,3774,20.9,48975,10.9381,1.52
1787726750.156,3775,32.2,31785,10.9414,1.52
1787726750.199,3776,42.2,24261,10.9719,1.52
1787726750.242,3777,42.6,24027,10.9471,1.52
1787726750.284,3778,41.8,24511,10.9476,1.52
1787726750.327,3779,43.2,23716,10.9407,1.52
1787726750.369,3780,41.9,24437,10.9528,1.52
1787726750.412,3781,41.8,24523,10.9511,1.52
1787726750.454,3782,42.0,24407,10.9287,1.52
1787726750.495,3783,41.2,24858,10.9406,1.52
1787726750.538,3784,42.5,24069,10.9619,1.52
1787726750.580,3785,41.9,24452,10.9374,1.52
1787726750.622,3786,42.1,24316,10.9338,1.52
1787726750.663,3787,41.1,24934,10.9765,1.52
1787726750.703,3788,39.8,25723,10.9743,1.52
1787726750.746,3789,42.2,24265,10.9492,1.52
1787726750.788,3790,41.8,24482,10.9501,1.52
1787726750.830,3791,42.4,24164,10.9621,1.52
1787726750.872,3792,41.8,24520,10.9673,1.52
1787726750.913,3793,40.9,25048,10.9236,1.52
1787726750.956,3794,43.1,23780,10.9461,1.52
1787726750.998,3795,41.6,24639,10.9209,1.52
1787726751.039,3796,41.1,24916,10.9464,1.52
1787726751.081,3797,41.5,24662,10.9500,1.52
1787726751.123,3798,41.6,24632,10.9463,1.52
1787726751.164,3799,41.0,24981,10.9523,1.52
1787726751.205,3800,41.5,24691,10.9108,1.52
1787726751.249,3801,43.2,23699,10.9402,1.52
1787726751.290,3802,40.7,25138,10.9588,1.52
1787726751.331,3803,41.6,24631,10.9351,1.52
1787726751.374,3804,42.4,24146,10.9381,1.52
1787726751.415,3805,40.6,25201,10.9680,1.52
1787726751.457,3806,42.6,24035,10.9396,1.52
1787726751.499,3807,41.0,24985,10.9376,1.52
1787726751.540,3808,41.7,24560,10.9753,1.52
1787726751.583,3809,42.1,24319,10.9205,1.52
1787726751.625,3810,42.3,24197,10.9289,1.52
1787726751.666,3811,41.1,24915,10.9279,1.52
1787726751.708,3812,41.4,24714,10.9644,1.52
1787726751.750,3813,41.5,24662,10.9430,1.52
1787726751.791,3814,41.5,24687,10.9448,1.52
1787726751.816,3815,24.3,42112,10.9548,1.52
1787726751.838,3816,21.4,47799,10.9431,1.52
1787726751.859,3817,21.1,48565,10.9247,1.52
1787726751.880,3818,21.1,48420,10.9369,1.52
1787726751.902,3819,21.1,48484,10.9328,1.52
1787726751.923,3820,21.3,48083,10.9319,1.52
1787726751.944,3821,21.0,48707,10.9335,1.52
1787726751.981,3822,36.1,28352,10.9486,1.52
1787726752.003,3823,22.1,46256,10.9559,1.52
1787726752.023,3824,19.7,51878,10.9499,1.52
1787726752.043,3825,19.5,52537,10.9136,1.52
1787726752.064,3826,20.2,50666,10.9397,1.52
1787726752.085,3827,21.6,47494,10.9277,1.52
1787726752.107,3828,21.1,48505,10.9617,1.52
1787726752.128,3829,21.1,48576,10.9422,1.52
1787726752.149,3830,21.0,48786,10.9539,1.52
1787726752.170,3831,21.0,48692,10.9643,1.52
1787726752.192,3832,21.0,48714,10.9389,1.52
1787726752.213,3833,20.8,49271,10.9401,1.52
1787726752.235,3834,22.2,46030,10.9425,1.52
1787726752.257,3835,21.9,46669,10.9086,1.52
1787726752.280,3836,22.2,46154,10.9275,1.52
1787726752.302,3837,22.2,46144,10.9443,1.52
1787726752.325,3838,22.2,46059,10.9234,1.52
1787726752.347,3839,22.1,46273,10.9448,1.52
1787726752.373,3840,25.8,39713,10.9352,1.52
1787726752.427,3841,53.9,18992,10.9308,1.52
1787726752.469,3842,41.5,24649,10.9258,1.52
1787726752.511,3843,42.2,24287,10.9478,1.52
1787726752.553,3844,41.2,24854,10.9323,1.52
1787726752.585,3845,31.3,32746,10.9547,1.52
1787726752.608,3846,23.2,44088,10.9588,1.52
1787726752.630,3847,21.3,48112,10.9593,1.52
1787726752.651,3848,21.2,48294,10.9204,1.52
1787726752.673,3849,21.3,48100,10.9638,1.52
1787726752.694,3850,21.3,48184,10.9487,1.52
1787726752.725,3851,30.3,33774,10.9363,1.52
1787726752.765,3852,39.4,26014,10.9350,1.52
1787726752.784,3853,19.4,52868,10.9266,1.52
1787726752.803,3854,19.2,53351,10.9466,1.52
1787726752.823,3855,19.1,53581,10.9288,1.52
1787726752.842,3856,19.1,53684,10.9242,1.52
1787726752.861,3857,19.1,53681,10.9354,1.52
1787726752.881,3858,19.9,51399,10.9354,1.52
1787726752.903,3859,21.2,48393,10.9456,1.52
1787726752.925,3860,21.6,47431,10.9499,1.52
1787726752.946,3861,21.5,47641,10.9352,1.52
1787726752.968,3862,21.3,48021,10.9483,1.52
1787726752.989,3863,21.4,47904,10.9532,1.52
1787726753.011,3864,21.8,47033,10.9229,1.52
1787726753.048,3865,36.4,28117,10.9320,1.52
1787726753.068,3866,19.7,51902,10.9503,1.52
1787726753.088,3867,19.4,52792,10.9934,1.52
1787726753.107,3868,19.3,53166,10.9609,1.52
1787726753.128,3869,20.5,49941,10.9457,1.52
1787726753.150,3870,21.5,47522,10.9460,1.52
1787726753.172,3871,21.5,47651,10.9779,1.52
1787726753.193,3872,21.4,47857,10.9591,1.52
1787726753.215,3873,21.3,48162,10.9283,1.52
1787726753.236,3874,21.4,47954,10.9265,1.52
1787726753.258,3875,21.2,48220,10.9377,1.52
1787726753.287,3876,29.0,35257,10.9353,1.52
1787726753.315,3877,27.9,36709,10.9132,1.52
1787726753.337,3878,21.3,47966,10.9462,1.52
1787726753.358,3879,21.2,48284,10.9385,1.52
1787726753.380,3880,21.2,48349,10.9401,1.52
1787726753.401,3881,21.3,48178,10.9365,1.52
1787726753.423,3882,21.1,48424,10.9194,1.52
1787726753.444,3883,21.2,48205,10.9394,1.52
1787726753.481,3884,37.2,27508,10.9330,1.52
1787726753.520,3885,38.1,26858,10.9704,1.52
1787726753.557,3886,37.2,27529,10.9373,1.52
1787726753.596,3887,38.1,26907,10.9534,1.52
1787726753.635,3888,38.7,26455,10.9613,1.52
1787726753.674,3889,39.2,26095,10.9328,1.52
1787726753.714,3890,39.1,26209,10.9639,1.52
1787726753.752,3891,37.6,27231,10.9271,1.52
1787726753.790,3892,38.4,26678,10.9576,1.52
1787726753.821,3893,31.1,32977,10.9517,1.52
1787726753.842,3894,20.0,51276,10.9497,1.52
1787726753.862,3895,19.9,51493,10.9498,1.52
1787726753.882,3896,19.8,51601,10.9617,1.52
1787726753.902,3897,19.9,51500,10.9381,1.52
1787726753.923,3898,20.8,49225,10.9442,1.52
1787726753.945,3899,21.3,48164,10.9497,1.52
1787726753.966,3900,21.2,48381,10.9323,1.52
1787726753.988,3901,21.5,47591,10.9341,1.52
1787726754.010,3902,21.3,48143,10.9454,1.52
1787726754.031,3903,21.5,47534,10.9218,1.52
1787726754.053,3904,21.4,47914,10.9413,1.52
1787726754.084,3905,31.1,32928,10.9316,1.52
1787726754.124,3906,39.5,25943,10.9472,1.52
1787726754.163,3907,38.8,26418,10.9410,1.52
1787726754.201,3908,38.4,26664,10.9370,1.52
1787726754.241,3909,39.3,26045,10.9476,1.52
1787726754.279,3910,38.5,26570,10.9550,1.52
1787726754.318,3911,38.2,26780,10.9470,1.52
1787726754.355,3912,37.4,27359,10.9680,1.52
1787726754.393,3913,37.4,27343,10.9661,1.52
1787726754.429,3914,36.3,28213,10.9482,1.52
1787726754.466,3915,36.9,27749,10.9824,1.52
1787726754.504,3916,37.4,27380,10.9322,1.52
1787726754.540,3917,36.5,28055,10.9508,1.52
1787726754.579,3918,38.3,26704,10.9296,1.52
1787726754.615,3919,36.3,28185,10.9355,1.52
1787726754.652,3920,36.8,27859,10.9403,1.52
1787726754.690,3921,37.1,27574,10.9430,1.52
1787726754.726,3922,36.4,28096,10.9310,1.52
1787726754.763,3923,37.1,27636,10.9496,1.52
1787726754.801,3924,37.1,27586,10.9283,1.52
1787726754.837,3925,36.4,28145,10.9607,1.52
1787726754.874,3926,36.3,28235,10.9211,1.52
1787726754.910,3927,36.5,28048,10.9404,1.52
1787726754.948,3928,37.8,27080,10.9274,1.52
1787726754.985,3929,37.1,27635,10.9434,1.52
1787726755.008,3930,22.7,45072,10.9200,1.52
1787726755.030,3931,21.5,47585,10.9460,1.52
1787726755.051,3932,21.2,48366,10.9190,1.52
1787726755.073,3933,21.4,47878,10.9366,1.52
1787726755.094,3934,21.2,48212,10.9284,1.52
1787726755.116,3935,21.3,47970,10.9371,1.52
1787726755.137,3936,21.2,48376,10.9636,1.52
1787726755.178,3937,40.5,25293,10.9536,1.52
1787726755.216,3938,37.8,27065,10.9378,1.52
1787726755.255,3939,38.2,26830,10.9289,1.52
1787726755.294,3940,39.4,26009,10.9354,1.52
1787726755.332,3941,38.0,26965,10.9383,1.52
1787726755.370,3942,37.6,27258,10.9506,1.52
1787726755.408,3943,37.5,27287,10.9793,1.52
1787726755.446,3944,38.2,26799,10.9489,1.52
1787726755.484,3945,38.2,26828,10.9200,1.52
1787726755.522,3946,37.2,27533,10.9464,1.52
1787726755.560,3947,38.3,26769,10.9256,1.52
1787726755.599,3948,38.6,26496,10.9572,1.52
1787726755.638,3949,39.2,26122,10.9308,1.52
1787726755.676,3950,37.5,27308,10.9413,1.52
1787726755.714,3951,38.1,26874,10.9621,1.52
1787726755.752,3952,37.7,27180,10.9536,1.52
1787726755.791,3953,38.7,26452,10.9611,1.52
1787726755.829,3954,38.0,26971,10.9019,1.52
1787726755.867,3955,38.4,26686,10.9476,1.52
1787726755.905,3956,38.2,26775,10.9279,1.52
1787726755.944,3957,38.0,26975,10.9674,1.52
1787726755.982,3958,38.1,26864,10.9330,1.52
1787726756.017,3959,35.1,29167,10.9449,1.52
1787726756.053,3960,35.6,28787,10.9557,1.52
1787726756.088,3961,34.8,29410,10.9286,1.52
1787726756.123,3962,34.4,29798,10.9428,1.52
1787726756.157,3963,34.2,29954,10.9500,1.52
1787726756.196,3964,38.2,26775,10.9360,1.52
1787726756.236,3965,40.2,25451,10.9403,1.52
1787726756.257,3966,20.3,50446,10.9495,1.52
1787726756.277,3967,19.8,51626,10.9134,1.52
1787726756.297,3968,19.7,51903,10.9221,1.52
1787726756.317,3969,19.9,51355,10.9458,1.52
1787726756.339,3970,21.6,47354,10.9532,1.52
1787726756.360,3971,20.9,48903,10.9572,1.52
1787726756.382,3972,21.2,48208,10.9166,1.52
1787726756.403,3973,21.1,48461,10.9138,1.52
1787726756.424,3974,21.1,48448,10.9465,1.52
1787726756.446,3975,21.2,48242,10.9276,1.52
1787726756.467,3976,21.2,48331,10.9400,1.52
1787726756.501,3977,33.3,30730,10.9381,1.52
1787726756.542,3978,41.1,24914,10.9352,1.52
1787726756.583,3979,41.3,24786,10.9412,1.52
1787726756.624,3980,40.9,25013,10.9344,1.52
1787726756.666,3981,41.4,24736,10.9457,1.52
1787726756.707,3982,41.0,24957,10.9746,1.52
1787726756.747,3983,39.8,25722,10.9489,1.52
1787726756.788,3984,40.0,25617,10.9338,1.52
1787726756.828,3985,39.9,25642,10.9385,1.52
1787726756.868,3986,40.2,25453,10.9334,1.52
1787726756.910,3987,40.8,25082,10.9401,1.52
1787726756.950,3988,40.4,25331,10.9454,1.52
1787726756.991,3989,40.6,25229,10.9283,1.52
1787726757.031,3990,39.7,25802,10.9365,1.52
1787726757.071,3991,40.0,25594,10.9358,1.52
1787726757.099,3992,27.6,37048,10.9344,1.52
1787726757.120,3993,19.8,51652,10.9334,1.52
1787726757.140,3994,19.8,51828,10.9337,1.52
1787726757.160,3995,19.6,52290,10.9433,1.52
1787726757.181,3996,21.3,48178,10.9444,1.52
1787726757.202,3997,21.3,48104,10.9686,1.52
1787726757.224,3998,21.3,47964,10.9238,1.52
1787726757.245,3999,21.1,48429,10.9264,1.52
1787726757.267,4000,21.0,48702,10.9465,1.52
1787726757.288,4001,21.0,48712,10.9449,1.52
1787726757.310,4002,22.1,46374,10.9524,1.52
1787726757.339,4003,28.8,35589,10.9416,1.52
1787726757.359,4004,19.8,51688,10.9328,1.52
1787726757.379,4005,19.8,51696,10.9504,1.52
1787726757.399,4006,19.5,52403,10.9304,1.52
1787726757.420,4007,20.6,49680,10.9317,1.52
1787726757.441,4008,21.1,48575,10.9584,1.52
1787726757.463,4009,21.1,48454,10.9819,1.52
1787726757.484,4010,21.2,48191,10.9328,1.52
1787726757.506,4011,21.1,48467,10.9600,1.52
1787726757.527,4012,21.3,48022,10.9312,1.52
1787726757.548,4013,21.2,48322,10.9473,1.52
1787726757.576,4014,27.0,37929,10.9258,1.52
1787726757.600,4015,24.6,41695,10.9393,1.52
1787726757.621,4016,19.9,51513,10.9567,1.52
1787726757.640,4017,19.6,52375,10.9331,1.52
1787726757.661,4018,20.0,51226,10.9443,1.52
1787726757.682,4019,21.2,48219,10.9290,1.52
1787726757.703,4020,21.1,48527,10.9510,1.52
1787726757.725,4021,21.2,48318,10.9606,1.52
1787726757.746,4022,21.1,48593,10.9256,1.52
1787726757.768,4023,21.2,48353,10.9429,1.52
1787726757.789,4024,21.1,48477,10.9378,1.52
1787726757.810,4025,20.9,48962,10.9470,1.52
1787726757.831,4026,21.1,48615,10.9608,1.52
1787726757.853,4027,21.0,48675,10.9454,1.52
1787726757.874,4028,21.2,48370,10.9419,1.52
1787726757.895,4029,21.2,48239,10.9483,1.52
1787726757.917,4030,21.2,48383,10.9400,1.52
1787726757.938,4031,21.2,48276,10.9459,1.52
1787726757.973,4032,35.0,29289,10.9552,1.52
1787726758.015,4033,41.3,24771,10.9448,1.52
1787726758.049,4034,33.7,30373,10.9554,1.52
1787726758.084,4035,35.3,29015,10.9603,1.52
1787726758.117,4036,33.3,30726,10.9218,1.52
1787726758.152,4037,34.2,29910,10.9440,1.52
1787726758.186,4038,33.8,30306,10.9369,1.52
1787726758.220,4039,34.6,29573,10.9466,1.52
1787726758.256,4040,35.7,28693,10.9305,1.52
1787726758.290,4041,33.5,30527,10.9415,1.52
1787726758.324,4042,34.3,29886,10.9477,1.52
1787726758.357,4043,32.7,31361,10.9419,1.52
1787726758.391,4044,33.5,30544,10.9311,1.52
1787726758.424,4045,33.1,30960,10.9270,1.52
1787726758.459,4046,34.6,29568,10.9405,1.52
1787726758.493,4047,34.3,29862,10.9401,1.52
1787726758.527,4048,34.0,30108,10.9647,1.52
1787726758.561,4049,33.4,30654,10.9604,1.52
1787726758.595,4050,34.2,29924,10.9316,1.52
1787726758.629,4051,33.9,30210,10.9274,1.52
1787726758.664,4052,34.6,29593,10.9616,1.52
1787726758.697,4053,32.6,31425,10.9370,1.52
1787726758.730,4054,33.7,30364,10.9275,1.52
1787726758.764,4055,33.3,30789,10.9276,1.52
1787726758.797,4056,33.4,30627,10.9598,1.52
1787726758.831,4057,33.4,30635,10.9388,1.52
1787726758.864,4058,33.0,31073,10.9461,1.52
1787726758.898,4059,33.6,30439,10.9258,1.52
1787726758.932,4060,34.0,30129,10.9672,1.52
1787726758.965,4061,33.2,30820,10.9521,1.52
1787726759.000,4062,34.2,29917,10.9222,1.52
1787726759.034,4063,34.2,29922,10.9334,1.52
1787726759.068,4064,34.0,30118,10.9355,1.52
1787726759.102,4065,33.9,30177,10.9275,1.52
1787726759.136,4066,33.7,30405,10.9587,1.52
1787726759.171,4067,34.7,29534,10.9517,1.52
1787726759.204,4068,32.7,31280,10.9298,1.52
1787726759.237,4069,33.2,30851,10.9520,1.52
1787726759.270,4070,33.3,30750,10.9246,1.52
1787726759.305,4071,34.3,29873,10.9416,1.52
1787726759.347,4072,41.7,24537,10.9503,1.52
1787726759.389,4073,42.6,24047,10.9448,1.52
1787726759.432,4074,42.5,24079,10.9494,1.52
1787726759.474,4075,42.3,24186,10.9378,1.52
1787726759.517,4076,42.8,23911,10.9441,1.52
1787726759.560,4077,42.5,24089,10.9565,1.52
1787726759.602,4078,41.9,24459,10.9212,1.52
1787726759.644,4079,42.2,24246,10.9489,1.52
1787726759.686,4080,42.0,24404,10.9267,1.52
1787726759.729,4081,42.0,24360,10.9784,1.52
1787726759.772,4082,42.8,23936,10.9508,1.52
1787726759.813,4083,41.8,24522,10.9320,1.52
1787726759.856,4084,42.2,24254,10.9241,1.52
1787726759.898,4085,41.7,24546,10.9712,1.52
1787726759.940,4086,42.0,24410,10.9650,1.52
1787726759.975,4087,35.5,28856,10.9368,1.52
1787726759.994,4088,19.0,54020,10.9273,1.52
1787726760.013,4089,18.9,54123,10.9385,1.52
1787726760.032,4090,18.9,54231,10.9374,1.52
1787726760.051,4091,18.9,54268,10.9511,1.52
1787726760.070,4092,18.9,54268,10.9712,1.52
1787726760.089,4093,18.8,54342,10.9549,1.52
1787726760.108,4094,18.9,54272,10.9225,1.52
1787726760.127,4095,18.9,54167,10.9684,1.52
1787726760.146,4096,18.9,54302,10.9711,1.52
1787726760.165,4097,18.9,54236,10.9281,1.52
1787726760.184,4098,18.9,54297,10.9264,1.52
1787726760.203,4099,18.9,54242,10.9490,1.52
1787726760.222,4100,18.9,54266,10.9268,1.52
1787726760.241,4101,18.9,54282,10.9491,1.52
1787726760.260,4102,18.9,54289,10.9208,1.52
1787726760.279,4103,18.8,54328,10.9579,1.52
1787726760.298,4104,18.8,54345,10.9295,1.52
1787726760.317,4105,18.9,54188,10.9309,1.52
1787726760.336,4106,18.9,54104,10.9386,1.52
1787726760.355,4107,18.9,54233,10.9497,1.52
1787726760.374,4108,18.9,54209,10.9493,1.52
1787726760.393,4109,18.9,54251,10.9501,1.52
1787726760.412,4110,18.9,54205,10.9686,1.52
1787726760.431,4111,18.9,54315,10.9464,1.52
1787726760.450,4112,18.9,54305,10.9367,1.52
1787726760.469,4113,18.9,54292,10.9123,1.52
1787726760.488,4114,18.9,54268,10.9512,1.52
1787726760.507,4115,18.8,54341,10.9624,1.52
1787726760.526,4116,18.8,54354,10.9394,1.52
1787726760.545,4117,18.9,54221,10.9573,1.52
1787726760.564,4118,18.9,54289,10.9298,1.52
1787726760.583,4119,18.9,54217,10.9225,1.52
1787726760.602,4120,18.9,54298,10.9529,1.52
1787726760.621,4121,18.9,54257,10.9014,1.52
1787726760.640,4122,18.8,54371,10.9547,1.52
1787726760.659,4123,18.9,54260,10.9448,1.52
1787726760.678,4124,18.8,54348,10.9531,1.52
1787726760.697,4125,18.9,54191,10.9542,1.52
1787726760.716,4126,18.9,54300,10.9356,1.52
1787726760.735,4127,18.9,54312,10.9420,1.52
1787726760.754,4128,18.9,54282,10.9515,1.52
1787726760.773,4129,18.9,54319,10.9465,1.52
1787726760.792,4130,18.8,54333,10.9345,1.52
1787726760.811,4131,18.9,54274,10.9500,1.52
1787726760.829,4132,18.8,54325,10.9365,1.52
1787726760.848,4133,18.9,54279,10.9342,1.52
1787726760.867,4134,18.8,54325,10.9494,1.52
1787726760.886,4135,18.9,54262,10.9299,1.52
1787726760.905,4136,18.9,54293,10.9418,1.52
1787726760.924,4137,18.9,54277,10.9201,1.52
1787726760.943,4138,18.9,54284,10.9259,1.52
1787726760.962,4139,18.9,54276,10.9635,1.52
1787726760.981,4140,18.8,54327,10.9382,1.52
1787726761.000,4141,18.9,54205,10.9244,1.52
1787726761.019,4142,18.9,54226,10.9532,1.52
1787726761.038,4143,18.9,54257,10.9201,1.52
1787726761.057,4144,18.9,54281,10.9524,1.52
1787726761.076,4145,18.9,54294,10.9415,1.52
1787726761.095,4146,18.9,54305,10.9362,1.52
1787726761.114,4147,18.9,54319,10.9573,1.52
1787726761.133,4148,18.9,54103,10.9898,1.52
1787726761.152,4149,18.9,54302,10.9349,1.52
1787726761.171,4150,18.9,54282,10.9431,1.52
1787726761.190,4151,18.9,54296,10.9332,1.52
1787726761.209,4152,18.9,54301,10.9409,1.52
1787726761.228,4153,18.9,54320,10.9507,1.52
1787726761.247,4154,18.9,54289,10.9427,1.52
1787726761.266,4155,18.9,54302,10.9559,1.52
1787726761.285,4156,18.8,54367,10.9840,1.52
1787726761.304,4157,18.9,54297,10.9421,1.52
1787726761.323,4158,18.9,54299,10.9376,1.52
1787726761.342,4159,18.9,54197,10.9294,1.52
1787726761.361,4160,18.9,54284,10.9428,1.52
1787726761.380,4161,18.9,54301,10.9546,1.52
1787726761.399,4162,18.9,54270,10.9578,1.52
1787726761.418,4163,18.9,54317,10.9408,1.52
1787726761.437,4164,18.9,54238,10.9386,1.52
1787726761.456,4165,18.9,54178,10.9638,1.52
1787726761.475,4166,18.9,54321,10.9163,1.52
1787726761.494,4167,18.9,54248,10.9576,1.52
1787726761.513,4168,18.9,54266,10.9551,1.52
1787726761.532,4169,18.9,54246,10.9468,1.52
1787726761.551,4170,18.8,54369,10.9508,1.52
1787726761.570,4171,18.9,54297,10.9378,1.52
1787726761.589,4172,18.9,54233,10.9352,1.52
1787726761.607,4173,18.9,54301,10.9432,1.52
1787726761.626,4174,18.9,54301,10.9625,1.52
1787726761.645,4175,18.9,54222,10.9344,1.52
1787726761.664,4176,18.9,54320,10.9577,1.52
1787726761.683,4177,18.9,54303,10.9603,1.52
1787726761.702,4178,18.9,54239,10.9424,1.52
1787726761.721,4179,18.9,54190,10.9531,1.52
1787726761.741,4180,19.9,51452,10.9082,1.52
1787726761.763,4181,21.1,48618,10.9460,1.52
1787726761.784,4182,21.2,48369,10.9191,1.52
1787726761.805,4183,21.1,48442,10.9576,1.52
1787726761.827,4184,21.0,48686,10.9485,1.52
1787726761.848,4185,21.0,48672,10.9496,1.52
1787726761.869,4186,21.2,48319,10.9845,1.52
1787726761.897,4187,27.5,37247,10.9364,1.52
1787726761.920,4188,23.0,44543,10.9417,1.52
1787726761.942,4189,21.3,48123,10.9552,1.52
1787726761.963,4190,21.2,48412,10.9420,1.52
1787726761.984,4191,21.0,48718,10.9635,1.52
1787726762.005,4192,21.1,48564,10.9274,1.52
1787726762.027,4193,21.3,48169,10.9457,1.52
1787726762.048,4194,21.1,48440,10.9466,1.52
1787726762.076,4195,28.0,36574,10.9399,1.52
1787726762.116,4196,39.6,25838,10.9355,1.52
1787726762.156,4197,40.0,25626,10.9252,1.52
1787726762.196,4198,39.1,26203,10.9337,1.52
1787726762.235,4199,39.3,26027,10.9209,1.52
1787726762.275,4200,40.0,25611,10.9284,1.52
1787726762.315,4201,39.8,25703,10.9327,1.52
1787726762.355,4202,40.0,25627,10.9537,1.52
1787726762.396,4203,40.6,25224,10.9800,1.52
1787726762.436,4204,40.0,25590,10.9442,1.52
1787726762.476,4205,39.6,25878,10.9231,1.52
1787726762.516,4206,39.6,25880,10.9394,1.52
1787726762.556,4207,40.1,25540,10.9530,1.52
1787726762.596,4208,40.1,25507,10.9496,1.52
1787726762.636,4209,40.0,25598,10.9626,1.52
1787726762.676,4210,40.1,25514,10.9592,1.52
1787726762.717,4211,40.0,25591,10.9761,1.52
1787726762.756,4212,39.3,26077,10.9617,1.52
1787726762.796,4213,39.7,25814,10.9392,1.52
1787726762.835,4214,39.5,25954,10.9081,1.52
1787726762.875,4215,39.4,25999,10.9565,1.52
1787726762.914,4216,39.0,26284,10.9545,1.52
1787726762.954,4217,39.7,25788,10.9481,1.52
1787726762.994,4218,40.0,25578,10.9430,1.52
1787726763.034,4219,40.0,25626,10.9267,1.52
1787726763.074,4220,40.1,25539,10.9418,1.52
1787726763.112,4221,37.2,27561,10.9516,1.52
1787726763.133,4222,20.9,49100,10.9129,1.52
1787726763.154,4223,21.0,48734,10.9261,1.52
1787726763.175,4224,21.0,48710,10.9193,1.52
1787726763.196,4225,21.1,48445,10.9576,1.52
1787726763.218,4226,21.2,48268,10.9218,1.52
1787726763.239,4227,21.2,48322,10.9270,1.52
1787726763.263,4228,24.0,42638,10.9351,1.52
1787726763.301,4229,37.4,27384,10.9584,1.52
1787726763.342,4230,41.0,24982,10.9208,1.52
1787726763.383,4231,41.1,24941,10.9279,1.52
1787726763.424,4232,41.0,24993,10.9232,1.52
1787726763.466,4233,41.1,24902,10.9346,1.52
1787726763.507,4234,41.4,24741,10.9495,1.52
1787726763.548,4235,41.1,24932,10.9664,1.52
1787726763.590,4236,41.1,24926,10.9193,1.52
1787726763.631,4237,41.7,24582,10.9523,1.52
1787726763.673,4238,41.7,24577,10.9482,1.52
1787726763.715,4239,41.6,24629,10.9462,1.52
1787726763.756,4240,41.0,24985,10.9371,1.52
1787726763.797,4241,41.2,24835,10.9676,1.52
1787726763.839,4242,41.0,24960,10.9404,1.52
1787726763.880,4243,41.0,24964,10.9479,1.52
1787726763.921,4244,41.1,24897,10.9170,1.52
1787726763.965,4245,43.6,23498,10.9656,1.52
1787726764.026,4246,60.8,16849,10.9496,1.52
1787726764.087,4247,60.6,16911,10.9529,1.52
1787726764.149,4248,62.4,16410,10.9544,1.52
1787726764.211,4249,61.3,16697,10.9043,1.52
1787726764.272,4250,61.1,16766,10.9422,1.52
1787726764.334,4251,61.1,16761,10.9506,1.52
1787726764.397,4252,62.7,16333,10.9239,1.52
1787726764.458,4253,61.0,16790,10.9385,1.52
1787726764.520,4254,60.9,16819,10.9136,1.52
1787726764.556,4255,36.3,28238,10.9489,1.52
1787726764.576,4256,19.7,52058,10.9569,1.52
1787726764.596,4257,19.6,52116,10.9050,1.52
1787726764.616,4258,19.7,52027,10.9475,1.52
1787726764.637,4259,20.7,49388,10.9266,1.52
1787726764.658,4260,21.2,48347,10.9387,1.52
1787726764.680,4261,21.2,48270,10.9336,1.52
1787726764.701,4262,21.4,47865,10.9610,1.52
1787726764.723,4263,21.1,48491,10.9852,1.52
1787726764.744,4264,21.3,48114,10.9210,1.52
1787726764.765,4265,21.0,48749,10.9425,1.52
1787726764.793,4266,27.7,36978,10.9495,1.52
1787726764.814,4267,20.4,50088,10.9369,1.52
1787726764.834,4268,20.0,51228,10.9407,1.52
1787726764.854,4269,19.8,51633,10.9271,1.52
1787726764.875,4270,19.9,51517,10.9407,1.52
1787726764.895,4271,19.9,51494,10.9431,1.52
1787726764.916,4272,21.3,48181,10.9538,1.52
1787726764.938,4273,21.2,48392,10.9579,1.52
1787726764.959,4274,21.2,48310,10.9504,1.52
1787726764.980,4275,21.1,48577,10.9399,1.52
1787726765.002,4276,21.1,48537,10.9551,1.52
1787726765.023,4277,21.0,48728,10.9761,1.52
1787726765.044,4278,21.2,48260,10.9662,1.52
1787726765.074,4279,29.9,34303,10.9456,1.52
1787726765.115,4280,40.2,25463,10.9327,1.52
1787726765.137,4281,21.7,47266,10.9137,1.52
1787726765.158,4282,21.3,48136,10.9152,1.52
1787726765.179,4283,21.2,48296,10.9524,1.52
1787726765.201,4284,21.2,48316,10.9530,1.52
1787726765.222,4285,21.2,48361,10.9346,1.52
1787726765.244,4286,21.3,48123,10.9310,1.52
1787726765.265,4287,21.3,48050,10.9615,1.52
1787726765.296,4288,31.0,33073,10.9368,1.52
1787726765.317,4289,20.7,49551,10.9572,1.52
1787726765.338,4290,21.1,48480,10.9221,1.52
1787726765.360,4291,21.2,48334,10.9400,1.52
1787726765.381,4292,21.3,48087,10.9446,1.52
1787726765.403,4293,21.0,48649,10.9334,1.52
1787726765.424,4294,21.4,47952,10.9507,1.52
1787726765.448,4295,24.0,42632,10.9285,1.52
1787726765.482,4296,33.1,30899,10.9329,1.52
1787726765.515,4297,32.8,31185,10.9349,1.52
1787726765.549,4298,34.4,29775,10.9410,1.52
1787726765.583,4299,33.9,30240,10.9382,1.52
1787726765.617,4300,33.5,30541,10.9410,1.52
1787726765.651,4301,34.3,29870,10.9333,1.52
1787726765.685,4302,33.9,30188,10.9429,1.52
1787726765.720,4303,34.3,29840,10.9217,1.52
1787726765.753,4304,33.1,30943,10.9545,1.52
1787726765.787,4305,34.1,30029,10.9349,1.52
1787726765.821,4306,33.3,30718,10.9704,1.52
1787726765.842,4307,21.3,48156,10.9538,1.52
1787726765.864,4308,21.4,47806,10.9077,1.52
1787726765.885,4309,21.3,48049,10.9219,1.52
1787726765.907,4310,21.4,47778,10.9133,1.52
1787726765.929,4311,21.5,47632,10.9682,1.52
1787726765.950,4312,21.3,47979,10.9403,1.52
1787726765.979,4313,29.1,35243,10.9341,1.52
1787726766.014,4314,34.4,29744,10.9404,1.52
1787726766.049,4315,34.6,29631,10.9416,1.52
1787726766.083,4316,33.9,30234,10.9507,1.52
1787726766.117,4317,33.9,30227,10.9578,1.52
1787726766.151,4318,34.5,29684,10.9409,1.52
1787726766.186,4319,34.4,29740,10.9646,1.52
1787726766.220,4320,33.7,30366,10.9475,1.52
1787726766.254,4321,34.4,29766,10.9708,1.52
1787726766.288,4322,33.6,30455,10.9462,1.52
1787726766.322,4323,33.4,30677,10.9247,1.52
1787726766.356,4324,34.3,29817,10.9187,1.52
1787726766.390,4325,33.6,30480,10.9495,1.52
1787726766.424,4326,33.8,30255,10.9254,1.52
1787726766.459,4327,34.7,29477,10.9411,1.52
1787726766.494,4328,34.3,29819,10.9473,1.52
1787726766.528,4329,34.1,30016,10.9337,1.52
1787726766.563,4330,34.3,29868,10.9415,1.52
1787726766.596,4331,32.7,31308,10.9542,1.52
1787726766.629,4332,33.1,30922,10.9451,1.52
1787726766.663,4333,33.4,30672,10.9643,1.52
1787726766.687,4334,24.4,41914,10.9328,1.52
1787726766.708,4335,20.0,51273,10.9554,1.52
1787726766.728,4336,19.8,51795,10.9575,1.52
1787726766.750,4337,21.4,47931,10.9291,1.52
1787726766.770,4338,20.3,50535,10.9709,1.52
1787726766.792,4339,21.4,47799,10.9733,1.52
1787726766.814,4340,21.4,47940,10.9570,1.52
1787726766.835,4341,21.4,47763,10.9615,1.52
1787726766.857,4342,21.2,48211,10.9387,1.52
1787726766.878,4343,21.5,47576,10.9458,1.52
1787726766.900,4344,21.5,47711,10.9319,1.52
1787726766.925,4345,24.3,42061,10.9459,1.52
1787726766.955,4346,30.2,33880,10.9476,1.52
1787726766.977,4347,21.7,47155,10.9450,1.52
1787726766.999,4348,21.6,47483,10.9522,1.52
1787726767.021,4349,21.8,47008,10.9434,1.52
1787726767.043,4350,21.7,47285,10.9444,1.52
1787726767.065,4351,21.5,47670,10.9435,1.52
1787726767.087,4352,21.0,48672,10.9578,1.52
1787726767.108,4353,20.8,49192,10.9240,1.52
1787726767.134,4354,25.9,39465,10.9649,1.52
1787726767.169,4355,34.6,29582,10.9467,1.52
1787726767.205,4356,35.8,28620,10.9445,1.52
1787726767.239,4357,34.5,29665,10.9483,1.52
1787726767.275,4358,35.4,28922,10.9377,1.52
1787726767.310,4359,34.9,29329,10.9411,1.52
1787726767.336,4360,26.1,39275,10.9740,1.52
1787726767.357,4361,19.9,51358,10.9828,1.52
1787726767.377,4362,19.6,52241,10.9792,1.52
1787726767.397,4363,19.8,51692,10.9270,1.52
1787726767.417,4364,19.5,52391,10.9603,1.52
1787726767.438,4365,20.7,49585,10.9520,1.52
1787726767.459,4366,21.4,47939,10.9403,1.52
1787726767.481,4367,21.3,48038,10.9642,1.52
1787726767.502,4368,21.4,47960,10.9637,1.52
1787726767.524,4369,21.2,48304,10.9343,1.52
1787726767.545,4370,21.4,47961,10.9341,1.52
1787726767.566,4371,21.1,48560,10.9322,1.52
1787726767.603,4372,35.9,28541,10.9384,1.52
1787726767.640,4373,37.1,27633,10.9477,1.52
1787726767.677,4374,36.9,27719,10.9390,1.52
1787726767.714,4375,37.0,27642,10.9138,1.52
1787726767.751,4376,37.3,27487,10.9395,1.52
1787726767.789,4377,37.6,27232,10.9305,1.52
1787726767.826,4378,36.7,27887,10.9445,1.52
1787726767.863,4379,36.3,28174,10.9346,1.52
1787726767.901,4380,38.1,26848,10.9578,1.52
1787726767.938,4381,37.1,27609,10.9287,1.52
1787726767.974,4382,35.9,28502,10.9468,1.52
1787726768.012,4383,37.5,27289,10.9659,1.52
1787726768.048,4384,36.5,28040,10.9339,1.52
1787726768.087,4385,38.0,26916,10.9497,1.52
1787726768.123,4386,36.5,28025,10.9752,1.52
1787726768.160,4387,36.8,27796,10.9681,1.52
1787726768.199,4388,38.6,26559,10.9383,1.52
1787726768.237,4389,37.6,27226,10.9615,1.52
1787726768.274,4390,36.9,27786,10.9383,1.52
1787726768.311,4391,37.6,27233,10.9275,1.52
1787726768.348,4392,36.4,28097,10.9678,1.52
1787726768.384,4393,36.3,28179,10.9374,1.52
1787726768.419,4394,34.9,29374,10.9415,1.52
1787726768.454,4395,34.5,29655,10.9365,1.52
1787726768.492,4396,38.3,26739,10.9407,1.52
1787726768.535,4397,42.2,24259,10.9250,1.52
1787726768.577,4398,42.4,24175,10.9647,1.52
1787726768.621,4399,43.2,23691,10.9102,1.52
1787726768.663,4400,42.6,24051,10.9664,1.52
1787726768.705,4401,41.7,24585,10.9343,1.52
1787726768.748,4402,42.1,24300,10.9385,1.52
1787726768.790,4403,42.3,24234,10.9144,1.52
1787726768.832,4404,41.2,24876,10.9267,1.52
1787726768.873,4405,41.6,24603,10.9360,1.52
1787726768.916,4406,41.6,24587,10.9472,1.52
1787726768.957,4407,40.8,25089,10.9454,1.52
1787726768.998,4408,41.0,24988,10.9488,1.52
1787726769.039,4409,40.8,25128,10.9538,1.52
1787726769.080,4410,41.2,24846,10.9374,1.52
1787726769.122,4411,41.4,24728,10.9510,1.52
1787726769.145,4412,22.8,44959,10.9439,1.52
1787726769.165,4413,19.7,51875,10.9617,1.52
1787726769.185,4414,19.7,52080,10.9230,1.52
1787726769.205,4415,20.1,50873,10.9498,1.52
1787726769.227,4416,21.4,47781,10.9558,1.52
1787726769.249,4417,21.4,47869,10.9514,1.52
1787726769.271,4418,22.0,46598,10.9176,1.52
1787726769.293,4419,21.7,47112,10.9707,1.52
1787726769.315,4420,21.9,46696,10.9527,1.52
1787726769.338,4421,21.9,46837,10.9495,1.52
1787726769.360,4422,21.8,47046,10.9580,1.52
1787726769.396,4423,35.9,28495,10.9531,1.52
1787726769.439,4424,42.5,24075,10.9345,1.52
1787726769.482,4425,42.8,23903,10.9412,1.52
1787726769.524,4426,41.7,24529,10.9393,1.52
1787726769.567,4427,42.8,23925,10.9395,1.52
1787726769.598,4428,30.7,33326,10.9488,1.52
1787726769.618,4429,19.7,51850,10.9545,1.52
1787726769.638,4430,19.6,52173,10.9431,1.52
1787726769.658,4431,19.6,52234,10.9416,1.52
1787726769.679,4432,21.1,48463,10.9297,1.52
1787726769.701,4433,21.4,47811,10.9310,1.52
1787726769.722,4434,21.1,48506,10.9600,1.52
1787726769.744,4435,21.6,47471,10.9178,1.52
1787726769.766,4436,21.3,48035,10.9456,1.52
1787726769.787,4437,21.4,47830,10.9505,1.52
1787726769.809,4438,21.3,48070,10.9422,1.52
1787726769.840,4439,30.4,33651,10.9666,1.52
1787726769.864,4440,24.3,42124,10.9405,1.52
1787726769.890,4441,24.7,41413,10.9348,1.52
1787726769.911,4442,21.6,47339,10.9497,1.52
1787726769.934,4443,22.6,45348,10.9395,1.52
1787726769.956,4444,21.3,48070,10.9576,1.52
1787726769.977,4445,21.2,48372,10.9289,1.52
1787726769.998,4446,20.9,49048,10.9391,1.52
1787726770.030,4447,31.3,32759,10.9197,1.52
1787726770.065,4448,34.7,29472,10.9574,1.52
1787726770.107,4449,41.9,24439,10.9649,1.52
1787726770.149,4450,42.0,24362,10.9584,1.52
1787726770.192,4451,42.6,24043,10.9709,1.52
1787726770.213,4452,21.1,48464,10.9263,1.52
1787726770.234,4453,19.8,51772,10.9174,1.52
1787726770.254,4454,19.9,51405,10.9364,1.52
1787726770.274,4455,19.8,51616,10.9620,1.52
1787726770.296,4456,21.5,47692,10.9127,1.52
1787726770.317,4457,21.2,48262,10.9204,1.52
1787726770.338,4458,21.3,47972,10.9401,1.52
1787726770.360,4459,21.2,48257,10.9332,1.52
1787726770.381,4460,21.3,47963,10.9710,1.52
1787726770.403,4461,21.2,48371,10.9557,1.52
1787726770.431,4462,27.6,37064,10.9570,1.52
1787726770.464,4463,33.0,31009,10.9091,1.52
1787726770.485,4464,20.9,49018,10.9272,1.52
1787726770.507,4465,21.8,46865,10.9052,1.52
1787726770.529,4466,21.7,47180,10.9477,1.52
1787726770.551,4467,21.4,47857,10.9669,1.52
1787726770.573,4468,21.5,47593,10.9467,1.52
1787726770.594,4469,21.3,48051,10.9632,1.52
1787726770.620,4470,25.2,40620,10.9371,1.52
1787726770.653,4471,33.3,30709,10.9446,1.52
1787726770.687,4472,33.4,30650,10.9449,1.52
1787726770.722,4473,34.3,29847,10.9649,1.52
1787726770.757,4474,34.7,29476,10.9528,1.52
1787726770.791,4475,34.3,29844,10.9150,1.52
1787726770.825,4476,33.3,30757,10.9314,1.52
1787726770.859,4477,33.3,30735,10.9053,1.52
1787726770.893,4478,33.9,30249,10.9666,1.52
1787726770.928,4479,35.3,29001,10.9359,1.52
1787726770.963,4480,34.2,29982,10.9238,1.52
1787726770.997,4481,33.9,30166,10.9435,1.52
1787726771.032,4482,34.4,29773,10.9314,1.52
1787726771.052,4483,20.1,51019,10.9367,1.52
1787726771.072,4484,19.7,51905,10.9837,1.52
1787726771.092,4485,19.8,51673,10.9351,1.52
1787726771.112,4486,19.6,52345,10.9413,1.52
1787726771.133,4487,21.1,48510,10.9612,1.52
1787726771.155,4488,21.2,48290,10.9239,1.52
1787726771.176,4489,21.4,47866,10.9514,1.52
1787726771.198,4490,21.6,47355,10.9252,1.52
1787726771.220,4491,21.3,47996,10.9299,1.52
1787726771.241,4492,21.4,47948,10.9476,1.52
1787726771.266,4493,24.7,41541,10.9320,1.52
1787726771.296,4494,29.6,34631,10.9383,1.52
1787726771.316,4495,19.8,51712,10.9626,1.52
1787726771.336,4496,19.4,52652,10.9566,1.52
1787726771.355,4497,19.3,53093,10.9428,1.52
1787726771.375,4498,19.8,51654,10.9516,1.52
1787726771.397,4499,21.2,48225,10.9367,1.52
1787726771.418,4500,21.4,47939,10.9451,1.52
1787726771.440,4501,21.3,48008,10.9631,1.52
1787726771.461,4502,21.4,47947,10.9276,1.52
1787726771.483,4503,21.3,48139,10.9303,1.52
1787726771.505,4504,21.3,48013,10.9532,1.52
1787726771.533,4505,28.7,35652,10.9186,1.52
1787726771.560,4506,26.5,38656,10.9528,1.52
1787726771.582,4507,21.9,46677,10.9367,1.52
1787726771.604,4508,21.7,47236,10.9306,1.52
1787726771.626,4509,21.7,47184,10.9565,1.52
1787726771.648,4510,21.9,46814,10.9461,1.52
1787726771.670,4511,21.9,46842,10.9507,1.52
1787726771.693,4512,22.1,46252,10.9530,1.52
1787726771.718,4513,24.9,41132,10.9628,1.52
1787726771.755,4514,36.9,27764,10.9512,1.52
1787726771.792,4515,37.5,27298,10.9494,1.52
1787726771.829,4516,36.5,28077,10.9253,1.52
1787726771.866,4517,36.5,28019,10.9508,1.52
1787726771.904,4518,37.6,27251,10.9498,1.52
1787726771.940,4519,36.0,28480,10.9568,1.52
1787726771.977,4520,36.9,27746,10.9402,1.52
1787726772.013,4521,35.9,28523,10.9385,1.52
1787726772.050,4522,37.1,27586,10.9237,1.52
1787726772.088,4523,38.0,26964,10.9414,1.52
1787726772.126,4524,37.6,27263,10.9338,1.52
1787726772.165,4525,38.0,26973,10.9425,1.52
1787726772.202,4526,36.7,27939,10.9316,1.52
1787726772.239,4527,37.3,27459,10.9470,1.52
1787726772.276,4528,36.6,27973,10.9370,1.52
1787726772.308,4529,31.5,32474,10.9527,1.52
1787726772.328,4530,19.8,51679,10.9438,1.52
1787726772.348,4531,19.7,51981,10.9376,1.52
1787726772.368,4532,19.6,52274,10.9298,1.52
1787726772.389,4533,20.9,48995,10.9294,1.52
1787726772.411,4534,21.7,47252,10.9559,1.52
1787726772.432,4535,21.5,47666,10.9639,1.52
1787726772.454,4536,21.2,48288,10.9672,1.52
1787726772.475,4537,21.2,48372,10.9352,1.52
1787726772.497,4538,21.5,47673,10.9430,1.52
1787726772.518,4539,21.0,48862,10.9648,1.52
1787726772.554,4540,36.2,28289,10.9353,1.52
1787726772.576,4541,21.3,48108,10.9533,1.52
1787726772.597,4542,21.1,48490,10.9308,1.52
1787726772.619,4543,21.2,48192,10.9494,1.52
1787726772.640,4544,21.1,48614,10.9704,1.52
1787726772.661,4545,21.3,48177,10.9712,1.52
1787726772.683,4546,21.1,48554,10.9436,1.52
1787726772.706,4547,23.5,43531,10.9447,1.52
1787726772.746,4548,39.0,26226,10.9548,1.52
1787726772.784,4549,38.4,26684,10.9523,1.52
1787726772.822,4550,38.1,26848,10.9220,1.52
1787726772.861,4551,39.0,26281,10.9435,1.52
1787726772.900,4552,38.5,26572,10.9579,1.52
1787726772.939,4553,39.2,26111,10.9479,1.52
1787726772.978,4554,38.7,26467,10.9455,1.52
1787726773.017,4555,38.4,26698,10.9326,1.52
1787726773.056,4556,38.9,26301,10.9604,1.52
1787726773.094,4557,38.1,26897,10.9527,1.52
1787726773.133,4558,38.6,26531,10.9139,1.52
1787726773.171,4559,38.4,26662,10.9233,1.52
1787726773.210,4560,38.9,26325,10.9121,1.52
1787726773.248,4561,38.1,26886,10.9599,1.52
1787726773.287,4562,37.9,27012,10.9294,1.52
1787726773.325,4563,38.2,26781,10.9490,1.52
1787726773.362,4564,36.6,27984,10.9449,1.52
1787726773.401,4565,38.8,26403,10.9259,1.52
1787726773.439,4566,38.0,26922,10.9698,1.52
1787726773.477,4567,38.3,26737,10.9157,1.52
1787726773.514,4568,37.0,27701,10.9635,1.52
1787726773.551,4569,36.8,27798,10.9323,1.52
1787726773.589,4570,37.8,27100,10.9608,1.52
1787726773.617,4571,27.5,37289,10.9368,1.52
1787726773.638,4572,21.3,48134,10.9351,1.52
1787726773.661,4573,22.5,45412,10.9619,1.52
1787726773.683,4574,21.2,48352,10.9537,1.52
1787726773.704,4575,21.6,47383,10.9223,1.52
1787726773.726,4576,21.2,48286,10.9247,1.52
1787726773.747,4577,21.4,47937,10.9301,1.52
1787726773.779,4578,31.8,32152,10.9129,1.52
1787726773.808,4579,28.5,35934,10.9456,1.52
1787726773.829,4580,21.3,47964,10.9052,1.52
1787726773.851,4581,21.3,47965,10.9438,1.52
1787726773.873,4582,21.5,47639,10.9193,1.52
1787726773.894,4583,21.1,48452,10.9398,1.52
1787726773.916,4584,21.2,48344,10.9287,1.52
1787726773.937,4585,21.2,48206,10.9755,1.52
1787726773.973,4586,35.6,28774,10.9429,1.52
1787726773.999,4587,25.7,39785,10.9691,1.52
1787726774.022,4588,21.9,46730,10.9568,1.52
1787726774.044,4589,22.2,46189,10.9254,1.52
1787726774.065,4590,20.8,49214,10.9418,1.52
1787726774.086,4591,20.9,48923,10.9182,1.52
1787726774.108,4592,21.2,48208,10.9607,1.52
1787726774.129,4593,21.1,48491,10.9476,1.52
1787726774.158,4594,29.3,34974,10.9384,1.52
1787726774.200,4595,40.9,25067,10.9261,1.52
1787726774.241,4596,40.9,25022,10.9462,1.52
1787726774.281,4597,39.8,25760,10.9449,1.52
1787726774.319,4598,38.3,26724,10.9381,1.52
1787726774.355,4599,36.0,28442,10.9217,1.52
1787726774.375,4600,19.4,52696,10.9045,1.52
1787726774.396,4601,20.0,51281,10.9384,1.52
1787726774.417,4602,21.0,48810,10.9272,1.52
1787726774.437,4603,19.8,51758,10.9687,1.52
1787726774.458,4604,20.8,49324,10.9319,1.52
1787726774.480,4605,21.6,47509,10.9258,1.52
1787726774.501,4606,21.3,48043,10.9574,1.52
1787726774.523,4607,21.3,48003,10.9713,1.52
1787726774.544,4608,21.2,48389,10.9427,1.52
1787726774.566,4609,21.4,47827,10.9421,1.52
1787726774.587,4610,21.2,48209,10.9836,1.52
1787726774.621,4611,33.4,30662,10.9068,1.52
1787726774.648,4612,26.6,38443,10.9677,1.52
1787726774.670,4613,21.7,47220,10.9760,1.52
1787726774.691,4614,21.5,47553,10.9488,1.52
1787726774.713,4615,21.6,47381,10.9496,1.52
1787726774.735,4616,21.2,48365,10.9538,1.52
1787726774.756,4617,21.2,48361,10.9480,1.52
1787726774.777,4618,21.1,48452,10.9397,1.52
1787726774.816,4619,38.3,26714,10.9318,1.52
1787726774.858,4620,41.6,24610,10.9399,1.52
1787726774.900,4621,41.8,24505,10.9619,1.52
1787726774.928,4622,27.9,36673,10.9333,1.52
1787726774.949,4623,21.3,48067,10.9518,1.52
1787726774.972,4624,22.1,46272,10.9367,1.52
1787726774.993,4625,21.2,48348,10.9342,1.52
1787726775.014,4626,21.1,48537,10.9210,1.52
1787726775.036,4627,21.3,48081,10.9336,1.52
1787726775.057,4628,21.3,48076,10.9250,1.52
1787726775.094,4629,36.1,28372,10.9456,1.52
1787726775.127,4630,33.0,31060,10.9145,1.52
1787726775.148,4631,21.4,47902,10.9330,1.52
1787726775.170,4632,21.2,48239,10.9571,1.52
1787726775.191,4633,21.3,48065,10.9429,1.52
1787726775.213,4634,21.3,48111,10.9331,1.52
1787726775.235,4635,21.4,47815,10.9415,1.52
1787726775.256,4636,21.3,48024,10.9443,1.52
1787726775.288,4637,31.3,32757,10.9381,1.52
1787726775.329,4638,41.5,24661,10.9732,1.52
1787726775.371,4639,41.4,24723,10.9702,1.52
1787726775.413,4640,41.6,24608,10.9335,1.52
1787726775.455,4641,42.0,24409,10.9381,1.52
1787726775.495,4642,40.6,25227,10.9531,1.52
1787726775.537,4643,41.3,24770,10.9433,1.52
1787726775.579,4644,42.5,24122,10.9407,1.52
1787726775.621,4645,41.2,24833,10.9210,1.52
1787726775.662,4646,41.4,24762,10.9401,1.52
1787726775.705,4647,42.1,24326,10.9502,1.52
1787726775.747,4648,41.9,24421,10.9494,1.52
1787726775.781,4649,34.3,29834,10.9410,1.52
1787726775.803,4650,21.2,48385,10.9476,1.52
1787726775.824,4651,21.2,48267,10.9493,1.52
1787726775.846,4652,21.5,47705,10.9316,1.52
1787726775.867,4653,21.5,47650,10.9454,1.52
1787726775.889,4654,21.5,47701,10.9489,1.52
1787726775.911,4655,21.4,47812,10.9317,1.52
1787726775.942,4656,31.0,33083,10.9319,1.52
1787726775.981,4657,38.8,26415,10.9361,1.52
1787726776.020,4658,38.8,26383,10.9146,1.52
1787726776.058,4659,37.7,27170,10.9178,1.52
1787726776.096,4660,38.3,26751,10.9165,1.52
1787726776.136,4661,39.5,25956,10.9519,1.52
1787726776.175,4662,38.8,26421,10.9628,1.52
1787726776.214,4663,38.9,26343,10.9493,1.52
1787726776.253,4664,38.7,26492,10.9419,1.52
1787726776.292,4665,38.5,26608,10.9219,1.52
1787726776.331,4666,38.3,26749,10.9616,1.52
1787726776.371,4667,40.2,25454,10.9409,1.52
1787726776.410,4668,38.5,26630,10.9411,1.52
1787726776.450,4669,40.1,25530,10.9546,1.52
1787726776.488,4670,37.6,27215,10.9503,1.52
1787726776.528,4671,39.1,26188,10.9601,1.52
1787726776.565,4672,37.6,27257,10.9459,1.52
1787726776.604,4673,38.4,26644,10.9490,1.52
1787726776.641,4674,37.2,27497,10.9431,1.52
1787726776.680,4675,38.0,26915,10.9206,1.52
1787726776.704,4676,23.7,43151,10.9209,1.52
1787726776.727,4677,23.3,43968,10.9558,1.52
1787726776.750,4678,22.5,45420,10.9551,1.52
1787726776.773,4679,22.3,45888,10.9523,1.52
1787726776.795,4680,22.5,45571,10.9123,1.52
1787726776.818,4681,22.7,45135,10.9770,1.52
1787726776.841,4682,22.6,45322,10.9473,1.52
1787726776.864,4683,22.6,45279,10.9347,1.52
1787726776.887,4684,22.6,45364,10.9342,1.52
1787726776.910,4685,22.6,45243,10.9450,1.52
1787726776.933,4686,22.7,45035,10.9241,1.52
1787726776.956,4687,23.0,44464,10.9551,1.52
1787726776.979,4688,22.8,44842,10.9589,1.52
1787726777.002,4689,22.7,45019,10.8967,1.52
1787726777.024,4690,21.3,48035,10.9067,1.52
1787726777.044,4691,19.8,51722,10.9458,1.52
1787726777.064,4692,19.9,51444,10.9412,1.52
1787726777.083,4693,19.0,53756,10.9387,1.52
1787726777.103,4694,19.6,52272,10.9563,1.52
1787726777.125,4695,21.2,48255,10.9158,1.52
1787726777.146,4696,21.3,48013,10.9543,1.52
1787726777.168,4697,21.3,48105,10.9436,1.52
1787726777.189,4698,21.2,48200,10.9513,1.52
1787726777.211,4699,21.3,48164,10.9542,1.52
1787726777.232,4700,21.2,48287,10.9266,1.52
1787726777.253,4701,20.9,49109,10.9354,1.52
1787726777.272,4702,19.0,54002,10.9350,1.52
1787726777.292,4703,19.6,52241,10.9313,1.52
1787726777.312,4704,19.6,52147,10.9502,1.52
1787726777.332,4705,19.7,51999,10.9615,1.52
1787726777.353,4706,20.6,49669,10.9116,1.52
1787726777.375,4707,21.4,47946,10.9439,1.52
1787726777.396,4708,21.2,48261,10.9177,1.52
1787726777.418,4709,21.3,47987,10.9628,1.52
1787726777.439,4710,21.2,48280,10.9120,1.52
1787726777.461,4711,21.4,47780,10.9127,1.52
1787726777.482,4712,21.1,48450,10.9488,1.52
1787726777.519,4713,36.7,27872,10.9363,1.52
1787726777.569,4714,50.1,20455,10.9613,1.52
1787726777.612,4715,42.9,23866,10.9620,1.52
1787726777.655,4716,42.4,24133,10.9565,1.52
1787726777.697,4717,42.2,24252,10.9471,1.52
1787726777.738,4718,40.9,25007,10.9341,1.52
1787726777.780,4719,41.5,24693,10.9300,1.52
1787726777.822,4720,42.0,24364,10.9359,1.52
1787726777.864,4721,42.1,24300,10.9432,1.52
1787726777.907,4722,41.8,24488,10.9347,1.52
1787726777.948,4723,41.5,24694,10.9452,1.52
1787726777.990,4724,41.6,24603,10.9659,1.52
1787726778.033,4725,42.5,24093,10.9215,1.52
1787726778.075,4726,41.7,24570,10.9241,1.52
1787726778.118,4727,42.2,24257,10.9783,1.52
1787726778.160,4728,41.9,24444,10.9469,1.52
1787726778.201,4729,41.3,24813,10.9435,1.52
1787726778.243,4730,41.7,24534,10.9443,1.52
1787726778.284,4731,41.3,24786,10.9491,1.52
1787726778.327,4732,42.1,24295,10.9312,1.52
1787726778.368,4733,41.1,24892,10.9361,1.52
1787726778.402,4734,33.5,30570,10.9089,1.52
1787726778.423,4735,21.2,48401,10.9323,1.52
1787726778.444,4736,21.2,48335,10.9378,1.52
1787726778.466,4737,21.4,47955,10.9421,1.52
1787726778.487,4738,21.3,48150,10.9478,1.52
1787726778.509,4739,21.5,47669,10.9301,1.52
1787726778.531,4740,21.4,47881,10.9521,1.52
1787726778.561,4741,30.3,33810,10.9356,1.52
1787726778.591,4742,29.6,34546,10.9575,1.52
1787726778.613,4743,21.3,48084,10.9630,1.52
1787726778.634,4744,21.4,47838,10.9285,1.52
1787726778.656,4745,21.3,48044,10.9498,1.52
1787726778.677,4746,21.3,48157,10.9410,1.52
1787726778.699,4747,21.3,48119,10.9263,1.52
1787726778.720,4748,21.1,48583,10.9128,1.52
1787726778.753,4749,32.6,31453,10.9145,1.52
1787726778.781,4750,28.2,36370,10.9314,1.52
1787726778.803,4751,21.2,48256,10.9560,1.52
1787726778.825,4752,22.3,46022,10.9652,1.52
1787726778.848,4753,22.5,45441,10.9229,1.52
1787726778.871,4754,22.5,45477,10.9416,1.52
1787726778.894,4755,22.7,45129,10.9464,1.52
1787726778.917,4756,22.7,45062,10.9772,1.52
1787726778.949,4757,32.7,31317,10.9483,1.52
1787726778.991,4758,41.8,24493,10.9624,1.52
1787726779.034,4759,42.0,24395,10.9344,1.52
1787726779.075,4760,41.5,24676,10.9651,1.52
1787726779.117,4761,41.5,24668,10.9467,1.52
1787726779.150,4762,33.1,30891,10.9454,1.52
1787726779.172,4763,21.2,48299,10.9292,1.52
1787726779.193,4764,21.3,48107,10.9443,1.52
1787726779.215,4765,21.3,48136,10.9184,1.52
1787726779.236,4766,21.4,47748,10.9331,1.52
1787726779.258,4767,21.3,48056,10.9467,1.52
1787726779.279,4768,21.2,48206,10.9628,1.52
1787726779.310,4769,30.4,33658,10.9575,1.52
1787726779.339,4770,29.0,35309,10.9451,1.52
1787726779.359,4771,19.7,51863,10.9593,1.52
1787726779.379,4772,19.7,52002,10.9182,1.52
1787726779.399,4773,19.6,52212,10.9438,1.52
1787726779.421,4774,21.4,47892,10.9471,1.52
1787726779.443,4775,21.6,47463,10.9170,1.52
1787726779.464,4776,21.1,48482,10.9432,1.52
1787726779.485,4777,21.1,48637,10.9234,1.52
1787726779.507,4778,21.1,48502,10.9621,1.52
1787726779.528,4779,21.2,48298,10.9637,1.52
1787726779.551,4780,22.7,45168,10.9738,1.52
1787726779.590,4781,39.1,26162,10.9599,1.52
1787726779.632,4782,41.5,24648,10.9398,1.52
1787726779.674,4783,42.0,24383,10.9575,1.52
1787726779.700,4784,26.2,39015,10.9223,1.52
1787726779.721,4785,21.0,48838,10.9340,1.52
1787726779.743,4786,21.0,48804,10.9385,1.52
1787726779.764,4787,21.1,48456,10.9312,1.52
1787726779.785,4788,21.3,47978,10.9426,1.52
1787726779.807,4789,20.9,48970,10.9247,1.52
1787726779.828,4790,21.1,48614,10.9518,1.52
1787726779.862,4791,34.4,29731,10.9369,1.52
1787726779.903,4792,40.4,25376,10.9091,1.52
1787726779.943,4793,40.1,25559,10.9347,1.52
1787726779.983,4794,40.0,25602,10.9222,1.52
1787726780.024,4795,40.4,25374,10.9658,1.52
1787726780.065,4796,41.0,25006,10.9525,1.52
1787726780.105,4797,39.6,25871,10.9406,1.52
1787726780.145,4798,40.0,25609,10.9794,1.52
1787726780.184,4799,39.4,26008,10.9260,1.52
1787726780.224,4800,39.7,25770,10.9145,1.52
1787726780.265,4801,40.6,25196,10.9477,1.52
1787726780.305,4802,40.2,25441,10.9644,1.52
1787726780.345,4803,39.7,25825,10.9454,1.52
1787726780.383,4804,38.2,26817,10.9165,1.52
1787726780.423,4805,39.3,26025,10.9475,1.52
1787726780.461,4806,38.0,26941,10.9779,1.52
1787726780.499,4807,38.1,26884,10.9578,1.52
1787726780.538,4808,38.7,26455,10.9638,1.52
1787726780.577,4809,39.0,26277,10.9646,1.52
1787726780.615,4810,37.7,27171,10.9530,1.52
1787726780.654,4811,38.7,26475,10.9478,1.52
1787726780.693,4812,39.2,26099,10.9278,1.52
1787726780.732,4813,38.4,26691,10.9356,1.52
1787726780.770,4814,37.9,27007,10.9710,1.52
1787726780.809,4815,38.9,26321,10.9327,1.52
1787726780.848,4816,38.9,26331,10.9379,1.52
1787726780.886,4817,38.5,26611,10.9522,1.52
1787726780.925,4818,38.6,26533,10.9570,1.52
1787726780.963,4819,38.0,26932,10.9474,1.52
1787726781.002,4820,38.6,26543,10.9394,1.52
1787726781.041,4821,39.2,26135,10.9426,1.52
1787726781.080,4822,38.8,26366,10.9446,1.52
1787726781.117,4823,36.3,28195,10.9390,1.52
1787726781.152,4824,34.9,29377,10.9372,1.52
1787726781.186,4825,34.2,29904,10.9320,1.52
1787726781.222,4826,35.3,29027,10.9387,1.52
1787726781.256,4827,34.2,29966,10.9573,1.52
1787726781.290,4828,33.8,30281,10.9121,1.52
1787726781.324,4829,33.6,30496,10.9493,1.52
1787726781.357,4830,33.2,30813,10.9657,1.52
1787726781.392,4831,34.6,29597,10.9255,1.52
1787726781.426,4832,34.4,29805,10.9371,1.52
1787726781.461,4833,34.4,29797,10.9199,1.52
1787726781.495,4834,34.4,29759,10.9322,1.52
1787726781.530,4835,34.6,29586,10.9342,1.52
1787726781.565,4836,34.7,29549,10.9445,1.52
1787726781.599,4837,34.3,29884,10.9499,1.52
1787726781.634,4838,35.2,29071,10.9331,1.52
1787726781.668,4839,33.8,30302,10.9701,1.52
1787726781.703,4840,34.7,29544,10.9738,1.52
1787726781.737,4841,34.0,30103,10.9444,1.52
1787726781.772,4842,34.3,29861,10.9648,1.52
1787726781.807,4843,35.4,28926,10.9549,1.52
1787726781.844,4844,36.2,28271,10.9429,1.52
1787726781.885,4845,41.0,24968,10.9314,1.52
1787726781.925,4846,40.6,25252,10.9368,1.52
1787726781.966,4847,40.8,25109,10.9309,1.52
1787726782.014,4848,47.3,21640,10.9522,1.52
1787726782.068,4849,53.9,18990,10.9264,1.52
1787726782.088,4850,19.5,52621,10.9513,1.52
1787726782.107,4851,19.1,53610,10.9680,1.52
1787726782.127,4852,19.1,53514,10.9488,1.52
1787726782.146,4853,19.2,53451,10.9271,1.52
1787726782.165,4854,19.1,53629,10.9531,1.52
1787726782.185,4855,19.1,53688,10.9607,1.52
1787726782.204,4856,19.1,53703,10.9493,1.52
1787726782.223,4857,18.9,54108,10.9065,1.52
1787726782.242,4858,18.9,54173,10.9372,1.52
1787726782.262,4859,19.6,52148,10.9269,1.52
1787726782.282,4860,19.7,52039,10.9345,1.52
1787726782.302,4861,19.6,52228,10.9429,1.52
1787726782.322,4862,19.8,51839,10.9391,1.52
1787726782.341,4863,19.1,53582,10.9085,1.52
1787726782.360,4864,19.0,53760,10.9393,1.52
1787726782.380,4865,19.1,53593,10.9338,1.52
1787726782.399,4866,19.1,53647,10.9354,1.52
1787726782.418,4867,19.0,53771,10.9486,1.52
1787726782.438,4868,19.1,53688,10.9413,1.52
1787726782.457,4869,19.1,53563,10.9504,1.52
1787726782.476,4870,19.0,53943,10.9457,1.52
1787726782.496,4871,19.9,51578,10.9329,1.52
1787726782.517,4872,20.4,50098,10.9353,1.52
1787726782.537,4873,20.1,50952,10.9515,1.52
1787726782.558,4874,20.5,49956,10.9219,1.52
1787726782.579,4875,20.7,49569,10.9758,1.52
1787726782.601,4876,21.5,47650,10.9509,1.52
1787726782.624,4877,22.0,46490,10.9244,1.52
1787726782.645,4878,21.1,48565,10.9355,1.52
1787726782.666,4879,21.4,47907,10.9569,1.52
1787726782.688,4880,21.0,48749,10.9382,1.52
1787726782.709,4881,20.9,48998,10.9616,1.52
1787726782.730,4882,20.8,49334,10.9640,1.52
1787726782.752,4883,22.4,45659,10.9484,1.52
1787726782.798,4884,45.3,22583,10.9528,1.52
1787726782.857,4885,58.9,17396,10.9497,1.52
1787726782.912,4886,54.1,18911,10.9669,1.52
1787726782.932,4887,19.9,51579,10.9750,1.52
1787726782.952,4888,19.6,52323,10.9364,1.52
1787726782.972,4889,20.0,51131,10.9400,1.52
1787726782.993,4890,20.7,49549,10.9207,1.52
1787726783.014,4891,20.0,51209,10.9050,1.52
1787726783.036,4892,22.1,46303,10.9387,1.52
1787726783.058,4893,21.4,47956,10.9386,1.52
1787726783.078,4894,20.5,49892,10.9209,1.52
1787726783.098,4895,19.2,53312,10.9612,1.52
1787726783.117,4896,19.1,53503,10.9238,1.52
1787726783.136,4897,19.1,53554,10.9394,1.52
1787726783.156,4898,19.1,53595,10.9291,1.52
1787726783.175,4899,19.0,53785,10.9686,1.52
1787726783.194,4900,19.1,53733,10.9412,1.52
1787726783.213,4901,19.1,53630,10.9422,1.52
1787726783.233,4902,19.7,51905,10.9371,1.52
1787726783.254,4903,20.9,48964,10.9428,1.52
1787726783.276,4904,21.3,48101,10.9423,1.52
1787726783.297,4905,20.7,49551,10.9586,1.52
1787726783.318,4906,21.1,48551,10.9708,1.52
1787726783.343,4907,24.4,41909,10.9822,1.52
1787726783.367,4908,24.3,42117,10.9443,1.52
1787726783.387,4909,19.8,51759,10.9296,1.52
1787726783.407,4910,19.7,52074,10.9503,1.52
1787726783.427,4911,19.8,51757,10.9462,1.52
1787726783.448,4912,20.6,49638,10.9373,1.52
1787726783.469,4913,20.9,49012,10.9246,1.52
1787726783.491,4914,21.5,47718,10.9360,1.52
1787726783.513,4915,21.6,47505,10.9320,1.52
1787726783.535,4916,21.6,47469,10.9418,1.52
1787726783.556,4917,21.5,47638,10.9402,1.52
1787726783.578,4918,21.5,47659,10.9031,1.52
1787726783.598,4919,19.7,51996,10.9430,1.52
1787726783.617,4920,19.2,53331,10.9351,1.52
1787726783.637,4921,19.5,52645,10.9416,1.52
1787726783.657,4922,19.3,53108,10.9382,1.52
1787726783.679,4923,21.5,47667,10.9433,1.52
1787726783.700,4924,21.4,47952,10.9348,1.52
1787726783.721,4925,21.1,48461,10.9562,1.52
1787726783.743,4926,21.2,48322,10.9280,1.52
1787726783.764,4927,21.1,48577,10.9289,1.52
1787726783.786,4928,21.7,47246,10.9487,1.52
1787726783.807,4929,20.9,48937,10.9526,1.52
1787726783.829,4930,21.3,48034,10.9451,1.52
1787726783.850,4931,21.1,48632,10.9291,1.52
1787726783.871,4932,21.3,48082,10.9697,1.52
1787726783.893,4933,21.2,48338,10.9448,1.52
1787726783.914,4934,21.3,48144,10.9350,1.52
1787726783.936,4935,21.3,48027,10.9313,1.52
1787726783.957,4936,21.1,48577,10.9400,1.52
1787726783.978,4937,21.0,48820,10.9340,1.52
1787726783.999,4938,21.1,48606,10.9466,1.52
1787726784.021,4939,21.3,48110,10.9276,1.52
1787726784.042,4940,21.2,48335,10.9422,1.52
1787726784.064,4941,21.3,48132,10.9433,1.52
1787726784.085,4942,21.3,48084,10.9390,1.52
1787726784.117,4943,31.5,32487,10.9387,1.52
1787726784.166,4944,49.2,20829,10.9452,1.52
1787726784.187,4945,21.1,48560,10.9508,1.52
1787726784.209,4946,21.2,48246,10.9610,1.52
1787726784.230,4947,20.9,48981,10.9319,1.52
1787726784.251,4948,21.2,48266,10.9222,1.52
1787726784.273,4949,21.1,48462,10.9265,1.52
1787726784.294,4950,21.0,48712,10.9579,1.52
1787726784.315,4951,21.3,48154,10.9536,1.52
1787726784.350,4952,34.0,30080,10.9209,1.52
1787726784.384,4953,34.2,29953,10.9466,1.52
1787726784.420,4954,36.0,28476,10.9537,1.52
1787726784.455,4955,35.1,29205,10.9401,1.52
1787726784.491,4956,35.3,29012,10.9447,1.52
1787726784.527,4957,35.8,28643,10.9341,1.52
1787726784.562,4958,35.3,28976,10.9651,1.52
1787726784.597,4959,35.1,29157,10.9451,1.52
1787726784.632,4960,34.7,29487,10.9099,1.52
1787726784.668,4961,35.6,28803,10.9275,1.52
1787726784.704,4962,36.1,28381,10.9337,1.52
1787726784.739,4963,34.7,29506,10.9138,1.52
1787726784.774,4964,34.5,29642,10.9247,1.52
1787726784.806,4965,32.7,31343,10.9422,1.52
1787726784.828,4966,21.1,48560,10.9312,1.52
1787726784.849,4967,21.0,48646,10.9507,1.52
1787726784.870,4968,21.1,48439,10.9660,1.52
1787726784.892,4969,21.1,48529,10.9233,1.52
1787726784.913,4970,21.3,48125,10.9238,1.52
1787726784.934,4971,21.1,48480,10.9530,1.52
1787726784.958,4972,23.2,44199,10.9359,1.52
1787726784.995,4973,37.0,27678,10.9466,1.52
1787726785.032,4974,36.8,27826,10.9534,1.52
1787726785.069,4975,37.2,27493,10.9541,1.52
1787726785.106,4976,36.9,27716,10.9544,1.52
1787726785.144,4977,37.3,27481,10.9468,1.52
1787726785.182,4978,37.4,27388,10.9902,1.52
1787726785.220,4979,37.5,27304,10.9362,1.52
1787726785.257,4980,37.0,27655,10.9570,1.52
1787726785.295,4981,37.3,27466,10.9285,1.52
1787726785.333,4982,37.7,27162,10.9718,1.52
1787726785.371,4983,38.1,26893,10.9221,1.52
1787726785.408,4984,36.8,27836,10.9369,1.52
1787726785.442,4985,33.8,30270,10.9299,1.52
1787726785.462,4986,19.7,51988,10.9418,1.52
1787726785.483,4987,20.4,50153,10.9774,1.52
1787726785.504,4988,20.4,50182,10.9251,1.52
1787726785.524,4989,20.3,50502,10.9337,1.52
1787726785.546,4990,21.2,48375,10.9250,1.52
1787726785.567,4991,21.2,48403,10.9526,1.52
1787726785.588,4992,21.2,48298,10.9425,1.52
1787726785.610,4993,21.2,48232,10.9569,1.52
1787726785.631,4994,21.2,48296,10.9372,1.52
1787726785.652,4995,20.9,48943,10.9499,1.52
1787726785.673,4996,20.1,50964,10.9308,1.52
1787726785.693,4997,20.1,51015,10.9160,1.52
1787726785.713,4998,19.8,51714,10.9520,1.52
1787726785.732,4999,19.0,53963,10.9431,1.52
1787726785.751,5000,19.1,53667,10.9195,1.52
1787726785.770,5001,19.1,53676,10.9284,1.52
1787726785.790,5002,19.1,53578,10.9319,1.52
1787726785.809,5003,19.0,53879,10.9609,1.52
1787726785.828,5004,19.0,53862,10.9578,1.52
1787726785.847,5005,19.0,53839,10.9474,1.52
1787726785.877,5006,29.3,34922,10.9452,1.52
1787726785.912,5007,35.0,29249,10.9611,1.52
1787726785.932,5008,19.2,53222,10.9372,1.52
1787726785.951,5009,19.5,52527,10.9355,1.52
1787726785.971,5010,19.7,51949,10.9538,1.52
1787726785.991,5011,19.6,52165,10.9303,1.52
1787726786.013,5012,21.5,47726,10.9434,1.52
1787726786.034,5013,21.4,47884,10.9468,1.52
1787726786.056,5014,21.2,48263,10.9213,1.52
1787726786.077,5015,21.2,48341,10.9263,1.52
1787726786.098,5016,20.9,49067,10.9247,1.52
1787726786.119,5017,21.1,48605,10.9382,1.52
1787726786.143,5018,23.3,43932,10.9389,1.52
1787726786.180,5019,36.6,27949,10.9347,1.52
1787726786.201,5020,21.1,48621,10.9523,1.52
1787726786.223,5021,21.4,47843,10.9430,1.52
1787726786.244,5022,21.0,48676,10.9641,1.52
1787726786.265,5023,21.2,48228,10.9516,1.52
1787726786.287,5024,21.1,48458,10.9308,1.52
1787726786.308,5025,21.2,48324,10.9265,1.52
1787726786.329,5026,21.0,48656,10.9361,1.52
1787726786.350,5027,20.9,49045,10.9213,1.52
1787726786.372,5028,21.1,48462,10.9803,1.52
1787726786.393,5029,20.8,49174,10.9203,1.52
1787726786.414,5030,21.1,48589,10.9218,1.52
1787726786.435,5031,21.3,48140,10.9071,1.52
1787726786.457,5032,21.2,48312,10.9524,1.52
1787726786.493,5033,36.3,28213,10.9557,1.52
1787726786.544,5034,50.7,20180,10.9365,1.52
1787726786.586,5035,41.7,24570,10.9491,1.52
1787726786.628,5036,42.0,24405,10.9453,1.52
1787726786.670,5037,41.6,24621,10.9234,1.52
1787726786.711,5038,41.3,24783,10.8995,1.52
1787726786.753,5039,41.3,24811,10.9290,1.52
1787726786.794,5040,41.0,25001,10.9639,1.52
1787726786.835,5041,40.9,25030,10.9687,1.52
1787726786.876,5042,41.0,24987,10.9467,1.52
1787726786.917,5043,41.1,24886,10.9280,1.52
1787726786.959,5044,42.4,24179,10.9482,1.52
1787726787.001,5045,41.3,24795,10.9392,1.52
1787726787.042,5046,40.6,25238,10.9403,1.52
1787726787.083,5047,41.7,24565,10.9393,1.52
1787726787.126,5048,42.2,24263,10.9533,1.52
1787726787.168,5049,42.1,24316,10.9529,1.52
1787726787.208,5050,40.2,25490,10.9470,1.52
1787726787.251,5051,41.7,24533,10.9268,1.52
1787726787.292,5052,41.6,24640,10.9335,1.52
1787726787.335,5053,42.5,24087,10.9576,1.52
1787726787.378,5054,42.0,24387,10.9422,1.52
1787726787.420,5055,42.0,24368,10.9320,1.52
1787726787.462,5056,41.3,24810,10.9318,1.52
1787726787.503,5057,41.7,24530,10.9548,1.52
1787726787.545,5058,41.8,24497,10.9519,1.52
1787726787.588,5059,42.1,24304,10.9414,1.52
1787726787.612,5060,24.0,42639,10.9607,1.52
1787726787.632,5061,19.8,51813,10.9345,1.52
1787726787.652,5062,19.8,51800,10.9563,1.52
1787726787.672,5063,19.7,51963,10.9681,1.52
1787726787.693,5064,20.3,50505,10.9495,1.52
1787726787.714,5065,21.3,48123,10.9619,1.52
1787726787.736,5066,21.2,48228,10.9328,1.52
1787726787.757,5067,20.9,48982,10.9294,1.52
1787726787.778,5068,20.9,49086,10.9459,1.52
1787726787.799,5069,21.0,48729,10.9403,1.52
1787726787.820,5070,21.1,48468,10.9166,1.52
1787726787.842,5071,21.1,48509,10.9413,1.52
1787726787.880,5072,37.9,26990,10.9241,1.52
1787726787.921,5073,41.4,24740,10.9820,1.52
1787726787.963,5074,41.9,24447,10.9696,1.52
1787726788.004,5075,41.0,24984,10.9459,1.52
1787726788.046,5076,41.5,24682,10.9547,1.52
1787726788.088,5077,41.7,24543,10.9429,1.52
1787726788.123,5078,34.9,29303,10.9447,1.52
1787726788.144,5079,20.9,48883,10.9217,1.52
1787726788.166,5080,21.3,48074,10.9463,1.52
1787726788.187,5081,21.1,48447,10.9438,1.52
1787726788.208,5082,21.1,48615,10.9368,1.52
1787726788.230,5083,21.0,48765,10.9548,1.52
1787726788.251,5084,21.1,48509,10.9540,1.52
1787726788.272,5085,21.0,48806,10.9174,1.52
1787726788.307,5086,34.8,29406,10.9178,1.52
1787726788.330,5087,22.3,45908,10.9476,1.52
1787726788.356,5088,25.8,39701,10.9348,1.52
1787726788.377,5089,21.5,47633,10.9440,1.52
1787726788.398,5090,21.0,48871,10.9250,1.52
1787726788.420,5091,21.3,48170,10.9411,1.52
1787726788.441,5092,21.0,48830,10.9178,1.52
1787726788.462,5093,21.1,48616,10.9415,1.52
1787726788.486,5094,23.9,42785,10.9365,1.52
1787726788.519,5095,32.2,31842,10.9537,1.52
1787726788.539,5096,19.8,51723,10.9221,1.52
1787726788.559,5097,19.6,52128,10.9524,1.52
1787726788.579,5098,19.6,52310,10.9149,1.52
1787726788.600,5099,20.8,49322,10.9556,1.52
1787726788.621,5100,20.9,48973,10.9809,1.52
1787726788.642,5101,21.2,48346,10.9488,1.52
1787726788.664,5102,21.4,47856,10.9550,1.52
1787726788.685,5103,21.3,48172,10.9434,1.52
1787726788.707,5104,21.6,47400,10.9609,1.52
1787726788.729,5105,21.4,47828,10.9196,1.52
1787726788.760,5106,30.7,33330,10.9772,1.52
1787726788.800,5107,39.6,25841,10.9264,1.52
1787726788.838,5108,38.7,26476,10.9376,1.52
1787726788.877,5109,38.4,26667,10.9507,1.52
1787726788.915,5110,38.1,26860,10.9573,1.52
1787726788.954,5111,38.2,26811,10.9296,1.52
1787726788.992,5112,38.1,26901,10.9506,1.52
1787726789.030,5113,38.0,26931,10.9585,1.52
1787726789.068,5114,38.0,26949,10.9424,1.52
1787726789.107,5115,38.4,26638,10.9269,1.52
1787726789.144,5116,37.1,27573,10.9620,1.52
1787726789.182,5117,37.8,27060,10.9547,1.52
1787726789.219,5118,37.1,27587,10.9431,1.52
1787726789.257,5119,37.7,27191,10.9091,1.52
1787726789.294,5120,37.0,27707,10.9347,1.52
1787726789.331,5121,36.4,28099,10.9513,1.52
1787726789.364,5122,33.4,30647,10.9406,1.52
1787726789.385,5123,20.8,49147,10.9717,1.52
1787726789.407,5124,21.3,48127,10.9273,1.52
1787726789.428,5125,21.1,48592,10.9490,1.52
1787726789.450,5126,21.4,47861,10.9272,1.52
1787726789.471,5127,21.2,48341,10.9387,1.52
1787726789.492,5128,21.0,48772,10.9610,1.52
1787726789.514,5129,21.1,48576,10.9545,1.52
1787726789.552,5130,37.7,27188,10.9407,1.52
1787726789.590,5131,38.2,26832,10.9344,1.52
1787726789.629,5132,38.1,26887,10.9448,1.52
1787726789.668,5133,38.9,26312,10.9607,1.52
1787726789.706,5134,38.3,26723,10.9623,1.52
1787726789.745,5135,38.3,26740,10.9537,1.52
1787726789.783,5136,37.8,27064,10.9493,1.52
1787726789.806,5137,23.3,43982,10.9162,1.52
1787726789.826,5138,19.8,51753,10.9511,1.52
1787726789.846,5139,19.7,51952,10.9294,1.52
1787726789.866,5140,19.4,52749,10.9450,1.52
1787726789.886,5141,19.8,51800,10.9377,1.52
1787726789.908,5142,21.9,46674,10.9446,1.52
1787726789.930,5143,21.5,47591,10.9234,1.52
1787726789.952,5144,21.4,47953,10.9494,1.52
1787726789.973,5145,21.4,47823,10.9366,1.52
1787726789.995,5146,21.4,47849,10.9546,1.52
1787726790.016,5147,21.4,47803,10.9260,1.52
1787726790.047,5148,30.6,33432,10.9282,1.52
1787726790.087,5149,39.2,26118,10.9370,1.52
1787726790.125,5150,38.1,26871,10.9255,1.52
1787726790.163,5151,38.2,26786,10.9482,1.52
1787726790.200,5152,37.0,27688,10.9418,1.52
1787726790.220,5153,19.2,53445,10.9497,1.52
1787726790.240,5154,19.5,52559,10.9354,1.52
1787726790.259,5155,19.6,52128,10.9374,1.52
1787726790.279,5156,19.5,52565,10.9343,1.52
1787726790.300,5157,20.9,49030,10.9215,1.52
1787726790.322,5158,21.6,47379,10.9447,1.52
1787726790.344,5159,21.2,48320,10.9545,1.52
1787726790.365,5160,21.4,47862,10.9431,1.52
1787726790.387,5161,21.4,47871,10.9376,1.52
1787726790.409,5162,21.3,48168,10.9305,1.52
1787726790.430,5163,21.4,47920,10.9610,1.52
1787726790.460,5164,29.3,34981,10.9512,1.52
1787726790.498,5165,38.4,26655,10.9199,1.52
1787726790.534,5166,35.4,28962,10.9457,1.52
1787726790.570,5167,35.6,28803,10.9507,1.52
1787726790.604,5168,33.9,30181,10.9485,1.52
1787726790.639,5169,35.1,29197,10.9472,1.52
1787726790.675,5170,35.9,28491,10.9279,1.52
1787726790.712,5171,36.4,28110,10.9170,1.52
1787726790.749,5172,36.6,27972,10.9409,1.52
1787726790.785,5173,35.8,28634,10.9487,1.52
1787726790.821,5174,35.6,28778,10.9705,1.52
1787726790.857,5175,36.0,28484,10.9307,1.52
1787726790.893,5176,35.3,29018,10.9457,1.52
1787726790.918,5177,24.7,41472,10.9290,1.52
1787726790.939,5178,20.6,49751,10.9162,1.52
1787726790.960,5179,20.5,49912,10.9557,1.52
1787726790.981,5180,20.6,49809,10.9390,1.52
1787726791.001,5181,19.7,51933,10.9464,1.52
1787726791.022,5182,20.8,49113,10.9223,1.52
1787726791.043,5183,20.6,49729,10.9446,1.52
1787726791.064,5184,21.1,48519,10.9309,1.52
1787726791.086,5185,21.3,47986,10.9368,1.52
1787726791.107,5186,21.3,48159,10.9347,1.52
1787726791.127,5187,19.2,53251,10.9633,1.52
1787726791.146,5188,19.1,53690,10.9627,1.52
1787726791.165,5189,19.1,53676,10.9706,1.52
1787726791.184,5190,19.2,53463,10.9270,1.52
1787726791.204,5191,19.0,53882,10.9307,1.52
1787726791.223,5192,19.1,53631,10.9457,1.52
1787726791.243,5193,19.5,52486,10.9326,1.52
1787726791.263,5194,20.6,49698,10.9104,1.52
1787726791.284,5195,20.9,48959,10.9245,1.52
1787726791.306,5196,21.2,48356,10.9081,1.52
1787726791.326,5197,19.6,52177,10.9571,1.52
1787726791.354,5198,28.0,36583,10.9046,1.52
1787726791.391,5199,37.1,27579,10.9538,1.52
1787726791.417,5200,25.9,39562,10.9228,1.52
1787726791.438,5201,20.2,50606,10.9429,1.52
1787726791.458,5202,19.4,52702,10.9649,1.52
1787726791.477,5203,19.3,53059,10.9320,1.52
1787726791.500,5204,22.0,46614,10.9159,1.52
1787726791.521,5205,21.3,48183,10.9344,1.52
1787726791.542,5206,21.2,48326,10.9224,1.52
1787726791.564,5207,21.0,48734,10.9244,1.52
1787726791.585,5208,21.1,48512,10.9242,1.52
1787726791.606,5209,21.2,48211,10.9255,1.52
1787726791.628,5210,21.1,48603,10.9289,1.52
1787726791.648,5211,20.0,51188,10.9438,1.52
1787726791.667,5212,19.0,54035,10.9267,1.52
1787726791.688,5213,20.9,49055,10.9278,1.52
1787726791.708,5214,19.6,52126,10.9447,1.52
1787726791.728,5215,19.9,51414,10.9451,1.52
1787726791.750,5216,21.4,47827,10.9231,1.52
1787726791.772,5217,21.5,47712,10.9424,1.52
1787726791.793,5218,21.3,48061,10.9411,1.52
1787726791.815,5219,21.3,48127,10.9461,1.52
1787726791.836,5220,21.1,48595,10.9260,1.52
1787726791.857,5221,21.2,48207,10.9355,1.52
1787726791.879,5222,21.1,48539,10.9195,1.52
1787726791.919,5223,40.3,25384,10.9410,1.52
1787726791.951,5224,31.1,32975,10.9398,1.52
1787726791.972,5225,21.2,48316,10.9572,1.52
1787726791.993,5226,21.1,48453,10.9570,1.52
1787726792.015,5227,21.1,48443,10.9383,1.52
1787726792.036,5228,21.2,48301,10.9299,1.52
1787726792.058,5229,21.3,48047,10.9812,1.52
1787726792.079,5230,21.1,48621,10.9413,1.52
1787726792.098,5231,19.2,53400,10.9331,1.52
1787726792.118,5232,19.6,52146,10.9482,1.52
1787726792.138,5233,19.5,52421,10.9528,1.52
1787726792.158,5234,20.0,51121,10.9287,1.52
1787726792.180,5235,21.3,48151,10.9570,1.52
1787726792.201,5236,21.1,48432,10.9389,1.52
1787726792.222,5237,20.9,49015,10.9703,1.52
1787726792.243,5238,21.0,48688,10.9427,1.52
1787726792.265,5239,21.3,48126,10.9459,1.52
1787726792.286,5240,21.4,47922,10.9454,1.52
1787726792.323,5241,36.4,28120,10.9401,1.52
1787726792.373,5242,49.5,20684,10.9615,1.52
1787726792.414,5243,41.7,24539,10.9655,1.52
1787726792.456,5244,41.6,24617,10.9100,1.52
1787726792.499,5245,42.6,24013,10.9517,1.52
1787726792.541,5246,41.3,24814,10.9036,1.52
1787726792.583,5247,42.0,24405,10.9465,1.52
1787726792.625,5248,42.0,24392,10.9384,1.52
1787726792.667,5249,41.6,24599,10.9314,1.52
1787726792.710,5250,42.2,24272,10.9235,1.52
1787726792.752,5251,42.2,24264,10.9253,1.52
1787726792.794,5252,41.4,24709,10.9538,1.52
1787726792.835,5253,41.5,24691,10.9517,1.52
1787726792.878,5254,42.3,24217,10.9401,1.52
1787726792.908,5255,29.9,34300,10.9321,1.52
1787726792.929,5256,21.3,48073,10.9325,1.52
1787726792.951,5257,21.3,48066,10.9714,1.52
1787726792.972,5258,21.1,48497,10.9284,1.52
1787726792.993,5259,21.2,48233,10.9357,1.52
1787726793.015,5260,21.3,48128,10.9273,1.52
1787726793.036,5261,21.0,48798,10.9357,1.52
1787726793.069,5262,32.6,31455,10.9356,1.52
1787726793.111,5263,42.4,24167,10.9552,1.52
1787726793.152,5264,40.9,25050,10.9694,1.52
1787726793.195,5265,42.1,24325,10.9262,1.52
1787726793.236,5266,41.4,24714,10.9405,1.52
1787726793.277,5267,40.8,25098,10.9477,1.52
1787726793.318,5268,41.3,24797,10.9547,1.52
1787726793.340,5269,21.1,48580,10.9313,1.52
1787726793.361,5270,21.5,47640,10.9407,1.52
1787726793.383,5271,21.5,47518,10.9147,1.52
1787726793.405,5272,21.3,48015,10.9454,1.52
1787726793.426,5273,21.4,47936,10.9773,1.52
1787726793.448,5274,21.1,48441,10.9423,1.52
1787726793.472,5275,24.7,41526,10.9358,1.52
1787726793.509,5276,36.1,28397,10.9701,1.52
1787726793.530,5277,21.5,47518,10.9582,1.52
1787726793.555,5278,24.0,42727,10.9556,1.52
1787726793.576,5279,21.4,47883,10.9352,1.52
1787726793.598,5280,21.5,47727,10.9578,1.52
1787726793.620,5281,21.4,47808,10.9333,1.52
1787726793.641,5282,21.4,47805,10.9485,1.52
1787726793.673,5283,31.2,32769,10.9510,1.52
1787726793.702,5284,28.4,36080,10.9107,1.52
1787726793.722,5285,19.7,51927,10.9465,1.52
1787726793.742,5286,19.8,51633,10.9463,1.52
1787726793.762,5287,19.7,52083,10.9560,1.52
1787726793.782,5288,20.3,50325,10.9547,1.52
1787726793.804,5289,21.4,47866,10.9512,1.52
1787726793.826,5290,21.3,48107,10.9468,1.52
1787726793.847,5291,21.1,48536,10.9425,1.52
1787726793.868,5292,21.0,48772,10.9399,1.52
1787726793.889,5293,21.0,48681,10.9400,1.52
1787726793.911,5294,21.1,48509,10.9723,1.52
1787726793.940,5295,29.0,35355,10.9499,1.52
1787726793.980,5296,40.4,25342,10.9384,1.52
1787726794.021,5297,40.9,25048,10.9423,1.52
1787726794.063,5298,41.4,24756,10.9521,1.52
1787726794.104,5299,41.3,24824,10.9742,1.52
1787726794.146,5300,41.3,24777,10.9475,1.52
1787726794.188,5301,41.9,24464,10.9417,1.52
1787726794.229,5302,41.7,24561,10.9185,1.52
1787726794.272,5303,42.4,24144,10.9503,1.52
1787726794.313,5304,40.6,25194,10.9471,1.52
1787726794.355,5305,41.9,24453,10.9384,1.52
1787726794.396,5306,41.0,24959,10.9582,1.52
1787726794.437,5307,41.2,24847,10.9470,1.52
1787726794.479,5308,41.9,24467,10.9580,1.52
1787726794.522,5309,42.1,24330,10.9530,1.52
1787726794.563,5310,41.4,24764,10.9371,1.52
1787726794.598,5311,34.5,29646,10.9390,1.52
1787726794.620,5312,22.2,46225,10.9359,1.52
1787726794.642,5313,21.7,47085,10.9191,1.52
1787726794.664,5314,21.2,48296,10.9251,1.52
1787726794.685,5315,21.0,48727,10.9508,1.52
1787726794.706,5316,20.4,50103,10.9489,1.52
1787726794.726,5317,20.2,50788,10.9335,1.52
1787726794.748,5318,21.4,47769,10.9616,1.52
1787726794.770,5319,21.9,46673,10.9520,1.52
1787726794.810,5320,39.6,25846,10.9509,1.52
1787726794.852,5321,42.1,24328,10.9275,1.52
1787726794.895,5322,42.0,24354,10.9430,1.52
1787726794.937,5323,42.5,24117,10.9466,1.52
1787726794.979,5324,41.5,24675,10.9352,1.52
1787726795.020,5325,41.3,24771,10.9363,1.52
1787726795.060,5326,39.8,25713,10.9346,1.52
1787726795.083,5327,22.0,46482,10.9347,1.52
1787726795.104,5328,21.2,48307,10.9532,1.52
1787726795.125,5329,21.3,48149,10.9224,1.52
1787726795.147,5330,21.2,48383,10.9462,1.52
1787726795.168,5331,20.9,48935,10.9668,1.52
1787726795.190,5332,21.3,47998,10.9458,1.52
1787726795.211,5333,21.4,47758,10.9270,1.52
1787726795.250,5334,38.6,26559,10.9661,1.52
1787726795.291,5335,41.1,24939,10.9272,1.52
1787726795.333,5336,42.3,24205,10.9377,1.52
1787726795.375,5337,41.5,24695,10.9289,1.52
1787726795.402,5338,26.9,38050,10.9522,1.52
1787726795.424,5339,21.4,47808,10.9445,1.52
1787726795.445,5340,21.1,48420,10.9461,1.52
1787726795.467,5341,21.4,47810,10.9462,1.52
1787726795.488,5342,21.2,48307,10.9520,1.52
1787726795.510,5343,21.5,47670,10.9295,1.52
1787726795.531,5344,21.2,48311,10.9519,1.52
1787726795.569,5345,37.0,27678,10.9386,1.52
1787726795.611,5346,42.1,24352,10.9587,1.52
1787726795.653,5347,41.9,24459,10.9245,1.52
1787726795.695,5348,41.7,24580,10.9584,1.52
1787726795.736,5349,41.0,24968,10.9594,1.52
1787726795.777,5350,41.4,24740,10.9518,1.52
1787726795.819,5351,41.4,24740,10.9393,1.52
1787726795.861,5352,42.0,24372,10.9769,1.52
1787726795.903,5353,41.8,24481,10.9298,1.52
1787726795.945,5354,42.2,24259,10.9357,1.52
1787726795.986,5355,40.9,25048,10.9619,1.52
1787726796.028,5356,41.4,24726,10.9439,1.52
1787726796.066,5357,38.4,26651,10.9471,1.52
1787726796.087,5358,20.9,49042,10.9330,1.52
1787726796.109,5359,21.1,48462,10.9476,1.52
1787726796.130,5360,21.1,48435,10.9449,1.52
1787726796.152,5361,21.3,48114,10.9705,1.52
1787726796.173,5362,21.3,48052,10.9566,1.52
1787726796.195,5363,21.4,47842,10.9422,1.52
1787726796.222,5364,26.8,38223,10.9409,1.52
1787726796.262,5365,39.7,25762,10.9222,1.52
1787726796.295,5366,33.1,30915,10.9509,1.52
1787726796.315,5367,19.9,51410,10.9531,1.52
1787726796.335,5368,19.8,51622,10.9336,1.52
1787726796.356,5369,19.9,51578,10.9341,1.52
1787726796.375,5370,19.3,52981,10.9262,1.52
1787726796.395,5371,19.3,53092,10.9444,1.52
1787726796.416,5372,21.5,47725,10.9335,1.52
1787726796.438,5373,21.2,48324,10.9492,1.52
1787726796.459,5374,21.1,48558,10.9573,1.52
1787726796.480,5375,21.0,48784,10.9293,1.52
1787726796.501,5376,20.9,48939,10.9525,1.52
1787726796.523,5377,21.4,47859,10.9178,1.52
1787726796.549,5378,26.1,39191,10.9438,1.52
1787726796.582,5379,32.2,31764,10.9258,1.52
1787726796.603,5380,21.3,47985,10.9074,1.52
1787726796.625,5381,21.2,48373,10.9542,1.52
1787726796.646,5382,21.2,48341,10.9622,1.52
1787726796.668,5383,21.5,47607,10.9563,1.52
1787726796.689,5384,21.1,48434,10.9210,1.52
1787726796.711,5385,21.5,47677,10.9262,1.52
1787726796.742,5386,30.9,33151,10.9314,1.52
1787726796.780,5387,38.3,26704,10.9485,1.52
1787726796.818,5388,37.9,26995,10.9380,1.52
1787726796.857,5389,38.2,26778,10.9199,1.52
1787726796.895,5390,38.1,26888,10.9378,1.52
1787726796.933,5391,37.5,27322,10.9107,1.52
1787726796.971,5392,37.9,27025,10.9442,1.52
1787726797.010,5393,39.5,25907,10.9525,1.52
1787726797.049,5394,38.6,26540,10.9391,1.52
1787726797.088,5395,39.1,26162,10.9324,1.52
1787726797.126,5396,37.9,27026,10.9189,1.52
1787726797.165,5397,38.5,26624,10.9491,1.52
1787726797.204,5398,38.7,26479,10.9449,1.52
1787726797.242,5399,38.7,26458,10.9366,1.52
1787726797.281,5400,38.5,26627,10.9185,1.52
1787726797.318,5401,37.3,27470,10.9415,1.52
1787726797.359,5402,40.0,25590,10.9355,1.52
1787726797.397,5403,38.5,26613,10.9365,1.52
1787726797.435,5404,37.8,27071,10.9418,1.52
1787726797.473,5405,37.8,27103,10.9394,1.52
1787726797.511,5406,37.7,27189,10.9460,1.52
1787726797.546,5407,35.2,29104,10.9302,1.52
1787726797.580,5408,33.8,30310,10.9542,1.52
1787726797.612,5409,31.6,32390,10.9427,1.52
1787726797.633,5410,20.9,48936,10.9421,1.52
1787726797.654,5411,21.0,48658,10.9668,1.52
1787726797.676,5412,21.4,47896,10.9364,1.52
1787726797.697,5413,21.4,47945,10.9159,1.52
1787726797.719,5414,21.2,48363,10.9541,1.52
1787726797.740,5415,21.0,48684,10.9425,1.52
1787726797.766,5416,26.2,39089,10.9459,1.52
1787726797.801,5417,34.7,29494,10.9502,1.52
1787726797.837,5418,35.8,28571,10.9557,1.52
1787726797.873,5419,35.4,28946,10.9207,1.52
1787726797.909,5420,36.3,28176,10.9696,1.52
1787726797.944,5421,34.6,29581,10.9296,1.52
1787726797.979,5422,34.9,29329,10.9665,1.52
1787726798.015,5423,35.8,28589,10.9453,1.52
1787726798.051,5424,35.5,28821,10.9246,1.52
1787726798.087,5425,35.5,28865,10.9337,1.52
1787726798.123,5426,35.5,28850,10.9153,1.52
1787726798.158,5427,35.2,29126,10.9544,1.52
1787726798.193,5428,35.3,29044,10.9232,1.52
1787726798.213,5429,19.9,51517,10.9357,1.52
1787726798.234,5430,20.1,50903,10.9572,1.52
1787726798.254,5431,20.3,50555,10.9296,1.52
1787726798.274,5432,19.5,52396,10.9414,1.52
1787726798.297,5433,21.9,46799,10.9279,1.52
1787726798.318,5434,21.1,48435,10.9428,1.52
1787726798.339,5435,21.2,48406,10.9046,1.52
1787726798.361,5436,21.3,48001,10.9758,1.52
1787726798.382,5437,21.1,48535,10.9411,1.52
1787726798.403,5438,21.2,48384,10.9234,1.52
1787726798.429,5439,24.9,41175,10.9458,1.52
1787726798.461,5440,31.9,32114,10.9425,1.52
1787726798.483,5441,21.6,47440,10.9306,1.52
1787726798.505,5442,21.8,46994,10.9408,1.52
1787726798.526,5443,21.2,48285,10.9288,1.52
1787726798.547,5444,21.0,48803,10.9603,1.52
1787726798.569,5445,21.2,48415,10.9764,1.52
1787726798.590,5446,21.2,48233,10.9272,1.52
1787726798.620,5447,29.3,34976,10.9472,1.52
1787726798.649,5448,29.6,34567,10.9413,1.52
1787726798.670,5449,20.9,49039,10.9535,1.52
1787726798.692,5450,21.3,48037,10.9325,1.52
1787726798.713,5451,21.3,48118,10.9397,1.52
1787726798.735,5452,21.3,48181,10.9196,1.52
1787726798.756,5453,21.0,48831,10.9416,1.52
1787726798.777,5454,21.2,48277,10.9475,1.52
1787726798.813,5455,34.9,29346,10.9561,1.52
1787726798.852,5456,38.9,26334,10.9234,1.52
1787726798.890,5457,38.5,26596,10.9400,1.52
1787726798.929,5458,38.6,26524,10.9364,1.52
1787726798.967,5459,37.5,27310,10.9305,1.52
1787726799.005,5460,38.1,26872,10.9656,1.52
1787726799.045,5461,39.7,25797,10.9162,1.52
1787726799.083,5462,37.8,27101,10.9286,1.52
1787726799.120,5463,37.3,27446,10.9449,1.52
1787726799.156,5464,35.9,28506,10.9461,1.52
1787726799.193,5465,36.7,27878,10.9276,1.52
1787726799.230,5466,36.8,27837,10.9541,1.52
1787726799.255,5467,25.0,41024,10.9485,1.52
1787726799.277,5468,21.5,47580,10.9312,1.52
1787726799.298,5469,21.1,48479,10.9561,1.52
1787726799.320,5470,21.4,47822,10.9423,1.52
1787726799.341,5471,21.4,47872,10.9428,1.52
1787726799.363,5472,21.5,47669,10.9234,1.52
1787726799.384,5473,21.2,48391,10.9294,1.52
1787726799.420,5474,35.1,29202,10.9183,1.52
1787726799.441,5475,21.5,47639,10.9458,1.52
1787726799.463,5476,21.4,47909,10.9502,1.52
1787726799.484,5477,21.2,48229,10.9259,1.52
1787726799.506,5478,21.3,47999,10.9279,1.52
1787726799.527,5479,21.0,48746,10.9258,1.52
1787726799.548,5480,21.2,48234,10.9320,1.52
1787726799.572,5481,23.5,43499,10.9354,1.52
1787726799.607,5482,34.4,29802,10.9471,1.52
1787726799.628,5483,21.2,48390,10.9465,1.52
1787726799.649,5484,21.2,48286,10.9424,1.52
1787726799.671,5485,21.5,47720,10.9122,1.52
1787726799.692,5486,21.2,48367,10.9196,1.52
1787726799.714,5487,21.2,48367,10.9384,1.52
1787726799.735,5488,21.3,48051,10.9125,1.52
1787726799.764,5489,28.9,35459,10.9341,1.52
1787726799.802,5490,37.1,27605,10.9523,1.52
1787726799.840,5491,38.3,26718,10.9453,1.52
1787726799.879,5492,39.1,26186,10.9540,1.52
1787726799.919,5493,39.2,26121,10.9652,1.52
1787726799.958,5494,38.6,26499,10.9325,1.52
1787726799.996,5495,37.8,27063,10.9439,1.52
1787726800.035,5496,38.8,26369,10.9725,1.52
1787726800.073,5497,37.9,27033,10.9168,1.52
1787726800.112,5498,38.2,26808,10.9036,1.52
1787726800.152,5499,39.8,25713,10.9479,1.52
1787726800.186,5500,34.2,29935,10.9240,1.52
1787726800.206,5501,19.7,52107,10.9558,1.52
1787726800.226,5502,19.4,52851,10.9336,1.52
1787726800.246,5503,19.5,52479,10.9177,1.52
1787726800.266,5504,20.4,50123,10.9512,1.52
1787726800.288,5505,21.2,48319,10.9205,1.52
1787726800.309,5506,21.0,48731,10.9361,1.52
1787726800.330,5507,21.3,48142,10.9398,1.52
1787726800.351,5508,20.7,49473,10.9272,1.52
1787726800.373,5509,21.2,48256,10.9330,1.52
1787726800.394,5510,21.2,48376,10.9337,1.52
1787726800.424,5511,30.3,33794,10.9238,1.52
1787726800.466,5512,40.9,25050,10.9348,1.52
1787726800.503,5513,37.6,27251,10.9467,1.52
1787726800.541,5514,37.3,27482,10.9713,1.52
1787726800.579,5515,37.8,27117,10.9321,1.52
1787726800.616,5516,37.3,27444,10.9224,1.52
1787726800.653,5517,36.8,27829,10.9318,1.52
1787726800.690,5518,36.6,27988,10.9745,1.52
1787726800.727,5519,36.7,27884,10.9086,1.52
1787726800.764,5520,36.9,27723,10.9357,1.52
1787726800.800,5521,35.9,28554,10.9312,1.52
1787726800.837,5522,37.5,27303,10.9443,1.52
1787726800.874,5523,37.0,27700,10.9010,1.52
1787726800.911,5524,37.0,27696,10.9294,1.52
1787726800.950,5525,38.0,26940,10.9318,1.52
1787726800.987,5526,37.4,27383,10.9533,1.52
1787726801.024,5527,36.4,28107,10.9431,1.52
1787726801.061,5528,36.8,27819,10.9453,1.52
1787726801.099,5529,38.1,26900,10.9604,1.52
1787726801.136,5530,37.0,27712,10.9212,1.52
1787726801.173,5531,36.6,27953,10.9314,1.52
1787726801.210,5532,36.7,27865,10.9093,1.52
1787726801.246,5533,36.2,28281,10.9109,1.52
1787726801.283,5534,37.3,27435,10.9384,1.52
1787726801.321,5535,37.6,27261,10.9340,1.52
1787726801.357,5536,36.2,28263,10.9296,1.52
1787726801.394,5537,36.4,28102,10.9345,1.52
1787726801.429,5538,35.0,29238,10.9676,1.52
1787726801.464,5539,34.5,29705,10.9464,1.52
1787726801.499,5540,35.4,28898,10.8980,1.52
1787726801.534,5541,34.4,29769,10.9516,1.52
1787726801.570,5542,35.7,28697,10.9386,1.52
1787726801.605,5543,35.1,29138,10.9263,1.52
1787726801.641,5544,36.3,28236,10.9432,1.52
1787726801.677,5545,35.7,28690,10.9449,1.52
1787726801.712,5546,35.2,29078,10.9511,1.52
1787726801.750,5547,36.9,27717,10.9536,1.52
1787726801.784,5548,34.8,29446,10.9155,1.52
1787726801.818,5549,33.6,30481,10.9651,1.52
1787726801.845,5550,26.9,38030,10.9511,1.52
1787726801.867,5551,21.6,47369,10.9401,1.52
1787726801.889,5552,21.3,48075,10.9295,1.52
1787726801.910,5553,21.1,48565,10.9466,1.52
1787726801.931,5554,20.9,48922,10.9453,1.52
1787726801.953,5555,21.3,48163,10.9230,1.52
1787726801.974,5556,21.3,48181,10.9513,1.52
1787726802.006,5557,31.4,32645,10.9218,1.52
1787726802.030,5558,23.5,43503,10.9405,1.52
1787726802.051,5559,21.3,48160,10.9590,1.52
1787726802.072,5560,21.1,48620,10.9439,1.52
1787726802.094,5561,21.3,47971,10.9412,1.52
1787726802.115,5562,21.0,48806,10.9412,1.52
1787726802.137,5563,21.2,48292,10.9363,1.52
1787726802.158,5564,21.4,47817,10.9364,1.52
1787726802.188,5565,29.2,35015,10.9334,1.52
1787726802.214,5566,25.9,39589,10.9644,1.52
1787726802.235,5567,21.6,47515,10.9305,1.52
1787726802.257,5568,21.3,47964,10.9329,1.52
1787726802.279,5569,21.4,47904,10.9421,1.52
1787726802.300,5570,21.3,48176,10.9535,1.52
1787726802.322,5571,21.3,48021,10.9518,1.52
1787726802.343,5572,21.3,48161,10.9182,1.52
1787726802.374,5573,30.9,33151,10.9504,1.52
1787726802.399,5574,24.3,42056,10.9605,1.52
1787726802.422,5575,22.3,45819,10.9455,1.52
1787726802.444,5576,22.1,46352,10.9302,1.52
1787726802.466,5577,21.7,47245,10.9482,1.52
1787726802.491,5578,24.2,42238,10.9528,1.52
1787726802.513,5579,22.4,45813,10.9235,1.52
1787726802.533,5580,19.1,53521,10.9382,1.52
1787726802.552,5581,19.3,53161,10.9503,1.52
1787726802.572,5582,19.1,53488,10.9330,1.52
1787726802.591,5583,19.2,53274,10.9319,1.52
1787726802.610,5584,19.2,53471,10.9344,1.52
1787726802.630,5585,19.1,53489,10.9474,1.52
1787726802.650,5586,20.1,51057,10.9299,1.52
1787726802.671,5587,20.9,49065,10.9189,1.52
1787726802.692,5588,21.2,48343,10.9346,1.52
1787726802.727,5589,34.8,29403,10.9323,1.52
1787726802.748,5590,20.0,51256,10.9534,1.52
1787726802.768,5591,19.6,52228,10.9666,1.52
1787726802.787,5592,19.6,52355,10.9422,1.52
1787726802.807,5593,19.8,51828,10.9452,1.52
1787726802.829,5594,21.5,47564,10.9501,1.52
1787726802.851,5595,21.5,47672,10.9543,1.52
1787726802.873,5596,21.8,47030,10.9422,1.52
1787726802.894,5597,21.3,48086,10.9571,1.52
1787726802.916,5598,21.5,47554,10.9342,1.52
1787726802.938,5599,21.5,47719,10.9409,1.52
1787726802.968,5600,30.3,33850,10.9328,1.52
1787726802.997,5601,28.2,36248,10.9599,1.52
1787726803.019,5602,21.2,48288,10.9286,1.52
1787726803.040,5603,21.6,47490,10.9415,1.52
1787726803.062,5604,21.2,48391,10.9052,1.52
1787726803.083,5605,21.0,48652,10.9047,1.52
1787726803.104,5606,21.2,48360,10.9366,1.52
1787726803.126,5607,21.7,47226,10.9463,1.52
1787726803.148,5608,21.1,48535,10.9396,1.52
1787726803.172,5609,23.6,43334,10.9237,1.52
1787726803.194,5610,22.5,45440,10.9277,1.52
1787726803.217,5611,22.4,45786,10.9474,1.52
1787726803.240,5612,22.3,45936,10.9220,1.52
1787726803.261,5613,21.2,48315,10.9389,1.52
1787726803.283,5614,21.3,47983,10.9599,1.52
1787726803.330,5615,47.2,21704,10.9732,1.52
1787726803.373,5616,43.0,23823,10.9361,1.52
1787726803.414,5617,40.2,25492,10.9211,1.52
1787726803.455,5618,40.5,25278,10.9298,1.52
1787726803.492,5619,36.8,27848,10.9412,1.52
1787726803.511,5620,19.0,53854,10.9455,1.52
1787726803.531,5621,19.8,51730,10.9497,1.52
1787726803.551,5622,19.8,51671,10.9463,1.52
1787726803.571,5623,19.6,52120,10.9366,1.52
1787726803.592,5624,20.3,50354,10.9332,1.52
1787726803.614,5625,21.5,47584,10.9677,1.52
1787726803.635,5626,21.3,47972,10.9488,1.52
1787726803.657,5627,21.7,47233,10.9106,1.52
1787726803.679,5628,21.4,47863,10.9402,1.52
1787726803.700,5629,21.2,48223,10.9479,1.52
1787726803.722,5630,21.4,47894,10.9417,1.52
1787726803.753,5631,31.1,32876,10.9345,1.52
1787726803.795,5632,41.4,24726,10.9627,1.52
1787726803.837,5633,42.1,24345,10.9627,1.52
1787726803.879,5634,42.1,24303,10.9357,1.52
1787726803.921,5635,41.2,24826,10.9166,1.52
1787726803.960,5636,39.1,26178,10.9270,1.52
1787726803.999,5637,39.3,26087,10.9402,1.52
1787726804.037,5638,38.0,26968,10.9274,1.52
1787726804.075,5639,37.7,27161,10.9461,1.52
1787726804.113,5640,37.9,26997,10.9317,1.52
1787726804.150,5641,36.3,28171,10.9237,1.52
1787726804.188,5642,37.7,27175,10.9350,1.52
1787726804.227,5643,38.8,26387,10.9485,1.52
1787726804.264,5644,37.2,27525,10.9136,1.52
1787726804.302,5645,37.7,27153,10.9536,1.52
1787726804.340,5646,37.7,27183,10.9374,1.52
1787726804.378,5647,37.8,27094,10.9512,1.52
1787726804.414,5648,35.8,28587,10.9688,1.52
1787726804.451,5649,37.5,27304,10.9449,1.52
1787726804.489,5650,37.2,27500,10.9380,1.52
1787726804.525,5651,36.4,28144,10.9349,1.52
1787726804.563,5652,37.9,26995,10.9381,1.52
1787726804.603,5653,39.0,26279,10.9348,1.52
1787726804.640,5654,36.8,27852,10.9545,1.52
1787726804.678,5655,38.3,26752,10.9198,1.52
1787726804.716,5656,37.5,27328,10.9228,1.52
1787726804.754,5657,37.3,27435,10.9500,1.52
1787726804.791,5658,37.2,27508,10.9150,1.52
1787726804.829,5659,37.9,27030,10.9230,1.52
1787726804.864,5660,34.8,29444,10.9595,1.52
1787726804.886,5661,20.7,49370,10.9309,1.52
1787726804.907,5662,20.5,49837,10.9249,1.52
1787726804.927,5663,20.1,50839,10.9211,1.52
1787726804.948,5664,20.7,49523,10.9438,1.52
1787726804.970,5665,21.5,47675,10.9358,1.52
1787726804.991,5666,20.4,50205,10.9653,1.52
1787726805.019,5667,28.4,36061,10.9558,1.52
1787726805.039,5668,19.3,53092,10.9198,1.52
1787726805.058,5669,19.2,53419,10.9140,1.52
1787726805.077,5670,19.1,53662,10.9324,1.52
1787726805.097,5671,19.1,53523,10.9204,1.52
1787726805.117,5672,19.9,51341,10.9635,1.52
1787726805.137,5673,20.4,50077,10.9282,1.52
1787726805.159,5674,21.0,48868,10.9570,1.52
1787726805.180,5675,21.2,48392,10.9281,1.52
1787726805.201,5676,20.9,48938,10.9500,1.52
1787726805.222,5677,21.1,48433,10.9291,1.52
1787726805.247,5678,24.8,41366,10.9349,1.52
1787726805.280,5679,32.4,31566,10.9548,1.52
1787726805.299,5680,19.0,53878,10.9320,1.52
1787726805.319,5681,19.8,51812,10.9409,1.52
1787726805.339,5682,19.7,51853,10.9652,1.52
1787726805.360,5683,19.9,51400,10.8982,1.52
1787726805.381,5684,21.3,48110,10.9520,1.52
1787726805.403,5685,21.4,47919,10.9416,1.52
1787726805.424,5686,21.2,48342,10.9211,1.52
1787726805.445,5687,20.9,48944,10.9427,1.52
1787726805.467,5688,21.1,48525,10.9382,1.52
1787726805.488,5689,21.2,48249,10.9479,1.52
1787726805.509,5690,21.2,48341,10.9452,1.52
1787726805.546,5691,36.8,27817,10.9507,1.52
1787726805.585,5692,38.4,26650,10.9431,1.52
1787726805.624,5693,38.5,26577,10.9339,1.52
1787726805.663,5694,39.7,25774,10.9380,1.52
1787726805.701,5695,37.9,26995,10.9696,1.52
1787726805.740,5696,38.0,26976,10.9282,1.52
1787726805.778,5697,38.8,26418,10.9729,1.52
1787726805.817,5698,37.9,26991,10.9380,1.52
1787726805.855,5699,38.7,26471,10.9399,1.52
1787726805.894,5700,38.0,26913,10.9552,1.52
1787726805.932,5701,38.2,26837,10.9541,1.52
1787726805.971,5702,38.8,26393,10.9578,1.52
1787726806.010,5703,39.0,26228,10.9375,1.52
1787726806.049,5704,39.0,26286,10.9340,1.52
1787726806.083,5705,33.3,30721,10.9179,1.52
1787726806.104,5706,20.9,48911,10.9262,1.52
1787726806.125,5707,21.4,47837,10.9568,1.52
1787726806.147,5708,21.1,48632,10.9417,1.52
1787726806.168,5709,21.2,48357,10.9269,1.52
1787726806.189,5710,21.2,48402,10.9418,1.52
1787726806.211,5711,21.3,48182,10.9635,1.52
1787726806.240,5712,29.1,35242,10.9226,1.52
1787726806.280,5713,40.1,25515,10.9329,1.52
1787726806.322,5714,41.6,24600,10.9655,1.52
1787726806.361,5715,38.9,26314,10.9179,1.52
1787726806.400,5716,39.1,26216,10.9131,1.52
1787726806.441,5717,40.3,25425,10.9500,1.52
1787726806.478,5718,37.4,27370,10.9507,1.52
1787726806.499,5719,21.0,48762,10.9258,1.52
1787726806.521,5720,21.2,48282,10.9708,1.52
1787726806.542,5721,21.1,48540,10.9328,1.52
1787726806.563,5722,21.1,48631,10.9467,1.52
1787726806.585,5723,21.1,48592,10.9623,1.52
1787726806.606,5724,21.2,48360,10.9575,1.52
1787726806.632,5725,25.9,39560,10.9302,1.52
1787726806.672,5726,40.1,25539,10.9322,1.52
1787726806.715,5727,42.3,24197,10.9302,1.52
1787726806.758,5728,42.6,24047,10.9363,1.52
1787726806.800,5729,41.8,24477,10.9325,1.52
1787726806.842,5730,41.7,24543,10.9786,1.52
1787726806.880,5731,38.1,26877,10.9436,1.52
1787726806.900,5732,19.4,52866,10.9339,1.52
1787726806.919,5733,19.1,53519,10.9369,1.52
1787726806.940,5734,20.5,50070,10.9379,1.52
1787726806.961,5735,21.1,48574,10.9544,1.52
1787726806.982,5736,21.0,48670,10.9433,1.52
1787726807.004,5737,21.2,48275,10.9359,1.52
1787726807.025,5738,21.3,48024,10.9372,1.52
1787726807.047,5739,21.3,48038,10.9205,1.52
1787726807.069,5740,22.2,46203,10.9219,1.52
1787726807.108,5741,38.4,26678,10.9425,1.52
1787726807.127,5742,19.0,53989,10.9230,1.52
1787726807.147,5743,19.7,52017,10.9223,1.52
1787726807.167,5744,19.7,52056,10.9235,1.52
1787726807.187,5745,19.6,52309,10.9503,1.52
1787726807.208,5746,21.4,47814,10.9793,1.52
1787726807.230,5747,21.0,48752,10.9083,1.52
1787726807.251,5748,21.2,48266,10.9558,1.52
1787726807.272,5749,21.3,48182,10.9584,1.52
1787726807.294,5750,21.2,48297,10.9411,1.52
1787726807.315,5751,21.1,48574,10.9441,1.52
1787726807.338,5752,22.9,44650,10.9380,1.52
1787726807.376,5753,37.9,27019,10.9278,1.52
1787726807.398,5754,21.2,48260,10.9288,1.52
1787726807.419,5755,21.0,48849,10.9454,1.52
1787726807.440,5756,21.2,48306,10.9515,1.52
1787726807.462,5757,21.3,48180,10.9467,1.52
1787726807.483,5758,20.9,49080,10.9187,1.52
1787726807.504,5759,21.2,48375,10.9517,1.52
1787726807.527,5760,22.7,45204,10.9154,1.52
1787726807.565,5761,37.6,27203,10.9412,1.52
1787726807.586,5762,21.2,48325,10.9457,1.52
1787726807.608,5763,21.3,48013,10.9359,1.52
1787726807.629,5764,21.2,48270,10.9357,1.52
1787726807.651,5765,21.5,47736,10.9513,1.52
1787726807.672,5766,21.4,47943,10.9391,1.52
1787726807.694,5767,21.4,47836,10.9153,1.52
1787726807.722,5768,27.6,37103,10.8988,1.52
1787726807.755,5769,33.0,31072,10.9356,1.52
1787726807.776,5770,21.1,48512,10.9461,1.52
1787726807.798,5771,21.2,48229,10.9326,1.52
1787726807.819,5772,21.4,47854,10.9632,1.52
1787726807.841,5773,21.5,47541,10.9754,1.52
1787726807.862,5774,21.1,48487,10.9399,1.52
1787726807.884,5775,21.3,48103,10.9158,1.52
1787726807.914,5776,30.3,33839,10.9375,1.52
1787726807.954,5777,39.6,25847,10.9381,1.52
1787726807.991,5778,36.8,27789,10.9385,1.52
1787726808.029,5779,37.6,27213,10.9369,1.52
1787726808.066,5780,37.6,27235,10.9175,1.52
1787726808.105,5781,38.4,26657,10.9310,1.52
1787726808.142,5782,36.7,27937,10.9803,1.52
1787726808.170,5783,28.3,36184,10.9623,1.52
1787726808.192,5784,21.2,48312,10.9313,1.52
1787726808.213,5785,21.4,47784,10.9738,1.52
1787726808.235,5786,21.5,47668,10.9260,1.52
1787726808.256,5787,21.4,47878,10.9377,1.52
1787726808.278,5788,21.4,47888,10.9438,1.52
1787726808.300,5789,21.6,47355,10.9389,1.52
1787726808.336,5790,36.5,28071,10.9357,1.52
1787726808.375,5791,38.4,26641,10.9227,1.52
1787726808.413,5792,38.2,26798,10.9376,1.52
1787726808.452,5793,38.7,26491,10.9455,1.52
1787726808.491,5794,39.1,26175,10.9117,1.52
1787726808.530,5795,38.6,26542,10.9618,1.52
1787726808.559,5796,29.0,35331,10.9496,1.52
1787726808.581,5797,21.4,47785,10.9479,1.52
1787726808.603,5798,21.5,47651,10.9628,1.52
1787726808.624,5799,21.4,47916,10.9413,1.52
1787726808.646,5800,21.5,47666,10.9510,1.52
1787726808.668,5801,21.5,47591,10.9533,1.52
1787726808.690,5802,21.6,47378,10.9171,1.52
1787726808.727,5803,36.9,27750,10.9470,1.52
1787726808.768,5804,41.2,24826,10.9479,1.52
1787726808.809,5805,41.1,24943,10.9644,1.52
1787726808.850,5806,40.2,25501,10.9300,1.52
1787726808.889,5807,39.7,25812,10.9752,1.52
1787726808.930,5808,40.5,25263,10.9195,1.52
1787726808.970,5809,39.8,25760,10.9447,1.52
1787726809.011,5810,40.8,25106,10.9519,1.52
1787726809.051,5811,40.3,25381,10.9311,1.52
1787726809.091,5812,39.6,25829,10.9235,1.52
1787726809.131,5813,39.6,25848,10.9477,1.52
1787726809.171,5814,39.7,25777,10.9550,1.52
1787726809.211,5815,40.2,25477,10.9719,1.52
1787726809.250,5816,39.5,25951,10.9451,1.52
1787726809.290,5817,39.5,25942,10.9350,1.52
1787726809.329,5818,39.1,26173,10.9552,1.52
1787726809.370,5819,40.6,25221,10.9185,1.52
1787726809.409,5820,39.2,26095,10.9337,1.52
1787726809.450,5821,40.4,25358,10.9497,1.52
1787726809.490,5822,40.4,25364,10.9633,1.52
1787726809.531,5823,40.2,25504,10.9634,1.52
1787726809.570,5824,39.4,25988,10.9308,1.52
1787726809.608,5825,37.3,27425,10.9218,1.52
1787726809.646,5826,38.3,26770,10.9526,1.52
1787726809.684,5827,38.0,26925,10.9221,1.52
1787726809.722,5828,37.3,27444,10.9377,1.52
1787726809.759,5829,37.2,27543,10.9418,1.52
1787726809.797,5830,37.7,27156,10.9499,1.52
1787726809.835,5831,37.8,27069,10.9522,1.52
1787726809.873,5832,37.9,27035,10.9225,1.52
1787726809.894,5833,20.8,49188,10.9329,1.52
1787726809.915,5834,21.4,47908,10.9378,1.52
1787726809.937,5835,21.2,48358,10.9632,1.52
1787726809.958,5836,21.4,47831,10.9502,1.52
1787726809.979,5837,20.7,49358,10.9681,1.52
1787726810.001,5838,21.2,48356,10.9662,1.52
1787726810.022,5839,21.4,47805,10.9244,1.52
1787726810.058,5840,35.4,28900,10.9331,1.52
1787726810.096,5841,38.4,26663,10.9380,1.52
1787726810.136,5842,39.1,26176,10.9371,1.52
1787726810.175,5843,39.6,25846,10.9459,1.52
1787726810.214,5844,38.4,26686,10.9363,1.52
1787726810.253,5845,38.8,26377,10.9389,1.52
1787726810.292,5846,38.9,26325,10.9184,1.52
1787726810.330,5847,37.9,27013,10.9546,1.52
1787726810.369,5848,38.8,26383,10.9370,1.52
1787726810.406,5849,37.3,27460,10.9589,1.52
1787726810.444,5850,38.1,26865,10.9368,1.52
1787726810.483,5851,38.1,26908,10.9368,1.52
1787726810.521,5852,37.7,27145,10.9448,1.52
1787726810.559,5853,38.2,26809,10.9255,1.52
1787726810.596,5854,37.4,27380,10.9549,1.52
1787726810.633,5855,36.3,28203,10.9349,1.52
1787726810.670,5856,37.5,27336,10.9472,1.52
1787726810.708,5857,38.0,26982,10.9444,1.52
1787726810.745,5858,36.7,27887,10.9154,1.52
1787726810.780,5859,34.8,29410,10.9221,1.52
1787726810.820,5860,39.5,25933,10.9297,1.52
1787726810.862,5861,41.8,24509,10.9257,1.52
1787726810.905,5862,42.1,24351,10.9700,1.52
1787726810.946,5863,41.6,24617,10.9373,1.52
1787726810.988,5864,41.0,24975,10.9675,1.52
1787726811.029,5865,40.6,25232,10.9279,1.52
1787726811.069,5866,40.4,25374,10.9581,1.52
1787726811.100,5867,30.1,34016,10.9576,1.52
1787726811.120,5868,19.7,51939,10.9379,1.52
1787726811.140,5869,19.6,52121,10.9517,1.52
1787726811.159,5870,19.7,52048,10.9401,1.52
1787726811.180,5871,20.5,49877,10.9384,1.52
1787726811.202,5872,21.5,47617,10.9369,1.52
1787726811.223,5873,21.3,48057,10.9129,1.52
1787726811.245,5874,21.2,48292,10.9610,1.52
1787726811.266,5875,21.3,48165,10.9580,1.52
1787726811.288,5876,21.3,47993,10.9393,1.52
1787726811.309,5877,21.4,47910,10.9494,1.52
1787726811.341,5878,31.2,32816,10.9591,1.52
1787726811.382,5879,41.6,24622,10.9484,1.52
1787726811.423,5880,40.2,25500,10.9649,1.52
1787726811.463,5881,40.2,25490,10.9553,1.52
1787726811.503,5882,40.1,25532,10.9479,1.52
1787726811.544,5883,39.9,25673,10.9257,1.52
1787726811.584,5884,40.2,25497,10.9591,1.52
1787726811.624,5885,39.9,25665,10.9463,1.52
1787726811.665,5886,40.8,25101,10.9292,1.52
1787726811.706,5887,40.0,25599,10.9560,1.52
1787726811.746,5888,39.8,25735,10.9347,1.52
1787726811.770,5889,24.5,41720,10.9406,1.52
1787726811.790,5890,19.8,51830,10.9374,1.52
1787726811.810,5891,19.4,52710,10.9270,1.52
1787726811.830,5892,19.8,51756,10.9349,1.52
1787726811.851,5893,20.9,48899,10.9744,1.52
1787726811.872,5894,21.0,48775,10.9380,1.52
1787726811.894,5895,21.1,48636,10.9630,1.52
1787726811.915,5896,21.2,48415,10.9240,1.52
1787726811.936,5897,21.1,48624,10.9768,1.52
1787726811.957,5898,21.1,48593,10.9548,1.52
1787726811.980,5899,21.9,46673,10.9368,1.52
1787726812.014,5900,34.2,29984,10.9336,1.52
1787726812.055,5901,40.9,25041,10.9098,1.52
1787726812.097,5902,41.5,24666,10.9356,1.52
1787726812.138,5903,41.2,24869,10.9509,1.52
1787726812.179,5904,41.2,24871,10.9634,1.52
1787726812.220,5905,40.5,25306,10.9398,1.52
1787726812.260,5906,40.3,25434,10.9754,1.52
1787726812.301,5907,40.4,25337,10.9421,1.52
1787726812.342,5908,40.9,25052,10.9165,1.52
1787726812.383,5909,41.3,24770,10.9249,1.52
1787726812.425,5910,41.4,24733,10.9451,1.52
1787726812.465,5911,40.2,25497,10.9091,1.52
1787726812.505,5912,40.0,25579,10.9308,1.52
1787726812.546,5913,40.1,25504,10.9795,1.52
1787726812.585,5914,39.6,25846,10.9274,1.52
1787726812.625,5915,40.0,25618,10.9350,1.52
1787726812.666,5916,40.1,25544,10.9369,1.52
1787726812.706,5917,39.8,25705,10.9685,1.52
1787726812.746,5918,40.2,25500,10.9267,1.52
1787726812.786,5919,40.0,25621,10.9599,1.52
1787726812.826,5920,40.1,25512,10.9308,1.52
1787726812.866,5921,40.0,25628,10.9291,1.52
1787726812.906,5922,39.7,25795,10.9455,1.52
1787726812.946,5923,39.9,25639,10.9534,1.52
1787726812.986,5924,39.5,25926,10.9116,1.52
1787726813.026,5925,40.2,25470,10.9175,1.52
1787726813.066,5926,40.0,25626,10.9432,1.52
1787726813.106,5927,40.0,25586,10.9460,1.52
1787726813.147,5928,40.1,25553,10.9220,1.52
1787726813.187,5929,40.0,25618,10.9415,1.52
1787726813.227,5930,40.2,25479,10.9564,1.52
1787726813.267,5931,39.9,25660,10.9796,1.52
1787726813.320,5932,52.6,19452,10.9386,1.52
1787726813.382,5933,62.3,16443,10.9304,1.52
1787726813.444,5934,61.8,16577,10.9239,1.52
1787726813.508,5935,63.3,16183,10.9599,1.52
1787726813.569,5936,61.4,16670,10.9008,1.52
1787726813.630,5937,61.0,16797,10.9173,1.52
1787726813.663,5938,32.9,31090,10.9520,1.52
1787726813.682,5939,18.9,54134,10.9367,1.52
1787726813.702,5940,19.0,53809,10.9434,1.52
1787726813.721,5941,18.9,54134,10.9375,1.52
1787726813.741,5942,19.8,51590,10.9331,1.52
1787726813.761,5943,19.8,51673,10.9308,1.52
1787726813.781,5944,19.9,51524,10.9410,1.52
1787726813.801,5945,19.9,51556,10.9808,1.52
1787726813.821,5946,19.7,51926,10.9411,1.52
1787726813.841,5947,19.1,53616,10.9252,1.52
1787726813.860,5948,19.1,53665,10.9497,1.52
1787726813.879,5949,19.1,53710,10.9197,1.52
1787726813.898,5950,19.1,53717,10.9168,1.52
1787726813.918,5951,19.1,53729,10.9154,1.52
1787726813.937,5952,19.0,53945,10.9555,1.52
1787726813.956,5953,19.0,53760,10.9293,1.52
1787726813.975,5954,19.0,53787,10.9212,1.52
1787726813.994,5955,19.0,54016,10.9191,1.52
1787726814.013,5956,18.9,54105,10.9463,1.52
1787726814.033,5957,19.7,51942,10.9534,1.52
1787726814.053,5958,19.5,52500,10.9466,1.52
1787726814.074,5959,20.3,50422,10.9570,1.52
1787726814.095,5960,21.2,48360,10.9514,1.52
1787726814.117,5961,21.2,48396,10.9544,1.52
1787726814.138,5962,21.0,48699,10.9825,1.52
1787726814.159,5963,21.3,48134,10.9497,1.52
1787726814.181,5964,21.2,48389,10.9403,1.52
1787726814.202,5965,21.0,48741,10.9303,1.52
1787726814.227,5966,25.5,40180,10.9387,1.52
1787726814.278,5967,50.0,20470,10.9188,1.52
1787726814.340,5968,62.2,16453,10.9620,1.52
1787726814.403,5969,62.7,16341,10.9173,1.52
1787726814.436,5970,32.6,31369,10.9484,1.52
1787726814.457,5971,21.2,48375,10.9138,1.52
1787726814.478,5972,21.2,48306,10.9656,1.52
1787726814.500,5973,21.2,48241,10.9636,1.52
1787726814.521,5974,21.3,48116,10.9445,1.52
1787726814.543,5975,21.2,48195,10.9263,1.52
1787726814.564,5976,21.3,47972,10.9375,1.52
1787726814.592,5977,28.0,36557,10.9655,1.52
1787726814.631,5978,38.7,26446,10.9414,1.52
1787726814.672,5979,40.1,25546,10.9627,1.52
1787726814.711,5980,39.7,25801,10.9512,1.52
1787726814.752,5981,40.4,25331,10.9237,1.52
1787726814.792,5982,39.7,25789,10.9139,1.52
1787726814.831,5983,39.4,25986,10.9335,1.52
1787726814.871,5984,39.4,25977,10.9440,1.52
1787726814.911,5985,39.7,25786,10.9317,1.52
1787726814.951,5986,40.1,25539,10.9648,1.52
1787726814.991,5987,40.1,25559,10.9494,1.52
1787726815.031,5988,40.1,25568,10.9472,1.52
1787726815.072,5989,39.8,25704,10.9276,1.52
1787726815.112,5990,39.8,25723,10.9383,1.52
1787726815.152,5991,39.7,25766,10.9301,1.52
1787726815.192,5992,40.0,25617,10.9369,1.52
1787726815.232,5993,40.2,25475,10.9679,1.52
1787726815.273,5994,39.9,25675,10.9364,1.52
1787726815.302,5995,29.3,34990,10.9632,1.52
1787726815.323,5996,20.5,49988,10.9523,1.52
1787726815.344,5997,20.5,49906,10.9450,1.52
1787726815.365,5998,20.7,49424,10.9474,1.52
1787726815.385,5999,20.2,50770,10.9351,1.52
1787726815.406,6000,20.2,50749,10.9503,1.52
1787726815.426,6001,19.4,52674,10.9147,1.52
1787726815.445,6002,19.1,53583,10.9253,1.52
1787726815.464,6003,19.1,53594,10.9689,1.52
1787726815.483,6004,19.2,53425,10.9299,1.52
1787726815.503,6005,19.1,53749,10.9262,1.52
1787726815.522,6006,19.1,53484,10.9463,1.52
1787726815.541,6007,19.1,53589,10.9353,1.52
1787726815.561,6008,20.1,51071,10.9064,1.52
1787726815.582,6009,20.8,49216,10.9501,1.52
1787726815.604,6010,21.2,48317,10.9426,1.52
1787726815.625,6011,21.2,48409,10.9517,1.52
1787726815.647,6012,21.2,48365,10.9274,1.52
1787726815.668,6013,21.2,48229,10.9406,1.52
1787726815.690,6014,21.4,47849,10.9629,1.52
1787726815.718,6015,27.9,36667,10.9491,1.52
1787726815.740,6016,22.2,46149,10.9494,1.52
1787726815.760,6017,19.8,51807,10.9416,1.52
1787726815.780,6018,19.6,52206,10.9229,1.52
1787726815.800,6019,19.7,52104,10.9228,1.52
1787726815.821,6020,21.0,48768,10.9456,1.52
1787726815.843,6021,21.3,48105,10.9344,1.52
1787726815.864,6022,20.9,48880,10.9043,1.52
1787726815.885,6023,21.2,48239,10.9397,1.52
1787726815.908,6024,21.9,46707,10.9376,1.52
1787726815.936,6025,27.8,36873,10.9290,1.52
1787726815.965,6026,29.1,35162,10.9288,1.52
1787726815.993,6027,27.4,37399,10.9445,1.52
1787726816.028,6028,35.4,28919,10.9491,1.52
1787726816.070,6029,41.6,24596,10.9563,1.52
1787726816.113,6030,42.5,24107,10.9286,1.52
1787726816.152,6031,39.1,26176,10.9507,1.52
1787726816.171,6032,19.0,53872,10.9259,1.52
1787726816.191,6033,19.5,52528,10.9379,1.52
1787726816.211,6034,19.4,52807,10.9488,1.52
1787726816.231,6035,20.2,50639,10.9398,1.52
1787726816.253,6036,21.2,48355,10.9470,1.52
1787726816.275,6037,21.5,47561,10.9090,1.52
1787726816.296,6038,21.2,48321,10.9235,1.52
1787726816.318,6039,21.4,47743,10.9304,1.52
1787726816.339,6040,21.6,47444,10.9433,1.52
1787726816.361,6041,21.6,47461,10.9641,1.52
1787726816.386,6042,24.0,42694,10.9332,1.52
1787726816.417,6043,30.8,33267,10.9804,1.52
1787726816.438,6044,21.2,48318,10.9280,1.52
1787726816.459,6045,21.1,48458,10.9484,1.52
1787726816.481,6046,21.1,48591,10.9091,1.52
1787726816.502,6047,21.3,48158,10.9418,1.52
1787726816.523,6048,21.1,48596,10.9425,1.52
1787726816.545,6049,21.1,48616,10.9237,1.52
1787726816.571,6050,26.3,38956,10.9443,1.52
1787726816.605,6051,33.6,30471,10.9304,1.52
1787726816.640,6052,34.3,29839,10.9509,1.52
1787726816.674,6053,34.5,29685,10.9381,1.52
1787726816.710,6054,35.1,29174,10.9210,1.52
1787726816.744,6055,34.0,30152,10.9270,1.52
1787726816.778,6056,34.3,29849,10.9683,1.52
1787726816.813,6057,34.5,29694,10.9295,1.52
1787726816.848,6058,34.8,29407,10.9506,1.52
1787726816.882,6059,34.4,29769,10.9292,1.52
1787726816.907,6060,24.2,42286,10.9467,1.52
1787726816.929,6061,22.4,45731,10.9367,1.52
1787726816.953,6062,22.9,44691,10.9559,1.52
1787726816.975,6063,22.2,46204,10.9518,1.52
1787726816.998,6064,22.4,45730,10.9126,1.52
1787726817.020,6065,22.0,46488,10.9217,1.52
1787726817.043,6066,22.3,45944,10.9385,1.52
1787726817.068,6067,24.8,41331,10.9470,1.52
1787726817.100,6068,32.4,31607,10.9383,1.52
1787726817.121,6069,20.2,50688,10.9369,1.52
1787726817.146,6070,25.0,41010,10.9506,1.52
1787726817.165,6071,19.2,53358,10.9293,1.52
1787726817.184,6072,19.2,53444,10.9309,1.52
1787726817.204,6073,19.1,53514,10.9511,1.52
1787726817.223,6074,19.4,52755,10.9425,1.52
1787726817.245,6075,21.4,47933,10.9320,1.52
1787726817.266,6076,21.1,48452,10.9216,1.52
1787726817.288,6077,21.3,48074,10.9292,1.52
1787726817.309,6078,21.4,47844,10.9545,1.52
1787726817.331,6079,21.3,48023,10.9198,1.52
1787726817.356,6080,25.3,40504,10.9397,1.52
1787726817.388,6081,30.9,33094,10.9421,1.52
1787726817.408,6082,19.7,51857,10.9533,1.52
1787726817.427,6083,19.6,52159,10.9373,1.52
1787726817.447,6084,19.4,52815,10.9377,1.52
1787726817.467,6085,19.4,52740,10.9403,1.52
1787726817.488,6086,20.9,49063,10.9584,1.52
1787726817.509,6087,20.9,48973,10.9160,1.52
1787726817.530,6088,21.2,48222,10.9132,1.52
1787726817.552,6089,21.2,48191,10.9557,1.52
1787726817.573,6090,20.8,49286,10.9590,1.52
1787726817.594,6091,21.4,47945,10.9313,1.52
1787726817.616,6092,21.3,48108,10.9514,1.52
1787726817.646,6093,30.0,34188,10.9152,1.52
1787726817.687,6094,40.8,25103,10.9767,1.52
1787726817.726,6095,38.7,26487,10.9441,1.52
1787726817.749,6096,23.0,44567,10.9669,1.52
1787726817.769,6097,19.7,51862,10.9626,1.52
1787726817.789,6098,19.4,52663,10.9325,1.52
1787726817.809,6099,19.8,51725,10.9580,1.52
1787726817.831,6100,21.5,47558,10.9360,1.52
1787726817.852,6101,21.2,48242,10.9410,1.52
1787726817.874,6102,21.2,48196,10.9359,1.52
1787726817.895,6103,21.1,48546,10.9517,1.52
1787726817.916,6104,21.3,48061,10.9369,1.52
1787726817.938,6105,21.2,48309,10.9559,1.52
1787726817.960,6106,22.0,46558,10.9240,1.52
1787726817.999,6107,38.8,26361,10.9262,1.52
1787726818.038,6108,38.4,26641,10.9448,1.52
1787726818.077,6109,38.5,26587,10.9463,1.52
1787726818.117,6110,39.5,25920,10.9411,1.52
1787726818.158,6111,41.1,24917,10.9190,1.52
1787726818.196,6112,38.1,26905,10.9243,1.52
1787726818.235,6113,38.4,26638,10.9097,1.52
1787726818.275,6114,39.3,26053,10.9531,1.52
1787726818.313,6115,37.7,27154,10.9452,1.52
1787726818.352,6116,39.1,26217,10.9422,1.52
1787726818.391,6117,38.2,26833,10.9055,1.52
1787726818.430,6118,39.0,26237,10.9464,1.52
1787726818.467,6119,37.1,27590,10.9293,1.52
1787726818.487,6120,19.5,52582,10.9202,1.52
1787726818.507,6121,19.5,52629,10.9181,1.52
1787726818.527,6122,19.8,51807,10.9428,1.52
1787726818.547,6123,19.4,52842,10.9012,1.52
1787726818.568,6124,21.4,47773,10.9460,1.52
1787726818.590,6125,21.4,47825,10.9436,1.52
1787726818.612,6126,21.5,47690,10.9042,1.52
1787726818.633,6127,21.2,48227,10.9413,1.52
1787726818.655,6128,21.5,47728,10.9467,1.52
1787726818.676,6129,21.5,47609,10.9398,1.52
1787726818.702,6130,25.7,39880,10.9345,1.52
1787726818.737,6131,34.4,29800,10.9476,1.52
1787726818.757,6132,19.7,51877,10.9295,1.52
1787726818.777,6133,19.9,51576,10.9478,1.52
1787726818.797,6134,19.9,51563,10.9145,1.52
1787726818.817,6135,19.9,51486,10.9395,1.52
1787726818.838,6136,20.2,50689,10.9530,1.52
1787726818.859,6137,21.4,47942,10.9471,1.52
1787726818.881,6138,21.4,47779,10.9502,1.52
1787726818.903,6139,21.6,47462,10.9403,1.52
1787726818.924,6140,21.5,47639,10.9697,1.52
1787726818.946,6141,21.5,47725,10.9390,1.52
1787726818.968,6142,21.5,47593,10.9256,1.52
1787726818.999,6143,31.1,32940,10.9508,1.52
1787726819.028,6144,28.9,35391,10.9347,1.52
1787726819.050,6145,21.3,47996,10.9395,1.52
1787726819.072,6146,21.6,47453,10.9234,1.52
1787726819.093,6147,21.5,47675,10.9270,1.52
1787726819.115,6148,21.4,47857,10.9386,1.52
1787726819.136,6149,21.3,47977,10.9298,1.52
1787726819.158,6150,21.6,47501,10.9303,1.52
1787726819.195,6151,36.9,27736,10.9400,1.52
1787726819.237,6152,41.6,24586,10.9259,1.52
1787726819.279,6153,41.4,24755,10.9556,1.52
1787726819.320,6154,41.6,24599,10.9410,1.52
1787726819.363,6155,42.1,24328,10.9334,1.52
1787726819.404,6156,41.4,24721,10.9295,1.52
1787726819.444,6157,40.0,25598,10.9426,1.52
1787726819.484,6158,39.9,25656,10.9484,1.52
1787726819.525,6159,40.8,25126,10.9207,1.52
1787726819.565,6160,40.1,25527,10.9206,1.52
1787726819.607,6161,41.1,24934,10.9468,1.52
1787726819.646,6162,38.7,26447,10.9361,1.52
1787726819.667,6163,21.4,47927,10.9449,1.52
1787726819.689,6164,21.4,47864,10.9360,1.52
1787726819.710,6165,21.5,47647,10.9367,1.52
1787726819.732,6166,21.6,47452,10.9258,1.52
1787726819.754,6167,21.3,48076,10.9268,1.52
1787726819.775,6168,21.4,47917,10.9677,1.52
1787726819.805,6169,29.1,35132,10.9675,1.52
1787726819.844,6170,39.8,25719,10.9468,1.52
1787726819.887,6171,42.8,23941,10.9526,1.52
1787726819.929,6172,41.0,24986,10.9243,1.52
1787726819.970,6173,41.0,24955,10.9424,1.52
1787726820.011,6174,40.9,25064,10.9533,1.52
1787726820.052,6175,41.6,24635,10.9338,1.52
1787726820.095,6176,42.0,24386,10.9579,1.52
1787726820.136,6177,41.8,24511,10.9435,1.52
1787726820.178,6178,41.4,24763,10.9420,1.52
1787726820.221,6179,42.7,23994,10.9311,1.52
1787726820.262,6180,41.3,24800,10.9638,1.52
1787726820.304,6181,41.2,24876,10.9383,1.52
1787726820.346,6182,42.2,24281,10.9170,1.52
1787726820.386,6183,40.3,25414,10.9291,1.52
1787726820.428,6184,42.1,24340,10.9258,1.52
1787726820.470,6185,40.9,25019,10.9260,1.52
1787726820.511,6186,41.3,24766,10.9436,1.52
1787726820.553,6187,41.9,24423,10.9315,1.52
1787726820.584,6188,30.6,33479,10.9245,1.52
1787726820.606,6189,21.6,47502,10.9417,1.52
1787726820.628,6190,21.4,47779,10.9193,1.52
1787726820.649,6191,21.2,48315,10.9473,1.52
1787726820.670,6192,21.1,48422,10.9018,1.52
1787726820.691,6193,20.9,48887,10.9263,1.52
1787726820.713,6194,21.3,48049,10.9522,1.52
1787726820.744,6195,30.9,33163,10.9349,1.52
1787726820.785,6196,40.5,25293,10.9382,1.52
1787726820.825,6197,39.8,25754,10.9332,1.52
1787726820.865,6198,40.4,25326,10.9509,1.52
1787726820.907,6199,40.9,25017,10.9482,1.52
1787726820.948,6200,40.8,25107,10.9455,1.52
1787726820.987,6201,38.6,26535,10.9523,1.52
1787726821.026,6202,38.9,26322,10.9400,1.52
1787726821.065,6203,39.1,26209,10.9481,1.52
1787726821.104,6204,38.1,26849,10.9522,1.52
1787726821.140,6205,36.0,28414,10.9560,1.52
1787726821.159,6206,19.0,53823,10.9482,1.52
1787726821.179,6207,19.7,51888,10.9233,1.52
1787726821.199,6208,19.7,52078,10.9526,1.52
1787726821.219,6209,19.7,51924,10.9445,1.52
1787726821.243,6210,23.3,43989,10.9379,1.52
1787726821.264,6211,21.2,48390,10.9389,1.52
1787726821.285,6212,21.1,48556,10.9516,1.52
1787726821.307,6213,21.0,48720,10.9529,1.52
1787726821.328,6214,21.3,48130,10.9264,1.52
1787726821.349,6215,21.3,48101,10.9540,1.52
1787726821.373,6216,23.8,42961,10.9385,1.52
1787726821.412,6217,38.3,26722,10.9255,1.52
1787726821.451,6218,39.0,26282,10.9397,1.52
1787726821.491,6219,39.3,26045,10.9308,1.52
1787726821.530,6220,39.1,26215,10.9578,1.52
1787726821.570,6221,38.9,26353,10.9275,1.52
1787726821.608,6222,37.8,27115,10.9294,1.52
1787726821.643,6223,35.6,28731,10.9599,1.52
1787726821.671,6224,27.1,37738,10.9362,1.52
1787726821.691,6225,19.5,52412,10.9097,1.52
1787726821.710,6226,19.4,52918,10.9288,1.52
1787726821.730,6227,19.8,51700,10.9436,1.52
1787726821.751,6228,19.8,51664,10.9556,1.52
1787726821.772,6229,21.0,48768,10.9728,1.52
1787726821.793,6230,21.3,48162,10.9545,1.52
1787726821.815,6231,21.0,48718,10.9538,1.52
1787726821.836,6232,21.3,48176,10.9300,1.52
1787726821.857,6233,21.2,48375,10.9378,1.52
1787726821.879,6234,21.3,48043,10.9538,1.52
1787726821.900,6235,21.2,48302,10.9471,1.52
1787726821.931,6236,29.9,34262,10.9485,1.52
1787726821.968,6237,37.2,27527,10.9408,1.52
1787726822.003,6238,35.2,29097,10.9616,1.52
1787726822.026,6239,22.3,45953,10.9368,1.52
1787726822.046,6240,19.9,51481,10.9356,1.52
1787726822.066,6241,19.8,51805,10.9030,1.52
1787726822.086,6242,19.7,51923,10.9112,1.52
1787726822.107,6243,20.0,51193,10.9664,1.52
1787726822.128,6244,21.6,47439,10.9157,1.52
1787726822.150,6245,21.5,47711,10.9389,1.52
1787726822.172,6246,21.4,47762,10.9508,1.52
1787726822.193,6247,21.4,47886,10.9644,1.52
1787726822.215,6248,21.3,48085,10.9353,1.52
1787726822.236,6249,21.6,47428,10.9499,1.52
1787726822.266,6250,29.0,35252,10.9544,1.52
1787726822.304,6251,38.1,26904,10.9238,1.52
1787726822.342,6252,37.9,27052,10.9251,1.52
1787726822.379,6253,36.9,27755,10.9531,1.52
1787726822.418,6254,38.1,26854,10.9415,1.52
1787726822.456,6255,37.7,27198,10.9279,1.52
1787726822.493,6256,37.3,27442,10.9415,1.52
1787726822.531,6257,37.4,27406,10.9354,1.52
1787726822.569,6258,37.9,27042,10.9248,1.52
1787726822.607,6259,37.3,27431,10.9520,1.52
1787726822.644,6260,36.8,27795,10.9438,1.52
1787726822.664,6261,20.3,50390,10.9413,1.52
1787726822.684,6262,19.8,51670,10.9399,1.52
1787726822.705,6263,19.9,51399,10.9524,1.52
1787726822.724,6264,19.5,52456,10.9191,1.52
1787726822.745,6265,20.6,49830,10.9677,1.52
1787726822.766,6266,21.0,48829,10.8914,1.52
1787726822.787,6267,20.7,49355,10.9278,1.52
1787726822.809,6268,21.3,48018,10.9512,1.52
1787726822.830,6269,21.4,47786,10.9600,1.52
1787726822.852,6270,21.3,47981,10.9220,1.52
1787726822.873,6271,21.2,48270,10.9325,1.52
1787726822.906,6272,32.8,31211,10.9482,1.52
1787726822.942,6273,35.2,29063,10.9288,1.52
1787726822.977,6274,34.4,29731,10.9676,1.52
1787726823.012,6275,35.1,29159,10.9362,1.52
1787726823.047,6276,34.2,29936,10.9489,1.52
1787726823.081,6277,34.4,29807,10.9344,1.52
1787726823.117,6278,35.1,29183,10.9483,1.52
1787726823.151,6279,34.3,29843,10.9383,1.52
1787726823.174,6280,23.0,44504,10.9465,1.52
1787726823.193,6281,19.0,54036,10.9540,1.52
1787726823.212,6282,18.9,54063,10.9289,1.52
1787726823.233,6283,20.0,51243,10.9432,1.52
1787726823.253,6284,20.0,51097,10.9388,1.52
1787726823.275,6285,21.4,47849,10.9137,1.52
1787726823.296,6286,21.2,48399,10.9237,1.52
1787726823.318,6287,21.3,48063,10.9128,1.52
1787726823.339,6288,21.2,48294,10.9386,1.52
1787726823.360,6289,21.1,48561,10.9527,1.52
1787726823.382,6290,21.0,48674,10.9633,1.52
1787726823.407,6291,25.6,40006,10.9053,1.52
1787726823.441,6292,33.5,30545,10.9555,1.52
1787726823.476,6293,34.8,29391,10.9367,1.52
1787726823.512,6294,35.7,28668,10.9549,1.52
1787726823.547,6295,35.1,29148,10.9410,1.52
1787726823.583,6296,36.1,28330,10.9445,1.52
1787726823.617,6297,33.6,30468,10.9495,1.52
1787726823.652,6298,34.7,29518,10.9574,1.52
1787726823.686,6299,34.3,29886,10.9328,1.52
1787726823.721,6300,34.7,29534,10.9467,1.52
1787726823.756,6301,35.0,29284,10.9352,1.52
1787726823.791,6302,34.4,29762,10.9409,1.52
1787726823.825,6303,34.2,29905,10.9341,1.52
1787726823.860,6304,34.9,29301,10.9493,1.52
1787726823.896,6305,35.6,28782,10.9367,1.52
1787726823.930,6306,33.9,30170,10.9206,1.52
1787726823.964,6307,34.3,29862,10.9010,1.52
1787726823.998,6308,33.6,30432,10.9569,1.52
1787726824.032,6309,34.0,30157,10.9363,1.52
1787726824.067,6310,34.4,29731,10.9526,1.52
1787726824.101,6311,33.8,30303,10.9585,1.52
1787726824.135,6312,34.5,29667,10.9378,1.52
1787726824.170,6313,34.4,29793,10.9406,1.52
1787726824.200,6314,30.1,34069,10.9182,1.52
1787726824.222,6315,21.2,48252,10.9484,1.52
1787726824.243,6316,21.2,48313,10.9571,1.52
1787726824.265,6317,21.4,47824,10.9275,1.52
1787726824.286,6318,21.4,47864,10.9298,1.52
1787726824.307,6319,21.1,48522,10.9252,1.52
1787726824.329,6320,21.0,48755,10.9531,1.52
1787726824.357,6321,28.5,35926,10.9316,1.52
1787726824.393,6322,35.9,28536,10.9338,1.52
1787726824.427,6323,33.4,30687,10.9236,1.52
1787726824.461,6324,34.5,29722,10.9531,1.52
1787726824.496,6325,34.0,30132,10.9357,1.52
1787726824.530,6326,34.7,29475,10.9435,1.52
1787726824.565,6327,34.3,29841,10.9467,1.52
1787726824.600,6328,34.9,29336,10.9270,1.52
1787726824.635,6329,34.7,29476,10.9687,1.52
1787726824.663,6330,28.3,36204,10.9764,1.52
1787726824.685,6331,21.2,48294,10.9462,1.52
1787726824.706,6332,21.5,47713,10.9438,1.52
1787726824.728,6333,21.3,48170,10.9286,1.52
1787726824.750,6334,21.5,47687,10.9351,1.52
1787726824.771,6335,21.3,48019,10.9609,1.52
1787726824.793,6336,21.2,48304,10.9326,1.52
1787726824.822,6337,28.9,35383,10.9173,1.52
1787726824.855,6338,33.0,31064,10.9563,1.52
1787726824.876,6339,21.4,47749,10.9574,1.52
1787726824.898,6340,21.6,47438,10.9433,1.52
1787726824.920,6341,21.6,47462,10.9393,1.52
1787726824.942,6342,21.5,47574,10.9460,1.52
1787726824.963,6343,21.5,47695,10.9463,1.52
1787726824.985,6344,21.6,47443,10.9530,1.52
1787726825.015,6345,29.7,34452,10.9271,1.52
1787726825.042,6346,27.0,37926,10.9184,1.52
1787726825.064,6347,21.4,47914,10.9267,1.52
1787726825.085,6348,21.2,48269,10.9280,1.52
1787726825.107,6349,21.3,48107,10.9320,1.52
1787726825.128,6350,21.3,48181,10.9296,1.52
1787726825.150,6351,21.1,48526,10.9442,1.52
1787726825.171,6352,21.4,47907,10.9427,1.52
1787726825.208,6353,37.0,27655,10.9581,1.52
1787726825.245,6354,36.6,27955,10.9457,1.52
1787726825.282,6355,36.4,28110,10.9446,1.52
1787726825.319,6356,37.0,27706,10.9528,1.52
1787726825.357,6357,37.7,27133,10.9302,1.52
1787726825.395,6358,37.8,27097,10.9285,1.52
1787726825.432,6359,36.9,27776,10.9080,1.52
1787726825.469,6360,37.4,27388,10.9520,1.52
1787726825.506,6361,36.9,27748,10.9413,1.52
1787726825.541,6362,34.2,29976,10.9325,1.52
1787726825.577,6363,35.9,28529,10.9532,1.52
1787726825.610,6364,33.0,31021,10.9117,1.52
1787726825.644,6365,34.0,30153,10.9088,1.52
1787726825.678,6366,33.9,30225,10.9490,1.52
1787726825.712,6367,33.7,30351,10.9476,1.52
1787726825.747,6368,34.8,29454,10.9327,1.52
1787726825.781,6369,34.5,29641,10.9439,1.52
1787726825.815,6370,33.3,30761,10.9508,1.52
1787726825.849,6371,33.8,30302,10.9452,1.52
1787726825.883,6372,34.2,29930,10.9444,1.52
1787726825.906,6373,22.5,45510,10.9452,1.52
1787726825.927,6374,21.3,48040,10.9661,1.52
1787726825.949,6375,21.5,47574,10.9634,1.52
1787726825.970,6376,21.2,48325,10.9359,1.52
1787726825.992,6377,21.3,48082,10.9478,1.52
1787726826.013,6378,21.4,47761,10.9457,1.52
1787726826.035,6379,21.9,46808,10.9258,1.52
1787726826.070,6380,34.0,30087,10.9380,1.52
1787726826.103,6381,33.4,30682,10.9269,1.52
1787726826.124,6382,21.1,48495,10.9373,1.52
1787726826.146,6383,21.4,47824,10.9565,1.52
1787726826.167,6384,21.1,48536,10.9368,1.52
1787726826.189,6385,21.3,48091,10.9617,1.52
1787726826.210,6386,21.3,48088,10.9494,1.52
1787726826.232,6387,21.1,48578,10.9247,1.52
1787726826.257,6388,25.2,40568,10.9561,1.52
1787726826.291,6389,33.6,30491,10.9413,1.52
1787726826.327,6390,35.7,28723,10.9552,1.52
1787726826.362,6391,35.1,29208,10.9414,1.52
1787726826.397,6392,34.7,29488,10.9381,1.52
1787726826.432,6393,34.9,29348,10.9471,1.52
1787726826.467,6394,34.9,29330,10.9333,1.52
1787726826.503,6395,35.7,28686,10.9369,1.52
1787726826.537,6396,34.6,29556,10.9414,1.52
1787726826.572,6397,34.9,29369,10.9520,1.52
1787726826.607,6398,34.4,29790,10.9296,1.52
1787726826.642,6399,34.7,29544,10.9252,1.52
1787726826.676,6400,34.5,29681,10.9231,1.52
1787726826.712,6401,35.1,29170,10.9341,1.52
1787726826.745,6402,33.7,30371,10.9629,1.52
1787726826.779,6403,33.9,30174,10.9597,1.52
1787726826.815,6404,35.6,28791,10.9485,1.52
1787726826.850,6405,34.2,29927,10.9127,1.52
1787726826.885,6406,35.2,29101,10.9191,1.52
1787726826.920,6407,34.3,29850,10.9436,1.52
1787726826.956,6408,36.0,28446,10.9346,1.52
1787726826.991,6409,34.5,29680,10.9144,1.52
1787726827.027,6410,35.7,28680,10.9227,1.52
1787726827.062,6411,35.1,29163,10.9295,1.52
1787726827.097,6412,34.1,30009,10.9303,1.52
1787726827.132,6413,35.1,29215,10.9677,1.52
1787726827.164,6414,31.8,32153,10.9654,1.52
1787726827.183,6415,19.2,53354,10.9190,1.52
1787726827.203,6416,19.7,51973,10.9026,1.52
1787726827.223,6417,19.6,52192,10.9631,1.52
1787726827.243,6418,19.6,52307,10.9322,1.52
1787726827.263,6419,19.8,51819,10.9202,1.52
1787726827.285,6420,21.4,47773,10.9609,1.52
1787726827.306,6421,21.3,48113,10.9405,1.52
1787726827.328,6422,21.3,48022,10.9376,1.52
1787726827.349,6423,21.3,48102,10.9497,1.52
1787726827.371,6424,21.2,48322,10.9511,1.52
1787726827.392,6425,21.1,48455,10.9461,1.52
1787726827.419,6426,27.1,37799,10.9466,1.52
1787726827.454,6427,35.0,29280,10.9460,1.52
1787726827.491,6428,36.4,28155,10.9390,1.52
1787726827.526,6429,35.5,28884,10.9329,1.52
1787726827.562,6430,35.3,29047,10.9378,1.52
1787726827.597,6431,34.7,29521,10.9547,1.52
1787726827.631,6432,34.7,29516,10.9305,1.52
1787726827.666,6433,34.5,29713,10.9771,1.52
1787726827.700,6434,33.7,30397,10.9336,1.52
1787726827.734,6435,34.2,29974,10.9468,1.52
1787726827.769,6436,34.9,29373,10.9586,1.52
1787726827.803,6437,34.0,30124,10.9508,1.52
1787726827.837,6438,33.9,30244,10.9337,1.52
1787726827.871,6439,33.5,30590,10.9446,1.52
1787726827.906,6440,35.3,29049,10.9445,1.52
1787726827.949,6441,42.2,24244,10.9264,1.52
1787726827.990,6442,40.8,25076,10.9365,1.52
1787726828.031,6443,41.3,24815,10.9309,1.52
1787726828.074,6444,42.1,24343,10.9286,1.52
1787726828.116,6445,41.8,24522,10.9059,1.52
1787726828.157,6446,41.2,24844,10.9635,1.52
1787726828.199,6447,41.7,24584,10.9003,1.52
1787726828.241,6448,41.7,24579,10.9503,1.52
1787726828.282,6449,41.0,24964,10.9420,1.52
1787726828.320,6450,38.0,26966,10.9545,1.52
1787726828.340,6451,19.7,52084,10.9356,1.52
1787726828.360,6452,19.7,51962,10.9291,1.52
1787726828.380,6453,19.7,51910,10.9567,1.52
1787726828.402,6454,21.0,48680,10.9492,1.52
1787726828.424,6455,21.9,46786,10.9070,1.52
1787726828.446,6456,21.4,47866,10.9266,1.52
1787726828.467,6457,21.6,47327,10.9484,1.52
1787726828.489,6458,21.5,47608,10.9511,1.52
1787726828.511,6459,21.8,46918,10.9421,1.52
1787726828.533,6460,22.0,46483,10.9149,1.52
1787726828.565,6461,31.5,32499,10.9272,1.52
1787726828.587,6462,21.6,47430,10.9894,1.52
1787726828.609,6463,21.2,48207,10.9402,1.52
1787726828.630,6464,21.5,47638,10.9356,1.52
1787726828.652,6465,21.6,47369,10.9414,1.52
1787726828.674,6466,21.3,48045,10.9428,1.52
1787726828.695,6467,21.4,47916,10.9409,1.52
1787726828.725,6468,29.1,35239,10.9552,1.52
1787726828.759,6469,34.3,29886,10.9358,1.52
1787726828.794,6470,34.5,29672,10.9592,1.52
1787726828.829,6471,35.1,29167,10.9339,1.52
1787726828.865,6472,34.9,29331,10.9797,1.52
1787726828.900,6473,34.7,29536,10.9422,1.52
1787726828.943,6474,42.7,23963,10.9638,1.52
1787726828.985,6475,41.7,24576,10.9393,1.52
1787726829.026,6476,41.3,24795,10.9126,1.52
1787726829.058,6477,31.4,32613,10.9627,1.52
1787726829.078,6478,19.9,51574,10.9589,1.52
1787726829.098,6479,19.5,52518,10.9296,1.52
1787726829.118,6480,20.0,51122,10.9279,1.52
1787726829.138,6481,19.6,52260,10.9457,1.52
1787726829.161,6482,23.0,44523,10.9233,1.52
1787726829.183,6483,21.4,47824,10.9173,1.52
1787726829.205,6484,21.5,47572,10.9453,1.52
1787726829.226,6485,21.3,48099,10.9513,1.52
1787726829.248,6486,21.5,47719,10.9620,1.52
1787726829.270,6487,21.5,47730,10.9222,1.52
1787726829.297,6488,27.0,37954,10.9448,1.52
1787726829.323,6489,25.8,39645,10.9490,1.52
1787726829.344,6490,21.2,48335,10.9099,1.52
1787726829.366,6491,21.3,48028,10.9351,1.52
1787726829.387,6492,21.0,48826,10.9766,1.52
1787726829.409,6493,21.2,48262,10.9473,1.52
1787726829.430,6494,21.3,48186,10.9460,1.52
1787726829.452,6495,21.6,47365,10.9635,1.52
1787726829.480,6496,27.7,37029,10.9218,1.52
1787726829.506,6497,25.9,39501,10.9385,1.52
1787726829.528,6498,21.5,47736,10.9071,1.52
1787726829.549,6499,21.4,47862,10.9283,1.52
1787726829.571,6500,21.3,48034,10.9207,1.52
1787726829.592,6501,21.4,47954,10.9449,1.52
1787726829.614,6502,21.1,48441,10.8907,1.52
1787726829.635,6503,21.1,48451,10.9455,1.52
1787726829.663,6504,27.5,37286,10.9290,1.52
1787726829.696,6505,32.9,31123,10.9540,1.52
1787726829.732,6506,35.4,28910,10.9732,1.52
1787726829.766,6507,34.1,30042,10.9580,1.52
1787726829.801,6508,34.5,29675,10.9254,1.52
1787726829.836,6509,35.2,29131,10.9351,1.52
1787726829.871,6510,34.6,29638,10.9245,1.52
1787726829.905,6511,34.2,29926,10.9467,1.52
1787726829.940,6512,34.9,29313,10.9329,1.52
1787726829.974,6513,34.0,30113,10.9499,1.52
1787726830.008,6514,33.8,30257,10.9142,1.52
1787726830.043,6515,34.3,29865,10.9676,1.52
1787726830.078,6516,35.4,28906,10.9271,1.52
1787726830.113,6517,34.6,29622,10.9424,1.52
1787726830.147,6518,33.7,30418,10.9512,1.52
1787726830.181,6519,34.5,29668,10.9128,1.52
1787726830.215,6520,33.7,30345,10.9313,1.52
1787726830.250,6521,34.2,29920,10.9466,1.52
1787726830.274,6522,24.6,41556,10.9538,1.52
1787726830.297,6523,21.7,47201,10.9388,1.52
1787726830.318,6524,21.2,48379,10.9467,1.52
1787726830.339,6525,21.2,48266,10.9523,1.52
1787726830.361,6526,21.3,48143,10.9354,1.52
1787726830.382,6527,21.1,48466,10.9413,1.52
1787726830.404,6528,21.3,48176,10.9248,1.52
1787726830.436,6529,32.0,32025,10.9263,1.52
1787726830.459,6530,23.3,43977,10.9368,1.52
1787726830.481,6531,21.3,48123,10.9314,1.52
1787726830.502,6532,21.3,48030,10.9388,1.52
1787726830.524,6533,21.1,48457,10.9429,1.52
1787726830.545,6534,20.9,49018,10.9211,1.52
1787726830.566,6535,21.0,48687,10.9434,1.52
1787726830.587,6536,21.0,48830,10.9521,1.52
1787726830.624,6537,37.0,27703,10.9421,1.52
1787726830.661,6538,36.3,28174,10.9306,1.52
1787726830.697,6539,36.3,28206,10.9278,1.52
1787726830.735,6540,37.2,27553,10.9455,1.52
1787726830.770,6541,35.6,28756,10.9386,1.52
1787726830.806,6542,35.7,28683,10.9610,1.52
1787726830.842,6543,35.7,28673,10.9329,1.52
1787726830.879,6544,36.9,27745,10.9573,1.52
1787726830.915,6545,35.4,28949,10.9300,1.52
1787726830.949,6546,34.3,29855,10.9417,1.52
1787726830.984,6547,34.4,29772,10.9623,1.52
1787726831.020,6548,35.8,28618,10.9407,1.52
1787726831.055,6549,35.2,29093,10.9339,1.52
1787726831.090,6550,35.2,29085,10.9171,1.52
1787726831.125,6551,34.9,29355,10.9302,1.52
1787726831.161,6552,35.2,29076,10.9481,1.52
1787726831.197,6553,35.9,28524,10.9776,1.52
1787726831.231,6554,34.2,29953,10.9277,1.52
1787726831.267,6555,35.6,28780,10.9094,1.52
1787726831.301,6556,34.8,29456,10.9480,1.52
1787726831.337,6557,35.7,28650,10.9175,1.52
1787726831.365,6558,27.5,37178,10.9294,1.52
1787726831.387,6559,22.0,46639,10.9038,1.52
1787726831.409,6560,21.6,47379,10.9300,1.52
1787726831.431,6561,21.2,48328,10.9531,1.52
1787726831.453,6562,21.6,47356,10.9124,1.52
1787726831.474,6563,21.5,47559,10.9339,1.52
1787726831.496,6564,21.6,47502,10.9621,1.52
1787726831.534,6565,37.3,27449,10.9330,1.52
1787726831.571,6566,36.7,27919,10.9232,1.52
1787726831.609,6567,37.7,27190,10.9074,1.52
1787726831.645,6568,35.5,28876,10.9522,1.52
1787726831.682,6569,36.9,27764,10.9363,1.52
1787726831.720,6570,37.7,27162,10.9229,1.52
1787726831.759,6571,38.4,26658,10.9630,1.52
1787726831.796,6572,37.0,27661,10.9429,1.52
1787726831.830,6573,33.9,30248,10.9516,1.52
1787726831.849,6574,19.0,53922,10.9216,1.52
1787726831.870,6575,20.2,50655,10.9366,1.52
1787726831.890,6576,19.6,52278,10.9224,1.52
1787726831.910,6577,19.9,51524,10.9559,1.52
1787726831.931,6578,20.9,49051,10.9550,1.52
1787726831.953,6579,21.3,47978,10.9201,1.52
1787726831.975,6580,21.3,48069,10.9492,1.52
1787726831.997,6581,21.6,47358,10.9511,1.52
1787726832.018,6582,21.5,47626,10.9593,1.52
1787726832.040,6583,21.2,48360,10.9264,1.52
1787726832.061,6584,21.3,48120,10.9485,1.52
1787726832.083,6585,21.0,48695,10.9475,1.52
1787726832.110,6586,27.1,37777,10.9321,1.52
1787726832.149,6587,39.2,26131,10.9441,1.52
1787726832.188,6588,38.7,26453,10.9009,1.52
1787726832.224,6589,35.3,28970,10.9338,1.52
1787726832.259,6590,35.6,28777,10.9333,1.52
1787726832.294,6591,34.7,29468,10.9396,1.52
1787726832.330,6592,35.7,28710,10.9427,1.52
1787726832.367,6593,36.0,28481,10.9699,1.52
1787726832.402,6594,34.5,29659,10.9406,1.52
1787726832.438,6595,36.1,28375,10.9357,1.52
1787726832.474,6596,35.5,28860,10.9590,1.52
1787726832.510,6597,36.2,28272,10.9470,1.52
1787726832.545,6598,34.5,29654,10.9253,1.52
1787726832.565,6599,19.3,53106,10.9421,1.52
1787726832.586,6600,20.8,49288,10.9398,1.52
1787726832.607,6601,20.5,49903,10.9549,1.52
1787726832.627,6602,20.4,50304,10.9520,1.52
1787726832.650,6603,21.7,47192,10.9577,1.52
1787726832.672,6604,21.9,46800,10.9243,1.52
1787726832.694,6605,21.7,47184,10.9390,1.52
1787726832.715,6606,21.4,47790,10.9477,1.52
1787726832.737,6607,21.2,48373,10.9473,1.52
1787726832.758,6608,21.2,48396,10.9500,1.52
1787726832.779,6609,21.0,48798,10.9631,1.52
1787726832.803,6610,23.5,43625,10.9210,1.52
1787726832.836,6611,32.5,31462,10.9548,1.52
1787726832.857,6612,21.1,48566,10.9492,1.52
1787726832.878,6613,20.4,50120,10.9253,1.52
1787726832.899,6614,20.3,50449,10.9392,1.52
1787726832.919,6615,20.2,50658,10.9477,1.52
1787726832.940,6616,20.2,50796,10.9375,1.52
1787726832.960,6617,20.1,50880,10.9526,1.52
1787726832.981,6618,21.0,48673,10.9361,1.52
1787726833.002,6619,20.9,48976,10.9507,1.52
1787726833.024,6620,21.7,47177,10.9145,1.52
1787726833.046,6621,21.3,48004,10.9396,1.52
1787726833.068,6622,22.0,46598,10.9020,1.52
1787726833.090,6623,21.7,47203,10.9401,1.52
1787726833.114,6624,23.1,44324,10.9171,1.52
1787726833.144,6625,30.0,34152,10.9265,1.52
1787726833.183,6626,38.7,26480,10.9538,1.52
1787726833.218,6627,35.5,28866,10.9393,1.52
1787726833.253,6628,34.9,29319,10.9377,1.52
1787726833.288,6629,34.6,29630,10.9546,1.52
1787726833.314,6630,25.6,39979,10.9423,1.52
1787726833.334,6631,19.8,51689,10.9483,1.52
1787726833.356,6632,21.5,47588,10.9539,1.52
1787726833.376,6633,19.4,52687,10.9349,1.52
1787726833.397,6634,21.3,47973,10.9219,1.52
1787726833.420,6635,21.9,46760,10.9449,1.52
1787726833.441,6636,21.4,47749,10.9690,1.52
1787726833.463,6637,21.5,47682,10.9253,1.52
1787726833.485,6638,21.2,48295,10.9376,1.52
1787726833.506,6639,21.1,48610,10.9672,1.52
1787726833.530,6640,24.4,41996,10.9312,1.52
1787726833.561,6641,30.6,33418,10.9244,1.52
1787726833.581,6642,19.7,52067,10.9436,1.52
1787726833.601,6643,19.5,52506,10.9575,1.52
1787726833.621,6644,19.6,52264,10.9653,1.52
1787726833.642,6645,20.7,49487,10.9568,1.52
1787726833.663,6646,21.4,47957,10.9445,1.52
1787726833.685,6647,21.5,47709,10.9704,1.52
1787726833.707,6648,21.4,47894,10.9379,1.52
1787726833.728,6649,21.6,47441,10.9424,1.52
1787726833.750,6650,21.3,47988,10.9578,1.52
1787726833.771,6651,21.3,48125,10.9173,1.52
1787726833.808,6652,36.3,28177,10.9116,1.52
1787726833.836,6653,27.4,37356,10.9346,1.52
1787726833.857,6654,20.9,48964,10.9212,1.52
1787726833.878,6655,21.2,48221,10.9206,1.52
1787726833.900,6656,21.5,47567,10.9418,1.52
1787726833.922,6657,21.4,47927,10.9484,1.52
1787726833.943,6658,21.3,48025,10.9263,1.52
1787726833.965,6659,21.4,47894,10.9539,1.52
1787726833.996,6660,31.0,33003,10.9037,1.52
1787726834.024,6661,27.1,37719,10.9717,1.52
1787726834.047,6662,22.6,45394,10.9471,1.52
1787726834.070,6663,22.9,44757,10.9400,1.52
1787726834.092,6664,22.2,46035,10.9273,1.52
1787726834.115,6665,22.5,45463,10.9211,1.52
1787726834.138,6666,22.2,46114,10.9152,1.52
1787726834.159,6667,20.9,48967,10.9262,1.52
1787726834.190,6668,31.2,32842,10.9114,1.52
1787726834.229,6669,38.8,26378,10.9300,1.52
1787726834.269,6670,39.3,26081,10.9601,1.52
1787726834.308,6671,38.6,26523,10.9290,1.52
1787726834.347,6672,38.9,26322,10.9232,1.52
1787726834.380,6673,32.8,31264,10.9495,1.52
1787726834.400,6674,19.9,51501,10.9228,1.52
1787726834.420,6675,19.9,51561,10.9273,1.52
1787726834.440,6676,19.6,52311,10.9387,1.52
1787726834.460,6677,19.8,51840,10.9623,1.52
1787726834.481,6678,21.0,48775,10.9547,1.52
1787726834.503,6679,21.3,48148,10.9154,1.52
1787726834.524,6680,21.2,48237,10.9306,1.52
1787726834.545,6681,20.7,49455,10.9245,1.52
1787726834.567,6682,21.2,48373,10.9694,1.52
1787726834.588,6683,21.0,48715,10.9264,1.52
1787726834.609,6684,21.1,48503,10.9444,1.52
1787726834.639,6685,30.2,33950,10.9378,1.52
1787726834.670,6686,30.4,33674,10.9527,1.52
1787726834.692,6687,21.5,47725,10.9470,1.52
1787726834.713,6688,21.2,48265,10.9318,1.52
1787726834.735,6689,21.4,47765,10.9322,1.52
1787726834.756,6690,21.2,48331,10.9497,1.52
1787726834.778,6691,21.7,47209,10.9841,1.52
1787726834.800,6692,21.5,47708,10.9032,1.52
1787726834.836,6693,36.0,28454,10.9242,1.52
1787726834.878,6694,41.5,24657,10.9429,1.52
1787726834.920,6695,42.1,24307,10.9584,1.52
1787726834.962,6696,42.1,24305,10.9173,1.52
1787726835.003,6697,40.6,25231,10.9422,1.52
1787726835.045,6698,42.0,24372,10.9137,1.52
1787726835.086,6699,40.5,25301,10.9381,1.52
1787726835.127,6700,41.2,24832,10.9405,1.52
1787726835.154,6701,26.5,38686,10.9432,1.52
1787726835.176,6702,21.9,46813,10.9398,1.52
1787726835.197,6703,21.3,47982,10.9484,1.52
1787726835.219,6704,21.4,47823,10.9377,1.52
1787726835.241,6705,21.4,47824,10.9581,1.52
1787726835.262,6706,21.4,47914,10.9232,1.52
1787726835.288,6707,26.0,39442,10.9337,1.52
1787726835.329,6708,40.4,25370,10.9405,1.52
1787726835.370,6709,40.6,25246,10.9419,1.52
1787726835.410,6710,40.7,25160,10.9268,1.52
1787726835.451,6711,40.3,25415,10.9418,1.52
1787726835.491,6712,40.5,25305,10.9454,1.52
1787726835.532,6713,40.3,25402,10.9284,1.52
1787726835.572,6714,39.9,25688,10.9224,1.52
1787726835.612,6715,40.4,25353,10.9184,1.52
1787726835.653,6716,40.4,25333,10.9401,1.52
1787726835.693,6717,40.1,25542,10.9691,1.52
1787726835.734,6718,40.3,25403,10.9344,1.52
1787726835.758,6719,23.9,42814,10.9321,1.52
1787726835.779,6720,21.4,47814,10.9689,1.52
1787726835.801,6721,21.4,47803,10.9048,1.52
1787726835.822,6722,21.0,48731,10.9301,1.52
1787726835.843,6723,20.9,49064,10.9268,1.52
1787726835.865,6724,21.4,47871,10.9381,1.52
1787726835.886,6725,21.3,48180,10.9522,1.52
1787726835.925,6726,38.6,26549,10.9244,1.52
1787726835.969,6727,42.9,23876,10.9490,1.52
1787726836.010,6728,41.3,24792,10.9493,1.52
1787726836.053,6729,42.0,24376,10.9543,1.52
1787726836.095,6730,42.2,24289,10.9497,1.52
1787726836.138,6731,42.1,24302,10.9126,1.52
1787726836.180,6732,41.9,24417,10.9431,1.52
1787726836.223,6733,42.6,24025,10.9301,1.52
1787726836.265,6734,41.7,24584,10.9402,1.52
1787726836.307,6735,42.1,24331,10.9263,1.52
1787726836.349,6736,41.0,24975,10.9251,1.52
1787726836.389,6737,40.3,25393,10.9547,1.52
1787726836.431,6738,41.2,24853,10.9498,1.52
1787726836.471,6739,40.2,25454,10.9399,1.52
1787726836.500,6740,28.4,35999,10.9584,1.52
1787726836.520,6741,19.9,51384,10.9582,1.52
1787726836.540,6742,19.7,51976,10.9461,1.52
1787726836.560,6743,19.5,52471,10.9247,1.52
1787726836.581,6744,20.4,50156,10.9560,1.52
1787726836.602,6745,21.2,48409,10.9364,1.52
1787726836.624,6746,21.4,47942,10.9303,1.52
1787726836.645,6747,21.2,48196,10.9403,1.52
1787726836.667,6748,21.3,48121,10.9319,1.52
1787726836.688,6749,21.0,48662,10.9431,1.52
1787726836.709,6750,21.2,48235,10.9390,1.52
1787726836.739,6751,29.5,34659,10.9391,1.52
1787726836.780,6752,41.1,24925,10.9583,1.52
1787726836.822,6753,41.9,24424,10.9352,1.52
1787726836.865,6754,42.7,23983,10.9346,1.52
1787726836.907,6755,41.3,24817,10.9464,1.52
1787726836.942,6756,35.6,28787,10.9514,1.52
1787726836.962,6757,18.9,54147,10.9262,1.52
1787726836.982,6758,19.9,51585,10.9425,1.52
1787726837.002,6759,19.9,51475,10.9317,1.52
1787726837.022,6760,19.9,51362,10.9276,1.52
1787726837.044,6761,21.1,48444,10.9305,1.52
1787726837.067,6762,22.4,45697,10.9479,1.52
1787726837.089,6763,22.1,46384,10.9277,1.52
1787726837.111,6764,22.0,46650,10.9312,1.52
1787726837.134,6765,22.2,46202,10.9430,1.52
1787726837.156,6766,21.8,46976,10.9762,1.52
1787726837.179,6767,23.1,44402,10.9195,1.52
1787726837.202,6768,22.7,45142,10.9288,1.52
1787726837.240,6769,37.8,27125,10.9341,1.52
1787726837.284,6770,43.1,23752,10.9373,1.52
1787726837.325,6771,41.3,24778,10.9376,1.52
1787726837.367,6772,41.4,24731,10.9233,1.52
1787726837.409,6773,42.1,24320,10.9234,1.52
1787726837.451,6774,41.4,24741,10.9419,1.52
1787726837.493,6775,41.7,24540,10.9561,1.52
1787726837.536,6776,42.3,24222,10.9485,1.52
1787726837.579,6777,43.0,23817,10.9616,1.52
1787726837.621,6778,41.7,24528,10.9013,1.52
1787726837.663,6779,41.7,24582,10.9476,1.52
1787726837.705,6780,42.1,24327,10.9392,1.52
1787726837.729,6781,24.0,42589,10.9426,1.52
1787726837.749,6782,19.5,52574,10.9437,1.52
1787726837.768,6783,19.0,54006,10.9569,1.52
1787726837.787,6784,18.9,54053,10.9379,1.52
1787726837.807,6785,19.8,51725,10.9632,1.52
1787726837.829,6786,21.7,47105,10.9486,1.52
1787726837.851,6787,21.5,47525,10.9254,1.52
1787726837.873,6788,21.5,47645,10.9367,1.52
1787726837.895,6789,21.7,47219,10.9267,1.52
1787726837.916,6790,21.4,47757,10.9250,1.52
1787726837.938,6791,21.3,48008,10.9624,1.52
1787726837.969,6792,30.5,33595,10.9630,1.52
1787726837.999,6793,29.8,34354,10.9188,1.52
1787726838.020,6794,21.4,47847,10.9612,1.52
1787726838.042,6795,21.3,48017,10.9656,1.52
1787726838.064,6796,21.5,47700,10.9526,1.52
1787726838.085,6797,21.2,48399,10.9323,1.52
1787726838.106,6798,21.3,48153,10.9513,1.52
1787726838.128,6799,21.5,47677,10.9182,1.52
1787726838.162,6800,33.4,30690,10.9405,1.52
1787726838.204,6801,41.8,24477,10.9285,1.52
1787726838.246,6802,42.3,24186,10.9401,1.52
1787726838.288,6803,41.5,24675,10.9621,1.52
1787726838.329,6804,41.1,24902,10.9090,1.52
1787726838.349,6805,20.1,51063,10.9359,1.52
1787726838.369,6806,19.6,52172,10.9523,1.52
1787726838.389,6807,19.6,52204,10.9601,1.52
1787726838.409,6808,19.8,51641,10.9434,1.52
1787726838.431,6809,21.1,48546,10.9276,1.52
1787726838.452,6810,21.5,47608,10.9488,1.52
1787726838.474,6811,21.3,48076,10.9499,1.52
1787726838.496,6812,21.5,47696,10.9226,1.52
1787726838.517,6813,21.3,47991,10.9459,1.52
1787726838.539,6814,21.4,47797,10.9221,1.52
1787726838.562,6815,22.5,45557,10.9549,1.52
1787726838.600,6816,38.6,26545,10.9640,1.52
1787726838.622,6817,21.2,48353,10.9249,1.52
1787726838.643,6818,21.5,47582,10.9294,1.52
1787726838.665,6819,21.2,48282,10.9384,1.52
1787726838.686,6820,20.9,48940,10.9231,1.52
1787726838.707,6821,21.2,48356,10.9412,1.52
1787726838.729,6822,21.3,47965,10.9265,1.52
1787726838.754,6823,25.3,40447,10.9328,1.52
1787726838.795,6824,40.4,25323,10.9450,1.52
1787726838.821,6825,26.1,39216,10.9138,1.52
1787726838.843,6826,21.7,47222,10.9501,1.52
1787726838.865,6827,21.5,47728,10.9317,1.52
1787726838.887,6828,21.5,47524,10.9393,1.52
1787726838.908,6829,21.5,47652,10.9450,1.52
1787726838.930,6830,21.2,48403,10.9259,1.52
1787726838.956,6831,25.9,39527,10.9271,1.52
1787726838.991,6832,35.0,29289,10.9279,1.52
1787726839.013,6833,21.8,46943,10.9380,1.52
1787726839.035,6834,21.8,46994,10.9527,1.52
1787726839.057,6835,21.5,47700,10.9442,1.52
1787726839.079,6836,21.4,47825,10.9438,1.52
1787726839.100,6837,21.6,47469,10.9328,1.52
1787726839.122,6838,21.6,47508,10.9489,1.52
1787726839.158,6839,35.5,28856,10.9060,1.52
1787726839.200,6840,41.9,24424,10.9595,1.52
1787726839.241,6841,41.0,24974,10.9575,1.52
1787726839.283,6842,41.3,24818,10.9136,1.52
1787726839.324,6843,41.5,24703,10.9620,1.52
1787726839.364,6844,39.2,26113,10.9212,1.52
1787726839.403,6845,38.9,26339,10.9327,1.52
1787726839.441,6846,38.3,26749,10.9491,1.52
1787726839.480,6847,39.1,26193,10.9377,1.52
1787726839.520,6848,39.2,26136,10.9236,1.52
1787726839.558,6849,37.9,26988,10.9242,1.52
1787726839.597,6850,38.6,26541,10.9217,1.52
1787726839.636,6851,39.6,25869,10.9277,1.52
1787726839.675,6852,38.3,26740,10.9235,1.52
1787726839.713,6853,37.7,27129,10.9701,1.52
1787726839.752,6854,38.2,26827,10.9339,1.52
1787726839.789,6855,37.4,27386,10.9379,1.52
1787726839.828,6856,38.9,26316,10.9139,1.52
1787726839.848,6857,19.0,53929,10.9503,1.52
1787726839.868,6858,19.8,51642,10.9343,1.52
1787726839.888,6859,19.9,51438,10.9622,1.52
1787726839.908,6860,19.9,51535,10.9632,1.52
1787726839.929,6861,20.8,49180,10.9523,1.52
1787726839.951,6862,21.2,48349,10.9560,1.52
1787726839.973,6863,21.3,47984,10.9235,1.52
1787726839.994,6864,21.1,48603,10.9687,1.52
1787726840.015,6865,20.8,49188,10.9417,1.52
1787726840.036,6866,20.8,49182,10.9482,1.52
1787726840.057,6867,20.6,49646,10.9761,1.52
1787726840.078,6868,20.9,48985,10.9463,1.52
1787726840.108,6869,30.0,34093,10.9158,1.52
1787726840.147,6870,38.7,26426,10.9533,1.52
1787726840.186,6871,38.3,26745,10.9503,1.52
1787726840.224,6872,37.9,27054,10.9359,1.52
1787726840.263,6873,39.1,26160,10.9383,1.52
1787726840.300,6874,36.5,28069,10.9189,1.52
1787726840.319,6875,19.0,53801,10.9536,1.52
1787726840.339,6876,19.7,51904,10.9269,1.52
1787726840.359,6877,19.8,51742,10.9298,1.52
1787726840.380,6878,20.3,50494,10.9328,1.52
1787726840.402,6879,21.7,47117,10.9395,1.52
1787726840.423,6880,21.5,47650,10.9465,1.52
1787726840.445,6881,21.5,47550,10.9454,1.52
1787726840.467,6882,21.6,47331,10.9649,1.52
1787726840.489,6883,21.5,47674,10.9416,1.52
1787726840.510,6884,21.4,47837,10.9536,1.52
1787726840.545,6885,34.4,29740,10.9207,1.52
1787726840.586,6886,40.2,25466,10.9014,1.52
1787726840.625,6887,39.0,26283,10.9457,1.52
1787726840.663,6888,38.0,26926,10.9354,1.52
1787726840.701,6889,38.4,26678,10.9308,1.52
1787726840.740,6890,38.7,26481,10.9282,1.52
1787726840.779,6891,38.8,26358,10.9211,1.52
1787726840.818,6892,38.9,26339,10.9308,1.52
1787726840.857,6893,38.6,26533,10.9291,1.52
1787726840.895,6894,37.4,27403,10.9543,1.52
1787726840.934,6895,39.7,25777,10.9448,1.52
1787726840.973,6896,38.6,26498,10.9376,1.52
1787726841.011,6897,38.1,26870,10.9426,1.52
1787726841.049,6898,37.6,27249,10.9306,1.52
1787726841.088,6899,38.3,26736,10.9491,1.52
1787726841.126,6900,38.4,26652,10.9413,1.52
1787726841.165,6901,38.7,26436,10.9329,1.52
1787726841.203,6902,38.1,26845,10.9347,1.52
1787726841.242,6903,38.3,26707,10.9499,1.52
1787726841.275,6904,33.1,30894,10.9591,1.52
1787726841.296,6905,20.9,48958,10.9418,1.52
1787726841.318,6906,21.3,48059,10.9407,1.52
1787726841.339,6907,21.1,48462,10.9283,1.52
1787726841.361,6908,21.1,48469,10.9453,1.52
1787726841.382,6909,21.1,48426,10.9580,1.52
1787726841.403,6910,21.3,47985,10.9231,1.52
1787726841.431,6911,27.2,37609,10.9249,1.52
1787726841.464,6912,32.8,31202,10.9641,1.52
1787726841.485,6913,21.0,48698,10.9642,1.52
1787726841.506,6914,20.9,48900,10.9381,1.52
1787726841.527,6915,21.1,48618,10.9143,1.52
1787726841.549,6916,21.1,48462,10.9374,1.52
1787726841.570,6917,21.1,48467,10.9498,1.52
1787726841.592,6918,21.4,47933,10.9500,1.52
1787726841.613,6919,21.1,48609,10.9360,1.52
1787726841.634,6920,21.2,48394,10.9251,1.52
1787726841.656,6921,21.1,48643,10.9285,1.52
1787726841.677,6922,20.9,48983,10.9419,1.52
1787726841.698,6923,21.0,48741,10.9458,1.52
1787726841.719,6924,21.3,48048,10.9528,1.52
1787726841.741,6925,21.1,48539,10.9620,1.52
1787726841.779,6926,38.4,26636,10.9124,1.52
1787726841.830,6927,50.2,20408,10.9604,1.52
1787726841.870,6928,40.8,25113,10.9372,1.52
1787726841.911,6929,40.2,25456,10.9311,1.52
1787726841.944,6930,32.9,31116,10.9351,1.52
1787726841.965,6931,21.0,48757,10.9565,1.52
1787726841.986,6932,21.0,48701,10.9229,1.52
1787726842.008,6933,21.0,48673,10.9014,1.52
1787726842.029,6934,21.0,48850,10.9487,1.52
1787726842.050,6935,21.2,48335,10.9257,1.52
1787726842.071,6936,21.1,48610,10.9409,1.52
1787726842.100,6937,28.7,35686,10.9369,1.52
1787726842.141,6938,40.6,25239,10.9327,1.52
1787726842.183,6939,41.9,24462,10.9630,1.52
1787726842.226,6940,42.4,24159,10.9503,1.52
1787726842.267,6941,41.4,24723,10.9262,1.52
1787726842.309,6942,41.5,24685,10.9332,1.52
1787726842.351,6943,42.2,24282,10.9654,1.52
1787726842.393,6944,42.1,24309,10.9645,1.52
1787726842.435,6945,41.5,24666,10.9283,1.52
1787726842.478,6946,43.0,23790,10.9653,1.52
1787726842.519,6947,40.3,25420,10.9399,1.52
1787726842.557,6948,38.1,26908,10.9356,1.52
1787726842.595,6949,38.6,26548,10.9424,1.52
1787726842.633,6950,37.8,27096,10.9556,1.52
1787726842.671,6951,37.7,27132,10.9406,1.52
1787726842.709,6952,37.7,27139,10.9488,1.52
1787726842.745,6953,36.2,28280,10.9471,1.52
1787726842.781,6954,35.4,28927,10.9209,1.52
1787726842.816,6955,34.6,29603,10.9377,1.52
1787726842.850,6956,34.4,29786,10.9176,1.52
1787726842.885,6957,34.7,29506,10.9460,1.52
1787726842.919,6958,33.9,30238,10.9568,1.52
1787726842.953,6959,34.3,29823,10.9580,1.52
1787726842.988,6960,34.1,29989,10.9349,1.52
1787726843.022,6961,33.6,30473,10.9308,1.52
1787726843.056,6962,34.5,29703,10.9173,1.52
1787726843.090,6963,33.4,30670,10.9559,1.52
1787726843.123,6964,32.8,31173,10.9596,1.52
1787726843.157,6965,33.9,30180,10.9273,1.52
1787726843.191,6966,33.8,30333,10.9287,1.52
1787726843.225,6967,34.7,29496,10.9272,1.52
1787726843.259,6968,33.8,30284,10.9330,1.52
1787726843.295,6969,35.3,29022,10.9647,1.52
1787726843.329,6970,34.3,29852,10.9348,1.52
1787726843.364,6971,34.8,29391,10.9581,1.52
1787726843.398,6972,33.5,30583,10.9088,1.52
1787726843.431,6973,33.5,30529,10.9592,1.52
1787726843.465,6974,33.7,30409,10.9532,1.52
1787726843.499,6975,33.7,30362,10.9508,1.52
1787726843.538,6976,38.9,26328,10.9242,1.52
1787726843.580,6977,42.1,24348,10.9641,1.52
1787726843.623,6978,42.7,24007,10.9358,1.52
1787726843.665,6979,42.2,24242,10.9328,1.52
1787726843.708,6980,42.5,24071,10.9291,1.52
1787726843.751,6981,42.3,24194,10.9516,1.52
1787726843.794,6982,43.0,23808,10.9066,1.52
1787726843.837,6983,42.0,24374,10.9377,1.52
1787726843.880,6984,43.0,23838,10.9317,1.52
1787726843.923,6985,42.7,23992,10.9555,1.52
1787726843.965,6986,41.9,24420,10.9320,1.52
1787726844.007,6987,41.8,24492,10.9348,1.52
1787726844.049,6988,41.6,24592,10.9590,1.52
1787726844.095,6989,45.7,22389,10.9356,1.52
1787726844.155,6990,59.6,17190,10.9338,1.52
1787726844.189,6991,34.1,30039,10.9152,1.52
1787726844.208,6992,19.1,53714,10.9243,1.52
1787726844.228,6993,19.0,53889,10.9408,1.52
1787726844.248,6994,19.8,51771,10.9675,1.52
1787726844.268,6995,19.7,52062,10.9453,1.52
1787726844.287,6996,19.3,52990,10.9361,1.52
1787726844.307,6997,19.0,53775,10.9261,1.52
1787726844.326,6998,19.7,52056,10.9292,1.52
1787726844.348,6999,20.9,48929,10.9337,1.52
1787726844.369,7000,21.0,48663,10.9548,1.52
1787726844.390,7001,21.1,48475,10.9211,1.52
1787726844.411,7002,20.9,48945,10.9519,1.52
1787726844.433,7003,21.1,48526,10.9656,1.52
1787726844.454,7004,20.9,48980,10.9336,1.52
1787726844.479,7005,24.9,41049,10.9605,1.52
1787726844.504,7006,25.0,40997,10.9184,1.52
1787726844.525,7007,21.1,48575,10.9455,1.52
1787726844.547,7008,21.1,48518,10.9325,1.52
1787726844.568,7009,21.2,48211,10.9248,1.52
1787726844.589,7010,21.2,48240,10.9437,1.52
1787726844.610,7011,20.8,49113,10.9258,1.52
1787726844.632,7012,21.2,48222,10.9338,1.52
1787726844.652,7013,19.8,51675,10.9023,1.52
1787726844.672,7014,20.0,51167,10.9641,1.52
1787726844.693,7015,19.8,51618,10.9414,1.52
1787726844.713,7016,19.9,51363,10.9635,1.52
1787726844.734,7017,21.0,48709,10.9518,1.52
1787726844.756,7018,21.3,48140,10.9103,1.52
1787726844.777,7019,21.0,48748,10.9379,1.52
1787726844.798,7020,21.3,48022,10.9181,1.52
1787726844.820,7021,21.2,48321,10.9261,1.52
1787726844.841,7022,21.1,48625,10.9447,1.52
1787726844.862,7023,21.1,48515,10.9533,1.52
1787726844.884,7024,21.2,48273,10.9514,1.52
1787726844.905,7025,21.1,48619,10.9375,1.52
1787726844.926,7026,21.2,48263,10.9591,1.52
1787726844.948,7027,21.0,48647,10.9684,1.52
1787726844.969,7028,21.1,48564,10.9278,1.52
1787726844.990,7029,21.2,48346,10.9359,1.52
1787726845.012,7030,21.1,48469,10.9373,1.52
1787726845.046,7031,34.2,29971,10.9386,1.52
1787726845.080,7032,33.6,30485,10.9474,1.52
1787726845.101,7033,21.1,48609,10.9164,1.52
1787726845.122,7034,21.0,48785,10.9272,1.52
1787726845.144,7035,21.2,48379,10.9481,1.52
1787726845.166,7036,21.7,47083,10.9487,1.52
1787726845.188,7037,21.8,46900,10.9382,1.52
1787726845.210,7038,21.9,46860,10.9088,1.52
1787726845.233,7039,22.4,45707,10.9417,1.52
1787726845.267,7040,33.7,30426,10.9380,1.52
1787726845.301,7041,33.6,30482,10.9317,1.52
1787726845.335,7042,33.9,30179,10.9269,1.52
1787726845.371,7043,34.9,29315,10.9159,1.52
1787726845.404,7044,33.6,30519,10.9344,1.52
1787726845.439,7045,34.8,29464,10.9638,1.52
1787726845.474,7046,34.0,30096,10.9314,1.52
1787726845.494,7047,20.5,50042,10.9296,1.52
1787726845.514,7048,19.2,53215,10.9295,1.52
1787726845.533,7049,18.9,54107,10.9651,1.52
1787726845.552,7050,18.9,54106,10.9332,1.52
1787726845.572,7051,19.8,51656,10.9568,1.52
1787726845.595,7052,22.9,44714,10.9470,1.52
1787726845.617,7053,21.8,47002,10.9491,1.52
1787726845.639,7054,21.9,46693,10.9451,1.52
1787726845.661,7055,21.7,47238,10.9544,1.52
1787726845.683,7056,21.9,46843,10.9292,1.52
1787726845.706,7057,22.3,45953,10.9797,1.52
1787726845.729,7058,23.6,43329,10.9264,1.52
1787726845.764,7059,34.3,29835,10.9649,1.52
1787726845.798,7060,33.8,30276,10.9274,1.52
1787726845.831,7061,33.1,30953,10.9342,1.52
1787726845.865,7062,33.7,30383,10.9379,1.52
1787726845.900,7063,34.9,29322,10.9613,1.52
1787726845.936,7064,34.8,29385,10.9278,1.52
1787726845.971,7065,35.1,29174,10.9328,1.52
1787726846.006,7066,34.6,29564,10.9454,1.52
1787726846.041,7067,34.8,29389,10.9570,1.52
1787726846.074,7068,32.9,31096,10.9488,1.52
1787726846.109,7069,34.3,29852,10.8973,1.52
1787726846.134,7070,24.9,41093,10.9283,1.52
1787726846.154,7071,19.8,51750,10.9236,1.52
1787726846.174,7072,19.5,52388,10.9310,1.52
1787726846.194,7073,19.8,51808,10.9722,1.52
1787726846.215,7074,21.3,48132,10.9004,1.52
1787726846.236,7075,21.1,48530,10.9381,1.52
1787726846.258,7076,21.2,48255,10.9284,1.52
1787726846.279,7077,21.3,48143,10.9151,1.52
1787726846.301,7078,21.0,48795,10.9095,1.52
1787726846.322,7079,20.9,48890,10.9429,1.52
1787726846.343,7080,21.0,48700,10.9478,1.52
1787726846.378,7081,34.4,29757,10.9261,1.52
1787726846.412,7082,34.2,29963,10.9627,1.52
1787726846.433,7083,21.2,48389,10.9419,1.52
1787726846.454,7084,20.8,49341,10.9348,1.52
1787726846.476,7085,21.1,48525,10.9388,1.52
1787726846.497,7086,21.1,48598,10.9475,1.52
1787726846.518,7087,21.0,48817,10.9373,1.52
1787726846.539,7088,21.2,48262,10.9487,1.52
1787726846.562,7089,22.3,45967,10.9714,1.52
1787726846.598,7090,35.9,28533,10.9328,1.52
1787726846.636,7091,38.0,26982,10.9171,1.52
1787726846.672,7092,35.9,28504,10.9334,1.52
1787726846.709,7093,37.0,27700,10.9527,1.52
1787726846.746,7094,37.1,27630,10.9488,1.52
1787726846.784,7095,37.5,27298,10.9444,1.52
1787726846.822,7096,37.6,27219,10.9543,1.52
1787726846.858,7097,36.4,28108,10.9342,1.52
1787726846.895,7098,36.9,27730,10.9472,1.52
1787726846.933,7099,37.0,27672,10.9763,1.52
1787726846.970,7100,37.0,27653,10.9467,1.52
1787726847.006,7101,35.9,28531,10.9071,1.52
1787726847.043,7102,37.3,27461,10.9399,1.52
1787726847.080,7103,36.6,28016,10.9108,1.52
1787726847.116,7104,36.4,28124,10.9724,1.52
1787726847.154,7105,37.5,27300,10.9083,1.52
1787726847.192,7106,38.0,26954,10.9240,1.52
1787726847.228,7107,36.1,28364,10.9161,1.52
1787726847.265,7108,36.5,28038,10.9582,1.52
1787726847.303,7109,37.5,27304,10.9378,1.52
1787726847.340,7110,36.9,27747,10.9375,1.52
1787726847.378,7111,38.1,26859,10.9403,1.52
1787726847.416,7112,38.1,26901,10.9321,1.52
1787726847.452,7113,36.0,28468,10.9420,1.52
1787726847.489,7114,37.1,27638,10.9435,1.52
1787726847.527,7115,37.7,27175,10.9456,1.52
1787726847.565,7116,37.6,27219,10.9308,1.52
1787726847.602,7117,36.5,28065,10.9473,1.52
1787726847.639,7118,37.7,27188,10.9264,1.52
1787726847.677,7119,37.8,27091,10.9523,1.52
1787726847.716,7120,38.5,26577,10.9498,1.52
1787726847.753,7121,36.4,28112,10.9776,1.52
1787726847.787,7122,33.6,30455,10.9278,1.52
1787726847.806,7123,19.4,52696,10.9575,1.52
1787726847.826,7124,19.8,51673,10.9185,1.52
1787726847.846,7125,19.6,52250,10.9346,1.52
1787726847.867,7126,20.1,50984,10.9268,1.52
1787726847.888,7127,21.1,48577,10.9279,1.52
1787726847.909,7128,21.2,48281,10.9341,1.52
1787726847.931,7129,21.1,48593,10.9650,1.52
1787726847.952,7130,21.1,48435,10.9224,1.52
1787726847.973,7131,21.3,48084,10.9643,1.52
1787726847.995,7132,21.3,48073,10.9183,1.52
1787726848.024,7133,28.9,35480,10.9340,1.52
1787726848.066,7134,41.6,24618,10.9189,1.52
1787726848.106,7135,39.5,25934,10.9486,1.52
1787726848.145,7136,38.9,26333,10.9448,1.52
1787726848.184,7137,38.7,26476,10.9662,1.52
1787726848.223,7138,38.7,26471,10.9316,1.52
1787726848.261,7139,38.2,26782,10.9413,1.52
1787726848.300,7140,38.2,26801,10.9339,1.52
1787726848.328,7141,28.5,35877,10.9182,1.52
1787726848.349,7142,19.8,51723,10.9441,1.52
1787726848.369,7143,19.7,51969,10.9365,1.52
1787726848.388,7144,19.6,52265,10.9324,1.52
1787726848.410,7145,21.1,48522,10.9574,1.52
1787726848.431,7146,21.1,48499,10.9445,1.52
1787726848.452,7147,21.1,48579,10.9638,1.52
1787726848.474,7148,21.2,48367,10.9370,1.52
1787726848.495,7149,20.9,48894,10.9163,1.52
1787726848.516,7150,21.3,48174,10.9317,1.52
1787726848.537,7151,21.0,48748,10.9140,1.52
1787726848.576,7152,38.1,26851,10.9587,1.52
1787726848.598,7153,22.2,46038,10.9248,1.52
1787726848.620,7154,21.3,48093,10.9328,1.52
1787726848.641,7155,21.3,47972,10.9536,1.52
1787726848.663,7156,21.2,48304,10.9431,1.52
1787726848.684,7157,21.2,48375,10.9238,1.52
1787726848.705,7158,21.1,48493,10.9527,1.52
1787726848.729,7159,23.2,44230,10.9547,1.52
1787726848.767,7160,38.0,26978,10.9639,1.52
1787726848.800,7161,33.3,30748,10.9344,1.52
1787726848.835,7162,34.3,29840,10.9742,1.52
1787726848.870,7163,34.9,29371,10.9249,1.52
1787726848.895,7164,25.0,40922,10.9521,1.52
1787726848.916,7165,21.1,48534,10.9342,1.52
1787726848.937,7166,21.1,48611,10.9146,1.52
1787726848.959,7167,21.0,48731,10.9490,1.52
1787726848.980,7168,21.4,47930,10.9175,1.52
1787726849.002,7169,21.1,48457,10.9418,1.52
1787726849.023,7170,21.1,48497,10.9171,1.52
1787726849.054,7171,30.7,33346,10.9330,1.52
1787726849.085,7172,30.8,33280,10.9184,1.52
1787726849.106,7173,21.1,48454,10.9236,1.52
1787726849.127,7174,21.0,48659,10.9382,1.52
1787726849.148,7175,20.8,49127,10.9163,1.52
1787726849.170,7176,21.1,48605,10.9473,1.52
1787726849.191,7177,21.0,48712,10.9532,1.52
1787726849.212,7178,21.0,48667,10.9861,1.52
1787726849.237,7179,25.1,40867,10.9186,1.52
1787726849.269,7180,31.7,32353,10.9407,1.52
1787726849.290,7181,21.1,48570,10.9635,1.52
1787726849.312,7182,21.1,48578,10.9588,1.52
1787726849.333,7183,21.3,48032,10.9234,1.52
1787726849.355,7184,21.3,48101,10.9282,1.52
1787726849.376,7185,21.0,48853,10.9376,1.52
1787726849.397,7186,21.3,48157,10.9218,1.52
1787726849.427,7187,29.5,34681,10.9399,1.52
1787726849.467,7188,39.7,25819,10.9350,1.52
1787726849.505,7189,38.1,26903,10.9495,1.52
1787726849.543,7190,38.0,26917,10.9534,1.52
1787726849.580,7191,37.3,27439,10.9457,1.52
1787726849.619,7192,37.9,27041,10.9547,1.52
1787726849.656,7193,37.5,27283,10.9683,1.52
1787726849.693,7194,37.0,27665,10.9060,1.52
1787726849.731,7195,37.3,27428,10.9233,1.52
1787726849.768,7196,36.9,27770,10.9680,1.52
1787726849.805,7197,37.4,27364,10.9456,1.52
1787726849.843,7198,37.2,27534,10.9512,1.52
1787726849.881,7199,37.9,27014,10.9363,1.52
1787726849.918,7200,37.1,27613,10.9481,1.52
1787726849.953,7201,34.7,29514,10.9394,1.52
1787726849.988,7202,34.9,29342,10.9585,1.52
1787726850.022,7203,33.9,30239,10.9848,1.52
1787726850.057,7204,34.9,29343,10.9216,1.52
1787726850.091,7205,34.3,29834,10.9470,1.52
1787726850.127,7206,34.8,29423,10.9211,1.52
1787726850.162,7207,34.6,29586,10.9440,1.52
1787726850.197,7208,34.6,29583,10.9596,1.52
1787726850.233,7209,35.9,28510,10.8968,1.52
1787726850.267,7210,33.9,30176,10.9398,1.52
1787726850.302,7211,34.2,29915,10.9516,1.52
1787726850.336,7212,34.1,29997,10.9204,1.52
1787726850.371,7213,35.1,29167,10.9156,1.52
1787726850.406,7214,34.9,29369,10.9563,1.52
1787726850.428,7215,22.1,46391,10.9573,1.52
1787726850.448,7216,19.7,52019,10.9251,1.52
1787726850.469,7217,19.8,51842,10.9201,1.52
1787726850.488,7218,19.7,52027,10.9503,1.52
1787726850.510,7219,21.2,48284,10.9280,1.52
1787726850.532,7220,21.4,47830,10.9465,1.52
1787726850.553,7221,21.3,47964,10.9208,1.52
1787726850.575,7222,21.5,47624,10.9262,1.52
1787726850.597,7223,21.5,47649,10.9352,1.52
1787726850.618,7224,21.5,47592,10.9301,1.52
1787726850.644,7225,25.1,40777,10.9353,1.52
1787726850.675,7226,30.7,33368,10.9363,1.52
1787726850.697,7227,21.6,47326,10.9299,1.52
1787726850.718,7228,21.5,47716,10.9433,1.52
1787726850.740,7229,21.3,48183,10.9382,1.52
1787726850.761,7230,21.1,48575,10.9467,1.52
1787726850.783,7231,21.1,48472,10.9537,1.52
1787726850.804,7232,21.4,47926,10.9472,1.52
1787726850.826,7233,21.2,48300,10.9271,1.52
1787726850.859,7234,33.0,31063,10.9520,1.52
1787726850.897,7235,37.6,27219,10.9209,1.52
1787726850.935,7236,38.1,26901,10.9521,1.52
1787726850.962,7237,26.7,38412,10.9373,1.52
1787726850.982,7238,19.8,51734,10.9727,1.52
1787726851.002,7239,19.7,52084,10.9307,1.52
1787726851.022,7240,19.8,51844,10.9439,1.52
1787726851.042,7241,19.9,51577,10.9297,1.52
1787726851.063,7242,21.0,48720,10.9232,1.52
1787726851.085,7243,21.4,47862,10.9295,1.52
1787726851.107,7244,21.8,46979,10.9398,1.52
1787726851.129,7245,21.1,48562,10.9317,1.52
1787726851.150,7246,21.3,48062,10.9472,1.52
1787726851.171,7247,21.1,48420,10.9520,1.52
1787726851.193,7248,21.2,48292,10.9567,1.52
1787726851.230,7249,37.2,27553,10.9529,1.52
1787726851.252,7250,21.6,47310,10.9337,1.52
1787726851.274,7251,21.4,47754,10.9498,1.52
1787726851.295,7252,21.3,48079,10.9386,1.52
1787726851.317,7253,21.4,47846,10.9659,1.52
1787726851.339,7254,21.3,48085,10.9389,1.52
1787726851.360,7255,21.3,48184,10.9365,1.52
1787726851.388,7256,27.7,36970,10.9407,1.52
1787726851.420,7257,32.2,31776,10.9408,1.52
1787726851.442,7258,21.3,48073,10.9158,1.52
1787726851.464,7259,22.2,46055,10.9305,1.52
1787726851.486,7260,21.1,48543,10.9349,1.52
1787726851.507,7261,21.6,47467,10.9355,1.52
1787726851.529,7262,21.4,47745,10.9216,1.52
1787726851.551,7263,21.3,48030,10.9151,1.52
1787726851.572,7264,21.4,47919,10.9040,1.52
1787726851.594,7265,21.2,48212,10.9473,1.52
1787726851.615,7266,21.4,47911,10.9375,1.52
1787726851.637,7267,21.4,47862,10.9277,1.52
1787726851.658,7268,21.3,48188,10.9560,1.52
1787726851.680,7269,21.2,48190,10.9239,1.52
1787726851.701,7270,21.3,48019,10.9258,1.52
1787726851.753,7271,51.9,19724,10.9322,1.52
1787726851.796,7272,42.8,23903,10.9496,1.52
1787726851.838,7273,41.7,24536,10.9302,1.52
1787726851.880,7274,42.1,24341,10.9064,1.52
1787726851.922,7275,41.2,24842,10.9299,1.52
1787726851.963,7276,41.5,24670,10.9370,1.52
1787726852.005,7277,41.2,24864,10.9320,1.52
1787726852.046,7278,40.9,25018,10.9617,1.52
1787726852.087,7279,40.8,25088,10.9236,1.52
1787726852.129,7280,42.6,24011,10.9182,1.52
1787726852.171,7281,41.2,24857,10.9541,1.52
1787726852.213,7282,41.9,24454,10.9231,1.52
1787726852.254,7283,41.3,24784,10.9568,1.52
1787726852.296,7284,41.8,24516,10.9347,1.52
1787726852.339,7285,42.7,23956,10.9422,1.52
1787726852.381,7286,41.6,24590,10.9234,1.52
1787726852.411,7287,30.4,33645,10.9451,1.52
1787726852.434,7288,21.9,46779,10.9588,1.52
1787726852.455,7289,21.3,48120,10.9381,1.52
1787726852.476,7290,21.2,48402,10.9509,1.52
1787726852.498,7291,21.3,48171,10.9336,1.52
1787726852.519,7292,21.2,48196,10.9330,1.52
1787726852.541,7293,21.3,48045,10.9322,1.52
1787726852.573,7294,32.0,31963,10.9179,1.52
1787726852.614,7295,41.0,24984,10.9559,1.52
1787726852.656,7296,42.0,24363,10.9119,1.52
1787726852.698,7297,41.5,24695,10.9499,1.52
1787726852.741,7298,42.2,24285,10.9304,1.52
1787726852.783,7299,42.1,24324,10.9455,1.52
1787726852.826,7300,42.3,24195,10.9220,1.52
1787726852.869,7301,42.5,24121,10.9185,1.52
1787726852.908,7302,39.3,26073,10.9439,1.52
1787726852.948,7303,39.4,25990,10.9381,1.52
1787726852.973,7304,24.6,41695,10.9282,1.52
1787726852.994,7305,20.6,49794,10.9442,1.52
1787726853.014,7306,20.2,50627,10.9239,1.52
1787726853.035,7307,20.3,50338,10.9373,1.52
1787726853.055,7308,20.0,51101,10.9621,1.52
1787726853.076,7309,20.0,51197,10.9661,1.52
1787726853.095,7310,19.4,52892,10.9561,1.52
1787726853.119,7311,23.9,42803,10.9461,1.52
1787726853.139,7312,19.2,53281,10.9203,1.52
1787726853.158,7313,19.2,53441,10.9607,1.52
1787726853.177,7314,19.1,53554,10.9824,1.52
1787726853.197,7315,19.6,52247,10.9285,1.52
1787726853.219,7316,21.3,48035,10.9253,1.52
1787726853.240,7317,21.2,48224,10.9286,1.52
1787726853.261,7318,21.1,48548,10.9352,1.52
1787726853.283,7319,21.1,48552,10.9460,1.52
1787726853.304,7320,21.1,48567,10.9591,1.52
1787726853.326,7321,21.3,48044,10.9305,1.52
1787726853.356,7322,29.8,34359,10.9449,1.52
1787726853.396,7323,40.0,25630,10.9578,1.52
1787726853.437,7324,41.0,24946,10.9304,1.52
1787726853.476,7325,38.6,26519,10.9303,1.52
1787726853.515,7326,38.2,26829,10.9542,1.52
1787726853.548,7327,32.6,31364,10.9270,1.52
1787726853.568,7328,19.9,51413,10.9280,1.52
1787726853.589,7329,20.2,50766,10.9241,1.52
1787726853.609,7330,19.7,51905,10.9490,1.52
1787726853.629,7331,20.1,50895,10.9521,1.52
1787726853.650,7332,21.1,48453,10.9384,1.52
1787726853.672,7333,21.2,48252,10.9575,1.52
1787726853.693,7334,21.0,48678,10.9490,1.52
1787726853.715,7335,21.4,47842,10.9524,1.52
1787726853.736,7336,21.1,48474,10.9381,1.52
1787726853.757,7337,21.1,48432,10.9282,1.52
1787726853.786,7338,28.1,36416,10.9314,1.52
1787726853.814,7339,28.1,36473,10.9590,1.52
1787726853.834,7340,19.7,51991,10.9296,1.52
1787726853.854,7341,19.5,52399,10.9524,1.52
1787726853.874,7342,19.5,52448,10.9197,1.52
1787726853.894,7343,20.4,50304,10.9242,1.52
1787726853.916,7344,21.7,47170,10.9254,1.52
1787726853.938,7345,21.4,47782,10.9223,1.52
1787726853.959,7346,21.6,47500,10.9280,1.52
1787726853.981,7347,21.4,47871,10.9558,1.52
1787726854.003,7348,21.5,47730,10.9571,1.52
1787726854.024,7349,21.3,48090,10.9644,1.52
1787726854.059,7350,34.9,29318,10.9082,1.52
1787726854.099,7351,39.0,26263,10.9323,1.52
1787726854.123,7352,24.2,42257,10.9298,1.52
1787726854.147,7353,23.5,43629,10.9365,1.52
1787726854.173,7354,25.5,40198,10.9359,1.52
1787726854.198,7355,24.8,41212,10.9391,1.52
1787726854.220,7356,21.5,47623,10.9327,1.52
1787726854.244,7357,23.6,43412,10.9448,1.52
1787726854.278,7358,34.2,29902,10.9532,1.52
1787726854.318,7359,40.1,25535,10.9490,1.52
1787726854.360,7360,41.2,24831,10.9363,1.52
1787726854.400,7361,40.0,25631,10.9684,1.52
1787726854.440,7362,39.6,25865,10.9322,1.52
1787726854.467,7363,26.8,38169,10.9285,1.52
1787726854.487,7364,19.6,52302,10.9568,1.52
1787726854.507,7365,19.7,51944,10.9261,1.52
1787726854.527,7366,19.6,52337,10.9357,1.52
1787726854.548,7367,21.2,48360,10.9461,1.52
1787726854.570,7368,21.3,48053,10.9470,1.52
1787726854.592,7369,21.5,47669,10.9338,1.52
1787726854.613,7370,21.6,47474,10.9035,1.52
1787726854.635,7371,21.3,48054,10.9834,1.52
1787726854.656,7372,21.4,47954,10.9481,1.52
1787726854.683,7373,26.0,39447,10.9611,1.52
1787726854.723,7374,40.3,25378,10.9322,1.52
1787726854.764,7375,40.7,25180,10.9429,1.52
1787726854.805,7376,41.5,24680,10.9031,1.52
1787726854.846,7377,40.5,25283,10.9172,1.52
1787726854.887,7378,41.1,24897,10.9619,1.52
1787726854.930,7379,42.8,23923,10.9309,1.52
1787726854.972,7380,41.4,24763,10.9374,1.52
1787726855.014,7381,42.0,24405,10.9331,1.52
1787726855.056,7382,41.7,24569,10.9282,1.52
1787726855.098,7383,42.4,24155,10.9521,1.52
1787726855.140,7384,41.5,24698,10.9368,1.52
1787726855.181,7385,41.1,24940,10.9103,1.52
1787726855.224,7386,42.6,24020,10.9328,1.52
1787726855.265,7387,41.4,24725,10.9306,1.52
1787726855.307,7388,41.0,24961,10.9542,1.52
1787726855.348,7389,41.2,24825,10.9098,1.52
1787726855.389,7390,41.1,24928,10.9351,1.52
1787726855.431,7391,42.1,24339,10.9669,1.52
1787726855.473,7392,42.0,24366,10.9279,1.52
1787726855.515,7393,41.6,24628,10.9398,1.52
1787726855.546,7394,30.7,33383,10.9380,1.52
1787726855.567,7395,20.6,49775,10.9608,1.52
1787726855.588,7396,21.3,48187,10.9270,1.52
1787726855.610,7397,21.3,48048,10.9338,1.52
1787726855.631,7398,21.1,48526,10.9498,1.52
1787726855.653,7399,21.3,48012,10.9592,1.52
1787726855.674,7400,21.1,48541,10.9170,1.52
1787726855.701,7401,27.3,37529,10.9300,1.52
1787726855.735,7402,33.3,30749,10.9248,1.52
1787726855.756,7403,21.3,48030,10.9517,1.52
1787726855.778,7404,21.3,48139,10.9190,1.52
1787726855.799,7405,21.2,48211,10.9476,1.52
1787726855.821,7406,21.4,47956,10.9284,1.52
1787726855.842,7407,21.3,48121,10.9401,1.52
1787726855.864,7408,21.3,48114,10.9589,1.52
1787726855.889,7409,24.8,41285,10.9648,1.52
1787726855.929,7410,40.4,25336,10.9746,1.52
1787726855.971,7411,41.2,24877,10.9585,1.52
1787726856.012,7412,41.0,24989,10.9696,1.52
1787726856.037,7413,24.8,41312,10.9368,1.52
1787726856.059,7414,21.4,47767,10.9369,1.52
1787726856.080,7415,21.0,48779,10.9030,1.52
1787726856.101,7416,21.1,48623,10.9310,1.52
1787726856.122,7417,21.1,48516,10.9320,1.52
1787726856.144,7418,21.2,48357,10.9295,1.52
1787726856.165,7419,21.1,48599,10.9619,1.52
1787726856.201,7420,35.3,28969,10.9577,1.52
1787726856.226,7421,25.3,40550,10.9234,1.52
1787726856.247,7422,21.3,48037,10.9032,1.52
1787726856.269,7423,21.3,47966,10.9328,1.52
1787726856.290,7424,21.1,48523,10.9177,1.52
1787726856.311,7425,20.9,48963,10.9627,1.52
1787726856.333,7426,21.0,48675,10.9395,1.52
1787726856.354,7427,21.2,48373,10.9378,1.52
1787726856.390,7428,35.4,28909,10.9633,1.52
1787726856.414,7429,24.5,41877,10.9194,1.52
1787726856.436,7430,21.3,48105,10.9354,1.52
1787726856.457,7431,20.9,48990,10.9564,1.52
1787726856.478,7432,21.2,48310,10.9257,1.52
1787726856.499,7433,21.0,48756,10.9588,1.52
1787726856.521,7434,21.2,48340,10.9279,1.52
1787726856.542,7435,21.3,48093,10.9225,1.52
1787726856.563,7436,20.9,48930,10.9335,1.52
1787726856.585,7437,21.2,48353,10.9266,1.52
1787726856.606,7438,21.0,48754,10.9270,1.52
1787726856.627,7439,21.1,48513,10.9502,1.52
1787726856.649,7440,21.0,48649,10.9109,1.52
1787726856.670,7441,21.0,48720,10.9459,1.52
1787726856.691,7442,20.9,48969,10.9223,1.52
1787726856.744,7443,52.9,19355,10.9485,1.52
1787726856.786,7444,41.4,24751,10.9319,1.52
1787726856.827,7445,41.1,24902,10.9427,1.52
1787726856.870,7446,42.0,24367,10.9182,1.52
1787726856.912,7447,42.4,24158,10.9306,1.52
1787726856.954,7448,41.9,24456,10.9444,1.52
1787726856.998,7449,43.1,23750,10.9393,1.52
1787726857.040,7450,42.2,24289,10.9246,1.52
1787726857.081,7451,40.8,25078,10.9003,1.52
1787726857.123,7452,41.4,24723,10.9356,1.52
1787726857.164,7453,41.6,24589,10.9422,1.52
1787726857.206,7454,41.7,24582,10.9203,1.52
1787726857.248,7455,41.9,24464,10.9259,1.52
1787726857.290,7456,41.6,24623,10.9355,1.52
1787726857.332,7457,41.6,24622,10.9115,1.52
1787726857.373,7458,41.4,24721,10.9340,1.52
1787726857.402,7459,28.6,35854,10.9266,1.52
1787726857.424,7460,21.7,47236,10.9286,1.52
1787726857.445,7461,21.3,47987,10.9271,1.52
1787726857.467,7462,21.5,47723,10.9096,1.52
1787726857.489,7463,21.2,48222,10.9495,1.52
1787726857.510,7464,21.4,47749,10.9033,1.52
1787726857.532,7465,21.3,47991,10.9565,1.52
1787726857.571,7466,39.2,26141,10.9215,1.52
1787726857.614,7467,42.2,24251,10.9332,1.52
1787726857.655,7468,40.7,25147,10.9564,1.52
1787726857.697,7469,41.7,24536,10.9412,1.52
1787726857.739,7470,42.2,24238,10.9433,1.52
1787726857.782,7471,42.0,24371,10.9413,1.52
1787726857.824,7472,41.9,24468,10.9237,1.52
1787726857.865,7473,41.3,24781,10.9283,1.52
1787726857.908,7474,42.3,24220,10.9521,1.52
1787726857.946,7475,38.3,26722,10.9523,1.52
1787726857.965,7476,19.1,53642,10.9434,1.52
1787726857.986,7477,19.9,51400,10.9356,1.52
1787726858.006,7478,19.7,51988,10.9575,1.52
1787726858.026,7479,19.9,51469,10.9289,1.52
1787726858.048,7480,21.7,47285,10.9345,1.52
1787726858.069,7481,21.5,47543,10.9485,1.52
1787726858.091,7482,21.5,47535,10.9469,1.52
1787726858.113,7483,21.5,47637,10.9647,1.52
1787726858.134,7484,21.4,47954,10.9551,1.52
1787726858.156,7485,21.5,47653,10.9238,1.52
1787726858.187,7486,30.6,33460,10.9342,1.52
1787726858.229,7487,42.0,24362,10.9482,1.52
1787726858.271,7488,41.9,24413,10.9348,1.52
1787726858.313,7489,41.4,24723,10.9384,1.52
1787726858.354,7490,41.2,24859,10.9381,1.52
1787726858.388,7491,33.7,30363,10.9185,1.52
1787726858.408,7492,19.9,51392,10.9370,1.52
1787726858.428,7493,19.8,51813,10.9325,1.52
1787726858.448,7494,19.7,51966,10.9387,1.52
1787726858.469,7495,20.4,50276,10.9276,1.52
1787726858.490,7496,21.0,48839,10.9323,1.52
1787726858.511,7497,21.1,48622,10.9127,1.52
1787726858.533,7498,21.1,48519,10.9262,1.52
1787726858.554,7499,21.1,48481,10.9241,1.52
1787726858.575,7500,21.2,48345,10.9223,1.52
1787726858.597,7501,21.0,48769,10.9489,1.52
1787726858.626,7502,29.1,35247,10.9360,1.52
1787726858.665,7503,38.7,26476,10.9352,1.52
1787726858.704,7504,38.6,26525,10.9360,1.52
1787726858.742,7505,38.8,26411,10.9524,1.52
1787726858.764,7506,21.7,47089,10.9576,1.52
1787726858.786,7507,21.3,48143,10.9190,1.52
1787726858.807,7508,21.2,48240,10.9287,1.52
1787726858.829,7509,21.1,48643,10.9261,1.52
1787726858.850,7510,21.2,48320,10.9627,1.52
1787726858.871,7511,21.0,48735,10.9557,1.52
1787726858.894,7512,22.3,46003,10.9151,1.52
1787726858.934,7513,39.9,25685,10.9527,1.52
1787726858.973,7514,39.7,25808,10.9435,1.52
1787726859.015,7515,41.0,24959,10.9599,1.52
1787726859.054,7516,39.2,26104,10.9404,1.52
1787726859.080,7517,25.9,39489,10.9641,1.52
1787726859.101,7518,21.0,48723,10.9402,1.52
1787726859.122,7519,21.0,48670,10.9466,1.52
1787726859.144,7520,21.1,48435,10.9290,1.52
1787726859.165,7521,21.3,47978,10.9199,1.52
1787726859.187,7522,21.1,48457,10.9609,1.52
1787726859.208,7523,21.3,47995,10.9574,1.52
1787726859.244,7524,35.9,28485,10.9308,1.52
1787726859.284,7525,39.9,25671,10.9144,1.52
1787726859.324,7526,39.5,25949,10.9605,1.52
1787726859.364,7527,40.3,25405,10.9230,1.52
1787726859.405,7528,40.5,25313,10.9314,1.52
1787726859.446,7529,40.6,25243,10.9312,1.52
1787726859.487,7530,40.8,25124,10.9644,1.52
1787726859.526,7531,39.6,25880,10.9504,1.52
1787726859.553,7532,26.8,38209,10.9524,1.52
1787726859.575,7533,21.5,47694,10.9182,1.52
1787726859.596,7534,21.3,48132,10.9480,1.52
1787726859.618,7535,21.2,48400,10.9246,1.52
1787726859.639,7536,21.0,48824,10.9543,1.52
1787726859.660,7537,21.0,48665,10.9481,1.52
1787726859.682,7538,21.1,48531,10.9292,1.52
1787726859.717,7539,35.3,29038,10.9363,1.52
1787726859.759,7540,41.6,24592,10.9157,1.52
1787726859.801,7541,41.8,24502,10.9305,1.52
1787726859.844,7542,43.6,23498,10.9300,1.52
1787726859.886,7543,41.6,24608,10.9478,1.52
1787726859.927,7544,40.8,25082,10.9482,1.52
1787726859.970,7545,42.5,24094,10.9320,1.52
1787726860.013,7546,42.7,24007,10.9564,1.52
1787726860.055,7547,41.4,24743,10.9227,1.52
1787726860.096,7548,41.4,24752,10.9163,1.52
1787726860.138,7549,41.8,24513,10.9476,1.52
1787726860.180,7550,41.4,24711,10.9435,1.52
1787726860.219,7551,38.5,26564,10.9246,1.52
1787726860.238,7552,19.0,53907,10.9302,1.52
1787726860.258,7553,19.7,51973,10.9342,1.52
1787726860.278,7554,19.5,52441,10.9359,1.52
1787726860.298,7555,19.9,51434,10.9380,1.52
1787726860.319,7556,21.3,48038,10.9446,1.52
1787726860.341,7557,21.4,47798,10.9531,1.52
1787726860.362,7558,21.1,48591,10.9377,1.52
1787726860.384,7559,21.2,48191,10.9155,1.52
1787726860.405,7560,21.2,48221,10.9374,1.52
1787726860.426,7561,21.2,48272,10.9412,1.52
1787726860.453,7562,26.4,38799,10.9404,1.52
1787726860.488,7563,34.3,29834,10.9374,1.52
1787726860.509,7564,21.5,47706,10.9229,1.52
1787726860.531,7565,21.8,46975,10.9439,1.52
1787726860.553,7566,21.0,48856,10.9446,1.52
1787726860.574,7567,21.1,48508,10.9326,1.52
1787726860.595,7568,21.0,48737,10.9516,1.52
1787726860.616,7569,21.1,48619,10.9399,1.52
1787726860.637,7570,20.8,49177,10.9327,1.52
1787726860.666,7571,28.9,35413,10.9216,1.52
1787726860.708,7572,40.9,25042,10.9259,1.52
1787726860.750,7573,41.7,24562,10.9624,1.52
1787726860.791,7574,41.1,24929,10.9538,1.52
1787726860.829,7575,38.2,26834,10.9224,1.52
1787726860.863,7576,33.4,30626,10.9291,1.52
1787726860.884,7577,20.3,50465,10.9528,1.52
1787726860.903,7578,19.5,52560,10.9538,1.52
1787726860.923,7579,19.5,52554,10.9550,1.52
1787726860.943,7580,20.0,51152,10.9492,1.52
1787726860.965,7581,21.7,47220,10.9468,1.52
1787726860.988,7582,21.9,46780,10.9356,1.52
1787726861.009,7583,20.9,48922,10.9485,1.52
1787726861.030,7584,21.2,48411,10.9051,1.52
1787726861.051,7585,21.0,48801,10.9408,1.52
1787726861.073,7586,21.2,48341,10.9339,1.52
1787726861.097,7587,24.5,41860,10.9370,1.52
1787726861.132,7588,34.2,29904,10.9449,1.52
1787726861.153,7589,21.0,48738,10.9187,1.52
1787726861.174,7590,21.1,48451,10.9146,1.52
1787726861.196,7591,21.2,48410,10.9389,1.52
1787726861.217,7592,21.1,48548,10.9312,1.52
1787726861.238,7593,21.2,48299,10.9369,1.52
1787726861.260,7594,21.2,48216,10.9351,1.52
1787726861.281,7595,21.2,48342,10.9340,1.52
1787726861.304,7596,22.2,46055,10.9933,1.52
1787726861.325,7597,21.0,48752,10.9822,1.52
1787726861.346,7598,21.1,48461,10.9478,1.52
1787726861.368,7599,21.2,48248,10.9320,1.52
1787726861.389,7600,21.1,48485,10.9415,1.52
1787726861.410,7601,21.2,48271,10.9120,1.52
1787726861.432,7602,21.2,48302,10.9561,1.52
1787726861.453,7603,21.3,47985,10.9486,1.52
1787726861.475,7604,21.2,48393,10.9288,1.52
1787726861.496,7605,21.1,48546,10.9533,1.52
1787726861.517,7606,21.2,48340,10.9467,1.52
1787726861.539,7607,21.2,48275,10.9320,1.52
1787726861.560,7608,21.1,48591,10.9369,1.52
1787726861.591,7609,31.1,32933,10.9410,1.52
1787726861.642,7610,50.2,20385,10.9563,1.52
1787726861.684,7611,41.8,24506,10.9301,1.52
1787726861.727,7612,42.6,24019,10.9453,1.52
1787726861.770,7613,43.0,23792,10.9473,1.52
1787726861.812,7614,42.1,24348,10.9200,1.52
1787726861.853,7615,40.6,25249,10.9422,1.52
1787726861.894,7616,41.4,24732,10.9606,1.52
1787726861.936,7617,41.8,24483,10.9126,1.52
1787726861.977,7618,41.0,24981,10.9173,1.52
1787726862.019,7619,41.9,24414,10.9244,1.52
1787726862.061,7620,41.1,24886,10.9729,1.52
1787726862.104,7621,43.0,23821,10.9629,1.52
1787726862.145,7622,40.9,25042,10.9787,1.52
1787726862.186,7623,41.5,24657,10.9353,1.52
1787726862.224,7624,37.1,27585,10.9623,1.52
1787726862.245,7625,21.0,48716,10.9174,1.52
1787726862.266,7626,21.3,48034,10.9212,1.52
1787726862.288,7627,21.3,48162,10.9323,1.52
1787726862.310,7628,21.4,47758,10.9174,1.52
1787726862.331,7629,21.0,48726,10.9468,1.52
1787726862.353,7630,22.0,46591,10.9495,1.52
1787726862.379,7631,25.5,40217,10.9376,1.52
1787726862.419,7632,40.7,25152,10.9457,1.52
1787726862.462,7633,42.7,24003,10.9248,1.52
1787726862.504,7634,41.5,24697,10.9484,1.52
1787726862.546,7635,41.8,24494,10.9470,1.52
1787726862.588,7636,41.9,24411,10.9271,1.52
1787726862.629,7637,40.6,25236,10.9455,1.52
1787726862.671,7638,41.2,24868,10.9389,1.52
1787726862.714,7639,42.5,24084,10.9373,1.52
1787726862.756,7640,42.0,24358,10.9431,1.52
1787726862.790,7641,33.8,30283,10.9420,1.52
1787726862.812,7642,21.3,48150,10.9239,1.52
1787726862.833,7643,21.4,47895,10.9164,1.52
1787726862.855,7644,21.6,47442,10.9509,1.52
1787726862.877,7645,21.5,47690,10.9265,1.52
1787726862.898,7646,21.4,47780,10.9545,1.52
1787726862.920,7647,21.4,47847,10.9401,1.52
1787726862.953,7648,33.0,31001,10.9562,1.52
1787726862.995,7649,42.2,24271,10.9469,1.52
1787726863.036,7650,40.8,25115,10.9217,1.52
1787726863.078,7651,41.6,24605,10.9401,1.52
1787726863.121,7652,42.7,23999,10.9394,1.52
1787726863.152,7653,31.0,33032,10.9157,1.52
1787726863.174,7654,21.4,47942,10.9355,1.52
1787726863.195,7655,21.3,48131,10.9515,1.52
1787726863.216,7656,21.2,48197,10.9131,1.52
1787726863.238,7657,21.3,48032,10.9033,1.52
1787726863.260,7658,21.6,47396,10.9428,1.52
1787726863.281,7659,21.5,47685,10.9459,1.52
1787726863.317,7660,35.0,29224,10.9407,1.52
1787726863.359,7661,41.8,24507,10.9156,1.52
1787726863.400,7662,41.7,24584,10.9348,1.52
1787726863.431,7663,30.6,33492,10.9449,1.52
1787726863.452,7664,20.0,51127,10.9246,1.52
1787726863.472,7665,20.2,50719,10.9306,1.52
1787726863.494,7666,21.4,47924,10.9463,1.52
1787726863.514,7667,20.2,50801,10.9213,1.52
1787726863.535,7668,20.7,49543,10.9121,1.52
1787726863.555,7669,19.3,53131,10.9168,1.52
1787726863.574,7670,19.2,53428,10.9301,1.52
1787726863.593,7671,19.1,53516,10.9435,1.52
1787726863.613,7672,19.2,53405,10.9178,1.52
1787726863.632,7673,19.1,53587,10.9225,1.52
1787726863.653,7674,20.2,50794,10.9448,1.52
1787726863.674,7675,21.0,48777,10.9532,1.52
1787726863.695,7676,21.4,47902,10.9072,1.52
1787726863.717,7677,21.5,47669,10.9439,1.52
1787726863.739,7678,21.3,48007,10.9246,1.52
1787726863.760,7679,21.1,48469,10.9438,1.52
1787726863.781,7680,21.2,48297,10.9207,1.52
1787726863.821,7681,39.1,26159,10.9434,1.52
1787726863.863,7682,42.1,24328,10.9178,1.52
1787726863.905,7683,41.7,24545,10.9238,1.52
1787726863.946,7684,40.8,25122,10.9496,1.52
1787726863.973,7685,27.5,37195,10.9463,1.52
1787726863.995,7686,21.6,47427,10.9437,1.52
1787726864.017,7687,21.4,47860,10.9297,1.52
1787726864.038,7688,21.5,47713,10.9186,1.52
1787726864.060,7689,21.2,48339,10.9331,1.52
1787726864.082,7690,21.6,47334,10.9366,1.52
1787726864.103,7691,21.4,47873,10.9487,1.52
1787726864.142,7692,38.5,26612,10.9376,1.52
1787726864.184,7693,42.1,24346,10.9223,1.52
1787726864.225,7694,40.7,25183,10.9307,1.52
1787726864.267,7695,42.0,24387,10.9530,1.52
1787726864.310,7696,42.5,24100,10.9546,1.52
1787726864.352,7697,42.0,24377,10.9221,1.52
1787726864.394,7698,41.9,24423,10.9227,1.52
1787726864.434,7699,40.3,25434,10.9337,1.52
1787726864.456,7700,21.2,48390,10.9586,1.52
1787726864.476,7701,19.5,52580,10.9204,1.52
1787726864.496,7702,19.7,52015,10.9253,1.52
1787726864.516,7703,19.9,51440,10.9539,1.52
1787726864.536,7704,19.7,51914,10.9416,1.52
1787726864.558,7705,21.4,47775,10.9105,1.52
1787726864.580,7706,21.6,47429,10.9472,1.52
1787726864.601,7707,21.2,48211,10.9137,1.52
1787726864.622,7708,21.0,48687,10.9051,1.52
1787726864.644,7709,21.3,48016,10.9105,1.52
1787726864.665,7710,21.3,47985,10.9498,1.52
1787726864.690,7711,24.3,42089,10.9506,1.52
1787726864.730,7712,39.4,25986,10.9273,1.52
1787726864.772,7713,42.0,24376,10.9440,1.52
1787726864.812,7714,40.5,25277,10.9464,1.52
1787726864.855,7715,42.3,24199,10.9184,1.52
1787726864.896,7716,41.0,24959,10.9621,1.52
1787726864.937,7717,40.4,25364,10.9104,1.52
1787726864.979,7718,42.7,23999,10.9361,1.52
1787726865.020,7719,40.8,25091,10.9370,1.52
1787726865.061,7720,41.0,25002,10.9460,1.52
1787726865.102,7721,40.2,25499,10.9317,1.52
1787726865.144,7722,41.8,24523,10.9297,1.52
1787726865.185,7723,41.6,24630,10.9708,1.52
1787726865.220,7724,34.2,29957,10.9170,1.52
1787726865.242,7725,21.8,47076,10.9284,1.52
1787726865.264,7726,21.5,47736,10.9264,1.52
1787726865.285,7727,21.5,47553,10.9499,1.52
1787726865.307,7728,21.2,48325,10.9292,1.52
1787726865.328,7729,21.1,48565,10.9333,1.52
1787726865.349,7730,21.1,48494,10.9459,1.52
1787726865.377,7731,27.3,37461,10.9358,1.52
1787726865.410,7732,33.3,30777,10.9566,1.52
1787726865.432,7733,21.6,47408,10.9185,1.52
1787726865.454,7734,21.5,47597,10.9400,1.52
1787726865.476,7735,21.5,47591,10.9394,1.52
1787726865.498,7736,21.6,47321,10.9173,1.52
1787726865.519,7737,21.5,47703,10.9311,1.52
1787726865.541,7738,21.6,47422,10.9167,1.52
1787726865.575,7739,33.6,30484,10.9288,1.52
1787726865.617,7740,42.0,24373,10.9590,1.52
1787726865.660,7741,42.5,24088,10.9352,1.52
1787726865.701,7742,40.9,25023,10.9278,1.52
1787726865.744,7743,42.7,23961,10.9011,1.52
1787726865.774,7744,29.5,34709,10.9675,1.52
1787726865.796,7745,21.7,47251,10.9075,1.52
1787726865.818,7746,21.4,47772,10.9181,1.52
1787726865.839,7747,21.2,48284,10.9220,1.52
1787726865.861,7748,21.4,47800,10.9457,1.52
1787726865.882,7749,21.4,47917,10.9450,1.52
1787726865.903,7750,20.2,50648,10.9677,1.52
1787726865.922,7751,19.1,53509,10.9604,1.52
1787726865.942,7752,19.2,53309,10.9364,1.52
1787726865.961,7753,19.1,53511,10.8933,1.52
1787726865.980,7754,19.1,53574,10.9237,1.52
1787726865.999,7755,19.1,53639,10.9406,1.52
1787726866.019,7756,19.1,53512,10.9159,1.52
1787726866.038,7757,19.1,53512,10.9268,1.52
1787726866.057,7758,19.1,53546,10.9341,1.52
1787726866.084,7759,26.8,38225,10.9335,1.52
1787726866.116,7760,31.1,32963,10.9244,1.52
1787726866.137,7761,21.2,48190,10.9589,1.52
1787726866.159,7762,21.3,48106,10.9474,1.52
1787726866.180,7763,21.2,48415,10.9226,1.52
1787726866.201,7764,21.0,48855,10.9302,1.52
1787726866.223,7765,21.1,48499,10.9419,1.52
1787726866.244,7766,21.1,48467,10.9212,1.52
1787726866.265,7767,21.2,48344,10.9346,1.52
1787726866.287,7768,21.3,48065,10.9193,1.52
1787726866.308,7769,21.1,48602,10.9445,1.52
1787726866.329,7770,21.0,48814,10.9439,1.52
1787726866.351,7771,21.3,48142,10.9290,1.52
1787726866.372,7772,21.2,48381,10.9106,1.52
1787726866.393,7773,21.2,48381,10.9089,1.52
1787726866.431,7774,37.4,27408,10.9477,1.52
1787726866.466,7775,34.6,29588,10.9350,1.52
1787726866.486,7776,19.8,51767,10.9363,1.52
1787726866.506,7777,19.8,51677,10.9458,1.52
1787726866.526,7778,19.7,52106,10.9206,1.52
1787726866.547,7779,20.9,49068,10.9383,1.52
1787726866.569,7780,21.2,48416,10.9544,1.52
1787726866.590,7781,21.1,48462,10.9256,1.52
1787726866.612,7782,21.2,48247,10.9522,1.52
1787726866.633,7783,21.5,47610,10.9357,1.52
1787726866.655,7784,21.4,47869,10.9422,1.52
1787726866.676,7785,21.2,48360,10.9386,1.52
1787726866.708,7786,31.2,32785,10.9411,1.52
1787726866.749,7787,41.2,24884,10.9385,1.52
1787726866.791,7788,41.5,24699,10.9427,1.52
1787726866.832,7789,41.4,24760,10.9407,1.52
1787726866.875,7790,42.4,24158,10.9259,1.52
1787726866.917,7791,42.6,24019,10.9270,1.52
1787726866.959,7792,41.0,24966,10.9383,1.52
1787726867.000,7793,41.6,24633,10.9305,1.52
1787726867.042,7794,41.7,24584,10.9365,1.52
1787726867.083,7795,40.5,25306,10.9215,1.52
1787726867.123,7796,40.6,25232,10.9017,1.52
1787726867.166,7797,42.0,24352,10.9600,1.52
1787726867.207,7798,41.4,24710,10.9548,1.52
1787726867.250,7799,42.5,24098,10.9691,1.52
1787726867.292,7800,41.3,24767,10.9347,1.52
1787726867.315,7801,22.3,45853,10.9249,1.52
1787726867.337,7802,22.2,46130,10.9462,1.52
1787726867.359,7803,21.8,47061,10.9559,1.52
1787726867.381,7804,21.4,47797,10.9211,1.52
1787726867.402,7805,21.1,48574,10.9409,1.52
1787726867.423,7806,21.0,48814,10.9555,1.52
1787726867.445,7807,21.0,48718,10.9320,1.52
1787726867.474,7808,29.4,34851,10.9289,1.52
1787726867.515,7809,40.8,25097,10.9482,1.52
1787726867.559,7810,43.0,23809,10.9453,1.52
1787726867.599,7811,40.6,25231,10.9422,1.52
1787726867.641,7812,41.6,24637,10.9264,1.52
1787726867.684,7813,42.3,24223,10.9187,1.52
1787726867.726,7814,41.6,24603,10.9581,1.52
1787726867.768,7815,41.3,24809,10.9160,1.52
1787726867.810,7816,41.8,24512,10.9355,1.52
1787726867.852,7817,42.2,24266,10.9276,1.52
1787726867.881,7818,28.8,35611,10.9382,1.52
1787726867.902,7819,21.0,48713,10.9114,1.52
1787726867.924,7820,21.7,47262,10.9257,1.52
1787726867.946,7821,21.8,47056,10.9336,1.52
1787726867.969,7822,22.0,46640,10.9188,1.52
1787726867.990,7823,21.3,48103,10.9631,1.52
1787726868.012,7824,21.2,48376,10.9412,1.52
1787726868.035,7825,23.7,43277,10.9424,1.52
1787726868.076,7826,40.1,25567,10.9258,1.52
1787726868.118,7827,42.2,24262,10.9349,1.52
1787726868.161,7828,42.3,24218,10.9656,1.52
1787726868.203,7829,42.0,24362,10.9374,1.52
1787726868.244,7830,40.8,25127,10.9322,1.52
1787726868.267,7831,22.8,44865,10.9170,1.52
1787726868.289,7832,21.9,46818,10.9182,1.52
1787726868.311,7833,21.4,47811,10.9300,1.52
1787726868.332,7834,21.4,47939,10.9410,1.52
1787726868.354,7835,21.4,47916,10.9400,1.52
1787726868.376,7836,21.5,47675,10.9009,1.52
1787726868.407,7837,31.2,32854,10.9572,1.52
1787726868.449,7838,41.5,24703,10.9361,1.52
1787726868.490,7839,41.2,24846,10.9151,1.52
1787726868.527,7840,37.1,27609,10.9191,1.52
1787726868.547,7841,19.5,52587,10.9327,1.52
1787726868.567,7842,19.5,52389,10.9622,1.52
1787726868.587,7843,19.8,51616,10.9543,1.52
1787726868.607,7844,20.0,51118,10.9390,1.52
1787726868.629,7845,21.3,48133,10.9661,1.52
1787726868.651,7846,21.6,47347,10.9393,1.52
1787726868.672,7847,21.2,48396,10.9585,1.52
1787726868.694,7848,21.0,48820,10.9435,1.52
1787726868.715,7849,21.4,47917,10.9500,1.52
1787726868.737,7850,21.7,47180,10.9279,1.52
1787726868.760,7851,21.9,46818,10.9314,1.52
1787726868.797,7852,37.3,27423,10.9590,1.52
1787726868.839,7853,41.7,24537,10.9509,1.52
1787726868.881,7854,41.7,24539,10.9460,1.52
1787726868.925,7855,43.6,23492,10.9233,1.52
1787726868.954,7856,29.1,35156,10.9202,1.52
1787726868.976,7857,21.1,48537,10.9607,1.52
1787726868.997,7858,21.3,48055,10.9112,1.52
1787726869.019,7859,21.2,48200,10.9280,1.52
1787726869.040,7860,21.2,48390,10.9207,1.52
1787726869.061,7861,21.1,48559,10.9433,1.52
1787726869.082,7862,20.9,49000,10.9258,1.52
1787726869.114,7863,31.8,32191,10.9360,1.52
1787726869.156,7864,41.0,24980,10.9294,1.52
1787726869.197,7865,41.6,24641,10.9301,1.52
1787726869.239,7866,41.4,24719,10.9293,1.52
1787726869.281,7867,41.5,24651,10.9315,1.52
1787726869.323,7868,42.1,24336,10.9373,1.52
1787726869.364,7869,41.4,24723,10.9283,1.52
1787726869.407,7870,42.8,23916,10.9533,1.52
1787726869.436,7871,28.0,36593,10.9340,1.52
1787726869.456,7872,20.0,51318,10.9217,1.52
1787726869.476,7873,19.8,51819,10.9485,1.52
1787726869.496,7874,19.9,51555,10.9409,1.52
1787726869.517,7875,20.8,49141,10.9072,1.52
1787726869.539,7876,21.3,48144,10.9368,1.52
1787726869.560,7877,21.1,48450,10.9618,1.52
1787726869.582,7878,21.3,47978,10.9364,1.52
1787726869.604,7879,21.5,47704,10.9472,1.52
1787726869.625,7880,21.2,48311,10.9503,1.52
1787726869.646,7881,20.9,48885,10.9570,1.52
1787726869.682,7882,35.1,29204,10.9228,1.52
1787726869.724,7883,42.1,24323,10.9618,1.52
1787726869.764,7884,40.5,25276,10.9457,1.52
1787726869.806,7885,41.8,24490,10.9314,1.52
1787726869.850,7886,43.3,23656,10.9220,1.52
1787726869.892,7887,42.1,24328,10.9364,1.52
1787726869.933,7888,40.4,25317,10.9534,1.52
1787726869.974,7889,41.2,24832,10.9618,1.52
1787726870.015,7890,40.9,25064,10.9323,1.52
1787726870.058,7891,42.8,23934,10.9228,1.52
1787726870.100,7892,41.5,24676,10.9314,1.52
1787726870.141,7893,41.0,24966,10.9412,1.52
1787726870.180,7894,39.5,25924,10.9584,1.52
1787726870.200,7895,19.8,51840,10.9367,1.52
1787726870.220,7896,19.3,53019,10.9473,1.52
1787726870.240,7897,19.5,52560,10.9269,1.52
1787726870.260,7898,19.7,51990,10.9481,1.52
1787726870.281,7899,21.4,47942,10.9507,1.52
1787726870.303,7900,21.5,47632,10.9449,1.52
1787726870.325,7901,21.4,47926,10.9466,1.52
1787726870.346,7902,21.3,48162,10.9521,1.52
1787726870.368,7903,21.3,48153,10.9183,1.52
1787726870.389,7904,21.2,48237,10.9457,1.52
1787726870.418,7905,29.0,35367,10.9325,1.52
1787726870.449,7906,30.6,33410,10.9316,1.52
1787726870.469,7907,19.9,51394,10.9273,1.52
1787726870.490,7908,20.5,49894,10.9528,1.52
1787726870.511,7909,20.6,49790,10.9426,1.52
1787726870.532,7910,20.5,49973,10.9170,1.52
1787726870.553,7911,20.5,49841,10.9509,1.52
1787726870.576,7912,22.3,46014,10.9700,1.52
1787726870.596,7913,20.4,50168,10.9238,1.52
1787726870.617,7914,20.7,49542,10.9066,1.52
1787726870.638,7915,20.8,49162,10.9232,1.52
1787726870.660,7916,21.3,48165,10.9157,1.52
1787726870.680,7917,19.8,51735,10.9308,1.52
1787726870.699,7918,19.1,53553,10.9469,1.52
1787726870.719,7919,20.0,51261,10.9299,1.52
1787726870.738,7920,19.2,53422,10.9403,1.52
1787726870.758,7921,19.1,53515,10.9156,1.52
1787726870.777,7922,19.1,53593,10.9513,1.52
1787726870.796,7923,19.1,53520,10.9606,1.52
1787726870.817,7924,20.0,51274,10.9265,1.52
1787726870.838,7925,21.2,48338,10.9275,1.52
1787726870.860,7926,21.4,47838,10.9254,1.52
1787726870.896,7927,36.0,28464,10.9254,1.52
1787726870.937,7928,41.5,24685,10.8973,1.52
1787726870.978,7929,40.8,25107,10.9319,1.52
1787726871.019,7930,40.9,25027,10.9596,1.52
1787726871.062,7931,42.8,23933,10.9260,1.52
1787726871.091,7932,28.7,35711,10.9228,1.52
1787726871.113,7933,21.6,47441,10.9616,1.52
1787726871.135,7934,21.4,47900,10.9030,1.52
1787726871.156,7935,21.4,47856,10.9193,1.52
1787726871.178,7936,21.5,47614,10.9332,1.52
1787726871.200,7937,21.5,47593,10.9414,1.52
1787726871.221,7938,21.2,48323,10.9732,1.52
1787726871.260,7939,38.3,26729,10.9332,1.52
1787726871.280,7940,20.1,50942,10.9478,1.52
1787726871.300,7941,19.8,51633,10.9454,1.52
1787726871.320,7942,19.7,52079,10.9604,1.52
1787726871.340,7943,19.7,51958,10.9334,1.52
1787726871.360,7944,20.0,51215,10.9524,1.52
1787726871.382,7945,21.6,47492,10.9515,1.52
1787726871.404,7946,21.5,47619,10.9327,1.52
1787726871.426,7947,21.4,47920,10.9173,1.52
1787726871.447,7948,21.5,47575,10.9371,1.52
1787726871.469,7949,21.6,47413,10.9233,1.52
1787726871.491,7950,21.4,47889,10.9437,1.52
1787726871.512,7951,21.5,47709,10.9390,1.52
1787726871.534,7952,21.3,47969,10.9457,1.52
1787726871.555,7953,21.4,47761,10.9519,1.52
1787726871.577,7954,21.4,47805,10.9633,1.52
1787726871.599,7955,21.6,47391,10.9312,1.52
1787726871.620,7956,21.4,47956,10.9247,1.52
1787726871.649,7957,28.1,36474,10.9231,1.52
1787726871.693,7958,44.0,23276,10.9215,1.52
1787726871.713,7959,20.0,51226,10.9394,1.52
1787726871.734,7960,19.9,51455,10.9456,1.52
1787726871.754,7961,19.9,51349,10.9164,1.52
1787726871.774,7962,19.9,51573,10.9184,1.52
1787726871.795,7963,20.7,49485,10.9441,1.52
1787726871.817,7964,21.6,47483,10.9327,1.52
1787726871.839,7965,21.4,47754,10.9418,1.52
1787726871.860,7966,21.6,47393,10.8983,1.52
1787726871.882,7967,21.5,47620,10.9454,1.52
1787726871.904,7968,21.5,47623,10.9447,1.52
1787726871.926,7969,21.5,47556,10.9326,1.52
1787726871.963,7970,36.8,27793,10.9460,1.52
1787726872.004,7971,41.2,24862,10.9712,1.52
1787726872.046,7972,42.1,24314,10.9245,1.52
1787726872.089,7973,42.2,24270,10.9289,1.52
1787726872.130,7974,41.4,24745,10.9142,1.52
1787726872.173,7975,42.5,24069,10.9539,1.52
1787726872.216,7976,42.9,23861,10.9396,1.52
1787726872.258,7977,42.1,24342,10.9401,1.52
1787726872.300,7978,41.9,24433,10.8976,1.52
1787726872.342,7979,41.5,24654,10.9038,1.52
1787726872.383,7980,41.3,24809,10.9388,1.52
1787726872.423,7981,40.2,25476,10.9544,1.52
1787726872.464,7982,40.9,25065,10.9267,1.52
1787726872.506,7983,41.8,24521,10.9225,1.52
1787726872.542,7984,35.5,28815,10.9446,1.52
1787726872.563,7985,20.9,49080,10.9667,1.52
1787726872.584,7986,21.0,48862,10.9372,1.52
1787726872.606,7987,21.1,48629,10.9586,1.52
1787726872.627,7988,21.3,48169,10.9123,1.52
1787726872.648,7989,21.2,48274,10.9414,1.52
1787726872.670,7990,21.4,47949,10.9478,1.52
1787726872.700,7991,29.5,34697,10.9677,1.52
1787726872.741,7992,41.2,24849,10.9637,1.52
1787726872.784,7993,42.5,24081,10.9445,1.52
1787726872.825,7994,41.0,24980,10.9349,1.52
1787726872.866,7995,40.7,25163,10.9346,1.52
1787726872.907,7996,41.0,25000,10.9032,1.52
1787726872.949,7997,42.2,24277,10.9470,1.52
1787726872.991,7998,41.5,24659,10.9202,1.52
1787726873.032,7999,41.0,24963,10.9422,1.52
1787726873.074,8000,41.6,24617,10.9537,1.52
1787726873.106,8001,31.4,32636,10.9451,1.52
1787726873.127,8002,21.4,47815,10.9529,1.52
1787726873.149,8003,21.1,48468,10.9126,1.52
1787726873.170,8004,21.4,47860,10.9340,1.52
1787726873.192,8005,21.4,47838,10.9394,1.52
1787726873.213,8006,21.4,47879,10.9049,1.52
1787726873.235,8007,21.1,48546,10.9284,1.52
1787726873.267,8008,32.0,32024,10.9549,1.52
1787726873.308,8009,41.2,24861,10.9316,1.52
1787726873.349,8010,40.7,25165,10.9225,1.52
1787726873.390,8011,40.6,25225,10.9227,1.52
1787726873.431,8012,41.2,24881,10.9449,1.52
1787726873.466,8013,34.4,29740,10.9219,1.52
1787726873.487,8014,21.3,48173,10.9588,1.52
1787726873.509,8015,21.3,48105,10.9335,1.52
1787726873.530,8016,21.4,47848,10.9337,1.52
1787726873.552,8017,21.2,48336,10.9311,1.52
1787726873.573,8018,21.4,47897,10.9217,1.52
1787726873.595,8019,21.5,47697,10.9570,1.52
1787726873.626,8020,31.2,32825,10.9538,1.52
1787726873.669,8021,42.1,24342,10.9209,1.52
1787726873.710,8022,41.0,25004,10.9422,1.52
1787726873.747,8023,37.2,27495,10.9366,1.52
1787726873.772,8024,25.0,40948,10.9273,1.52
1787726873.794,8025,21.5,47621,10.9230,1.52
1787726873.815,8026,20.9,48938,10.9406,1.52
1787726873.837,8027,21.4,47916,10.9322,1.52
1787726873.858,8028,21.4,47752,10.9245,1.52
1787726873.880,8029,21.2,48286,10.9466,1.52
1787726873.912,8030,31.7,32319,10.9264,1.52
1787726873.954,8031,41.9,24467,10.9581,1.52
1787726873.995,8032,41.5,24655,10.9404,1.52
1787726874.038,8033,42.3,24214,10.9510,1.52
1787726874.079,8034,40.6,25193,10.9350,1.52
1787726874.119,8035,39.8,25720,10.9476,1.52
1787726874.159,8036,39.9,25686,10.9174,1.52
1787726874.199,8037,39.7,25766,10.9463,1.52
1787726874.239,8038,40.4,25324,10.9479,1.52
1787726874.280,8039,40.8,25086,10.9474,1.52
1787726874.322,8040,41.3,24805,10.9522,1.52
1787726874.362,8041,39.8,25705,10.9378,1.52
1787726874.401,8042,38.9,26295,10.9360,1.52
1787726874.440,8043,38.4,26686,10.9484,1.52
1787726874.479,8044,39.2,26110,10.9622,1.52
1787726874.518,8045,38.7,26434,10.9502,1.52
1787726874.557,8046,38.5,26583,10.9306,1.52
1787726874.596,8047,38.9,26294,10.9675,1.52
1787726874.636,8048,39.4,25991,10.9348,1.52
1787726874.675,8049,39.2,26137,10.9438,1.52
1787726874.714,8050,38.3,26710,10.9266,1.52
1787726874.750,8051,35.7,28712,10.9306,1.52
1787726874.769,8052,19.2,53323,10.9462,1.52
1787726874.790,8053,19.9,51333,10.9268,1.52
1787726874.810,8054,19.8,51609,10.9429,1.52
1787726874.830,8055,19.6,52311,10.9357,1.52
1787726874.851,8056,21.1,48561,10.9420,1.52
1787726874.873,8057,21.4,47802,10.9612,1.52
1787726874.894,8058,21.3,48008,10.9325,1.52
1787726874.916,8059,21.2,48221,10.9377,1.52
1787726874.937,8060,21.1,48498,10.9322,1.52
1787726874.959,8061,21.4,47910,10.9176,1.52
1787726874.982,8062,23.4,43790,10.9128,1.52
1787726875.019,8063,37.1,27565,10.9524,1.52
1787726875.041,8064,21.3,48074,10.9519,1.52
1787726875.062,8065,21.2,48335,10.9282,1.52
1787726875.084,8066,21.1,48444,10.9217,1.52
1787726875.105,8067,21.2,48353,10.9621,1.52
1787726875.127,8068,21.4,47960,10.9517,1.52
1787726875.148,8069,21.3,48160,10.9380,1.52
1787726875.176,8070,28.3,36160,10.9206,1.52
1787726875.217,8071,40.7,25148,10.9369,1.52
1787726875.259,8072,41.4,24732,10.9564,1.52
1787726875.289,8073,29.7,34473,10.9307,1.52
1787726875.309,8074,19.9,51543,10.9422,1.52
1787726875.329,8075,19.4,52752,10.9381,1.52
1787726875.349,8076,19.9,51537,10.9396,1.52
1787726875.369,8077,20.0,51251,10.9409,1.52
1787726875.390,8078,21.0,48815,10.9500,1.52
1787726875.412,8079,21.4,47815,10.9503,1.52
1787726875.433,8080,21.2,48301,10.9545,1.52
1787726875.455,8081,21.3,48150,10.9263,1.52
1787726875.477,8082,21.4,47843,10.9519,1.52
1787726875.498,8083,21.1,48480,10.9299,1.52
1787726875.521,8084,22.5,45431,10.9452,1.52
1787726875.561,8085,39.7,25776,10.9122,1.52
1787726875.600,8086,39.8,25727,10.9524,1.52
1787726875.640,8087,39.2,26141,10.9380,1.52
1787726875.679,8088,39.5,25951,10.9652,1.52
1787726875.720,8089,40.4,25377,10.9378,1.52
1787726875.758,8090,38.4,26689,10.9566,1.52
1787726875.793,8091,34.4,29780,10.9362,1.52
1787726875.829,8092,36.0,28438,10.9400,1.52
1787726875.864,8093,35.2,29132,10.9342,1.52
1787726875.900,8094,35.5,28815,10.9390,1.52
1787726875.936,8095,35.5,28849,10.9145,1.52
1787726875.970,8096,34.3,29897,10.9356,1.52
1787726876.005,8097,34.4,29753,10.9321,1.52
1787726876.041,8098,35.6,28729,10.9419,1.52
1787726876.077,8099,35.6,28752,10.9390,1.52
1787726876.113,8100,36.2,28270,10.9327,1.52
1787726876.137,8101,23.2,44060,10.9517,1.52
1787726876.157,8102,20.1,51043,10.9154,1.52
1787726876.177,8103,19.7,52001,10.9215,1.52
1787726876.197,8104,19.8,51729,10.9384,1.52
1787726876.217,8105,19.9,51401,10.9338,1.52
1787726876.239,8106,21.7,47182,10.9248,1.52
1787726876.261,8107,21.3,47993,10.9250,1.52
1787726876.282,8108,21.3,48158,10.9340,1.52
1787726876.304,8109,21.2,48210,10.9326,1.52
1787726876.325,8110,21.2,48348,10.9422,1.52
1787726876.346,8111,21.2,48317,10.9297,1.52
1787726876.373,8112,26.4,38722,10.9294,1.52
1787726876.411,8113,37.5,27294,10.9379,1.52
1787726876.449,8114,38.1,26862,10.9387,1.52
1787726876.486,8115,36.8,27799,10.9465,1.52
1787726876.523,8116,36.7,27888,10.9601,1.52
1787726876.558,8117,35.1,29151,10.9119,1.52
1787726876.594,8118,35.6,28726,10.9312,1.52
1787726876.629,8119,35.3,29022,10.9460,1.52
1787726876.666,8120,36.2,28326,10.9404,1.52
1787726876.700,8121,34.8,29454,10.9275,1.52
1787726876.737,8122,36.0,28413,10.9532,1.52
1787726876.773,8123,36.5,28035,10.9444,1.52
1787726876.808,8124,34.6,29554,10.9319,1.52
1787726876.843,8125,34.7,29469,10.9291,1.52
1787726876.878,8126,35.4,28909,10.9500,1.52
1787726876.912,8127,33.8,30302,10.9443,1.52
1787726876.947,8128,34.0,30104,10.9409,1.52
1787726876.982,8129,34.6,29619,10.9471,1.52
1787726877.017,8130,35.1,29195,10.9262,1.52
1787726877.051,8131,33.3,30732,10.9392,1.52
1787726877.085,8132,34.2,29931,10.9127,1.52
1787726877.121,8133,35.3,28981,10.9724,1.52
1787726877.159,8134,38.0,26957,10.9365,1.52
1787726877.202,8135,42.3,24233,10.9323,1.52
1787726877.244,8136,42.1,24334,10.9436,1.52
1787726877.286,8137,42.1,24333,10.9428,1.52
1787726877.329,8138,42.5,24072,10.9346,1.52
1787726877.372,8139,42.1,24307,10.9376,1.52
1787726877.415,8140,42.6,24022,10.9193,1.52
1787726877.438,8141,23.6,43455,10.9303,1.52
1787726877.458,8142,19.6,52150,10.9529,1.52
1787726877.478,8143,19.7,51980,10.9230,1.52
1787726877.499,8144,20.2,50751,10.9343,1.52
1787726877.521,8145,21.7,47119,10.9236,1.52
1787726877.543,8146,21.8,47052,10.9092,1.52
1787726877.564,8147,21.5,47667,10.9539,1.52
1787726877.586,8148,21.5,47572,10.9485,1.52
1787726877.608,8149,21.5,47648,10.9320,1.52
1787726877.630,8150,21.5,47646,10.9460,1.52
1787726877.659,8151,28.9,35442,10.9419,1.52
1787726877.684,8152,24.7,41378,10.9257,1.52
1787726877.704,8153,19.8,51661,10.9559,1.52
1787726877.724,8154,19.9,51456,10.9281,1.52
1787726877.744,8155,19.9,51460,10.9327,1.52
1787726877.766,8156,20.7,49353,10.9419,1.52
1787726877.787,8157,21.4,47883,10.9093,1.52
1787726877.809,8158,21.8,46911,10.9404,1.52
1787726877.831,8159,21.4,47792,10.9467,1.52
1787726877.853,8160,21.3,47968,10.9319,1.52
1787726877.874,8161,21.4,47868,10.9260,1.52
1787726877.896,8162,21.4,47908,10.9259,1.52
1787726877.923,8163,26.9,38049,10.9145,1.52
1787726877.957,8164,33.6,30519,10.9174,1.52
1787726877.992,8165,35.4,28927,10.9372,1.52
1787726878.026,8166,33.5,30535,10.9454,1.52
1787726878.060,8167,34.1,30057,10.9426,1.52
1787726878.094,8168,34.1,30052,10.9664,1.52
1787726878.129,8169,34.1,30006,10.9595,1.52
1787726878.163,8170,34.7,29479,10.9468,1.52
1787726878.198,8171,34.2,29934,10.9584,1.52
1787726878.233,8172,35.0,29219,10.9489,1.52
1787726878.257,8173,23.9,42875,10.9356,1.52
1787726878.279,8174,21.4,47884,10.9315,1.52
1787726878.300,8175,21.2,48320,10.9050,1.52
1787726878.322,8176,21.4,47908,10.9318,1.52
1787726878.343,8177,21.0,48707,10.9108,1.52
1787726878.364,8178,21.0,48663,10.9502,1.52
1787726878.385,8179,21.0,48745,10.9377,1.52
1787726878.418,8180,32.3,31711,10.9355,1.52
1787726878.453,8181,35.2,29092,10.9850,1.52
1787726878.488,8182,34.8,29436,10.9548,1.52
1787726878.522,8183,34.3,29860,10.9204,1.52
1787726878.555,8184,32.6,31445,10.9412,1.52
1787726878.593,8185,37.9,27038,10.9407,1.52
1787726878.635,8186,41.9,24437,10.9365,1.52
1787726878.677,8187,42.3,24226,10.9431,1.52
1787726878.720,8188,42.0,24365,10.9329,1.52
1787726878.762,8189,42.5,24114,10.9639,1.52
1787726878.805,8190,42.5,24093,10.9436,1.52
1787726878.848,8191,43.2,23717,10.9599,1.52
1787726878.891,8192,42.7,23975,10.9330,1.52
1787726878.934,8193,42.6,24027,10.9379,1.52
1787726878.976,8194,42.2,24260,10.9264,1.52
1787726879.018,8195,42.0,24372,10.9236,1.52
1787726879.058,8196,39.2,26115,10.9240,1.52
1787726879.079,8197,20.9,48900,10.9421,1.52
1787726879.100,8198,21.1,48644,10.9277,1.52
1787726879.121,8199,21.0,48777,10.9163,1.52
1787726879.143,8200,21.1,48463,10.9498,1.52
1787726879.164,8201,20.9,48921,10.9322,1.52
1787726879.185,8202,21.1,48502,10.9283,1.52
1787726879.207,8203,22.2,46156,10.9247,1.52
1787726879.238,8204,30.8,33227,10.9541,1.52
1787726879.260,8205,21.0,48843,10.8945,1.52
1787726879.281,8206,21.1,48592,10.9343,1.52
1787726879.302,8207,21.1,48593,10.9347,1.52
1787726879.323,8208,21.0,48714,10.9591,1.52
1787726879.345,8209,21.1,48518,10.9219,1.52
1787726879.366,8210,21.1,48471,10.9340,1.52
1787726879.390,8211,23.8,42987,10.9396,1.52
1787726879.421,8212,31.0,33068,10.9300,1.52
1787726879.442,8213,20.9,48957,10.9438,1.52
1787726879.464,8214,21.1,48516,10.9209,1.52
1787726879.485,8215,21.0,48727,10.9457,1.52
1787726879.506,8216,21.0,48743,10.9449,1.52
1787726879.527,8217,21.2,48416,10.9203,1.52
1787726879.549,8218,21.1,48470,10.9649,1.52
1787726879.573,8219,24.0,42605,10.9483,1.52
1787726879.608,8220,34.5,29654,10.9333,1.52
1787726879.643,8221,34.3,29815,10.9327,1.52
1787726879.677,8222,34.2,29967,10.9321,1.52
1787726879.711,8223,33.8,30278,10.9597,1.52
1787726879.746,8224,34.7,29485,10.9366,1.52
1787726879.780,8225,33.6,30465,10.9299,1.52
1787726879.814,8226,33.6,30495,10.9397,1.52
1787726879.849,8227,34.5,29658,10.9561,1.52
1787726879.884,8228,34.4,29797,10.9497,1.52
1787726879.919,8229,34.6,29589,10.8990,1.52
1787726879.953,8230,34.4,29765,10.9247,1.52
1787726879.988,8231,34.5,29664,10.9494,1.52
1787726880.023,8232,34.9,29377,10.9426,1.52
1787726880.059,8233,35.2,29114,10.9441,1.52
1787726880.093,8234,34.1,30054,10.9284,1.52
1787726880.112,8235,19.0,53989,10.9437,1.52
1787726880.132,8236,19.8,51845,10.9384,1.52
1787726880.152,8237,19.7,51870,10.9307,1.52
1787726880.172,8238,19.8,51607,10.9140,1.52
1787726880.194,8239,21.2,48340,10.9489,1.52
1787726880.215,8240,21.0,48805,10.9112,1.52
1787726880.237,8241,21.3,48022,10.9349,1.52
1787726880.258,8242,21.0,48663,10.9242,1.52
1787726880.279,8243,21.3,48075,10.9497,1.52
1787726880.301,8244,21.1,48462,10.9426,1.52
1787726880.322,8245,21.2,48227,10.9529,1.52
1787726880.355,8246,33.2,30848,10.9302,1.52
1787726880.376,8247,20.3,50540,10.9324,1.52
1787726880.396,8248,19.7,51926,10.9412,1.52
1787726880.416,8249,19.7,51898,10.9111,1.52
1787726880.436,8250,20.1,50846,10.9433,1.52
1787726880.458,8251,21.2,48366,10.9388,1.52
1787726880.479,8252,21.1,48628,10.9561,1.52
1787726880.500,8253,21.2,48365,10.9243,1.52
1787726880.522,8254,21.1,48508,10.9190,1.52
1787726880.543,8255,21.0,48650,10.9325,1.52
1787726880.564,8256,21.2,48198,10.9418,1.52
1787726880.589,8257,24.6,41622,10.9496,1.52
1787726880.627,8258,37.7,27158,10.9301,1.52
1787726880.664,8259,37.0,27672,10.9776,1.52
1787726880.701,8260,36.9,27743,10.9178,1.52
1787726880.739,8261,38.0,26934,10.9311,1.52
1787726880.776,8262,36.5,28066,10.9276,1.52
1787726880.811,8263,34.9,29302,10.9263,1.52
1787726880.848,8264,36.7,27895,10.9428,1.52
1787726880.885,8265,36.5,28058,10.9335,1.52
1787726880.922,8266,37.1,27607,10.9325,1.52
1787726880.961,8267,38.1,26886,10.9378,1.52
1787726880.999,8268,37.6,27219,10.9472,1.52
1787726881.037,8269,37.5,27289,10.9046,1.52
1787726881.075,8270,37.6,27252,10.9271,1.52
1787726881.112,8271,37.4,27359,10.9298,1.52
1787726881.148,8272,35.4,28903,10.9548,1.52
1787726881.183,8273,34.8,29427,10.9528,1.52
1787726881.205,8274,22.1,46381,10.9520,1.52
1787726881.226,8275,20.4,50084,10.9416,1.52
1787726881.247,8276,20.5,49950,10.9480,1.52
1787726881.268,8277,20.4,50144,10.9377,1.52
1787726881.288,8278,20.5,50043,10.9159,1.52
1787726881.310,8279,21.4,47814,10.9442,1.52
1787726881.332,8280,21.4,47903,10.9505,1.52
1787726881.353,8281,21.1,48550,10.9372,1.52
1787726881.375,8282,21.3,48160,10.9506,1.52
1787726881.396,8283,21.0,48655,10.9455,1.52
1787726881.418,8284,21.4,47788,10.9426,1.52
1787726881.439,8285,21.5,47709,10.9190,1.52
1787726881.469,8286,29.5,34766,10.9316,1.52
1787726881.499,8287,26.2,39103,10.9362,1.52
1787726881.522,8288,23.5,43541,10.9153,1.52
1787726881.544,8289,21.1,48559,10.9518,1.52
1787726881.565,8290,21.3,48109,10.9162,1.52
1787726881.586,8291,21.0,48675,10.9275,1.52
1787726881.608,8292,21.4,47900,10.9197,1.52
1787726881.630,8293,21.4,47864,10.9135,1.52
1787726881.660,8294,30.0,34121,10.9641,1.52
1787726881.698,8295,38.1,26873,10.9324,1.52
1787726881.736,8296,37.8,27089,10.9359,1.52
1787726881.775,8297,38.0,26965,10.9431,1.52
1787726881.812,8298,36.7,27880,10.9383,1.52
1787726881.850,8299,37.5,27291,10.9161,1.52
1787726881.887,8300,37.3,27443,10.9180,1.52
1787726881.924,8301,36.7,27865,10.9296,1.52
1787726881.960,8302,35.4,28959,10.9467,1.52
1787726881.997,8303,36.5,28047,10.9226,1.52
1787726882.033,8304,36.2,28313,10.9164,1.52
1787726882.054,8305,21.0,48750,10.9312,1.52
1787726882.075,8306,20.0,51253,10.9612,1.52
1787726882.095,8307,20.1,51047,10.9423,1.52
1787726882.116,8308,20.2,50725,10.9353,1.52
1787726882.136,8309,20.1,51016,10.9481,1.52
1787726882.160,8310,23.2,44145,10.9215,1.52
1787726882.182,8311,22.2,46036,10.9451,1.52
1787726882.201,8312,19.2,53420,10.9211,1.52
1787726882.221,8313,19.2,53386,10.9161,1.52
1787726882.240,8314,19.2,53306,10.9537,1.52
1787726882.260,8315,19.2,53459,10.9427,1.52
1787726882.279,8316,19.2,53352,10.9368,1.52
1787726882.299,8317,20.1,50967,10.9270,1.52
1787726882.321,8318,21.1,48594,10.9334,1.52
1787726882.342,8319,21.2,48235,10.9393,1.52
1787726882.363,8320,21.0,48688,10.9352,1.52
1787726882.385,8321,21.1,48619,10.9435,1.52
1787726882.406,8322,21.3,48036,10.9447,1.52
1787726882.428,8323,21.2,48343,10.9560,1.52
1787726882.462,8324,34.7,29534,10.9418,1.52
1787726882.483,8325,19.9,51454,10.9284,1.52
1787726882.503,8326,19.7,52104,10.9452,1.52
1787726882.522,8327,19.5,52522,10.9054,1.52
1787726882.542,8328,19.5,52527,10.9356,1.52
1787726882.563,8329,20.7,49437,10.9622,1.52
1787726882.585,8330,21.5,47544,10.9322,1.52
1787726882.606,8331,21.2,48283,10.9328,1.52
1787726882.628,8332,21.3,48064,10.9602,1.52
1787726882.649,8333,21.5,47687,10.9649,1.52
1787726882.671,8334,21.6,47354,10.9429,1.52
1787726882.693,8335,21.4,47836,10.9259,1.52
1787726882.713,8336,19.7,52052,10.9510,1.52
1787726882.733,8337,19.9,51359,10.9366,1.52
1787726882.753,8338,19.8,51732,10.9526,1.52
1787726882.774,8339,20.1,50912,10.9338,1.52
1787726882.796,8340,21.7,47184,10.9357,1.52
1787726882.817,8341,21.5,47592,10.9532,1.52
1787726882.839,8342,21.6,47349,10.9556,1.52
1787726882.861,8343,21.4,47833,10.9251,1.52
1787726882.882,8344,21.2,48191,10.9166,1.52
1787726882.904,8345,21.6,47513,10.9253,1.52
1787726882.943,8346,38.4,26665,10.9446,1.52
1787726882.977,8347,33.7,30413,10.9287,1.52
1787726882.998,8348,21.5,47653,10.9459,1.52
1787726883.020,8349,21.4,47861,10.9138,1.52
1787726883.042,8350,21.6,47408,10.9182,1.52
1787726883.063,8351,21.3,48139,10.9270,1.52
1787726883.085,8352,21.5,47594,10.9393,1.52
1787726883.109,8353,23.5,43625,10.9389,1.52
1787726883.148,8354,39.3,26047,10.9315,1.52
1787726883.188,8355,40.0,25592,10.9553,1.52
1787726883.229,8356,41.0,24985,10.9512,1.52
1787726883.271,8357,41.2,24869,10.9580,1.52
1787726883.312,8358,41.1,24920,10.9341,1.52
1787726883.353,8359,40.7,25151,10.9349,1.52
1787726883.395,8360,40.8,25116,10.9372,1.52
1787726883.436,8361,40.9,25053,10.9637,1.52
1787726883.476,8362,39.4,25966,10.9321,1.52
1787726883.512,8363,36.0,28475,10.9437,1.52
1787726883.533,8364,20.7,49584,10.9289,1.52
1787726883.554,8365,20.7,49535,10.9358,1.52
1787726883.575,8366,20.7,49553,10.9325,1.52
1787726883.595,8367,19.6,52353,10.9487,1.52
1787726883.614,8368,19.2,53393,10.9317,1.52
1787726883.634,8369,19.2,53468,10.9196,1.52
1787726883.653,8370,19.2,53398,10.9082,1.52
1787726883.672,8371,19.2,53468,10.9302,1.52
1787726883.691,8372,19.1,53602,10.9336,1.52
1787726883.712,8373,19.8,51638,10.9194,1.52
1787726883.733,8374,21.2,48353,10.9248,1.52
1787726883.754,8375,21.2,48276,10.9581,1.52
1787726883.775,8376,20.8,49127,10.9256,1.52
1787726883.796,8377,20.5,50057,10.9464,1.52
1787726883.817,8378,20.3,50457,10.9390,1.52
1787726883.838,8379,21.1,48419,10.9310,1.52
1787726883.859,8380,21.1,48499,10.9588,1.52
1787726883.897,8381,37.5,27331,10.9586,1.52
1787726883.938,8382,41.0,24991,10.9119,1.52
1787726883.980,8383,42.1,24306,10.9355,1.52
1787726884.022,8384,41.5,24670,10.9264,1.52
1787726884.064,8385,41.3,24775,10.9320,1.52
1787726884.106,8386,42.1,24345,10.9352,1.52
1787726884.148,8387,41.7,24576,10.9371,1.52
1787726884.189,8388,41.3,24775,10.9518,1.52
1787726884.212,8389,22.5,45579,10.9595,1.52
1787726884.232,8390,19.7,52076,10.9407,1.52
1787726884.251,8391,19.5,52590,10.9422,1.52
1787726884.272,8392,19.9,51410,10.9255,1.52
1787726884.293,8393,20.7,49380,10.9500,1.52
1787726884.314,8394,21.4,47844,10.9322,1.52
1787726884.336,8395,21.3,47966,10.9217,1.52
1787726884.358,8396,21.4,47822,10.9196,1.52
1787726884.379,8397,21.4,47800,10.9487,1.52
1787726884.401,8398,21.4,47798,10.9278,1.52
1787726884.423,8399,21.7,47245,10.9330,1.52
1787726884.460,8400,37.3,27446,10.9575,1.52
1787726884.484,8401,23.3,43885,10.9265,1.52
1787726884.507,8402,22.6,45404,10.9565,1.52
1787726884.530,8403,22.5,45468,10.9763,1.52
1787726884.553,8404,22.3,45840,10.9045,1.52
1787726884.575,8405,22.2,46161,10.9443,1.52
1787726884.600,8406,24.8,41344,10.9463,1.52
1787726884.622,8407,21.4,47915,10.9165,1.52
1787726884.658,8408,35.8,28630,10.9288,1.52
1787726884.682,8409,23.6,43387,10.9300,1.52
1787726884.701,8410,19.3,53000,10.9243,1.52
1787726884.720,8411,19.2,53289,10.9197,1.52
1787726884.740,8412,19.2,53457,10.9441,1.52
1787726884.759,8413,19.2,53368,10.9247,1.52
1787726884.779,8414,19.2,53198,10.9351,1.52
1787726884.799,8415,20.4,50166,10.9413,1.52
1787726884.821,8416,21.3,48133,10.9043,1.52
1787726884.842,8417,20.8,49222,10.9234,1.52
1787726884.863,8418,21.0,48698,10.9259,1.52
1787726884.884,8419,21.0,48845,10.9331,1.52
1787726884.905,8420,21.1,48470,10.9598,1.52
1787726884.927,8421,21.2,48376,10.9293,1.52
1787726884.958,8422,30.5,33545,10.9457,1.52
1787726884.998,8423,40.3,25386,10.9392,1.52
1787726885.039,8424,40.9,25010,10.9391,1.52
1787726885.081,8425,41.5,24682,10.9284,1.52
1787726885.122,8426,40.7,25134,10.9459,1.52
1787726885.163,8427,41.7,24581,10.9314,1.52
1787726885.206,8428,42.0,24387,10.9124,1.52
1787726885.247,8429,41.0,24993,10.9433,1.52
1787726885.289,8430,42.5,24089,10.9423,1.52
1787726885.330,8431,40.7,25154,10.9288,1.52
1787726885.371,8432,41.1,24943,10.9156,1.52
1787726885.412,8433,40.7,25177,10.9440,1.52
1787726885.454,8434,41.8,24490,10.9450,1.52
1787726885.496,8435,41.4,24709,10.9557,1.52
1787726885.537,8436,41.0,24970,10.9236,1.52
1787726885.572,8437,35.2,29129,10.9172,1.52
1787726885.594,8438,22.0,46582,10.9464,1.52
1787726885.616,8439,21.6,47455,10.9478,1.52
1787726885.638,8440,21.3,48055,10.9353,1.52
1787726885.659,8441,21.6,47415,10.9476,1.52
1787726885.681,8442,21.4,47773,10.9609,1.52
1787726885.703,8443,21.4,47868,10.9402,1.52
1787726885.739,8444,35.6,28732,10.9660,1.52
1787726885.763,8445,23.7,43256,10.9105,1.52
1787726885.782,8446,19.6,52124,10.9507,1.52
1787726885.803,8447,19.7,51959,10.9341,1.52
1787726885.823,8448,19.8,51792,10.9242,1.52
1787726885.844,8449,21.1,48552,10.9178,1.52
1787726885.865,8450,21.0,48729,10.9497,1.52
1787726885.887,8451,21.2,48398,10.9366,1.52
1787726885.908,8452,21.1,48536,10.9573,1.52
1787726885.929,8453,21.2,48397,10.9352,1.52
1787726885.951,8454,21.2,48222,10.9100,1.52
1787726885.972,8455,21.3,47981,10.9445,1.52
1787726886.010,8456,37.7,27182,10.9379,1.52
1787726886.052,8457,42.2,24246,10.9566,1.52
1787726886.094,8458,41.6,24600,10.9406,1.52
1787726886.135,8459,41.0,24966,10.9358,1.52
1787726886.177,8460,41.6,24623,10.9410,1.52
1787726886.218,8461,40.7,25161,10.9394,1.52
1787726886.259,8462,41.0,25001,10.9293,1.52
1787726886.301,8463,41.5,24679,10.9252,1.52
1787726886.343,8464,41.8,24499,10.9495,1.52
1787726886.385,8465,42.6,24052,10.9313,1.52
1787726886.428,8466,43.0,23820,10.9368,1.52
1787726886.471,8467,42.5,24098,10.9574,1.52
1787726886.512,8468,41.2,24855,10.9400,1.52
1787726886.554,8469,41.4,24750,10.9529,1.52
1787726886.596,8470,41.7,24531,10.9343,1.52
1787726886.637,8471,41.4,24710,10.9146,1.52
1787726886.670,8472,32.4,31601,10.9439,1.52
1787726886.691,8473,21.0,48789,10.9409,1.52
1787726886.712,8474,21.2,48210,10.9438,1.52
1787726886.734,8475,21.1,48624,10.9551,1.52
1787726886.755,8476,21.1,48465,10.9691,1.52
1787726886.776,8477,21.2,48243,10.9550,1.52
1787726886.798,8478,21.2,48196,10.9495,1.52
1787726886.828,8479,29.6,34549,10.9211,1.52
1787726886.859,8480,31.0,32993,10.9418,1.52
1787726886.880,8481,21.4,47891,10.9530,1.52
1787726886.902,8482,21.2,48333,10.9425,1.52
1787726886.923,8483,21.1,48524,10.9213,1.52
1787726886.944,8484,21.1,48603,10.9357,1.52
1787726886.966,8485,21.2,48312,10.9410,1.52
1787726886.987,8486,21.2,48386,10.9467,1.52
1787726887.019,8487,31.4,32590,10.9432,1.52
1787726887.060,8488,41.5,24704,10.9293,1.52
1787726887.102,8489,41.8,24483,10.9530,1.52
1787726887.143,8490,40.6,25223,10.9665,1.52
1787726887.184,8491,41.4,24729,10.9536,1.52
1787726887.228,8492,42.9,23871,10.9473,1.52
1787726887.269,8493,41.4,24714,10.9162,1.52
1787726887.312,8494,42.5,24076,10.9100,1.52
1787726887.353,8495,40.8,25094,10.9290,1.52
1787726887.396,8496,42.6,24046,10.9092,1.52
1787726887.439,8497,42.9,23869,10.9344,1.52
1787726887.465,8498,26.2,39133,10.9398,1.52
1787726887.487,8499,21.2,48260,10.9551,1.52
1787726887.508,8500,21.2,48359,10.9421,1.52
1787726887.530,8501,21.2,48206,10.9190,1.52
1787726887.551,8502,21.2,48272,10.9368,1.52
1787726887.573,8503,21.2,48234,10.9249,1.52
1787726887.594,8504,21.3,48059,10.9199,1.52
1787726887.625,8505,30.4,33720,10.9482,1.52
1787726887.654,8506,28.7,35719,10.9399,1.52
1787726887.673,8507,19.4,52911,10.9567,1.52
1787726887.693,8508,19.2,53373,10.9182,1.52
1787726887.712,8509,19.4,52907,10.9241,1.52
1787726887.731,8510,19.1,53476,10.9583,1.52
1787726887.752,8511,19.9,51510,10.9499,1.52
1787726887.773,8512,21.2,48258,10.9388,1.52
1787726887.795,8513,22.0,46627,10.9639,1.52
1787726887.817,8514,21.6,47365,10.9365,1.52
1787726887.839,8515,21.6,47406,10.9372,1.52
1787726887.861,8516,21.3,48017,10.9454,1.52
1787726887.882,8517,21.5,47700,10.9217,1.52
1787726887.904,8518,21.4,47895,10.9352,1.52
1787726887.941,8519,36.8,27818,10.9160,1.52
1787726887.980,8520,38.7,26462,10.9601,1.52
1787726888.019,8521,38.9,26319,10.9478,1.52
1787726888.059,8522,39.2,26145,10.9350,1.52
1787726888.097,8523,37.6,27245,10.9306,1.52
1787726888.116,8524,19.1,53513,10.9604,1.52
1787726888.136,8525,19.8,51647,10.9435,1.52
1787726888.156,8526,19.8,51617,10.9181,1.52
1787726888.176,8527,19.8,51651,10.9242,1.52
1787726888.197,8528,20.0,51140,10.9312,1.52
1787726888.219,8529,21.6,47448,10.9376,1.52
1787726888.241,8530,21.7,47207,10.9170,1.52
1787726888.263,8531,22.0,46613,10.9252,1.52
1787726888.284,8532,21.0,48815,10.9336,1.52
1787726888.305,8533,21.1,48473,10.9459,1.52
1787726888.327,8534,21.0,48722,10.9291,1.52
1787726888.354,8535,27.3,37449,10.9736,1.52
1787726888.387,8536,32.8,31241,10.9606,1.52
1787726888.408,8537,20.0,51317,10.9198,1.52
1787726888.428,8538,20.4,50173,10.9235,1.52
1787726888.449,8539,19.9,51405,10.9361,1.52
1787726888.469,8540,20.3,50466,10.9216,1.52
1787726888.491,8541,21.2,48291,10.9325,1.52
1787726888.512,8542,21.0,48872,10.9087,1.52
1787726888.533,8543,21.3,48109,10.9521,1.52
1787726888.555,8544,21.2,48343,10.9308,1.52
1787726888.576,8545,21.1,48631,10.9208,1.52
1787726888.597,8546,21.1,48533,10.9434,1.52
1787726888.619,8547,21.1,48544,10.9530,1.52
1787726888.642,8548,23.4,43841,10.9460,1.52
1787726888.683,8549,40.3,25422,10.9540,1.52
1787726888.725,8550,41.9,24443,10.9554,1.52
1787726888.768,8551,42.3,24186,10.9318,1.52
1787726888.809,8552,41.4,24729,10.9407,1.52
1787726888.851,8553,41.7,24580,10.9406,1.52
1787726888.881,8554,30.1,34058,10.9376,1.52
1787726888.902,8555,19.8,51747,10.9626,1.52
1787726888.921,8556,19.5,52413,10.9357,1.52
1787726888.941,8557,19.5,52422,10.9163,1.52
1787726888.963,8558,21.2,48274,10.9397,1.52
1787726888.984,8559,21.2,48242,10.9347,1.52
1787726889.006,8560,21.5,47569,10.9299,1.52
1787726889.028,8561,21.6,47514,10.9533,1.52
1787726889.049,8562,21.5,47582,10.9339,1.52
1787726889.071,8563,21.6,47515,10.9200,1.52
1787726889.097,8564,25.2,40665,10.9226,1.52
1787726889.137,8565,39.9,25655,10.9196,1.52
1787726889.177,8566,40.7,25150,10.9529,1.52
1787726889.219,8567,41.2,24838,10.9214,1.52
1787726889.261,8568,41.8,24507,10.9471,1.52
1787726889.303,8569,41.9,24429,10.9153,1.52
1787726889.346,8570,43.2,23681,10.9284,1.52
1787726889.388,8571,41.3,24809,10.9294,1.52
1787726889.425,8572,37.1,27633,10.9125,1.52
1787726889.444,8573,19.2,53383,10.9332,1.52
1787726889.464,8574,19.5,52573,10.9336,1.52
1787726889.484,8575,19.7,52014,10.9052,1.52
1787726889.505,8576,20.6,49817,10.9177,1.52
1787726889.526,8577,21.4,47795,10.9245,1.52
1787726889.549,8578,21.8,47033,10.9554,1.52
1787726889.571,8579,22.0,46467,10.9278,1.52
1787726889.593,8580,21.6,47389,10.9536,1.52
1787726889.615,8581,21.7,47141,10.9465,1.52
1787726889.637,8582,21.5,47562,10.9520,1.52
1787726889.658,8583,21.5,47700,10.9643,1.52
1787726889.699,8584,40.1,25568,10.9187,1.52
1787726889.719,8585,19.9,51438,10.9303,1.52
1787726889.739,8586,19.3,53066,10.9320,1.52
1787726889.758,8587,19.3,53133,10.9279,1.52
1787726889.777,8588,19.2,53225,10.9235,1.52
1787726889.797,8589,19.2,53219,10.9641,1.52
1787726889.816,8590,19.3,53156,10.9381,1.52
1787726889.837,8591,20.1,50832,10.9319,1.52
1787726889.858,8592,20.9,48962,10.9213,1.52
1787726889.879,8593,21.1,48436,10.9268,1.52
1787726889.901,8594,21.3,48013,10.9495,1.52
1787726889.922,8595,21.4,47741,10.9420,1.52
1787726889.944,8596,21.2,48235,10.9521,1.52
1787726889.965,8597,21.2,48271,10.9136,1.52
1787726889.999,8598,33.8,30276,10.9427,1.52
1787726890.025,8599,25.7,39783,10.9561,1.52
1787726890.045,8600,19.7,51921,10.9139,1.52
1787726890.065,8601,19.4,52854,10.9304,1.52
1787726890.085,8602,19.4,52675,10.9525,1.52
1787726890.106,8603,21.5,47615,10.9365,1.52
1787726890.128,8604,21.3,48082,10.9335,1.52
1787726890.149,8605,21.4,47956,10.9199,1.52
1787726890.171,8606,21.3,48046,10.9322,1.52
1787726890.192,8607,21.2,48353,10.9321,1.52
1787726890.214,8608,21.4,47829,10.9178,1.52
1787726890.241,8609,26.9,38075,10.9564,1.52
1787726890.281,8610,39.8,25759,10.9310,1.52
1787726890.323,8611,41.9,24455,10.9183,1.52
1787726890.365,8612,41.6,24642,10.9439,1.52
1787726890.405,8613,40.3,25402,10.9402,1.52
1787726890.447,8614,41.5,24688,10.9365,1.52
1787726890.487,8615,40.5,25288,10.9377,1.52
1787726890.528,8616,40.7,25163,10.9186,1.52
1787726890.570,8617,41.7,24561,10.9483,1.52
1787726890.613,8618,42.6,24038,10.9718,1.52
1787726890.655,8619,41.8,24471,10.9383,1.52
1787726890.696,8620,41.4,24726,10.9259,1.52
1787726890.738,8621,41.6,24643,10.9398,1.52
1787726890.780,8622,42.1,24344,10.9577,1.52
1787726890.821,8623,40.3,25390,10.9293,1.52
1787726890.859,8624,38.7,26432,10.9412,1.52
1787726890.880,8625,20.8,49186,10.9450,1.52
1787726890.902,8626,21.1,48444,10.9580,1.52
1787726890.923,8627,21.2,48396,10.9498,1.52
1787726890.944,8628,21.1,48479,10.9269,1.52
1787726890.965,8629,20.8,49231,10.9265,1.52
1787726890.987,8630,21.1,48623,10.9535,1.52
1787726891.008,8631,21.2,48369,10.9262,1.52
1787726891.044,8632,35.7,28645,10.9364,1.52
1787726891.069,8633,24.8,41367,10.9336,1.52
1787726891.090,8634,20.9,49029,10.9292,1.52
1787726891.111,8635,21.2,48336,10.9337,1.52
1787726891.133,8636,21.1,48543,10.9368,1.52
1787726891.154,8637,21.1,48495,10.9249,1.52
1787726891.175,8638,20.9,48937,10.9266,1.52
1787726891.196,8639,21.2,48369,10.9535,1.52
1787726891.231,8640,34.6,29608,10.9195,1.52
1787726891.273,8641,41.8,24499,10.9437,1.52
1787726891.316,8642,42.2,24244,10.9566,1.52
1787726891.357,8643,41.7,24579,10.9546,1.52
1787726891.400,8644,42.2,24285,10.9273,1.52
1787726891.441,8645,41.6,24618,10.9113,1.52
1787726891.482,8646,40.9,25011,10.9241,1.52
1787726891.524,8647,41.7,24551,10.9205,1.52
1787726891.566,8648,41.9,24431,10.9260,1.52
1787726891.608,8649,41.8,24505,10.9659,1.52
1787726891.650,8650,41.8,24515,10.9455,1.52
1787726891.690,8651,40.1,25534,10.9317,1.52
1787726891.733,8652,42.3,24192,10.9170,1.52
1787726891.775,8653,41.8,24474,10.9552,1.52
1787726891.816,8654,41.2,24875,10.9332,1.52
1787726891.858,8655,41.7,24576,10.9354,1.52
1787726891.899,8656,40.6,25248,10.9410,1.52
1787726891.938,8657,38.8,26400,10.9382,1.52
1787726891.976,8658,38.0,26938,10.9377,1.52
1787726892.009,8659,32.8,31221,10.9380,1.52
1787726892.030,8660,21.1,48436,10.9126,1.52
1787726892.051,8661,21.1,48470,10.9256,1.52
1787726892.073,8662,21.2,48207,10.9550,1.52
1787726892.094,8663,21.2,48243,10.9674,1.52
1787726892.116,8664,21.2,48194,10.9364,1.52
1787726892.137,8665,21.0,48657,10.9186,1.52
1787726892.166,8666,29.0,35371,10.9559,1.52
1787726892.205,8667,39.3,26048,10.9530,1.52
1787726892.246,8668,40.2,25467,10.9368,1.52
1787726892.286,8669,40.0,25622,10.9354,1.52
1787726892.326,8670,39.8,25748,10.9206,1.52
1787726892.367,8671,40.7,25138,10.9199,1.52
1787726892.408,8672,41.7,24568,10.9379,1.52
1787726892.448,8673,39.5,25902,10.9115,1.52
1787726892.489,8674,40.5,25302,10.9165,1.52
1787726892.528,8675,39.5,25924,10.9045,1.52
1787726892.566,8676,37.8,27069,10.9435,1.52
1787726892.605,8677,38.6,26546,10.9588,1.52
1787726892.645,8678,39.6,25883,10.9245,1.52
1787726892.682,8679,37.1,27567,10.9403,1.52
1787726892.717,8680,34.8,29386,10.9229,1.52
1787726892.752,8681,35.2,29102,10.9585,1.52
1787726892.787,8682,34.8,29384,10.9392,1.52
1787726892.823,8683,35.6,28745,10.9515,1.52
1787726892.859,8684,35.7,28699,10.9081,1.52
1787726892.893,8685,33.9,30197,10.9310,1.52
1787726892.929,8686,35.4,28905,10.9433,1.52
1787726892.963,8687,34.2,29906,10.9474,1.52
1787726892.997,8688,34.0,30128,10.9310,1.52
1787726893.032,8689,35.4,28961,10.9227,1.52
1787726893.066,8690,33.2,30822,10.9687,1.52
1787726893.100,8691,34.0,30157,10.9284,1.52
1787726893.134,8692,34.4,29741,10.9168,1.52
1787726893.172,8693,37.5,27315,10.9298,1.52
1787726893.213,8694,40.9,25017,10.9338,1.52
1787726893.254,8695,41.0,24990,10.9502,1.52
1787726893.295,8696,41.0,24990,10.9334,1.52
1787726893.337,8697,41.8,24475,10.9329,1.52
1787726893.378,8698,40.6,25213,10.9367,1.52
1787726893.419,8699,41.2,24857,10.9450,1.52
1787726893.460,8700,41.0,24954,10.9345,1.52
1787726893.502,8701,41.3,24789,10.9422,1.52
1787726893.543,8702,40.9,25018,10.9409,1.52
1787726893.584,8703,41.2,24869,10.9508,1.52
1787726893.637,8704,52.8,19386,10.9343,1.52
1787726893.697,8705,59.9,17098,10.9363,1.52
1787726893.757,8706,59.2,17290,10.9308,1.52
1787726893.817,8707,59.9,17082,10.9496,1.52
1787726893.877,8708,60.0,17078,10.9149,1.52
1787726893.935,8709,58.2,17604,10.9475,1.52
1787726893.996,8710,60.4,16952,10.9372,1.52
1787726894.055,8711,59.6,17179,10.9246,1.52
1787726894.078,8712,22.1,46348,10.9176,1.52
1787726894.097,8713,18.9,54080,10.9600,1.52
1787726894.116,8714,19.0,54024,10.9430,1.52
